timestamp,balance,equity,open_trades
2026-05-01 00:00:00+00:00,10000.0,10000.0,0
2026-05-01 00:15:00+00:00,10000.0,10000.0,0
2026-05-01 00:30:00+00:00,10000.0,10000.0,0
2026-05-01 00:45:00+00:00,10000.0,10000.0,0
2026-05-01 01:00:00+00:00,10000.0,10000.0,0
2026-05-01 01:15:00+00:00,10000.0,10000.0,0
2026-05-01 01:30:00+00:00,10000.0,10000.0,0
2026-05-01 01:45:00+00:00,10000.0,10000.0,0
2026-05-01 02:00:00+00:00,10000.0,10000.0,0
2026-05-01 02:15:00+00:00,10000.0,10000.0,0
2026-05-01 02:30:00+00:00,10000.0,10000.0,0
2026-05-01 02:45:00+00:00,10000.0,10000.0,0
2026-05-01 03:00:00+00:00,10000.0,10000.0,0
2026-05-01 03:15:00+00:00,10000.0,10000.0,0
2026-05-01 03:30:00+00:00,10000.0,10000.0,0
2026-05-01 03:45:00+00:00,10000.0,10000.0,0
2026-05-01 04:00:00+00:00,10000.0,10000.0,0
2026-05-01 04:15:00+00:00,10000.0,10000.0,0
2026-05-01 04:30:00+00:00,10000.0,10000.0,0
2026-05-01 04:45:00+00:00,10000.0,10000.0,0
2026-05-01 05:00:00+00:00,10000.0,10000.0,0
2026-05-01 05:15:00+00:00,10000.0,10000.0,0
2026-05-01 05:30:00+00:00,10000.0,10000.0,0
2026-05-01 05:45:00+00:00,10000.0,10000.0,0
2026-05-01 06:00:00+00:00,10000.0,10000.0,0
2026-05-01 06:15:00+00:00,10000.0,10000.0,0
2026-05-01 06:30:00+00:00,10000.0,10000.0,0
2026-05-01 06:45:00+00:00,10000.0,10000.0,0
2026-05-01 07:00:00+00:00,10000.0,10000.0,1
2026-05-01 07:15:00+00:00,10000.0,9981.719917342236,1
2026-05-01 07:30:00+00:00,10000.0,9986.488634557303,1
2026-05-01 07:45:00+00:00,10000.0,10003.179144810047,1
2026-05-01 08:00:00+00:00,10000.0,10019.869655062788,2
2026-05-01 08:15:00+00:00,10012.213256999796,10025.752135119123,1
2026-05-01 08:30:00+00:00,10012.213256999796,10009.751642796282,1
2026-05-01 08:45:00+00:00,10012.213256999796,10019.598099610339,1
2026-05-01 09:00:00+00:00,10012.213256999796,10006.67462504189,1
2026-05-01 09:15:00+00:00,10012.213256999796,9990.674132719048,2
2026-05-01 09:30:00+00:00,10012.213256999796,9983.826939755158,4
2026-05-01 09:45:00+00:00,9941.933332272441,9923.895898311794,4
2026-05-01 10:00:00+00:00,9909.863220400532,9872.48901415963,5
2026-05-01 10:15:00+00:00,9909.863220400532,9940.243543366018,5
2026-05-01 10:30:00+00:00,9909.863220400532,9911.671531320913,5
2026-05-01 10:45:00+00:00,9909.863220400532,9961.149744644528,5
2026-05-01 11:00:00+00:00,9938.694499929858,9952.113809905353,3
2026-05-01 11:15:00+00:00,9946.392261044346,9938.869358243624,2
2026-05-01 11:30:00+00:00,9946.392261044346,9948.768215767062,3
2026-05-01 11:45:00+00:00,9946.392261044346,9962.27166584652,3
2026-05-01 12:00:00+00:00,9968.404300939283,9972.377401438092,1
2026-05-01 12:15:00+00:00,9978.077982791146,9978.077982791146,0
2026-05-01 12:30:00+00:00,9978.077982791146,9978.077982791146,0
2026-05-01 12:45:00+00:00,9978.077982791146,9978.077982791146,0
2026-05-01 13:00:00+00:00,9978.077982791146,9978.077982791146,0
2026-05-01 13:15:00+00:00,9978.077982791146,9978.077982791146,0
2026-05-01 13:30:00+00:00,9978.077982791146,9978.077982791146,0
2026-05-01 13:45:00+00:00,9978.077982791146,9978.077982791146,0
2026-05-01 14:00:00+00:00,9978.077982791146,9978.077982791146,0
2026-05-01 14:15:00+00:00,9978.077982791146,9978.077982791146,0
2026-05-01 14:30:00+00:00,9978.077982791146,9978.077982791146,0
2026-05-01 14:45:00+00:00,9978.077982791146,9978.077982791146,0
2026-05-01 15:00:00+00:00,9978.077982791146,9978.077982791146,0
2026-05-01 15:15:00+00:00,9978.077982791146,9978.077982791146,0
2026-05-01 15:30:00+00:00,9978.077982791146,9978.077982791146,0
2026-05-01 15:45:00+00:00,9978.077982791146,9978.077982791146,0
2026-05-01 16:00:00+00:00,9978.077982791146,9978.077982791146,0
2026-05-01 16:15:00+00:00,9978.077982791146,9978.077982791146,0
2026-05-01 16:30:00+00:00,9978.077982791146,9978.077982791146,0
2026-05-01 16:45:00+00:00,9978.077982791146,9978.077982791146,0
2026-05-01 17:00:00+00:00,9978.077982791146,9978.077982791146,0
2026-05-01 17:15:00+00:00,9978.077982791146,9978.077982791146,0
2026-05-01 17:30:00+00:00,9978.077982791146,9978.077982791146,0
2026-05-01 17:45:00+00:00,9978.077982791146,9978.077982791146,0
2026-05-01 18:00:00+00:00,9978.077982791146,9978.077982791146,0
2026-05-01 18:15:00+00:00,9978.077982791146,9978.077982791146,0
2026-05-01 18:30:00+00:00,9978.077982791146,9978.077982791146,0
2026-05-01 18:45:00+00:00,9978.077982791146,9978.077982791146,0
2026-05-01 19:00:00+00:00,9978.077982791146,9978.077982791146,0
2026-05-01 19:15:00+00:00,9978.077982791146,9978.077982791146,0
2026-05-01 19:30:00+00:00,9978.077982791146,9978.077982791146,0
2026-05-01 19:45:00+00:00,9978.077982791146,9978.077982791146,0
2026-05-01 20:00:00+00:00,9978.077982791146,9978.077982791146,0
2026-05-01 20:15:00+00:00,9978.077982791146,9978.077982791146,0
2026-05-01 20:30:00+00:00,9978.077982791146,9978.077982791146,0
2026-05-01 20:45:00+00:00,9978.077982791146,9978.077982791146,0
2026-05-01 21:00:00+00:00,9978.077982791146,9978.077982791146,0
2026-05-01 21:15:00+00:00,9978.077982791146,9978.077982791146,0
2026-05-01 21:30:00+00:00,9978.077982791146,9978.077982791146,0
2026-05-01 21:45:00+00:00,9978.077982791146,9978.077982791146,0
2026-05-01 22:00:00+00:00,9978.077982791146,9978.077982791146,0
2026-05-01 22:15:00+00:00,9978.077982791146,9978.077982791146,0
2026-05-01 22:30:00+00:00,9978.077982791146,9978.077982791146,0
2026-05-01 22:45:00+00:00,9978.077982791146,9978.077982791146,0
2026-05-01 23:00:00+00:00,9978.077982791146,9978.077982791146,0
2026-05-01 23:15:00+00:00,9978.077982791146,9978.077982791146,0
2026-05-01 23:30:00+00:00,9978.077982791146,9978.077982791146,0
2026-05-01 23:45:00+00:00,9978.077982791146,9978.077982791146,0
2026-05-02 00:00:00+00:00,9978.077982791146,9978.077982791146,0
2026-05-02 00:15:00+00:00,9978.077982791146,9978.077982791146,0
2026-05-02 00:30:00+00:00,9978.077982791146,9978.077982791146,0
2026-05-02 00:45:00+00:00,9978.077982791146,9978.077982791146,0
2026-05-02 01:00:00+00:00,9978.077982791146,9978.077982791146,0
2026-05-02 01:15:00+00:00,9978.077982791146,9978.077982791146,0
2026-05-02 01:30:00+00:00,9978.077982791146,9978.077982791146,0
2026-05-02 01:45:00+00:00,9978.077982791146,9978.077982791146,0
2026-05-02 02:00:00+00:00,9978.077982791146,9978.077982791146,0
2026-05-02 02:15:00+00:00,9978.077982791146,9978.077982791146,0
2026-05-02 02:30:00+00:00,9978.077982791146,9978.077982791146,0
2026-05-02 02:45:00+00:00,9978.077982791146,9978.077982791146,0
2026-05-02 03:00:00+00:00,9978.077982791146,9978.077982791146,0
2026-05-02 03:15:00+00:00,9978.077982791146,9978.077982791146,0
2026-05-02 03:30:00+00:00,9978.077982791146,9978.077982791146,0
2026-05-02 03:45:00+00:00,9978.077982791146,9978.077982791146,0
2026-05-02 04:00:00+00:00,9978.077982791146,9978.077982791146,0
2026-05-02 04:15:00+00:00,9978.077982791146,9978.077982791146,0
2026-05-02 04:30:00+00:00,9978.077982791146,9978.077982791146,0
2026-05-02 04:45:00+00:00,9978.077982791146,9978.077982791146,0
2026-05-02 05:00:00+00:00,9978.077982791146,9978.077982791146,0
2026-05-02 05:15:00+00:00,9978.077982791146,9978.077982791146,0
2026-05-02 05:30:00+00:00,9978.077982791146,9978.077982791146,0
2026-05-02 05:45:00+00:00,9978.077982791146,9978.077982791146,0
2026-05-02 06:00:00+00:00,9978.077982791146,9978.077982791146,0
2026-05-02 06:15:00+00:00,9978.077982791146,9978.077982791146,0
2026-05-02 06:30:00+00:00,9978.077982791146,9978.077982791146,0
2026-05-02 06:45:00+00:00,9978.077982791146,9978.077982791146,0
2026-05-02 07:00:00+00:00,9978.077982791146,9978.077982791146,0
2026-05-02 07:15:00+00:00,9978.077982791146,9978.077982791146,0
2026-05-02 07:30:00+00:00,9978.077982791146,9978.077982791146,0
2026-05-02 07:45:00+00:00,9978.077982791146,9978.077982791146,0
2026-05-02 08:00:00+00:00,9978.077982791146,9978.077982791146,0
2026-05-02 08:15:00+00:00,9978.077982791146,9978.077982791146,0
2026-05-02 08:30:00+00:00,9978.077982791146,9978.077982791146,0
2026-05-02 08:45:00+00:00,9978.077982791146,9978.077982791146,0
2026-05-02 09:00:00+00:00,9978.077982791146,9978.077982791146,0
2026-05-02 09:15:00+00:00,9978.077982791146,9978.077982791146,0
2026-05-02 09:30:00+00:00,9978.077982791146,9978.077982791146,0
2026-05-02 09:45:00+00:00,9978.077982791146,9978.077982791146,0
2026-05-02 10:00:00+00:00,9978.077982791146,9978.077982791146,0
2026-05-02 10:15:00+00:00,9978.077982791146,9978.077982791146,2
2026-05-02 10:30:00+00:00,9978.077982791146,9978.087614060985,2
2026-05-02 10:45:00+00:00,9978.077982791146,9978.874174014618,2
2026-05-02 11:00:00+00:00,9978.077982791146,9966.957528633204,2
2026-05-02 11:15:00+00:00,9977.85582228226,9976.873999426387,1
2026-05-02 11:30:00+00:00,9977.85582228226,9972.19590228959,1
2026-05-02 11:45:00+00:00,9951.095295836232,9951.095295836232,1
2026-05-02 12:00:00+00:00,9951.095295836232,9951.873803037284,1
2026-05-02 12:15:00+00:00,9951.095295836232,9959.399372647445,1
2026-05-02 12:30:00+00:00,9951.095295836232,9958.246028645888,1
2026-05-02 12:45:00+00:00,9951.095295836232,9955.189667041761,1
2026-05-02 13:00:00+00:00,9952.599630409328,9952.599630409328,0
2026-05-02 13:15:00+00:00,9952.599630409328,9952.599630409328,0
2026-05-02 13:30:00+00:00,9952.599630409328,9952.599630409328,0
2026-05-02 13:45:00+00:00,9952.599630409328,9952.599630409328,0
2026-05-02 14:00:00+00:00,9952.599630409328,9952.599630409328,0
2026-05-02 14:15:00+00:00,9952.599630409328,9952.599630409328,0
2026-05-02 14:30:00+00:00,9952.599630409328,9952.599630409328,0
2026-05-02 14:45:00+00:00,9952.599630409328,9952.599630409328,0
2026-05-02 15:00:00+00:00,9952.599630409328,9952.599630409328,0
2026-05-02 15:15:00+00:00,9952.599630409328,9952.599630409328,0
2026-05-02 15:30:00+00:00,9952.599630409328,9952.599630409328,0
2026-05-02 15:45:00+00:00,9952.599630409328,9952.599630409328,0
2026-05-02 16:00:00+00:00,9952.599630409328,9952.599630409328,0
2026-05-02 16:15:00+00:00,9952.599630409328,9952.599630409328,0
2026-05-02 16:30:00+00:00,9952.599630409328,9952.599630409328,0
2026-05-02 16:45:00+00:00,9952.599630409328,9952.599630409328,0
2026-05-02 17:00:00+00:00,9952.599630409328,9952.599630409328,0
2026-05-02 17:15:00+00:00,9952.599630409328,9952.599630409328,0
2026-05-02 17:30:00+00:00,9952.599630409328,9952.599630409328,0
2026-05-02 17:45:00+00:00,9952.599630409328,9952.599630409328,0
2026-05-02 18:00:00+00:00,9952.599630409328,9952.599630409328,0
2026-05-02 18:15:00+00:00,9952.599630409328,9952.599630409328,0
2026-05-02 18:30:00+00:00,9952.599630409328,9952.599630409328,0
2026-05-02 18:45:00+00:00,9952.599630409328,9952.599630409328,0
2026-05-02 19:00:00+00:00,9952.599630409328,9952.599630409328,0
2026-05-02 19:15:00+00:00,9952.599630409328,9952.599630409328,0
2026-05-02 19:30:00+00:00,9952.599630409328,9952.599630409328,0
2026-05-02 19:45:00+00:00,9952.599630409328,9952.599630409328,0
2026-05-02 20:00:00+00:00,9952.599630409328,9952.599630409328,1
2026-05-02 20:15:00+00:00,9952.599630409328,9964.228286620488,2
2026-05-02 20:30:00+00:00,9952.599630409328,9964.228286620488,2
2026-05-02 20:45:00+00:00,9952.599630409328,9975.339783833542,2
2026-05-02 21:00:00+00:00,9961.393910143395,9962.182672200013,2
2026-05-02 21:15:00+00:00,9960.207267524047,9963.27495473461,1
2026-05-02 21:30:00+00:00,9968.86371941044,9968.86371941044,0
2026-05-02 21:45:00+00:00,9968.86371941044,9968.86371941044,0
2026-05-02 22:00:00+00:00,9968.86371941044,9968.86371941044,0
2026-05-02 22:15:00+00:00,9968.86371941044,9968.86371941044,0
2026-05-02 22:30:00+00:00,9968.86371941044,9968.86371941044,1
2026-05-02 22:45:00+00:00,9979.215386087211,9979.215386087211,0
2026-05-02 23:00:00+00:00,9979.215386087211,9979.215386087211,0
2026-05-02 23:15:00+00:00,9979.215386087211,9979.215386087211,0
2026-05-02 23:30:00+00:00,9979.215386087211,9979.215386087211,0
2026-05-02 23:45:00+00:00,9979.215386087211,9979.215386087211,0
2026-05-03 00:00:00+00:00,9979.215386087211,9979.215386087211,0
2026-05-03 00:15:00+00:00,9979.215386087211,9979.215386087211,0
2026-05-03 00:30:00+00:00,9979.215386087211,9979.215386087211,0
2026-05-03 00:45:00+00:00,9979.215386087211,9979.215386087211,0
2026-05-03 01:00:00+00:00,9979.215386087211,9979.215386087211,0
2026-05-03 01:15:00+00:00,9979.215386087211,9979.215386087211,0
2026-05-03 01:30:00+00:00,9979.215386087211,9979.215386087211,0
2026-05-03 01:45:00+00:00,9979.215386087211,9979.215386087211,0
2026-05-03 02:00:00+00:00,9979.215386087211,9979.215386087211,0
2026-05-03 02:15:00+00:00,9979.215386087211,9979.215386087211,0
2026-05-03 02:30:00+00:00,9979.215386087211,9979.215386087211,0
2026-05-03 02:45:00+00:00,9979.215386087211,9979.215386087211,0
2026-05-03 03:00:00+00:00,9979.215386087211,9979.215386087211,0
2026-05-03 03:15:00+00:00,9979.215386087211,9979.215386087211,0
2026-05-03 03:30:00+00:00,9979.215386087211,9979.215386087211,0
2026-05-03 03:45:00+00:00,9979.215386087211,9979.215386087211,0
2026-05-03 04:00:00+00:00,9979.215386087211,9979.215386087211,0
2026-05-03 04:15:00+00:00,9979.215386087211,9979.215386087211,0
2026-05-03 04:30:00+00:00,9979.215386087211,9979.215386087211,0
2026-05-03 04:45:00+00:00,9979.215386087211,9979.215386087211,0
2026-05-03 05:00:00+00:00,9979.215386087211,9979.215386087211,0
2026-05-03 05:15:00+00:00,9979.215386087211,9979.215386087211,0
2026-05-03 05:30:00+00:00,9979.215386087211,9979.215386087211,0
2026-05-03 05:45:00+00:00,9979.215386087211,9979.215386087211,0
2026-05-03 06:00:00+00:00,9979.215386087211,9979.215386087211,0
2026-05-03 06:15:00+00:00,9979.215386087211,9979.215386087211,0
2026-05-03 06:30:00+00:00,9979.215386087211,9979.215386087211,0
2026-05-03 06:45:00+00:00,9979.215386087211,9979.215386087211,0
2026-05-03 07:00:00+00:00,9979.215386087211,9979.215386087211,0
2026-05-03 07:15:00+00:00,9979.215386087211,9979.215386087211,0
2026-05-03 07:30:00+00:00,9979.215386087211,9979.215386087211,0
2026-05-03 07:45:00+00:00,9979.215386087211,9979.215386087211,1
2026-05-03 08:00:00+00:00,9979.215386087211,9988.46739367676,1
2026-05-03 08:15:00+00:00,9979.215386087211,9982.29938861706,1
2026-05-03 08:30:00+00:00,9979.215386087211,9989.084194182731,1
2026-05-03 08:45:00+00:00,9979.215386087211,9984.76659064094,1
2026-05-03 09:00:00+00:00,9979.215386087211,9989.084194182731,1
2026-05-03 09:15:00+00:00,9979.215386087211,9989.7009946887,1
2026-05-03 09:30:00+00:00,9987.237924778827,9987.237924778827,0
2026-05-03 09:45:00+00:00,9987.237924778827,9987.237924778827,0
2026-05-03 10:00:00+00:00,9987.237924778827,9987.237924778827,0
2026-05-03 10:15:00+00:00,9987.237924778827,9987.237924778827,0
2026-05-03 10:30:00+00:00,9987.237924778827,9987.237924778827,0
2026-05-03 10:45:00+00:00,9987.237924778827,9987.237924778827,2
2026-05-03 11:00:00+00:00,9987.237924778827,9996.691896767692,2
2026-05-03 11:15:00+00:00,9987.237924778827,9999.257188530059,2
2026-05-03 11:30:00+00:00,9994.284050106955,9994.284050106955,0
2026-05-03 11:45:00+00:00,9994.284050106955,9994.284050106955,0
2026-05-03 12:00:00+00:00,9994.284050106955,9994.284050106955,0
2026-05-03 12:15:00+00:00,9994.284050106955,9994.284050106955,0
2026-05-03 12:30:00+00:00,9994.284050106955,9994.284050106955,0
2026-05-03 12:45:00+00:00,9994.284050106955,9994.284050106955,0
2026-05-03 13:00:00+00:00,9994.284050106955,9994.284050106955,0
2026-05-03 13:15:00+00:00,9994.284050106955,9994.284050106955,0
2026-05-03 13:30:00+00:00,9994.284050106955,9994.284050106955,0
2026-05-03 13:45:00+00:00,9994.284050106955,9994.284050106955,0
2026-05-03 14:00:00+00:00,9994.284050106955,9994.284050106955,0
2026-05-03 14:15:00+00:00,9994.284050106955,9994.284050106955,0
2026-05-03 14:30:00+00:00,9994.284050106955,9994.284050106955,0
2026-05-03 14:45:00+00:00,9994.284050106955,9994.284050106955,0
2026-05-03 15:00:00+00:00,9994.284050106955,9994.284050106955,0
2026-05-03 15:15:00+00:00,9994.284050106955,9994.284050106955,0
2026-05-03 15:30:00+00:00,9994.284050106955,9994.284050106955,0
2026-05-03 15:45:00+00:00,9994.284050106955,9994.284050106955,0
2026-05-03 16:00:00+00:00,9994.284050106955,9994.284050106955,0
2026-05-03 16:15:00+00:00,9994.284050106955,9994.284050106955,0
2026-05-03 16:30:00+00:00,9994.284050106955,9994.284050106955,0
2026-05-03 16:45:00+00:00,9994.284050106955,9994.284050106955,0
2026-05-03 17:00:00+00:00,9994.284050106955,9994.284050106955,0
2026-05-03 17:15:00+00:00,9994.284050106955,9994.284050106955,0
2026-05-03 17:30:00+00:00,9994.284050106955,9994.284050106955,0
2026-05-03 17:45:00+00:00,9994.284050106955,9994.284050106955,0
2026-05-03 18:00:00+00:00,9994.284050106955,9994.284050106955,0
2026-05-03 18:15:00+00:00,9994.284050106955,9994.284050106955,0
2026-05-03 18:30:00+00:00,9994.284050106955,9994.284050106955,0
2026-05-03 18:45:00+00:00,9994.284050106955,9994.284050106955,0
2026-05-03 19:00:00+00:00,9994.284050106955,9994.284050106955,0
2026-05-03 19:15:00+00:00,9994.284050106955,9994.284050106955,0
2026-05-03 19:30:00+00:00,9994.284050106955,9994.284050106955,0
2026-05-03 19:45:00+00:00,9994.284050106955,9994.284050106955,0
2026-05-03 20:00:00+00:00,9994.284050106955,9994.284050106955,0
2026-05-03 20:15:00+00:00,9994.284050106955,9994.284050106955,0
2026-05-03 20:30:00+00:00,9994.284050106955,9994.284050106955,0
2026-05-03 20:45:00+00:00,9994.284050106955,9994.284050106955,0
2026-05-03 21:00:00+00:00,9994.284050106955,9994.284050106955,0
2026-05-03 21:15:00+00:00,9994.284050106955,9994.284050106955,0
2026-05-03 21:30:00+00:00,9994.284050106955,9994.284050106955,0
2026-05-03 21:45:00+00:00,9994.284050106955,9994.284050106955,0
2026-05-03 22:00:00+00:00,9994.284050106955,9994.284050106955,0
2026-05-03 22:15:00+00:00,9994.284050106955,9994.284050106955,0
2026-05-03 22:30:00+00:00,9994.284050106955,9994.284050106955,0
2026-05-03 22:45:00+00:00,9994.284050106955,9994.284050106955,0
2026-05-03 23:00:00+00:00,9994.284050106955,9994.284050106955,0
2026-05-03 23:15:00+00:00,9994.284050106955,9994.284050106955,0
2026-05-03 23:30:00+00:00,9994.284050106955,9994.284050106955,0
2026-05-03 23:45:00+00:00,9994.284050106955,9994.284050106955,0
2026-05-04 00:00:00+00:00,9994.284050106955,9994.284050106955,0
2026-05-04 00:15:00+00:00,9994.284050106955,9994.284050106955,0
2026-05-04 00:30:00+00:00,9994.284050106955,9994.284050106955,0
2026-05-04 00:45:00+00:00,9994.284050106955,9994.284050106955,0
2026-05-04 01:00:00+00:00,9994.284050106955,9994.284050106955,0
2026-05-04 01:15:00+00:00,9994.284050106955,9994.284050106955,0
2026-05-04 01:30:00+00:00,9994.284050106955,9994.284050106955,0
2026-05-04 01:45:00+00:00,9994.284050106955,9994.284050106955,0
2026-05-04 02:00:00+00:00,9994.284050106955,9994.284050106955,0
2026-05-04 02:15:00+00:00,9994.284050106955,9994.284050106955,0
2026-05-04 02:30:00+00:00,9994.284050106955,9994.284050106955,0
2026-05-04 02:45:00+00:00,9994.284050106955,9994.284050106955,0
2026-05-04 03:00:00+00:00,9994.284050106955,9994.284050106955,0
2026-05-04 03:15:00+00:00,9994.284050106955,9994.284050106955,0
2026-05-04 03:30:00+00:00,9994.284050106955,9994.284050106955,0
2026-05-04 03:45:00+00:00,9994.284050106955,9994.284050106955,0
2026-05-04 04:00:00+00:00,9994.284050106955,9994.284050106955,0
2026-05-04 04:15:00+00:00,9994.284050106955,9994.284050106955,0
2026-05-04 04:30:00+00:00,9994.284050106955,9994.284050106955,0
2026-05-04 04:45:00+00:00,9994.284050106955,9994.284050106955,0
2026-05-04 05:00:00+00:00,9994.284050106955,9994.284050106955,0
2026-05-04 05:15:00+00:00,9994.284050106955,9994.284050106955,0
2026-05-04 05:30:00+00:00,9994.284050106955,9994.284050106955,0
2026-05-04 05:45:00+00:00,9994.284050106955,9994.284050106955,0
2026-05-04 06:00:00+00:00,9994.284050106955,9994.284050106955,0
2026-05-04 06:15:00+00:00,9994.284050106955,9994.284050106955,0
2026-05-04 06:30:00+00:00,9994.284050106955,9994.284050106955,0
2026-05-04 06:45:00+00:00,9994.284050106955,9994.284050106955,0
2026-05-04 07:00:00+00:00,9994.284050106955,9994.284050106955,0
2026-05-04 07:15:00+00:00,9994.284050106955,9994.284050106955,0
2026-05-04 07:30:00+00:00,9994.284050106955,9994.284050106955,0
2026-05-04 07:45:00+00:00,9994.284050106955,9994.284050106955,0
2026-05-04 08:00:00+00:00,9994.284050106955,9994.284050106955,0
2026-05-04 08:15:00+00:00,9994.284050106955,9994.284050106955,0
2026-05-04 08:30:00+00:00,9994.284050106955,9994.284050106955,0
2026-05-04 08:45:00+00:00,9994.284050106955,9994.284050106955,0
2026-05-04 09:00:00+00:00,9994.284050106955,9994.284050106955,0
2026-05-04 09:15:00+00:00,9994.284050106955,9994.284050106955,0
2026-05-04 09:30:00+00:00,9994.284050106955,9994.284050106955,0
2026-05-04 09:45:00+00:00,9994.284050106955,9994.284050106955,0
2026-05-04 10:00:00+00:00,9994.284050106955,9994.284050106955,0
2026-05-04 10:15:00+00:00,9994.284050106955,9994.284050106955,0
2026-05-04 10:30:00+00:00,9994.284050106955,9994.284050106955,0
2026-05-04 10:45:00+00:00,9994.284050106955,9994.284050106955,0
2026-05-04 11:00:00+00:00,9994.284050106955,9994.284050106955,0
2026-05-04 11:15:00+00:00,9994.284050106955,9994.284050106955,0
2026-05-04 11:30:00+00:00,9994.284050106955,9994.284050106955,0
2026-05-04 11:45:00+00:00,9994.284050106955,9994.284050106955,0
2026-05-04 12:00:00+00:00,9994.284050106955,9994.284050106955,0
2026-05-04 12:15:00+00:00,9994.284050106955,9994.284050106955,0
2026-05-04 12:30:00+00:00,9994.284050106955,9994.284050106955,0
2026-05-04 12:45:00+00:00,9994.284050106955,9994.284050106955,0
2026-05-04 13:00:00+00:00,9994.284050106955,9994.284050106955,0
2026-05-04 13:15:00+00:00,9994.284050106955,9994.284050106955,0
2026-05-04 13:30:00+00:00,9994.284050106955,9994.284050106955,0
2026-05-04 13:45:00+00:00,9994.284050106955,9994.284050106955,0
2026-05-04 14:00:00+00:00,9994.284050106955,9994.284050106955,0
2026-05-04 14:15:00+00:00,9994.284050106955,9994.284050106955,0
2026-05-04 14:30:00+00:00,9994.284050106955,9994.284050106955,0
2026-05-04 14:45:00+00:00,9994.284050106955,9994.284050106955,0
2026-05-04 15:00:00+00:00,9994.284050106955,9994.284050106955,0
2026-05-04 15:15:00+00:00,9994.284050106955,9994.284050106955,0
2026-05-04 15:30:00+00:00,9994.284050106955,9994.284050106955,0
2026-05-04 15:45:00+00:00,9994.284050106955,9994.284050106955,0
2026-05-04 16:00:00+00:00,9994.284050106955,9994.284050106955,0
2026-05-04 16:15:00+00:00,9994.284050106955,9994.284050106955,0
2026-05-04 16:30:00+00:00,9994.284050106955,9994.284050106955,0
2026-05-04 16:45:00+00:00,9994.284050106955,9994.284050106955,0
2026-05-04 17:00:00+00:00,9994.284050106955,9994.284050106955,0
2026-05-04 17:15:00+00:00,9994.284050106955,9994.284050106955,0
2026-05-04 17:30:00+00:00,9994.284050106955,9994.284050106955,0
2026-05-04 17:45:00+00:00,9994.284050106955,9994.284050106955,0
2026-05-04 18:00:00+00:00,9994.284050106955,9994.284050106955,0
2026-05-04 18:15:00+00:00,9994.284050106955,9994.284050106955,0
2026-05-04 18:30:00+00:00,9994.284050106955,9994.284050106955,0
2026-05-04 18:45:00+00:00,9994.284050106955,9994.284050106955,0
2026-05-04 19:00:00+00:00,9994.284050106955,9994.284050106955,0
2026-05-04 19:15:00+00:00,9994.284050106955,9994.284050106955,0
2026-05-04 19:30:00+00:00,9994.284050106955,9994.284050106955,0
2026-05-04 19:45:00+00:00,9994.284050106955,9994.284050106955,0
2026-05-04 20:00:00+00:00,9994.284050106955,9994.284050106955,0
2026-05-04 20:15:00+00:00,9994.284050106955,9994.284050106955,0
2026-05-04 20:30:00+00:00,9994.284050106955,9994.284050106955,0
2026-05-04 20:45:00+00:00,9994.284050106955,9994.284050106955,0
2026-05-04 21:00:00+00:00,9994.284050106955,9994.284050106955,0
2026-05-04 21:15:00+00:00,9994.284050106955,9994.284050106955,0
2026-05-04 21:30:00+00:00,9994.284050106955,9994.284050106955,0
2026-05-04 21:45:00+00:00,9994.284050106955,9994.284050106955,0
2026-05-04 22:00:00+00:00,9994.284050106955,9994.284050106955,0
2026-05-04 22:15:00+00:00,9994.284050106955,9994.284050106955,0
2026-05-04 22:30:00+00:00,9994.284050106955,9994.284050106955,0
2026-05-04 22:45:00+00:00,9994.284050106955,9994.284050106955,0
2026-05-04 23:00:00+00:00,9994.284050106955,9994.284050106955,0
2026-05-04 23:15:00+00:00,9994.284050106955,9994.284050106955,0
2026-05-04 23:30:00+00:00,9994.284050106955,9994.284050106955,0
2026-05-04 23:45:00+00:00,9994.284050106955,9994.284050106955,0
2026-05-05 00:00:00+00:00,9994.284050106955,9994.284050106955,0
2026-05-05 00:15:00+00:00,9994.284050106955,9994.284050106955,0
2026-05-05 00:30:00+00:00,9994.284050106955,9994.284050106955,0
2026-05-05 00:45:00+00:00,9994.284050106955,9994.284050106955,0
2026-05-05 01:00:00+00:00,9994.284050106955,9994.284050106955,0
2026-05-05 01:15:00+00:00,9994.284050106955,9994.284050106955,0
2026-05-05 01:30:00+00:00,9994.284050106955,9994.284050106955,0
2026-05-05 01:45:00+00:00,9994.284050106955,9994.284050106955,0
2026-05-05 02:00:00+00:00,9994.284050106955,9994.284050106955,0
2026-05-05 02:15:00+00:00,9994.284050106955,9994.284050106955,0
2026-05-05 02:30:00+00:00,9994.284050106955,9994.284050106955,0
2026-05-05 02:45:00+00:00,9994.284050106955,9994.284050106955,0
2026-05-05 03:00:00+00:00,9994.284050106955,9994.284050106955,0
2026-05-05 03:15:00+00:00,9994.284050106955,9994.284050106955,0
2026-05-05 03:30:00+00:00,9994.284050106955,9994.284050106955,0
2026-05-05 03:45:00+00:00,9994.284050106955,9994.284050106955,0
2026-05-05 04:00:00+00:00,9994.284050106955,9994.284050106955,0
2026-05-05 04:15:00+00:00,9994.284050106955,9994.284050106955,0
2026-05-05 04:30:00+00:00,9994.284050106955,9994.284050106955,0
2026-05-05 04:45:00+00:00,9994.284050106955,9994.284050106955,0
2026-05-05 05:00:00+00:00,9994.284050106955,9994.284050106955,0
2026-05-05 05:15:00+00:00,9994.284050106955,9994.284050106955,0
2026-05-05 05:30:00+00:00,9994.284050106955,9994.284050106955,0
2026-05-05 05:45:00+00:00,9994.284050106955,9994.284050106955,0
2026-05-05 06:00:00+00:00,9994.284050106955,9994.284050106955,0
2026-05-05 06:15:00+00:00,9994.284050106955,9994.284050106955,0
2026-05-05 06:30:00+00:00,9994.284050106955,9994.284050106955,0
2026-05-05 06:45:00+00:00,9994.284050106955,9994.284050106955,0
2026-05-05 07:00:00+00:00,9994.284050106955,9994.284050106955,1
2026-05-05 07:15:00+00:00,9994.284050106955,10002.34701654829,1
2026-05-05 07:30:00+00:00,9994.284050106955,10004.244185122721,1
2026-05-05 07:45:00+00:00,9994.284050106955,10001.872724404682,1
2026-05-05 08:00:00+00:00,9994.284050106955,10007.564230127977,1
2026-05-05 08:15:00+00:00,9994.284050106955,10009.46139870241,1
2026-05-05 08:30:00+00:00,9994.284050106955,10001.872724404682,3
2026-05-05 08:45:00+00:00,9994.284050106955,10025.213141001832,4
2026-05-05 09:00:00+00:00,9994.284050106955,9967.608400561125,4
2026-05-05 09:15:00+00:00,9994.284050106955,9956.428129813057,5
2026-05-05 09:30:00+00:00,9911.792483520294,9880.373321510862,5
2026-05-05 09:45:00+00:00,9911.792483520294,9902.506261443743,5
2026-05-05 10:00:00+00:00,9911.792483520294,9921.545273162226,5
2026-05-05 10:15:00+00:00,9911.792483520294,9948.354787129425,5
2026-05-05 10:30:00+00:00,9928.462630238138,9961.44329365212,3
2026-05-05 10:45:00+00:00,9928.462630238138,9969.143904842356,3
2026-05-05 11:00:00+00:00,9935.101736970244,9952.583006276041,2
2026-05-05 11:15:00+00:00,9935.101736970244,9942.957827135928,2
2026-05-05 11:30:00+00:00,9935.101736970244,9960.16042390582,2
2026-05-05 11:45:00+00:00,9935.101736970244,9966.939850184284,2
2026-05-05 12:00:00+00:00,9946.026231029982,9960.729287481829,1
2026-05-05 12:15:00+00:00,9946.026231029982,9967.843669635948,1
2026-05-05 12:30:00+00:00,9963.954882725413,9963.954882725413,0
2026-05-05 12:45:00+00:00,9963.954882725413,9963.954882725413,0
2026-05-05 13:00:00+00:00,9963.954882725413,9963.954882725413,0
2026-05-05 13:15:00+00:00,9963.954882725413,9963.954882725413,0
2026-05-05 13:30:00+00:00,9963.954882725413,9963.954882725413,0
2026-05-05 13:45:00+00:00,9963.954882725413,9963.954882725413,0
2026-05-05 14:00:00+00:00,9963.954882725413,9963.954882725413,0
2026-05-05 14:15:00+00:00,9963.954882725413,9963.954882725413,0
2026-05-05 14:30:00+00:00,9963.954882725413,9963.954882725413,0
2026-05-05 14:45:00+00:00,9963.954882725413,9963.954882725413,0
2026-05-05 15:00:00+00:00,9963.954882725413,9963.954882725413,0
2026-05-05 15:15:00+00:00,9963.954882725413,9963.954882725413,0
2026-05-05 15:30:00+00:00,9963.954882725413,9963.954882725413,0
2026-05-05 15:45:00+00:00,9963.954882725413,9963.954882725413,0
2026-05-05 16:00:00+00:00,9963.954882725413,9963.954882725413,0
2026-05-05 16:15:00+00:00,9963.954882725413,9963.954882725413,0
2026-05-05 16:30:00+00:00,9963.954882725413,9963.954882725413,0
2026-05-05 16:45:00+00:00,9963.954882725413,9963.954882725413,0
2026-05-05 17:00:00+00:00,9963.954882725413,9963.954882725413,0
2026-05-05 17:15:00+00:00,9963.954882725413,9963.954882725413,0
2026-05-05 17:30:00+00:00,9963.954882725413,9963.954882725413,0
2026-05-05 17:45:00+00:00,9963.954882725413,9963.954882725413,0
2026-05-05 18:00:00+00:00,9963.954882725413,9963.954882725413,0
2026-05-05 18:15:00+00:00,9963.954882725413,9963.954882725413,0
2026-05-05 18:30:00+00:00,9963.954882725413,9963.954882725413,0
2026-05-05 18:45:00+00:00,9963.954882725413,9963.954882725413,0
2026-05-05 19:00:00+00:00,9963.954882725413,9963.954882725413,0
2026-05-05 19:15:00+00:00,9963.954882725413,9963.954882725413,0
2026-05-05 19:30:00+00:00,9963.954882725413,9963.954882725413,0
2026-05-05 19:45:00+00:00,9963.954882725413,9963.954882725413,0
2026-05-05 20:00:00+00:00,9963.954882725413,9963.954882725413,0
2026-05-05 20:15:00+00:00,9963.954882725413,9963.954882725413,0
2026-05-05 20:30:00+00:00,9963.954882725413,9963.954882725413,0
2026-05-05 20:45:00+00:00,9963.954882725413,9963.954882725413,0
2026-05-05 21:00:00+00:00,9963.954882725413,9963.954882725413,1
2026-05-05 21:15:00+00:00,9963.954882725413,9958.11417527049,1
2026-05-05 21:30:00+00:00,9963.954882725413,9976.220368380751,1
2026-05-05 21:45:00+00:00,9990.625654530399,9990.625654530399,0
2026-05-05 22:00:00+00:00,9990.625654530399,9990.625654530399,0
2026-05-05 22:15:00+00:00,9990.625654530399,9990.625654530399,0
2026-05-05 22:30:00+00:00,9990.625654530399,9990.625654530399,0
2026-05-05 22:45:00+00:00,9990.625654530399,9990.625654530399,0
2026-05-05 23:00:00+00:00,9990.625654530399,9990.625654530399,0
2026-05-05 23:15:00+00:00,9990.625654530399,9990.625654530399,0
2026-05-05 23:30:00+00:00,9990.625654530399,9990.625654530399,1
2026-05-05 23:45:00+00:00,9990.625654530399,9994.401133650654,1
2026-05-06 00:00:00+00:00,9990.625654530399,9996.760808100813,1
2026-05-06 00:15:00+00:00,9990.625654530399,9979.299217169633,1
2026-05-06 00:30:00+00:00,9990.625654530399,9977.411477609505,1
2026-05-06 00:45:00+00:00,9990.625654530399,9986.378240520113,1
2026-05-06 01:00:00+00:00,9990.625654530399,9997.704677880878,1
2026-05-06 01:15:00+00:00,9990.625654530399,10014.694333922027,1
2026-05-06 01:30:00+00:00,9990.625654530399,10010.91885480177,1
2026-05-06 01:45:00+00:00,9990.625654530399,10019.413682822345,1
2026-05-06 02:00:00+00:00,9990.625654530399,10010.91885480177,1
2026-05-06 02:15:00+00:00,9990.625654530399,9992.985328980558,1
2026-05-06 02:30:00+00:00,9990.625654530399,9993.45726387059,1
2026-05-06 02:45:00+00:00,9990.625654530399,10011.390789691803,1
2026-05-06 03:00:00+00:00,10016.502461568636,10016.502461568636,0
2026-05-06 03:15:00+00:00,10016.502461568636,10016.502461568636,0
2026-05-06 03:30:00+00:00,10016.502461568636,10016.502461568636,0
2026-05-06 03:45:00+00:00,10016.502461568636,10016.502461568636,0
2026-05-06 04:00:00+00:00,10016.502461568636,10016.502461568636,0
2026-05-06 04:15:00+00:00,10016.502461568636,10016.502461568636,0
2026-05-06 04:30:00+00:00,10016.502461568636,10016.502461568636,0
2026-05-06 04:45:00+00:00,10016.502461568636,10016.502461568636,0
2026-05-06 05:00:00+00:00,10016.502461568636,10016.502461568636,0
2026-05-06 05:15:00+00:00,10016.502461568636,10016.502461568636,0
2026-05-06 05:30:00+00:00,10016.502461568636,10016.502461568636,0
2026-05-06 05:45:00+00:00,10016.502461568636,10016.502461568636,0
2026-05-06 06:00:00+00:00,10016.502461568636,10016.502461568636,0
2026-05-06 06:15:00+00:00,10016.502461568636,10016.502461568636,0
2026-05-06 06:30:00+00:00,10016.502461568636,10016.502461568636,0
2026-05-06 06:45:00+00:00,10016.502461568636,10016.502461568636,0
2026-05-06 07:00:00+00:00,10016.502461568636,10016.502461568636,0
2026-05-06 07:15:00+00:00,10016.502461568636,10016.502461568636,0
2026-05-06 07:30:00+00:00,10016.502461568636,10016.502461568636,0
2026-05-06 07:45:00+00:00,10016.502461568636,10016.502461568636,0
2026-05-06 08:00:00+00:00,10016.502461568636,10016.502461568636,0
2026-05-06 08:15:00+00:00,10016.502461568636,10016.502461568636,0
2026-05-06 08:30:00+00:00,10016.502461568636,10016.502461568636,0
2026-05-06 08:45:00+00:00,10016.502461568636,10016.502461568636,0
2026-05-06 09:00:00+00:00,10016.502461568636,10016.502461568636,0
2026-05-06 09:15:00+00:00,10016.502461568636,10016.502461568636,0
2026-05-06 09:30:00+00:00,10016.502461568636,10016.502461568636,0
2026-05-06 09:45:00+00:00,10016.502461568636,10016.502461568636,0
2026-05-06 10:00:00+00:00,10016.502461568636,10016.502461568636,0
2026-05-06 10:15:00+00:00,10016.502461568636,10016.502461568636,0
2026-05-06 10:30:00+00:00,10016.502461568636,10016.502461568636,0
2026-05-06 10:45:00+00:00,10016.502461568636,10016.502461568636,0
2026-05-06 11:00:00+00:00,10016.502461568636,10016.502461568636,0
2026-05-06 11:15:00+00:00,10016.502461568636,10016.502461568636,0
2026-05-06 11:30:00+00:00,10016.502461568636,10016.502461568636,0
2026-05-06 11:45:00+00:00,10016.502461568636,10016.502461568636,0
2026-05-06 12:00:00+00:00,10016.502461568636,10016.502461568636,0
2026-05-06 12:15:00+00:00,10016.502461568636,10016.502461568636,0
2026-05-06 12:30:00+00:00,10016.502461568636,10016.502461568636,0
2026-05-06 12:45:00+00:00,10016.502461568636,10016.502461568636,0
2026-05-06 13:00:00+00:00,10016.502461568636,10016.502461568636,0
2026-05-06 13:15:00+00:00,10016.502461568636,10016.502461568636,0
2026-05-06 13:30:00+00:00,10016.502461568636,10016.502461568636,0
2026-05-06 13:45:00+00:00,10016.502461568636,10016.502461568636,0
2026-05-06 14:00:00+00:00,10016.502461568636,10016.502461568636,0
2026-05-06 14:15:00+00:00,10016.502461568636,10016.502461568636,0
2026-05-06 14:30:00+00:00,10016.502461568636,10016.502461568636,0
2026-05-06 14:45:00+00:00,10016.502461568636,10016.502461568636,0
2026-05-06 15:00:00+00:00,10016.502461568636,10016.502461568636,0
2026-05-06 15:15:00+00:00,10016.502461568636,10016.502461568636,0
2026-05-06 15:30:00+00:00,10016.502461568636,10016.502461568636,0
2026-05-06 15:45:00+00:00,10016.502461568636,10016.502461568636,0
2026-05-06 16:00:00+00:00,10016.502461568636,10016.502461568636,0
2026-05-06 16:15:00+00:00,10016.502461568636,10016.502461568636,0
2026-05-06 16:30:00+00:00,10016.502461568636,10016.502461568636,0
2026-05-06 16:45:00+00:00,10016.502461568636,10016.502461568636,0
2026-05-06 17:00:00+00:00,10016.502461568636,10016.502461568636,0
2026-05-06 17:15:00+00:00,10016.502461568636,10016.502461568636,0
2026-05-06 17:30:00+00:00,10016.502461568636,10016.502461568636,0
2026-05-06 17:45:00+00:00,10016.502461568636,10016.502461568636,0
2026-05-06 18:00:00+00:00,10016.502461568636,10016.502461568636,0
2026-05-06 18:15:00+00:00,10016.502461568636,10016.502461568636,0
2026-05-06 18:30:00+00:00,10016.502461568636,10016.502461568636,0
2026-05-06 18:45:00+00:00,10016.502461568636,10016.502461568636,0
2026-05-06 19:00:00+00:00,10016.502461568636,10016.502461568636,0
2026-05-06 19:15:00+00:00,10016.502461568636,10016.502461568636,0
2026-05-06 19:30:00+00:00,10016.502461568636,10016.502461568636,0
2026-05-06 19:45:00+00:00,10016.502461568636,10016.502461568636,0
2026-05-06 20:00:00+00:00,10016.502461568636,10016.502461568636,1
2026-05-06 20:15:00+00:00,10016.502461568636,10014.969401654105,1
2026-05-06 20:30:00+00:00,10016.502461568636,9999.809142499307,1
2026-05-06 20:45:00+00:00,10016.502461568636,10009.348181967496,1
2026-05-06 21:00:00+00:00,10016.502461568636,10003.698572282468,1
2026-05-06 21:15:00+00:00,10016.502461568636,10011.931671823464,1
2026-05-06 21:30:00+00:00,10016.502461568636,10023.00377120618,1
2026-05-06 21:45:00+00:00,10016.502461568636,10020.164771364458,1
2026-05-06 22:00:00+00:00,10016.502461568636,10009.092671981742,1
2026-05-06 22:15:00+00:00,10016.502461568636,9994.415042800036,1
2026-05-06 22:30:00+00:00,10016.502461568636,10002.108732371104,1
2026-05-06 22:45:00+00:00,10016.502461568636,9999.326512526215,1
2026-05-06 23:00:00+00:00,9967.020190236175,9967.020190236175,1
2026-05-06 23:15:00+00:00,9967.020190236175,9981.33994931221,1
2026-05-06 23:30:00+00:00,9967.020190236175,9979.355032212561,1
2026-05-06 23:45:00+00:00,9967.020190236175,9985.054579884409,1
2026-05-07 00:00:00+00:00,9967.020190236175,9982.4458316963,1
2026-05-07 00:15:00+00:00,9967.020190236175,9966.82169852621,1
2026-05-07 00:30:00+00:00,9967.020190236175,9944.335423383052,1
2026-05-07 00:45:00+00:00,9920.668397411402,9920.668397411402,0
2026-05-07 01:00:00+00:00,9920.668397411402,9920.668397411402,0
2026-05-07 01:15:00+00:00,9920.668397411402,9920.668397411402,0
2026-05-07 01:30:00+00:00,9920.668397411402,9920.668397411402,0
2026-05-07 01:45:00+00:00,9920.668397411402,9920.668397411402,0
2026-05-07 02:00:00+00:00,9920.668397411402,9920.668397411402,0
2026-05-07 02:15:00+00:00,9920.668397411402,9920.668397411402,0
2026-05-07 02:30:00+00:00,9920.668397411402,9920.668397411402,0
2026-05-07 02:45:00+00:00,9920.668397411402,9920.668397411402,0
2026-05-07 03:00:00+00:00,9920.668397411402,9920.668397411402,0
2026-05-07 03:15:00+00:00,9920.668397411402,9920.668397411402,0
2026-05-07 03:30:00+00:00,9920.668397411402,9920.668397411402,0
2026-05-07 03:45:00+00:00,9920.668397411402,9920.668397411402,0
2026-05-07 04:00:00+00:00,9920.668397411402,9920.668397411402,0
2026-05-07 04:15:00+00:00,9920.668397411402,9920.668397411402,0
2026-05-07 04:30:00+00:00,9920.668397411402,9920.668397411402,0
2026-05-07 04:45:00+00:00,9920.668397411402,9920.668397411402,0
2026-05-07 05:00:00+00:00,9920.668397411402,9920.668397411402,0
2026-05-07 05:15:00+00:00,9920.668397411402,9920.668397411402,0
2026-05-07 05:30:00+00:00,9920.668397411402,9920.668397411402,0
2026-05-07 05:45:00+00:00,9920.668397411402,9920.668397411402,0
2026-05-07 06:00:00+00:00,9920.668397411402,9920.668397411402,0
2026-05-07 06:15:00+00:00,9920.668397411402,9920.668397411402,0
2026-05-07 06:30:00+00:00,9920.668397411402,9920.668397411402,0
2026-05-07 06:45:00+00:00,9920.668397411402,9920.668397411402,0
2026-05-07 07:00:00+00:00,9920.668397411402,9920.668397411402,0
2026-05-07 07:15:00+00:00,9920.668397411402,9920.668397411402,0
2026-05-07 07:30:00+00:00,9920.668397411402,9920.668397411402,0
2026-05-07 07:45:00+00:00,9920.668397411402,9920.668397411402,0
2026-05-07 08:00:00+00:00,9920.668397411402,9920.668397411402,0
2026-05-07 08:15:00+00:00,9920.668397411402,9920.668397411402,0
2026-05-07 08:30:00+00:00,9920.668397411402,9920.668397411402,0
2026-05-07 08:45:00+00:00,9920.668397411402,9920.668397411402,0
2026-05-07 09:00:00+00:00,9920.668397411402,9920.668397411402,0
2026-05-07 09:15:00+00:00,9920.668397411402,9920.668397411402,0
2026-05-07 09:30:00+00:00,9920.668397411402,9920.668397411402,0
2026-05-07 09:45:00+00:00,9920.668397411402,9920.668397411402,0
2026-05-07 10:00:00+00:00,9920.668397411402,9920.668397411402,0
2026-05-07 10:15:00+00:00,9920.668397411402,9920.668397411402,0
2026-05-07 10:30:00+00:00,9920.668397411402,9920.668397411402,0
2026-05-07 10:45:00+00:00,9920.668397411402,9920.668397411402,0
2026-05-07 11:00:00+00:00,9920.668397411402,9920.668397411402,0
2026-05-07 11:15:00+00:00,9920.668397411402,9920.668397411402,0
2026-05-07 11:30:00+00:00,9920.668397411402,9920.668397411402,0
2026-05-07 11:45:00+00:00,9920.668397411402,9920.668397411402,0
2026-05-07 12:00:00+00:00,9920.668397411402,9920.668397411402,0
2026-05-07 12:15:00+00:00,9920.668397411402,9920.668397411402,0
2026-05-07 12:30:00+00:00,9920.668397411402,9920.668397411402,0
2026-05-07 12:45:00+00:00,9920.668397411402,9920.668397411402,0
2026-05-07 13:00:00+00:00,9920.668397411402,9920.668397411402,0
2026-05-07 13:15:00+00:00,9920.668397411402,9920.668397411402,0
2026-05-07 13:30:00+00:00,9920.668397411402,9920.668397411402,0
2026-05-07 13:45:00+00:00,9920.668397411402,9920.668397411402,0
2026-05-07 14:00:00+00:00,9920.668397411402,9920.668397411402,0
2026-05-07 14:15:00+00:00,9920.668397411402,9920.668397411402,0
2026-05-07 14:30:00+00:00,9920.668397411402,9920.668397411402,0
2026-05-07 14:45:00+00:00,9920.668397411402,9920.668397411402,0
2026-05-07 15:00:00+00:00,9920.668397411402,9920.668397411402,0
2026-05-07 15:15:00+00:00,9920.668397411402,9920.668397411402,0
2026-05-07 15:30:00+00:00,9920.668397411402,9920.668397411402,0
2026-05-07 15:45:00+00:00,9920.668397411402,9920.668397411402,0
2026-05-07 16:00:00+00:00,9920.668397411402,9920.668397411402,0
2026-05-07 16:15:00+00:00,9920.668397411402,9920.668397411402,0
2026-05-07 16:30:00+00:00,9920.668397411402,9920.668397411402,0
2026-05-07 16:45:00+00:00,9920.668397411402,9920.668397411402,0
2026-05-07 17:00:00+00:00,9920.668397411402,9920.668397411402,0
2026-05-07 17:15:00+00:00,9920.668397411402,9920.668397411402,0
2026-05-07 17:30:00+00:00,9920.668397411402,9920.668397411402,0
2026-05-07 17:45:00+00:00,9920.668397411402,9920.668397411402,0
2026-05-07 18:00:00+00:00,9920.668397411402,9920.668397411402,0
2026-05-07 18:15:00+00:00,9920.668397411402,9920.668397411402,0
2026-05-07 18:30:00+00:00,9920.668397411402,9920.668397411402,0
2026-05-07 18:45:00+00:00,9920.668397411402,9920.668397411402,0
2026-05-07 19:00:00+00:00,9920.668397411402,9920.668397411402,0
2026-05-07 19:15:00+00:00,9920.668397411402,9920.668397411402,0
2026-05-07 19:30:00+00:00,9920.668397411402,9920.668397411402,0
2026-05-07 19:45:00+00:00,9920.668397411402,9920.668397411402,0
2026-05-07 20:00:00+00:00,9920.668397411402,9920.668397411402,1
2026-05-07 20:15:00+00:00,9920.668397411402,9922.09696223211,1
2026-05-07 20:30:00+00:00,9920.668397411402,9902.573243015759,1
2026-05-07 20:45:00+00:00,9872.949697274913,9872.949697274913,1
2026-05-07 21:00:00+00:00,9872.949697274913,9872.473330012494,1
2026-05-07 21:15:00+00:00,9872.949697274913,9890.098918722015,1
2026-05-07 21:30:00+00:00,9872.949697274913,9883.90614431056,1
2026-05-07 21:45:00+00:00,9872.949697274913,9878.666104423946,1
2026-05-07 22:00:00+00:00,9872.949697274913,9879.142471686366,1
2026-05-07 22:15:00+00:00,9872.949697274913,9882.953409785721,1
2026-05-07 22:30:00+00:00,9872.949697274913,9876.76063537427,1
2026-05-07 22:45:00+00:00,9872.949697274913,9884.382511572981,1
2026-05-07 23:00:00+00:00,9872.949697274913,9890.098918722015,1
2026-05-07 23:15:00+00:00,9872.949697274913,9889.622551459595,1
2026-05-07 23:30:00+00:00,9872.949697274913,9895.338958608629,1
2026-05-07 23:45:00+00:00,9872.949697274913,9893.43348955895,1
2026-05-08 00:00:00+00:00,9872.949697274913,9902.0081002825,1
2026-05-08 00:15:00+00:00,9872.949697274913,9898.197162183145,1
2026-05-08 00:30:00+00:00,9872.949697274913,9892.957122296531,1
2026-05-08 00:45:00+00:00,9872.949697274913,9887.717082409918,1
2026-05-08 01:00:00+00:00,9872.949697274913,9876.28426811185,1
2026-05-08 01:15:00+00:00,9872.949697274913,9884.8588788354,1
2026-05-08 01:30:00+00:00,9872.949697274913,9884.8588788354,1
2026-05-08 01:45:00+00:00,9872.949697274913,9888.669816934756,1
2026-05-08 02:00:00+00:00,9872.949697274913,9879.142471686366,1
2026-05-08 02:15:00+00:00,9872.949697274913,9872.949697274913,1
2026-05-08 02:30:00+00:00,9872.949697274913,9880.571573473624,1
2026-05-08 02:45:00+00:00,9872.949697274913,9877.713369899107,1
2026-05-08 03:00:00+00:00,9872.949697274913,9872.949697274913,1
2026-05-08 03:15:00+00:00,9872.949697274913,9884.8588788354,1
2026-05-08 03:30:00+00:00,9872.949697274913,9893.43348955895,1
2026-05-08 03:45:00+00:00,9872.949697274913,9886.764347885079,1
2026-05-08 04:00:00+00:00,9872.949697274913,9891.528020509273,1
2026-05-08 04:15:00+00:00,9872.949697274913,9894.38622408379,1
2026-05-08 04:30:00+00:00,9872.949697274913,9880.571573473624,1
2026-05-08 04:45:00+00:00,9872.949697274913,9889.622551459595,1
2026-05-08 05:00:00+00:00,9872.949697274913,9889.622551459595,1
2026-05-08 05:15:00+00:00,9872.949697274913,9888.193449672337,1
2026-05-08 05:30:00+00:00,9872.949697274913,9896.291693133468,1
2026-05-08 05:45:00+00:00,9872.949697274913,9876.28426811185,1
2026-05-08 06:00:00+00:00,9872.949697274913,9875.331533587012,1
2026-05-08 06:15:00+00:00,9872.949697274913,9851.036803203617,1
2026-05-08 06:30:00+00:00,9872.949697274913,9866.28055560104,1
2026-05-08 06:45:00+00:00,9872.949697274913,9869.615126437977,1
2026-05-08 07:00:00+00:00,9872.949697274913,9862.469617501685,4
2026-05-08 07:15:00+00:00,9872.949697274913,9875.574162248658,4
2026-05-08 07:30:00+00:00,9901.012194100429,9925.830206292547,3
2026-05-08 07:45:00+00:00,9913.901101499727,9926.53551759853,3
2026-05-08 08:00:00+00:00,9913.901101499727,9932.752275832943,4
2026-05-08 08:15:00+00:00,9913.901101499727,9934.525801132488,4
2026-05-08 08:30:00+00:00,9913.901101499727,9984.220858083318,4
2026-05-08 08:45:00+00:00,9953.347342787572,9984.421867459436,2
2026-05-08 09:00:00+00:00,9953.347342787572,10004.199132282372,2
2026-05-08 09:15:00+00:00,9985.153358250742,9985.153358250742,0
2026-05-08 09:30:00+00:00,9985.153358250742,9985.153358250742,0
2026-05-08 09:45:00+00:00,9985.153358250742,9985.153358250742,0
2026-05-08 10:00:00+00:00,9985.153358250742,9985.153358250742,0
2026-05-08 10:15:00+00:00,9985.153358250742,9985.153358250742,0
2026-05-08 10:30:00+00:00,9985.153358250742,9985.153358250742,0
2026-05-08 10:45:00+00:00,9985.153358250742,9985.153358250742,0
2026-05-08 11:00:00+00:00,9985.153358250742,9985.153358250742,0
2026-05-08 11:15:00+00:00,9985.153358250742,9985.153358250742,0
2026-05-08 11:30:00+00:00,9985.153358250742,9985.153358250742,0
2026-05-08 11:45:00+00:00,9985.153358250742,9985.153358250742,0
2026-05-08 12:00:00+00:00,9985.153358250742,9985.153358250742,0
2026-05-08 12:15:00+00:00,9985.153358250742,9985.153358250742,0
2026-05-08 12:30:00+00:00,9985.153358250742,9985.153358250742,0
2026-05-08 12:45:00+00:00,9985.153358250742,9985.153358250742,0
2026-05-08 13:00:00+00:00,9985.153358250742,9985.153358250742,0
2026-05-08 13:15:00+00:00,9985.153358250742,9985.153358250742,0
2026-05-08 13:30:00+00:00,9985.153358250742,9985.153358250742,0
2026-05-08 13:45:00+00:00,9985.153358250742,9985.153358250742,0
2026-05-08 14:00:00+00:00,9985.153358250742,9985.153358250742,0
2026-05-08 14:15:00+00:00,9985.153358250742,9985.153358250742,0
2026-05-08 14:30:00+00:00,9985.153358250742,9985.153358250742,0
2026-05-08 14:45:00+00:00,9985.153358250742,9985.153358250742,0
2026-05-08 15:00:00+00:00,9985.153358250742,9985.153358250742,0
2026-05-08 15:15:00+00:00,9985.153358250742,9985.153358250742,0
2026-05-08 15:30:00+00:00,9985.153358250742,9985.153358250742,0
2026-05-08 15:45:00+00:00,9985.153358250742,9985.153358250742,0
2026-05-08 16:00:00+00:00,9985.153358250742,9985.153358250742,0
2026-05-08 16:15:00+00:00,9985.153358250742,9985.153358250742,0
2026-05-08 16:30:00+00:00,9985.153358250742,9985.153358250742,0
2026-05-08 16:45:00+00:00,9985.153358250742,9985.153358250742,0
2026-05-08 17:00:00+00:00,9985.153358250742,9985.153358250742,0
2026-05-08 17:15:00+00:00,9985.153358250742,9985.153358250742,0
2026-05-08 17:30:00+00:00,9985.153358250742,9985.153358250742,0
2026-05-08 17:45:00+00:00,9985.153358250742,9985.153358250742,0
2026-05-08 18:00:00+00:00,9985.153358250742,9985.153358250742,0
2026-05-08 18:15:00+00:00,9985.153358250742,9985.153358250742,0
2026-05-08 18:30:00+00:00,9985.153358250742,9985.153358250742,0
2026-05-08 18:45:00+00:00,9985.153358250742,9985.153358250742,0
2026-05-08 19:00:00+00:00,9985.153358250742,9985.153358250742,0
2026-05-08 19:15:00+00:00,9985.153358250742,9985.153358250742,0
2026-05-08 19:30:00+00:00,9985.153358250742,9985.153358250742,0
2026-05-08 19:45:00+00:00,9985.153358250742,9985.153358250742,0
2026-05-08 20:00:00+00:00,9985.153358250742,9985.153358250742,0
2026-05-08 20:15:00+00:00,9985.153358250742,9985.153358250742,0
2026-05-08 20:30:00+00:00,9985.153358250742,9985.153358250742,0
2026-05-08 20:45:00+00:00,9985.153358250742,9985.153358250742,0
2026-05-08 21:00:00+00:00,9985.153358250742,9985.153358250742,0
2026-05-08 21:15:00+00:00,9985.153358250742,9985.153358250742,0
2026-05-08 21:30:00+00:00,9985.153358250742,9985.153358250742,0
2026-05-08 21:45:00+00:00,9985.153358250742,9985.153358250742,0
2026-05-08 22:00:00+00:00,9985.153358250742,9985.153358250742,0
2026-05-08 22:15:00+00:00,9985.153358250742,9985.153358250742,0
2026-05-08 22:30:00+00:00,9985.153358250742,9985.153358250742,0
2026-05-08 22:45:00+00:00,9985.153358250742,9985.153358250742,0
2026-05-08 23:00:00+00:00,9985.153358250742,9985.153358250742,0
2026-05-08 23:15:00+00:00,9985.153358250742,9985.153358250742,0
2026-05-08 23:30:00+00:00,9985.153358250742,9985.153358250742,1
2026-05-08 23:45:00+00:00,9985.153358250742,9991.11305091422,1
2026-05-09 00:00:00+00:00,9985.153358250742,9988.079176685254,1
2026-05-09 00:15:00+00:00,9985.153358250742,9986.67445135732,1
2026-05-09 00:30:00+00:00,9985.153358250742,9990.356660353025,1
2026-05-09 00:45:00+00:00,9985.153358250742,9993.473654423882,1
2026-05-09 01:00:00+00:00,9985.153358250742,10001.66095885,1
2026-05-09 01:15:00+00:00,9988.538611828211,9988.538611828211,0
2026-05-09 01:30:00+00:00,9988.538611828211,9988.538611828211,0
2026-05-09 01:45:00+00:00,9988.538611828211,9988.538611828211,0
2026-05-09 02:00:00+00:00,9988.538611828211,9988.538611828211,0
2026-05-09 02:15:00+00:00,9988.538611828211,9988.538611828211,0
2026-05-09 02:30:00+00:00,9988.538611828211,9988.538611828211,0
2026-05-09 02:45:00+00:00,9988.538611828211,9988.538611828211,0
2026-05-09 03:00:00+00:00,9988.538611828211,9988.538611828211,0
2026-05-09 03:15:00+00:00,9988.538611828211,9988.538611828211,0
2026-05-09 03:30:00+00:00,9988.538611828211,9988.538611828211,0
2026-05-09 03:45:00+00:00,9988.538611828211,9988.538611828211,0
2026-05-09 04:00:00+00:00,9988.538611828211,9988.538611828211,0
2026-05-09 04:15:00+00:00,9988.538611828211,9988.538611828211,0
2026-05-09 04:30:00+00:00,9988.538611828211,9988.538611828211,0
2026-05-09 04:45:00+00:00,9988.538611828211,9988.538611828211,0
2026-05-09 05:00:00+00:00,9988.538611828211,9988.538611828211,0
2026-05-09 05:15:00+00:00,9988.538611828211,9988.538611828211,0
2026-05-09 05:30:00+00:00,9988.538611828211,9988.538611828211,0
2026-05-09 05:45:00+00:00,9988.538611828211,9988.538611828211,0
2026-05-09 06:00:00+00:00,9988.538611828211,9988.538611828211,0
2026-05-09 06:15:00+00:00,9988.538611828211,9988.538611828211,0
2026-05-09 06:30:00+00:00,9988.538611828211,9988.538611828211,0
2026-05-09 06:45:00+00:00,9988.538611828211,9988.538611828211,0
2026-05-09 07:00:00+00:00,9988.538611828211,9988.538611828211,0
2026-05-09 07:15:00+00:00,9988.538611828211,9988.538611828211,0
2026-05-09 07:30:00+00:00,9988.538611828211,9988.538611828211,1
2026-05-09 07:45:00+00:00,9988.538611828211,9988.538611828211,1
2026-05-09 08:00:00+00:00,9988.538611828211,9994.93537046531,2
2026-05-09 08:15:00+00:00,9988.538611828211,9998.091931257159,2
2026-05-09 08:30:00+00:00,9988.538611828211,9987.514303915395,2
2026-05-09 08:45:00+00:00,9988.538611828211,9987.347029808594,2
2026-05-09 09:00:00+00:00,9988.538611828211,9965.648298272192,3
2026-05-09 09:15:00+00:00,9988.538611828211,9946.542905779741,3
2026-05-09 09:30:00+00:00,9988.538611828211,9948.441106102931,3
2026-05-09 09:45:00+00:00,9988.538611828211,9943.791320129778,3
2026-05-09 10:00:00+00:00,9988.538611828211,9935.763612400584,3
2026-05-09 10:15:00+00:00,9988.538611828211,9931.617966536809,3
2026-05-09 10:30:00+00:00,9988.538611828211,9957.468325816822,3
2026-05-09 10:45:00+00:00,9988.538611828211,9943.006425040858,3
2026-05-09 11:00:00+00:00,9988.538611828211,9969.317039575497,3
2026-05-09 11:15:00+00:00,9988.538611828211,9982.783561022869,3
2026-05-09 11:30:00+00:00,9988.538611828211,9972.47375655576,3
2026-05-09 11:45:00+00:00,9988.538611828211,9974.631945508161,3
2026-05-09 12:00:00+00:00,9988.538611828211,9961.364150697425,3
2026-05-09 12:15:00+00:00,9988.538611828211,9978.723348326128,3
2026-05-09 12:30:00+00:00,9988.538611828211,9961.725603329609,3
2026-05-09 12:45:00+00:00,9988.538611828211,9966.767326119563,3
2026-05-09 13:00:00+00:00,9988.538611828211,9955.027563875874,3
2026-05-09 13:15:00+00:00,9988.538611828211,9929.994330014812,3
2026-05-09 13:30:00+00:00,9988.538611828211,9935.936246775436,3
2026-05-09 13:45:00+00:00,9988.538611828211,9957.145794472992,3
2026-05-09 14:00:00+00:00,9988.538611828211,9928.86658704348,3
2026-05-09 14:15:00+00:00,9844.024949370556,9844.024949370556,0
2026-05-09 14:30:00+00:00,9844.024949370556,9844.024949370556,0
2026-05-09 14:45:00+00:00,9844.024949370556,9844.024949370556,0
2026-05-09 15:00:00+00:00,9844.024949370556,9844.024949370556,0
2026-05-09 15:15:00+00:00,9844.024949370556,9844.024949370556,0
2026-05-09 15:30:00+00:00,9844.024949370556,9844.024949370556,0
2026-05-09 15:45:00+00:00,9844.024949370556,9844.024949370556,0
2026-05-09 16:00:00+00:00,9844.024949370556,9844.024949370556,0
2026-05-09 16:15:00+00:00,9844.024949370556,9844.024949370556,0
2026-05-09 16:30:00+00:00,9844.024949370556,9844.024949370556,0
2026-05-09 16:45:00+00:00,9844.024949370556,9844.024949370556,0
2026-05-09 17:00:00+00:00,9844.024949370556,9844.024949370556,0
2026-05-09 17:15:00+00:00,9844.024949370556,9844.024949370556,0
2026-05-09 17:30:00+00:00,9844.024949370556,9844.024949370556,0
2026-05-09 17:45:00+00:00,9844.024949370556,9844.024949370556,0
2026-05-09 18:00:00+00:00,9844.024949370556,9844.024949370556,0
2026-05-09 18:15:00+00:00,9844.024949370556,9844.024949370556,0
2026-05-09 18:30:00+00:00,9844.024949370556,9844.024949370556,0
2026-05-09 18:45:00+00:00,9844.024949370556,9844.024949370556,0
2026-05-09 19:00:00+00:00,9844.024949370556,9844.024949370556,0
2026-05-09 19:15:00+00:00,9844.024949370556,9844.024949370556,0
2026-05-09 19:30:00+00:00,9844.024949370556,9844.024949370556,0
2026-05-09 19:45:00+00:00,9844.024949370556,9844.024949370556,0
2026-05-09 20:00:00+00:00,9844.024949370556,9844.024949370556,0
2026-05-09 20:15:00+00:00,9844.024949370556,9844.024949370556,0
2026-05-09 20:30:00+00:00,9844.024949370556,9844.024949370556,0
2026-05-09 20:45:00+00:00,9844.024949370556,9844.024949370556,0
2026-05-09 21:00:00+00:00,9844.024949370556,9844.024949370556,0
2026-05-09 21:15:00+00:00,9844.024949370556,9844.024949370556,0
2026-05-09 21:30:00+00:00,9844.024949370556,9844.024949370556,0
2026-05-09 21:45:00+00:00,9844.024949370556,9844.024949370556,0
2026-05-09 22:00:00+00:00,9844.024949370556,9844.024949370556,0
2026-05-09 22:15:00+00:00,9844.024949370556,9844.024949370556,0
2026-05-09 22:30:00+00:00,9844.024949370556,9844.024949370556,0
2026-05-09 22:45:00+00:00,9844.024949370556,9844.024949370556,0
2026-05-09 23:00:00+00:00,9844.024949370556,9844.024949370556,0
2026-05-09 23:15:00+00:00,9844.024949370556,9844.024949370556,0
2026-05-09 23:30:00+00:00,9844.024949370556,9844.024949370556,0
2026-05-09 23:45:00+00:00,9844.024949370556,9844.024949370556,0
2026-05-10 00:00:00+00:00,9844.024949370556,9844.024949370556,0
2026-05-10 00:15:00+00:00,9844.024949370556,9844.024949370556,0
2026-05-10 00:30:00+00:00,9844.024949370556,9844.024949370556,0
2026-05-10 00:45:00+00:00,9844.024949370556,9844.024949370556,0
2026-05-10 01:00:00+00:00,9844.024949370556,9844.024949370556,0
2026-05-10 01:15:00+00:00,9844.024949370556,9844.024949370556,0
2026-05-10 01:30:00+00:00,9844.024949370556,9844.024949370556,0
2026-05-10 01:45:00+00:00,9844.024949370556,9844.024949370556,0
2026-05-10 02:00:00+00:00,9844.024949370556,9844.024949370556,0
2026-05-10 02:15:00+00:00,9844.024949370556,9844.024949370556,0
2026-05-10 02:30:00+00:00,9844.024949370556,9844.024949370556,0
2026-05-10 02:45:00+00:00,9844.024949370556,9844.024949370556,0
2026-05-10 03:00:00+00:00,9844.024949370556,9844.024949370556,0
2026-05-10 03:15:00+00:00,9844.024949370556,9844.024949370556,0
2026-05-10 03:30:00+00:00,9844.024949370556,9844.024949370556,0
2026-05-10 03:45:00+00:00,9844.024949370556,9844.024949370556,0
2026-05-10 04:00:00+00:00,9844.024949370556,9844.024949370556,0
2026-05-10 04:15:00+00:00,9844.024949370556,9844.024949370556,0
2026-05-10 04:30:00+00:00,9844.024949370556,9844.024949370556,0
2026-05-10 04:45:00+00:00,9844.024949370556,9844.024949370556,0
2026-05-10 05:00:00+00:00,9844.024949370556,9844.024949370556,0
2026-05-10 05:15:00+00:00,9844.024949370556,9844.024949370556,0
2026-05-10 05:30:00+00:00,9844.024949370556,9844.024949370556,0
2026-05-10 05:45:00+00:00,9844.024949370556,9844.024949370556,0
2026-05-10 06:00:00+00:00,9844.024949370556,9844.024949370556,0
2026-05-10 06:15:00+00:00,9844.024949370556,9844.024949370556,0
2026-05-10 06:30:00+00:00,9844.024949370556,9844.024949370556,0
2026-05-10 06:45:00+00:00,9844.024949370556,9844.024949370556,0
2026-05-10 07:00:00+00:00,9844.024949370556,9844.024949370556,2
2026-05-10 07:15:00+00:00,9844.024949370556,9870.441973003346,2
2026-05-10 07:30:00+00:00,9847.201976249095,9861.562333578591,1
2026-05-10 07:45:00+00:00,9850.065253736577,9850.065253736577,0
2026-05-10 08:00:00+00:00,9850.065253736577,9850.065253736577,0
2026-05-10 08:15:00+00:00,9850.065253736577,9850.065253736577,0
2026-05-10 08:30:00+00:00,9850.065253736577,9850.065253736577,0
2026-05-10 08:45:00+00:00,9850.065253736577,9850.065253736577,0
2026-05-10 09:00:00+00:00,9850.065253736577,9850.065253736577,0
2026-05-10 09:15:00+00:00,9850.065253736577,9850.065253736577,0
2026-05-10 09:30:00+00:00,9850.065253736577,9850.065253736577,0
2026-05-10 09:45:00+00:00,9850.065253736577,9850.065253736577,0
2026-05-10 10:00:00+00:00,9850.065253736577,9850.065253736577,0
2026-05-10 10:15:00+00:00,9850.065253736577,9850.065253736577,0
2026-05-10 10:30:00+00:00,9850.065253736577,9850.065253736577,0
2026-05-10 10:45:00+00:00,9850.065253736577,9850.065253736577,0
2026-05-10 11:00:00+00:00,9850.065253736577,9850.065253736577,0
2026-05-10 11:15:00+00:00,9850.065253736577,9850.065253736577,1
2026-05-10 11:30:00+00:00,9850.065253736577,9854.291389209595,1
2026-05-10 11:45:00+00:00,9850.065253736577,9870.491575189497,2
2026-05-10 12:00:00+00:00,9850.065253736577,9863.229043778456,2
2026-05-10 12:15:00+00:00,9850.065253736577,9859.902516984881,2
2026-05-10 12:30:00+00:00,9850.065253736577,9856.670868279585,2
2026-05-10 12:45:00+00:00,9850.065253736577,9857.960982493574,2
2026-05-10 13:00:00+00:00,9850.065253736577,9880.96753237447,2
2026-05-10 13:15:00+00:00,9862.955560875676,9891.129797362462,1
2026-05-10 13:30:00+00:00,9862.955560875676,9897.46900057199,1
2026-05-10 13:45:00+00:00,9894.39887469487,9894.39887469487,0
2026-05-10 14:00:00+00:00,9894.39887469487,9894.39887469487,0
2026-05-10 14:15:00+00:00,9894.39887469487,9894.39887469487,0
2026-05-10 14:30:00+00:00,9894.39887469487,9894.39887469487,0
2026-05-10 14:45:00+00:00,9894.39887469487,9894.39887469487,0
2026-05-10 15:00:00+00:00,9894.39887469487,9894.39887469487,0
2026-05-10 15:15:00+00:00,9894.39887469487,9894.39887469487,0
2026-05-10 15:30:00+00:00,9894.39887469487,9894.39887469487,0
2026-05-10 15:45:00+00:00,9894.39887469487,9894.39887469487,0
2026-05-10 16:00:00+00:00,9894.39887469487,9894.39887469487,0
2026-05-10 16:15:00+00:00,9894.39887469487,9894.39887469487,0
2026-05-10 16:30:00+00:00,9894.39887469487,9894.39887469487,0
2026-05-10 16:45:00+00:00,9894.39887469487,9894.39887469487,0
2026-05-10 17:00:00+00:00,9894.39887469487,9894.39887469487,0
2026-05-10 17:15:00+00:00,9894.39887469487,9894.39887469487,0
2026-05-10 17:30:00+00:00,9894.39887469487,9894.39887469487,0
2026-05-10 17:45:00+00:00,9894.39887469487,9894.39887469487,0
2026-05-10 18:00:00+00:00,9894.39887469487,9894.39887469487,0
2026-05-10 18:15:00+00:00,9894.39887469487,9894.39887469487,0
2026-05-10 18:30:00+00:00,9894.39887469487,9894.39887469487,0
2026-05-10 18:45:00+00:00,9894.39887469487,9894.39887469487,0
2026-05-10 19:00:00+00:00,9894.39887469487,9894.39887469487,0
2026-05-10 19:15:00+00:00,9894.39887469487,9894.39887469487,0
2026-05-10 19:30:00+00:00,9894.39887469487,9894.39887469487,0
2026-05-10 19:45:00+00:00,9894.39887469487,9894.39887469487,0
2026-05-10 20:00:00+00:00,9894.39887469487,9894.39887469487,0
2026-05-10 20:15:00+00:00,9894.39887469487,9894.39887469487,1
2026-05-10 20:30:00+00:00,9858.820121680857,9858.820121680857,4
2026-05-10 20:45:00+00:00,9597.425237883625,9597.425237883625,4
2026-05-10 21:00:00+00:00,9597.425237883625,9575.479143836554,4
2026-05-10 21:15:00+00:00,9597.425237883625,9682.975823049055,4
2026-05-10 21:30:00+00:00,9597.425237883625,9683.224727795026,4
2026-05-10 21:45:00+00:00,9597.425237883625,9630.43801349953,4
2026-05-10 22:00:00+00:00,9695.418954004132,9737.251380815336,3
2026-05-10 22:15:00+00:00,9768.98690321838,9815.798912591703,2
2026-05-10 22:30:00+00:00,9829.54864427041,9861.272601324928,1
2026-05-10 22:45:00+00:00,9829.54864427041,9881.300073343693,1
2026-05-10 23:00:00+00:00,9891.290329482612,9891.290329482612,0
2026-05-10 23:15:00+00:00,9891.290329482612,9891.290329482612,0
2026-05-10 23:30:00+00:00,9891.290329482612,9891.290329482612,0
2026-05-10 23:45:00+00:00,9891.290329482612,9891.290329482612,0
2026-05-11 00:00:00+00:00,9891.290329482612,9891.290329482612,0
2026-05-11 00:15:00+00:00,9891.290329482612,9891.290329482612,0
2026-05-11 00:30:00+00:00,9891.290329482612,9891.290329482612,0
2026-05-11 00:45:00+00:00,9891.290329482612,9891.290329482612,0
2026-05-11 01:00:00+00:00,9891.290329482612,9891.290329482612,0
2026-05-11 01:15:00+00:00,9891.290329482612,9891.290329482612,0
2026-05-11 01:30:00+00:00,9891.290329482612,9891.290329482612,0
2026-05-11 01:45:00+00:00,9891.290329482612,9891.290329482612,0
2026-05-11 02:00:00+00:00,9891.290329482612,9891.290329482612,0
2026-05-11 02:15:00+00:00,9891.290329482612,9891.290329482612,0
2026-05-11 02:30:00+00:00,9891.290329482612,9891.290329482612,0
2026-05-11 02:45:00+00:00,9891.290329482612,9891.290329482612,0
2026-05-11 03:00:00+00:00,9891.290329482612,9891.290329482612,0
2026-05-11 03:15:00+00:00,9891.290329482612,9891.290329482612,0
2026-05-11 03:30:00+00:00,9891.290329482612,9891.290329482612,0
2026-05-11 03:45:00+00:00,9891.290329482612,9891.290329482612,0
2026-05-11 04:00:00+00:00,9891.290329482612,9891.290329482612,0
2026-05-11 04:15:00+00:00,9891.290329482612,9891.290329482612,0
2026-05-11 04:30:00+00:00,9891.290329482612,9891.290329482612,0
2026-05-11 04:45:00+00:00,9891.290329482612,9891.290329482612,0
2026-05-11 05:00:00+00:00,9891.290329482612,9891.290329482612,0
2026-05-11 05:15:00+00:00,9891.290329482612,9891.290329482612,0
2026-05-11 05:30:00+00:00,9891.290329482612,9891.290329482612,0
2026-05-11 05:45:00+00:00,9891.290329482612,9891.290329482612,0
2026-05-11 06:00:00+00:00,9891.290329482612,9891.290329482612,0
2026-05-11 06:15:00+00:00,9891.290329482612,9891.290329482612,0
2026-05-11 06:30:00+00:00,9891.290329482612,9891.290329482612,0
2026-05-11 06:45:00+00:00,9891.290329482612,9891.290329482612,0
2026-05-11 07:00:00+00:00,9891.290329482612,9891.290329482612,0
2026-05-11 07:15:00+00:00,9891.290329482612,9891.290329482612,2
2026-05-11 07:30:00+00:00,9891.290329482612,9908.118527642315,2
2026-05-11 07:45:00+00:00,9891.290329482612,9922.55532213515,2
2026-05-11 08:00:00+00:00,9914.303373784609,9915.605813085574,3
2026-05-11 08:15:00+00:00,9914.303373784609,9874.348451960856,4
2026-05-11 08:30:00+00:00,9870.426793243918,9908.728588441636,4
2026-05-11 08:45:00+00:00,9870.426793243918,9881.029125564546,4
2026-05-11 09:00:00+00:00,9886.571128064677,9921.52296561636,2
2026-05-11 09:15:00+00:00,9886.571128064677,9925.509949782981,2
2026-05-11 09:30:00+00:00,9886.571128064677,9925.408213425611,2
2026-05-11 09:45:00+00:00,9886.571128064677,9923.690180831425,2
2026-05-11 10:00:00+00:00,9886.571128064677,9924.390348788256,2
2026-05-11 10:15:00+00:00,9886.571128064677,9931.776920568862,2
2026-05-11 10:30:00+00:00,9886.571128064677,9914.718514958582,2
2026-05-11 10:45:00+00:00,9886.571128064677,9902.182653514481,2
2026-05-11 11:00:00+00:00,9886.571128064677,9897.791595288654,2
2026-05-11 11:15:00+00:00,9886.571128064677,9927.500086308819,2
2026-05-11 11:30:00+00:00,9911.742649443517,9926.211051243363,1
2026-05-11 11:45:00+00:00,9911.742649443517,9928.391221377587,1
2026-05-11 12:00:00+00:00,9911.742649443517,9911.572766056435,1
2026-05-11 12:15:00+00:00,9911.742649443517,9931.930458608469,1
2026-05-11 12:30:00+00:00,9911.742649443517,9919.330774066528,1
2026-05-11 12:45:00+00:00,9911.742649443517,9909.930559981305,1
2026-05-11 13:00:00+00:00,9911.742649443517,9914.205958556211,1
2026-05-11 13:15:00+00:00,9911.742649443517,9904.29609430974,1
2026-05-11 13:30:00+00:00,9867.008121948482,9867.008121948482,0
2026-05-11 13:45:00+00:00,9867.008121948482,9867.008121948482,0
2026-05-11 14:00:00+00:00,9867.008121948482,9867.008121948482,0
2026-05-11 14:15:00+00:00,9867.008121948482,9867.008121948482,0
2026-05-11 14:30:00+00:00,9867.008121948482,9867.008121948482,0
2026-05-11 14:45:00+00:00,9867.008121948482,9867.008121948482,0
2026-05-11 15:00:00+00:00,9867.008121948482,9867.008121948482,0
2026-05-11 15:15:00+00:00,9867.008121948482,9867.008121948482,0
2026-05-11 15:30:00+00:00,9867.008121948482,9867.008121948482,0
2026-05-11 15:45:00+00:00,9867.008121948482,9867.008121948482,0
2026-05-11 16:00:00+00:00,9867.008121948482,9867.008121948482,0
2026-05-11 16:15:00+00:00,9867.008121948482,9867.008121948482,0
2026-05-11 16:30:00+00:00,9867.008121948482,9867.008121948482,0
2026-05-11 16:45:00+00:00,9867.008121948482,9867.008121948482,0
2026-05-11 17:00:00+00:00,9867.008121948482,9867.008121948482,0
2026-05-11 17:15:00+00:00,9867.008121948482,9867.008121948482,0
2026-05-11 17:30:00+00:00,9867.008121948482,9867.008121948482,0
2026-05-11 17:45:00+00:00,9867.008121948482,9867.008121948482,0
2026-05-11 18:00:00+00:00,9867.008121948482,9867.008121948482,0
2026-05-11 18:15:00+00:00,9867.008121948482,9867.008121948482,0
2026-05-11 18:30:00+00:00,9867.008121948482,9867.008121948482,0
2026-05-11 18:45:00+00:00,9867.008121948482,9867.008121948482,0
2026-05-11 19:00:00+00:00,9867.008121948482,9867.008121948482,0
2026-05-11 19:15:00+00:00,9867.008121948482,9867.008121948482,0
2026-05-11 19:30:00+00:00,9867.008121948482,9867.008121948482,0
2026-05-11 19:45:00+00:00,9867.008121948482,9867.008121948482,0
2026-05-11 20:00:00+00:00,9867.008121948482,9867.008121948482,0
2026-05-11 20:15:00+00:00,9867.008121948482,9867.008121948482,0
2026-05-11 20:30:00+00:00,9867.008121948482,9867.008121948482,0
2026-05-11 20:45:00+00:00,9867.008121948482,9867.008121948482,0
2026-05-11 21:00:00+00:00,9867.008121948482,9867.008121948482,0
2026-05-11 21:15:00+00:00,9867.008121948482,9867.008121948482,0
2026-05-11 21:30:00+00:00,9867.008121948482,9867.008121948482,0
2026-05-11 21:45:00+00:00,9867.008121948482,9867.008121948482,0
2026-05-11 22:00:00+00:00,9867.008121948482,9867.008121948482,0
2026-05-11 22:15:00+00:00,9867.008121948482,9867.008121948482,0
2026-05-11 22:30:00+00:00,9867.008121948482,9867.008121948482,0
2026-05-11 22:45:00+00:00,9867.008121948482,9867.008121948482,0
2026-05-11 23:00:00+00:00,9867.008121948482,9867.008121948482,0
2026-05-11 23:15:00+00:00,9867.008121948482,9867.008121948482,0
2026-05-11 23:30:00+00:00,9867.008121948482,9867.008121948482,0
2026-05-11 23:45:00+00:00,9867.008121948482,9867.008121948482,0
2026-05-12 00:00:00+00:00,9867.008121948482,9867.008121948482,0
2026-05-12 00:15:00+00:00,9867.008121948482,9867.008121948482,0
2026-05-12 00:30:00+00:00,9867.008121948482,9867.008121948482,0
2026-05-12 00:45:00+00:00,9867.008121948482,9867.008121948482,0
2026-05-12 01:00:00+00:00,9867.008121948482,9867.008121948482,0
2026-05-12 01:15:00+00:00,9867.008121948482,9867.008121948482,0
2026-05-12 01:30:00+00:00,9867.008121948482,9867.008121948482,0
2026-05-12 01:45:00+00:00,9867.008121948482,9867.008121948482,0
2026-05-12 02:00:00+00:00,9867.008121948482,9867.008121948482,0
2026-05-12 02:15:00+00:00,9867.008121948482,9867.008121948482,0
2026-05-12 02:30:00+00:00,9867.008121948482,9867.008121948482,0
2026-05-12 02:45:00+00:00,9867.008121948482,9867.008121948482,0
2026-05-12 03:00:00+00:00,9867.008121948482,9867.008121948482,0
2026-05-12 03:15:00+00:00,9867.008121948482,9867.008121948482,0
2026-05-12 03:30:00+00:00,9867.008121948482,9867.008121948482,0
2026-05-12 03:45:00+00:00,9867.008121948482,9867.008121948482,0
2026-05-12 04:00:00+00:00,9867.008121948482,9867.008121948482,0
2026-05-12 04:15:00+00:00,9867.008121948482,9867.008121948482,0
2026-05-12 04:30:00+00:00,9867.008121948482,9867.008121948482,0
2026-05-12 04:45:00+00:00,9867.008121948482,9867.008121948482,0
2026-05-12 05:00:00+00:00,9867.008121948482,9867.008121948482,0
2026-05-12 05:15:00+00:00,9867.008121948482,9867.008121948482,0
2026-05-12 05:30:00+00:00,9867.008121948482,9867.008121948482,0
2026-05-12 05:45:00+00:00,9867.008121948482,9867.008121948482,0
2026-05-12 06:00:00+00:00,9867.008121948482,9867.008121948482,0
2026-05-12 06:15:00+00:00,9867.008121948482,9867.008121948482,0
2026-05-12 06:30:00+00:00,9867.008121948482,9867.008121948482,0
2026-05-12 06:45:00+00:00,9867.008121948482,9867.008121948482,0
2026-05-12 07:00:00+00:00,9867.008121948482,9867.008121948482,1
2026-05-12 07:15:00+00:00,9867.008121948482,9877.822762991857,1
2026-05-12 07:30:00+00:00,9867.008121948482,9875.569712774486,1
2026-05-12 07:45:00+00:00,9867.008121948482,9878.27337303533,1
2026-05-12 08:00:00+00:00,9867.008121948482,9870.613002296273,2
2026-05-12 08:15:00+00:00,9889.531384296137,9899.528353011383,1
2026-05-12 08:30:00+00:00,9889.531384296137,9905.526534240531,1
2026-05-12 08:45:00+00:00,9889.531384296137,9899.528353011383,1
2026-05-12 09:00:00+00:00,9889.531384296137,9894.52986865376,1
2026-05-12 09:15:00+00:00,9889.531384296137,9898.528656139859,1
2026-05-12 09:30:00+00:00,9897.695189863827,9897.695189863827,0
2026-05-12 09:45:00+00:00,9897.695189863827,9897.695189863827,0
2026-05-12 10:00:00+00:00,9897.695189863827,9897.695189863827,0
2026-05-12 10:15:00+00:00,9897.695189863827,9897.695189863827,0
2026-05-12 10:30:00+00:00,9897.695189863827,9897.695189863827,0
2026-05-12 10:45:00+00:00,9897.695189863827,9897.695189863827,0
2026-05-12 11:00:00+00:00,9897.695189863827,9897.695189863827,0
2026-05-12 11:15:00+00:00,9897.695189863827,9897.695189863827,0
2026-05-12 11:30:00+00:00,9897.695189863827,9897.695189863827,0
2026-05-12 11:45:00+00:00,9897.695189863827,9897.695189863827,0
2026-05-12 12:00:00+00:00,9897.695189863827,9897.695189863827,0
2026-05-12 12:15:00+00:00,9897.695189863827,9897.695189863827,0
2026-05-12 12:30:00+00:00,9897.695189863827,9897.695189863827,0
2026-05-12 12:45:00+00:00,9897.695189863827,9897.695189863827,0
2026-05-12 13:00:00+00:00,9897.695189863827,9897.695189863827,0
2026-05-12 13:15:00+00:00,9897.695189863827,9897.695189863827,0
2026-05-12 13:30:00+00:00,9897.695189863827,9897.695189863827,0
2026-05-12 13:45:00+00:00,9897.695189863827,9897.695189863827,0
2026-05-12 14:00:00+00:00,9897.695189863827,9897.695189863827,0
2026-05-12 14:15:00+00:00,9897.695189863827,9897.695189863827,0
2026-05-12 14:30:00+00:00,9897.695189863827,9897.695189863827,0
2026-05-12 14:45:00+00:00,9897.695189863827,9897.695189863827,0
2026-05-12 15:00:00+00:00,9897.695189863827,9897.695189863827,0
2026-05-12 15:15:00+00:00,9897.695189863827,9897.695189863827,0
2026-05-12 15:30:00+00:00,9897.695189863827,9897.695189863827,0
2026-05-12 15:45:00+00:00,9897.695189863827,9897.695189863827,0
2026-05-12 16:00:00+00:00,9897.695189863827,9897.695189863827,0
2026-05-12 16:15:00+00:00,9897.695189863827,9897.695189863827,0
2026-05-12 16:30:00+00:00,9897.695189863827,9897.695189863827,0
2026-05-12 16:45:00+00:00,9897.695189863827,9897.695189863827,0
2026-05-12 17:00:00+00:00,9897.695189863827,9897.695189863827,0
2026-05-12 17:15:00+00:00,9897.695189863827,9897.695189863827,0
2026-05-12 17:30:00+00:00,9897.695189863827,9897.695189863827,0
2026-05-12 17:45:00+00:00,9897.695189863827,9897.695189863827,0
2026-05-12 18:00:00+00:00,9897.695189863827,9897.695189863827,0
2026-05-12 18:15:00+00:00,9897.695189863827,9897.695189863827,0
2026-05-12 18:30:00+00:00,9897.695189863827,9897.695189863827,0
2026-05-12 18:45:00+00:00,9897.695189863827,9897.695189863827,0
2026-05-12 19:00:00+00:00,9897.695189863827,9897.695189863827,0
2026-05-12 19:15:00+00:00,9897.695189863827,9897.695189863827,0
2026-05-12 19:30:00+00:00,9897.695189863827,9897.695189863827,0
2026-05-12 19:45:00+00:00,9897.695189863827,9897.695189863827,0
2026-05-12 20:00:00+00:00,9897.695189863827,9897.695189863827,0
2026-05-12 20:15:00+00:00,9897.695189863827,9897.695189863827,0
2026-05-12 20:30:00+00:00,9897.695189863827,9897.695189863827,0
2026-05-12 20:45:00+00:00,9897.695189863827,9897.695189863827,0
2026-05-12 21:00:00+00:00,9897.695189863827,9897.695189863827,0
2026-05-12 21:15:00+00:00,9897.695189863827,9897.695189863827,0
2026-05-12 21:30:00+00:00,9897.695189863827,9897.695189863827,0
2026-05-12 21:45:00+00:00,9897.695189863827,9897.695189863827,0
2026-05-12 22:00:00+00:00,9897.695189863827,9897.695189863827,0
2026-05-12 22:15:00+00:00,9897.695189863827,9897.695189863827,0
2026-05-12 22:30:00+00:00,9897.695189863827,9897.695189863827,0
2026-05-12 22:45:00+00:00,9897.695189863827,9897.695189863827,0
2026-05-12 23:00:00+00:00,9897.695189863827,9897.695189863827,0
2026-05-12 23:15:00+00:00,9897.695189863827,9897.695189863827,0
2026-05-12 23:30:00+00:00,9897.695189863827,9897.695189863827,0
2026-05-12 23:45:00+00:00,9897.695189863827,9897.695189863827,0
2026-05-13 00:00:00+00:00,9897.695189863827,9897.695189863827,0
2026-05-13 00:15:00+00:00,9897.695189863827,9897.695189863827,0
2026-05-13 00:30:00+00:00,9897.695189863827,9897.695189863827,0
2026-05-13 00:45:00+00:00,9897.695189863827,9897.695189863827,0
2026-05-13 01:00:00+00:00,9897.695189863827,9897.695189863827,0
2026-05-13 01:15:00+00:00,9897.695189863827,9897.695189863827,0
2026-05-13 01:30:00+00:00,9897.695189863827,9897.695189863827,0
2026-05-13 01:45:00+00:00,9897.695189863827,9897.695189863827,0
2026-05-13 02:00:00+00:00,9897.695189863827,9897.695189863827,0
2026-05-13 02:15:00+00:00,9897.695189863827,9897.695189863827,0
2026-05-13 02:30:00+00:00,9897.695189863827,9897.695189863827,0
2026-05-13 02:45:00+00:00,9897.695189863827,9897.695189863827,0
2026-05-13 03:00:00+00:00,9897.695189863827,9897.695189863827,0
2026-05-13 03:15:00+00:00,9897.695189863827,9897.695189863827,0
2026-05-13 03:30:00+00:00,9897.695189863827,9897.695189863827,0
2026-05-13 03:45:00+00:00,9897.695189863827,9897.695189863827,0
2026-05-13 04:00:00+00:00,9897.695189863827,9897.695189863827,0
2026-05-13 04:15:00+00:00,9897.695189863827,9897.695189863827,0
2026-05-13 04:30:00+00:00,9897.695189863827,9897.695189863827,0
2026-05-13 04:45:00+00:00,9897.695189863827,9897.695189863827,0
2026-05-13 05:00:00+00:00,9897.695189863827,9897.695189863827,0
2026-05-13 05:15:00+00:00,9897.695189863827,9897.695189863827,0
2026-05-13 05:30:00+00:00,9897.695189863827,9897.695189863827,0
2026-05-13 05:45:00+00:00,9897.695189863827,9897.695189863827,0
2026-05-13 06:00:00+00:00,9897.695189863827,9897.695189863827,0
2026-05-13 06:15:00+00:00,9897.695189863827,9897.695189863827,0
2026-05-13 06:30:00+00:00,9897.695189863827,9897.695189863827,0
2026-05-13 06:45:00+00:00,9897.695189863827,9897.695189863827,0
2026-05-13 07:00:00+00:00,9897.695189863827,9897.695189863827,0
2026-05-13 07:15:00+00:00,9897.695189863827,9897.695189863827,0
2026-05-13 07:30:00+00:00,9897.695189863827,9897.695189863827,0
2026-05-13 07:45:00+00:00,9897.695189863827,9897.695189863827,0
2026-05-13 08:00:00+00:00,9897.695189863827,9897.695189863827,1
2026-05-13 08:15:00+00:00,9897.695189863827,9900.21863443973,1
2026-05-13 08:30:00+00:00,9909.953386582461,9909.953386582461,0
2026-05-13 08:45:00+00:00,9909.953386582461,9909.953386582461,0
2026-05-13 09:00:00+00:00,9909.953386582461,9909.953386582461,0
2026-05-13 09:15:00+00:00,9909.953386582461,9909.953386582461,0
2026-05-13 09:30:00+00:00,9909.953386582461,9909.953386582461,0
2026-05-13 09:45:00+00:00,9909.953386582461,9909.953386582461,0
2026-05-13 10:00:00+00:00,9909.953386582461,9909.953386582461,0
2026-05-13 10:15:00+00:00,9909.953386582461,9909.953386582461,0
2026-05-13 10:30:00+00:00,9909.953386582461,9909.953386582461,0
2026-05-13 10:45:00+00:00,9909.953386582461,9909.953386582461,0
2026-05-13 11:00:00+00:00,9909.953386582461,9909.953386582461,1
2026-05-13 11:15:00+00:00,9909.953386582461,9911.590960904585,1
2026-05-13 11:30:00+00:00,9909.953386582461,9927.621951636966,1
2026-05-13 11:45:00+00:00,9909.953386582461,9913.113617730422,1
2026-05-13 12:00:00+00:00,9909.953386582461,9923.226357403893,1
2026-05-13 12:15:00+00:00,9909.953386582461,9903.201983675455,1
2026-05-13 12:30:00+00:00,9860.537603264223,9860.537603264223,0
2026-05-13 12:45:00+00:00,9860.537603264223,9860.537603264223,0
2026-05-13 13:00:00+00:00,9860.537603264223,9860.537603264223,0
2026-05-13 13:15:00+00:00,9860.537603264223,9860.537603264223,0
2026-05-13 13:30:00+00:00,9860.537603264223,9860.537603264223,0
2026-05-13 13:45:00+00:00,9860.537603264223,9860.537603264223,0
2026-05-13 14:00:00+00:00,9860.537603264223,9860.537603264223,0
2026-05-13 14:15:00+00:00,9860.537603264223,9860.537603264223,0
2026-05-13 14:30:00+00:00,9860.537603264223,9860.537603264223,0
2026-05-13 14:45:00+00:00,9860.537603264223,9860.537603264223,0
2026-05-13 15:00:00+00:00,9860.537603264223,9860.537603264223,0
2026-05-13 15:15:00+00:00,9860.537603264223,9860.537603264223,0
2026-05-13 15:30:00+00:00,9860.537603264223,9860.537603264223,0
2026-05-13 15:45:00+00:00,9860.537603264223,9860.537603264223,0
2026-05-13 16:00:00+00:00,9860.537603264223,9860.537603264223,0
2026-05-13 16:15:00+00:00,9860.537603264223,9860.537603264223,0
2026-05-13 16:30:00+00:00,9860.537603264223,9860.537603264223,0
2026-05-13 16:45:00+00:00,9860.537603264223,9860.537603264223,0
2026-05-13 17:00:00+00:00,9860.537603264223,9860.537603264223,0
2026-05-13 17:15:00+00:00,9860.537603264223,9860.537603264223,0
2026-05-13 17:30:00+00:00,9860.537603264223,9860.537603264223,0
2026-05-13 17:45:00+00:00,9860.537603264223,9860.537603264223,0
2026-05-13 18:00:00+00:00,9860.537603264223,9860.537603264223,0
2026-05-13 18:15:00+00:00,9860.537603264223,9860.537603264223,0
2026-05-13 18:30:00+00:00,9860.537603264223,9860.537603264223,0
2026-05-13 18:45:00+00:00,9860.537603264223,9860.537603264223,0
2026-05-13 19:00:00+00:00,9860.537603264223,9860.537603264223,0
2026-05-13 19:15:00+00:00,9860.537603264223,9860.537603264223,0
2026-05-13 19:30:00+00:00,9860.537603264223,9860.537603264223,0
2026-05-13 19:45:00+00:00,9860.537603264223,9860.537603264223,0
2026-05-13 20:00:00+00:00,9860.537603264223,9860.537603264223,1
2026-05-13 20:15:00+00:00,9860.537603264223,9868.404191994594,1
2026-05-13 20:30:00+00:00,9860.537603264223,9875.808040211416,1
2026-05-13 20:45:00+00:00,9860.537603264223,9879.047223806274,1
2026-05-13 21:00:00+00:00,9860.537603264223,9862.388565318428,1
2026-05-13 21:15:00+00:00,9860.537603264223,9854.059236074505,2
2026-05-13 21:30:00+00:00,9860.537603264223,9853.905269789959,4
2026-05-13 21:45:00+00:00,9860.537603264223,9840.75902033926,4
2026-05-13 22:00:00+00:00,9821.945270707547,9826.690284859666,4
2026-05-13 22:15:00+00:00,9821.945270707547,9839.505348928808,4
2026-05-13 22:30:00+00:00,9821.945270707547,9864.874411579516,4
2026-05-13 22:45:00+00:00,9821.945270707547,9883.880329644242,4
2026-05-13 23:00:00+00:00,9833.069046554394,9889.026975746043,3
2026-05-13 23:15:00+00:00,9833.069046554394,9883.29489123087,3
2026-05-13 23:30:00+00:00,9833.069046554394,9877.121110593058,3
2026-05-13 23:45:00+00:00,9850.698831815349,9880.624798126357,2
2026-05-14 00:00:00+00:00,9887.166621676151,9887.166621676151,0
2026-05-14 00:15:00+00:00,9887.166621676151,9887.166621676151,0
2026-05-14 00:30:00+00:00,9887.166621676151,9887.166621676151,0
2026-05-14 00:45:00+00:00,9887.166621676151,9887.166621676151,0
2026-05-14 01:00:00+00:00,9887.166621676151,9887.166621676151,0
2026-05-14 01:15:00+00:00,9887.166621676151,9887.166621676151,0
2026-05-14 01:30:00+00:00,9887.166621676151,9887.166621676151,0
2026-05-14 01:45:00+00:00,9887.166621676151,9887.166621676151,0
2026-05-14 02:00:00+00:00,9887.166621676151,9887.166621676151,0
2026-05-14 02:15:00+00:00,9887.166621676151,9887.166621676151,0
2026-05-14 02:30:00+00:00,9887.166621676151,9887.166621676151,0
2026-05-14 02:45:00+00:00,9887.166621676151,9887.166621676151,0
2026-05-14 03:00:00+00:00,9887.166621676151,9887.166621676151,0
2026-05-14 03:15:00+00:00,9887.166621676151,9887.166621676151,0
2026-05-14 03:30:00+00:00,9887.166621676151,9887.166621676151,0
2026-05-14 03:45:00+00:00,9887.166621676151,9887.166621676151,0
2026-05-14 04:00:00+00:00,9887.166621676151,9887.166621676151,0
2026-05-14 04:15:00+00:00,9887.166621676151,9887.166621676151,0
2026-05-14 04:30:00+00:00,9887.166621676151,9887.166621676151,0
2026-05-14 04:45:00+00:00,9887.166621676151,9887.166621676151,0
2026-05-14 05:00:00+00:00,9887.166621676151,9887.166621676151,0
2026-05-14 05:15:00+00:00,9887.166621676151,9887.166621676151,0
2026-05-14 05:30:00+00:00,9887.166621676151,9887.166621676151,0
2026-05-14 05:45:00+00:00,9887.166621676151,9887.166621676151,0
2026-05-14 06:00:00+00:00,9887.166621676151,9887.166621676151,0
2026-05-14 06:15:00+00:00,9887.166621676151,9887.166621676151,0
2026-05-14 06:30:00+00:00,9887.166621676151,9887.166621676151,0
2026-05-14 06:45:00+00:00,9887.166621676151,9887.166621676151,0
2026-05-14 07:00:00+00:00,9887.166621676151,9887.166621676151,0
2026-05-14 07:15:00+00:00,9887.166621676151,9887.166621676151,0
2026-05-14 07:30:00+00:00,9887.166621676151,9887.166621676151,0
2026-05-14 07:45:00+00:00,9887.166621676151,9887.166621676151,0
2026-05-14 08:00:00+00:00,9887.166621676151,9887.166621676151,0
2026-05-14 08:15:00+00:00,9887.166621676151,9887.166621676151,0
2026-05-14 08:30:00+00:00,9887.166621676151,9887.166621676151,0
2026-05-14 08:45:00+00:00,9887.166621676151,9887.166621676151,0
2026-05-14 09:00:00+00:00,9887.166621676151,9887.166621676151,0
2026-05-14 09:15:00+00:00,9887.166621676151,9887.166621676151,0
2026-05-14 09:30:00+00:00,9887.166621676151,9887.166621676151,0
2026-05-14 09:45:00+00:00,9887.166621676151,9887.166621676151,0
2026-05-14 10:00:00+00:00,9887.166621676151,9887.166621676151,0
2026-05-14 10:15:00+00:00,9887.166621676151,9887.166621676151,0
2026-05-14 10:30:00+00:00,9887.166621676151,9887.166621676151,0
2026-05-14 10:45:00+00:00,9887.166621676151,9887.166621676151,0
2026-05-14 11:00:00+00:00,9887.166621676151,9887.166621676151,0
2026-05-14 11:15:00+00:00,9887.166621676151,9887.166621676151,0
2026-05-14 11:30:00+00:00,9887.166621676151,9887.166621676151,0
2026-05-14 11:45:00+00:00,9887.166621676151,9887.166621676151,0
2026-05-14 12:00:00+00:00,9887.166621676151,9887.166621676151,0
2026-05-14 12:15:00+00:00,9887.166621676151,9887.166621676151,0
2026-05-14 12:30:00+00:00,9887.166621676151,9887.166621676151,0
2026-05-14 12:45:00+00:00,9887.166621676151,9887.166621676151,0
2026-05-14 13:00:00+00:00,9887.166621676151,9887.166621676151,0
2026-05-14 13:15:00+00:00,9887.166621676151,9887.166621676151,0
2026-05-14 13:30:00+00:00,9887.166621676151,9887.166621676151,0
2026-05-14 13:45:00+00:00,9887.166621676151,9887.166621676151,0
2026-05-14 14:00:00+00:00,9887.166621676151,9887.166621676151,0
2026-05-14 14:15:00+00:00,9887.166621676151,9887.166621676151,0
2026-05-14 14:30:00+00:00,9887.166621676151,9887.166621676151,0
2026-05-14 14:45:00+00:00,9887.166621676151,9887.166621676151,0
2026-05-14 15:00:00+00:00,9887.166621676151,9887.166621676151,0
2026-05-14 15:15:00+00:00,9887.166621676151,9887.166621676151,0
2026-05-14 15:30:00+00:00,9887.166621676151,9887.166621676151,0
2026-05-14 15:45:00+00:00,9887.166621676151,9887.166621676151,0
2026-05-14 16:00:00+00:00,9887.166621676151,9887.166621676151,0
2026-05-14 16:15:00+00:00,9887.166621676151,9887.166621676151,0
2026-05-14 16:30:00+00:00,9887.166621676151,9887.166621676151,0
2026-05-14 16:45:00+00:00,9887.166621676151,9887.166621676151,0
2026-05-14 17:00:00+00:00,9887.166621676151,9887.166621676151,0
2026-05-14 17:15:00+00:00,9887.166621676151,9887.166621676151,0
2026-05-14 17:30:00+00:00,9887.166621676151,9887.166621676151,0
2026-05-14 17:45:00+00:00,9887.166621676151,9887.166621676151,0
2026-05-14 18:00:00+00:00,9887.166621676151,9887.166621676151,0
2026-05-14 18:15:00+00:00,9887.166621676151,9887.166621676151,0
2026-05-14 18:30:00+00:00,9887.166621676151,9887.166621676151,0
2026-05-14 18:45:00+00:00,9887.166621676151,9887.166621676151,0
2026-05-14 19:00:00+00:00,9887.166621676151,9887.166621676151,0
2026-05-14 19:15:00+00:00,9887.166621676151,9887.166621676151,0
2026-05-14 19:30:00+00:00,9887.166621676151,9887.166621676151,0
2026-05-14 19:45:00+00:00,9887.166621676151,9887.166621676151,0
2026-05-14 20:00:00+00:00,9887.166621676151,9887.166621676151,0
2026-05-14 20:15:00+00:00,9887.166621676151,9887.166621676151,0
2026-05-14 20:30:00+00:00,9887.166621676151,9887.166621676151,0
2026-05-14 20:45:00+00:00,9887.166621676151,9887.166621676151,0
2026-05-14 21:00:00+00:00,9887.166621676151,9887.166621676151,0
2026-05-14 21:15:00+00:00,9887.166621676151,9887.166621676151,0
2026-05-14 21:30:00+00:00,9887.166621676151,9887.166621676151,0
2026-05-14 21:45:00+00:00,9887.166621676151,9887.166621676151,0
2026-05-14 22:00:00+00:00,9887.166621676151,9887.166621676151,0
2026-05-14 22:15:00+00:00,9887.166621676151,9887.166621676151,0
2026-05-14 22:30:00+00:00,9887.166621676151,9887.166621676151,0
2026-05-14 22:45:00+00:00,9887.166621676151,9887.166621676151,0
2026-05-14 23:00:00+00:00,9887.166621676151,9887.166621676151,0
2026-05-14 23:15:00+00:00,9887.166621676151,9887.166621676151,0
2026-05-14 23:30:00+00:00,9887.166621676151,9887.166621676151,0
2026-05-14 23:45:00+00:00,9887.166621676151,9887.166621676151,0
2026-05-15 00:00:00+00:00,9887.166621676151,9887.166621676151,0
2026-05-15 00:15:00+00:00,9887.166621676151,9887.166621676151,0
2026-05-15 00:30:00+00:00,9887.166621676151,9887.166621676151,0
2026-05-15 00:45:00+00:00,9887.166621676151,9887.166621676151,0
2026-05-15 01:00:00+00:00,9887.166621676151,9887.166621676151,0
2026-05-15 01:15:00+00:00,9887.166621676151,9887.166621676151,0
2026-05-15 01:30:00+00:00,9887.166621676151,9887.166621676151,0
2026-05-15 01:45:00+00:00,9887.166621676151,9887.166621676151,0
2026-05-15 02:00:00+00:00,9887.166621676151,9887.166621676151,0
2026-05-15 02:15:00+00:00,9887.166621676151,9887.166621676151,0
2026-05-15 02:30:00+00:00,9887.166621676151,9887.166621676151,0
2026-05-15 02:45:00+00:00,9887.166621676151,9887.166621676151,0
2026-05-15 03:00:00+00:00,9887.166621676151,9887.166621676151,0
2026-05-15 03:15:00+00:00,9887.166621676151,9887.166621676151,0
2026-05-15 03:30:00+00:00,9887.166621676151,9887.166621676151,0
2026-05-15 03:45:00+00:00,9887.166621676151,9887.166621676151,0
2026-05-15 04:00:00+00:00,9887.166621676151,9887.166621676151,0
2026-05-15 04:15:00+00:00,9887.166621676151,9887.166621676151,0
2026-05-15 04:30:00+00:00,9887.166621676151,9887.166621676151,0
2026-05-15 04:45:00+00:00,9887.166621676151,9887.166621676151,0
2026-05-15 05:00:00+00:00,9887.166621676151,9887.166621676151,0
2026-05-15 05:15:00+00:00,9887.166621676151,9887.166621676151,0
2026-05-15 05:30:00+00:00,9887.166621676151,9887.166621676151,0
2026-05-15 05:45:00+00:00,9887.166621676151,9887.166621676151,0
2026-05-15 06:00:00+00:00,9887.166621676151,9887.166621676151,0
2026-05-15 06:15:00+00:00,9887.166621676151,9887.166621676151,0
2026-05-15 06:30:00+00:00,9887.166621676151,9887.166621676151,0
2026-05-15 06:45:00+00:00,9887.166621676151,9887.166621676151,0
2026-05-15 07:00:00+00:00,9887.166621676151,9887.166621676151,0
2026-05-15 07:15:00+00:00,9887.166621676151,9887.166621676151,0
2026-05-15 07:30:00+00:00,9887.166621676151,9887.166621676151,0
2026-05-15 07:45:00+00:00,9887.166621676151,9887.166621676151,0
2026-05-15 08:00:00+00:00,9887.166621676151,9887.166621676151,0
2026-05-15 08:15:00+00:00,9887.166621676151,9887.166621676151,0
2026-05-15 08:30:00+00:00,9887.166621676151,9887.166621676151,0
2026-05-15 08:45:00+00:00,9887.166621676151,9887.166621676151,0
2026-05-15 09:00:00+00:00,9887.166621676151,9887.166621676151,0
2026-05-15 09:15:00+00:00,9887.166621676151,9887.166621676151,0
2026-05-15 09:30:00+00:00,9887.166621676151,9887.166621676151,0
2026-05-15 09:45:00+00:00,9887.166621676151,9887.166621676151,0
2026-05-15 10:00:00+00:00,9887.166621676151,9887.166621676151,0
2026-05-15 10:15:00+00:00,9887.166621676151,9887.166621676151,0
2026-05-15 10:30:00+00:00,9887.166621676151,9887.166621676151,0
2026-05-15 10:45:00+00:00,9887.166621676151,9887.166621676151,0
2026-05-15 11:00:00+00:00,9887.166621676151,9887.166621676151,0
2026-05-15 11:15:00+00:00,9887.166621676151,9887.166621676151,0
2026-05-15 11:30:00+00:00,9887.166621676151,9887.166621676151,0
2026-05-15 11:45:00+00:00,9887.166621676151,9887.166621676151,0
2026-05-15 12:00:00+00:00,9887.166621676151,9887.166621676151,0
2026-05-15 12:15:00+00:00,9887.166621676151,9887.166621676151,0
2026-05-15 12:30:00+00:00,9887.166621676151,9887.166621676151,0
2026-05-15 12:45:00+00:00,9887.166621676151,9887.166621676151,0
2026-05-15 13:00:00+00:00,9887.166621676151,9887.166621676151,0
2026-05-15 13:15:00+00:00,9887.166621676151,9887.166621676151,0
2026-05-15 13:30:00+00:00,9887.166621676151,9887.166621676151,0
2026-05-15 13:45:00+00:00,9887.166621676151,9887.166621676151,0
2026-05-15 14:00:00+00:00,9887.166621676151,9887.166621676151,0
2026-05-15 14:15:00+00:00,9887.166621676151,9887.166621676151,0
2026-05-15 14:30:00+00:00,9887.166621676151,9887.166621676151,0
2026-05-15 14:45:00+00:00,9887.166621676151,9887.166621676151,0
2026-05-15 15:00:00+00:00,9887.166621676151,9887.166621676151,0
2026-05-15 15:15:00+00:00,9887.166621676151,9887.166621676151,0
2026-05-15 15:30:00+00:00,9887.166621676151,9887.166621676151,0
2026-05-15 15:45:00+00:00,9887.166621676151,9887.166621676151,0
2026-05-15 16:00:00+00:00,9887.166621676151,9887.166621676151,0
2026-05-15 16:15:00+00:00,9887.166621676151,9887.166621676151,0
2026-05-15 16:30:00+00:00,9887.166621676151,9887.166621676151,0
2026-05-15 16:45:00+00:00,9887.166621676151,9887.166621676151,0
2026-05-15 17:00:00+00:00,9887.166621676151,9887.166621676151,0
2026-05-15 17:15:00+00:00,9887.166621676151,9887.166621676151,0
2026-05-15 17:30:00+00:00,9887.166621676151,9887.166621676151,0
2026-05-15 17:45:00+00:00,9887.166621676151,9887.166621676151,0
2026-05-15 18:00:00+00:00,9887.166621676151,9887.166621676151,0
2026-05-15 18:15:00+00:00,9887.166621676151,9887.166621676151,0
2026-05-15 18:30:00+00:00,9887.166621676151,9887.166621676151,0
2026-05-15 18:45:00+00:00,9887.166621676151,9887.166621676151,0
2026-05-15 19:00:00+00:00,9887.166621676151,9887.166621676151,0
2026-05-15 19:15:00+00:00,9887.166621676151,9887.166621676151,0
2026-05-15 19:30:00+00:00,9887.166621676151,9887.166621676151,0
2026-05-15 19:45:00+00:00,9887.166621676151,9887.166621676151,0
2026-05-15 20:00:00+00:00,9887.166621676151,9887.166621676151,1
2026-05-15 20:15:00+00:00,9887.166621676151,9893.454837638781,1
2026-05-15 20:30:00+00:00,9887.166621676151,9878.594478217661,1
2026-05-15 20:45:00+00:00,9887.166621676151,9877.585990751955,1
2026-05-15 21:00:00+00:00,9887.166621676151,9891.645492479722,1
2026-05-15 21:15:00+00:00,9887.166621676151,9880.937728505622,1
2026-05-15 21:30:00+00:00,9887.166621676151,9880.285177792517,1
2026-05-15 21:45:00+00:00,9887.166621676151,9868.865540313214,2
2026-05-15 22:00:00+00:00,9904.85163531794,9897.970191434306,1
2026-05-15 22:15:00+00:00,9904.85163531794,9899.097324484212,1
2026-05-15 22:30:00+00:00,9904.85163531794,9904.050777624587,1
2026-05-15 22:45:00+00:00,9904.85163531794,9906.809287457249,1
2026-05-15 23:00:00+00:00,9904.85163531794,9903.338904119382,1
2026-05-15 23:15:00+00:00,9904.85163531794,9909.449151705712,1
2026-05-15 23:30:00+00:00,9904.85163531794,9912.682243875177,1
2026-05-15 23:45:00+00:00,9904.85163531794,9909.03389216101,1
2026-05-16 00:00:00+00:00,9904.85163531794,9919.178089610159,1
2026-05-16 00:15:00+00:00,9904.85163531794,9925.822242325392,1
2026-05-16 00:30:00+00:00,9904.85163531794,9919.14842821411,1
2026-05-16 00:45:00+00:00,9904.85163531794,9916.508563965646,1
2026-05-16 01:00:00+00:00,9904.85163531794,9921.313710125769,1
2026-05-16 01:15:00+00:00,9904.85163531794,9906.7796260612,1
2026-05-16 01:30:00+00:00,9904.85163531794,9908.055066091356,1
2026-05-16 01:45:00+00:00,9904.85163531794,9923.50865343348,1
2026-05-16 02:00:00+00:00,9904.85163531794,9926.474793038495,1
2026-05-16 02:15:00+00:00,9904.85163531794,9919.623010550911,1
2026-05-16 02:30:00+00:00,9904.85163531794,9918.940798441758,1
2026-05-16 02:45:00+00:00,9904.85163531794,9923.983235770282,1
2026-05-16 03:00:00+00:00,9904.85163531794,9924.190865542632,1
2026-05-16 03:15:00+00:00,9904.85163531794,9925.199353008338,1
2026-05-16 03:30:00+00:00,9904.85163531794,9916.716193737997,1
2026-05-16 03:45:00+00:00,9904.85163531794,9917.872988183952,1
2026-05-16 04:00:00+00:00,9904.85163531794,9913.06784202383,1
2026-05-16 04:15:00+00:00,9904.85163531794,9910.398316379316,1
2026-05-16 04:30:00+00:00,9904.85163531794,9904.673666941639,1
2026-05-16 04:45:00+00:00,9904.85163531794,9912.652582479128,1
2026-05-16 05:00:00+00:00,9904.85163531794,9912.919535043578,1
2026-05-16 05:15:00+00:00,9904.85163531794,9913.809376925083,1
2026-05-16 05:30:00+00:00,9904.85163531794,9911.970370369974,1
2026-05-16 05:45:00+00:00,9904.85163531794,9911.406803845022,1
2026-05-16 06:00:00+00:00,9904.85163531794,9903.249919931233,1
2026-05-16 06:15:00+00:00,9904.85163531794,9895.271004393744,1
2026-05-16 06:30:00+00:00,9904.85163531794,9884.681886003844,1
2026-05-16 06:45:00+00:00,9860.798230809132,9860.798230809132,0
2026-05-16 07:00:00+00:00,9860.798230809132,9860.798230809132,0
2026-05-16 07:15:00+00:00,9860.798230809132,9860.798230809132,0
2026-05-16 07:30:00+00:00,9860.798230809132,9860.798230809132,0
2026-05-16 07:45:00+00:00,9860.798230809132,9860.798230809132,0
2026-05-16 08:00:00+00:00,9860.798230809132,9860.798230809132,0
2026-05-16 08:15:00+00:00,9860.798230809132,9860.798230809132,0
2026-05-16 08:30:00+00:00,9860.798230809132,9860.798230809132,0
2026-05-16 08:45:00+00:00,9860.798230809132,9860.798230809132,0
2026-05-16 09:00:00+00:00,9860.798230809132,9860.798230809132,0
2026-05-16 09:15:00+00:00,9860.798230809132,9860.798230809132,0
2026-05-16 09:30:00+00:00,9860.798230809132,9860.798230809132,0
2026-05-16 09:45:00+00:00,9860.798230809132,9860.798230809132,0
2026-05-16 10:00:00+00:00,9860.798230809132,9860.798230809132,0
2026-05-16 10:15:00+00:00,9860.798230809132,9860.798230809132,0
2026-05-16 10:30:00+00:00,9860.798230809132,9860.798230809132,0
2026-05-16 10:45:00+00:00,9860.798230809132,9860.798230809132,0
2026-05-16 11:00:00+00:00,9860.798230809132,9860.798230809132,0
2026-05-16 11:15:00+00:00,9860.798230809132,9860.798230809132,0
2026-05-16 11:30:00+00:00,9860.798230809132,9860.798230809132,0
2026-05-16 11:45:00+00:00,9860.798230809132,9860.798230809132,0
2026-05-16 12:00:00+00:00,9860.798230809132,9860.798230809132,0
2026-05-16 12:15:00+00:00,9860.798230809132,9860.798230809132,0
2026-05-16 12:30:00+00:00,9860.798230809132,9860.798230809132,0
2026-05-16 12:45:00+00:00,9860.798230809132,9860.798230809132,0
2026-05-16 13:00:00+00:00,9860.798230809132,9860.798230809132,0
2026-05-16 13:15:00+00:00,9860.798230809132,9860.798230809132,0
2026-05-16 13:30:00+00:00,9860.798230809132,9860.798230809132,0
2026-05-16 13:45:00+00:00,9860.798230809132,9860.798230809132,0
2026-05-16 14:00:00+00:00,9860.798230809132,9860.798230809132,0
2026-05-16 14:15:00+00:00,9860.798230809132,9860.798230809132,0
2026-05-16 14:30:00+00:00,9860.798230809132,9860.798230809132,0
2026-05-16 14:45:00+00:00,9860.798230809132,9860.798230809132,0
2026-05-16 15:00:00+00:00,9860.798230809132,9860.798230809132,0
2026-05-16 15:15:00+00:00,9860.798230809132,9860.798230809132,0
2026-05-16 15:30:00+00:00,9860.798230809132,9860.798230809132,0
2026-05-16 15:45:00+00:00,9860.798230809132,9860.798230809132,0
2026-05-16 16:00:00+00:00,9860.798230809132,9860.798230809132,0
2026-05-16 16:15:00+00:00,9860.798230809132,9860.798230809132,0
2026-05-16 16:30:00+00:00,9860.798230809132,9860.798230809132,0
2026-05-16 16:45:00+00:00,9860.798230809132,9860.798230809132,0
2026-05-16 17:00:00+00:00,9860.798230809132,9860.798230809132,0
2026-05-16 17:15:00+00:00,9860.798230809132,9860.798230809132,0
2026-05-16 17:30:00+00:00,9860.798230809132,9860.798230809132,0
2026-05-16 17:45:00+00:00,9860.798230809132,9860.798230809132,0
2026-05-16 18:00:00+00:00,9860.798230809132,9860.798230809132,0
2026-05-16 18:15:00+00:00,9860.798230809132,9860.798230809132,0
2026-05-16 18:30:00+00:00,9860.798230809132,9860.798230809132,0
2026-05-16 18:45:00+00:00,9860.798230809132,9860.798230809132,0
2026-05-16 19:00:00+00:00,9860.798230809132,9860.798230809132,0
2026-05-16 19:15:00+00:00,9860.798230809132,9860.798230809132,0
2026-05-16 19:30:00+00:00,9860.798230809132,9860.798230809132,0
2026-05-16 19:45:00+00:00,9860.798230809132,9860.798230809132,0
2026-05-16 20:00:00+00:00,9860.798230809132,9860.798230809132,0
2026-05-16 20:15:00+00:00,9860.798230809132,9860.798230809132,0
2026-05-16 20:30:00+00:00,9860.798230809132,9860.798230809132,0
2026-05-16 20:45:00+00:00,9860.798230809132,9860.798230809132,0
2026-05-16 21:00:00+00:00,9860.798230809132,9860.798230809132,0
2026-05-16 21:15:00+00:00,9860.798230809132,9860.798230809132,0
2026-05-16 21:30:00+00:00,9860.798230809132,9860.798230809132,0
2026-05-16 21:45:00+00:00,9860.798230809132,9860.798230809132,0
2026-05-16 22:00:00+00:00,9860.798230809132,9860.798230809132,0
2026-05-16 22:15:00+00:00,9860.798230809132,9860.798230809132,0
2026-05-16 22:30:00+00:00,9860.798230809132,9860.798230809132,0
2026-05-16 22:45:00+00:00,9860.798230809132,9860.798230809132,1
2026-05-16 23:00:00+00:00,9860.798230809132,9861.130052254757,1
2026-05-16 23:15:00+00:00,9860.798230809132,9866.077208353166,1
2026-05-16 23:30:00+00:00,9860.798230809132,9865.926380423336,2
2026-05-16 23:45:00+00:00,9860.798230809132,9860.061263612899,2
2026-05-17 00:00:00+00:00,9831.637425823285,9831.637425823285,0
2026-05-17 00:15:00+00:00,9831.637425823285,9831.637425823285,0
2026-05-17 00:30:00+00:00,9831.637425823285,9831.637425823285,0
2026-05-17 00:45:00+00:00,9831.637425823285,9831.637425823285,0
2026-05-17 01:00:00+00:00,9831.637425823285,9831.637425823285,0
2026-05-17 01:15:00+00:00,9831.637425823285,9831.637425823285,0
2026-05-17 01:30:00+00:00,9831.637425823285,9831.637425823285,0
2026-05-17 01:45:00+00:00,9831.637425823285,9831.637425823285,0
2026-05-17 02:00:00+00:00,9831.637425823285,9831.637425823285,0
2026-05-17 02:15:00+00:00,9831.637425823285,9831.637425823285,0
2026-05-17 02:30:00+00:00,9831.637425823285,9831.637425823285,0
2026-05-17 02:45:00+00:00,9831.637425823285,9831.637425823285,0
2026-05-17 03:00:00+00:00,9831.637425823285,9831.637425823285,0
2026-05-17 03:15:00+00:00,9831.637425823285,9831.637425823285,0
2026-05-17 03:30:00+00:00,9831.637425823285,9831.637425823285,0
2026-05-17 03:45:00+00:00,9831.637425823285,9831.637425823285,0
2026-05-17 04:00:00+00:00,9831.637425823285,9831.637425823285,0
2026-05-17 04:15:00+00:00,9831.637425823285,9831.637425823285,0
2026-05-17 04:30:00+00:00,9831.637425823285,9831.637425823285,0
2026-05-17 04:45:00+00:00,9831.637425823285,9831.637425823285,0
2026-05-17 05:00:00+00:00,9831.637425823285,9831.637425823285,0
2026-05-17 05:15:00+00:00,9831.637425823285,9831.637425823285,0
2026-05-17 05:30:00+00:00,9831.637425823285,9831.637425823285,0
2026-05-17 05:45:00+00:00,9831.637425823285,9831.637425823285,0
2026-05-17 06:00:00+00:00,9831.637425823285,9831.637425823285,0
2026-05-17 06:15:00+00:00,9831.637425823285,9831.637425823285,0
2026-05-17 06:30:00+00:00,9831.637425823285,9831.637425823285,0
2026-05-17 06:45:00+00:00,9831.637425823285,9831.637425823285,0
2026-05-17 07:00:00+00:00,9831.637425823285,9831.637425823285,0
2026-05-17 07:15:00+00:00,9831.637425823285,9831.637425823285,0
2026-05-17 07:30:00+00:00,9831.637425823285,9831.637425823285,0
2026-05-17 07:45:00+00:00,9831.637425823285,9831.637425823285,0
2026-05-17 08:00:00+00:00,9831.637425823285,9831.637425823285,1
2026-05-17 08:15:00+00:00,9831.637425823285,9829.026949902109,1
2026-05-17 08:30:00+00:00,9831.637425823285,9834.007857981594,3
2026-05-17 08:45:00+00:00,9831.637425823285,9826.39827112751,3
2026-05-17 09:00:00+00:00,9831.637425823285,9844.359334199711,3
2026-05-17 09:15:00+00:00,9831.637425823285,9858.819431528842,3
2026-05-17 09:30:00+00:00,9831.637425823285,9849.712024713068,3
2026-05-17 09:45:00+00:00,9838.084017925079,9852.066567112071,1
2026-05-17 10:00:00+00:00,9846.819113390893,9846.819113390893,0
2026-05-17 10:15:00+00:00,9846.819113390893,9846.819113390893,0
2026-05-17 10:30:00+00:00,9846.819113390893,9846.819113390893,0
2026-05-17 10:45:00+00:00,9846.819113390893,9846.819113390893,0
2026-05-17 11:00:00+00:00,9846.819113390893,9846.819113390893,0
2026-05-17 11:15:00+00:00,9846.819113390893,9846.819113390893,0
2026-05-17 11:30:00+00:00,9846.819113390893,9846.819113390893,0
2026-05-17 11:45:00+00:00,9846.819113390893,9846.819113390893,0
2026-05-17 12:00:00+00:00,9846.819113390893,9846.819113390893,0
2026-05-17 12:15:00+00:00,9846.819113390893,9846.819113390893,0
2026-05-17 12:30:00+00:00,9846.819113390893,9846.819113390893,0
2026-05-17 12:45:00+00:00,9846.819113390893,9846.819113390893,0
2026-05-17 13:00:00+00:00,9846.819113390893,9846.819113390893,0
2026-05-17 13:15:00+00:00,9846.819113390893,9846.819113390893,0
2026-05-17 13:30:00+00:00,9846.819113390893,9846.819113390893,0
2026-05-17 13:45:00+00:00,9846.819113390893,9846.819113390893,0
2026-05-17 14:00:00+00:00,9846.819113390893,9846.819113390893,0
2026-05-17 14:15:00+00:00,9846.819113390893,9846.819113390893,0
2026-05-17 14:30:00+00:00,9846.819113390893,9846.819113390893,0
2026-05-17 14:45:00+00:00,9846.819113390893,9846.819113390893,0
2026-05-17 15:00:00+00:00,9846.819113390893,9846.819113390893,0
2026-05-17 15:15:00+00:00,9846.819113390893,9846.819113390893,0
2026-05-17 15:30:00+00:00,9846.819113390893,9846.819113390893,0
2026-05-17 15:45:00+00:00,9846.819113390893,9846.819113390893,0
2026-05-17 16:00:00+00:00,9846.819113390893,9846.819113390893,0
2026-05-17 16:15:00+00:00,9846.819113390893,9846.819113390893,0
2026-05-17 16:30:00+00:00,9846.819113390893,9846.819113390893,0
2026-05-17 16:45:00+00:00,9846.819113390893,9846.819113390893,0
2026-05-17 17:00:00+00:00,9846.819113390893,9846.819113390893,0
2026-05-17 17:15:00+00:00,9846.819113390893,9846.819113390893,0
2026-05-17 17:30:00+00:00,9846.819113390893,9846.819113390893,0
2026-05-17 17:45:00+00:00,9846.819113390893,9846.819113390893,0
2026-05-17 18:00:00+00:00,9846.819113390893,9846.819113390893,0
2026-05-17 18:15:00+00:00,9846.819113390893,9846.819113390893,0
2026-05-17 18:30:00+00:00,9846.819113390893,9846.819113390893,0
2026-05-17 18:45:00+00:00,9846.819113390893,9846.819113390893,0
2026-05-17 19:00:00+00:00,9846.819113390893,9846.819113390893,0
2026-05-17 19:15:00+00:00,9846.819113390893,9846.819113390893,0
2026-05-17 19:30:00+00:00,9846.819113390893,9846.819113390893,0
2026-05-17 19:45:00+00:00,9846.819113390893,9846.819113390893,0
2026-05-17 20:00:00+00:00,9846.819113390893,9846.819113390893,0
2026-05-17 20:15:00+00:00,9846.819113390893,9846.819113390893,0
2026-05-17 20:30:00+00:00,9846.819113390893,9846.819113390893,0
2026-05-17 20:45:00+00:00,9846.819113390893,9846.819113390893,0
2026-05-17 21:00:00+00:00,9846.819113390893,9846.819113390893,0
2026-05-17 21:15:00+00:00,9846.819113390893,9846.819113390893,0
2026-05-17 21:30:00+00:00,9846.819113390893,9846.819113390893,0
2026-05-17 21:45:00+00:00,9846.819113390893,9846.819113390893,0
2026-05-17 22:00:00+00:00,9846.819113390893,9846.819113390893,0
2026-05-17 22:15:00+00:00,9846.819113390893,9846.819113390893,0
2026-05-17 22:30:00+00:00,9846.819113390893,9846.819113390893,0
2026-05-17 22:45:00+00:00,9846.819113390893,9846.819113390893,0
2026-05-17 23:00:00+00:00,9846.819113390893,9846.819113390893,0
2026-05-17 23:15:00+00:00,9846.819113390893,9846.819113390893,0
2026-05-17 23:30:00+00:00,9846.819113390893,9846.819113390893,0
2026-05-17 23:45:00+00:00,9846.819113390893,9846.819113390893,0
2026-05-18 00:00:00+00:00,9846.819113390893,9846.819113390893,0
2026-05-18 00:15:00+00:00,9846.819113390893,9846.819113390893,0
2026-05-18 00:30:00+00:00,9846.819113390893,9846.819113390893,0
2026-05-18 00:45:00+00:00,9846.819113390893,9846.819113390893,0
2026-05-18 01:00:00+00:00,9846.819113390893,9846.819113390893,0
2026-05-18 01:15:00+00:00,9846.819113390893,9846.819113390893,0
2026-05-18 01:30:00+00:00,9846.819113390893,9846.819113390893,0
2026-05-18 01:45:00+00:00,9846.819113390893,9846.819113390893,0
2026-05-18 02:00:00+00:00,9846.819113390893,9846.819113390893,0
2026-05-18 02:15:00+00:00,9846.819113390893,9846.819113390893,0
2026-05-18 02:30:00+00:00,9846.819113390893,9846.819113390893,0
2026-05-18 02:45:00+00:00,9846.819113390893,9846.819113390893,0
2026-05-18 03:00:00+00:00,9846.819113390893,9846.819113390893,0
2026-05-18 03:15:00+00:00,9846.819113390893,9846.819113390893,0
2026-05-18 03:30:00+00:00,9846.819113390893,9846.819113390893,0
2026-05-18 03:45:00+00:00,9846.819113390893,9846.819113390893,0
2026-05-18 04:00:00+00:00,9846.819113390893,9846.819113390893,0
2026-05-18 04:15:00+00:00,9846.819113390893,9846.819113390893,0
2026-05-18 04:30:00+00:00,9846.819113390893,9846.819113390893,0
2026-05-18 04:45:00+00:00,9846.819113390893,9846.819113390893,0
2026-05-18 05:00:00+00:00,9846.819113390893,9846.819113390893,0
2026-05-18 05:15:00+00:00,9846.819113390893,9846.819113390893,0
2026-05-18 05:30:00+00:00,9846.819113390893,9846.819113390893,0
2026-05-18 05:45:00+00:00,9846.819113390893,9846.819113390893,0
2026-05-18 06:00:00+00:00,9846.819113390893,9846.819113390893,0
2026-05-18 06:15:00+00:00,9846.819113390893,9846.819113390893,0
2026-05-18 06:30:00+00:00,9846.819113390893,9846.819113390893,0
2026-05-18 06:45:00+00:00,9846.819113390893,9846.819113390893,0
2026-05-18 07:00:00+00:00,9846.819113390893,9846.819113390893,1
2026-05-18 07:15:00+00:00,9846.819113390893,9854.07618232692,1
2026-05-18 07:30:00+00:00,9846.819113390893,9841.112700210428,1
2026-05-18 07:45:00+00:00,9846.819113390893,9855.874943003373,1
2026-05-18 08:00:00+00:00,9846.819113390893,9857.394585643824,4
2026-05-18 08:15:00+00:00,9846.819113390893,9840.831611004034,4
2026-05-18 08:30:00+00:00,9846.819113390893,9809.17972853844,4
2026-05-18 08:45:00+00:00,9846.819113390893,9870.31803637733,4
2026-05-18 09:00:00+00:00,9846.819113390893,9803.220768536237,4
2026-05-18 09:15:00+00:00,9846.819113390893,9806.15974966365,4
2026-05-18 09:30:00+00:00,9846.819113390893,9807.925480975786,4
2026-05-18 09:45:00+00:00,9846.819113390893,9776.444162943815,4
2026-05-18 10:00:00+00:00,9846.819113390893,9741.89351898648,4
2026-05-18 10:15:00+00:00,9846.819113390893,9755.868420059622,4
2026-05-18 10:30:00+00:00,9788.530791122455,9724.493574443597,4
2026-05-18 10:45:00+00:00,9788.530791122455,9709.344064731242,5
2026-05-18 11:00:00+00:00,9788.530791122455,9699.958711883388,5
2026-05-18 11:15:00+00:00,9788.530791122455,9739.67388305966,5
2026-05-18 11:30:00+00:00,9901.46067391051,9934.759657188855,1
2026-05-18 11:45:00+00:00,9901.46067391051,9913.076598309934,1
2026-05-18 12:00:00+00:00,9901.46067391051,9937.857237028702,1
2026-05-18 12:15:00+00:00,9934.700087028034,9934.700087028034,0
2026-05-18 12:30:00+00:00,9934.700087028034,9934.700087028034,0
2026-05-18 12:45:00+00:00,9934.700087028034,9934.700087028034,0
2026-05-18 13:00:00+00:00,9934.700087028034,9934.700087028034,0
2026-05-18 13:15:00+00:00,9934.700087028034,9934.700087028034,0
2026-05-18 13:30:00+00:00,9934.700087028034,9934.700087028034,0
2026-05-18 13:45:00+00:00,9934.700087028034,9934.700087028034,0
2026-05-18 14:00:00+00:00,9934.700087028034,9934.700087028034,0
2026-05-18 14:15:00+00:00,9934.700087028034,9934.700087028034,0
2026-05-18 14:30:00+00:00,9934.700087028034,9934.700087028034,0
2026-05-18 14:45:00+00:00,9934.700087028034,9934.700087028034,0
2026-05-18 15:00:00+00:00,9934.700087028034,9934.700087028034,0
2026-05-18 15:15:00+00:00,9934.700087028034,9934.700087028034,0
2026-05-18 15:30:00+00:00,9934.700087028034,9934.700087028034,0
2026-05-18 15:45:00+00:00,9934.700087028034,9934.700087028034,0
2026-05-18 16:00:00+00:00,9934.700087028034,9934.700087028034,0
2026-05-18 16:15:00+00:00,9934.700087028034,9934.700087028034,0
2026-05-18 16:30:00+00:00,9934.700087028034,9934.700087028034,0
2026-05-18 16:45:00+00:00,9934.700087028034,9934.700087028034,0
2026-05-18 17:00:00+00:00,9934.700087028034,9934.700087028034,0
2026-05-18 17:15:00+00:00,9934.700087028034,9934.700087028034,0
2026-05-18 17:30:00+00:00,9934.700087028034,9934.700087028034,0
2026-05-18 17:45:00+00:00,9934.700087028034,9934.700087028034,0
2026-05-18 18:00:00+00:00,9934.700087028034,9934.700087028034,0
2026-05-18 18:15:00+00:00,9934.700087028034,9934.700087028034,0
2026-05-18 18:30:00+00:00,9934.700087028034,9934.700087028034,0
2026-05-18 18:45:00+00:00,9934.700087028034,9934.700087028034,0
2026-05-18 19:00:00+00:00,9934.700087028034,9934.700087028034,0
2026-05-18 19:15:00+00:00,9934.700087028034,9934.700087028034,0
2026-05-18 19:30:00+00:00,9934.700087028034,9934.700087028034,0
2026-05-18 19:45:00+00:00,9934.700087028034,9934.700087028034,0
2026-05-18 20:00:00+00:00,9934.700087028034,9934.700087028034,0
2026-05-18 20:15:00+00:00,9934.700087028034,9934.700087028034,0
2026-05-18 20:30:00+00:00,9934.700087028034,9934.700087028034,0
2026-05-18 20:45:00+00:00,9934.700087028034,9934.700087028034,0
2026-05-18 21:00:00+00:00,9934.700087028034,9934.700087028034,0
2026-05-18 21:15:00+00:00,9934.700087028034,9934.700087028034,0
2026-05-18 21:30:00+00:00,9934.700087028034,9934.700087028034,0
2026-05-18 21:45:00+00:00,9934.700087028034,9934.700087028034,0
2026-05-18 22:00:00+00:00,9934.700087028034,9934.700087028034,0
2026-05-18 22:15:00+00:00,9934.700087028034,9934.700087028034,0
2026-05-18 22:30:00+00:00,9934.700087028034,9934.700087028034,0
2026-05-18 22:45:00+00:00,9934.700087028034,9934.700087028034,0
2026-05-18 23:00:00+00:00,9934.700087028034,9934.700087028034,0
2026-05-18 23:15:00+00:00,9934.700087028034,9934.700087028034,0
2026-05-18 23:30:00+00:00,9934.700087028034,9934.700087028034,0
2026-05-18 23:45:00+00:00,9934.700087028034,9934.700087028034,1
2026-05-19 00:00:00+00:00,9934.700087028034,9949.478546333577,1
2026-05-19 00:15:00+00:00,9955.11322892368,9955.11322892368,0
2026-05-19 00:30:00+00:00,9955.11322892368,9955.11322892368,0
2026-05-19 00:45:00+00:00,9955.11322892368,9955.11322892368,0
2026-05-19 01:00:00+00:00,9955.11322892368,9955.11322892368,0
2026-05-19 01:15:00+00:00,9955.11322892368,9955.11322892368,0
2026-05-19 01:30:00+00:00,9955.11322892368,9955.11322892368,0
2026-05-19 01:45:00+00:00,9955.11322892368,9955.11322892368,0
2026-05-19 02:00:00+00:00,9955.11322892368,9955.11322892368,0
2026-05-19 02:15:00+00:00,9955.11322892368,9955.11322892368,0
2026-05-19 02:30:00+00:00,9955.11322892368,9955.11322892368,0
2026-05-19 02:45:00+00:00,9955.11322892368,9955.11322892368,0
2026-05-19 03:00:00+00:00,9955.11322892368,9955.11322892368,0
2026-05-19 03:15:00+00:00,9955.11322892368,9955.11322892368,0
2026-05-19 03:30:00+00:00,9955.11322892368,9955.11322892368,0
2026-05-19 03:45:00+00:00,9955.11322892368,9955.11322892368,0
2026-05-19 04:00:00+00:00,9955.11322892368,9955.11322892368,0
2026-05-19 04:15:00+00:00,9955.11322892368,9955.11322892368,0
2026-05-19 04:30:00+00:00,9955.11322892368,9955.11322892368,0
2026-05-19 04:45:00+00:00,9955.11322892368,9955.11322892368,0
2026-05-19 05:00:00+00:00,9955.11322892368,9955.11322892368,0
2026-05-19 05:15:00+00:00,9955.11322892368,9955.11322892368,0
2026-05-19 05:30:00+00:00,9955.11322892368,9955.11322892368,0
2026-05-19 05:45:00+00:00,9955.11322892368,9955.11322892368,0
2026-05-19 06:00:00+00:00,9955.11322892368,9955.11322892368,0
2026-05-19 06:15:00+00:00,9955.11322892368,9955.11322892368,0
2026-05-19 06:30:00+00:00,9955.11322892368,9955.11322892368,0
2026-05-19 06:45:00+00:00,9955.11322892368,9955.11322892368,0
2026-05-19 07:00:00+00:00,9955.11322892368,9955.11322892368,0
2026-05-19 07:15:00+00:00,9955.11322892368,9955.11322892368,0
2026-05-19 07:30:00+00:00,9955.11322892368,9955.11322892368,0
2026-05-19 07:45:00+00:00,9955.11322892368,9955.11322892368,0
2026-05-19 08:00:00+00:00,9955.11322892368,9955.11322892368,0
2026-05-19 08:15:00+00:00,9955.11322892368,9955.11322892368,0
2026-05-19 08:30:00+00:00,9955.11322892368,9955.11322892368,0
2026-05-19 08:45:00+00:00,9955.11322892368,9955.11322892368,0
2026-05-19 09:00:00+00:00,9955.11322892368,9955.11322892368,0
2026-05-19 09:15:00+00:00,9955.11322892368,9955.11322892368,0
2026-05-19 09:30:00+00:00,9955.11322892368,9955.11322892368,0
2026-05-19 09:45:00+00:00,9955.11322892368,9955.11322892368,0
2026-05-19 10:00:00+00:00,9955.11322892368,9955.11322892368,0
2026-05-19 10:15:00+00:00,9955.11322892368,9955.11322892368,0
2026-05-19 10:30:00+00:00,9955.11322892368,9955.11322892368,0
2026-05-19 10:45:00+00:00,9955.11322892368,9955.11322892368,0
2026-05-19 11:00:00+00:00,9955.11322892368,9955.11322892368,0
2026-05-19 11:15:00+00:00,9955.11322892368,9955.11322892368,0
2026-05-19 11:30:00+00:00,9955.11322892368,9955.11322892368,0
2026-05-19 11:45:00+00:00,9955.11322892368,9955.11322892368,0
2026-05-19 12:00:00+00:00,9955.11322892368,9955.11322892368,0
2026-05-19 12:15:00+00:00,9955.11322892368,9955.11322892368,0
2026-05-19 12:30:00+00:00,9955.11322892368,9955.11322892368,0
2026-05-19 12:45:00+00:00,9955.11322892368,9955.11322892368,0
2026-05-19 13:00:00+00:00,9955.11322892368,9955.11322892368,0
2026-05-19 13:15:00+00:00,9955.11322892368,9955.11322892368,0
2026-05-19 13:30:00+00:00,9955.11322892368,9955.11322892368,0
2026-05-19 13:45:00+00:00,9955.11322892368,9955.11322892368,0
2026-05-19 14:00:00+00:00,9955.11322892368,9955.11322892368,0
2026-05-19 14:15:00+00:00,9955.11322892368,9955.11322892368,0
2026-05-19 14:30:00+00:00,9955.11322892368,9955.11322892368,0
2026-05-19 14:45:00+00:00,9955.11322892368,9955.11322892368,0
2026-05-19 15:00:00+00:00,9955.11322892368,9955.11322892368,0
2026-05-19 15:15:00+00:00,9955.11322892368,9955.11322892368,0
2026-05-19 15:30:00+00:00,9955.11322892368,9955.11322892368,0
2026-05-19 15:45:00+00:00,9955.11322892368,9955.11322892368,0
2026-05-19 16:00:00+00:00,9955.11322892368,9955.11322892368,0
2026-05-19 16:15:00+00:00,9955.11322892368,9955.11322892368,0
2026-05-19 16:30:00+00:00,9955.11322892368,9955.11322892368,0
2026-05-19 16:45:00+00:00,9955.11322892368,9955.11322892368,0
2026-05-19 17:00:00+00:00,9955.11322892368,9955.11322892368,0
2026-05-19 17:15:00+00:00,9955.11322892368,9955.11322892368,0
2026-05-19 17:30:00+00:00,9955.11322892368,9955.11322892368,0
2026-05-19 17:45:00+00:00,9955.11322892368,9955.11322892368,0
2026-05-19 18:00:00+00:00,9955.11322892368,9955.11322892368,0
2026-05-19 18:15:00+00:00,9955.11322892368,9955.11322892368,0
2026-05-19 18:30:00+00:00,9955.11322892368,9955.11322892368,0
2026-05-19 18:45:00+00:00,9955.11322892368,9955.11322892368,0
2026-05-19 19:00:00+00:00,9955.11322892368,9955.11322892368,0
2026-05-19 19:15:00+00:00,9955.11322892368,9955.11322892368,0
2026-05-19 19:30:00+00:00,9955.11322892368,9955.11322892368,0
2026-05-19 19:45:00+00:00,9955.11322892368,9955.11322892368,0
2026-05-19 20:00:00+00:00,9955.11322892368,9955.11322892368,1
2026-05-19 20:15:00+00:00,9955.11322892368,9951.690211308862,1
2026-05-19 20:30:00+00:00,9955.11322892368,9956.580236472886,1
2026-05-19 20:45:00+00:00,9955.11322892368,9960.003254087705,1
2026-05-19 21:00:00+00:00,9955.11322892368,9979.563354743808,1
2026-05-19 21:15:00+00:00,9955.11322892368,9971.739314481367,1
2026-05-19 21:30:00+00:00,9955.11322892368,9974.18432706338,1
2026-05-19 21:45:00+00:00,9955.11322892368,9965.382281768134,1
2026-05-19 22:00:00+00:00,9955.11322892368,9957.06923898929,2
2026-05-19 22:15:00+00:00,9955.11322892368,9934.02378936097,2
2026-05-19 22:30:00+00:00,9955.11322892368,9954.012705252251,3
2026-05-19 22:45:00+00:00,9955.11322892368,9948.38368472444,3
2026-05-19 23:00:00+00:00,9955.11322892368,9984.321151075797,3
2026-05-19 23:15:00+00:00,9955.11322892368,10010.813640337232,3
2026-05-19 23:30:00+00:00,9981.673635511903,9995.124200177152,1
2026-05-19 23:45:00+00:00,9981.673635511903,9988.567590520395,1
2026-05-20 00:00:00+00:00,9950.795301058663,9950.795301058663,0
2026-05-20 00:15:00+00:00,9950.795301058663,9950.795301058663,0
2026-05-20 00:30:00+00:00,9950.795301058663,9950.795301058663,0
2026-05-20 00:45:00+00:00,9950.795301058663,9950.795301058663,0
2026-05-20 01:00:00+00:00,9950.795301058663,9950.795301058663,0
2026-05-20 01:15:00+00:00,9950.795301058663,9950.795301058663,0
2026-05-20 01:30:00+00:00,9950.795301058663,9950.795301058663,0
2026-05-20 01:45:00+00:00,9950.795301058663,9950.795301058663,0
2026-05-20 02:00:00+00:00,9950.795301058663,9950.795301058663,0
2026-05-20 02:15:00+00:00,9950.795301058663,9950.795301058663,0
2026-05-20 02:30:00+00:00,9950.795301058663,9950.795301058663,0
2026-05-20 02:45:00+00:00,9950.795301058663,9950.795301058663,0
2026-05-20 03:00:00+00:00,9950.795301058663,9950.795301058663,0
2026-05-20 03:15:00+00:00,9950.795301058663,9950.795301058663,0
2026-05-20 03:30:00+00:00,9950.795301058663,9950.795301058663,0
2026-05-20 03:45:00+00:00,9950.795301058663,9950.795301058663,0
2026-05-20 04:00:00+00:00,9950.795301058663,9950.795301058663,0
2026-05-20 04:15:00+00:00,9950.795301058663,9950.795301058663,0
2026-05-20 04:30:00+00:00,9950.795301058663,9950.795301058663,0
2026-05-20 04:45:00+00:00,9950.795301058663,9950.795301058663,0
2026-05-20 05:00:00+00:00,9950.795301058663,9950.795301058663,0
2026-05-20 05:15:00+00:00,9950.795301058663,9950.795301058663,0
2026-05-20 05:30:00+00:00,9950.795301058663,9950.795301058663,0
2026-05-20 05:45:00+00:00,9950.795301058663,9950.795301058663,0
2026-05-20 06:00:00+00:00,9950.795301058663,9950.795301058663,0
2026-05-20 06:15:00+00:00,9950.795301058663,9950.795301058663,0
2026-05-20 06:30:00+00:00,9950.795301058663,9950.795301058663,0
2026-05-20 06:45:00+00:00,9950.795301058663,9950.795301058663,0
2026-05-20 07:00:00+00:00,9950.795301058663,9950.795301058663,0
2026-05-20 07:15:00+00:00,9950.795301058663,9950.795301058663,0
2026-05-20 07:30:00+00:00,9950.795301058663,9950.795301058663,0
2026-05-20 07:45:00+00:00,9950.795301058663,9950.795301058663,0
2026-05-20 08:00:00+00:00,9950.795301058663,9950.795301058663,0
2026-05-20 08:15:00+00:00,9950.795301058663,9950.795301058663,0
2026-05-20 08:30:00+00:00,9950.795301058663,9950.795301058663,0
2026-05-20 08:45:00+00:00,9950.795301058663,9950.795301058663,0
2026-05-20 09:00:00+00:00,9950.795301058663,9950.795301058663,0
2026-05-20 09:15:00+00:00,9950.795301058663,9950.795301058663,0
2026-05-20 09:30:00+00:00,9950.795301058663,9950.795301058663,0
2026-05-20 09:45:00+00:00,9950.795301058663,9950.795301058663,0
2026-05-20 10:00:00+00:00,9950.795301058663,9950.795301058663,0
2026-05-20 10:15:00+00:00,9950.795301058663,9950.795301058663,0
2026-05-20 10:30:00+00:00,9950.795301058663,9950.795301058663,0
2026-05-20 10:45:00+00:00,9950.795301058663,9950.795301058663,0
2026-05-20 11:00:00+00:00,9950.795301058663,9950.795301058663,0
2026-05-20 11:15:00+00:00,9950.795301058663,9950.795301058663,0
2026-05-20 11:30:00+00:00,9950.795301058663,9950.795301058663,0
2026-05-20 11:45:00+00:00,9950.795301058663,9950.795301058663,0
2026-05-20 12:00:00+00:00,9950.795301058663,9950.795301058663,0
2026-05-20 12:15:00+00:00,9950.795301058663,9950.795301058663,0
2026-05-20 12:30:00+00:00,9950.795301058663,9950.795301058663,0
2026-05-20 12:45:00+00:00,9950.795301058663,9950.795301058663,0
2026-05-20 13:00:00+00:00,9950.795301058663,9950.795301058663,0
2026-05-20 13:15:00+00:00,9950.795301058663,9950.795301058663,0
2026-05-20 13:30:00+00:00,9950.795301058663,9950.795301058663,0
2026-05-20 13:45:00+00:00,9950.795301058663,9950.795301058663,0
2026-05-20 14:00:00+00:00,9950.795301058663,9950.795301058663,0
2026-05-20 14:15:00+00:00,9950.795301058663,9950.795301058663,0
2026-05-20 14:30:00+00:00,9950.795301058663,9950.795301058663,0
2026-05-20 14:45:00+00:00,9950.795301058663,9950.795301058663,0
2026-05-20 15:00:00+00:00,9950.795301058663,9950.795301058663,0
2026-05-20 15:15:00+00:00,9950.795301058663,9950.795301058663,0
2026-05-20 15:30:00+00:00,9950.795301058663,9950.795301058663,0
2026-05-20 15:45:00+00:00,9950.795301058663,9950.795301058663,0
2026-05-20 16:00:00+00:00,9950.795301058663,9950.795301058663,0
2026-05-20 16:15:00+00:00,9950.795301058663,9950.795301058663,0
2026-05-20 16:30:00+00:00,9950.795301058663,9950.795301058663,0
2026-05-20 16:45:00+00:00,9950.795301058663,9950.795301058663,0
2026-05-20 17:00:00+00:00,9950.795301058663,9950.795301058663,0
2026-05-20 17:15:00+00:00,9950.795301058663,9950.795301058663,0
2026-05-20 17:30:00+00:00,9950.795301058663,9950.795301058663,0
2026-05-20 17:45:00+00:00,9950.795301058663,9950.795301058663,0
2026-05-20 18:00:00+00:00,9950.795301058663,9950.795301058663,0
2026-05-20 18:15:00+00:00,9950.795301058663,9950.795301058663,0
2026-05-20 18:30:00+00:00,9950.795301058663,9950.795301058663,0
2026-05-20 18:45:00+00:00,9950.795301058663,9950.795301058663,0
2026-05-20 19:00:00+00:00,9950.795301058663,9950.795301058663,0
2026-05-20 19:15:00+00:00,9950.795301058663,9950.795301058663,0
2026-05-20 19:30:00+00:00,9950.795301058663,9950.795301058663,0
2026-05-20 19:45:00+00:00,9950.795301058663,9950.795301058663,0
2026-05-20 20:00:00+00:00,9950.795301058663,9950.795301058663,0
2026-05-20 20:15:00+00:00,9950.795301058663,9950.795301058663,0
2026-05-20 20:30:00+00:00,9950.795301058663,9950.795301058663,0
2026-05-20 20:45:00+00:00,9950.795301058663,9950.795301058663,0
2026-05-20 21:00:00+00:00,9950.795301058663,9950.795301058663,0
2026-05-20 21:15:00+00:00,9950.795301058663,9950.795301058663,0
2026-05-20 21:30:00+00:00,9950.795301058663,9950.795301058663,0
2026-05-20 21:45:00+00:00,9950.795301058663,9950.795301058663,0
2026-05-20 22:00:00+00:00,9950.795301058663,9950.795301058663,0
2026-05-20 22:15:00+00:00,9950.795301058663,9950.795301058663,0
2026-05-20 22:30:00+00:00,9950.795301058663,9950.795301058663,0
2026-05-20 22:45:00+00:00,9950.795301058663,9950.795301058663,0
2026-05-20 23:00:00+00:00,9950.795301058663,9950.795301058663,0
2026-05-20 23:15:00+00:00,9950.795301058663,9950.795301058663,0
2026-05-20 23:30:00+00:00,9950.795301058663,9950.795301058663,0
2026-05-20 23:45:00+00:00,9950.795301058663,9950.795301058663,0
2026-05-21 00:00:00+00:00,9950.795301058663,9950.795301058663,0
2026-05-21 00:15:00+00:00,9950.795301058663,9950.795301058663,0
2026-05-21 00:30:00+00:00,9950.795301058663,9950.795301058663,0
2026-05-21 00:45:00+00:00,9950.795301058663,9950.795301058663,0
2026-05-21 01:00:00+00:00,9950.795301058663,9950.795301058663,0
2026-05-21 01:15:00+00:00,9950.795301058663,9950.795301058663,0
2026-05-21 01:30:00+00:00,9950.795301058663,9950.795301058663,0
2026-05-21 01:45:00+00:00,9950.795301058663,9950.795301058663,0
2026-05-21 02:00:00+00:00,9950.795301058663,9950.795301058663,0
2026-05-21 02:15:00+00:00,9950.795301058663,9950.795301058663,0
2026-05-21 02:30:00+00:00,9950.795301058663,9950.795301058663,0
2026-05-21 02:45:00+00:00,9950.795301058663,9950.795301058663,0
2026-05-21 03:00:00+00:00,9950.795301058663,9950.795301058663,0
2026-05-21 03:15:00+00:00,9950.795301058663,9950.795301058663,0
2026-05-21 03:30:00+00:00,9950.795301058663,9950.795301058663,0
2026-05-21 03:45:00+00:00,9950.795301058663,9950.795301058663,0
2026-05-21 04:00:00+00:00,9950.795301058663,9950.795301058663,0
2026-05-21 04:15:00+00:00,9950.795301058663,9950.795301058663,0
2026-05-21 04:30:00+00:00,9950.795301058663,9950.795301058663,0
2026-05-21 04:45:00+00:00,9950.795301058663,9950.795301058663,0
2026-05-21 05:00:00+00:00,9950.795301058663,9950.795301058663,0
2026-05-21 05:15:00+00:00,9950.795301058663,9950.795301058663,0
2026-05-21 05:30:00+00:00,9950.795301058663,9950.795301058663,0
2026-05-21 05:45:00+00:00,9950.795301058663,9950.795301058663,0
2026-05-21 06:00:00+00:00,9950.795301058663,9950.795301058663,0
2026-05-21 06:15:00+00:00,9950.795301058663,9950.795301058663,0
2026-05-21 06:30:00+00:00,9950.795301058663,9950.795301058663,0
2026-05-21 06:45:00+00:00,9950.795301058663,9950.795301058663,0
2026-05-21 07:00:00+00:00,9950.795301058663,9950.795301058663,0
2026-05-21 07:15:00+00:00,9950.795301058663,9950.795301058663,0
2026-05-21 07:30:00+00:00,9950.795301058663,9950.795301058663,0
2026-05-21 07:45:00+00:00,9950.795301058663,9950.795301058663,0
2026-05-21 08:00:00+00:00,9950.795301058663,9950.795301058663,0
2026-05-21 08:15:00+00:00,9950.795301058663,9950.795301058663,0
2026-05-21 08:30:00+00:00,9950.795301058663,9950.795301058663,0
2026-05-21 08:45:00+00:00,9950.795301058663,9950.795301058663,0
2026-05-21 09:00:00+00:00,9950.795301058663,9950.795301058663,0
2026-05-21 09:15:00+00:00,9950.795301058663,9950.795301058663,0
2026-05-21 09:30:00+00:00,9950.795301058663,9950.795301058663,0
2026-05-21 09:45:00+00:00,9950.795301058663,9950.795301058663,0
2026-05-21 10:00:00+00:00,9950.795301058663,9950.795301058663,0
2026-05-21 10:15:00+00:00,9950.795301058663,9950.795301058663,0
2026-05-21 10:30:00+00:00,9950.795301058663,9950.795301058663,0
2026-05-21 10:45:00+00:00,9950.795301058663,9950.795301058663,0
2026-05-21 11:00:00+00:00,9950.795301058663,9950.795301058663,0
2026-05-21 11:15:00+00:00,9950.795301058663,9950.795301058663,0
2026-05-21 11:30:00+00:00,9950.795301058663,9950.795301058663,0
2026-05-21 11:45:00+00:00,9950.795301058663,9950.795301058663,0
2026-05-21 12:00:00+00:00,9950.795301058663,9950.795301058663,0
2026-05-21 12:15:00+00:00,9950.795301058663,9950.795301058663,0
2026-05-21 12:30:00+00:00,9950.795301058663,9950.795301058663,0
2026-05-21 12:45:00+00:00,9950.795301058663,9950.795301058663,0
2026-05-21 13:00:00+00:00,9950.795301058663,9950.795301058663,0
2026-05-21 13:15:00+00:00,9950.795301058663,9950.795301058663,0
2026-05-21 13:30:00+00:00,9950.795301058663,9950.795301058663,0
2026-05-21 13:45:00+00:00,9950.795301058663,9950.795301058663,0
2026-05-21 14:00:00+00:00,9950.795301058663,9950.795301058663,0
2026-05-21 14:15:00+00:00,9950.795301058663,9950.795301058663,0
2026-05-21 14:30:00+00:00,9950.795301058663,9950.795301058663,0
2026-05-21 14:45:00+00:00,9950.795301058663,9950.795301058663,0
2026-05-21 15:00:00+00:00,9950.795301058663,9950.795301058663,0
2026-05-21 15:15:00+00:00,9950.795301058663,9950.795301058663,0
2026-05-21 15:30:00+00:00,9950.795301058663,9950.795301058663,0
2026-05-21 15:45:00+00:00,9950.795301058663,9950.795301058663,0
2026-05-21 16:00:00+00:00,9950.795301058663,9950.795301058663,0
2026-05-21 16:15:00+00:00,9950.795301058663,9950.795301058663,0
2026-05-21 16:30:00+00:00,9950.795301058663,9950.795301058663,0
2026-05-21 16:45:00+00:00,9950.795301058663,9950.795301058663,0
2026-05-21 17:00:00+00:00,9950.795301058663,9950.795301058663,0
2026-05-21 17:15:00+00:00,9950.795301058663,9950.795301058663,0
2026-05-21 17:30:00+00:00,9950.795301058663,9950.795301058663,0
2026-05-21 17:45:00+00:00,9950.795301058663,9950.795301058663,0
2026-05-21 18:00:00+00:00,9950.795301058663,9950.795301058663,0
2026-05-21 18:15:00+00:00,9950.795301058663,9950.795301058663,0
2026-05-21 18:30:00+00:00,9950.795301058663,9950.795301058663,0
2026-05-21 18:45:00+00:00,9950.795301058663,9950.795301058663,0
2026-05-21 19:00:00+00:00,9950.795301058663,9950.795301058663,0
2026-05-21 19:15:00+00:00,9950.795301058663,9950.795301058663,0
2026-05-21 19:30:00+00:00,9950.795301058663,9950.795301058663,0
2026-05-21 19:45:00+00:00,9950.795301058663,9950.795301058663,0
2026-05-21 20:00:00+00:00,9950.795301058663,9950.795301058663,0
2026-05-21 20:15:00+00:00,9950.795301058663,9950.795301058663,0
2026-05-21 20:30:00+00:00,9950.795301058663,9950.795301058663,0
2026-05-21 20:45:00+00:00,9950.795301058663,9950.795301058663,1
2026-05-21 21:00:00+00:00,9950.795301058663,9963.9176726263,1
2026-05-21 21:15:00+00:00,9950.795301058663,9964.927085823809,1
2026-05-21 21:30:00+00:00,9950.795301058663,9959.880019836257,1
2026-05-21 21:45:00+00:00,9950.795301058663,9950.795301058663,1
2026-05-21 22:00:00+00:00,9950.795301058663,9950.795301058663,1
2026-05-21 22:15:00+00:00,9950.795301058663,9951.804714256172,1
2026-05-21 22:30:00+00:00,9950.795301058663,9943.729408676088,1
2026-05-21 22:45:00+00:00,9950.795301058663,9945.74823507111,1
2026-05-21 23:00:00+00:00,9950.795301058663,9944.7388218736,1
2026-05-21 23:15:00+00:00,9950.795301058663,9949.785887861151,1
2026-05-21 23:30:00+00:00,9950.795301058663,9955.842367046214,1
2026-05-21 23:45:00+00:00,9950.795301058663,9961.898846231277,1
2026-05-22 00:00:00+00:00,9950.795301058663,9956.851780243725,1
2026-05-22 00:15:00+00:00,9950.795301058663,9953.823540651194,1
2026-05-22 00:30:00+00:00,9950.795301058663,9955.842367046214,1
2026-05-22 00:45:00+00:00,9950.795301058663,9944.7388218736,1
2026-05-22 01:00:00+00:00,9950.795301058663,9956.851780243725,1
2026-05-22 01:15:00+00:00,9950.795301058663,9954.832953848705,1
2026-05-22 01:30:00+00:00,9950.795301058663,9963.9176726263,1
2026-05-22 01:45:00+00:00,9963.050493217976,9963.050493217976,0
2026-05-22 02:00:00+00:00,9963.050493217976,9963.050493217976,0
2026-05-22 02:15:00+00:00,9963.050493217976,9963.050493217976,0
2026-05-22 02:30:00+00:00,9963.050493217976,9963.050493217976,0
2026-05-22 02:45:00+00:00,9963.050493217976,9963.050493217976,0
2026-05-22 03:00:00+00:00,9963.050493217976,9963.050493217976,0
2026-05-22 03:15:00+00:00,9963.050493217976,9963.050493217976,0
2026-05-22 03:30:00+00:00,9963.050493217976,9963.050493217976,0
2026-05-22 03:45:00+00:00,9963.050493217976,9963.050493217976,0
2026-05-22 04:00:00+00:00,9963.050493217976,9963.050493217976,0
2026-05-22 04:15:00+00:00,9963.050493217976,9963.050493217976,0
2026-05-22 04:30:00+00:00,9963.050493217976,9963.050493217976,0
2026-05-22 04:45:00+00:00,9963.050493217976,9963.050493217976,0
2026-05-22 05:00:00+00:00,9963.050493217976,9963.050493217976,0
2026-05-22 05:15:00+00:00,9963.050493217976,9963.050493217976,0
2026-05-22 05:30:00+00:00,9963.050493217976,9963.050493217976,0
2026-05-22 05:45:00+00:00,9963.050493217976,9963.050493217976,0
2026-05-22 06:00:00+00:00,9963.050493217976,9963.050493217976,0
2026-05-22 06:15:00+00:00,9963.050493217976,9963.050493217976,0
2026-05-22 06:30:00+00:00,9963.050493217976,9963.050493217976,0
2026-05-22 06:45:00+00:00,9963.050493217976,9963.050493217976,0
2026-05-22 07:00:00+00:00,9963.050493217976,9963.050493217976,0
2026-05-22 07:15:00+00:00,9963.050493217976,9963.050493217976,0
2026-05-22 07:30:00+00:00,9963.050493217976,9963.050493217976,0
2026-05-22 07:45:00+00:00,9963.050493217976,9963.050493217976,0
2026-05-22 08:00:00+00:00,9963.050493217976,9963.050493217976,2
2026-05-22 08:15:00+00:00,9963.050493217976,9992.390836061637,2
2026-05-22 08:30:00+00:00,9922.22521889795,9924.740188099822,2
2026-05-22 08:45:00+00:00,9922.22521889795,9923.440271888221,2
2026-05-22 09:00:00+00:00,9922.22521889795,9919.220389425058,2
2026-05-22 09:15:00+00:00,9922.22521889795,9924.355066677881,2
2026-05-22 09:30:00+00:00,9922.22521889795,9924.706230443051,2
2026-05-22 09:45:00+00:00,9922.22521889795,9924.253070025168,2
2026-05-22 10:00:00+00:00,9922.22521889795,9922.372513040093,2
2026-05-22 10:15:00+00:00,9922.22521889795,9924.522112765373,2
2026-05-22 10:30:00+00:00,9922.22521889795,9931.557222631021,2
2026-05-22 10:45:00+00:00,9922.22521889795,9927.476098514908,2
2026-05-22 11:00:00+00:00,9922.22521889795,9930.58865639804,3
2026-05-22 11:15:00+00:00,9922.22521889795,9915.114649960517,3
2026-05-22 11:30:00+00:00,9922.22521889795,9934.402760367027,3
2026-05-22 11:45:00+00:00,9951.774351793118,9972.055357896861,2
2026-05-22 12:00:00+00:00,9973.346901193727,9994.596967414258,1
2026-05-22 12:15:00+00:00,9973.346901193727,9977.141555875964,1
2026-05-22 12:30:00+00:00,9973.346901193727,9989.284450859124,1
2026-05-22 12:45:00+00:00,9991.093954620123,9991.093954620123,0
2026-05-22 13:00:00+00:00,9991.093954620123,9991.093954620123,0
2026-05-22 13:15:00+00:00,9991.093954620123,9991.093954620123,0
2026-05-22 13:30:00+00:00,9991.093954620123,9991.093954620123,0
2026-05-22 13:45:00+00:00,9991.093954620123,9991.093954620123,0
2026-05-22 14:00:00+00:00,9991.093954620123,9991.093954620123,0
2026-05-22 14:15:00+00:00,9991.093954620123,9991.093954620123,0
2026-05-22 14:30:00+00:00,9991.093954620123,9991.093954620123,0
2026-05-22 14:45:00+00:00,9991.093954620123,9991.093954620123,0
2026-05-22 15:00:00+00:00,9991.093954620123,9991.093954620123,0
2026-05-22 15:15:00+00:00,9991.093954620123,9991.093954620123,0
2026-05-22 15:30:00+00:00,9991.093954620123,9991.093954620123,0
2026-05-22 15:45:00+00:00,9991.093954620123,9991.093954620123,0
2026-05-22 16:00:00+00:00,9991.093954620123,9991.093954620123,0
2026-05-22 16:15:00+00:00,9991.093954620123,9991.093954620123,0
2026-05-22 16:30:00+00:00,9991.093954620123,9991.093954620123,0
2026-05-22 16:45:00+00:00,9991.093954620123,9991.093954620123,0
2026-05-22 17:00:00+00:00,9991.093954620123,9991.093954620123,0
2026-05-22 17:15:00+00:00,9991.093954620123,9991.093954620123,0
2026-05-22 17:30:00+00:00,9991.093954620123,9991.093954620123,0
2026-05-22 17:45:00+00:00,9991.093954620123,9991.093954620123,0
2026-05-22 18:00:00+00:00,9991.093954620123,9991.093954620123,0
2026-05-22 18:15:00+00:00,9991.093954620123,9991.093954620123,0
2026-05-22 18:30:00+00:00,9991.093954620123,9991.093954620123,0
2026-05-22 18:45:00+00:00,9991.093954620123,9991.093954620123,0
2026-05-22 19:00:00+00:00,9991.093954620123,9991.093954620123,0
2026-05-22 19:15:00+00:00,9991.093954620123,9991.093954620123,0
2026-05-22 19:30:00+00:00,9991.093954620123,9991.093954620123,0
2026-05-22 19:45:00+00:00,9991.093954620123,9991.093954620123,0
2026-05-22 20:00:00+00:00,9991.093954620123,9991.093954620123,1
2026-05-22 20:15:00+00:00,9991.093954620123,9993.216424741468,1
2026-05-22 20:30:00+00:00,9991.093954620123,9991.158271896527,1
2026-05-22 20:45:00+00:00,9991.093954620123,9994.920832566186,1
2026-05-22 21:00:00+00:00,9991.093954620123,9993.6666456763,1
2026-05-22 21:15:00+00:00,9991.093954620123,10003.700140795389,1
2026-05-22 21:30:00+00:00,9991.093954620123,10006.465783680778,1
2026-05-22 21:45:00+00:00,9991.093954620123,10010.967993029088,1
2026-05-22 22:00:00+00:00,9991.093954620123,10007.687811932463,1
2026-05-22 22:15:00+00:00,9991.093954620123,9993.023472912255,1
2026-05-22 22:30:00+00:00,9991.093954620123,9981.767949541481,1
2026-05-22 22:45:00+00:00,9991.093954620123,9993.08779018866,1
2026-05-22 23:00:00+00:00,9991.093954620123,10007.430542826845,1
2026-05-22 23:15:00+00:00,9991.093954620123,9980.803190395416,1
2026-05-22 23:30:00+00:00,9991.093954620123,9995.467529415624,1
2026-05-22 23:45:00+00:00,9991.093954620123,9971.445026678572,1
2026-05-23 00:00:00+00:00,9991.093954620123,9973.47102088531,1
2026-05-23 00:15:00+00:00,9991.093954620123,9978.616402997664,1
2026-05-23 00:30:00+00:00,9991.093954620123,9954.11152068758,1
2026-05-23 00:45:00+00:00,9991.093954620123,9966.33180320442,1
2026-05-23 01:00:00+00:00,9991.093954620123,9965.785106354982,1
2026-05-23 01:15:00+00:00,9991.093954620123,9979.70979669654,1
2026-05-23 01:30:00+00:00,9991.093954620123,9975.400539177443,1
2026-05-23 01:45:00+00:00,9991.093954620123,9980.28865218418,1
2026-05-23 02:00:00+00:00,9991.093954620123,9972.924324035874,1
2026-05-23 02:15:00+00:00,9991.093954620123,9973.213751779693,1
2026-05-23 02:30:00+00:00,9991.093954620123,9973.663972714525,1
2026-05-23 02:45:00+00:00,9991.093954620123,9978.423451168452,1
2026-05-23 03:00:00+00:00,9991.093954620123,9983.247246898783,1
2026-05-23 03:15:00+00:00,9991.093954620123,9982.989977793166,1
2026-05-23 03:30:00+00:00,9991.093954620123,9987.685138970688,1
2026-05-23 03:45:00+00:00,9991.093954620123,9986.81685573923,1
2026-05-23 04:00:00+00:00,9991.093954620123,9986.10936569878,1
2026-05-23 04:15:00+00:00,9991.093954620123,9975.432697815646,1
2026-05-23 04:30:00+00:00,9991.093954620123,9969.96572932127,1
2026-05-23 04:45:00+00:00,9991.093954620123,9974.725207775196,1
2026-05-23 05:00:00+00:00,9991.093954620123,9970.319474341495,1
2026-05-23 05:15:00+00:00,9991.093954620123,9963.373208489817,1
2026-05-23 05:30:00+00:00,9991.093954620123,9972.088199442616,1
2026-05-23 05:45:00+00:00,9991.093954620123,9967.167927797678,1
2026-05-23 06:00:00+00:00,9991.093954620123,9964.916823123523,1
2026-05-23 06:15:00+00:00,9991.093954620123,9959.578489181955,1
2026-05-23 06:30:00+00:00,9991.093954620123,9960.896993348248,1
2026-05-23 06:45:00+00:00,9991.093954620123,9958.19566773926,1
2026-05-23 07:00:00+00:00,9991.093954620123,9953.53266519994,1
2026-05-23 07:15:00+00:00,9991.093954620123,9945.943226584219,1
2026-05-23 07:30:00+00:00,9991.093954620123,9944.496087865118,1
2026-05-23 07:45:00+00:00,9909.296763213095,9909.296763213095,0
2026-05-23 08:00:00+00:00,9909.296763213095,9909.296763213095,6
2026-05-23 08:15:00+00:00,9909.296763213095,9891.81332198117,6
2026-05-23 08:30:00+00:00,9871.554695698915,9822.741365722446,6
2026-05-23 08:45:00+00:00,9871.554695698915,9926.954875580406,6
2026-05-23 09:00:00+00:00,9871.554695698915,9899.822083802204,6
2026-05-23 09:15:00+00:00,9871.554695698915,9918.873498934767,6
2026-05-23 09:30:00+00:00,9871.554695698915,9934.976671540802,6
2026-05-23 09:45:00+00:00,9871.554695698915,9898.317363603079,6
2026-05-23 10:00:00+00:00,9871.554695698915,9967.86653967843,6
2026-05-23 10:15:00+00:00,9871.554695698915,9974.804833219292,6
2026-05-23 10:30:00+00:00,9871.554695698915,10016.915149219383,6
2026-05-23 10:45:00+00:00,9904.129901198792,9980.816802436975,6
2026-05-23 11:00:00+00:00,9904.129901198792,10010.845793756243,6
2026-05-23 11:15:00+00:00,9922.708007264157,10022.95426961057,5
2026-05-23 11:30:00+00:00,9922.708007264157,9987.456055514796,5
2026-05-23 11:45:00+00:00,9922.708007264157,9971.251021815633,5
2026-05-23 12:00:00+00:00,9922.708007264157,9960.836760306054,5
2026-05-23 12:15:00+00:00,9922.708007264157,9950.02705096517,5
2026-05-23 12:30:00+00:00,9922.708007264157,9965.041016683403,5
2026-05-23 12:45:00+00:00,9922.708007264157,9994.396848732958,5
2026-05-23 13:00:00+00:00,9975.182493711081,10076.478426650401,3
2026-05-23 13:15:00+00:00,10093.551561045571,10093.551561045571,0
2026-05-23 13:30:00+00:00,10093.551561045571,10093.551561045571,0
2026-05-23 13:45:00+00:00,10093.551561045571,10093.551561045571,0
2026-05-23 14:00:00+00:00,10093.551561045571,10093.551561045571,0
2026-05-23 14:15:00+00:00,10093.551561045571,10093.551561045571,0
2026-05-23 14:30:00+00:00,10093.551561045571,10093.551561045571,0
2026-05-23 14:45:00+00:00,10093.551561045571,10093.551561045571,0
2026-05-23 15:00:00+00:00,10093.551561045571,10093.551561045571,0
2026-05-23 15:15:00+00:00,10093.551561045571,10093.551561045571,0
2026-05-23 15:30:00+00:00,10093.551561045571,10093.551561045571,0
2026-05-23 15:45:00+00:00,10093.551561045571,10093.551561045571,0
2026-05-23 16:00:00+00:00,10093.551561045571,10093.551561045571,0
2026-05-23 16:15:00+00:00,10093.551561045571,10093.551561045571,0
2026-05-23 16:30:00+00:00,10093.551561045571,10093.551561045571,0
2026-05-23 16:45:00+00:00,10093.551561045571,10093.551561045571,0
2026-05-23 17:00:00+00:00,10093.551561045571,10093.551561045571,0
2026-05-23 17:15:00+00:00,10093.551561045571,10093.551561045571,0
2026-05-23 17:30:00+00:00,10093.551561045571,10093.551561045571,0
2026-05-23 17:45:00+00:00,10093.551561045571,10093.551561045571,0
2026-05-23 18:00:00+00:00,10093.551561045571,10093.551561045571,0
2026-05-23 18:15:00+00:00,10093.551561045571,10093.551561045571,0
2026-05-23 18:30:00+00:00,10093.551561045571,10093.551561045571,0
2026-05-23 18:45:00+00:00,10093.551561045571,10093.551561045571,0
2026-05-23 19:00:00+00:00,10093.551561045571,10093.551561045571,0
2026-05-23 19:15:00+00:00,10093.551561045571,10093.551561045571,0
2026-05-23 19:30:00+00:00,10093.551561045571,10093.551561045571,0
2026-05-23 19:45:00+00:00,10093.551561045571,10093.551561045571,0
2026-05-23 20:00:00+00:00,10093.551561045571,10093.551561045571,0
2026-05-23 20:15:00+00:00,10093.551561045571,10093.551561045571,0
2026-05-23 20:30:00+00:00,10093.551561045571,10093.551561045571,0
2026-05-23 20:45:00+00:00,10093.551561045571,10093.551561045571,0
2026-05-23 21:00:00+00:00,10093.551561045571,10093.551561045571,0
2026-05-23 21:15:00+00:00,10093.551561045571,10093.551561045571,0
2026-05-23 21:30:00+00:00,10093.551561045571,10093.551561045571,0
2026-05-23 21:45:00+00:00,10093.551561045571,10093.551561045571,0
2026-05-23 22:00:00+00:00,10093.551561045571,10093.551561045571,0
2026-05-23 22:15:00+00:00,10093.551561045571,10093.551561045571,0
2026-05-23 22:30:00+00:00,10093.551561045571,10093.551561045571,0
2026-05-23 22:45:00+00:00,10093.551561045571,10093.551561045571,0
2026-05-23 23:00:00+00:00,10093.551561045571,10093.551561045571,0
2026-05-23 23:15:00+00:00,10093.551561045571,10093.551561045571,0
2026-05-23 23:30:00+00:00,10093.551561045571,10093.551561045571,0
2026-05-23 23:45:00+00:00,10093.551561045571,10093.551561045571,0
2026-05-24 00:00:00+00:00,10093.551561045571,10093.551561045571,0
2026-05-24 00:15:00+00:00,10093.551561045571,10093.551561045571,0
2026-05-24 00:30:00+00:00,10093.551561045571,10093.551561045571,0
2026-05-24 00:45:00+00:00,10093.551561045571,10093.551561045571,0
2026-05-24 01:00:00+00:00,10093.551561045571,10093.551561045571,0
2026-05-24 01:15:00+00:00,10093.551561045571,10093.551561045571,0
2026-05-24 01:30:00+00:00,10093.551561045571,10093.551561045571,0
2026-05-24 01:45:00+00:00,10093.551561045571,10093.551561045571,0
2026-05-24 02:00:00+00:00,10093.551561045571,10093.551561045571,0
2026-05-24 02:15:00+00:00,10093.551561045571,10093.551561045571,0
2026-05-24 02:30:00+00:00,10093.551561045571,10093.551561045571,0
2026-05-24 02:45:00+00:00,10093.551561045571,10093.551561045571,0
2026-05-24 03:00:00+00:00,10093.551561045571,10093.551561045571,0
2026-05-24 03:15:00+00:00,10093.551561045571,10093.551561045571,0
2026-05-24 03:30:00+00:00,10093.551561045571,10093.551561045571,0
2026-05-24 03:45:00+00:00,10093.551561045571,10093.551561045571,0
2026-05-24 04:00:00+00:00,10093.551561045571,10093.551561045571,0
2026-05-24 04:15:00+00:00,10093.551561045571,10093.551561045571,0
2026-05-24 04:30:00+00:00,10093.551561045571,10093.551561045571,0
2026-05-24 04:45:00+00:00,10093.551561045571,10093.551561045571,0
2026-05-24 05:00:00+00:00,10093.551561045571,10093.551561045571,0
2026-05-24 05:15:00+00:00,10093.551561045571,10093.551561045571,0
2026-05-24 05:30:00+00:00,10093.551561045571,10093.551561045571,0
2026-05-24 05:45:00+00:00,10093.551561045571,10093.551561045571,0
2026-05-24 06:00:00+00:00,10093.551561045571,10093.551561045571,0
2026-05-24 06:15:00+00:00,10093.551561045571,10093.551561045571,0
2026-05-24 06:30:00+00:00,10093.551561045571,10093.551561045571,0
2026-05-24 06:45:00+00:00,10093.551561045571,10093.551561045571,0
2026-05-24 07:00:00+00:00,10093.551561045571,10093.551561045571,0
2026-05-24 07:15:00+00:00,10093.551561045571,10093.551561045571,0
2026-05-24 07:30:00+00:00,10093.551561045571,10093.551561045571,1
2026-05-24 07:45:00+00:00,10093.551561045571,10090.220905523036,1
2026-05-24 08:00:00+00:00,10093.551561045571,10084.511210341545,3
2026-05-24 08:15:00+00:00,10093.551561045571,10106.464947604318,3
2026-05-24 08:30:00+00:00,10093.551561045571,10109.48385848105,3
2026-05-24 08:45:00+00:00,10093.551561045571,10115.281614682708,3
2026-05-24 09:00:00+00:00,10102.25019873909,10108.12194344002,2
2026-05-24 09:15:00+00:00,10113.505819756378,10110.302046348987,1
2026-05-24 09:30:00+00:00,10113.505819756378,10116.646152106197,1
2026-05-24 09:45:00+00:00,10113.505819756378,10117.597767969779,1
2026-05-24 10:00:00+00:00,10113.505819756378,10107.954727218817,1
2026-05-24 10:15:00+00:00,10127.613882932998,10127.613882932998,2
2026-05-24 10:30:00+00:00,10127.613882932998,10110.071617324837,2
2026-05-24 10:45:00+00:00,10127.613882932998,10123.59481869597,2
2026-05-24 11:00:00+00:00,10127.613882932998,10145.888404211217,2
2026-05-24 11:15:00+00:00,10145.443165764587,10145.41138358537,1
2026-05-24 11:30:00+00:00,10145.443165764587,10146.682670754071,1
2026-05-24 11:45:00+00:00,10145.443165764587,10148.526037148691,1
2026-05-24 12:00:00+00:00,10145.443165764587,10141.692868616914,1
2026-05-24 12:15:00+00:00,10145.443165764587,10123.068511595418,1
2026-05-24 12:30:00+00:00,10145.443165764587,10132.762076256777,1
2026-05-24 12:45:00+00:00,10145.443165764587,10129.138907825974,1
2026-05-24 13:00:00+00:00,10145.443165764587,10125.102571065343,1
2026-05-24 13:15:00+00:00,10105.848716007866,10105.848716007866,0
2026-05-24 13:30:00+00:00,10105.848716007866,10105.848716007866,0
2026-05-24 13:45:00+00:00,10105.848716007866,10105.848716007866,0
2026-05-24 14:00:00+00:00,10105.848716007866,10105.848716007866,0
2026-05-24 14:15:00+00:00,10105.848716007866,10105.848716007866,0
2026-05-24 14:30:00+00:00,10105.848716007866,10105.848716007866,0
2026-05-24 14:45:00+00:00,10105.848716007866,10105.848716007866,0
2026-05-24 15:00:00+00:00,10105.848716007866,10105.848716007866,0
2026-05-24 15:15:00+00:00,10105.848716007866,10105.848716007866,0
2026-05-24 15:30:00+00:00,10105.848716007866,10105.848716007866,0
2026-05-24 15:45:00+00:00,10105.848716007866,10105.848716007866,0
2026-05-24 16:00:00+00:00,10105.848716007866,10105.848716007866,0
2026-05-24 16:15:00+00:00,10105.848716007866,10105.848716007866,0
2026-05-24 16:30:00+00:00,10105.848716007866,10105.848716007866,0
2026-05-24 16:45:00+00:00,10105.848716007866,10105.848716007866,0
2026-05-24 17:00:00+00:00,10105.848716007866,10105.848716007866,0
2026-05-24 17:15:00+00:00,10105.848716007866,10105.848716007866,0
2026-05-24 17:30:00+00:00,10105.848716007866,10105.848716007866,0
2026-05-24 17:45:00+00:00,10105.848716007866,10105.848716007866,0
2026-05-24 18:00:00+00:00,10105.848716007866,10105.848716007866,0
2026-05-24 18:15:00+00:00,10105.848716007866,10105.848716007866,0
2026-05-24 18:30:00+00:00,10105.848716007866,10105.848716007866,0
2026-05-24 18:45:00+00:00,10105.848716007866,10105.848716007866,0
2026-05-24 19:00:00+00:00,10105.848716007866,10105.848716007866,0
2026-05-24 19:15:00+00:00,10105.848716007866,10105.848716007866,0
2026-05-24 19:30:00+00:00,10105.848716007866,10105.848716007866,0
2026-05-24 19:45:00+00:00,10105.848716007866,10105.848716007866,0
2026-05-24 20:00:00+00:00,10105.848716007866,10105.848716007866,1
2026-05-24 20:15:00+00:00,10105.848716007866,10107.852204961055,2
2026-05-24 20:30:00+00:00,10105.848716007866,10098.675241039991,2
2026-05-24 20:45:00+00:00,10105.848716007866,10100.016594123172,2
2026-05-24 21:00:00+00:00,10105.848716007866,10116.587072216553,2
2026-05-24 21:15:00+00:00,10071.770210783745,10049.25759120345,3
2026-05-24 21:30:00+00:00,9957.973944975378,9957.973944975378,3
2026-05-24 21:45:00+00:00,9957.973944975378,9968.547791817095,3
2026-05-24 22:00:00+00:00,10001.713205047945,10001.713205047945,0
2026-05-24 22:15:00+00:00,10001.713205047945,10001.713205047945,0
2026-05-24 22:30:00+00:00,10001.713205047945,10001.713205047945,2
2026-05-24 22:45:00+00:00,10001.713205047945,10005.823692808828,2
2026-05-24 23:00:00+00:00,10001.713205047945,10041.988996866054,2
2026-05-24 23:15:00+00:00,10001.713205047945,10028.172167398649,2
2026-05-24 23:30:00+00:00,10028.310426646145,10058.017750341245,1
2026-05-24 23:45:00+00:00,10028.310426646145,10044.64945467845,1
2026-05-25 00:00:00+00:00,10028.310426646145,10054.056773848566,1
2026-05-25 00:15:00+00:00,10028.310426646145,10061.978726833926,1
2026-05-25 00:30:00+00:00,10056.55852015061,10056.55852015061,0
2026-05-25 00:45:00+00:00,10056.55852015061,10056.55852015061,0
2026-05-25 01:00:00+00:00,10056.55852015061,10056.55852015061,0
2026-05-25 01:15:00+00:00,10056.55852015061,10056.55852015061,0
2026-05-25 01:30:00+00:00,10056.55852015061,10056.55852015061,0
2026-05-25 01:45:00+00:00,10056.55852015061,10056.55852015061,0
2026-05-25 02:00:00+00:00,10056.55852015061,10056.55852015061,0
2026-05-25 02:15:00+00:00,10056.55852015061,10056.55852015061,0
2026-05-25 02:30:00+00:00,10056.55852015061,10056.55852015061,0
2026-05-25 02:45:00+00:00,10056.55852015061,10056.55852015061,0
2026-05-25 03:00:00+00:00,10056.55852015061,10056.55852015061,0
2026-05-25 03:15:00+00:00,10056.55852015061,10056.55852015061,0
2026-05-25 03:30:00+00:00,10056.55852015061,10056.55852015061,0
2026-05-25 03:45:00+00:00,10056.55852015061,10056.55852015061,0
2026-05-25 04:00:00+00:00,10056.55852015061,10056.55852015061,0
2026-05-25 04:15:00+00:00,10056.55852015061,10056.55852015061,0
2026-05-25 04:30:00+00:00,10056.55852015061,10056.55852015061,0
2026-05-25 04:45:00+00:00,10056.55852015061,10056.55852015061,0
2026-05-25 05:00:00+00:00,10056.55852015061,10056.55852015061,0
2026-05-25 05:15:00+00:00,10056.55852015061,10056.55852015061,0
2026-05-25 05:30:00+00:00,10056.55852015061,10056.55852015061,0
2026-05-25 05:45:00+00:00,10056.55852015061,10056.55852015061,0
2026-05-25 06:00:00+00:00,10056.55852015061,10056.55852015061,0
2026-05-25 06:15:00+00:00,10056.55852015061,10056.55852015061,0
2026-05-25 06:30:00+00:00,10056.55852015061,10056.55852015061,0
2026-05-25 06:45:00+00:00,10056.55852015061,10056.55852015061,0
2026-05-25 07:00:00+00:00,10056.55852015061,10056.55852015061,0
2026-05-25 07:15:00+00:00,10056.55852015061,10056.55852015061,0
2026-05-25 07:30:00+00:00,10056.55852015061,10056.55852015061,0
2026-05-25 07:45:00+00:00,10056.55852015061,10056.55852015061,0
2026-05-25 08:00:00+00:00,10056.55852015061,10056.55852015061,0
2026-05-25 08:15:00+00:00,10056.55852015061,10056.55852015061,0
2026-05-25 08:30:00+00:00,10056.55852015061,10056.55852015061,0
2026-05-25 08:45:00+00:00,10056.55852015061,10056.55852015061,0
2026-05-25 09:00:00+00:00,10056.55852015061,10056.55852015061,1
2026-05-25 09:15:00+00:00,10056.55852015061,10063.754860491596,1
2026-05-25 09:30:00+00:00,10056.55852015061,10057.866945667152,1
2026-05-25 09:45:00+00:00,10056.55852015061,10066.371711524682,1
2026-05-25 10:00:00+00:00,10056.55852015061,10077.4933284153,1
2026-05-25 10:15:00+00:00,10067.289369938217,10067.289369938217,0
2026-05-25 10:30:00+00:00,10067.289369938217,10067.289369938217,0
2026-05-25 10:45:00+00:00,10067.289369938217,10067.289369938217,0
2026-05-25 11:00:00+00:00,10067.289369938217,10067.289369938217,0
2026-05-25 11:15:00+00:00,10067.289369938217,10067.289369938217,0
2026-05-25 11:30:00+00:00,10067.289369938217,10067.289369938217,0
2026-05-25 11:45:00+00:00,10067.289369938217,10067.289369938217,0
2026-05-25 12:00:00+00:00,10067.289369938217,10067.289369938217,0
2026-05-25 12:15:00+00:00,10067.289369938217,10067.289369938217,0
2026-05-25 12:30:00+00:00,10067.289369938217,10067.289369938217,0
2026-05-25 12:45:00+00:00,10067.289369938217,10067.289369938217,0
2026-05-25 13:00:00+00:00,10067.289369938217,10067.289369938217,0
2026-05-25 13:15:00+00:00,10067.289369938217,10067.289369938217,0
2026-05-25 13:30:00+00:00,10067.289369938217,10067.289369938217,0
2026-05-25 13:45:00+00:00,10067.289369938217,10067.289369938217,0
2026-05-25 14:00:00+00:00,10067.289369938217,10067.289369938217,0
2026-05-25 14:15:00+00:00,10067.289369938217,10067.289369938217,0
2026-05-25 14:30:00+00:00,10067.289369938217,10067.289369938217,0
2026-05-25 14:45:00+00:00,10067.289369938217,10067.289369938217,0
2026-05-25 15:00:00+00:00,10067.289369938217,10067.289369938217,0
2026-05-25 15:15:00+00:00,10067.289369938217,10067.289369938217,0
2026-05-25 15:30:00+00:00,10067.289369938217,10067.289369938217,0
2026-05-25 15:45:00+00:00,10067.289369938217,10067.289369938217,0
2026-05-25 16:00:00+00:00,10067.289369938217,10067.289369938217,0
2026-05-25 16:15:00+00:00,10067.289369938217,10067.289369938217,0
2026-05-25 16:30:00+00:00,10067.289369938217,10067.289369938217,0
2026-05-25 16:45:00+00:00,10067.289369938217,10067.289369938217,0
2026-05-25 17:00:00+00:00,10067.289369938217,10067.289369938217,0
2026-05-25 17:15:00+00:00,10067.289369938217,10067.289369938217,0
2026-05-25 17:30:00+00:00,10067.289369938217,10067.289369938217,0
2026-05-25 17:45:00+00:00,10067.289369938217,10067.289369938217,0
2026-05-25 18:00:00+00:00,10067.289369938217,10067.289369938217,0
2026-05-25 18:15:00+00:00,10067.289369938217,10067.289369938217,0
2026-05-25 18:30:00+00:00,10067.289369938217,10067.289369938217,0
2026-05-25 18:45:00+00:00,10067.289369938217,10067.289369938217,0
2026-05-25 19:00:00+00:00,10067.289369938217,10067.289369938217,0
2026-05-25 19:15:00+00:00,10067.289369938217,10067.289369938217,0
2026-05-25 19:30:00+00:00,10067.289369938217,10067.289369938217,0
2026-05-25 19:45:00+00:00,10067.289369938217,10067.289369938217,0
2026-05-25 20:00:00+00:00,10067.289369938217,10067.289369938217,0
2026-05-25 20:15:00+00:00,10067.289369938217,10067.289369938217,0
2026-05-25 20:30:00+00:00,10067.289369938217,10067.289369938217,0
2026-05-25 20:45:00+00:00,10067.289369938217,10067.289369938217,0
2026-05-25 21:00:00+00:00,10067.289369938217,10067.289369938217,0
2026-05-25 21:15:00+00:00,10067.289369938217,10067.289369938217,0
2026-05-25 21:30:00+00:00,10067.289369938217,10067.289369938217,0
2026-05-25 21:45:00+00:00,10067.289369938217,10067.289369938217,0
2026-05-25 22:00:00+00:00,10067.289369938217,10067.289369938217,0
2026-05-25 22:15:00+00:00,10067.289369938217,10067.289369938217,0
2026-05-25 22:30:00+00:00,10067.289369938217,10067.289369938217,0
2026-05-25 22:45:00+00:00,10067.289369938217,10067.289369938217,0
2026-05-25 23:00:00+00:00,10067.289369938217,10067.289369938217,0
2026-05-25 23:15:00+00:00,10067.289369938217,10067.289369938217,0
2026-05-25 23:30:00+00:00,10067.289369938217,10067.289369938217,0
2026-05-25 23:45:00+00:00,10067.289369938217,10067.289369938217,0
2026-05-26 00:00:00+00:00,10067.289369938217,10067.289369938217,0
2026-05-26 00:15:00+00:00,10067.289369938217,10067.289369938217,0
2026-05-26 00:30:00+00:00,10067.289369938217,10067.289369938217,0
2026-05-26 00:45:00+00:00,10067.289369938217,10067.289369938217,0
2026-05-26 01:00:00+00:00,10067.289369938217,10067.289369938217,0
2026-05-26 01:15:00+00:00,10067.289369938217,10067.289369938217,0
2026-05-26 01:30:00+00:00,10067.289369938217,10067.289369938217,0
2026-05-26 01:45:00+00:00,10067.289369938217,10067.289369938217,0
2026-05-26 02:00:00+00:00,10067.289369938217,10067.289369938217,0
2026-05-26 02:15:00+00:00,10067.289369938217,10067.289369938217,0
2026-05-26 02:30:00+00:00,10067.289369938217,10067.289369938217,0
2026-05-26 02:45:00+00:00,10067.289369938217,10067.289369938217,0
2026-05-26 03:00:00+00:00,10067.289369938217,10067.289369938217,0
2026-05-26 03:15:00+00:00,10067.289369938217,10067.289369938217,0
2026-05-26 03:30:00+00:00,10067.289369938217,10067.289369938217,0
2026-05-26 03:45:00+00:00,10067.289369938217,10067.289369938217,0
2026-05-26 04:00:00+00:00,10067.289369938217,10067.289369938217,0
2026-05-26 04:15:00+00:00,10067.289369938217,10067.289369938217,0
2026-05-26 04:30:00+00:00,10067.289369938217,10067.289369938217,0
2026-05-26 04:45:00+00:00,10067.289369938217,10067.289369938217,0
2026-05-26 05:00:00+00:00,10067.289369938217,10067.289369938217,0
2026-05-26 05:15:00+00:00,10067.289369938217,10067.289369938217,0
2026-05-26 05:30:00+00:00,10067.289369938217,10067.289369938217,0
2026-05-26 05:45:00+00:00,10067.289369938217,10067.289369938217,0
2026-05-26 06:00:00+00:00,10067.289369938217,10067.289369938217,0
2026-05-26 06:15:00+00:00,10067.289369938217,10067.289369938217,0
2026-05-26 06:30:00+00:00,10067.289369938217,10067.289369938217,0
2026-05-26 06:45:00+00:00,10067.289369938217,10067.289369938217,0
2026-05-26 07:00:00+00:00,10067.289369938217,10067.289369938217,0
2026-05-26 07:15:00+00:00,10067.289369938217,10067.289369938217,0
2026-05-26 07:30:00+00:00,10067.289369938217,10067.289369938217,0
2026-05-26 07:45:00+00:00,10067.289369938217,10067.289369938217,1
2026-05-26 08:00:00+00:00,10067.289369938217,10076.582354554253,1
2026-05-26 08:15:00+00:00,10067.289369938217,10070.608293015373,2
2026-05-26 08:30:00+00:00,10067.289369938217,10081.138137721498,2
2026-05-26 08:45:00+00:00,10067.289369938217,10075.308381582712,2
2026-05-26 09:00:00+00:00,10067.289369938217,10081.030945202858,3
2026-05-26 09:15:00+00:00,10067.289369938217,10087.372765328679,3
2026-05-26 09:30:00+00:00,10067.289369938217,10069.674439088567,3
2026-05-26 09:45:00+00:00,10067.289369938217,10065.75734646708,3
2026-05-26 10:00:00+00:00,10067.289369938217,10085.975261985493,3
2026-05-26 10:15:00+00:00,10096.895716403624,10096.895716403624,0
2026-05-26 10:30:00+00:00,10096.895716403624,10096.895716403624,0
2026-05-26 10:45:00+00:00,10096.895716403624,10096.895716403624,0
2026-05-26 11:00:00+00:00,10096.895716403624,10096.895716403624,0
2026-05-26 11:15:00+00:00,10096.895716403624,10096.895716403624,0
2026-05-26 11:30:00+00:00,10096.895716403624,10096.895716403624,0
2026-05-26 11:45:00+00:00,10096.895716403624,10096.895716403624,0
2026-05-26 12:00:00+00:00,10096.895716403624,10096.895716403624,0
2026-05-26 12:15:00+00:00,10096.895716403624,10096.895716403624,0
2026-05-26 12:30:00+00:00,10096.895716403624,10096.895716403624,0
2026-05-26 12:45:00+00:00,10096.895716403624,10096.895716403624,0
2026-05-26 13:00:00+00:00,10096.895716403624,10096.895716403624,0
2026-05-26 13:15:00+00:00,10096.895716403624,10096.895716403624,0
2026-05-26 13:30:00+00:00,10096.895716403624,10096.895716403624,0
2026-05-26 13:45:00+00:00,10096.895716403624,10096.895716403624,0
2026-05-26 14:00:00+00:00,10096.895716403624,10096.895716403624,0
2026-05-26 14:15:00+00:00,10096.895716403624,10096.895716403624,0
2026-05-26 14:30:00+00:00,10096.895716403624,10096.895716403624,0
2026-05-26 14:45:00+00:00,10096.895716403624,10096.895716403624,0
2026-05-26 15:00:00+00:00,10096.895716403624,10096.895716403624,0
2026-05-26 15:15:00+00:00,10096.895716403624,10096.895716403624,0
2026-05-26 15:30:00+00:00,10096.895716403624,10096.895716403624,0
2026-05-26 15:45:00+00:00,10096.895716403624,10096.895716403624,0
2026-05-26 16:00:00+00:00,10096.895716403624,10096.895716403624,0
2026-05-26 16:15:00+00:00,10096.895716403624,10096.895716403624,0
2026-05-26 16:30:00+00:00,10096.895716403624,10096.895716403624,0
2026-05-26 16:45:00+00:00,10096.895716403624,10096.895716403624,0
2026-05-26 17:00:00+00:00,10096.895716403624,10096.895716403624,0
2026-05-26 17:15:00+00:00,10096.895716403624,10096.895716403624,0
2026-05-26 17:30:00+00:00,10096.895716403624,10096.895716403624,0
2026-05-26 17:45:00+00:00,10096.895716403624,10096.895716403624,0
2026-05-26 18:00:00+00:00,10096.895716403624,10096.895716403624,0
2026-05-26 18:15:00+00:00,10096.895716403624,10096.895716403624,0
2026-05-26 18:30:00+00:00,10096.895716403624,10096.895716403624,0
2026-05-26 18:45:00+00:00,10096.895716403624,10096.895716403624,0
2026-05-26 19:00:00+00:00,10096.895716403624,10096.895716403624,0
2026-05-26 19:15:00+00:00,10096.895716403624,10096.895716403624,0
2026-05-26 19:30:00+00:00,10096.895716403624,10096.895716403624,0
2026-05-26 19:45:00+00:00,10096.895716403624,10096.895716403624,0
2026-05-26 20:00:00+00:00,10096.895716403624,10096.895716403624,0
2026-05-26 20:15:00+00:00,10096.895716403624,10096.895716403624,0
2026-05-26 20:30:00+00:00,10096.895716403624,10096.895716403624,0
2026-05-26 20:45:00+00:00,10096.895716403624,10096.895716403624,0
2026-05-26 21:00:00+00:00,10096.895716403624,10096.895716403624,0
2026-05-26 21:15:00+00:00,10096.895716403624,10096.895716403624,0
2026-05-26 21:30:00+00:00,10096.895716403624,10096.895716403624,0
2026-05-26 21:45:00+00:00,10096.895716403624,10096.895716403624,0
2026-05-26 22:00:00+00:00,10096.895716403624,10096.895716403624,0
2026-05-26 22:15:00+00:00,10096.895716403624,10096.895716403624,0
2026-05-26 22:30:00+00:00,10096.895716403624,10096.895716403624,0
2026-05-26 22:45:00+00:00,10096.895716403624,10096.895716403624,0
2026-05-26 23:00:00+00:00,10096.895716403624,10096.895716403624,0
2026-05-26 23:15:00+00:00,10096.895716403624,10096.895716403624,0
2026-05-26 23:30:00+00:00,10096.895716403624,10096.895716403624,0
2026-05-26 23:45:00+00:00,10096.895716403624,10096.895716403624,0
2026-05-27 00:00:00+00:00,10096.895716403624,10096.895716403624,0
2026-05-27 00:15:00+00:00,10096.895716403624,10096.895716403624,0
2026-05-27 00:30:00+00:00,10096.895716403624,10096.895716403624,0
2026-05-27 00:45:00+00:00,10096.895716403624,10096.895716403624,0
2026-05-27 01:00:00+00:00,10096.895716403624,10096.895716403624,0
2026-05-27 01:15:00+00:00,10096.895716403624,10096.895716403624,0
2026-05-27 01:30:00+00:00,10096.895716403624,10096.895716403624,0
2026-05-27 01:45:00+00:00,10096.895716403624,10096.895716403624,0
2026-05-27 02:00:00+00:00,10096.895716403624,10096.895716403624,0
2026-05-27 02:15:00+00:00,10096.895716403624,10096.895716403624,0
2026-05-27 02:30:00+00:00,10096.895716403624,10096.895716403624,0
2026-05-27 02:45:00+00:00,10096.895716403624,10096.895716403624,0
2026-05-27 03:00:00+00:00,10096.895716403624,10096.895716403624,0
2026-05-27 03:15:00+00:00,10096.895716403624,10096.895716403624,0
2026-05-27 03:30:00+00:00,10096.895716403624,10096.895716403624,0
2026-05-27 03:45:00+00:00,10096.895716403624,10096.895716403624,0
2026-05-27 04:00:00+00:00,10096.895716403624,10096.895716403624,0
2026-05-27 04:15:00+00:00,10096.895716403624,10096.895716403624,0
2026-05-27 04:30:00+00:00,10096.895716403624,10096.895716403624,0
2026-05-27 04:45:00+00:00,10096.895716403624,10096.895716403624,0
2026-05-27 05:00:00+00:00,10096.895716403624,10096.895716403624,0
2026-05-27 05:15:00+00:00,10096.895716403624,10096.895716403624,0
2026-05-27 05:30:00+00:00,10096.895716403624,10096.895716403624,0
2026-05-27 05:45:00+00:00,10096.895716403624,10096.895716403624,0
2026-05-27 06:00:00+00:00,10096.895716403624,10096.895716403624,0
2026-05-27 06:15:00+00:00,10096.895716403624,10096.895716403624,0
2026-05-27 06:30:00+00:00,10096.895716403624,10096.895716403624,0
2026-05-27 06:45:00+00:00,10096.895716403624,10096.895716403624,0
2026-05-27 07:00:00+00:00,10096.895716403624,10096.895716403624,0
2026-05-27 07:15:00+00:00,10096.895716403624,10096.895716403624,0
2026-05-27 07:30:00+00:00,10096.895716403624,10096.895716403624,0
2026-05-27 07:45:00+00:00,10096.895716403624,10096.895716403624,0
2026-05-27 08:00:00+00:00,10096.895716403624,10096.895716403624,0
2026-05-27 08:15:00+00:00,10096.895716403624,10096.895716403624,0
2026-05-27 08:30:00+00:00,10096.895716403624,10096.895716403624,0
2026-05-27 08:45:00+00:00,10096.895716403624,10096.895716403624,0
2026-05-27 09:00:00+00:00,10096.895716403624,10096.895716403624,0
2026-05-27 09:15:00+00:00,10096.895716403624,10096.895716403624,0
2026-05-27 09:30:00+00:00,10096.895716403624,10096.895716403624,0
2026-05-27 09:45:00+00:00,10096.895716403624,10096.895716403624,0
2026-05-27 10:00:00+00:00,10096.895716403624,10096.895716403624,0
2026-05-27 10:15:00+00:00,10096.895716403624,10096.895716403624,0
2026-05-27 10:30:00+00:00,10096.895716403624,10096.895716403624,0
2026-05-27 10:45:00+00:00,10096.895716403624,10096.895716403624,0
2026-05-27 11:00:00+00:00,10096.895716403624,10096.895716403624,0
2026-05-27 11:15:00+00:00,10096.895716403624,10096.895716403624,0
2026-05-27 11:30:00+00:00,10096.895716403624,10096.895716403624,0
2026-05-27 11:45:00+00:00,10096.895716403624,10096.895716403624,0
2026-05-27 12:00:00+00:00,10096.895716403624,10096.895716403624,0
2026-05-27 12:15:00+00:00,10096.895716403624,10096.895716403624,0
2026-05-27 12:30:00+00:00,10096.895716403624,10096.895716403624,0
2026-05-27 12:45:00+00:00,10096.895716403624,10096.895716403624,0
2026-05-27 13:00:00+00:00,10096.895716403624,10096.895716403624,0
2026-05-27 13:15:00+00:00,10096.895716403624,10096.895716403624,0
2026-05-27 13:30:00+00:00,10096.895716403624,10096.895716403624,0
2026-05-27 13:45:00+00:00,10096.895716403624,10096.895716403624,0
2026-05-27 14:00:00+00:00,10096.895716403624,10096.895716403624,0
2026-05-27 14:15:00+00:00,10096.895716403624,10096.895716403624,0
2026-05-27 14:30:00+00:00,10096.895716403624,10096.895716403624,0
2026-05-27 14:45:00+00:00,10096.895716403624,10096.895716403624,0
2026-05-27 15:00:00+00:00,10096.895716403624,10096.895716403624,0
2026-05-27 15:15:00+00:00,10096.895716403624,10096.895716403624,0
2026-05-27 15:30:00+00:00,10096.895716403624,10096.895716403624,0
2026-05-27 15:45:00+00:00,10096.895716403624,10096.895716403624,0
2026-05-27 16:00:00+00:00,10096.895716403624,10096.895716403624,0
2026-05-27 16:15:00+00:00,10096.895716403624,10096.895716403624,0
2026-05-27 16:30:00+00:00,10096.895716403624,10096.895716403624,0
2026-05-27 16:45:00+00:00,10096.895716403624,10096.895716403624,0
2026-05-27 17:00:00+00:00,10096.895716403624,10096.895716403624,0
2026-05-27 17:15:00+00:00,10096.895716403624,10096.895716403624,0
2026-05-27 17:30:00+00:00,10096.895716403624,10096.895716403624,0
2026-05-27 17:45:00+00:00,10096.895716403624,10096.895716403624,0
2026-05-27 18:00:00+00:00,10096.895716403624,10096.895716403624,0
2026-05-27 18:15:00+00:00,10096.895716403624,10096.895716403624,0
2026-05-27 18:30:00+00:00,10096.895716403624,10096.895716403624,0
2026-05-27 18:45:00+00:00,10096.895716403624,10096.895716403624,0
2026-05-27 19:00:00+00:00,10096.895716403624,10096.895716403624,0
2026-05-27 19:15:00+00:00,10096.895716403624,10096.895716403624,0
2026-05-27 19:30:00+00:00,10096.895716403624,10096.895716403624,0
2026-05-27 19:45:00+00:00,10096.895716403624,10096.895716403624,0
2026-05-27 20:00:00+00:00,10096.895716403624,10096.895716403624,0
2026-05-27 20:15:00+00:00,10096.895716403624,10096.895716403624,0
2026-05-27 20:30:00+00:00,10096.895716403624,10096.895716403624,0
2026-05-27 20:45:00+00:00,10096.895716403624,10096.895716403624,0
2026-05-27 21:00:00+00:00,10096.895716403624,10096.895716403624,0
2026-05-27 21:15:00+00:00,10096.895716403624,10096.895716403624,0
2026-05-27 21:30:00+00:00,10096.895716403624,10096.895716403624,0
2026-05-27 21:45:00+00:00,10096.895716403624,10096.895716403624,0
2026-05-27 22:00:00+00:00,10096.895716403624,10096.895716403624,0
2026-05-27 22:15:00+00:00,10096.895716403624,10096.895716403624,0
2026-05-27 22:30:00+00:00,10096.895716403624,10096.895716403624,0
2026-05-27 22:45:00+00:00,10096.895716403624,10096.895716403624,0
2026-05-27 23:00:00+00:00,10096.895716403624,10096.895716403624,0
2026-05-27 23:15:00+00:00,10096.895716403624,10096.895716403624,0
2026-05-27 23:30:00+00:00,10096.895716403624,10096.895716403624,0
2026-05-27 23:45:00+00:00,10096.895716403624,10096.895716403624,0
2026-05-28 00:00:00+00:00,10096.895716403624,10096.895716403624,0
2026-05-28 00:15:00+00:00,10096.895716403624,10096.895716403624,0
2026-05-28 00:30:00+00:00,10096.895716403624,10096.895716403624,0
2026-05-28 00:45:00+00:00,10096.895716403624,10096.895716403624,0
2026-05-28 01:00:00+00:00,10096.895716403624,10096.895716403624,0
2026-05-28 01:15:00+00:00,10096.895716403624,10096.895716403624,0
2026-05-28 01:30:00+00:00,10096.895716403624,10096.895716403624,0
2026-05-28 01:45:00+00:00,10096.895716403624,10096.895716403624,0
2026-05-28 02:00:00+00:00,10096.895716403624,10096.895716403624,0
2026-05-28 02:15:00+00:00,10096.895716403624,10096.895716403624,0
2026-05-28 02:30:00+00:00,10096.895716403624,10096.895716403624,0
2026-05-28 02:45:00+00:00,10096.895716403624,10096.895716403624,0
2026-05-28 03:00:00+00:00,10096.895716403624,10096.895716403624,0
2026-05-28 03:15:00+00:00,10096.895716403624,10096.895716403624,0
2026-05-28 03:30:00+00:00,10096.895716403624,10096.895716403624,0
2026-05-28 03:45:00+00:00,10096.895716403624,10096.895716403624,0
2026-05-28 04:00:00+00:00,10096.895716403624,10096.895716403624,0
2026-05-28 04:15:00+00:00,10096.895716403624,10096.895716403624,0
2026-05-28 04:30:00+00:00,10096.895716403624,10096.895716403624,0
2026-05-28 04:45:00+00:00,10096.895716403624,10096.895716403624,0
2026-05-28 05:00:00+00:00,10096.895716403624,10096.895716403624,0
2026-05-28 05:15:00+00:00,10096.895716403624,10096.895716403624,0
2026-05-28 05:30:00+00:00,10096.895716403624,10096.895716403624,0
2026-05-28 05:45:00+00:00,10096.895716403624,10096.895716403624,0
2026-05-28 06:00:00+00:00,10096.895716403624,10096.895716403624,0
2026-05-28 06:15:00+00:00,10096.895716403624,10096.895716403624,0
2026-05-28 06:30:00+00:00,10096.895716403624,10096.895716403624,0
2026-05-28 06:45:00+00:00,10096.895716403624,10096.895716403624,0
2026-05-28 07:00:00+00:00,10096.895716403624,10096.895716403624,3
2026-05-28 07:15:00+00:00,10096.895716403624,10126.347359218604,3
2026-05-28 07:30:00+00:00,10096.895716403624,10191.889763928728,3
2026-05-28 07:45:00+00:00,10096.895716403624,10187.88021350314,3
2026-05-28 08:00:00+00:00,10096.895716403624,10177.79413957337,3
2026-05-28 08:15:00+00:00,10096.895716403624,10112.010551071753,3
2026-05-28 08:30:00+00:00,10096.895716403624,10115.73578954449,3
2026-05-28 08:45:00+00:00,10096.895716403624,10119.980696290819,3
2026-05-28 09:00:00+00:00,10096.895716403624,10133.495117268989,3
2026-05-28 09:15:00+00:00,10096.895716403624,10172.90894453614,3
2026-05-28 09:30:00+00:00,10096.895716403624,10180.112984280038,3
2026-05-28 09:45:00+00:00,10096.895716403624,10190.137836451444,3
2026-05-28 10:00:00+00:00,10096.895716403624,10190.203693208445,3
2026-05-28 10:15:00+00:00,10096.895716403624,10146.029492138332,3
2026-05-28 10:30:00+00:00,10096.895716403624,10157.638953418695,3
2026-05-28 10:45:00+00:00,10096.895716403624,10095.90374997218,3
2026-05-28 11:00:00+00:00,10096.895716403624,10108.002350678813,3
2026-05-28 11:15:00+00:00,10096.895716403624,10080.431280253795,3
2026-05-28 11:30:00+00:00,10096.895716403624,10109.694980491045,3
2026-05-28 11:45:00+00:00,10096.895716403624,10115.257346233815,3
2026-05-28 12:00:00+00:00,10096.895716403624,10086.781877885134,3
2026-05-28 12:15:00+00:00,10096.895716403624,10057.899577981196,3
2026-05-28 12:30:00+00:00,10096.895716403624,10124.83145910329,3
2026-05-28 12:45:00+00:00,10096.895716403624,10138.230043620797,3
2026-05-28 13:00:00+00:00,10096.895716403624,10098.058785920206,3
2026-05-28 13:15:00+00:00,10096.895716403624,10097.29325811906,3
2026-05-28 13:30:00+00:00,10049.227495984103,9972.298379773638,2
2026-05-28 13:45:00+00:00,10049.227495984103,10013.113274924443,2
2026-05-28 14:00:00+00:00,9874.67483588513,9874.67483588513,0
2026-05-28 14:15:00+00:00,9874.67483588513,9874.67483588513,0
2026-05-28 14:30:00+00:00,9874.67483588513,9874.67483588513,0
2026-05-28 14:45:00+00:00,9874.67483588513,9874.67483588513,0
2026-05-28 15:00:00+00:00,9874.67483588513,9874.67483588513,0
2026-05-28 15:15:00+00:00,9874.67483588513,9874.67483588513,0
2026-05-28 15:30:00+00:00,9874.67483588513,9874.67483588513,0
2026-05-28 15:45:00+00:00,9874.67483588513,9874.67483588513,0
2026-05-28 16:00:00+00:00,9874.67483588513,9874.67483588513,0
2026-05-28 16:15:00+00:00,9874.67483588513,9874.67483588513,0
2026-05-28 16:30:00+00:00,9874.67483588513,9874.67483588513,0
2026-05-28 16:45:00+00:00,9874.67483588513,9874.67483588513,0
2026-05-28 17:00:00+00:00,9874.67483588513,9874.67483588513,0
2026-05-28 17:15:00+00:00,9874.67483588513,9874.67483588513,0
2026-05-28 17:30:00+00:00,9874.67483588513,9874.67483588513,0
2026-05-28 17:45:00+00:00,9874.67483588513,9874.67483588513,0
2026-05-28 18:00:00+00:00,9874.67483588513,9874.67483588513,0
2026-05-28 18:15:00+00:00,9874.67483588513,9874.67483588513,0
2026-05-28 18:30:00+00:00,9874.67483588513,9874.67483588513,0
2026-05-28 18:45:00+00:00,9874.67483588513,9874.67483588513,0
2026-05-28 19:00:00+00:00,9874.67483588513,9874.67483588513,0
2026-05-28 19:15:00+00:00,9874.67483588513,9874.67483588513,0
2026-05-28 19:30:00+00:00,9874.67483588513,9874.67483588513,0
2026-05-28 19:45:00+00:00,9874.67483588513,9874.67483588513,0
2026-05-28 20:00:00+00:00,9874.67483588513,9874.67483588513,0
2026-05-28 20:15:00+00:00,9874.67483588513,9874.67483588513,0
2026-05-28 20:30:00+00:00,9874.67483588513,9874.67483588513,0
2026-05-28 20:45:00+00:00,9874.67483588513,9874.67483588513,0
2026-05-28 21:00:00+00:00,9874.67483588513,9874.67483588513,0
2026-05-28 21:15:00+00:00,9874.67483588513,9874.67483588513,0
2026-05-28 21:30:00+00:00,9874.67483588513,9874.67483588513,0
2026-05-28 21:45:00+00:00,9874.67483588513,9874.67483588513,1
2026-05-28 22:00:00+00:00,9874.67483588513,9866.115072408,1
2026-05-28 22:15:00+00:00,9874.67483588513,9848.337102109346,1
2026-05-28 22:30:00+00:00,9874.67483588513,9831.876018499483,1
2026-05-28 22:45:00+00:00,9874.67483588513,9841.094225321007,1
2026-05-28 23:00:00+00:00,9874.67483588513,9856.896865586476,1
2026-05-28 23:15:00+00:00,9874.67483588513,9864.139742374817,1
2026-05-28 23:30:00+00:00,9874.67483588513,9850.970875486924,1
2026-05-28 23:45:00+00:00,9874.67483588513,9845.703328731768,1
2026-05-29 00:00:00+00:00,9874.67483588513,9862.822855686027,1
2026-05-29 00:15:00+00:00,9874.67483588513,9863.481299030422,1
2026-05-29 00:30:00+00:00,9874.67483588513,9871.382619163156,1
2026-05-29 00:45:00+00:00,9874.67483588513,9869.407289129973,1
2026-05-29 01:00:00+00:00,9874.67483588513,9867.43195909679,1
2026-05-29 01:15:00+00:00,9874.67483588513,9845.044885387373,1
2026-05-29 01:30:00+00:00,9874.67483588513,9845.703328731768,1
2026-05-29 01:45:00+00:00,9874.67483588513,9845.044885387373,1
2026-05-29 02:00:00+00:00,9874.67483588513,9846.361772076163,1
2026-05-29 02:15:00+00:00,9811.534295753185,9811.534295753185,0
2026-05-29 02:30:00+00:00,9811.534295753185,9811.534295753185,0
2026-05-29 02:45:00+00:00,9811.534295753185,9811.534295753185,0
2026-05-29 03:00:00+00:00,9811.534295753185,9811.534295753185,0
2026-05-29 03:15:00+00:00,9811.534295753185,9811.534295753185,0
2026-05-29 03:30:00+00:00,9811.534295753185,9811.534295753185,0
2026-05-29 03:45:00+00:00,9811.534295753185,9811.534295753185,0
2026-05-29 04:00:00+00:00,9811.534295753185,9811.534295753185,0
2026-05-29 04:15:00+00:00,9811.534295753185,9811.534295753185,0
2026-05-29 04:30:00+00:00,9811.534295753185,9811.534295753185,0
2026-05-29 04:45:00+00:00,9811.534295753185,9811.534295753185,0
2026-05-29 05:00:00+00:00,9811.534295753185,9811.534295753185,0
2026-05-29 05:15:00+00:00,9811.534295753185,9811.534295753185,0
2026-05-29 05:30:00+00:00,9811.534295753185,9811.534295753185,0
2026-05-29 05:45:00+00:00,9811.534295753185,9811.534295753185,0
2026-05-29 06:00:00+00:00,9811.534295753185,9811.534295753185,0
2026-05-29 06:15:00+00:00,9811.534295753185,9811.534295753185,0
2026-05-29 06:30:00+00:00,9811.534295753185,9811.534295753185,0
2026-05-29 06:45:00+00:00,9811.534295753185,9811.534295753185,0
2026-05-29 07:00:00+00:00,9811.534295753185,9811.534295753185,0
2026-05-29 07:15:00+00:00,9811.534295753185,9811.534295753185,0
2026-05-29 07:30:00+00:00,9811.534295753185,9811.534295753185,0
2026-05-29 07:45:00+00:00,9811.534295753185,9811.534295753185,0
2026-05-29 08:00:00+00:00,9811.534295753185,9811.534295753185,0
2026-05-29 08:15:00+00:00,9811.534295753185,9811.534295753185,0
2026-05-29 08:30:00+00:00,9811.534295753185,9811.534295753185,1
2026-05-29 08:45:00+00:00,9811.534295753185,9800.560244738768,1
2026-05-29 09:00:00+00:00,9811.534295753185,9824.33192794507,1
2026-05-29 09:15:00+00:00,9811.534295753185,9831.495996856556,1
2026-05-29 09:30:00+00:00,9811.534295753185,9823.517829205128,1
2026-05-29 09:45:00+00:00,9811.534295753185,9827.979090300008,1
2026-05-29 10:00:00+00:00,9811.534295753185,9825.829869626563,1
2026-05-29 10:15:00+00:00,9811.534295753185,9819.349643656626,1
2026-05-29 10:30:00+00:00,9811.534295753185,9815.083766259331,1
2026-05-29 10:45:00+00:00,9811.534295753185,9815.897864999273,1
2026-05-29 11:00:00+00:00,9811.534295753185,9819.935794749385,1
2026-05-29 11:15:00+00:00,9811.534295753185,9813.781208275424,1
2026-05-29 11:30:00+00:00,9811.534295753185,9803.393308353767,2
2026-05-29 11:45:00+00:00,9811.534295753185,9804.796616115105,2
2026-05-29 12:00:00+00:00,9767.741537371148,9757.36666533476,1
2026-05-29 12:15:00+00:00,9767.741537371148,9754.392238502009,1
2026-05-29 12:30:00+00:00,9736.518017644066,9736.518017644066,0
2026-05-29 12:45:00+00:00,9736.518017644066,9736.518017644066,0
2026-05-29 13:00:00+00:00,9736.518017644066,9736.518017644066,0
2026-05-29 13:15:00+00:00,9736.518017644066,9736.518017644066,0
2026-05-29 13:30:00+00:00,9736.518017644066,9736.518017644066,0
2026-05-29 13:45:00+00:00,9736.518017644066,9736.518017644066,0
2026-05-29 14:00:00+00:00,9736.518017644066,9736.518017644066,0
2026-05-29 14:15:00+00:00,9736.518017644066,9736.518017644066,0
2026-05-29 14:30:00+00:00,9736.518017644066,9736.518017644066,0
2026-05-29 14:45:00+00:00,9736.518017644066,9736.518017644066,0
2026-05-29 15:00:00+00:00,9736.518017644066,9736.518017644066,0
2026-05-29 15:15:00+00:00,9736.518017644066,9736.518017644066,0
2026-05-29 15:30:00+00:00,9736.518017644066,9736.518017644066,0
2026-05-29 15:45:00+00:00,9736.518017644066,9736.518017644066,0
2026-05-29 16:00:00+00:00,9736.518017644066,9736.518017644066,0
2026-05-29 16:15:00+00:00,9736.518017644066,9736.518017644066,0
2026-05-29 16:30:00+00:00,9736.518017644066,9736.518017644066,0
2026-05-29 16:45:00+00:00,9736.518017644066,9736.518017644066,0
2026-05-29 17:00:00+00:00,9736.518017644066,9736.518017644066,0
2026-05-29 17:15:00+00:00,9736.518017644066,9736.518017644066,0
2026-05-29 17:30:00+00:00,9736.518017644066,9736.518017644066,0
2026-05-29 17:45:00+00:00,9736.518017644066,9736.518017644066,0
2026-05-29 18:00:00+00:00,9736.518017644066,9736.518017644066,0
2026-05-29 18:15:00+00:00,9736.518017644066,9736.518017644066,0
2026-05-29 18:30:00+00:00,9736.518017644066,9736.518017644066,0
2026-05-29 18:45:00+00:00,9736.518017644066,9736.518017644066,0
2026-05-29 19:00:00+00:00,9736.518017644066,9736.518017644066,0
2026-05-29 19:15:00+00:00,9736.518017644066,9736.518017644066,0
2026-05-29 19:30:00+00:00,9736.518017644066,9736.518017644066,0
2026-05-29 19:45:00+00:00,9736.518017644066,9736.518017644066,0
2026-05-29 20:00:00+00:00,9736.518017644066,9736.518017644066,1
2026-05-29 20:15:00+00:00,9736.518017644066,9737.009091332353,1
2026-05-29 20:30:00+00:00,9736.518017644066,9743.884122968353,1
2026-05-29 20:45:00+00:00,9736.518017644066,9737.991238708924,2
2026-05-29 21:00:00+00:00,9736.518017644066,9770.864721086999,2
2026-05-29 21:15:00+00:00,9736.518017644066,9727.67869125492,2
2026-05-29 21:30:00+00:00,9736.518017644066,9740.15792925322,2
2026-05-29 21:45:00+00:00,9736.518017644066,9699.514008915921,2
2026-05-29 22:00:00+00:00,9736.518017644066,9704.049326848297,2
2026-05-29 22:15:00+00:00,9736.518017644066,9737.356055545757,2
2026-05-29 22:30:00+00:00,9736.518017644066,9727.76543230827,2
2026-05-29 22:45:00+00:00,9736.518017644066,9734.727204997625,2
2026-05-29 23:00:00+00:00,9736.518017644066,9754.399066213511,2
2026-05-29 23:15:00+00:00,9736.518017644066,9737.326682913934,2
2026-05-29 23:30:00+00:00,9736.518017644066,9750.730240919906,2
2026-05-29 23:45:00+00:00,9736.518017644066,9780.974872749848,2
2026-05-30 00:00:00+00:00,9736.518017644066,9804.43121399714,2
2026-05-30 00:15:00+00:00,9785.123103306687,9785.123103306687,0
2026-05-30 00:30:00+00:00,9785.123103306687,9785.123103306687,0
2026-05-30 00:45:00+00:00,9785.123103306687,9785.123103306687,0
2026-05-30 01:00:00+00:00,9785.123103306687,9785.123103306687,0
2026-05-30 01:15:00+00:00,9785.123103306687,9785.123103306687,0
2026-05-30 01:30:00+00:00,9785.123103306687,9785.123103306687,0
2026-05-30 01:45:00+00:00,9785.123103306687,9785.123103306687,0
2026-05-30 02:00:00+00:00,9785.123103306687,9785.123103306687,0
2026-05-30 02:15:00+00:00,9785.123103306687,9785.123103306687,0
2026-05-30 02:30:00+00:00,9785.123103306687,9785.123103306687,0
2026-05-30 02:45:00+00:00,9785.123103306687,9785.123103306687,0
2026-05-30 03:00:00+00:00,9785.123103306687,9785.123103306687,0
2026-05-30 03:15:00+00:00,9785.123103306687,9785.123103306687,0
2026-05-30 03:30:00+00:00,9785.123103306687,9785.123103306687,0
2026-05-30 03:45:00+00:00,9785.123103306687,9785.123103306687,0
2026-05-30 04:00:00+00:00,9785.123103306687,9785.123103306687,0
2026-05-30 04:15:00+00:00,9785.123103306687,9785.123103306687,0
2026-05-30 04:30:00+00:00,9785.123103306687,9785.123103306687,0
2026-05-30 04:45:00+00:00,9785.123103306687,9785.123103306687,0
2026-05-30 05:00:00+00:00,9785.123103306687,9785.123103306687,0
2026-05-30 05:15:00+00:00,9785.123103306687,9785.123103306687,0
2026-05-30 05:30:00+00:00,9785.123103306687,9785.123103306687,0
2026-05-30 05:45:00+00:00,9785.123103306687,9785.123103306687,0
2026-05-30 06:00:00+00:00,9785.123103306687,9785.123103306687,0
2026-05-30 06:15:00+00:00,9785.123103306687,9785.123103306687,0
2026-05-30 06:30:00+00:00,9785.123103306687,9785.123103306687,0
2026-05-30 06:45:00+00:00,9785.123103306687,9785.123103306687,0
2026-05-30 07:00:00+00:00,9785.123103306687,9785.123103306687,0
2026-05-30 07:15:00+00:00,9785.123103306687,9785.123103306687,0
2026-05-30 07:30:00+00:00,9785.123103306687,9785.123103306687,1
2026-05-30 07:45:00+00:00,9785.123103306687,9793.160498143594,1
2026-05-30 08:00:00+00:00,9785.123103306687,9789.271436125737,1
2026-05-30 08:15:00+00:00,9785.123103306687,9789.43348037648,1
2026-05-30 08:30:00+00:00,9785.123103306687,9788.493623722165,1
2026-05-30 08:45:00+00:00,9785.123103306687,9787.132452015914,1
2026-05-30 09:00:00+00:00,9785.123103306687,9791.60487333645,1
2026-05-30 09:15:00+00:00,9785.123103306687,9793.322542394339,1
2026-05-30 09:30:00+00:00,9785.123103306687,9792.253050339426,1
2026-05-30 09:45:00+00:00,9785.123103306687,9794.392034449249,1
2026-05-30 10:00:00+00:00,9785.123103306687,9796.628245109518,1
2026-05-30 10:15:00+00:00,9785.123103306687,9801.71643458288,1
2026-05-30 10:30:00+00:00,9785.123103306687,9805.508270050294,1
2026-05-30 10:45:00+00:00,9785.123103306687,9799.058908870678,1
2026-05-30 11:00:00+00:00,9785.123103306687,9794.780940651035,1
2026-05-30 11:15:00+00:00,9785.123103306687,9794.165172498208,1
2026-05-30 11:30:00+00:00,9785.123103306687,9800.90621332916,1
2026-05-30 11:45:00+00:00,9785.123103306687,9797.568101763833,1
2026-05-30 12:00:00+00:00,9785.123103306687,9796.498609708922,1
2026-05-30 12:15:00+00:00,9785.123103306687,9801.327528381094,1
2026-05-30 12:30:00+00:00,9785.123103306687,9798.799638069488,1
2026-05-30 12:45:00+00:00,9785.123103306687,9805.02213729806,1
2026-05-30 13:00:00+00:00,9785.123103306687,9805.929585102227,1
2026-05-30 13:15:00+00:00,9785.123103306687,9807.517618759519,1
2026-05-30 13:30:00+00:00,9785.123103306687,9804.600822246126,1
2026-05-30 13:45:00+00:00,9785.123103306687,9807.614845309965,1
2026-05-30 14:00:00+00:00,9803.256556374647,9803.256556374647,0
2026-05-30 14:15:00+00:00,9803.256556374647,9803.256556374647,0
2026-05-30 14:30:00+00:00,9803.256556374647,9803.256556374647,0
2026-05-30 14:45:00+00:00,9803.256556374647,9803.256556374647,0
2026-05-30 15:00:00+00:00,9803.256556374647,9803.256556374647,0
2026-05-30 15:15:00+00:00,9803.256556374647,9803.256556374647,0
2026-05-30 15:30:00+00:00,9803.256556374647,9803.256556374647,0
2026-05-30 15:45:00+00:00,9803.256556374647,9803.256556374647,0
2026-05-30 16:00:00+00:00,9803.256556374647,9803.256556374647,0
2026-05-30 16:15:00+00:00,9803.256556374647,9803.256556374647,0
2026-05-30 16:30:00+00:00,9803.256556374647,9803.256556374647,0
2026-05-30 16:45:00+00:00,9803.256556374647,9803.256556374647,0
2026-05-30 17:00:00+00:00,9803.256556374647,9803.256556374647,0
2026-05-30 17:15:00+00:00,9803.256556374647,9803.256556374647,0
2026-05-30 17:30:00+00:00,9803.256556374647,9803.256556374647,0
2026-05-30 17:45:00+00:00,9803.256556374647,9803.256556374647,0
2026-05-30 18:00:00+00:00,9803.256556374647,9803.256556374647,0
2026-05-30 18:15:00+00:00,9803.256556374647,9803.256556374647,0
2026-05-30 18:30:00+00:00,9803.256556374647,9803.256556374647,0
2026-05-30 18:45:00+00:00,9803.256556374647,9803.256556374647,0
2026-05-30 19:00:00+00:00,9803.256556374647,9803.256556374647,0
2026-05-30 19:15:00+00:00,9803.256556374647,9803.256556374647,0
2026-05-30 19:30:00+00:00,9803.256556374647,9803.256556374647,0
2026-05-30 19:45:00+00:00,9803.256556374647,9803.256556374647,0
2026-05-30 20:00:00+00:00,9803.256556374647,9803.256556374647,0
2026-05-30 20:15:00+00:00,9803.256556374647,9803.256556374647,0
2026-05-30 20:30:00+00:00,9803.256556374647,9803.256556374647,0
2026-05-30 20:45:00+00:00,9803.256556374647,9803.256556374647,0
2026-05-30 21:00:00+00:00,9803.256556374647,9803.256556374647,0
2026-05-30 21:15:00+00:00,9803.256556374647,9803.256556374647,0
2026-05-30 21:30:00+00:00,9803.256556374647,9803.256556374647,0
2026-05-30 21:45:00+00:00,9803.256556374647,9803.256556374647,0
2026-05-30 22:00:00+00:00,9803.256556374647,9803.256556374647,0
2026-05-30 22:15:00+00:00,9803.256556374647,9803.256556374647,0
2026-05-30 22:30:00+00:00,9803.256556374647,9803.256556374647,0
2026-05-30 22:45:00+00:00,9803.256556374647,9803.256556374647,0
2026-05-30 23:00:00+00:00,9803.256556374647,9803.256556374647,0
2026-05-30 23:15:00+00:00,9803.256556374647,9803.256556374647,0
2026-05-30 23:30:00+00:00,9803.256556374647,9803.256556374647,0
2026-05-30 23:45:00+00:00,9803.256556374647,9803.256556374647,0
2026-05-31 00:00:00+00:00,9803.256556374647,9803.256556374647,0
