timestamp,equity,open_trades
2026-05-01 00:00:00+00:00,10000.0,0
2026-05-01 00:15:00+00:00,10000.0,0
2026-05-01 00:30:00+00:00,10000.0,0
2026-05-01 00:45:00+00:00,10000.0,0
2026-05-01 01:00:00+00:00,10000.0,0
2026-05-01 01:15:00+00:00,10000.0,0
2026-05-01 01:30:00+00:00,10000.0,0
2026-05-01 01:45:00+00:00,10000.0,0
2026-05-01 02:00:00+00:00,10000.0,0
2026-05-01 02:15:00+00:00,10000.0,0
2026-05-01 02:30:00+00:00,10000.0,0
2026-05-01 02:45:00+00:00,10000.0,0
2026-05-01 03:00:00+00:00,10000.0,0
2026-05-01 03:15:00+00:00,10000.0,0
2026-05-01 03:30:00+00:00,10000.0,0
2026-05-01 03:45:00+00:00,10000.0,0
2026-05-01 04:00:00+00:00,10000.0,0
2026-05-01 04:15:00+00:00,10000.0,0
2026-05-01 04:30:00+00:00,10000.0,0
2026-05-01 04:45:00+00:00,10000.0,0
2026-05-01 05:00:00+00:00,10000.0,0
2026-05-01 05:15:00+00:00,10000.0,0
2026-05-01 05:30:00+00:00,10000.0,0
2026-05-01 05:45:00+00:00,10000.0,0
2026-05-01 06:00:00+00:00,10000.0,0
2026-05-01 06:15:00+00:00,10000.0,0
2026-05-01 06:30:00+00:00,10000.0,0
2026-05-01 06:45:00+00:00,10000.0,0
2026-05-01 07:00:00+00:00,10000.0,0
2026-05-01 07:15:00+00:00,9981.719917342236,1
2026-05-01 07:30:00+00:00,9986.488634557305,1
2026-05-01 07:45:00+00:00,10003.179144810047,1
2026-05-01 08:00:00+00:00,10019.869655062788,1
2026-05-01 08:15:00+00:00,10024.598680696883,1
2026-05-01 08:30:00+00:00,10008.598188374042,1
2026-05-01 08:45:00+00:00,10018.4446451881,1
2026-05-01 09:00:00+00:00,10005.52117061965,1
2026-05-01 09:15:00+00:00,9989.52067829681,1
2026-05-01 09:30:00+00:00,9982.674527344077,2
2026-05-01 09:45:00+00:00,9917.760043418497,3
2026-05-01 10:00:00+00:00,9872.181313025647,2
2026-05-01 10:15:00+00:00,9930.242095641344,4
2026-05-01 10:30:00+00:00,9906.442565086661,4
2026-05-01 10:45:00+00:00,9926.342640144532,3
2026-05-01 11:00:00+00:00,9923.192738861457,2
2026-05-01 11:15:00+00:00,9921.495935733994,2
2026-05-01 11:30:00+00:00,9931.386668205316,2
2026-05-01 11:45:00+00:00,9944.900384054288,3
2026-05-01 12:00:00+00:00,9963.033418969355,2
2026-05-01 12:15:00+00:00,9965.610657973331,0
2026-05-01 12:30:00+00:00,9965.610657973331,0
2026-05-01 12:45:00+00:00,9965.610657973331,0
2026-05-01 13:00:00+00:00,9965.610657973331,0
2026-05-01 13:15:00+00:00,9965.610657973331,0
2026-05-01 13:30:00+00:00,9965.610657973331,0
2026-05-01 13:45:00+00:00,9965.610657973331,0
2026-05-01 14:00:00+00:00,9965.610657973331,0
2026-05-01 14:15:00+00:00,9965.610657973331,0
2026-05-01 14:30:00+00:00,9965.610657973331,0
2026-05-01 14:45:00+00:00,9965.610657973331,0
2026-05-01 15:00:00+00:00,9965.610657973331,0
2026-05-01 15:15:00+00:00,9965.610657973331,0
2026-05-01 15:30:00+00:00,9965.610657973331,0
2026-05-01 15:45:00+00:00,9965.610657973331,0
2026-05-01 16:00:00+00:00,9965.610657973331,0
2026-05-01 16:15:00+00:00,9965.610657973331,0
2026-05-01 16:30:00+00:00,9965.610657973331,0
2026-05-01 16:45:00+00:00,9965.610657973331,0
2026-05-01 17:00:00+00:00,9965.610657973331,0
2026-05-01 17:15:00+00:00,9965.610657973331,0
2026-05-01 17:30:00+00:00,9965.610657973331,0
2026-05-01 17:45:00+00:00,9965.610657973331,0
2026-05-01 18:00:00+00:00,9965.610657973331,0
2026-05-01 18:15:00+00:00,9965.610657973331,0
2026-05-01 18:30:00+00:00,9965.610657973331,0
2026-05-01 18:45:00+00:00,9965.610657973331,0
2026-05-01 19:00:00+00:00,9965.610657973331,0
2026-05-01 19:15:00+00:00,9965.610657973331,0
2026-05-01 19:30:00+00:00,9965.610657973331,0
2026-05-01 19:45:00+00:00,9965.610657973331,0
2026-05-01 20:00:00+00:00,9965.610657973331,0
2026-05-01 20:15:00+00:00,9965.610657973331,0
2026-05-01 20:30:00+00:00,9965.610657973331,0
2026-05-01 20:45:00+00:00,9965.610657973331,0
2026-05-01 21:00:00+00:00,9965.610657973331,0
2026-05-01 21:15:00+00:00,9965.610657973331,0
2026-05-01 21:30:00+00:00,9965.610657973331,0
2026-05-01 21:45:00+00:00,9965.610657973331,0
2026-05-01 22:00:00+00:00,9965.610657973331,0
2026-05-01 22:15:00+00:00,9965.610657973331,0
2026-05-01 22:30:00+00:00,9965.610657973331,0
2026-05-01 22:45:00+00:00,9965.610657973331,0
2026-05-01 23:00:00+00:00,9965.610657973331,0
2026-05-01 23:15:00+00:00,9965.610657973331,0
2026-05-01 23:30:00+00:00,9965.610657973331,0
2026-05-01 23:45:00+00:00,9965.610657973331,0
2026-05-02 00:00:00+00:00,9965.610657973331,0
2026-05-02 00:15:00+00:00,9965.610657973331,0
2026-05-02 00:30:00+00:00,9965.610657973331,0
2026-05-02 00:45:00+00:00,9965.610657973331,0
2026-05-02 01:00:00+00:00,9965.610657973331,0
2026-05-02 01:15:00+00:00,9965.610657973331,0
2026-05-02 01:30:00+00:00,9965.610657973331,0
2026-05-02 01:45:00+00:00,9965.610657973331,0
2026-05-02 02:00:00+00:00,9965.610657973331,0
2026-05-02 02:15:00+00:00,9965.610657973331,0
2026-05-02 02:30:00+00:00,9965.610657973331,0
2026-05-02 02:45:00+00:00,9965.610657973331,0
2026-05-02 03:00:00+00:00,9965.610657973331,0
2026-05-02 03:15:00+00:00,9965.610657973331,0
2026-05-02 03:30:00+00:00,9965.610657973331,0
2026-05-02 03:45:00+00:00,9965.610657973331,0
2026-05-02 04:00:00+00:00,9965.610657973331,0
2026-05-02 04:15:00+00:00,9965.610657973331,0
2026-05-02 04:30:00+00:00,9965.610657973331,0
2026-05-02 04:45:00+00:00,9965.610657973331,0
2026-05-02 05:00:00+00:00,9965.610657973331,0
2026-05-02 05:15:00+00:00,9965.610657973331,0
2026-05-02 05:30:00+00:00,9965.610657973331,0
2026-05-02 05:45:00+00:00,9965.610657973331,0
2026-05-02 06:00:00+00:00,9965.610657973331,0
2026-05-02 06:15:00+00:00,9965.610657973331,0
2026-05-02 06:30:00+00:00,9965.610657973331,0
2026-05-02 06:45:00+00:00,9965.610657973331,0
2026-05-02 07:00:00+00:00,9965.610657973331,0
2026-05-02 07:15:00+00:00,9965.610657973331,0
2026-05-02 07:30:00+00:00,9965.610657973331,0
2026-05-02 07:45:00+00:00,9965.610657973331,0
2026-05-02 08:00:00+00:00,9965.610657973331,0
2026-05-02 08:15:00+00:00,9965.610657973331,0
2026-05-02 08:30:00+00:00,9965.610657973331,0
2026-05-02 08:45:00+00:00,9965.610657973331,0
2026-05-02 09:00:00+00:00,9965.610657973331,0
2026-05-02 09:15:00+00:00,9965.610657973331,0
2026-05-02 09:30:00+00:00,9965.610657973331,0
2026-05-02 09:45:00+00:00,9965.610657973331,0
2026-05-02 10:00:00+00:00,9965.610657973331,0
2026-05-02 10:15:00+00:00,9965.610657973331,0
2026-05-02 10:30:00+00:00,9965.601455718577,2
2026-05-02 10:45:00+00:00,9966.386310392223,2
2026-05-02 11:00:00+00:00,9954.451538392732,2
2026-05-02 11:15:00+00:00,9966.00474150075,1
2026-05-02 11:30:00+00:00,9961.30470607731,1
2026-05-02 11:45:00+00:00,9942.081658484314,0
2026-05-02 12:00:00+00:00,9942.081658484314,0
2026-05-02 12:15:00+00:00,9942.081658484314,0
2026-05-02 12:30:00+00:00,9942.081658484314,0
2026-05-02 12:45:00+00:00,9942.081658484314,0
2026-05-02 13:00:00+00:00,9942.081658484314,0
2026-05-02 13:15:00+00:00,9942.081658484314,0
2026-05-02 13:30:00+00:00,9942.081658484314,0
2026-05-02 13:45:00+00:00,9942.081658484314,0
2026-05-02 14:00:00+00:00,9942.081658484314,0
2026-05-02 14:15:00+00:00,9942.081658484314,0
2026-05-02 14:30:00+00:00,9942.081658484314,0
2026-05-02 14:45:00+00:00,9942.081658484314,0
2026-05-02 15:00:00+00:00,9942.081658484314,0
2026-05-02 15:15:00+00:00,9942.081658484314,0
2026-05-02 15:30:00+00:00,9942.081658484314,0
2026-05-02 15:45:00+00:00,9942.081658484314,0
2026-05-02 16:00:00+00:00,9942.081658484314,0
2026-05-02 16:15:00+00:00,9942.081658484314,0
2026-05-02 16:30:00+00:00,9942.081658484314,0
2026-05-02 16:45:00+00:00,9942.081658484314,0
2026-05-02 17:00:00+00:00,9942.081658484314,0
2026-05-02 17:15:00+00:00,9942.081658484314,0
2026-05-02 17:30:00+00:00,9942.081658484314,0
2026-05-02 17:45:00+00:00,9942.081658484314,0
2026-05-02 18:00:00+00:00,9942.081658484314,0
2026-05-02 18:15:00+00:00,9942.081658484314,0
2026-05-02 18:30:00+00:00,9942.081658484314,0
2026-05-02 18:45:00+00:00,9942.081658484314,0
2026-05-02 19:00:00+00:00,9942.081658484314,0
2026-05-02 19:15:00+00:00,9942.081658484314,0
2026-05-02 19:30:00+00:00,9942.081658484314,0
2026-05-02 19:45:00+00:00,9942.081658484314,0
2026-05-02 20:00:00+00:00,9942.081658484314,0
2026-05-02 20:15:00+00:00,9953.67350244557,1
2026-05-02 20:30:00+00:00,9953.67350244557,2
2026-05-02 20:45:00+00:00,9964.784389570075,2
2026-05-02 21:00:00+00:00,9950.67456105626,1
2026-05-02 21:15:00+00:00,9950.173585693603,0
2026-05-02 21:30:00+00:00,9952.619558589226,1
2026-05-02 21:45:00+00:00,9957.529506069368,0
2026-05-02 22:00:00+00:00,9957.529506069368,0
2026-05-02 22:15:00+00:00,9957.529506069368,0
2026-05-02 22:30:00+00:00,9957.529506069368,0
2026-05-02 22:45:00+00:00,9975.001598507515,1
2026-05-02 23:00:00+00:00,9967.853924328274,1
2026-05-02 23:15:00+00:00,9975.795784527432,1
2026-05-02 23:30:00+00:00,9967.853924328274,1
2026-05-02 23:45:00+00:00,9959.912064129116,1
2026-05-03 00:00:00+00:00,9938.469041591386,1
2026-05-03 00:15:00+00:00,9909.456992001087,0
2026-05-03 00:30:00+00:00,9909.456992001087,0
2026-05-03 00:45:00+00:00,9909.456992001087,0
2026-05-03 01:00:00+00:00,9909.456992001087,0
2026-05-03 01:15:00+00:00,9909.456992001087,0
2026-05-03 01:30:00+00:00,9909.456992001087,0
2026-05-03 01:45:00+00:00,9909.456992001087,0
2026-05-03 02:00:00+00:00,9909.456992001087,0
2026-05-03 02:15:00+00:00,9909.456992001087,0
2026-05-03 02:30:00+00:00,9909.456992001087,0
2026-05-03 02:45:00+00:00,9909.456992001087,0
2026-05-03 03:00:00+00:00,9909.456992001087,0
2026-05-03 03:15:00+00:00,9909.456992001087,0
2026-05-03 03:30:00+00:00,9909.456992001087,0
2026-05-03 03:45:00+00:00,9909.456992001087,0
2026-05-03 04:00:00+00:00,9909.456992001087,0
2026-05-03 04:15:00+00:00,9909.456992001087,0
2026-05-03 04:30:00+00:00,9909.456992001087,0
2026-05-03 04:45:00+00:00,9909.456992001087,0
2026-05-03 05:00:00+00:00,9909.456992001087,0
2026-05-03 05:15:00+00:00,9909.456992001087,0
2026-05-03 05:30:00+00:00,9909.456992001087,0
2026-05-03 05:45:00+00:00,9909.456992001087,0
2026-05-03 06:00:00+00:00,9909.456992001087,0
2026-05-03 06:15:00+00:00,9909.456992001087,0
2026-05-03 06:30:00+00:00,9909.456992001087,0
2026-05-03 06:45:00+00:00,9909.456992001087,0
2026-05-03 07:00:00+00:00,9909.456992001087,0
2026-05-03 07:15:00+00:00,9909.456992001087,0
2026-05-03 07:30:00+00:00,9909.456992001087,0
2026-05-03 07:45:00+00:00,9909.456992001087,0
2026-05-03 08:00:00+00:00,9918.676187312676,1
2026-05-03 08:15:00+00:00,9912.53005710495,1
2026-05-03 08:30:00+00:00,9919.29080033345,1
2026-05-03 08:45:00+00:00,9914.988509188042,1
2026-05-03 09:00:00+00:00,9919.29080033345,1
2026-05-03 09:15:00+00:00,9919.905413354223,1
2026-05-03 09:30:00+00:00,9916.653396773643,0
2026-05-03 09:45:00+00:00,9916.653396773643,0
2026-05-03 10:00:00+00:00,9916.653396773643,0
2026-05-03 10:15:00+00:00,9916.653396773643,0
2026-05-03 10:30:00+00:00,9916.653396773643,0
2026-05-03 10:45:00+00:00,9916.653396773643,0
2026-05-03 11:00:00+00:00,9926.078937844988,2
2026-05-03 11:15:00+00:00,9928.634933633979,2
2026-05-03 11:30:00+00:00,9971.199412200967,1
2026-05-03 11:45:00+00:00,9931.161028821112,0
2026-05-03 12:00:00+00:00,9931.161028821112,0
2026-05-03 12:15:00+00:00,9931.161028821112,0
2026-05-03 12:30:00+00:00,9931.161028821112,0
2026-05-03 12:45:00+00:00,9931.161028821112,0
2026-05-03 13:00:00+00:00,9931.161028821112,0
2026-05-03 13:15:00+00:00,9931.161028821112,0
2026-05-03 13:30:00+00:00,9931.161028821112,0
2026-05-03 13:45:00+00:00,9931.161028821112,0
2026-05-03 14:00:00+00:00,9931.161028821112,0
2026-05-03 14:15:00+00:00,9931.161028821112,0
2026-05-03 14:30:00+00:00,9931.161028821112,0
2026-05-03 14:45:00+00:00,9931.161028821112,0
2026-05-03 15:00:00+00:00,9931.161028821112,0
2026-05-03 15:15:00+00:00,9931.161028821112,0
2026-05-03 15:30:00+00:00,9931.161028821112,0
2026-05-03 15:45:00+00:00,9931.161028821112,0
2026-05-03 16:00:00+00:00,9931.161028821112,0
2026-05-03 16:15:00+00:00,9931.161028821112,0
2026-05-03 16:30:00+00:00,9931.161028821112,0
2026-05-03 16:45:00+00:00,9931.161028821112,0
2026-05-03 17:00:00+00:00,9931.161028821112,0
2026-05-03 17:15:00+00:00,9931.161028821112,0
2026-05-03 17:30:00+00:00,9931.161028821112,0
2026-05-03 17:45:00+00:00,9931.161028821112,0
2026-05-03 18:00:00+00:00,9931.161028821112,0
2026-05-03 18:15:00+00:00,9931.161028821112,0
2026-05-03 18:30:00+00:00,9931.161028821112,0
2026-05-03 18:45:00+00:00,9931.161028821112,0
2026-05-03 19:00:00+00:00,9931.161028821112,0
2026-05-03 19:15:00+00:00,9931.161028821112,0
2026-05-03 19:30:00+00:00,9931.161028821112,0
2026-05-03 19:45:00+00:00,9931.161028821112,0
2026-05-03 20:00:00+00:00,9931.161028821112,0
2026-05-03 20:15:00+00:00,9931.161028821112,0
2026-05-03 20:30:00+00:00,9931.161028821112,0
2026-05-03 20:45:00+00:00,9931.161028821112,0
2026-05-03 21:00:00+00:00,9931.161028821112,0
2026-05-03 21:15:00+00:00,9931.161028821112,0
2026-05-03 21:30:00+00:00,9931.161028821112,0
2026-05-03 21:45:00+00:00,9931.161028821112,0
2026-05-03 22:00:00+00:00,9931.161028821112,0
2026-05-03 22:15:00+00:00,9931.161028821112,0
2026-05-03 22:30:00+00:00,9931.161028821112,0
2026-05-03 22:45:00+00:00,9931.161028821112,0
2026-05-03 23:00:00+00:00,9931.161028821112,0
2026-05-03 23:15:00+00:00,9931.161028821112,0
2026-05-03 23:30:00+00:00,9931.161028821112,0
2026-05-03 23:45:00+00:00,9931.161028821112,0
2026-05-04 00:00:00+00:00,9931.161028821112,0
2026-05-04 00:15:00+00:00,9931.161028821112,0
2026-05-04 00:30:00+00:00,9931.161028821112,0
2026-05-04 00:45:00+00:00,9931.161028821112,0
2026-05-04 01:00:00+00:00,9931.161028821112,0
2026-05-04 01:15:00+00:00,9931.161028821112,0
2026-05-04 01:30:00+00:00,9931.161028821112,0
2026-05-04 01:45:00+00:00,9931.161028821112,0
2026-05-04 02:00:00+00:00,9931.161028821112,0
2026-05-04 02:15:00+00:00,9931.161028821112,0
2026-05-04 02:30:00+00:00,9931.161028821112,0
2026-05-04 02:45:00+00:00,9931.161028821112,0
2026-05-04 03:00:00+00:00,9931.161028821112,0
2026-05-04 03:15:00+00:00,9931.161028821112,0
2026-05-04 03:30:00+00:00,9931.161028821112,0
2026-05-04 03:45:00+00:00,9931.161028821112,0
2026-05-04 04:00:00+00:00,9931.161028821112,0
2026-05-04 04:15:00+00:00,9931.161028821112,0
2026-05-04 04:30:00+00:00,9931.161028821112,0
2026-05-04 04:45:00+00:00,9931.161028821112,0
2026-05-04 05:00:00+00:00,9931.161028821112,0
2026-05-04 05:15:00+00:00,9931.161028821112,0
2026-05-04 05:30:00+00:00,9931.161028821112,0
2026-05-04 05:45:00+00:00,9931.161028821112,0
2026-05-04 06:00:00+00:00,9931.161028821112,0
2026-05-04 06:15:00+00:00,9931.161028821112,0
2026-05-04 06:30:00+00:00,9931.161028821112,0
2026-05-04 06:45:00+00:00,9931.161028821112,0
2026-05-04 07:00:00+00:00,9931.161028821112,0
2026-05-04 07:15:00+00:00,9931.161028821112,0
2026-05-04 07:30:00+00:00,9931.161028821112,0
2026-05-04 07:45:00+00:00,9931.161028821112,0
2026-05-04 08:00:00+00:00,9931.161028821112,0
2026-05-04 08:15:00+00:00,9931.161028821112,0
2026-05-04 08:30:00+00:00,9931.161028821112,0
2026-05-04 08:45:00+00:00,9931.161028821112,0
2026-05-04 09:00:00+00:00,9931.161028821112,0
2026-05-04 09:15:00+00:00,9931.161028821112,0
2026-05-04 09:30:00+00:00,9931.161028821112,0
2026-05-04 09:45:00+00:00,9931.161028821112,0
2026-05-04 10:00:00+00:00,9931.161028821112,0
2026-05-04 10:15:00+00:00,9931.161028821112,0
2026-05-04 10:30:00+00:00,9931.161028821112,0
2026-05-04 10:45:00+00:00,9931.161028821112,0
2026-05-04 11:00:00+00:00,9931.161028821112,0
2026-05-04 11:15:00+00:00,9931.161028821112,0
2026-05-04 11:30:00+00:00,9931.161028821112,0
2026-05-04 11:45:00+00:00,9931.161028821112,0
2026-05-04 12:00:00+00:00,9931.161028821112,0
2026-05-04 12:15:00+00:00,9931.161028821112,0
2026-05-04 12:30:00+00:00,9931.161028821112,0
2026-05-04 12:45:00+00:00,9931.161028821112,0
2026-05-04 13:00:00+00:00,9931.161028821112,0
2026-05-04 13:15:00+00:00,9931.161028821112,0
2026-05-04 13:30:00+00:00,9931.161028821112,0
2026-05-04 13:45:00+00:00,9931.161028821112,0
2026-05-04 14:00:00+00:00,9931.161028821112,0
2026-05-04 14:15:00+00:00,9931.161028821112,0
2026-05-04 14:30:00+00:00,9931.161028821112,0
2026-05-04 14:45:00+00:00,9931.161028821112,0
2026-05-04 15:00:00+00:00,9931.161028821112,0
2026-05-04 15:15:00+00:00,9931.161028821112,0
2026-05-04 15:30:00+00:00,9931.161028821112,0
2026-05-04 15:45:00+00:00,9931.161028821112,0
2026-05-04 16:00:00+00:00,9931.161028821112,0
2026-05-04 16:15:00+00:00,9931.161028821112,0
2026-05-04 16:30:00+00:00,9931.161028821112,0
2026-05-04 16:45:00+00:00,9931.161028821112,0
2026-05-04 17:00:00+00:00,9931.161028821112,0
2026-05-04 17:15:00+00:00,9931.161028821112,0
2026-05-04 17:30:00+00:00,9931.161028821112,0
2026-05-04 17:45:00+00:00,9931.161028821112,0
2026-05-04 18:00:00+00:00,9931.161028821112,0
2026-05-04 18:15:00+00:00,9931.161028821112,0
2026-05-04 18:30:00+00:00,9931.161028821112,0
2026-05-04 18:45:00+00:00,9931.161028821112,0
2026-05-04 19:00:00+00:00,9931.161028821112,0
2026-05-04 19:15:00+00:00,9931.161028821112,0
2026-05-04 19:30:00+00:00,9931.161028821112,0
2026-05-04 19:45:00+00:00,9931.161028821112,0
2026-05-04 20:00:00+00:00,9931.161028821112,0
2026-05-04 20:15:00+00:00,9931.161028821112,0
2026-05-04 20:30:00+00:00,9931.161028821112,0
2026-05-04 20:45:00+00:00,9931.161028821112,0
2026-05-04 21:00:00+00:00,9931.161028821112,0
2026-05-04 21:15:00+00:00,9931.161028821112,0
2026-05-04 21:30:00+00:00,9931.161028821112,0
2026-05-04 21:45:00+00:00,9931.161028821112,0
2026-05-04 22:00:00+00:00,9931.161028821112,0
2026-05-04 22:15:00+00:00,9931.161028821112,0
2026-05-04 22:30:00+00:00,9931.161028821112,0
2026-05-04 22:45:00+00:00,9931.161028821112,0
2026-05-04 23:00:00+00:00,9931.161028821112,0
2026-05-04 23:15:00+00:00,9931.161028821112,0
2026-05-04 23:30:00+00:00,9931.161028821112,0
2026-05-04 23:45:00+00:00,9931.161028821112,0
2026-05-05 00:00:00+00:00,9931.161028821112,0
2026-05-05 00:15:00+00:00,9931.161028821112,0
2026-05-05 00:30:00+00:00,9931.161028821112,0
2026-05-05 00:45:00+00:00,9931.161028821112,0
2026-05-05 01:00:00+00:00,9931.161028821112,0
2026-05-05 01:15:00+00:00,9931.161028821112,0
2026-05-05 01:30:00+00:00,9931.161028821112,0
2026-05-05 01:45:00+00:00,9931.161028821112,0
2026-05-05 02:00:00+00:00,9931.161028821112,0
2026-05-05 02:15:00+00:00,9931.161028821112,0
2026-05-05 02:30:00+00:00,9931.161028821112,0
2026-05-05 02:45:00+00:00,9931.161028821112,0
2026-05-05 03:00:00+00:00,9931.161028821112,0
2026-05-05 03:15:00+00:00,9931.161028821112,0
2026-05-05 03:30:00+00:00,9931.161028821112,0
2026-05-05 03:45:00+00:00,9931.161028821112,0
2026-05-05 04:00:00+00:00,9931.161028821112,0
2026-05-05 04:15:00+00:00,9931.161028821112,0
2026-05-05 04:30:00+00:00,9931.161028821112,0
2026-05-05 04:45:00+00:00,9931.161028821112,0
2026-05-05 05:00:00+00:00,9931.161028821112,0
2026-05-05 05:15:00+00:00,9931.161028821112,0
2026-05-05 05:30:00+00:00,9931.161028821112,0
2026-05-05 05:45:00+00:00,9931.161028821112,0
2026-05-05 06:00:00+00:00,9931.161028821112,0
2026-05-05 06:15:00+00:00,9931.161028821112,0
2026-05-05 06:30:00+00:00,9931.161028821112,0
2026-05-05 06:45:00+00:00,9931.161028821112,0
2026-05-05 07:00:00+00:00,9931.161028821112,0
2026-05-05 07:15:00+00:00,9939.205104128687,1
2026-05-05 07:30:00+00:00,9941.09782773047,1
2026-05-05 07:45:00+00:00,9938.73192322824,1
2026-05-05 08:00:00+00:00,9944.410094033587,1
2026-05-05 08:15:00+00:00,9946.30281763537,1
2026-05-05 08:30:00+00:00,9938.73192322824,1
2026-05-05 08:45:00+00:00,9962.016699102518,3
2026-05-05 09:00:00+00:00,9904.52072391819,4
2026-05-05 09:15:00+00:00,9893.3645631794,4
2026-05-05 09:30:00+00:00,9816.167347144981,3
2026-05-05 09:45:00+00:00,9828.855423568397,3
2026-05-05 10:00:00+00:00,9847.855506515978,5
2026-05-05 10:15:00+00:00,9874.611569839974,5
2026-05-05 10:30:00+00:00,9905.407211433449,3
2026-05-05 10:45:00+00:00,9899.134408993366,2
2026-05-05 11:00:00+00:00,9905.534882358965,3
2026-05-05 11:15:00+00:00,9895.401674030016,3
2026-05-05 11:30:00+00:00,9909.743838664022,2
2026-05-05 11:45:00+00:00,9916.50372325054,2
2026-05-05 12:00:00+00:00,9909.41919837836,1
2026-05-05 12:15:00+00:00,9916.516911885043,1
2026-05-05 12:30:00+00:00,9911.086066338794,0
2026-05-05 12:45:00+00:00,9911.086066338794,0
2026-05-05 13:00:00+00:00,9911.086066338794,0
2026-05-05 13:15:00+00:00,9911.086066338794,0
2026-05-05 13:30:00+00:00,9911.086066338794,0
2026-05-05 13:45:00+00:00,9911.086066338794,0
2026-05-05 14:00:00+00:00,9911.086066338794,0
2026-05-05 14:15:00+00:00,9911.086066338794,0
2026-05-05 14:30:00+00:00,9911.086066338794,0
2026-05-05 14:45:00+00:00,9911.086066338794,0
2026-05-05 15:00:00+00:00,9911.086066338794,0
2026-05-05 15:15:00+00:00,9911.086066338794,0
2026-05-05 15:30:00+00:00,9911.086066338794,0
2026-05-05 15:45:00+00:00,9911.086066338794,0
2026-05-05 16:00:00+00:00,9911.086066338794,0
2026-05-05 16:15:00+00:00,9911.086066338794,0
2026-05-05 16:30:00+00:00,9911.086066338794,0
2026-05-05 16:45:00+00:00,9911.086066338794,0
2026-05-05 17:00:00+00:00,9911.086066338794,0
2026-05-05 17:15:00+00:00,9911.086066338794,0
2026-05-05 17:30:00+00:00,9911.086066338794,0
2026-05-05 17:45:00+00:00,9911.086066338794,0
2026-05-05 18:00:00+00:00,9911.086066338794,0
2026-05-05 18:15:00+00:00,9911.086066338794,0
2026-05-05 18:30:00+00:00,9911.086066338794,0
2026-05-05 18:45:00+00:00,9911.086066338794,0
2026-05-05 19:00:00+00:00,9911.086066338794,0
2026-05-05 19:15:00+00:00,9911.086066338794,0
2026-05-05 19:30:00+00:00,9911.086066338794,0
2026-05-05 19:45:00+00:00,9911.086066338794,0
2026-05-05 20:00:00+00:00,9911.086066338794,0
2026-05-05 20:15:00+00:00,9911.086066338794,0
2026-05-05 20:30:00+00:00,9911.086066338794,0
2026-05-05 20:45:00+00:00,9911.086066338794,0
2026-05-05 21:00:00+00:00,9911.086066338794,0
2026-05-05 21:15:00+00:00,9905.266102466987,1
2026-05-05 21:30:00+00:00,9923.30799046959,1
2026-05-05 21:45:00+00:00,9932.802847222918,0
2026-05-05 22:00:00+00:00,9932.802847222918,0
2026-05-05 22:15:00+00:00,9932.802847222918,0
2026-05-05 22:30:00+00:00,9932.802847222918,0
2026-05-05 22:45:00+00:00,9932.802847222918,0
2026-05-05 23:00:00+00:00,9932.802847222918,0
2026-05-05 23:15:00+00:00,9932.802847222918,0
2026-05-05 23:30:00+00:00,9932.802847222918,0
2026-05-05 23:45:00+00:00,9936.580119675456,1
2026-05-06 00:00:00+00:00,9938.940914958293,1
2026-05-06 00:15:00+00:00,9921.471029865306,1
2026-05-06 00:30:00+00:00,9919.582393639039,1
2026-05-06 00:45:00+00:00,9928.553415713815,1
2026-05-06 01:00:00+00:00,9939.885233071427,1
2026-05-06 01:15:00+00:00,9956.882959107847,1
2026-05-06 01:30:00+00:00,9953.105686655308,1
2026-05-06 01:45:00+00:00,9961.604549673519,1
2026-05-06 02:00:00+00:00,9953.105686655308,1
2026-05-06 02:15:00+00:00,9935.163642505755,1
2026-05-06 02:30:00+00:00,9935.635801562323,1
2026-05-06 02:45:00+00:00,9953.577845711876,1
2026-05-06 03:00:00+00:00,9955.748930279431,0
2026-05-06 03:15:00+00:00,9955.748930279431,0
2026-05-06 03:30:00+00:00,9955.748930279431,0
2026-05-06 03:45:00+00:00,9955.748930279431,0
2026-05-06 04:00:00+00:00,9955.748930279431,0
2026-05-06 04:15:00+00:00,9955.748930279431,0
2026-05-06 04:30:00+00:00,9955.748930279431,0
2026-05-06 04:45:00+00:00,9955.748930279431,0
2026-05-06 05:00:00+00:00,9955.748930279431,0
2026-05-06 05:15:00+00:00,9955.748930279431,0
2026-05-06 05:30:00+00:00,9955.748930279431,0
2026-05-06 05:45:00+00:00,9955.748930279431,0
2026-05-06 06:00:00+00:00,9955.748930279431,0
2026-05-06 06:15:00+00:00,9955.748930279431,0
2026-05-06 06:30:00+00:00,9955.748930279431,0
2026-05-06 06:45:00+00:00,9955.748930279431,0
2026-05-06 07:00:00+00:00,9955.748930279431,0
2026-05-06 07:15:00+00:00,9955.748930279431,0
2026-05-06 07:30:00+00:00,9955.748930279431,0
2026-05-06 07:45:00+00:00,9955.748930279431,0
2026-05-06 08:00:00+00:00,9955.748930279431,0
2026-05-06 08:15:00+00:00,9955.748930279431,0
2026-05-06 08:30:00+00:00,9955.748930279431,0
2026-05-06 08:45:00+00:00,9955.748930279431,0
2026-05-06 09:00:00+00:00,9955.748930279431,0
2026-05-06 09:15:00+00:00,9955.748930279431,0
2026-05-06 09:30:00+00:00,9955.748930279431,0
2026-05-06 09:45:00+00:00,9955.748930279431,0
2026-05-06 10:00:00+00:00,9955.748930279431,0
2026-05-06 10:15:00+00:00,9955.748930279431,0
2026-05-06 10:30:00+00:00,9955.748930279431,0
2026-05-06 10:45:00+00:00,9955.748930279431,0
2026-05-06 11:00:00+00:00,9955.748930279431,0
2026-05-06 11:15:00+00:00,9955.748930279431,0
2026-05-06 11:30:00+00:00,9955.748930279431,0
2026-05-06 11:45:00+00:00,9955.748930279431,0
2026-05-06 12:00:00+00:00,9955.748930279431,0
2026-05-06 12:15:00+00:00,9955.748930279431,0
2026-05-06 12:30:00+00:00,9955.748930279431,0
2026-05-06 12:45:00+00:00,9955.748930279431,0
2026-05-06 13:00:00+00:00,9955.748930279431,0
2026-05-06 13:15:00+00:00,9955.748930279431,0
2026-05-06 13:30:00+00:00,9955.748930279431,0
2026-05-06 13:45:00+00:00,9955.748930279431,0
2026-05-06 14:00:00+00:00,9955.748930279431,0
2026-05-06 14:15:00+00:00,9955.748930279431,0
2026-05-06 14:30:00+00:00,9955.748930279431,0
2026-05-06 14:45:00+00:00,9955.748930279431,0
2026-05-06 15:00:00+00:00,9955.748930279431,0
2026-05-06 15:15:00+00:00,9955.748930279431,0
2026-05-06 15:30:00+00:00,9955.748930279431,0
2026-05-06 15:45:00+00:00,9955.748930279431,0
2026-05-06 16:00:00+00:00,9955.748930279431,0
2026-05-06 16:15:00+00:00,9955.748930279431,0
2026-05-06 16:30:00+00:00,9955.748930279431,0
2026-05-06 16:45:00+00:00,9955.748930279431,0
2026-05-06 17:00:00+00:00,9955.748930279431,0
2026-05-06 17:15:00+00:00,9955.748930279431,0
2026-05-06 17:30:00+00:00,9955.748930279431,0
2026-05-06 17:45:00+00:00,9955.748930279431,0
2026-05-06 18:00:00+00:00,9955.748930279431,0
2026-05-06 18:15:00+00:00,9955.748930279431,0
2026-05-06 18:30:00+00:00,9955.748930279431,0
2026-05-06 18:45:00+00:00,9955.748930279431,0
2026-05-06 19:00:00+00:00,9955.748930279431,0
2026-05-06 19:15:00+00:00,9955.748930279431,0
2026-05-06 19:30:00+00:00,9955.748930279431,0
2026-05-06 19:45:00+00:00,9955.748930279431,0
2026-05-06 20:00:00+00:00,9955.748930279431,0
2026-05-06 20:15:00+00:00,9954.220308271222,1
2026-05-06 20:30:00+00:00,9939.103935078936,1
2026-05-06 20:45:00+00:00,9948.61536090779,1
2026-05-06 21:00:00+00:00,9942.982105729392,1
2026-05-06 21:15:00+00:00,9951.191372069774,1
2026-05-06 21:30:00+00:00,9962.231419906835,1
2026-05-06 21:45:00+00:00,9959.400638410152,1
2026-05-06 22:00:00+00:00,9948.360590573091,1
2026-05-06 22:15:00+00:00,9933.725450235239,1
2026-05-06 22:30:00+00:00,9941.39686809125,1
2026-05-06 22:45:00+00:00,9938.6227022245,1
2026-05-06 23:00:00+00:00,9904.808999542242,0
2026-05-06 23:15:00+00:00,9904.808999542242,0
2026-05-06 23:30:00+00:00,9904.808999542242,0
2026-05-06 23:45:00+00:00,9910.466066436475,1
2026-05-07 00:00:00+00:00,9907.876762186379,1
2026-05-07 00:15:00+00:00,9892.369081297213,1
2026-05-07 00:30:00+00:00,9858.619188450011,0
2026-05-07 00:45:00+00:00,9858.619188450011,0
2026-05-07 01:00:00+00:00,9858.619188450011,0
2026-05-07 01:15:00+00:00,9858.619188450011,0
2026-05-07 01:30:00+00:00,9858.619188450011,0
2026-05-07 01:45:00+00:00,9858.619188450011,0
2026-05-07 02:00:00+00:00,9858.619188450011,0
2026-05-07 02:15:00+00:00,9858.619188450011,0
2026-05-07 02:30:00+00:00,9858.619188450011,0
2026-05-07 02:45:00+00:00,9858.619188450011,0
2026-05-07 03:00:00+00:00,9858.619188450011,0
2026-05-07 03:15:00+00:00,9858.619188450011,0
2026-05-07 03:30:00+00:00,9858.619188450011,0
2026-05-07 03:45:00+00:00,9858.619188450011,0
2026-05-07 04:00:00+00:00,9858.619188450011,0
2026-05-07 04:15:00+00:00,9858.619188450011,0
2026-05-07 04:30:00+00:00,9858.619188450011,0
2026-05-07 04:45:00+00:00,9858.619188450011,0
2026-05-07 05:00:00+00:00,9858.619188450011,0
2026-05-07 05:15:00+00:00,9858.619188450011,0
2026-05-07 05:30:00+00:00,9858.619188450011,0
2026-05-07 05:45:00+00:00,9858.619188450011,0
2026-05-07 06:00:00+00:00,9858.619188450011,0
2026-05-07 06:15:00+00:00,9858.619188450011,0
2026-05-07 06:30:00+00:00,9858.619188450011,0
2026-05-07 06:45:00+00:00,9858.619188450011,0
2026-05-07 07:00:00+00:00,9858.619188450011,0
2026-05-07 07:15:00+00:00,9858.619188450011,0
2026-05-07 07:30:00+00:00,9858.619188450011,0
2026-05-07 07:45:00+00:00,9858.619188450011,0
2026-05-07 08:00:00+00:00,9858.619188450011,0
2026-05-07 08:15:00+00:00,9858.619188450011,0
2026-05-07 08:30:00+00:00,9858.619188450011,0
2026-05-07 08:45:00+00:00,9858.619188450011,0
2026-05-07 09:00:00+00:00,9858.619188450011,0
2026-05-07 09:15:00+00:00,9858.619188450011,0
2026-05-07 09:30:00+00:00,9858.619188450011,0
2026-05-07 09:45:00+00:00,9858.619188450011,0
2026-05-07 10:00:00+00:00,9858.619188450011,0
2026-05-07 10:15:00+00:00,9858.619188450011,0
2026-05-07 10:30:00+00:00,9858.619188450011,0
2026-05-07 10:45:00+00:00,9858.619188450011,0
2026-05-07 11:00:00+00:00,9858.619188450011,0
2026-05-07 11:15:00+00:00,9858.619188450011,0
2026-05-07 11:30:00+00:00,9858.619188450011,0
2026-05-07 11:45:00+00:00,9858.619188450011,0
2026-05-07 12:00:00+00:00,9858.619188450011,0
2026-05-07 12:15:00+00:00,9858.619188450011,0
2026-05-07 12:30:00+00:00,9858.619188450011,0
2026-05-07 12:45:00+00:00,9858.619188450011,0
2026-05-07 13:00:00+00:00,9858.619188450011,0
2026-05-07 13:15:00+00:00,9858.619188450011,0
2026-05-07 13:30:00+00:00,9858.619188450011,0
2026-05-07 13:45:00+00:00,9858.619188450011,0
2026-05-07 14:00:00+00:00,9858.619188450011,0
2026-05-07 14:15:00+00:00,9858.619188450011,0
2026-05-07 14:30:00+00:00,9858.619188450011,0
2026-05-07 14:45:00+00:00,9858.619188450011,0
2026-05-07 15:00:00+00:00,9858.619188450011,0
2026-05-07 15:15:00+00:00,9858.619188450011,0
2026-05-07 15:30:00+00:00,9858.619188450011,0
2026-05-07 15:45:00+00:00,9858.619188450011,0
2026-05-07 16:00:00+00:00,9858.619188450011,0
2026-05-07 16:15:00+00:00,9858.619188450011,0
2026-05-07 16:30:00+00:00,9858.619188450011,0
2026-05-07 16:45:00+00:00,9858.619188450011,0
2026-05-07 17:00:00+00:00,9858.619188450011,0
2026-05-07 17:15:00+00:00,9858.619188450011,0
2026-05-07 17:30:00+00:00,9858.619188450011,0
2026-05-07 17:45:00+00:00,9858.619188450011,0
2026-05-07 18:00:00+00:00,9858.619188450011,0
2026-05-07 18:15:00+00:00,9858.619188450011,0
2026-05-07 18:30:00+00:00,9858.619188450011,0
2026-05-07 18:45:00+00:00,9858.619188450011,0
2026-05-07 19:00:00+00:00,9858.619188450011,0
2026-05-07 19:15:00+00:00,9858.619188450011,0
2026-05-07 19:30:00+00:00,9858.619188450011,0
2026-05-07 19:45:00+00:00,9858.619188450011,0
2026-05-07 20:00:00+00:00,9858.619188450011,0
2026-05-07 20:15:00+00:00,9860.06346669504,1
2026-05-07 20:30:00+00:00,9840.324997346348,1
2026-05-07 20:45:00+00:00,9807.27903438846,0
2026-05-07 21:00:00+00:00,9807.27903438846,0
2026-05-07 21:15:00+00:00,9825.048425506739,1
2026-05-07 21:30:00+00:00,9818.80512592464,1
2026-05-07 21:45:00+00:00,9813.522333970559,1
2026-05-07 22:00:00+00:00,9814.002587784566,1
2026-05-07 22:15:00+00:00,9817.844618296625,1
2026-05-07 22:30:00+00:00,9811.601318714529,1
2026-05-07 22:45:00+00:00,9819.285379738649,1
2026-05-07 23:00:00+00:00,9825.048425506739,1
2026-05-07 23:15:00+00:00,9824.56817169273,1
2026-05-07 23:30:00+00:00,9830.331217460822,1
2026-05-07 23:45:00+00:00,9828.41020220479,1
2026-05-08 00:00:00+00:00,9837.054770856927,1
2026-05-08 00:15:00+00:00,9833.212740344867,1
2026-05-08 00:30:00+00:00,9827.929948390783,1
2026-05-08 00:45:00+00:00,9822.647156436702,1
2026-05-08 01:00:00+00:00,9811.12106490052,1
2026-05-08 01:15:00+00:00,9819.765633552657,1
2026-05-08 01:30:00+00:00,9819.765633552657,1
2026-05-08 01:45:00+00:00,9823.607664064715,1
2026-05-08 02:00:00+00:00,9814.002587784566,1
2026-05-08 02:15:00+00:00,9807.759288202467,1
2026-05-08 02:30:00+00:00,9815.443349226589,1
2026-05-08 02:45:00+00:00,9812.561826342544,1
2026-05-08 03:00:00+00:00,9807.759288202467,1
2026-05-08 03:15:00+00:00,9819.765633552657,1
2026-05-08 03:30:00+00:00,9828.41020220479,1
2026-05-08 03:45:00+00:00,9821.686648808687,1
2026-05-08 04:00:00+00:00,9826.48918694876,1
2026-05-08 04:15:00+00:00,9829.370709832807,1
2026-05-08 04:30:00+00:00,9815.443349226589,1
2026-05-08 04:45:00+00:00,9824.56817169273,1
2026-05-08 05:00:00+00:00,9824.56817169273,1
2026-05-08 05:15:00+00:00,9823.127410250709,1
2026-05-08 05:30:00+00:00,9831.291725088837,1
2026-05-08 05:45:00+00:00,9811.12106490052,1
2026-05-08 06:00:00+00:00,9810.160557272506,1
2026-05-08 06:15:00+00:00,9785.667612758123,1
2026-05-08 06:30:00+00:00,9801.035734806363,1
2026-05-08 06:45:00+00:00,9804.397511504416,1
2026-05-08 07:00:00+00:00,9797.193704294303,1
2026-05-08 07:15:00+00:00,9810.336617454357,4
2026-05-08 07:30:00+00:00,9902.666297702983,4
2026-05-08 07:45:00+00:00,9906.706588834253,3
2026-05-08 08:00:00+00:00,9912.951963294583,3
2026-05-08 08:15:00+00:00,9903.631698408866,3
2026-05-08 08:30:00+00:00,9925.401297322378,2
2026-05-08 08:45:00+00:00,9929.56305436504,1
2026-05-08 09:00:00+00:00,9932.710001285373,1
2026-05-08 09:15:00+00:00,9919.787099028477,0
2026-05-08 09:30:00+00:00,9919.787099028477,0
2026-05-08 09:45:00+00:00,9919.787099028477,0
2026-05-08 10:00:00+00:00,9919.787099028477,0
2026-05-08 10:15:00+00:00,9919.787099028477,0
2026-05-08 10:30:00+00:00,9919.787099028477,0
2026-05-08 10:45:00+00:00,9919.787099028477,0
2026-05-08 11:00:00+00:00,9919.787099028477,0
2026-05-08 11:15:00+00:00,9919.787099028477,0
2026-05-08 11:30:00+00:00,9919.787099028477,0
2026-05-08 11:45:00+00:00,9919.787099028477,0
2026-05-08 12:00:00+00:00,9919.787099028477,0
2026-05-08 12:15:00+00:00,9919.787099028477,0
2026-05-08 12:30:00+00:00,9919.787099028477,0
2026-05-08 12:45:00+00:00,9919.787099028477,0
2026-05-08 13:00:00+00:00,9919.787099028477,0
2026-05-08 13:15:00+00:00,9919.787099028477,0
2026-05-08 13:30:00+00:00,9919.787099028477,0
2026-05-08 13:45:00+00:00,9919.787099028477,0
2026-05-08 14:00:00+00:00,9919.787099028477,0
2026-05-08 14:15:00+00:00,9919.787099028477,0
2026-05-08 14:30:00+00:00,9919.787099028477,0
2026-05-08 14:45:00+00:00,9919.787099028477,0
2026-05-08 15:00:00+00:00,9919.787099028477,0
2026-05-08 15:15:00+00:00,9919.787099028477,0
2026-05-08 15:30:00+00:00,9919.787099028477,0
2026-05-08 15:45:00+00:00,9919.787099028477,0
2026-05-08 16:00:00+00:00,9919.787099028477,0
2026-05-08 16:15:00+00:00,9919.787099028477,0
2026-05-08 16:30:00+00:00,9919.787099028477,0
2026-05-08 16:45:00+00:00,9919.787099028477,0
2026-05-08 17:00:00+00:00,9919.787099028477,0
2026-05-08 17:15:00+00:00,9919.787099028477,0
2026-05-08 17:30:00+00:00,9919.787099028477,0
2026-05-08 17:45:00+00:00,9919.787099028477,0
2026-05-08 18:00:00+00:00,9919.787099028477,0
2026-05-08 18:15:00+00:00,9919.787099028477,0
2026-05-08 18:30:00+00:00,9919.787099028477,0
2026-05-08 18:45:00+00:00,9919.787099028477,0
2026-05-08 19:00:00+00:00,9919.787099028477,0
2026-05-08 19:15:00+00:00,9919.787099028477,0
2026-05-08 19:30:00+00:00,9919.787099028477,0
2026-05-08 19:45:00+00:00,9919.787099028477,0
2026-05-08 20:00:00+00:00,9919.787099028477,0
2026-05-08 20:15:00+00:00,9919.787099028477,0
2026-05-08 20:30:00+00:00,9919.787099028477,0
2026-05-08 20:45:00+00:00,9919.787099028477,0
2026-05-08 21:00:00+00:00,9919.787099028477,0
2026-05-08 21:15:00+00:00,9919.787099028477,0
2026-05-08 21:30:00+00:00,9919.787099028477,0
2026-05-08 21:45:00+00:00,9919.787099028477,0
2026-05-08 22:00:00+00:00,9919.787099028477,0
2026-05-08 22:15:00+00:00,9919.787099028477,0
2026-05-08 22:30:00+00:00,9919.787099028477,0
2026-05-08 22:45:00+00:00,9919.787099028477,0
2026-05-08 23:00:00+00:00,9919.787099028477,0
2026-05-08 23:15:00+00:00,9919.787099028477,0
2026-05-08 23:30:00+00:00,9919.787099028477,0
2026-05-08 23:45:00+00:00,9925.754326995708,1
2026-05-09 00:00:00+00:00,9922.716616803185,1
2026-05-09 00:15:00+00:00,9921.310115371578,1
2026-05-09 00:30:00+00:00,9924.996980070997,1
2026-05-09 00:45:00+00:00,9928.1179152003,1
2026-05-09 01:00:00+00:00,9936.315571473273,1
2026-05-09 01:15:00+00:00,9924.425412202469,0
2026-05-09 01:30:00+00:00,9924.425412202469,0
2026-05-09 01:45:00+00:00,9924.425412202469,0
2026-05-09 02:00:00+00:00,9924.425412202469,0
2026-05-09 02:15:00+00:00,9924.425412202469,0
2026-05-09 02:30:00+00:00,9924.425412202469,0
2026-05-09 02:45:00+00:00,9924.425412202469,0
2026-05-09 03:00:00+00:00,9924.425412202469,0
2026-05-09 03:15:00+00:00,9924.425412202469,0
2026-05-09 03:30:00+00:00,9924.425412202469,0
2026-05-09 03:45:00+00:00,9924.425412202469,0
2026-05-09 04:00:00+00:00,9924.425412202469,0
2026-05-09 04:15:00+00:00,9924.425412202469,0
2026-05-09 04:30:00+00:00,9924.425412202469,0
2026-05-09 04:45:00+00:00,9924.425412202469,0
2026-05-09 05:00:00+00:00,9924.425412202469,0
2026-05-09 05:15:00+00:00,9924.425412202469,0
2026-05-09 05:30:00+00:00,9924.425412202469,0
2026-05-09 05:45:00+00:00,9924.425412202469,0
2026-05-09 06:00:00+00:00,9924.425412202469,0
2026-05-09 06:15:00+00:00,9924.425412202469,0
2026-05-09 06:30:00+00:00,9924.425412202469,0
2026-05-09 06:45:00+00:00,9924.425412202469,0
2026-05-09 07:00:00+00:00,9924.425412202469,0
2026-05-09 07:15:00+00:00,9924.425412202469,0
2026-05-09 07:30:00+00:00,9924.425412202469,0
2026-05-09 07:45:00+00:00,9924.425412202469,1
2026-05-09 08:00:00+00:00,9930.83903532848,1
2026-05-09 08:15:00+00:00,9934.004702686372,2
2026-05-09 08:30:00+00:00,9923.397619219912,2
2026-05-09 08:45:00+00:00,9923.23304239946,2
2026-05-09 09:00:00+00:00,9901.470827495214,2
2026-05-09 09:15:00+00:00,9882.386184092955,3
2026-05-09 09:30:00+00:00,9884.28237812391,3
2026-05-09 09:45:00+00:00,9879.632501092829,3
2026-05-09 10:00:00+00:00,9871.584282303727,3
2026-05-09 10:15:00+00:00,9867.470355175965,3
2026-05-09 10:30:00+00:00,9893.309257271882,3
2026-05-09 10:45:00+00:00,9878.852890875534,3
2026-05-09 11:00:00+00:00,9905.182198387738,3
2026-05-09 11:15:00+00:00,9918.668704989046,3
2026-05-09 11:30:00+00:00,9908.377285726263,3
2026-05-09 11:45:00+00:00,9910.511002117417,3
2026-05-09 12:00:00+00:00,9897.220836753888,3
2026-05-09 12:15:00+00:00,9914.52741168487,3
2026-05-09 12:30:00+00:00,9897.5483083931,3
2026-05-09 12:45:00+00:00,9902.554945498225,3
2026-05-09 13:00:00+00:00,9890.803877165381,3
2026-05-09 13:15:00+00:00,9865.762027327743,3
2026-05-09 13:30:00+00:00,9871.755361545054,3
2026-05-09 13:45:00+00:00,9892.969237845497,3
2026-05-09 14:00:00+00:00,9864.64828396368,3
2026-05-09 14:15:00+00:00,9777.258360190985,0
2026-05-09 14:30:00+00:00,9777.258360190985,0
2026-05-09 14:45:00+00:00,9777.258360190985,0
2026-05-09 15:00:00+00:00,9777.258360190985,0
2026-05-09 15:15:00+00:00,9777.258360190985,0
2026-05-09 15:30:00+00:00,9777.258360190985,0
2026-05-09 15:45:00+00:00,9777.258360190985,0
2026-05-09 16:00:00+00:00,9777.258360190985,0
2026-05-09 16:15:00+00:00,9777.258360190985,0
2026-05-09 16:30:00+00:00,9777.258360190985,0
2026-05-09 16:45:00+00:00,9777.258360190985,0
2026-05-09 17:00:00+00:00,9777.258360190985,0
2026-05-09 17:15:00+00:00,9777.258360190985,0
2026-05-09 17:30:00+00:00,9777.258360190985,0
2026-05-09 17:45:00+00:00,9777.258360190985,0
2026-05-09 18:00:00+00:00,9777.258360190985,0
2026-05-09 18:15:00+00:00,9777.258360190985,0
2026-05-09 18:30:00+00:00,9777.258360190985,0
2026-05-09 18:45:00+00:00,9777.258360190985,0
2026-05-09 19:00:00+00:00,9777.258360190985,0
2026-05-09 19:15:00+00:00,9777.258360190985,0
2026-05-09 19:30:00+00:00,9777.258360190985,0
2026-05-09 19:45:00+00:00,9777.258360190985,0
2026-05-09 20:00:00+00:00,9777.258360190985,0
2026-05-09 20:15:00+00:00,9777.258360190985,0
2026-05-09 20:30:00+00:00,9777.258360190985,0
2026-05-09 20:45:00+00:00,9777.258360190985,0
2026-05-09 21:00:00+00:00,9777.258360190985,0
2026-05-09 21:15:00+00:00,9777.258360190985,0
2026-05-09 21:30:00+00:00,9777.258360190985,0
2026-05-09 21:45:00+00:00,9777.258360190985,0
2026-05-09 22:00:00+00:00,9777.258360190985,0
2026-05-09 22:15:00+00:00,9777.258360190985,0
2026-05-09 22:30:00+00:00,9777.258360190985,0
2026-05-09 22:45:00+00:00,9777.258360190985,0
2026-05-09 23:00:00+00:00,9777.258360190985,0
2026-05-09 23:15:00+00:00,9777.258360190985,0
2026-05-09 23:30:00+00:00,9777.258360190985,0
2026-05-09 23:45:00+00:00,9777.258360190985,0
2026-05-10 00:00:00+00:00,9777.258360190985,0
2026-05-10 00:15:00+00:00,9777.258360190985,0
2026-05-10 00:30:00+00:00,9777.258360190985,0
2026-05-10 00:45:00+00:00,9777.258360190985,0
2026-05-10 01:00:00+00:00,9777.258360190985,0
2026-05-10 01:15:00+00:00,9777.258360190985,0
2026-05-10 01:30:00+00:00,9777.258360190985,0
2026-05-10 01:45:00+00:00,9777.258360190985,0
2026-05-10 02:00:00+00:00,9777.258360190985,0
2026-05-10 02:15:00+00:00,9777.258360190985,0
2026-05-10 02:30:00+00:00,9777.258360190985,0
2026-05-10 02:45:00+00:00,9777.258360190985,0
2026-05-10 03:00:00+00:00,9777.258360190985,0
2026-05-10 03:15:00+00:00,9777.258360190985,0
2026-05-10 03:30:00+00:00,9777.258360190985,0
2026-05-10 03:45:00+00:00,9777.258360190985,0
2026-05-10 04:00:00+00:00,9777.258360190985,0
2026-05-10 04:15:00+00:00,9777.258360190985,0
2026-05-10 04:30:00+00:00,9777.258360190985,0
2026-05-10 04:45:00+00:00,9777.258360190985,0
2026-05-10 05:00:00+00:00,9777.258360190985,0
2026-05-10 05:15:00+00:00,9777.258360190985,0
2026-05-10 05:30:00+00:00,9777.258360190985,0
2026-05-10 05:45:00+00:00,9777.258360190985,0
2026-05-10 06:00:00+00:00,9777.258360190985,0
2026-05-10 06:15:00+00:00,9777.258360190985,0
2026-05-10 06:30:00+00:00,9777.258360190985,0
2026-05-10 06:45:00+00:00,9777.258360190985,0
2026-05-10 07:00:00+00:00,9777.258360190985,0
2026-05-10 07:15:00+00:00,9804.015285905974,2
2026-05-10 07:30:00+00:00,9795.285825838422,1
2026-05-10 07:45:00+00:00,9784.685249169292,0
2026-05-10 08:00:00+00:00,9784.685249169292,0
2026-05-10 08:15:00+00:00,9784.685249169292,0
2026-05-10 08:30:00+00:00,9784.685249169292,0
2026-05-10 08:45:00+00:00,9784.685249169292,0
2026-05-10 09:00:00+00:00,9784.685249169292,0
2026-05-10 09:15:00+00:00,9784.685249169292,0
2026-05-10 09:30:00+00:00,9784.685249169292,0
2026-05-10 09:45:00+00:00,9784.685249169292,0
2026-05-10 10:00:00+00:00,9784.685249169292,0
2026-05-10 10:15:00+00:00,9784.685249169292,0
2026-05-10 10:30:00+00:00,9784.685249169292,0
2026-05-10 10:45:00+00:00,9784.685249169292,0
2026-05-10 11:00:00+00:00,9784.685249169292,0
2026-05-10 11:15:00+00:00,9784.685249169292,0
2026-05-10 11:30:00+00:00,9788.935924339263,1
2026-05-10 11:45:00+00:00,9805.230179157485,1
2026-05-10 12:00:00+00:00,9797.917650436744,2
2026-05-10 12:15:00+00:00,9794.591373457908,2
2026-05-10 12:30:00+00:00,9791.313567577665,2
2026-05-10 12:45:00+00:00,9792.669870427746,2
2026-05-10 13:00:00+00:00,9815.927406116105,2
2026-05-10 13:15:00+00:00,9825.388184670248,1
2026-05-10 13:30:00+00:00,9831.764197425204,1
2026-05-10 13:45:00+00:00,9823.683177830111,0
2026-05-10 14:00:00+00:00,9823.683177830111,0
2026-05-10 14:15:00+00:00,9823.683177830111,0
2026-05-10 14:30:00+00:00,9823.683177830111,0
2026-05-10 14:45:00+00:00,9823.683177830111,0
2026-05-10 15:00:00+00:00,9823.683177830111,0
2026-05-10 15:15:00+00:00,9823.683177830111,0
2026-05-10 15:30:00+00:00,9823.683177830111,0
2026-05-10 15:45:00+00:00,9823.683177830111,0
2026-05-10 16:00:00+00:00,9823.683177830111,0
2026-05-10 16:15:00+00:00,9823.683177830111,0
2026-05-10 16:30:00+00:00,9823.683177830111,0
2026-05-10 16:45:00+00:00,9823.683177830111,0
2026-05-10 17:00:00+00:00,9823.683177830111,0
2026-05-10 17:15:00+00:00,9823.683177830111,0
2026-05-10 17:30:00+00:00,9823.683177830111,0
2026-05-10 17:45:00+00:00,9823.683177830111,0
2026-05-10 18:00:00+00:00,9823.683177830111,0
2026-05-10 18:15:00+00:00,9823.683177830111,0
2026-05-10 18:30:00+00:00,9823.683177830111,0
2026-05-10 18:45:00+00:00,9823.683177830111,0
2026-05-10 19:00:00+00:00,9823.683177830111,0
2026-05-10 19:15:00+00:00,9823.683177830111,0
2026-05-10 19:30:00+00:00,9823.683177830111,0
2026-05-10 19:45:00+00:00,9823.683177830111,0
2026-05-10 20:00:00+00:00,9823.683177830111,0
2026-05-10 20:15:00+00:00,9823.683177830111,0
2026-05-10 20:30:00+00:00,9795.443234794066,1
2026-05-10 20:45:00+00:00,9688.097540962743,3
2026-05-10 21:00:00+00:00,9672.565416538053,3
2026-05-10 21:15:00+00:00,9782.24300898048,4
2026-05-10 21:30:00+00:00,9782.440154004367,4
2026-05-10 21:45:00+00:00,9728.656458440906,4
2026-05-10 22:00:00+00:00,9912.715684921626,4
2026-05-10 22:15:00+00:00,10100.748424879826,3
2026-05-10 22:30:00+00:00,10140.9306888676,2
2026-05-10 22:45:00+00:00,10148.217537090906,1
2026-05-10 23:00:00+00:00,10151.521130746725,0
2026-05-10 23:15:00+00:00,10151.521130746725,0
2026-05-10 23:30:00+00:00,10151.521130746725,0
2026-05-10 23:45:00+00:00,10151.521130746725,0
2026-05-11 00:00:00+00:00,10151.521130746725,0
2026-05-11 00:15:00+00:00,10151.521130746725,0
2026-05-11 00:30:00+00:00,10151.521130746725,0
2026-05-11 00:45:00+00:00,10151.521130746725,0
2026-05-11 01:00:00+00:00,10151.521130746725,0
2026-05-11 01:15:00+00:00,10151.521130746725,0
2026-05-11 01:30:00+00:00,10151.521130746725,0
2026-05-11 01:45:00+00:00,10151.521130746725,0
2026-05-11 02:00:00+00:00,10151.521130746725,0
2026-05-11 02:15:00+00:00,10151.521130746725,0
2026-05-11 02:30:00+00:00,10151.521130746725,0
2026-05-11 02:45:00+00:00,10151.521130746725,0
2026-05-11 03:00:00+00:00,10151.521130746725,0
2026-05-11 03:15:00+00:00,10151.521130746725,0
2026-05-11 03:30:00+00:00,10151.521130746725,0
2026-05-11 03:45:00+00:00,10151.521130746725,0
2026-05-11 04:00:00+00:00,10151.521130746725,0
2026-05-11 04:15:00+00:00,10151.521130746725,0
2026-05-11 04:30:00+00:00,10151.521130746725,0
2026-05-11 04:45:00+00:00,10151.521130746725,0
2026-05-11 05:00:00+00:00,10151.521130746725,0
2026-05-11 05:15:00+00:00,10151.521130746725,0
2026-05-11 05:30:00+00:00,10151.521130746725,0
2026-05-11 05:45:00+00:00,10151.521130746725,0
2026-05-11 06:00:00+00:00,10151.521130746725,0
2026-05-11 06:15:00+00:00,10151.521130746725,0
2026-05-11 06:30:00+00:00,10151.521130746725,0
2026-05-11 06:45:00+00:00,10151.521130746725,0
2026-05-11 07:00:00+00:00,10151.521130746725,0
2026-05-11 07:15:00+00:00,10151.521130746725,0
2026-05-11 07:30:00+00:00,10168.533736555877,2
2026-05-11 07:45:00+00:00,10183.169151305452,2
2026-05-11 08:00:00+00:00,10167.179353381112,2
2026-05-11 08:15:00+00:00,10109.436000221447,2
2026-05-11 08:30:00+00:00,10163.248879627614,3
2026-05-11 08:45:00+00:00,10135.19980091023,4
2026-05-11 09:00:00+00:00,10176.455563711164,2
2026-05-11 09:15:00+00:00,10180.47202240077,2
2026-05-11 09:30:00+00:00,10180.349586801785,2
2026-05-11 09:45:00+00:00,10178.634128166052,2
2026-05-11 10:00:00+00:00,10179.358790417777,2
2026-05-11 10:15:00+00:00,10186.82917069517,2
2026-05-11 10:30:00+00:00,10169.504398724197,2
2026-05-11 10:45:00+00:00,10156.791312888885,2
2026-05-11 11:00:00+00:00,10152.376598440092,2
2026-05-11 11:15:00+00:00,10182.435719180688,2
2026-05-11 11:30:00+00:00,10178.296047188078,1
2026-05-11 11:45:00+00:00,10180.513090440398,1
2026-05-11 12:00:00+00:00,10163.410185351075,1
2026-05-11 12:15:00+00:00,10184.112186629229,1
2026-05-11 12:30:00+00:00,10171.29940419699,1
2026-05-11 12:45:00+00:00,10161.740204719457,1
2026-05-11 13:00:00+00:00,10166.087912915564,1
2026-05-11 13:15:00+00:00,10156.01044358684,1
2026-05-11 13:30:00+00:00,10117.143627931142,0
2026-05-11 13:45:00+00:00,10117.143627931142,0
2026-05-11 14:00:00+00:00,10117.143627931142,0
2026-05-11 14:15:00+00:00,10117.143627931142,0
2026-05-11 14:30:00+00:00,10117.143627931142,0
2026-05-11 14:45:00+00:00,10117.143627931142,0
2026-05-11 15:00:00+00:00,10117.143627931142,0
2026-05-11 15:15:00+00:00,10117.143627931142,0
2026-05-11 15:30:00+00:00,10117.143627931142,0
2026-05-11 15:45:00+00:00,10117.143627931142,0
2026-05-11 16:00:00+00:00,10117.143627931142,0
2026-05-11 16:15:00+00:00,10117.143627931142,0
2026-05-11 16:30:00+00:00,10117.143627931142,0
2026-05-11 16:45:00+00:00,10117.143627931142,0
2026-05-11 17:00:00+00:00,10117.143627931142,0
2026-05-11 17:15:00+00:00,10117.143627931142,0
2026-05-11 17:30:00+00:00,10117.143627931142,0
2026-05-11 17:45:00+00:00,10117.143627931142,0
2026-05-11 18:00:00+00:00,10117.143627931142,0
2026-05-11 18:15:00+00:00,10117.143627931142,0
2026-05-11 18:30:00+00:00,10117.143627931142,0
2026-05-11 18:45:00+00:00,10117.143627931142,0
2026-05-11 19:00:00+00:00,10117.143627931142,0
2026-05-11 19:15:00+00:00,10117.143627931142,0
2026-05-11 19:30:00+00:00,10117.143627931142,0
2026-05-11 19:45:00+00:00,10117.143627931142,0
2026-05-11 20:00:00+00:00,10117.143627931142,0
2026-05-11 20:15:00+00:00,10117.143627931142,0
2026-05-11 20:30:00+00:00,10117.143627931142,0
2026-05-11 20:45:00+00:00,10117.143627931142,0
2026-05-11 21:00:00+00:00,10117.143627931142,0
2026-05-11 21:15:00+00:00,10117.143627931142,0
2026-05-11 21:30:00+00:00,10117.143627931142,0
2026-05-11 21:45:00+00:00,10117.143627931142,0
2026-05-11 22:00:00+00:00,10117.143627931142,0
2026-05-11 22:15:00+00:00,10117.143627931142,0
2026-05-11 22:30:00+00:00,10117.143627931142,0
2026-05-11 22:45:00+00:00,10117.143627931142,0
2026-05-11 23:00:00+00:00,10117.143627931142,0
2026-05-11 23:15:00+00:00,10117.143627931142,0
2026-05-11 23:30:00+00:00,10117.143627931142,0
2026-05-11 23:45:00+00:00,10117.143627931142,0
2026-05-12 00:00:00+00:00,10117.143627931142,0
2026-05-12 00:15:00+00:00,10117.143627931142,0
2026-05-12 00:30:00+00:00,10117.143627931142,0
2026-05-12 00:45:00+00:00,10117.143627931142,0
2026-05-12 01:00:00+00:00,10117.143627931142,0
2026-05-12 01:15:00+00:00,10117.143627931142,0
2026-05-12 01:30:00+00:00,10117.143627931142,0
2026-05-12 01:45:00+00:00,10117.143627931142,0
2026-05-12 02:00:00+00:00,10117.143627931142,0
2026-05-12 02:15:00+00:00,10117.143627931142,0
2026-05-12 02:30:00+00:00,10117.143627931142,0
2026-05-12 02:45:00+00:00,10117.143627931142,0
2026-05-12 03:00:00+00:00,10117.143627931142,0
2026-05-12 03:15:00+00:00,10117.143627931142,0
2026-05-12 03:30:00+00:00,10117.143627931142,0
2026-05-12 03:45:00+00:00,10117.143627931142,0
2026-05-12 04:00:00+00:00,10117.143627931142,0
2026-05-12 04:15:00+00:00,10117.143627931142,0
2026-05-12 04:30:00+00:00,10117.143627931142,0
2026-05-12 04:45:00+00:00,10117.143627931142,0
2026-05-12 05:00:00+00:00,10117.143627931142,0
2026-05-12 05:15:00+00:00,10117.143627931142,0
2026-05-12 05:30:00+00:00,10117.143627931142,0
2026-05-12 05:45:00+00:00,10117.143627931142,0
2026-05-12 06:00:00+00:00,10117.143627931142,0
2026-05-12 06:15:00+00:00,10117.143627931142,0
2026-05-12 06:30:00+00:00,10117.143627931142,0
2026-05-12 06:45:00+00:00,10117.143627931142,0
2026-05-12 07:00:00+00:00,10117.143627931142,0
2026-05-12 07:15:00+00:00,10128.106853637537,1
2026-05-12 07:30:00+00:00,10125.822848282038,1
2026-05-12 07:45:00+00:00,10128.563654708636,1
2026-05-12 08:00:00+00:00,10120.79803649994,1
2026-05-12 08:15:00+00:00,10147.730812416843,1
2026-05-12 08:30:00+00:00,10153.828704672847,1
2026-05-12 08:45:00+00:00,10147.730812416843,1
2026-05-12 09:00:00+00:00,10142.64923553684,1
2026-05-12 09:15:00+00:00,10146.714497040843,1
2026-05-12 09:30:00+00:00,10168.877962384016,1
2026-05-12 09:45:00+00:00,10154.076350001294,0
2026-05-12 10:00:00+00:00,10154.076350001294,0
2026-05-12 10:15:00+00:00,10154.076350001294,0
2026-05-12 10:30:00+00:00,10154.076350001294,0
2026-05-12 10:45:00+00:00,10154.076350001294,0
2026-05-12 11:00:00+00:00,10154.076350001294,0
2026-05-12 11:15:00+00:00,10154.076350001294,0
2026-05-12 11:30:00+00:00,10154.076350001294,0
2026-05-12 11:45:00+00:00,10154.076350001294,0
2026-05-12 12:00:00+00:00,10154.076350001294,0
2026-05-12 12:15:00+00:00,10154.076350001294,0
2026-05-12 12:30:00+00:00,10154.076350001294,0
2026-05-12 12:45:00+00:00,10154.076350001294,0
2026-05-12 13:00:00+00:00,10154.076350001294,0
2026-05-12 13:15:00+00:00,10154.076350001294,0
2026-05-12 13:30:00+00:00,10154.076350001294,0
2026-05-12 13:45:00+00:00,10154.076350001294,0
2026-05-12 14:00:00+00:00,10154.076350001294,0
2026-05-12 14:15:00+00:00,10154.076350001294,0
2026-05-12 14:30:00+00:00,10154.076350001294,0
2026-05-12 14:45:00+00:00,10154.076350001294,0
2026-05-12 15:00:00+00:00,10154.076350001294,0
2026-05-12 15:15:00+00:00,10154.076350001294,0
2026-05-12 15:30:00+00:00,10154.076350001294,0
2026-05-12 15:45:00+00:00,10154.076350001294,0
2026-05-12 16:00:00+00:00,10154.076350001294,0
2026-05-12 16:15:00+00:00,10154.076350001294,0
2026-05-12 16:30:00+00:00,10154.076350001294,0
2026-05-12 16:45:00+00:00,10154.076350001294,0
2026-05-12 17:00:00+00:00,10154.076350001294,0
2026-05-12 17:15:00+00:00,10154.076350001294,0
2026-05-12 17:30:00+00:00,10154.076350001294,0
2026-05-12 17:45:00+00:00,10154.076350001294,0
2026-05-12 18:00:00+00:00,10154.076350001294,0
2026-05-12 18:15:00+00:00,10154.076350001294,0
2026-05-12 18:30:00+00:00,10154.076350001294,0
2026-05-12 18:45:00+00:00,10154.076350001294,0
2026-05-12 19:00:00+00:00,10154.076350001294,0
2026-05-12 19:15:00+00:00,10154.076350001294,0
2026-05-12 19:30:00+00:00,10154.076350001294,0
2026-05-12 19:45:00+00:00,10154.076350001294,0
2026-05-12 20:00:00+00:00,10154.076350001294,0
2026-05-12 20:15:00+00:00,10154.076350001294,0
2026-05-12 20:30:00+00:00,10154.076350001294,0
2026-05-12 20:45:00+00:00,10154.076350001294,0
2026-05-12 21:00:00+00:00,10154.076350001294,0
2026-05-12 21:15:00+00:00,10154.076350001294,0
2026-05-12 21:30:00+00:00,10154.076350001294,0
2026-05-12 21:45:00+00:00,10154.076350001294,0
2026-05-12 22:00:00+00:00,10154.076350001294,0
2026-05-12 22:15:00+00:00,10154.076350001294,0
2026-05-12 22:30:00+00:00,10154.076350001294,0
2026-05-12 22:45:00+00:00,10154.076350001294,0
2026-05-12 23:00:00+00:00,10154.076350001294,0
2026-05-12 23:15:00+00:00,10154.076350001294,0
2026-05-12 23:30:00+00:00,10154.076350001294,0
2026-05-12 23:45:00+00:00,10154.076350001294,0
2026-05-13 00:00:00+00:00,10154.076350001294,0
2026-05-13 00:15:00+00:00,10154.076350001294,0
2026-05-13 00:30:00+00:00,10154.076350001294,0
2026-05-13 00:45:00+00:00,10154.076350001294,0
2026-05-13 01:00:00+00:00,10154.076350001294,0
2026-05-13 01:15:00+00:00,10154.076350001294,0
2026-05-13 01:30:00+00:00,10154.076350001294,0
2026-05-13 01:45:00+00:00,10154.076350001294,0
2026-05-13 02:00:00+00:00,10154.076350001294,0
2026-05-13 02:15:00+00:00,10154.076350001294,0
2026-05-13 02:30:00+00:00,10154.076350001294,0
2026-05-13 02:45:00+00:00,10154.076350001294,0
2026-05-13 03:00:00+00:00,10154.076350001294,0
2026-05-13 03:15:00+00:00,10154.076350001294,0
2026-05-13 03:30:00+00:00,10154.076350001294,0
2026-05-13 03:45:00+00:00,10154.076350001294,0
2026-05-13 04:00:00+00:00,10154.076350001294,0
2026-05-13 04:15:00+00:00,10154.076350001294,0
2026-05-13 04:30:00+00:00,10154.076350001294,0
2026-05-13 04:45:00+00:00,10154.076350001294,0
2026-05-13 05:00:00+00:00,10154.076350001294,0
2026-05-13 05:15:00+00:00,10154.076350001294,0
2026-05-13 05:30:00+00:00,10154.076350001294,0
2026-05-13 05:45:00+00:00,10154.076350001294,0
2026-05-13 06:00:00+00:00,10154.076350001294,0
2026-05-13 06:15:00+00:00,10154.076350001294,0
2026-05-13 06:30:00+00:00,10154.076350001294,0
2026-05-13 06:45:00+00:00,10154.076350001294,0
2026-05-13 07:00:00+00:00,10154.076350001294,0
2026-05-13 07:15:00+00:00,10154.076350001294,0
2026-05-13 07:30:00+00:00,10154.076350001294,0
2026-05-13 07:45:00+00:00,10154.076350001294,0
2026-05-13 08:00:00+00:00,10154.076350001294,0
2026-05-13 08:15:00+00:00,10156.623053179734,1
2026-05-13 08:30:00+00:00,10197.663015788767,1
2026-05-13 08:45:00+00:00,10178.707923327776,0
2026-05-13 09:00:00+00:00,10178.707923327776,0
2026-05-13 09:15:00+00:00,10178.707923327776,0
2026-05-13 09:30:00+00:00,10178.707923327776,0
2026-05-13 09:45:00+00:00,10178.707923327776,0
2026-05-13 10:00:00+00:00,10178.707923327776,0
2026-05-13 10:15:00+00:00,10178.707923327776,0
2026-05-13 10:30:00+00:00,10178.707923327776,0
2026-05-13 10:45:00+00:00,10178.707923327776,0
2026-05-13 11:00:00+00:00,10178.707923327776,0
2026-05-13 11:15:00+00:00,10180.364652282307,1
2026-05-13 11:30:00+00:00,10196.583156784549,1
2026-05-13 11:45:00+00:00,10181.905119555817,1
2026-05-13 12:00:00+00:00,10192.136147485548,1
2026-05-13 12:15:00+00:00,10171.877549567873,1
2026-05-13 12:30:00+00:00,10127.0335098097,0
2026-05-13 12:45:00+00:00,10127.0335098097,0
2026-05-13 13:00:00+00:00,10127.0335098097,0
2026-05-13 13:15:00+00:00,10127.0335098097,0
2026-05-13 13:30:00+00:00,10127.0335098097,0
2026-05-13 13:45:00+00:00,10127.0335098097,0
2026-05-13 14:00:00+00:00,10127.0335098097,0
2026-05-13 14:15:00+00:00,10127.0335098097,0
2026-05-13 14:30:00+00:00,10127.0335098097,0
2026-05-13 14:45:00+00:00,10127.0335098097,0
2026-05-13 15:00:00+00:00,10127.0335098097,0
2026-05-13 15:15:00+00:00,10127.0335098097,0
2026-05-13 15:30:00+00:00,10127.0335098097,0
2026-05-13 15:45:00+00:00,10127.0335098097,0
2026-05-13 16:00:00+00:00,10127.0335098097,0
2026-05-13 16:15:00+00:00,10127.0335098097,0
2026-05-13 16:30:00+00:00,10127.0335098097,0
2026-05-13 16:45:00+00:00,10127.0335098097,0
2026-05-13 17:00:00+00:00,10127.0335098097,0
2026-05-13 17:15:00+00:00,10127.0335098097,0
2026-05-13 17:30:00+00:00,10127.0335098097,0
2026-05-13 17:45:00+00:00,10127.0335098097,0
2026-05-13 18:00:00+00:00,10127.0335098097,0
2026-05-13 18:15:00+00:00,10127.0335098097,0
2026-05-13 18:30:00+00:00,10127.0335098097,0
2026-05-13 18:45:00+00:00,10127.0335098097,0
2026-05-13 19:00:00+00:00,10127.0335098097,0
2026-05-13 19:15:00+00:00,10127.0335098097,0
2026-05-13 19:30:00+00:00,10127.0335098097,0
2026-05-13 19:45:00+00:00,10127.0335098097,0
2026-05-13 20:00:00+00:00,10127.0335098097,0
2026-05-13 20:15:00+00:00,10135.037853265483,1
2026-05-13 20:30:00+00:00,10142.571352988576,1
2026-05-13 20:45:00+00:00,10145.867259117429,1
2026-05-13 21:00:00+00:00,10128.916884740473,1
2026-05-13 21:15:00+00:00,10120.441697551994,1
2026-05-13 21:30:00+00:00,10120.234594845904,2
2026-05-13 21:45:00+00:00,10106.875075411343,4
2026-05-13 22:00:00+00:00,10091.290178981139,3
2026-05-13 22:15:00+00:00,10098.169089439063,3
2026-05-13 22:30:00+00:00,10123.961466525328,4
2026-05-13 22:45:00+00:00,10143.209887878249,4
2026-05-13 23:00:00+00:00,10147.39955207119,3
2026-05-13 23:15:00+00:00,10141.6266271795,3
2026-05-13 23:30:00+00:00,10135.406298633294,3
2026-05-13 23:45:00+00:00,10151.45419914158,3
2026-05-14 00:00:00+00:00,10169.626854043507,1
2026-05-14 00:15:00+00:00,10161.952620502749,1
2026-05-14 00:30:00+00:00,10174.184349058134,1
2026-05-14 00:45:00+00:00,10163.466367055342,0
2026-05-14 01:00:00+00:00,10163.466367055342,0
2026-05-14 01:15:00+00:00,10163.466367055342,0
2026-05-14 01:30:00+00:00,10163.466367055342,0
2026-05-14 01:45:00+00:00,10163.466367055342,0
2026-05-14 02:00:00+00:00,10163.466367055342,0
2026-05-14 02:15:00+00:00,10163.466367055342,0
2026-05-14 02:30:00+00:00,10163.466367055342,0
2026-05-14 02:45:00+00:00,10163.466367055342,0
2026-05-14 03:00:00+00:00,10163.466367055342,0
2026-05-14 03:15:00+00:00,10163.466367055342,0
2026-05-14 03:30:00+00:00,10163.466367055342,0
2026-05-14 03:45:00+00:00,10163.466367055342,0
2026-05-14 04:00:00+00:00,10163.466367055342,0
2026-05-14 04:15:00+00:00,10163.466367055342,0
2026-05-14 04:30:00+00:00,10163.466367055342,0
2026-05-14 04:45:00+00:00,10163.466367055342,0
2026-05-14 05:00:00+00:00,10163.466367055342,0
2026-05-14 05:15:00+00:00,10163.466367055342,0
2026-05-14 05:30:00+00:00,10163.466367055342,0
2026-05-14 05:45:00+00:00,10163.466367055342,0
2026-05-14 06:00:00+00:00,10163.466367055342,0
2026-05-14 06:15:00+00:00,10163.466367055342,0
2026-05-14 06:30:00+00:00,10163.466367055342,0
2026-05-14 06:45:00+00:00,10163.466367055342,0
2026-05-14 07:00:00+00:00,10163.466367055342,0
2026-05-14 07:15:00+00:00,10163.466367055342,0
2026-05-14 07:30:00+00:00,10163.466367055342,0
2026-05-14 07:45:00+00:00,10163.466367055342,0
2026-05-14 08:00:00+00:00,10163.466367055342,0
2026-05-14 08:15:00+00:00,10163.466367055342,0
2026-05-14 08:30:00+00:00,10163.466367055342,0
2026-05-14 08:45:00+00:00,10163.466367055342,0
2026-05-14 09:00:00+00:00,10163.466367055342,0
2026-05-14 09:15:00+00:00,10163.466367055342,0
2026-05-14 09:30:00+00:00,10163.466367055342,0
2026-05-14 09:45:00+00:00,10163.466367055342,0
2026-05-14 10:00:00+00:00,10163.466367055342,0
2026-05-14 10:15:00+00:00,10163.466367055342,0
2026-05-14 10:30:00+00:00,10163.466367055342,0
2026-05-14 10:45:00+00:00,10163.466367055342,0
2026-05-14 11:00:00+00:00,10163.466367055342,0
2026-05-14 11:15:00+00:00,10163.466367055342,0
2026-05-14 11:30:00+00:00,10163.466367055342,0
2026-05-14 11:45:00+00:00,10163.466367055342,0
2026-05-14 12:00:00+00:00,10163.466367055342,0
2026-05-14 12:15:00+00:00,10163.466367055342,0
2026-05-14 12:30:00+00:00,10163.466367055342,0
2026-05-14 12:45:00+00:00,10163.466367055342,0
2026-05-14 13:00:00+00:00,10163.466367055342,0
2026-05-14 13:15:00+00:00,10163.466367055342,0
2026-05-14 13:30:00+00:00,10163.466367055342,0
2026-05-14 13:45:00+00:00,10163.466367055342,0
2026-05-14 14:00:00+00:00,10163.466367055342,0
2026-05-14 14:15:00+00:00,10163.466367055342,0
2026-05-14 14:30:00+00:00,10163.466367055342,0
2026-05-14 14:45:00+00:00,10163.466367055342,0
2026-05-14 15:00:00+00:00,10163.466367055342,0
2026-05-14 15:15:00+00:00,10163.466367055342,0
2026-05-14 15:30:00+00:00,10163.466367055342,0
2026-05-14 15:45:00+00:00,10163.466367055342,0
2026-05-14 16:00:00+00:00,10163.466367055342,0
2026-05-14 16:15:00+00:00,10163.466367055342,0
2026-05-14 16:30:00+00:00,10163.466367055342,0
2026-05-14 16:45:00+00:00,10163.466367055342,0
2026-05-14 17:00:00+00:00,10163.466367055342,0
2026-05-14 17:15:00+00:00,10163.466367055342,0
2026-05-14 17:30:00+00:00,10163.466367055342,0
2026-05-14 17:45:00+00:00,10163.466367055342,0
2026-05-14 18:00:00+00:00,10163.466367055342,0
2026-05-14 18:15:00+00:00,10163.466367055342,0
2026-05-14 18:30:00+00:00,10163.466367055342,0
2026-05-14 18:45:00+00:00,10163.466367055342,0
2026-05-14 19:00:00+00:00,10163.466367055342,0
2026-05-14 19:15:00+00:00,10163.466367055342,0
2026-05-14 19:30:00+00:00,10163.466367055342,0
2026-05-14 19:45:00+00:00,10163.466367055342,0
2026-05-14 20:00:00+00:00,10163.466367055342,0
2026-05-14 20:15:00+00:00,10163.466367055342,0
2026-05-14 20:30:00+00:00,10163.466367055342,0
2026-05-14 20:45:00+00:00,10163.466367055342,0
2026-05-14 21:00:00+00:00,10163.466367055342,0
2026-05-14 21:15:00+00:00,10163.466367055342,0
2026-05-14 21:30:00+00:00,10163.466367055342,0
2026-05-14 21:45:00+00:00,10163.466367055342,0
2026-05-14 22:00:00+00:00,10163.466367055342,0
2026-05-14 22:15:00+00:00,10163.466367055342,0
2026-05-14 22:30:00+00:00,10163.466367055342,0
2026-05-14 22:45:00+00:00,10163.466367055342,0
2026-05-14 23:00:00+00:00,10163.466367055342,0
2026-05-14 23:15:00+00:00,10163.466367055342,0
2026-05-14 23:30:00+00:00,10163.466367055342,0
2026-05-14 23:45:00+00:00,10163.466367055342,0
2026-05-15 00:00:00+00:00,10163.466367055342,0
2026-05-15 00:15:00+00:00,10163.466367055342,0
2026-05-15 00:30:00+00:00,10163.466367055342,0
2026-05-15 00:45:00+00:00,10163.466367055342,0
2026-05-15 01:00:00+00:00,10163.466367055342,0
2026-05-15 01:15:00+00:00,10163.466367055342,0
2026-05-15 01:30:00+00:00,10163.466367055342,0
2026-05-15 01:45:00+00:00,10163.466367055342,0
2026-05-15 02:00:00+00:00,10163.466367055342,0
2026-05-15 02:15:00+00:00,10163.466367055342,0
2026-05-15 02:30:00+00:00,10163.466367055342,0
2026-05-15 02:45:00+00:00,10163.466367055342,0
2026-05-15 03:00:00+00:00,10163.466367055342,0
2026-05-15 03:15:00+00:00,10163.466367055342,0
2026-05-15 03:30:00+00:00,10163.466367055342,0
2026-05-15 03:45:00+00:00,10163.466367055342,0
2026-05-15 04:00:00+00:00,10163.466367055342,0
2026-05-15 04:15:00+00:00,10163.466367055342,0
2026-05-15 04:30:00+00:00,10163.466367055342,0
2026-05-15 04:45:00+00:00,10163.466367055342,0
2026-05-15 05:00:00+00:00,10163.466367055342,0
2026-05-15 05:15:00+00:00,10163.466367055342,0
2026-05-15 05:30:00+00:00,10163.466367055342,0
2026-05-15 05:45:00+00:00,10163.466367055342,0
2026-05-15 06:00:00+00:00,10163.466367055342,0
2026-05-15 06:15:00+00:00,10163.466367055342,0
2026-05-15 06:30:00+00:00,10163.466367055342,0
2026-05-15 06:45:00+00:00,10163.466367055342,0
2026-05-15 07:00:00+00:00,10163.466367055342,0
2026-05-15 07:15:00+00:00,10163.466367055342,0
2026-05-15 07:30:00+00:00,10163.466367055342,0
2026-05-15 07:45:00+00:00,10163.466367055342,0
2026-05-15 08:00:00+00:00,10163.466367055342,0
2026-05-15 08:15:00+00:00,10163.466367055342,0
2026-05-15 08:30:00+00:00,10163.466367055342,0
2026-05-15 08:45:00+00:00,10163.466367055342,0
2026-05-15 09:00:00+00:00,10163.466367055342,0
2026-05-15 09:15:00+00:00,10163.466367055342,0
2026-05-15 09:30:00+00:00,10163.466367055342,0
2026-05-15 09:45:00+00:00,10163.466367055342,0
2026-05-15 10:00:00+00:00,10163.466367055342,0
2026-05-15 10:15:00+00:00,10163.466367055342,0
2026-05-15 10:30:00+00:00,10163.466367055342,0
2026-05-15 10:45:00+00:00,10163.466367055342,0
2026-05-15 11:00:00+00:00,10163.466367055342,0
2026-05-15 11:15:00+00:00,10163.466367055342,0
2026-05-15 11:30:00+00:00,10163.466367055342,0
2026-05-15 11:45:00+00:00,10163.466367055342,0
2026-05-15 12:00:00+00:00,10163.466367055342,0
2026-05-15 12:15:00+00:00,10163.466367055342,0
2026-05-15 12:30:00+00:00,10163.466367055342,0
2026-05-15 12:45:00+00:00,10163.466367055342,0
2026-05-15 13:00:00+00:00,10163.466367055342,0
2026-05-15 13:15:00+00:00,10163.466367055342,0
2026-05-15 13:30:00+00:00,10163.466367055342,0
2026-05-15 13:45:00+00:00,10163.466367055342,0
2026-05-15 14:00:00+00:00,10163.466367055342,0
2026-05-15 14:15:00+00:00,10163.466367055342,0
2026-05-15 14:30:00+00:00,10163.466367055342,0
2026-05-15 14:45:00+00:00,10163.466367055342,0
2026-05-15 15:00:00+00:00,10163.466367055342,0
2026-05-15 15:15:00+00:00,10163.466367055342,0
2026-05-15 15:30:00+00:00,10163.466367055342,0
2026-05-15 15:45:00+00:00,10163.466367055342,0
2026-05-15 16:00:00+00:00,10163.466367055342,0
2026-05-15 16:15:00+00:00,10163.466367055342,0
2026-05-15 16:30:00+00:00,10163.466367055342,0
2026-05-15 16:45:00+00:00,10163.466367055342,0
2026-05-15 17:00:00+00:00,10163.466367055342,0
2026-05-15 17:15:00+00:00,10163.466367055342,0
2026-05-15 17:30:00+00:00,10163.466367055342,0
2026-05-15 17:45:00+00:00,10163.466367055342,0
2026-05-15 18:00:00+00:00,10163.466367055342,0
2026-05-15 18:15:00+00:00,10163.466367055342,0
2026-05-15 18:30:00+00:00,10163.466367055342,0
2026-05-15 18:45:00+00:00,10163.466367055342,0
2026-05-15 19:00:00+00:00,10163.466367055342,0
2026-05-15 19:15:00+00:00,10163.466367055342,0
2026-05-15 19:30:00+00:00,10163.466367055342,0
2026-05-15 19:45:00+00:00,10163.466367055342,0
2026-05-15 20:00:00+00:00,10163.466367055342,0
2026-05-15 20:15:00+00:00,10169.826358644468,1
2026-05-15 20:30:00+00:00,10154.796378521109,1
2026-05-15 20:45:00+00:00,10153.776379870023,1
2026-05-15 21:00:00+00:00,10167.996361064577,1
2026-05-15 21:15:00+00:00,10157.166375386869,1
2026-05-15 21:30:00+00:00,10156.506376259695,1
2026-05-15 21:45:00+00:00,10144.956391534159,1
2026-05-15 22:00:00+00:00,10187.772334520583,2
2026-05-15 22:15:00+00:00,10172.847489814976,1
2026-05-15 22:30:00+00:00,10177.85748318943,1
2026-05-15 22:45:00+00:00,10180.647479499754,1
2026-05-15 23:00:00+00:00,10177.137484141604,1
2026-05-15 23:15:00+00:00,10183.317475968774,1
2026-05-15 23:30:00+00:00,10186.587471644314,1
2026-05-15 23:45:00+00:00,10182.897476524207,1
2026-05-16 00:00:00+00:00,10193.157462955724,1
2026-05-16 00:15:00+00:00,10199.877454068763,1
2026-05-16 00:30:00+00:00,10193.127462995397,1
2026-05-16 00:45:00+00:00,10190.457466526377,1
2026-05-16 01:00:00+00:00,10195.3174600992,1
2026-05-16 01:15:00+00:00,10180.617479539427,1
2026-05-16 01:30:00+00:00,10181.907477833449,1
2026-05-16 01:45:00+00:00,10197.53745716333,1
2026-05-16 02:00:00+00:00,10200.537453195935,1
2026-05-16 02:15:00+00:00,10193.607462360615,1
2026-05-16 02:30:00+00:00,10192.917463273114,1
2026-05-16 02:45:00+00:00,10198.017456528545,1
2026-05-16 03:00:00+00:00,10198.227456250828,1
2026-05-16 03:15:00+00:00,10199.247454901915,1
2026-05-16 03:30:00+00:00,10190.66746624866,1
2026-05-16 03:45:00+00:00,10191.837464701375,1
2026-05-16 04:00:00+00:00,10186.977471128554,1
2026-05-16 04:15:00+00:00,10184.277474699207,1
2026-05-16 04:30:00+00:00,10178.487482356277,1
2026-05-16 04:45:00+00:00,10186.55747168399,1
2026-05-16 05:00:00+00:00,10186.827471326922,1
2026-05-16 05:15:00+00:00,10187.727470136704,1
2026-05-16 05:30:00+00:00,10185.86747259649,1
2026-05-16 05:45:00+00:00,10185.297473350294,1
2026-05-16 06:00:00+00:00,10177.047484260625,1
2026-05-16 06:15:00+00:00,10168.977494932915,1
2026-05-16 06:30:00+00:00,10158.267509096508,1
2026-05-16 06:45:00+00:00,10133.27455955041,0
2026-05-16 07:00:00+00:00,10133.27455955041,0
2026-05-16 07:15:00+00:00,10133.27455955041,0
2026-05-16 07:30:00+00:00,10133.27455955041,0
2026-05-16 07:45:00+00:00,10133.27455955041,0
2026-05-16 08:00:00+00:00,10133.27455955041,0
2026-05-16 08:15:00+00:00,10133.27455955041,0
2026-05-16 08:30:00+00:00,10133.27455955041,0
2026-05-16 08:45:00+00:00,10133.27455955041,0
2026-05-16 09:00:00+00:00,10133.27455955041,0
2026-05-16 09:15:00+00:00,10133.27455955041,0
2026-05-16 09:30:00+00:00,10133.27455955041,0
2026-05-16 09:45:00+00:00,10133.27455955041,0
2026-05-16 10:00:00+00:00,10133.27455955041,0
2026-05-16 10:15:00+00:00,10133.27455955041,0
2026-05-16 10:30:00+00:00,10133.27455955041,0
2026-05-16 10:45:00+00:00,10133.27455955041,0
2026-05-16 11:00:00+00:00,10133.27455955041,0
2026-05-16 11:15:00+00:00,10133.27455955041,0
2026-05-16 11:30:00+00:00,10133.27455955041,0
2026-05-16 11:45:00+00:00,10133.27455955041,0
2026-05-16 12:00:00+00:00,10133.27455955041,0
2026-05-16 12:15:00+00:00,10133.27455955041,0
2026-05-16 12:30:00+00:00,10133.27455955041,0
2026-05-16 12:45:00+00:00,10133.27455955041,0
2026-05-16 13:00:00+00:00,10133.27455955041,0
2026-05-16 13:15:00+00:00,10133.27455955041,0
2026-05-16 13:30:00+00:00,10133.27455955041,0
2026-05-16 13:45:00+00:00,10133.27455955041,0
2026-05-16 14:00:00+00:00,10133.27455955041,0
2026-05-16 14:15:00+00:00,10133.27455955041,0
2026-05-16 14:30:00+00:00,10133.27455955041,0
2026-05-16 14:45:00+00:00,10133.27455955041,0
2026-05-16 15:00:00+00:00,10133.27455955041,0
2026-05-16 15:15:00+00:00,10133.27455955041,0
2026-05-16 15:30:00+00:00,10133.27455955041,0
2026-05-16 15:45:00+00:00,10133.27455955041,0
2026-05-16 16:00:00+00:00,10133.27455955041,0
2026-05-16 16:15:00+00:00,10133.27455955041,0
2026-05-16 16:30:00+00:00,10133.27455955041,0
2026-05-16 16:45:00+00:00,10133.27455955041,0
2026-05-16 17:00:00+00:00,10133.27455955041,0
2026-05-16 17:15:00+00:00,10133.27455955041,0
2026-05-16 17:30:00+00:00,10133.27455955041,0
2026-05-16 17:45:00+00:00,10133.27455955041,0
2026-05-16 18:00:00+00:00,10133.27455955041,0
2026-05-16 18:15:00+00:00,10133.27455955041,0
2026-05-16 18:30:00+00:00,10133.27455955041,0
2026-05-16 18:45:00+00:00,10133.27455955041,0
2026-05-16 19:00:00+00:00,10133.27455955041,0
2026-05-16 19:15:00+00:00,10133.27455955041,0
2026-05-16 19:30:00+00:00,10133.27455955041,0
2026-05-16 19:45:00+00:00,10133.27455955041,0
2026-05-16 20:00:00+00:00,10133.27455955041,0
2026-05-16 20:15:00+00:00,10133.27455955041,0
2026-05-16 20:30:00+00:00,10133.27455955041,0
2026-05-16 20:45:00+00:00,10133.27455955041,0
2026-05-16 21:00:00+00:00,10133.27455955041,0
2026-05-16 21:15:00+00:00,10133.27455955041,0
2026-05-16 21:30:00+00:00,10133.27455955041,0
2026-05-16 21:45:00+00:00,10133.27455955041,0
2026-05-16 22:00:00+00:00,10133.27455955041,0
2026-05-16 22:15:00+00:00,10133.27455955041,0
2026-05-16 22:30:00+00:00,10133.27455955041,0
2026-05-16 22:45:00+00:00,10133.27455955041,0
2026-05-16 23:00:00+00:00,10133.60877470083,1
2026-05-16 23:15:00+00:00,10138.591618761657,1
2026-05-16 23:30:00+00:00,10138.439702784191,1
2026-05-16 23:45:00+00:00,10132.503933717386,2
2026-05-17 00:00:00+00:00,10107.30527465188,0
2026-05-17 00:15:00+00:00,10107.30527465188,0
2026-05-17 00:30:00+00:00,10107.30527465188,0
2026-05-17 00:45:00+00:00,10107.30527465188,0
2026-05-17 01:00:00+00:00,10107.30527465188,0
2026-05-17 01:15:00+00:00,10107.30527465188,0
2026-05-17 01:30:00+00:00,10107.30527465188,0
2026-05-17 01:45:00+00:00,10107.30527465188,0
2026-05-17 02:00:00+00:00,10107.30527465188,0
2026-05-17 02:15:00+00:00,10107.30527465188,0
2026-05-17 02:30:00+00:00,10107.30527465188,0
2026-05-17 02:45:00+00:00,10107.30527465188,0
2026-05-17 03:00:00+00:00,10107.30527465188,0
2026-05-17 03:15:00+00:00,10107.30527465188,0
2026-05-17 03:30:00+00:00,10107.30527465188,0
2026-05-17 03:45:00+00:00,10107.30527465188,0
2026-05-17 04:00:00+00:00,10107.30527465188,0
2026-05-17 04:15:00+00:00,10107.30527465188,0
2026-05-17 04:30:00+00:00,10107.30527465188,0
2026-05-17 04:45:00+00:00,10107.30527465188,0
2026-05-17 05:00:00+00:00,10107.30527465188,0
2026-05-17 05:15:00+00:00,10107.30527465188,0
2026-05-17 05:30:00+00:00,10107.30527465188,0
2026-05-17 05:45:00+00:00,10107.30527465188,0
2026-05-17 06:00:00+00:00,10107.30527465188,0
2026-05-17 06:15:00+00:00,10107.30527465188,0
2026-05-17 06:30:00+00:00,10107.30527465188,0
2026-05-17 06:45:00+00:00,10107.30527465188,0
2026-05-17 07:00:00+00:00,10107.30527465188,0
2026-05-17 07:15:00+00:00,10107.30527465188,0
2026-05-17 07:30:00+00:00,10107.30527465188,0
2026-05-17 07:45:00+00:00,10107.30527465188,0
2026-05-17 08:00:00+00:00,10107.30527465188,0
2026-05-17 08:15:00+00:00,10104.667106991803,1
2026-05-17 08:30:00+00:00,10109.700852182297,1
2026-05-17 08:45:00+00:00,10101.96245996583,3
2026-05-17 09:00:00+00:00,10120.184118560925,3
2026-05-17 09:15:00+00:00,10134.882274628324,3
2026-05-17 09:30:00+00:00,10125.64191693258,3
2026-05-17 09:45:00+00:00,10130.209429232576,1
2026-05-17 10:00:00+00:00,10125.685311255727,0
2026-05-17 10:15:00+00:00,10125.685311255727,0
2026-05-17 10:30:00+00:00,10125.685311255727,0
2026-05-17 10:45:00+00:00,10125.685311255727,0
2026-05-17 11:00:00+00:00,10125.685311255727,0
2026-05-17 11:15:00+00:00,10125.685311255727,0
2026-05-17 11:30:00+00:00,10125.685311255727,0
2026-05-17 11:45:00+00:00,10125.685311255727,0
2026-05-17 12:00:00+00:00,10125.685311255727,0
2026-05-17 12:15:00+00:00,10125.685311255727,0
2026-05-17 12:30:00+00:00,10125.685311255727,0
2026-05-17 12:45:00+00:00,10125.685311255727,0
2026-05-17 13:00:00+00:00,10125.685311255727,0
2026-05-17 13:15:00+00:00,10125.685311255727,0
2026-05-17 13:30:00+00:00,10125.685311255727,0
2026-05-17 13:45:00+00:00,10125.685311255727,0
2026-05-17 14:00:00+00:00,10125.685311255727,0
2026-05-17 14:15:00+00:00,10125.685311255727,0
2026-05-17 14:30:00+00:00,10125.685311255727,0
2026-05-17 14:45:00+00:00,10125.685311255727,0
2026-05-17 15:00:00+00:00,10125.685311255727,0
2026-05-17 15:15:00+00:00,10125.685311255727,0
2026-05-17 15:30:00+00:00,10125.685311255727,0
2026-05-17 15:45:00+00:00,10125.685311255727,0
2026-05-17 16:00:00+00:00,10125.685311255727,0
2026-05-17 16:15:00+00:00,10125.685311255727,0
2026-05-17 16:30:00+00:00,10125.685311255727,0
2026-05-17 16:45:00+00:00,10125.685311255727,0
2026-05-17 17:00:00+00:00,10125.685311255727,0
2026-05-17 17:15:00+00:00,10125.685311255727,0
2026-05-17 17:30:00+00:00,10125.685311255727,0
2026-05-17 17:45:00+00:00,10125.685311255727,0
2026-05-17 18:00:00+00:00,10125.685311255727,0
2026-05-17 18:15:00+00:00,10125.685311255727,0
2026-05-17 18:30:00+00:00,10125.685311255727,0
2026-05-17 18:45:00+00:00,10125.685311255727,0
2026-05-17 19:00:00+00:00,10125.685311255727,0
2026-05-17 19:15:00+00:00,10125.685311255727,0
2026-05-17 19:30:00+00:00,10125.685311255727,0
2026-05-17 19:45:00+00:00,10125.685311255727,0
2026-05-17 20:00:00+00:00,10125.685311255727,0
2026-05-17 20:15:00+00:00,10125.685311255727,0
2026-05-17 20:30:00+00:00,10125.685311255727,0
2026-05-17 20:45:00+00:00,10125.685311255727,0
2026-05-17 21:00:00+00:00,10125.685311255727,0
2026-05-17 21:15:00+00:00,10125.685311255727,0
2026-05-17 21:30:00+00:00,10125.685311255727,0
2026-05-17 21:45:00+00:00,10125.685311255727,0
2026-05-17 22:00:00+00:00,10125.685311255727,0
2026-05-17 22:15:00+00:00,10125.685311255727,0
2026-05-17 22:30:00+00:00,10125.685311255727,0
2026-05-17 22:45:00+00:00,10125.685311255727,0
2026-05-17 23:00:00+00:00,10125.685311255727,0
2026-05-17 23:15:00+00:00,10125.685311255727,0
2026-05-17 23:30:00+00:00,10125.685311255727,0
2026-05-17 23:45:00+00:00,10125.685311255727,0
2026-05-18 00:00:00+00:00,10125.685311255727,0
2026-05-18 00:15:00+00:00,10125.685311255727,0
2026-05-18 00:30:00+00:00,10125.685311255727,0
2026-05-18 00:45:00+00:00,10125.685311255727,0
2026-05-18 01:00:00+00:00,10125.685311255727,0
2026-05-18 01:15:00+00:00,10125.685311255727,0
2026-05-18 01:30:00+00:00,10125.685311255727,0
2026-05-18 01:45:00+00:00,10125.685311255727,0
2026-05-18 02:00:00+00:00,10125.685311255727,0
2026-05-18 02:15:00+00:00,10125.685311255727,0
2026-05-18 02:30:00+00:00,10125.685311255727,0
2026-05-18 02:45:00+00:00,10125.685311255727,0
2026-05-18 03:00:00+00:00,10125.685311255727,0
2026-05-18 03:15:00+00:00,10125.685311255727,0
2026-05-18 03:30:00+00:00,10125.685311255727,0
2026-05-18 03:45:00+00:00,10125.685311255727,0
2026-05-18 04:00:00+00:00,10125.685311255727,0
2026-05-18 04:15:00+00:00,10125.685311255727,0
2026-05-18 04:30:00+00:00,10125.685311255727,0
2026-05-18 04:45:00+00:00,10125.685311255727,0
2026-05-18 05:00:00+00:00,10125.685311255727,0
2026-05-18 05:15:00+00:00,10125.685311255727,0
2026-05-18 05:30:00+00:00,10125.685311255727,0
2026-05-18 05:45:00+00:00,10125.685311255727,0
2026-05-18 06:00:00+00:00,10125.685311255727,0
2026-05-18 06:15:00+00:00,10125.685311255727,0
2026-05-18 06:30:00+00:00,10125.685311255727,0
2026-05-18 06:45:00+00:00,10125.685311255727,0
2026-05-18 07:00:00+00:00,10125.685311255727,0
2026-05-18 07:15:00+00:00,10133.018675330362,1
2026-05-18 07:30:00+00:00,10119.9189053167,1
2026-05-18 07:45:00+00:00,10134.836346767665,1
2026-05-18 08:00:00+00:00,10136.37196574056,1
2026-05-18 08:15:00+00:00,10119.296666838118,4
2026-05-18 08:30:00+00:00,10087.16106987158,4
2026-05-18 08:45:00+00:00,10149.475899291396,4
2026-05-18 09:00:00+00:00,10081.08750206192,4
2026-05-18 09:15:00+00:00,10084.026855933776,4
2026-05-18 09:30:00+00:00,10085.912410769233,4
2026-05-18 09:45:00+00:00,10053.828105565435,4
2026-05-18 10:00:00+00:00,10018.866017481789,4
2026-05-18 10:15:00+00:00,10033.090497158528,4
2026-05-18 10:30:00+00:00,9995.905873817352,3
2026-05-18 10:45:00+00:00,9983.23508553959,3
2026-05-18 11:00:00+00:00,9973.631908145708,5
2026-05-18 11:15:00+00:00,10014.102863216205,5
2026-05-18 11:30:00+00:00,10469.223743829805,5
2026-05-18 11:45:00+00:00,10227.103443517148,1
2026-05-18 12:00:00+00:00,10252.194436845764,1
2026-05-18 12:15:00+00:00,10243.611900311247,0
2026-05-18 12:30:00+00:00,10243.611900311247,0
2026-05-18 12:45:00+00:00,10243.611900311247,0
2026-05-18 13:00:00+00:00,10243.611900311247,0
2026-05-18 13:15:00+00:00,10243.611900311247,0
2026-05-18 13:30:00+00:00,10243.611900311247,0
2026-05-18 13:45:00+00:00,10243.611900311247,0
2026-05-18 14:00:00+00:00,10243.611900311247,0
2026-05-18 14:15:00+00:00,10243.611900311247,0
2026-05-18 14:30:00+00:00,10243.611900311247,0
2026-05-18 14:45:00+00:00,10243.611900311247,0
2026-05-18 15:00:00+00:00,10243.611900311247,0
2026-05-18 15:15:00+00:00,10243.611900311247,0
2026-05-18 15:30:00+00:00,10243.611900311247,0
2026-05-18 15:45:00+00:00,10243.611900311247,0
2026-05-18 16:00:00+00:00,10243.611900311247,0
2026-05-18 16:15:00+00:00,10243.611900311247,0
2026-05-18 16:30:00+00:00,10243.611900311247,0
2026-05-18 16:45:00+00:00,10243.611900311247,0
2026-05-18 17:00:00+00:00,10243.611900311247,0
2026-05-18 17:15:00+00:00,10243.611900311247,0
2026-05-18 17:30:00+00:00,10243.611900311247,0
2026-05-18 17:45:00+00:00,10243.611900311247,0
2026-05-18 18:00:00+00:00,10243.611900311247,0
2026-05-18 18:15:00+00:00,10243.611900311247,0
2026-05-18 18:30:00+00:00,10243.611900311247,0
2026-05-18 18:45:00+00:00,10243.611900311247,0
2026-05-18 19:00:00+00:00,10243.611900311247,0
2026-05-18 19:15:00+00:00,10243.611900311247,0
2026-05-18 19:30:00+00:00,10243.611900311247,0
2026-05-18 19:45:00+00:00,10243.611900311247,0
2026-05-18 20:00:00+00:00,10243.611900311247,0
2026-05-18 20:15:00+00:00,10243.611900311247,0
2026-05-18 20:30:00+00:00,10243.611900311247,0
2026-05-18 20:45:00+00:00,10243.611900311247,0
2026-05-18 21:00:00+00:00,10243.611900311247,0
2026-05-18 21:15:00+00:00,10243.611900311247,0
2026-05-18 21:30:00+00:00,10243.611900311247,0
2026-05-18 21:45:00+00:00,10243.611900311247,0
2026-05-18 22:00:00+00:00,10243.611900311247,0
2026-05-18 22:15:00+00:00,10243.611900311247,0
2026-05-18 22:30:00+00:00,10243.611900311247,0
2026-05-18 22:45:00+00:00,10243.611900311247,0
2026-05-18 23:00:00+00:00,10243.611900311247,0
2026-05-18 23:15:00+00:00,10243.611900311247,0
2026-05-18 23:30:00+00:00,10243.611900311247,0
2026-05-18 23:45:00+00:00,10243.611900311247,0
2026-05-19 00:00:00+00:00,10258.44160601536,1
2026-05-19 00:15:00+00:00,10262.091526090617,0
2026-05-19 00:30:00+00:00,10262.091526090617,0
2026-05-19 00:45:00+00:00,10262.091526090617,0
2026-05-19 01:00:00+00:00,10262.091526090617,0
2026-05-19 01:15:00+00:00,10262.091526090617,0
2026-05-19 01:30:00+00:00,10262.091526090617,0
2026-05-19 01:45:00+00:00,10262.091526090617,0
2026-05-19 02:00:00+00:00,10262.091526090617,0
2026-05-19 02:15:00+00:00,10262.091526090617,0
2026-05-19 02:30:00+00:00,10262.091526090617,0
2026-05-19 02:45:00+00:00,10262.091526090617,0
2026-05-19 03:00:00+00:00,10262.091526090617,0
2026-05-19 03:15:00+00:00,10262.091526090617,0
2026-05-19 03:30:00+00:00,10262.091526090617,0
2026-05-19 03:45:00+00:00,10262.091526090617,0
2026-05-19 04:00:00+00:00,10262.091526090617,0
2026-05-19 04:15:00+00:00,10262.091526090617,0
2026-05-19 04:30:00+00:00,10262.091526090617,0
2026-05-19 04:45:00+00:00,10262.091526090617,0
2026-05-19 05:00:00+00:00,10262.091526090617,0
2026-05-19 05:15:00+00:00,10262.091526090617,0
2026-05-19 05:30:00+00:00,10262.091526090617,0
2026-05-19 05:45:00+00:00,10262.091526090617,0
2026-05-19 06:00:00+00:00,10262.091526090617,0
2026-05-19 06:15:00+00:00,10262.091526090617,0
2026-05-19 06:30:00+00:00,10262.091526090617,0
2026-05-19 06:45:00+00:00,10262.091526090617,0
2026-05-19 07:00:00+00:00,10262.091526090617,0
2026-05-19 07:15:00+00:00,10262.091526090617,0
2026-05-19 07:30:00+00:00,10262.091526090617,0
2026-05-19 07:45:00+00:00,10262.091526090617,0
2026-05-19 08:00:00+00:00,10262.091526090617,0
2026-05-19 08:15:00+00:00,10262.091526090617,0
2026-05-19 08:30:00+00:00,10262.091526090617,0
2026-05-19 08:45:00+00:00,10262.091526090617,0
2026-05-19 09:00:00+00:00,10262.091526090617,0
2026-05-19 09:15:00+00:00,10262.091526090617,0
2026-05-19 09:30:00+00:00,10262.091526090617,0
2026-05-19 09:45:00+00:00,10262.091526090617,0
2026-05-19 10:00:00+00:00,10262.091526090617,0
2026-05-19 10:15:00+00:00,10262.091526090617,0
2026-05-19 10:30:00+00:00,10262.091526090617,0
2026-05-19 10:45:00+00:00,10262.091526090617,0
2026-05-19 11:00:00+00:00,10262.091526090617,0
2026-05-19 11:15:00+00:00,10262.091526090617,0
2026-05-19 11:30:00+00:00,10262.091526090617,0
2026-05-19 11:45:00+00:00,10262.091526090617,0
2026-05-19 12:00:00+00:00,10262.091526090617,0
2026-05-19 12:15:00+00:00,10262.091526090617,0
2026-05-19 12:30:00+00:00,10262.091526090617,0
2026-05-19 12:45:00+00:00,10262.091526090617,0
2026-05-19 13:00:00+00:00,10262.091526090617,0
2026-05-19 13:15:00+00:00,10262.091526090617,0
2026-05-19 13:30:00+00:00,10262.091526090617,0
2026-05-19 13:45:00+00:00,10262.091526090617,0
2026-05-19 14:00:00+00:00,10262.091526090617,0
2026-05-19 14:15:00+00:00,10262.091526090617,0
2026-05-19 14:30:00+00:00,10262.091526090617,0
2026-05-19 14:45:00+00:00,10262.091526090617,0
2026-05-19 15:00:00+00:00,10262.091526090617,0
2026-05-19 15:15:00+00:00,10262.091526090617,0
2026-05-19 15:30:00+00:00,10262.091526090617,0
2026-05-19 15:45:00+00:00,10262.091526090617,0
2026-05-19 16:00:00+00:00,10262.091526090617,0
2026-05-19 16:15:00+00:00,10262.091526090617,0
2026-05-19 16:30:00+00:00,10262.091526090617,0
2026-05-19 16:45:00+00:00,10262.091526090617,0
2026-05-19 17:00:00+00:00,10262.091526090617,0
2026-05-19 17:15:00+00:00,10262.091526090617,0
2026-05-19 17:30:00+00:00,10262.091526090617,0
2026-05-19 17:45:00+00:00,10262.091526090617,0
2026-05-19 18:00:00+00:00,10262.091526090617,0
2026-05-19 18:15:00+00:00,10262.091526090617,0
2026-05-19 18:30:00+00:00,10262.091526090617,0
2026-05-19 18:45:00+00:00,10262.091526090617,0
2026-05-19 19:00:00+00:00,10262.091526090617,0
2026-05-19 19:15:00+00:00,10262.091526090617,0
2026-05-19 19:30:00+00:00,10262.091526090617,0
2026-05-19 19:45:00+00:00,10262.091526090617,0
2026-05-19 20:00:00+00:00,10262.091526090617,0
2026-05-19 20:15:00+00:00,10258.654150782286,1
2026-05-19 20:30:00+00:00,10263.564686937043,1
2026-05-19 20:45:00+00:00,10267.002062245376,1
2026-05-19 21:00:00+00:00,10286.64420686441,1
2026-05-19 21:15:00+00:00,10278.787349016797,1
2026-05-19 21:30:00+00:00,10281.242617094176,1
2026-05-19 21:45:00+00:00,10272.40365201561,1
2026-05-19 22:00:00+00:00,10264.05574055252,1
2026-05-19 22:15:00+00:00,10240.88396052374,2
2026-05-19 22:30:00+00:00,10260.979793589244,2
2026-05-19 22:45:00+00:00,10255.296577453119,3
2026-05-19 23:00:00+00:00,10291.473650090991,3
2026-05-19 23:15:00+00:00,10318.15058038379,3
2026-05-19 23:30:00+00:00,10300.477406006134,1
2026-05-19 23:45:00+00:00,10293.85435257013,1
2026-05-20 00:00:00+00:00,10256.520818051846,0
2026-05-20 00:15:00+00:00,10256.520818051846,0
2026-05-20 00:30:00+00:00,10256.520818051846,0
2026-05-20 00:45:00+00:00,10256.520818051846,0
2026-05-20 01:00:00+00:00,10256.520818051846,0
2026-05-20 01:15:00+00:00,10256.520818051846,0
2026-05-20 01:30:00+00:00,10256.520818051846,0
2026-05-20 01:45:00+00:00,10256.520818051846,0
2026-05-20 02:00:00+00:00,10256.520818051846,0
2026-05-20 02:15:00+00:00,10256.520818051846,0
2026-05-20 02:30:00+00:00,10256.520818051846,0
2026-05-20 02:45:00+00:00,10256.520818051846,0
2026-05-20 03:00:00+00:00,10256.520818051846,0
2026-05-20 03:15:00+00:00,10256.520818051846,0
2026-05-20 03:30:00+00:00,10256.520818051846,0
2026-05-20 03:45:00+00:00,10256.520818051846,0
2026-05-20 04:00:00+00:00,10256.520818051846,0
2026-05-20 04:15:00+00:00,10256.520818051846,0
2026-05-20 04:30:00+00:00,10256.520818051846,0
2026-05-20 04:45:00+00:00,10256.520818051846,0
2026-05-20 05:00:00+00:00,10256.520818051846,0
2026-05-20 05:15:00+00:00,10256.520818051846,0
2026-05-20 05:30:00+00:00,10256.520818051846,0
2026-05-20 05:45:00+00:00,10256.520818051846,0
2026-05-20 06:00:00+00:00,10256.520818051846,0
2026-05-20 06:15:00+00:00,10256.520818051846,0
2026-05-20 06:30:00+00:00,10256.520818051846,0
2026-05-20 06:45:00+00:00,10256.520818051846,0
2026-05-20 07:00:00+00:00,10256.520818051846,0
2026-05-20 07:15:00+00:00,10256.520818051846,0
2026-05-20 07:30:00+00:00,10256.520818051846,0
2026-05-20 07:45:00+00:00,10256.520818051846,0
2026-05-20 08:00:00+00:00,10256.520818051846,0
2026-05-20 08:15:00+00:00,10256.520818051846,0
2026-05-20 08:30:00+00:00,10256.520818051846,0
2026-05-20 08:45:00+00:00,10256.520818051846,0
2026-05-20 09:00:00+00:00,10256.520818051846,0
2026-05-20 09:15:00+00:00,10256.520818051846,0
2026-05-20 09:30:00+00:00,10256.520818051846,0
2026-05-20 09:45:00+00:00,10256.520818051846,0
2026-05-20 10:00:00+00:00,10256.520818051846,0
2026-05-20 10:15:00+00:00,10256.520818051846,0
2026-05-20 10:30:00+00:00,10256.520818051846,0
2026-05-20 10:45:00+00:00,10256.520818051846,0
2026-05-20 11:00:00+00:00,10256.520818051846,0
2026-05-20 11:15:00+00:00,10256.520818051846,0
2026-05-20 11:30:00+00:00,10256.520818051846,0
2026-05-20 11:45:00+00:00,10256.520818051846,0
2026-05-20 12:00:00+00:00,10256.520818051846,0
2026-05-20 12:15:00+00:00,10256.520818051846,0
2026-05-20 12:30:00+00:00,10256.520818051846,0
2026-05-20 12:45:00+00:00,10256.520818051846,0
2026-05-20 13:00:00+00:00,10256.520818051846,0
2026-05-20 13:15:00+00:00,10256.520818051846,0
2026-05-20 13:30:00+00:00,10256.520818051846,0
2026-05-20 13:45:00+00:00,10256.520818051846,0
2026-05-20 14:00:00+00:00,10256.520818051846,0
2026-05-20 14:15:00+00:00,10256.520818051846,0
2026-05-20 14:30:00+00:00,10256.520818051846,0
2026-05-20 14:45:00+00:00,10256.520818051846,0
2026-05-20 15:00:00+00:00,10256.520818051846,0
2026-05-20 15:15:00+00:00,10256.520818051846,0
2026-05-20 15:30:00+00:00,10256.520818051846,0
2026-05-20 15:45:00+00:00,10256.520818051846,0
2026-05-20 16:00:00+00:00,10256.520818051846,0
2026-05-20 16:15:00+00:00,10256.520818051846,0
2026-05-20 16:30:00+00:00,10256.520818051846,0
2026-05-20 16:45:00+00:00,10256.520818051846,0
2026-05-20 17:00:00+00:00,10256.520818051846,0
2026-05-20 17:15:00+00:00,10256.520818051846,0
2026-05-20 17:30:00+00:00,10256.520818051846,0
2026-05-20 17:45:00+00:00,10256.520818051846,0
2026-05-20 18:00:00+00:00,10256.520818051846,0
2026-05-20 18:15:00+00:00,10256.520818051846,0
2026-05-20 18:30:00+00:00,10256.520818051846,0
2026-05-20 18:45:00+00:00,10256.520818051846,0
2026-05-20 19:00:00+00:00,10256.520818051846,0
2026-05-20 19:15:00+00:00,10256.520818051846,0
2026-05-20 19:30:00+00:00,10256.520818051846,0
2026-05-20 19:45:00+00:00,10256.520818051846,0
2026-05-20 20:00:00+00:00,10256.520818051846,0
2026-05-20 20:15:00+00:00,10256.520818051846,0
2026-05-20 20:30:00+00:00,10256.520818051846,0
2026-05-20 20:45:00+00:00,10256.520818051846,0
2026-05-20 21:00:00+00:00,10256.520818051846,0
2026-05-20 21:15:00+00:00,10256.520818051846,0
2026-05-20 21:30:00+00:00,10256.520818051846,0
2026-05-20 21:45:00+00:00,10256.520818051846,0
2026-05-20 22:00:00+00:00,10256.520818051846,0
2026-05-20 22:15:00+00:00,10256.520818051846,0
2026-05-20 22:30:00+00:00,10256.520818051846,0
2026-05-20 22:45:00+00:00,10256.520818051846,0
2026-05-20 23:00:00+00:00,10256.520818051846,0
2026-05-20 23:15:00+00:00,10256.520818051846,0
2026-05-20 23:30:00+00:00,10256.520818051846,0
2026-05-20 23:45:00+00:00,10256.520818051846,0
2026-05-21 00:00:00+00:00,10256.520818051846,0
2026-05-21 00:15:00+00:00,10256.520818051846,0
2026-05-21 00:30:00+00:00,10256.520818051846,0
2026-05-21 00:45:00+00:00,10256.520818051846,0
2026-05-21 01:00:00+00:00,10256.520818051846,0
2026-05-21 01:15:00+00:00,10256.520818051846,0
2026-05-21 01:30:00+00:00,10256.520818051846,0
2026-05-21 01:45:00+00:00,10256.520818051846,0
2026-05-21 02:00:00+00:00,10256.520818051846,0
2026-05-21 02:15:00+00:00,10256.520818051846,0
2026-05-21 02:30:00+00:00,10256.520818051846,0
2026-05-21 02:45:00+00:00,10256.520818051846,0
2026-05-21 03:00:00+00:00,10256.520818051846,0
2026-05-21 03:15:00+00:00,10256.520818051846,0
2026-05-21 03:30:00+00:00,10256.520818051846,0
2026-05-21 03:45:00+00:00,10256.520818051846,0
2026-05-21 04:00:00+00:00,10256.520818051846,0
2026-05-21 04:15:00+00:00,10256.520818051846,0
2026-05-21 04:30:00+00:00,10256.520818051846,0
2026-05-21 04:45:00+00:00,10256.520818051846,0
2026-05-21 05:00:00+00:00,10256.520818051846,0
2026-05-21 05:15:00+00:00,10256.520818051846,0
2026-05-21 05:30:00+00:00,10256.520818051846,0
2026-05-21 05:45:00+00:00,10256.520818051846,0
2026-05-21 06:00:00+00:00,10256.520818051846,0
2026-05-21 06:15:00+00:00,10256.520818051846,0
2026-05-21 06:30:00+00:00,10256.520818051846,0
2026-05-21 06:45:00+00:00,10256.520818051846,0
2026-05-21 07:00:00+00:00,10256.520818051846,0
2026-05-21 07:15:00+00:00,10256.520818051846,0
2026-05-21 07:30:00+00:00,10256.520818051846,0
2026-05-21 07:45:00+00:00,10256.520818051846,0
2026-05-21 08:00:00+00:00,10256.520818051846,0
2026-05-21 08:15:00+00:00,10256.520818051846,0
2026-05-21 08:30:00+00:00,10256.520818051846,0
2026-05-21 08:45:00+00:00,10256.520818051846,0
2026-05-21 09:00:00+00:00,10256.520818051846,0
2026-05-21 09:15:00+00:00,10256.520818051846,0
2026-05-21 09:30:00+00:00,10256.520818051846,0
2026-05-21 09:45:00+00:00,10256.520818051846,0
2026-05-21 10:00:00+00:00,10256.520818051846,0
2026-05-21 10:15:00+00:00,10256.520818051846,0
2026-05-21 10:30:00+00:00,10256.520818051846,0
2026-05-21 10:45:00+00:00,10256.520818051846,0
2026-05-21 11:00:00+00:00,10256.520818051846,0
2026-05-21 11:15:00+00:00,10256.520818051846,0
2026-05-21 11:30:00+00:00,10256.520818051846,0
2026-05-21 11:45:00+00:00,10256.520818051846,0
2026-05-21 12:00:00+00:00,10256.520818051846,0
2026-05-21 12:15:00+00:00,10256.520818051846,0
2026-05-21 12:30:00+00:00,10256.520818051846,0
2026-05-21 12:45:00+00:00,10256.520818051846,0
2026-05-21 13:00:00+00:00,10256.520818051846,0
2026-05-21 13:15:00+00:00,10256.520818051846,0
2026-05-21 13:30:00+00:00,10256.520818051846,0
2026-05-21 13:45:00+00:00,10256.520818051846,0
2026-05-21 14:00:00+00:00,10256.520818051846,0
2026-05-21 14:15:00+00:00,10256.520818051846,0
2026-05-21 14:30:00+00:00,10256.520818051846,0
2026-05-21 14:45:00+00:00,10256.520818051846,0
2026-05-21 15:00:00+00:00,10256.520818051846,0
2026-05-21 15:15:00+00:00,10256.520818051846,0
2026-05-21 15:30:00+00:00,10256.520818051846,0
2026-05-21 15:45:00+00:00,10256.520818051846,0
2026-05-21 16:00:00+00:00,10256.520818051846,0
2026-05-21 16:15:00+00:00,10256.520818051846,0
2026-05-21 16:30:00+00:00,10256.520818051846,0
2026-05-21 16:45:00+00:00,10256.520818051846,0
2026-05-21 17:00:00+00:00,10256.520818051846,0
2026-05-21 17:15:00+00:00,10256.520818051846,0
2026-05-21 17:30:00+00:00,10256.520818051846,0
2026-05-21 17:45:00+00:00,10256.520818051846,0
2026-05-21 18:00:00+00:00,10256.520818051846,0
2026-05-21 18:15:00+00:00,10256.520818051846,0
2026-05-21 18:30:00+00:00,10256.520818051846,0
2026-05-21 18:45:00+00:00,10256.520818051846,0
2026-05-21 19:00:00+00:00,10256.520818051846,0
2026-05-21 19:15:00+00:00,10256.520818051846,0
2026-05-21 19:30:00+00:00,10256.520818051846,0
2026-05-21 19:45:00+00:00,10256.520818051846,0
2026-05-21 20:00:00+00:00,10256.520818051846,0
2026-05-21 20:15:00+00:00,10256.520818051846,0
2026-05-21 20:30:00+00:00,10256.520818051846,0
2026-05-21 20:45:00+00:00,10256.520818051846,0
2026-05-21 21:00:00+00:00,10269.753781129239,1
2026-05-21 21:15:00+00:00,10270.771701365962,1
2026-05-21 21:30:00+00:00,10265.682100182348,1
2026-05-21 21:45:00+00:00,10256.520818051848,1
2026-05-21 22:00:00+00:00,10256.520818051848,1
2026-05-21 22:15:00+00:00,10257.538738288567,1
2026-05-21 22:30:00+00:00,10249.395376394788,1
2026-05-21 22:45:00+00:00,10251.431216868234,1
2026-05-21 23:00:00+00:00,10250.413296631512,1
2026-05-21 23:15:00+00:00,10255.502897815124,1
2026-05-21 23:30:00+00:00,10261.61041923546,1
2026-05-21 23:45:00+00:00,10267.717940655793,1
2026-05-22 00:00:00+00:00,10262.628339472181,1
2026-05-22 00:15:00+00:00,10259.574578762014,1
2026-05-22 00:30:00+00:00,10261.61041923546,1
2026-05-22 00:45:00+00:00,10250.413296631512,1
2026-05-22 01:00:00+00:00,10262.628339472181,1
2026-05-22 01:15:00+00:00,10260.592498998736,1
2026-05-22 01:30:00+00:00,10269.753781129239,1
2026-05-22 01:45:00+00:00,10267.735277615786,0
2026-05-22 02:00:00+00:00,10267.735277615786,0
2026-05-22 02:15:00+00:00,10267.735277615786,0
2026-05-22 02:30:00+00:00,10267.735277615786,0
2026-05-22 02:45:00+00:00,10267.735277615786,0
2026-05-22 03:00:00+00:00,10267.735277615786,0
2026-05-22 03:15:00+00:00,10267.735277615786,0
2026-05-22 03:30:00+00:00,10267.735277615786,0
2026-05-22 03:45:00+00:00,10267.735277615786,0
2026-05-22 04:00:00+00:00,10267.735277615786,0
2026-05-22 04:15:00+00:00,10267.735277615786,0
2026-05-22 04:30:00+00:00,10267.735277615786,0
2026-05-22 04:45:00+00:00,10267.735277615786,0
2026-05-22 05:00:00+00:00,10267.735277615786,0
2026-05-22 05:15:00+00:00,10267.735277615786,0
2026-05-22 05:30:00+00:00,10267.735277615786,0
2026-05-22 05:45:00+00:00,10267.735277615786,0
2026-05-22 06:00:00+00:00,10267.735277615786,0
2026-05-22 06:15:00+00:00,10267.735277615786,0
2026-05-22 06:30:00+00:00,10267.735277615786,0
2026-05-22 06:45:00+00:00,10267.735277615786,0
2026-05-22 07:00:00+00:00,10267.735277615786,0
2026-05-22 07:15:00+00:00,10267.735277615786,0
2026-05-22 07:30:00+00:00,10267.735277615786,0
2026-05-22 07:45:00+00:00,10267.735277615786,0
2026-05-22 08:00:00+00:00,10267.735277615786,0
2026-05-22 08:15:00+00:00,10297.687941588936,2
2026-05-22 08:30:00+00:00,10229.027280688022,1
2026-05-22 08:45:00+00:00,10233.570866298684,1
2026-05-22 09:00:00+00:00,10229.38843665754,2
2026-05-22 09:15:00+00:00,10234.525020928319,2
2026-05-22 09:30:00+00:00,10234.805883318028,2
2026-05-22 09:45:00+00:00,10234.297230854216,2
2026-05-22 10:00:00+00:00,10232.373585922891,2
2026-05-22 10:15:00+00:00,10234.53148369117,2
2026-05-22 10:30:00+00:00,10241.772893414622,2
2026-05-22 10:45:00+00:00,10237.676015042962,2
2026-05-22 11:00:00+00:00,10240.890159455592,2
2026-05-22 11:15:00+00:00,10224.944308086764,3
2026-05-22 11:30:00+00:00,10244.525920478582,3
2026-05-22 11:45:00+00:00,10308.568875019017,2
2026-05-22 12:00:00+00:00,10325.199911458125,2
2026-05-22 12:15:00+00:00,10294.69363701765,2
2026-05-22 12:30:00+00:00,10310.329091291045,2
2026-05-22 12:45:00+00:00,10317.685936123706,1
2026-05-22 13:00:00+00:00,10314.315429974076,1
2026-05-22 13:15:00+00:00,10300.677363424187,1
2026-05-22 13:30:00+00:00,10296.74510624962,1
2026-05-22 13:45:00+00:00,10302.4874500601,1
2026-05-22 14:00:00+00:00,10261.620519381486,0
2026-05-22 14:15:00+00:00,10261.620519381486,0
2026-05-22 14:30:00+00:00,10261.620519381486,0
2026-05-22 14:45:00+00:00,10261.620519381486,0
2026-05-22 15:00:00+00:00,10261.620519381486,0
2026-05-22 15:15:00+00:00,10261.620519381486,0
2026-05-22 15:30:00+00:00,10261.620519381486,0
2026-05-22 15:45:00+00:00,10261.620519381486,0
2026-05-22 16:00:00+00:00,10261.620519381486,0
2026-05-22 16:15:00+00:00,10261.620519381486,0
2026-05-22 16:30:00+00:00,10261.620519381486,0
2026-05-22 16:45:00+00:00,10261.620519381486,0
2026-05-22 17:00:00+00:00,10261.620519381486,0
2026-05-22 17:15:00+00:00,10261.620519381486,0
2026-05-22 17:30:00+00:00,10261.620519381486,0
2026-05-22 17:45:00+00:00,10261.620519381486,0
2026-05-22 18:00:00+00:00,10261.620519381486,0
2026-05-22 18:15:00+00:00,10261.620519381486,0
2026-05-22 18:30:00+00:00,10261.620519381486,0
2026-05-22 18:45:00+00:00,10261.620519381486,0
2026-05-22 19:00:00+00:00,10261.620519381486,0
2026-05-22 19:15:00+00:00,10261.620519381486,0
2026-05-22 19:30:00+00:00,10261.620519381486,0
2026-05-22 19:45:00+00:00,10261.620519381486,0
2026-05-22 20:00:00+00:00,10261.620519381486,0
2026-05-22 20:15:00+00:00,10263.727641347028,1
2026-05-22 20:30:00+00:00,10261.68437156226,1
2026-05-22 20:45:00+00:00,10265.41972413754,1
2026-05-22 21:00:00+00:00,10264.174606612447,1
2026-05-22 21:15:00+00:00,10274.135546813195,1
2026-05-22 21:30:00+00:00,10276.881190586477,1
2026-05-22 21:45:00+00:00,10281.350843240658,1
2026-05-22 22:00:00+00:00,10278.094382021183,1
2026-05-22 22:15:00+00:00,10263.536084804706,1
2026-05-22 22:30:00+00:00,10252.361953169251,1
2026-05-22 22:45:00+00:00,10263.59993698548,1
2026-05-22 23:00:00+00:00,10277.838973298087,1
2026-05-22 23:15:00+00:00,10251.404170457641,1
2026-05-22 23:30:00+00:00,10265.962467674119,1
2026-05-22 23:45:00+00:00,10242.11367815502,1
2026-05-23 00:00:00+00:00,10244.125021849402,1
2026-05-23 00:15:00+00:00,10249.233196311325,1
2026-05-23 00:30:00+00:00,10224.905515436421,1
2026-05-23 00:45:00+00:00,10237.037429783486,1
2026-05-23 01:00:00+00:00,10236.494686246906,1
2026-05-23 01:15:00+00:00,10250.318683384483,1
2026-05-23 01:30:00+00:00,10246.040587272622,1
2026-05-23 01:45:00+00:00,10250.893353011448,1
2026-05-23 02:00:00+00:00,10243.582278312822,1
2026-05-23 02:15:00+00:00,10243.869613126306,1
2026-05-23 02:30:00+00:00,10244.316578391725,1
2026-05-23 02:45:00+00:00,10249.041639769002,1
2026-05-23 03:00:00+00:00,10253.830553327054,1
2026-05-23 03:15:00+00:00,10253.575144603958,1
2026-05-23 03:30:00+00:00,10258.236353800463,1
2026-05-23 03:45:00+00:00,10257.374349360012,1
2026-05-23 04:00:00+00:00,10256.671975371497,1
2026-05-23 04:15:00+00:00,10246.072513363011,1
2026-05-23 04:30:00+00:00,10240.645077997218,1
2026-05-23 04:45:00+00:00,10245.370139374496,1
2026-05-23 05:00:00+00:00,10240.996264991476,1
2026-05-23 05:15:00+00:00,10234.10022946788,1
2026-05-23 05:30:00+00:00,10242.75219996276,1
2026-05-23 05:45:00+00:00,10237.867508133548,1
2026-05-23 06:00:00+00:00,10235.632681806457,1
2026-05-23 06:15:00+00:00,10230.332950802213,1
2026-05-23 06:30:00+00:00,10231.64192050808,1
2026-05-23 06:45:00+00:00,10228.96012891557,1
2026-05-23 07:00:00+00:00,10224.330845809456,1
2026-05-23 07:15:00+00:00,10216.79628847812,1
2026-05-23 07:30:00+00:00,10215.359614410703,1
2026-05-23 07:45:00+00:00,10173.74026827778,0
2026-05-23 08:00:00+00:00,10173.74026827778,0
2026-05-23 08:15:00+00:00,10156.354825719036,6
2026-05-23 08:30:00+00:00,10086.272864978746,5
2026-05-23 08:45:00+00:00,10171.808459688831,5
2026-05-23 09:00:00+00:00,10144.318710320931,6
2026-05-23 09:15:00+00:00,10163.380313730184,6
2026-05-23 09:30:00+00:00,10179.506622904966,6
2026-05-23 09:45:00+00:00,10142.449740709444,6
2026-05-23 10:00:00+00:00,10212.976664284863,6
2026-05-23 10:15:00+00:00,10220.033812340962,6
2026-05-23 10:30:00+00:00,10262.646837175502,6
2026-05-23 10:45:00+00:00,10219.700633017494,6
2026-05-23 11:00:00+00:00,10250.00182760371,6
2026-05-23 11:15:00+00:00,10279.236872086749,6
2026-05-23 11:30:00+00:00,10238.17174780242,6
2026-05-23 11:45:00+00:00,10221.1196999355,6
2026-05-23 12:00:00+00:00,10204.160510922675,6
2026-05-23 12:15:00+00:00,10194.373350907861,6
2026-05-23 12:30:00+00:00,10209.025292169168,6
2026-05-23 12:45:00+00:00,10241.045417420259,6
2026-05-23 13:00:00+00:00,10332.529829212817,4
2026-05-23 13:15:00+00:00,10340.291838254045,1
2026-05-23 13:30:00+00:00,10336.034055332702,1
2026-05-23 13:45:00+00:00,10331.805554302891,0
2026-05-23 14:00:00+00:00,10331.805554302891,0
2026-05-23 14:15:00+00:00,10331.805554302891,0
2026-05-23 14:30:00+00:00,10331.805554302891,0
2026-05-23 14:45:00+00:00,10331.805554302891,0
2026-05-23 15:00:00+00:00,10331.805554302891,0
2026-05-23 15:15:00+00:00,10331.805554302891,0
2026-05-23 15:30:00+00:00,10331.805554302891,0
2026-05-23 15:45:00+00:00,10331.805554302891,0
2026-05-23 16:00:00+00:00,10331.805554302891,0
2026-05-23 16:15:00+00:00,10331.805554302891,0
2026-05-23 16:30:00+00:00,10331.805554302891,0
2026-05-23 16:45:00+00:00,10331.805554302891,0
2026-05-23 17:00:00+00:00,10331.805554302891,0
2026-05-23 17:15:00+00:00,10331.805554302891,0
2026-05-23 17:30:00+00:00,10331.805554302891,0
2026-05-23 17:45:00+00:00,10331.805554302891,0
2026-05-23 18:00:00+00:00,10331.805554302891,0
2026-05-23 18:15:00+00:00,10331.805554302891,0
2026-05-23 18:30:00+00:00,10331.805554302891,0
2026-05-23 18:45:00+00:00,10331.805554302891,0
2026-05-23 19:00:00+00:00,10331.805554302891,0
2026-05-23 19:15:00+00:00,10331.805554302891,0
2026-05-23 19:30:00+00:00,10331.805554302891,0
2026-05-23 19:45:00+00:00,10331.805554302891,0
2026-05-23 20:00:00+00:00,10331.805554302891,0
2026-05-23 20:15:00+00:00,10331.805554302891,0
2026-05-23 20:30:00+00:00,10331.805554302891,0
2026-05-23 20:45:00+00:00,10331.805554302891,0
2026-05-23 21:00:00+00:00,10331.805554302891,0
2026-05-23 21:15:00+00:00,10331.805554302891,0
2026-05-23 21:30:00+00:00,10331.805554302891,0
2026-05-23 21:45:00+00:00,10331.805554302891,0
2026-05-23 22:00:00+00:00,10331.805554302891,0
2026-05-23 22:15:00+00:00,10331.805554302891,0
2026-05-23 22:30:00+00:00,10331.805554302891,0
2026-05-23 22:45:00+00:00,10331.805554302891,0
2026-05-23 23:00:00+00:00,10331.805554302891,0
2026-05-23 23:15:00+00:00,10331.805554302891,0
2026-05-23 23:30:00+00:00,10331.805554302891,0
2026-05-23 23:45:00+00:00,10331.805554302891,0
2026-05-24 00:00:00+00:00,10331.805554302891,0
2026-05-24 00:15:00+00:00,10331.805554302891,0
2026-05-24 00:30:00+00:00,10331.805554302891,0
2026-05-24 00:45:00+00:00,10331.805554302891,0
2026-05-24 01:00:00+00:00,10331.805554302891,0
2026-05-24 01:15:00+00:00,10331.805554302891,0
2026-05-24 01:30:00+00:00,10331.805554302891,0
2026-05-24 01:45:00+00:00,10331.805554302891,0
2026-05-24 02:00:00+00:00,10331.805554302891,0
2026-05-24 02:15:00+00:00,10331.805554302891,0
2026-05-24 02:30:00+00:00,10331.805554302891,0
2026-05-24 02:45:00+00:00,10331.805554302891,0
2026-05-24 03:00:00+00:00,10331.805554302891,0
2026-05-24 03:15:00+00:00,10331.805554302891,0
2026-05-24 03:30:00+00:00,10331.805554302891,0
2026-05-24 03:45:00+00:00,10331.805554302891,0
2026-05-24 04:00:00+00:00,10331.805554302891,0
2026-05-24 04:15:00+00:00,10331.805554302891,0
2026-05-24 04:30:00+00:00,10331.805554302891,0
2026-05-24 04:45:00+00:00,10331.805554302891,0
2026-05-24 05:00:00+00:00,10331.805554302891,0
2026-05-24 05:15:00+00:00,10331.805554302891,0
2026-05-24 05:30:00+00:00,10331.805554302891,0
2026-05-24 05:45:00+00:00,10331.805554302891,0
2026-05-24 06:00:00+00:00,10331.805554302891,0
2026-05-24 06:15:00+00:00,10331.805554302891,0
2026-05-24 06:30:00+00:00,10331.805554302891,0
2026-05-24 06:45:00+00:00,10331.805554302891,0
2026-05-24 07:00:00+00:00,10331.805554302891,0
2026-05-24 07:15:00+00:00,10331.805554302891,0
2026-05-24 07:30:00+00:00,10331.805554302891,0
2026-05-24 07:45:00+00:00,10328.55922509885,1
2026-05-24 08:00:00+00:00,10322.99408932049,1
2026-05-24 08:15:00+00:00,10345.017891479614,3
2026-05-24 08:30:00+00:00,10348.231577659048,3
2026-05-24 08:45:00+00:00,10354.066844326184,3
2026-05-24 09:00:00+00:00,10346.8246153162,2
2026-05-24 09:15:00+00:00,10347.487996040833,1
2026-05-24 09:30:00+00:00,10353.67148023901,1
2026-05-24 09:45:00+00:00,10354.599002868736,1
2026-05-24 10:00:00+00:00,10345.200106887507,1
2026-05-24 10:15:00+00:00,10379.226782570753,1
2026-05-24 10:30:00+00:00,10362.037506960076,2
2026-05-24 10:45:00+00:00,10375.43127403985,2
2026-05-24 11:00:00+00:00,10397.468869929105,2
2026-05-24 11:15:00+00:00,10394.776942376473,1
2026-05-24 11:30:00+00:00,10396.01541292737,1
2026-05-24 11:45:00+00:00,10397.811195226173,1
2026-05-24 12:00:00+00:00,10391.154416015095,1
2026-05-24 12:15:00+00:00,10373.010822444438,1
2026-05-24 12:30:00+00:00,10382.454160395035,1
2026-05-24 12:45:00+00:00,10378.924519324975,1
2026-05-24 13:00:00+00:00,10374.992375325874,1
2026-05-24 13:15:00+00:00,10372.453510696532,1
2026-05-24 13:30:00+00:00,10375.704495892642,1
2026-05-24 13:45:00+00:00,10342.989920243977,0
2026-05-24 14:00:00+00:00,10342.989920243977,0
2026-05-24 14:15:00+00:00,10342.989920243977,0
2026-05-24 14:30:00+00:00,10342.989920243977,0
2026-05-24 14:45:00+00:00,10342.989920243977,0
2026-05-24 15:00:00+00:00,10342.989920243977,0
2026-05-24 15:15:00+00:00,10342.989920243977,0
2026-05-24 15:30:00+00:00,10342.989920243977,0
2026-05-24 15:45:00+00:00,10342.989920243977,0
2026-05-24 16:00:00+00:00,10342.989920243977,0
2026-05-24 16:15:00+00:00,10342.989920243977,0
2026-05-24 16:30:00+00:00,10342.989920243977,0
2026-05-24 16:45:00+00:00,10342.989920243977,0
2026-05-24 17:00:00+00:00,10342.989920243977,0
2026-05-24 17:15:00+00:00,10342.989920243977,0
2026-05-24 17:30:00+00:00,10342.989920243977,0
2026-05-24 17:45:00+00:00,10342.989920243977,0
2026-05-24 18:00:00+00:00,10342.989920243977,0
2026-05-24 18:15:00+00:00,10342.989920243977,0
2026-05-24 18:30:00+00:00,10342.989920243977,0
2026-05-24 18:45:00+00:00,10342.989920243977,0
2026-05-24 19:00:00+00:00,10342.989920243977,0
2026-05-24 19:15:00+00:00,10342.989920243977,0
2026-05-24 19:30:00+00:00,10342.989920243977,0
2026-05-24 19:45:00+00:00,10342.989920243977,0
2026-05-24 20:00:00+00:00,10342.989920243977,0
2026-05-24 20:15:00+00:00,10344.999091307558,1
2026-05-24 20:30:00+00:00,10335.780652271651,2
2026-05-24 20:45:00+00:00,10337.110361319545,2
2026-05-24 21:00:00+00:00,10354.06769672826,2
2026-05-24 21:15:00+00:00,10285.61191507712,1
2026-05-24 21:30:00+00:00,10229.083811965033,1
2026-05-24 21:45:00+00:00,10238.710482477956,1
2026-05-24 22:00:00+00:00,10477.132600272242,3
2026-05-24 22:15:00+00:00,10292.367900658452,0
2026-05-24 22:30:00+00:00,10292.367900658452,0
2026-05-24 22:45:00+00:00,10296.582393812872,2
2026-05-24 23:00:00+00:00,10333.684915444674,2
2026-05-24 23:15:00+00:00,10319.536203944144,2
2026-05-24 23:30:00+00:00,10344.909701738823,1
2026-05-24 23:45:00+00:00,10331.362613403406,1
2026-05-25 00:00:00+00:00,10340.89574963944,1
2026-05-25 00:15:00+00:00,10348.923653838205,1
2026-05-25 00:30:00+00:00,10340.03243264717,0
2026-05-25 00:45:00+00:00,10340.03243264717,0
2026-05-25 01:00:00+00:00,10340.03243264717,0
2026-05-25 01:15:00+00:00,10340.03243264717,0
2026-05-25 01:30:00+00:00,10340.03243264717,0
2026-05-25 01:45:00+00:00,10340.03243264717,0
2026-05-25 02:00:00+00:00,10340.03243264717,0
2026-05-25 02:15:00+00:00,10340.03243264717,0
2026-05-25 02:30:00+00:00,10340.03243264717,0
2026-05-25 02:45:00+00:00,10340.03243264717,0
2026-05-25 03:00:00+00:00,10340.03243264717,0
2026-05-25 03:15:00+00:00,10340.03243264717,0
2026-05-25 03:30:00+00:00,10340.03243264717,0
2026-05-25 03:45:00+00:00,10340.03243264717,0
2026-05-25 04:00:00+00:00,10340.03243264717,0
2026-05-25 04:15:00+00:00,10340.03243264717,0
2026-05-25 04:30:00+00:00,10340.03243264717,0
2026-05-25 04:45:00+00:00,10340.03243264717,0
2026-05-25 05:00:00+00:00,10340.03243264717,0
2026-05-25 05:15:00+00:00,10340.03243264717,0
2026-05-25 05:30:00+00:00,10340.03243264717,0
2026-05-25 05:45:00+00:00,10340.03243264717,0
2026-05-25 06:00:00+00:00,10340.03243264717,0
2026-05-25 06:15:00+00:00,10340.03243264717,0
2026-05-25 06:30:00+00:00,10340.03243264717,0
2026-05-25 06:45:00+00:00,10340.03243264717,0
2026-05-25 07:00:00+00:00,10340.03243264717,0
2026-05-25 07:15:00+00:00,10340.03243264717,0
2026-05-25 07:30:00+00:00,10340.03243264717,0
2026-05-25 07:45:00+00:00,10340.03243264717,0
2026-05-25 08:00:00+00:00,10340.03243264717,0
2026-05-25 08:15:00+00:00,10340.03243264717,0
2026-05-25 08:30:00+00:00,10340.03243264717,0
2026-05-25 08:45:00+00:00,10340.03243264717,0
2026-05-25 09:00:00+00:00,10340.03243264717,0
2026-05-25 09:15:00+00:00,10347.443006844758,1
2026-05-25 09:30:00+00:00,10341.379809774002,1
2026-05-25 09:45:00+00:00,10350.137761098427,1
2026-05-25 10:00:00+00:00,10361.59046667652,1
2026-05-25 10:15:00+00:00,10349.657120254264,0
2026-05-25 10:30:00+00:00,10349.657120254264,0
2026-05-25 10:45:00+00:00,10349.657120254264,0
2026-05-25 11:00:00+00:00,10349.657120254264,0
2026-05-25 11:15:00+00:00,10349.657120254264,0
2026-05-25 11:30:00+00:00,10349.657120254264,0
2026-05-25 11:45:00+00:00,10349.657120254264,0
2026-05-25 12:00:00+00:00,10349.657120254264,0
2026-05-25 12:15:00+00:00,10349.657120254264,0
2026-05-25 12:30:00+00:00,10349.657120254264,0
2026-05-25 12:45:00+00:00,10349.657120254264,0
2026-05-25 13:00:00+00:00,10349.657120254264,0
2026-05-25 13:15:00+00:00,10349.657120254264,0
2026-05-25 13:30:00+00:00,10349.657120254264,0
2026-05-25 13:45:00+00:00,10349.657120254264,0
2026-05-25 14:00:00+00:00,10349.657120254264,0
2026-05-25 14:15:00+00:00,10349.657120254264,0
2026-05-25 14:30:00+00:00,10349.657120254264,0
2026-05-25 14:45:00+00:00,10349.657120254264,0
2026-05-25 15:00:00+00:00,10349.657120254264,0
2026-05-25 15:15:00+00:00,10349.657120254264,0
2026-05-25 15:30:00+00:00,10349.657120254264,0
2026-05-25 15:45:00+00:00,10349.657120254264,0
2026-05-25 16:00:00+00:00,10349.657120254264,0
2026-05-25 16:15:00+00:00,10349.657120254264,0
2026-05-25 16:30:00+00:00,10349.657120254264,0
2026-05-25 16:45:00+00:00,10349.657120254264,0
2026-05-25 17:00:00+00:00,10349.657120254264,0
2026-05-25 17:15:00+00:00,10349.657120254264,0
2026-05-25 17:30:00+00:00,10349.657120254264,0
2026-05-25 17:45:00+00:00,10349.657120254264,0
2026-05-25 18:00:00+00:00,10349.657120254264,0
2026-05-25 18:15:00+00:00,10349.657120254264,0
2026-05-25 18:30:00+00:00,10349.657120254264,0
2026-05-25 18:45:00+00:00,10349.657120254264,0
2026-05-25 19:00:00+00:00,10349.657120254264,0
2026-05-25 19:15:00+00:00,10349.657120254264,0
2026-05-25 19:30:00+00:00,10349.657120254264,0
2026-05-25 19:45:00+00:00,10349.657120254264,0
2026-05-25 20:00:00+00:00,10349.657120254264,0
2026-05-25 20:15:00+00:00,10349.657120254264,0
2026-05-25 20:30:00+00:00,10349.657120254264,0
2026-05-25 20:45:00+00:00,10349.657120254264,0
2026-05-25 21:00:00+00:00,10349.657120254264,0
2026-05-25 21:15:00+00:00,10349.657120254264,0
2026-05-25 21:30:00+00:00,10349.657120254264,0
2026-05-25 21:45:00+00:00,10349.657120254264,0
2026-05-25 22:00:00+00:00,10349.657120254264,0
2026-05-25 22:15:00+00:00,10349.657120254264,0
2026-05-25 22:30:00+00:00,10349.657120254264,0
2026-05-25 22:45:00+00:00,10349.657120254264,0
2026-05-25 23:00:00+00:00,10349.657120254264,0
2026-05-25 23:15:00+00:00,10349.657120254264,0
2026-05-25 23:30:00+00:00,10349.657120254264,0
2026-05-25 23:45:00+00:00,10349.657120254264,0
2026-05-26 00:00:00+00:00,10349.657120254264,0
2026-05-26 00:15:00+00:00,10349.657120254264,0
2026-05-26 00:30:00+00:00,10349.657120254264,0
2026-05-26 00:45:00+00:00,10349.657120254264,0
2026-05-26 01:00:00+00:00,10349.657120254264,0
2026-05-26 01:15:00+00:00,10349.657120254264,0
2026-05-26 01:30:00+00:00,10349.657120254264,0
2026-05-26 01:45:00+00:00,10349.657120254264,0
2026-05-26 02:00:00+00:00,10349.657120254264,0
2026-05-26 02:15:00+00:00,10349.657120254264,0
2026-05-26 02:30:00+00:00,10349.657120254264,0
2026-05-26 02:45:00+00:00,10349.657120254264,0
2026-05-26 03:00:00+00:00,10349.657120254264,0
2026-05-26 03:15:00+00:00,10349.657120254264,0
2026-05-26 03:30:00+00:00,10349.657120254264,0
2026-05-26 03:45:00+00:00,10349.657120254264,0
2026-05-26 04:00:00+00:00,10349.657120254264,0
2026-05-26 04:15:00+00:00,10349.657120254264,0
2026-05-26 04:30:00+00:00,10349.657120254264,0
2026-05-26 04:45:00+00:00,10349.657120254264,0
2026-05-26 05:00:00+00:00,10349.657120254264,0
2026-05-26 05:15:00+00:00,10349.657120254264,0
2026-05-26 05:30:00+00:00,10349.657120254264,0
2026-05-26 05:45:00+00:00,10349.657120254264,0
2026-05-26 06:00:00+00:00,10349.657120254264,0
2026-05-26 06:15:00+00:00,10349.657120254264,0
2026-05-26 06:30:00+00:00,10349.657120254264,0
2026-05-26 06:45:00+00:00,10349.657120254264,0
2026-05-26 07:00:00+00:00,10349.657120254264,0
2026-05-26 07:15:00+00:00,10349.657120254264,0
2026-05-26 07:30:00+00:00,10349.657120254264,0
2026-05-26 07:45:00+00:00,10349.657120254264,0
2026-05-26 08:00:00+00:00,10359.229881721685,1
2026-05-26 08:15:00+00:00,10353.075963635485,1
2026-05-26 08:30:00+00:00,10363.65421442792,2
2026-05-26 08:45:00+00:00,10357.85786354934,2
2026-05-26 09:00:00+00:00,10363.663176067632,2
2026-05-26 09:15:00+00:00,10370.05795609728,3
2026-05-26 09:30:00+00:00,10352.08269661165,3
2026-05-26 09:45:00+00:00,10348.157491910737,3
2026-05-26 10:00:00+00:00,10368.51891549384,3
2026-05-26 10:15:00+00:00,10526.659496021633,3
2026-05-26 10:30:00+00:00,10403.24537313028,0
2026-05-26 10:45:00+00:00,10403.24537313028,0
2026-05-26 11:00:00+00:00,10403.24537313028,0
2026-05-26 11:15:00+00:00,10403.24537313028,0
2026-05-26 11:30:00+00:00,10403.24537313028,0
2026-05-26 11:45:00+00:00,10403.24537313028,0
2026-05-26 12:00:00+00:00,10403.24537313028,0
2026-05-26 12:15:00+00:00,10403.24537313028,0
2026-05-26 12:30:00+00:00,10403.24537313028,0
2026-05-26 12:45:00+00:00,10403.24537313028,0
2026-05-26 13:00:00+00:00,10403.24537313028,0
2026-05-26 13:15:00+00:00,10403.24537313028,0
2026-05-26 13:30:00+00:00,10403.24537313028,0
2026-05-26 13:45:00+00:00,10403.24537313028,0
2026-05-26 14:00:00+00:00,10403.24537313028,0
2026-05-26 14:15:00+00:00,10403.24537313028,0
2026-05-26 14:30:00+00:00,10403.24537313028,0
2026-05-26 14:45:00+00:00,10403.24537313028,0
2026-05-26 15:00:00+00:00,10403.24537313028,0
2026-05-26 15:15:00+00:00,10403.24537313028,0
2026-05-26 15:30:00+00:00,10403.24537313028,0
2026-05-26 15:45:00+00:00,10403.24537313028,0
2026-05-26 16:00:00+00:00,10403.24537313028,0
2026-05-26 16:15:00+00:00,10403.24537313028,0
2026-05-26 16:30:00+00:00,10403.24537313028,0
2026-05-26 16:45:00+00:00,10403.24537313028,0
2026-05-26 17:00:00+00:00,10403.24537313028,0
2026-05-26 17:15:00+00:00,10403.24537313028,0
2026-05-26 17:30:00+00:00,10403.24537313028,0
2026-05-26 17:45:00+00:00,10403.24537313028,0
2026-05-26 18:00:00+00:00,10403.24537313028,0
2026-05-26 18:15:00+00:00,10403.24537313028,0
2026-05-26 18:30:00+00:00,10403.24537313028,0
2026-05-26 18:45:00+00:00,10403.24537313028,0
2026-05-26 19:00:00+00:00,10403.24537313028,0
2026-05-26 19:15:00+00:00,10403.24537313028,0
2026-05-26 19:30:00+00:00,10403.24537313028,0
2026-05-26 19:45:00+00:00,10403.24537313028,0
2026-05-26 20:00:00+00:00,10403.24537313028,0
2026-05-26 20:15:00+00:00,10403.24537313028,0
2026-05-26 20:30:00+00:00,10403.24537313028,0
2026-05-26 20:45:00+00:00,10403.24537313028,0
2026-05-26 21:00:00+00:00,10403.24537313028,0
2026-05-26 21:15:00+00:00,10403.24537313028,0
2026-05-26 21:30:00+00:00,10403.24537313028,0
2026-05-26 21:45:00+00:00,10403.24537313028,0
2026-05-26 22:00:00+00:00,10403.24537313028,0
2026-05-26 22:15:00+00:00,10403.24537313028,0
2026-05-26 22:30:00+00:00,10403.24537313028,0
2026-05-26 22:45:00+00:00,10403.24537313028,0
2026-05-26 23:00:00+00:00,10403.24537313028,0
2026-05-26 23:15:00+00:00,10403.24537313028,0
2026-05-26 23:30:00+00:00,10403.24537313028,0
2026-05-26 23:45:00+00:00,10403.24537313028,0
2026-05-27 00:00:00+00:00,10403.24537313028,0
2026-05-27 00:15:00+00:00,10403.24537313028,0
2026-05-27 00:30:00+00:00,10403.24537313028,0
2026-05-27 00:45:00+00:00,10403.24537313028,0
2026-05-27 01:00:00+00:00,10403.24537313028,0
2026-05-27 01:15:00+00:00,10403.24537313028,0
2026-05-27 01:30:00+00:00,10403.24537313028,0
2026-05-27 01:45:00+00:00,10403.24537313028,0
2026-05-27 02:00:00+00:00,10403.24537313028,0
2026-05-27 02:15:00+00:00,10403.24537313028,0
2026-05-27 02:30:00+00:00,10403.24537313028,0
2026-05-27 02:45:00+00:00,10403.24537313028,0
2026-05-27 03:00:00+00:00,10403.24537313028,0
2026-05-27 03:15:00+00:00,10403.24537313028,0
2026-05-27 03:30:00+00:00,10403.24537313028,0
2026-05-27 03:45:00+00:00,10403.24537313028,0
2026-05-27 04:00:00+00:00,10403.24537313028,0
2026-05-27 04:15:00+00:00,10403.24537313028,0
2026-05-27 04:30:00+00:00,10403.24537313028,0
2026-05-27 04:45:00+00:00,10403.24537313028,0
2026-05-27 05:00:00+00:00,10403.24537313028,0
2026-05-27 05:15:00+00:00,10403.24537313028,0
2026-05-27 05:30:00+00:00,10403.24537313028,0
2026-05-27 05:45:00+00:00,10403.24537313028,0
2026-05-27 06:00:00+00:00,10403.24537313028,0
2026-05-27 06:15:00+00:00,10403.24537313028,0
2026-05-27 06:30:00+00:00,10403.24537313028,0
2026-05-27 06:45:00+00:00,10403.24537313028,0
2026-05-27 07:00:00+00:00,10403.24537313028,0
2026-05-27 07:15:00+00:00,10403.24537313028,0
2026-05-27 07:30:00+00:00,10403.24537313028,0
2026-05-27 07:45:00+00:00,10403.24537313028,0
2026-05-27 08:00:00+00:00,10403.24537313028,0
2026-05-27 08:15:00+00:00,10403.24537313028,0
2026-05-27 08:30:00+00:00,10403.24537313028,0
2026-05-27 08:45:00+00:00,10403.24537313028,0
2026-05-27 09:00:00+00:00,10403.24537313028,0
2026-05-27 09:15:00+00:00,10403.24537313028,0
2026-05-27 09:30:00+00:00,10403.24537313028,0
2026-05-27 09:45:00+00:00,10403.24537313028,0
2026-05-27 10:00:00+00:00,10403.24537313028,0
2026-05-27 10:15:00+00:00,10403.24537313028,0
2026-05-27 10:30:00+00:00,10403.24537313028,0
2026-05-27 10:45:00+00:00,10403.24537313028,0
2026-05-27 11:00:00+00:00,10403.24537313028,0
2026-05-27 11:15:00+00:00,10403.24537313028,0
2026-05-27 11:30:00+00:00,10403.24537313028,0
2026-05-27 11:45:00+00:00,10403.24537313028,0
2026-05-27 12:00:00+00:00,10403.24537313028,0
2026-05-27 12:15:00+00:00,10403.24537313028,0
2026-05-27 12:30:00+00:00,10403.24537313028,0
2026-05-27 12:45:00+00:00,10403.24537313028,0
2026-05-27 13:00:00+00:00,10403.24537313028,0
2026-05-27 13:15:00+00:00,10403.24537313028,0
2026-05-27 13:30:00+00:00,10403.24537313028,0
2026-05-27 13:45:00+00:00,10403.24537313028,0
2026-05-27 14:00:00+00:00,10403.24537313028,0
2026-05-27 14:15:00+00:00,10403.24537313028,0
2026-05-27 14:30:00+00:00,10403.24537313028,0
2026-05-27 14:45:00+00:00,10403.24537313028,0
2026-05-27 15:00:00+00:00,10403.24537313028,0
2026-05-27 15:15:00+00:00,10403.24537313028,0
2026-05-27 15:30:00+00:00,10403.24537313028,0
2026-05-27 15:45:00+00:00,10403.24537313028,0
2026-05-27 16:00:00+00:00,10403.24537313028,0
2026-05-27 16:15:00+00:00,10403.24537313028,0
2026-05-27 16:30:00+00:00,10403.24537313028,0
2026-05-27 16:45:00+00:00,10403.24537313028,0
2026-05-27 17:00:00+00:00,10403.24537313028,0
2026-05-27 17:15:00+00:00,10403.24537313028,0
2026-05-27 17:30:00+00:00,10403.24537313028,0
2026-05-27 17:45:00+00:00,10403.24537313028,0
2026-05-27 18:00:00+00:00,10403.24537313028,0
2026-05-27 18:15:00+00:00,10403.24537313028,0
2026-05-27 18:30:00+00:00,10403.24537313028,0
2026-05-27 18:45:00+00:00,10403.24537313028,0
2026-05-27 19:00:00+00:00,10403.24537313028,0
2026-05-27 19:15:00+00:00,10403.24537313028,0
2026-05-27 19:30:00+00:00,10403.24537313028,0
2026-05-27 19:45:00+00:00,10403.24537313028,0
2026-05-27 20:00:00+00:00,10403.24537313028,0
2026-05-27 20:15:00+00:00,10403.24537313028,0
2026-05-27 20:30:00+00:00,10403.24537313028,0
2026-05-27 20:45:00+00:00,10403.24537313028,0
2026-05-27 21:00:00+00:00,10403.24537313028,0
2026-05-27 21:15:00+00:00,10403.24537313028,0
2026-05-27 21:30:00+00:00,10403.24537313028,0
2026-05-27 21:45:00+00:00,10403.24537313028,0
2026-05-27 22:00:00+00:00,10403.24537313028,0
2026-05-27 22:15:00+00:00,10403.24537313028,0
2026-05-27 22:30:00+00:00,10403.24537313028,0
2026-05-27 22:45:00+00:00,10403.24537313028,0
2026-05-27 23:00:00+00:00,10403.24537313028,0
2026-05-27 23:15:00+00:00,10403.24537313028,0
2026-05-27 23:30:00+00:00,10403.24537313028,0
2026-05-27 23:45:00+00:00,10403.24537313028,0
2026-05-28 00:00:00+00:00,10403.24537313028,0
2026-05-28 00:15:00+00:00,10403.24537313028,0
2026-05-28 00:30:00+00:00,10403.24537313028,0
2026-05-28 00:45:00+00:00,10403.24537313028,0
2026-05-28 01:00:00+00:00,10403.24537313028,0
2026-05-28 01:15:00+00:00,10403.24537313028,0
2026-05-28 01:30:00+00:00,10403.24537313028,0
2026-05-28 01:45:00+00:00,10403.24537313028,0
2026-05-28 02:00:00+00:00,10403.24537313028,0
2026-05-28 02:15:00+00:00,10403.24537313028,0
2026-05-28 02:30:00+00:00,10403.24537313028,0
2026-05-28 02:45:00+00:00,10403.24537313028,0
2026-05-28 03:00:00+00:00,10403.24537313028,0
2026-05-28 03:15:00+00:00,10403.24537313028,0
2026-05-28 03:30:00+00:00,10403.24537313028,0
2026-05-28 03:45:00+00:00,10403.24537313028,0
2026-05-28 04:00:00+00:00,10403.24537313028,0
2026-05-28 04:15:00+00:00,10403.24537313028,0
2026-05-28 04:30:00+00:00,10403.24537313028,0
2026-05-28 04:45:00+00:00,10403.24537313028,0
2026-05-28 05:00:00+00:00,10403.24537313028,0
2026-05-28 05:15:00+00:00,10403.24537313028,0
2026-05-28 05:30:00+00:00,10403.24537313028,0
2026-05-28 05:45:00+00:00,10403.24537313028,0
2026-05-28 06:00:00+00:00,10403.24537313028,0
2026-05-28 06:15:00+00:00,10403.24537313028,0
2026-05-28 06:30:00+00:00,10403.24537313028,0
2026-05-28 06:45:00+00:00,10403.24537313028,0
2026-05-28 07:00:00+00:00,10403.24537313028,0
2026-05-28 07:15:00+00:00,10433.290212685784,3
2026-05-28 07:30:00+00:00,10499.498552815092,3
2026-05-28 07:45:00+00:00,10495.361839887342,3
2026-05-28 08:00:00+00:00,10485.208162974788,3
2026-05-28 08:15:00+00:00,10418.706116076833,3
2026-05-28 08:30:00+00:00,10422.35508119369,3
2026-05-28 08:45:00+00:00,10426.622409929156,3
2026-05-28 09:00:00+00:00,10440.558154535336,3
2026-05-28 09:15:00+00:00,10480.441651672996,3
2026-05-28 09:30:00+00:00,10487.47066814349,3
2026-05-28 09:45:00+00:00,10497.534633321484,3
2026-05-28 10:00:00+00:00,10497.4678035786,3
2026-05-28 10:15:00+00:00,10452.911132822517,3
2026-05-28 10:30:00+00:00,10464.630610851522,3
2026-05-28 10:45:00+00:00,10401.996394845359,3
2026-05-28 11:00:00+00:00,10414.091919336566,3
2026-05-28 11:15:00+00:00,10386.153847033576,3
2026-05-28 11:30:00+00:00,10415.67652724946,3
2026-05-28 11:45:00+00:00,10421.228973364383,3
2026-05-28 12:00:00+00:00,10392.410850215436,3
2026-05-28 12:15:00+00:00,10362.885050386181,3
2026-05-28 12:30:00+00:00,10430.693913267454,3
2026-05-28 12:45:00+00:00,10444.31063291782,3
2026-05-28 13:00:00+00:00,10404.030276576188,3
2026-05-28 13:15:00+00:00,10403.693558491974,3
2026-05-28 13:30:00+00:00,10275.469928344257,2
2026-05-28 13:45:00+00:00,10317.086848366449,2
2026-05-28 14:00:00+00:00,10161.905606054082,0
2026-05-28 14:15:00+00:00,10161.905606054082,0
2026-05-28 14:30:00+00:00,10161.905606054082,0
2026-05-28 14:45:00+00:00,10161.905606054082,0
2026-05-28 15:00:00+00:00,10161.905606054082,0
2026-05-28 15:15:00+00:00,10161.905606054082,0
2026-05-28 15:30:00+00:00,10161.905606054082,0
2026-05-28 15:45:00+00:00,10161.905606054082,0
2026-05-28 16:00:00+00:00,10161.905606054082,0
2026-05-28 16:15:00+00:00,10161.905606054082,0
2026-05-28 16:30:00+00:00,10161.905606054082,0
2026-05-28 16:45:00+00:00,10161.905606054082,0
2026-05-28 17:00:00+00:00,10161.905606054082,0
2026-05-28 17:15:00+00:00,10161.905606054082,0
2026-05-28 17:30:00+00:00,10161.905606054082,0
2026-05-28 17:45:00+00:00,10161.905606054082,0
2026-05-28 18:00:00+00:00,10161.905606054082,0
2026-05-28 18:15:00+00:00,10161.905606054082,0
2026-05-28 18:30:00+00:00,10161.905606054082,0
2026-05-28 18:45:00+00:00,10161.905606054082,0
2026-05-28 19:00:00+00:00,10161.905606054082,0
2026-05-28 19:15:00+00:00,10161.905606054082,0
2026-05-28 19:30:00+00:00,10161.905606054082,0
2026-05-28 19:45:00+00:00,10161.905606054082,0
2026-05-28 20:00:00+00:00,10161.905606054082,0
2026-05-28 20:15:00+00:00,10161.905606054082,0
2026-05-28 20:30:00+00:00,10161.905606054082,0
2026-05-28 20:45:00+00:00,10161.905606054082,0
2026-05-28 21:00:00+00:00,10161.905606054082,0
2026-05-28 21:15:00+00:00,10161.905606054082,0
2026-05-28 21:30:00+00:00,10161.905606054082,0
2026-05-28 21:45:00+00:00,10161.905606054082,0
2026-05-28 22:00:00+00:00,10153.013098667952,1
2026-05-28 22:15:00+00:00,10134.544044865996,1
2026-05-28 22:30:00+00:00,10117.44306912344,1
2026-05-28 22:45:00+00:00,10127.019615539271,1
2026-05-28 23:00:00+00:00,10143.436552252122,1
2026-05-28 23:15:00+00:00,10150.960981578848,1
2026-05-28 23:30:00+00:00,10137.280200984804,1
2026-05-28 23:45:00+00:00,10131.807888747186,1
2026-05-29 00:00:00+00:00,10149.592903519442,1
2026-05-29 00:15:00+00:00,10150.276942549144,1
2026-05-29 00:30:00+00:00,10158.485410905572,1
2026-05-29 00:45:00+00:00,10156.433293816464,1
2026-05-29 01:00:00+00:00,10154.381176727358,1
2026-05-29 01:15:00+00:00,10131.123849717484,1
2026-05-29 01:30:00+00:00,10131.807888747186,1
2026-05-29 01:45:00+00:00,10131.123849717484,1
2026-05-29 02:00:00+00:00,10132.491927776888,1
2026-05-29 02:15:00+00:00,10092.2222913537,0
2026-05-29 02:30:00+00:00,10092.2222913537,0
2026-05-29 02:45:00+00:00,10092.2222913537,0
2026-05-29 03:00:00+00:00,10092.2222913537,0
2026-05-29 03:15:00+00:00,10092.2222913537,0
2026-05-29 03:30:00+00:00,10092.2222913537,0
2026-05-29 03:45:00+00:00,10092.2222913537,0
2026-05-29 04:00:00+00:00,10092.2222913537,0
2026-05-29 04:15:00+00:00,10092.2222913537,0
2026-05-29 04:30:00+00:00,10092.2222913537,0
2026-05-29 04:45:00+00:00,10092.2222913537,0
2026-05-29 05:00:00+00:00,10092.2222913537,0
2026-05-29 05:15:00+00:00,10092.2222913537,0
2026-05-29 05:30:00+00:00,10092.2222913537,0
2026-05-29 05:45:00+00:00,10092.2222913537,0
2026-05-29 06:00:00+00:00,10092.2222913537,0
2026-05-29 06:15:00+00:00,10092.2222913537,0
2026-05-29 06:30:00+00:00,10092.2222913537,0
2026-05-29 06:45:00+00:00,10092.2222913537,0
2026-05-29 07:00:00+00:00,10092.2222913537,0
2026-05-29 07:15:00+00:00,10092.2222913537,0
2026-05-29 07:30:00+00:00,10092.2222913537,0
2026-05-29 07:45:00+00:00,10092.2222913537,0
2026-05-29 08:00:00+00:00,10092.2222913537,0
2026-05-29 08:15:00+00:00,10092.2222913537,0
2026-05-29 08:30:00+00:00,10092.2222913537,0
2026-05-29 08:45:00+00:00,10081.257564506732,1
2026-05-29 09:00:00+00:00,10105.009049961589,1
2026-05-29 09:15:00+00:00,10112.167031879493,1
2026-05-29 09:30:00+00:00,10104.195642925464,1
2026-05-29 09:45:00+00:00,10108.653113483431,1
2026-05-29 10:00:00+00:00,10106.50571890806,1
2026-05-29 10:15:00+00:00,10100.030998900504,1
2026-05-29 10:30:00+00:00,10095.768746031206,1
2026-05-29 10:45:00+00:00,10096.582153067331,1
2026-05-29 11:00:00+00:00,10100.616651966513,1
2026-05-29 11:15:00+00:00,10094.467294773405,1
2026-05-29 11:30:00+00:00,10084.088220992448,1
2026-05-29 11:45:00+00:00,10085.490693631222,2
2026-05-29 12:00:00+00:00,10037.164370454691,1
2026-05-29 12:15:00+00:00,10034.162644144675,1
2026-05-29 12:30:00+00:00,10016.7839911013,0
2026-05-29 12:45:00+00:00,10016.7839911013,0
2026-05-29 13:00:00+00:00,10016.7839911013,0
2026-05-29 13:15:00+00:00,10016.7839911013,0
2026-05-29 13:30:00+00:00,10016.7839911013,0
2026-05-29 13:45:00+00:00,10016.7839911013,0
2026-05-29 14:00:00+00:00,10016.7839911013,0
2026-05-29 14:15:00+00:00,10016.7839911013,0
2026-05-29 14:30:00+00:00,10016.7839911013,0
2026-05-29 14:45:00+00:00,10016.7839911013,0
2026-05-29 15:00:00+00:00,10016.7839911013,0
2026-05-29 15:15:00+00:00,10016.7839911013,0
2026-05-29 15:30:00+00:00,10016.7839911013,0
2026-05-29 15:45:00+00:00,10016.7839911013,0
2026-05-29 16:00:00+00:00,10016.7839911013,0
2026-05-29 16:15:00+00:00,10016.7839911013,0
2026-05-29 16:30:00+00:00,10016.7839911013,0
2026-05-29 16:45:00+00:00,10016.7839911013,0
2026-05-29 17:00:00+00:00,10016.7839911013,0
2026-05-29 17:15:00+00:00,10016.7839911013,0
2026-05-29 17:30:00+00:00,10016.7839911013,0
2026-05-29 17:45:00+00:00,10016.7839911013,0
2026-05-29 18:00:00+00:00,10016.7839911013,0
2026-05-29 18:15:00+00:00,10016.7839911013,0
2026-05-29 18:30:00+00:00,10016.7839911013,0
2026-05-29 18:45:00+00:00,10016.7839911013,0
2026-05-29 19:00:00+00:00,10016.7839911013,0
2026-05-29 19:15:00+00:00,10016.7839911013,0
2026-05-29 19:30:00+00:00,10016.7839911013,0
2026-05-29 19:45:00+00:00,10016.7839911013,0
2026-05-29 20:00:00+00:00,10016.7839911013,0
2026-05-29 20:15:00+00:00,10017.297095503398,1
2026-05-29 20:30:00+00:00,10024.480557132792,1
2026-05-29 20:45:00+00:00,10018.323304307598,1
2026-05-29 21:00:00+00:00,10052.548438898168,2
2026-05-29 21:15:00+00:00,10007.548111863507,2
2026-05-29 21:30:00+00:00,10020.533328688745,2
2026-05-29 21:45:00+00:00,9978.16606942433,2
2026-05-29 22:00:00+00:00,9982.874070056227,2
2026-05-29 22:15:00+00:00,10017.567278542398,2
2026-05-29 22:30:00+00:00,10007.615657623255,2
2026-05-29 22:45:00+00:00,10014.8666650124,2
2026-05-29 23:00:00+00:00,10035.413356349634,2
2026-05-29 23:15:00+00:00,10017.675108385998,2
2026-05-29 23:30:00+00:00,10031.641503508936,2
2026-05-29 23:45:00+00:00,10063.166024569511,2
2026-05-30 00:00:00+00:00,10087.57462976044,2
2026-05-30 00:15:00+00:00,10061.26388043719,0
2026-05-30 00:30:00+00:00,10061.26388043719,0
2026-05-30 00:45:00+00:00,10061.26388043719,0
2026-05-30 01:00:00+00:00,10061.26388043719,0
2026-05-30 01:15:00+00:00,10061.26388043719,0
2026-05-30 01:30:00+00:00,10061.26388043719,0
2026-05-30 01:45:00+00:00,10061.26388043719,0
2026-05-30 02:00:00+00:00,10061.26388043719,0
2026-05-30 02:15:00+00:00,10061.26388043719,0
2026-05-30 02:30:00+00:00,10061.26388043719,0
2026-05-30 02:45:00+00:00,10061.26388043719,0
2026-05-30 03:00:00+00:00,10061.26388043719,0
2026-05-30 03:15:00+00:00,10061.26388043719,0
2026-05-30 03:30:00+00:00,10061.26388043719,0
2026-05-30 03:45:00+00:00,10061.26388043719,0
2026-05-30 04:00:00+00:00,10061.26388043719,0
2026-05-30 04:15:00+00:00,10061.26388043719,0
2026-05-30 04:30:00+00:00,10061.26388043719,0
2026-05-30 04:45:00+00:00,10061.26388043719,0
2026-05-30 05:00:00+00:00,10061.26388043719,0
2026-05-30 05:15:00+00:00,10061.26388043719,0
2026-05-30 05:30:00+00:00,10061.26388043719,0
2026-05-30 05:45:00+00:00,10061.26388043719,0
2026-05-30 06:00:00+00:00,10061.26388043719,0
2026-05-30 06:15:00+00:00,10061.26388043719,0
2026-05-30 06:30:00+00:00,10061.26388043719,0
2026-05-30 06:45:00+00:00,10061.26388043719,0
2026-05-30 07:00:00+00:00,10061.26388043719,0
2026-05-30 07:15:00+00:00,10061.26388043719,0
2026-05-30 07:30:00+00:00,10061.26388043719,0
2026-05-30 07:45:00+00:00,10069.261185748122,1
2026-05-30 08:00:00+00:00,10065.391521887996,1
2026-05-30 08:15:00+00:00,10065.552757882167,1
2026-05-30 08:30:00+00:00,10064.61758911597,1
2026-05-30 08:45:00+00:00,10063.263206764925,1
2026-05-30 09:00:00+00:00,10067.713320204071,1
2026-05-30 09:15:00+00:00,10069.422421742296,1
2026-05-30 09:30:00+00:00,10068.358264180759,1
2026-05-30 09:45:00+00:00,10070.486579303832,1
2026-05-30 10:00:00+00:00,10072.711636023405,1
2026-05-30 10:15:00+00:00,10077.774446240406,1
2026-05-30 10:30:00+00:00,10081.547368504032,1
2026-05-30 10:45:00+00:00,10075.130175935985,1
2026-05-30 11:00:00+00:00,10070.873545689843,1
2026-05-30 11:15:00+00:00,10070.26084891199,1
2026-05-30 11:30:00+00:00,10076.968266269547,1
2026-05-30 11:45:00+00:00,10073.646804789603,1
2026-05-30 12:00:00+00:00,10072.582647228066,1
2026-05-30 12:15:00+00:00,10077.387479854393,1
2026-05-30 12:30:00+00:00,10074.872198345309,1
2026-05-30 12:45:00+00:00,10081.063660521515,1
2026-05-30 13:00:00+00:00,10081.966582088879,1
2026-05-30 13:15:00+00:00,10083.546694831764,1
2026-05-30 13:30:00+00:00,10080.644446936667,1
2026-05-30 13:45:00+00:00,10083.643436428267,1
2026-05-30 14:00:00+00:00,10078.74675945764,0
2026-05-30 14:15:00+00:00,10078.74675945764,0
2026-05-30 14:30:00+00:00,10078.74675945764,0
2026-05-30 14:45:00+00:00,10078.74675945764,0
2026-05-30 15:00:00+00:00,10078.74675945764,0
2026-05-30 15:15:00+00:00,10078.74675945764,0
2026-05-30 15:30:00+00:00,10078.74675945764,0
2026-05-30 15:45:00+00:00,10078.74675945764,0
2026-05-30 16:00:00+00:00,10078.74675945764,0
2026-05-30 16:15:00+00:00,10078.74675945764,0
2026-05-30 16:30:00+00:00,10078.74675945764,0
2026-05-30 16:45:00+00:00,10078.74675945764,0
2026-05-30 17:00:00+00:00,10078.74675945764,0
2026-05-30 17:15:00+00:00,10078.74675945764,0
2026-05-30 17:30:00+00:00,10078.74675945764,0
2026-05-30 17:45:00+00:00,10078.74675945764,0
2026-05-30 18:00:00+00:00,10078.74675945764,0
2026-05-30 18:15:00+00:00,10078.74675945764,0
2026-05-30 18:30:00+00:00,10078.74675945764,0
2026-05-30 18:45:00+00:00,10078.74675945764,0
2026-05-30 19:00:00+00:00,10078.74675945764,0
2026-05-30 19:15:00+00:00,10078.74675945764,0
2026-05-30 19:30:00+00:00,10078.74675945764,0
2026-05-30 19:45:00+00:00,10078.74675945764,0
2026-05-30 20:00:00+00:00,10078.74675945764,0
2026-05-30 20:15:00+00:00,10078.74675945764,0
2026-05-30 20:30:00+00:00,10078.74675945764,0
2026-05-30 20:45:00+00:00,10078.74675945764,0
2026-05-30 21:00:00+00:00,10078.74675945764,0
2026-05-30 21:15:00+00:00,10078.74675945764,0
2026-05-30 21:30:00+00:00,10078.74675945764,0
2026-05-30 21:45:00+00:00,10078.74675945764,0
2026-05-30 22:00:00+00:00,10078.74675945764,0
2026-05-30 22:15:00+00:00,10078.74675945764,0
2026-05-30 22:30:00+00:00,10078.74675945764,0
2026-05-30 22:45:00+00:00,10078.74675945764,0
2026-05-30 23:00:00+00:00,10078.74675945764,0
2026-05-30 23:15:00+00:00,10078.74675945764,0
2026-05-30 23:30:00+00:00,10078.74675945764,0
2026-05-30 23:45:00+00:00,10078.74675945764,0
2026-05-31 00:00:00+00:00,10078.74675945764,0
