id,symbol,timeframe,data_type,rows_existing,rows_fetched,rows_final,gaps_found,status,issues,fetched_at
65004,BNBUSDT,1m,ohlcv,60731,13,60741,0,ok,"",2026-07-21 14:34:29.298772+00
65003,XRPUSDT,1m,ohlcv,60730,13,60740,0,ok,"",2026-07-21 14:33:30.805101+00
65002,BTCUSDT,15m,ohlcv,124570,4,124571,0,ok,"",2026-07-21 14:33:06.044707+00
65001,SOLUSDT,1m,ohlcv,60729,13,60739,0,ok,"",2026-07-21 14:32:42.893258+00
65000,ETHUSDT,1m,ohlcv,57545,8,57550,0,ok,"",2026-07-21 14:31:50.902188+00
64999,BTCUSDT,30m,ohlcv,62285,4,62286,0,ok,"",2026-07-21 14:31:25.878747+00
64998,BTCUSDT,1m,ohlcv,60738,5,60740,0,ok,"",2026-07-21 14:31:01.743214+00
64997,BTCUSDT,1h,ohlcv,31143,3,31143,0,ok,"",2026-07-21 14:30:34.02321+00
64996,BTCUSDT,4h,ohlcv,7786,3,7786,0,ok,"",2026-07-21 14:30:02.319179+00
64995,BTCUSDT,1m,ohlcv,60735,6,60738,0,ok,"",2026-07-21 14:29:27.456627+00
64994,BTCUSDT,1h,ohlcv,31143,3,31143,0,ok,"",2026-07-21 14:28:01.614497+00
64993,BTCUSDT,4h,ohlcv,7786,3,7786,0,ok,"",2026-07-21 14:27:17.212206+00
64992,ETHUSDT,1m,ohlcv,57454,0,0,0,error,"Failed after 6 attempts: HTTPSConnectionPool(host='api.bybit.com', port=443): Max retries exceeded with url: /v5/market/kline?category=linear&symbol=ETHUSDT&interval=1&start=1784638380000&end=1784641989055&limit=1000 (Caused by ConnectTimeoutError(<HTTPSConnection(host='api.bybit.com', port=443) at 0x795febfac8d0>, 'Connection to api.bybit.com timed out. (connect timeout=60)'))",2026-07-21 14:18:12.742101+00
64991,BTCUSDT,1h,ohlcv,31141,0,0,0,error,"Failed after 6 attempts: HTTPSConnectionPool(host='api.bybit.com', port=443): Max retries exceeded with url: /v5/market/kline?category=linear&symbol=BTCUSDT&interval=60&start=1784628000000&end=1784641944459&limit=1000 (Caused by ConnectTimeoutError(<HTTPSConnection(host='api.bybit.com', port=443) at 0x74a8af380dd0>, 'Connection to api.bybit.com timed out. (connect timeout=60)'))",2026-07-21 14:17:29.433676+00
64990,BTCUSDT,1m,ohlcv,60650,0,0,0,error,"Failed after 6 attempts: HTTPSConnectionPool(host='api.bybit.com', port=443): Max retries exceeded with url: /v5/market/kline?category=linear&symbol=BTCUSDT&interval=1&start=1784638680000&end=1784640485053&limit=1000 (Caused by ConnectTimeoutError(<HTTPSConnection(host='api.bybit.com', port=443) at 0x795febfa8490>, 'Connection to api.bybit.com timed out. (connect timeout=60)'))",2026-07-21 13:53:08.875213+00
64989,BTCUSDT,4h,ohlcv,7785,0,0,0,error,"Failed after 6 attempts: HTTPSConnectionPool(host='api.bybit.com', port=443): Max retries exceeded with url: /v5/market/kline?category=linear&symbol=BTCUSDT&interval=240&start=1784592000000&end=1784640437990&limit=1000 (Caused by ConnectTimeoutError(<HTTPSConnection(host='api.bybit.com', port=443) at 0x74a8af392c10>, 'Connection to api.bybit.com timed out. (connect timeout=60)'))",2026-07-21 13:52:23.387306+00
64988,XRPUSDT,15m,ohlcv,124562,6,124565,0,ok,"",2026-07-21 13:13:11.066866+00
64987,BTCUSDT,1m,ohlcv,60650,13,60660,0,quarantined,Data is stale: last candle 3 min ago,2026-07-21 13:13:00.563221+00
64986,DOGEUSDT,1m,ohlcv,60647,12,60656,0,quarantined,Data is stale: last candle 3 min ago,2026-07-21 13:10:52.066345+00
64985,SOLUSDT,15m,ohlcv,124562,6,124565,0,ok,"",2026-07-21 13:08:41.382143+00
64984,BNBUSDT,1m,ohlcv,60646,11,60654,0,quarantined,Data is stale: last candle 3 min ago,2026-07-21 13:08:37.728178+00
64983,XRPUSDT,1m,ohlcv,60645,10,60652,0,quarantined,Data is stale: last candle 2 min ago,2026-07-21 13:06:28.017157+00
64982,SOLUSDT,1m,ohlcv,60644,10,60651,0,ok,"",2026-07-21 13:04:46.814098+00
64981,ETHUSDT,15m,ohlcv,124561,7,124565,0,ok,"",2026-07-21 13:04:31.475091+00
64980,ETHUSDT,1m,ohlcv,57454,9,57460,0,quarantined,Data is stale: last candle 2 min ago,2026-07-21 13:03:15.409915+00
64979,BTCUSDT,1m,ohlcv,60644,9,60650,0,ok,"",2026-07-21 13:01:32.20061+00
64978,BTCUSDT,15m,ohlcv,124561,6,124564,0,ok,"",2026-07-21 13:00:47.513085+00
64977,DOGEUSDT,1m,ohlcv,60641,9,60647,0,ok,"",2026-07-21 13:00:17.306857+00
64976,BNBUSDT,1m,ohlcv,60640,9,60646,0,ok,"",2026-07-21 12:59:03.980738+00
64975,DOGEUSDT,5m,ohlcv,373678,16,373691,0,ok,"",2026-07-21 12:58:34.462945+00
64974,XRPUSDT,1m,ohlcv,60639,9,60645,0,ok,"",2026-07-21 12:58:03.235095+00
64973,SOLUSDT,1m,ohlcv,60638,9,60644,0,ok,"",2026-07-21 12:57:03.109094+00
64972,ETHUSDT,1m,ohlcv,57448,9,57454,0,ok,"",2026-07-21 12:56:02.675211+00
64971,BTCUSDT,1m,ohlcv,60638,8,60643,0,quarantined,Data is stale: last candle 2 min ago,2026-07-21 12:55:02.518253+00
64970,DOGEUSDT,1m,ohlcv,60635,8,60640,0,ok,"",2026-07-21 12:53:58.119946+00
64969,BNBUSDT,1m,ohlcv,60634,8,60639,0,ok,"",2026-07-21 12:52:54.975729+00
64968,XRPUSDT,1m,ohlcv,60632,9,60638,0,ok,"",2026-07-21 12:51:53.164675+00
64967,BNBUSDT,5m,ohlcv,373680,13,373690,0,ok,"",2026-07-21 12:51:43.214337+00
64966,SOLUSDT,1m,ohlcv,60631,9,60637,0,ok,"",2026-07-21 12:50:50.048994+00
64965,ETHUSDT,1m,ohlcv,57441,9,57447,0,ok,"",2026-07-21 12:49:49.429854+00
64964,BTCUSDT,1m,ohlcv,60631,9,60637,0,ok,"",2026-07-21 12:48:45.936357+00
64963,DOGEUSDT,1m,ohlcv,60628,9,60634,0,ok,"",2026-07-21 12:47:44.595226+00
64962,BNBUSDT,1m,ohlcv,60627,9,60633,0,ok,"",2026-07-21 12:46:36.48306+00
64961,XRPUSDT,1m,ohlcv,60626,9,60632,0,ok,"",2026-07-21 12:45:37.295113+00
64960,XRPUSDT,5m,ohlcv,373679,12,373688,0,quarantined,Data is stale: last candle 10 min ago,2026-07-21 12:45:25.712803+00
64959,SOLUSDT,1m,ohlcv,60625,9,60631,0,ok,"",2026-07-21 12:44:33.373326+00
64958,ETHUSDT,1m,ohlcv,57435,9,57441,0,ok,"",2026-07-21 12:43:27.80574+00
64957,BTCUSDT,1m,ohlcv,60625,9,60631,0,ok,"",2026-07-21 12:42:27.875589+00
64956,DOGEUSDT,1m,ohlcv,60622,9,60628,0,ok,"",2026-07-21 12:41:26.558111+00
64955,BNBUSDT,1m,ohlcv,60621,9,60627,0,ok,"",2026-07-21 12:40:17.630089+00
64954,XRPUSDT,1m,ohlcv,60619,10,60626,0,ok,"",2026-07-21 12:39:18.706888+00
64953,SOLUSDT,5m,ohlcv,373678,12,373687,0,ok,"",2026-07-21 12:39:02.528843+00
64952,SOLUSDT,1m,ohlcv,60618,10,60625,0,ok,"",2026-07-21 12:38:12.453684+00
64951,ETHUSDT,1m,ohlcv,57428,10,57435,0,ok,"",2026-07-21 12:37:08.949195+00
64950,BTCUSDT,1m,ohlcv,60618,10,60625,0,ok,"",2026-07-21 12:36:09.274984+00
64949,DOGEUSDT,1m,ohlcv,60615,10,60622,0,ok,"",2026-07-21 12:35:10.285308+00
64948,BNBUSDT,1m,ohlcv,60614,10,60621,0,ok,"",2026-07-21 12:34:06.298162+00
64947,XRPUSDT,1m,ohlcv,60613,9,60619,0,quarantined,Data is stale: last candle 2 min ago,2026-07-21 12:33:07.256197+00
64946,ETHUSDT,5m,ohlcv,373674,15,373686,0,ok,"",2026-07-21 12:32:41.025228+00
64945,SOLUSDT,1m,ohlcv,60612,9,60618,0,ok,"",2026-07-21 12:31:57.122199+00
64944,ETHUSDT,1m,ohlcv,57422,9,57428,0,ok,"",2026-07-21 12:30:50.97832+00
64943,BTCUSDT,1m,ohlcv,60612,9,60618,0,ok,"",2026-07-21 12:29:49.726621+00
64942,DOGEUSDT,1m,ohlcv,60608,10,60615,0,ok,"",2026-07-21 12:28:42.858192+00
64941,BNBUSDT,1m,ohlcv,60607,10,60614,0,ok,"",2026-07-21 12:27:28.892254+00
64940,XRPUSDT,1m,ohlcv,60606,10,60613,0,ok,"",2026-07-21 12:26:25.516048+00
64939,BTCUSDT,5m,ohlcv,373675,12,373684,0,quarantined,Data is stale: last candle 11 min ago,2026-07-21 12:26:09.124908+00
64938,SOLUSDT,1m,ohlcv,60605,10,60612,0,ok,"",2026-07-21 12:25:22.35737+00
64937,ETHUSDT,1m,ohlcv,57415,10,57422,0,ok,"",2026-07-21 12:24:18.94818+00
64936,BTCUSDT,1m,ohlcv,60605,10,60612,0,ok,"",2026-07-21 12:23:12.629253+00
64935,DOGEUSDT,1m,ohlcv,60601,10,60608,0,quarantined,Data is stale: last candle 2 min ago,2026-07-21 12:22:01.54587+00
64934,BNBUSDT,1m,ohlcv,60600,10,60607,0,ok,"",2026-07-21 12:20:52.592158+00
64933,XRPUSDT,1m,ohlcv,60599,10,60606,0,ok,"",2026-07-21 12:19:43.364997+00
64932,DOGEUSDT,snapshot,orderbook,,100,,0,ok,"",2026-07-21 12:18:55.897208+00
64931,BNBUSDT,snapshot,orderbook,,100,,0,ok,"",2026-07-21 12:18:53.751171+00
64930,XRPUSDT,snapshot,orderbook,,100,,0,ok,"",2026-07-21 12:18:51.704856+00
64929,SOLUSDT,snapshot,orderbook,,100,,0,ok,"",2026-07-21 12:18:49.657797+00
64928,ETHUSDT,snapshot,orderbook,,100,,0,ok,"",2026-07-21 12:18:47.939299+00
64927,BTCUSDT,snapshot,orderbook,,100,,0,ok,"",2026-07-21 12:18:45.899752+00
64926,DOGEUSDT,1h,open_interest_1h,31233,200,31234,0,ok,"",2026-07-21 12:18:44.072784+00
64925,BNBUSDT,1h,open_interest_1h,31233,200,31234,0,ok,"",2026-07-21 12:18:42.46988+00
64924,XRPUSDT,1h,open_interest_1h,31233,200,31234,0,ok,"",2026-07-21 12:18:40.338304+00
64923,SOLUSDT,1h,open_interest_1h,31233,200,31234,0,ok,"",2026-07-21 12:18:37.477677+00
64922,ETHUSDT,1h,open_interest_1h,31233,200,31234,0,ok,"",2026-07-21 12:18:34.52163+00
64921,BTCUSDT,1h,open_interest_1h,31233,200,31234,0,ok,"",2026-07-21 12:18:32.617947+00
64920,DOGEUSDT,8h,funding_rate,3929,200,3929,0,ok,"",2026-07-21 12:18:29.103436+00
64919,BNBUSDT,8h,funding_rate,3929,200,3929,0,ok,"",2026-07-21 12:18:27.005842+00
64918,XRPUSDT,8h,funding_rate,3929,200,3929,0,ok,"",2026-07-21 12:18:24.90084+00
64917,SOLUSDT,8h,funding_rate,3929,200,3929,0,ok,"",2026-07-21 12:18:22.30284+00
64916,ETHUSDT,8h,funding_rate,3929,200,3929,0,ok,"",2026-07-21 12:18:20.346424+00
64915,BTCUSDT,8h,funding_rate,3929,200,3929,0,ok,"",2026-07-21 12:18:18.14469+00
64914,DOGEUSDT,1h,ohlcv,31140,4,31141,0,ok,"",2026-07-21 12:18:16.955555+00
64913,SOLUSDT,1m,ohlcv,60598,10,60605,0,ok,"",2026-07-21 12:18:12.282058+00
64912,BNBUSDT,1h,ohlcv,31140,4,31141,0,ok,"",2026-07-21 12:17:35.01361+00
64911,ETHUSDT,1m,ohlcv,57408,10,57415,0,ok,"",2026-07-21 12:17:04.971016+00
64910,XRPUSDT,1h,ohlcv,31140,4,31141,0,ok,"",2026-07-21 12:16:58.865593+00
64909,SOLUSDT,1h,ohlcv,31140,4,31141,0,ok,"",2026-07-21 12:16:20.528476+00
64908,BTCUSDT,1m,ohlcv,60598,10,60605,0,ok,"",2026-07-21 12:16:03.436091+00
64907,ETHUSDT,1h,ohlcv,31140,4,31141,0,ok,"",2026-07-21 12:15:46.658913+00
64906,BTCUSDT,1h,ohlcv,31140,4,31141,0,ok,"",2026-07-21 12:15:13.670904+00
64905,DOGEUSDT,1m,ohlcv,60595,9,60601,0,quarantined,Data is stale: last candle 2 min ago,2026-07-21 12:15:03.496079+00
64904,DOGEUSDT,"4h,1h,30m,15m,5m,1d",enrich,,,,0,ok,"",2026-07-21 12:14:41.446178+00
64903,BNBUSDT,"4h,1h,30m,15m,5m,1d",enrich,,,,0,ok,"",2026-07-21 12:14:11.256257+00
64902,BNBUSDT,1m,ohlcv,60594,9,60600,0,ok,"",2026-07-21 12:13:58.704845+00
64901,XRPUSDT,"4h,1h,30m,15m,5m,1d",enrich,,,,0,ok,"",2026-07-21 12:13:42.669747+00
64900,SOLUSDT,"4h,1h,30m,15m,5m,1d",enrich,,,,0,ok,"",2026-07-21 12:13:12.039022+00
64899,XRPUSDT,1m,ohlcv,60593,9,60599,0,ok,"",2026-07-21 12:12:52.468423+00
64898,ETHUSDT,"4h,1h,30m,15m,5m,1d",enrich,,,,0,ok,"",2026-07-21 12:12:42.112326+00
64897,BTCUSDT,"4h,1h,30m,15m,5m,1d",enrich,,,,0,ok,"",2026-07-21 12:12:12.510498+00
64896,SOLUSDT,1m,ohlcv,60592,9,60598,0,ok,"",2026-07-21 12:11:48.799868+00
64895,DOGEUSDT,30m,ohlcv,62279,5,62281,0,ok,"",2026-07-21 12:11:41.324142+00
64894,ETHUSDT,1m,ohlcv,57402,9,57408,0,ok,"",2026-07-21 12:10:42.961211+00
64893,BNBUSDT,30m,ohlcv,62279,5,62281,0,ok,"",2026-07-21 12:10:28.84556+00
64892,BTCUSDT,1m,ohlcv,60592,9,60598,0,ok,"",2026-07-21 12:09:46.480351+00
64891,XRPUSDT,30m,ohlcv,62279,5,62281,0,ok,"",2026-07-21 12:09:24.638058+00
64890,DOGEUSDT,1m,ohlcv,60589,9,60595,0,ok,"",2026-07-21 12:08:47.522604+00
64889,SOLUSDT,30m,ohlcv,62279,5,62281,0,ok,"",2026-07-21 12:08:20.056093+00
64888,BNBUSDT,1m,ohlcv,60588,9,60594,0,ok,"",2026-07-21 12:07:40.281092+00
64887,ETHUSDT,30m,ohlcv,62279,5,62281,0,ok,"",2026-07-21 12:07:11.695475+00
64886,XRPUSDT,1m,ohlcv,60587,9,60593,0,ok,"",2026-07-21 12:06:36.999079+00
64885,BTCUSDT,30m,ohlcv,62279,5,62281,0,ok,"",2026-07-21 12:06:01.315098+00
64884,SOLUSDT,1m,ohlcv,60586,9,60592,0,ok,"",2026-07-21 12:05:33.000992+00
64883,DOGEUSDT,15m,ohlcv,124558,6,124561,0,ok,"",2026-07-21 12:04:58.892642+00
64882,ETHUSDT,1m,ohlcv,57396,9,57402,0,ok,"",2026-07-21 12:04:34.756641+00
64881,BTCUSDT,1m,ohlcv,60586,9,60592,0,ok,"",2026-07-21 12:03:36.251278+00
64880,BNBUSDT,15m,ohlcv,124557,7,124561,0,ok,"",2026-07-21 12:02:39.831225+00
64879,DOGEUSDT,1m,ohlcv,60583,9,60589,0,ok,"",2026-07-21 12:02:32.436363+00
64878,BNBUSDT,1m,ohlcv,60582,9,60588,0,ok,"",2026-07-21 12:01:26.344494+00
64877,XRPUSDT,15m,ohlcv,124557,6,124560,0,ok,"",2026-07-21 12:00:29.023071+00
64876,XRPUSDT,1m,ohlcv,60581,9,60587,0,ok,"",2026-07-21 12:00:20.430568+00
64875,SOLUSDT,1m,ohlcv,60580,9,60586,0,ok,"",2026-07-21 11:59:18.288874+00
64874,SOLUSDT,15m,ohlcv,124557,6,124560,0,ok,"",2026-07-21 11:58:21.623861+00
64873,ETHUSDT,1m,ohlcv,57390,9,57396,0,ok,"",2026-07-21 11:58:18.042151+00
64872,BTCUSDT,1m,ohlcv,60580,9,60586,0,ok,"",2026-07-21 11:57:19.509869+00
64871,DOGEUSDT,1m,ohlcv,60577,9,60583,0,ok,"",2026-07-21 11:56:20.713022+00
64870,ETHUSDT,15m,ohlcv,124557,6,124560,0,ok,"",2026-07-21 11:56:14.812853+00
64869,BNBUSDT,1m,ohlcv,60576,9,60582,0,ok,"",2026-07-21 11:55:13.216238+00
64868,XRPUSDT,1m,ohlcv,60574,10,60581,0,ok,"",2026-07-21 11:54:14.221099+00
64867,BTCUSDT,15m,ohlcv,124557,6,124560,0,ok,"",2026-07-21 11:54:05.494869+00
64866,SOLUSDT,1m,ohlcv,60573,10,60580,0,ok,"",2026-07-21 11:53:13.678233+00
64865,ETHUSDT,1m,ohlcv,57383,10,57390,0,ok,"",2026-07-21 11:52:12.361208+00
64864,DOGEUSDT,5m,ohlcv,373668,13,373678,0,ok,"",2026-07-21 11:52:02.935731+00
64863,BTCUSDT,1m,ohlcv,60573,10,60580,0,ok,"",2026-07-21 11:51:16.759296+00
64862,DOGEUSDT,1m,ohlcv,60570,10,60577,0,ok,"",2026-07-21 11:50:08.85406+00
64861,BNBUSDT,1m,ohlcv,60569,10,60576,0,ok,"",2026-07-21 11:49:03.772522+00
64860,XRPUSDT,1m,ohlcv,60568,9,60574,0,quarantined,Data is stale: last candle 2 min ago,2026-07-21 11:48:03.666932+00
64859,SOLUSDT,1m,ohlcv,60567,9,60573,0,ok,"",2026-07-21 11:46:59.692853+00
64858,ETHUSDT,1m,ohlcv,57377,9,57383,0,ok,"",2026-07-21 11:45:58.346848+00
64857,BNBUSDT,5m,ohlcv,373667,12,373676,0,quarantined,Data is stale: last candle 10 min ago,2026-07-21 11:45:18.165404+00
64856,BTCUSDT,1m,ohlcv,60567,9,60573,0,ok,"",2026-07-21 11:44:56.16165+00
64855,DOGEUSDT,1m,ohlcv,60564,9,60570,0,ok,"",2026-07-21 11:43:54.773388+00
64854,BNBUSDT,1m,ohlcv,60563,9,60569,0,ok,"",2026-07-21 11:42:47.153775+00
64853,XRPUSDT,1m,ohlcv,60562,9,60568,0,ok,"",2026-07-21 11:41:43.293202+00
64852,SOLUSDT,1m,ohlcv,60561,9,60567,0,ok,"",2026-07-21 11:40:43.757924+00
64851,ETHUSDT,1m,ohlcv,57368,12,57377,0,ok,"",2026-07-21 11:39:37.955082+00
64850,XRPUSDT,5m,ohlcv,373664,14,373675,0,ok,"",2026-07-21 11:39:02.182839+00
64849,BTCUSDT,1m,ohlcv,60559,11,60567,0,ok,"",2026-07-21 11:38:39.152096+00
64848,DOGEUSDT,1m,ohlcv,60556,11,60564,0,ok,"",2026-07-21 11:37:35.947693+00
64847,BNBUSDT,1m,ohlcv,60555,11,60563,0,ok,"",2026-07-21 11:36:28.737943+00
64846,XRPUSDT,1m,ohlcv,60554,11,60562,0,ok,"",2026-07-21 11:35:29.30638+00
64845,SOLUSDT,1m,ohlcv,60553,11,60561,0,ok,"",2026-07-21 11:34:43.241761+00
64844,ETHUSDT,1m,ohlcv,57363,9,57369,0,quarantined,Data is stale: last candle 4 min ago,2026-07-21 11:33:54.043464+00
64843,SOLUSDT,5m,ohlcv,373664,0,0,0,error,"Failed after 6 attempts: HTTPSConnectionPool(host='api.bybit.com', port=443): Max retries exceeded with url: /v5/market/kline?category=linear&symbol=SOLUSDT&interval=5&start=1784629500000&end=1784633483917&limit=1000 (Caused by NameResolutionError(""HTTPSConnection(host='api.bybit.com', port=443): Failed to resolve 'api.bybit.com' ([Errno -3] Temporary failure in name resolution)""))",2026-07-21 11:33:13.967167+00
64842,ETHUSDT,5m,ohlcv,373663,14,373674,0,ok,"",2026-07-21 11:31:23.643056+00
64841,BTCUSDT,1m,ohlcv,60553,9,60559,0,ok,"",2026-07-21 11:30:26.224642+00
64840,DOGEUSDT,1m,ohlcv,60550,9,60556,0,ok,"",2026-07-21 11:29:41.004958+00
64839,BNBUSDT,1m,ohlcv,60549,9,60555,0,ok,"",2026-07-21 11:28:34.677777+00
64838,BTCUSDT,5m,ohlcv,373662,14,373673,0,ok,"",2026-07-21 11:27:46.229651+00
64837,XRPUSDT,1m,ohlcv,60548,9,60554,0,ok,"",2026-07-21 11:27:36.61541+00
64836,SOLUSDT,1m,ohlcv,60552,4,60553,0,ok,"",2026-07-21 11:26:37.556872+00
64835,ETHUSDT,1m,ohlcv,57362,4,57363,0,ok,"",2026-07-21 11:25:37.657984+00
64834,BTCUSDT,1m,ohlcv,60552,4,60553,0,ok,"",2026-07-21 11:24:45.279076+00
64833,DOGEUSDT,1m,ohlcv,60549,4,60550,0,ok,"",2026-07-21 11:23:44.410063+00
64832,BNBUSDT,1m,ohlcv,60548,4,60549,0,ok,"",2026-07-21 11:22:39.915421+00
64831,DOGEUSDT,snapshot,orderbook,,100,,0,ok,"",2026-07-21 11:21:39.772219+00
64830,XRPUSDT,1m,ohlcv,60547,4,60548,0,ok,"",2026-07-21 11:21:38.712881+00
64829,BNBUSDT,snapshot,orderbook,,100,,0,ok,"",2026-07-21 11:21:37.480091+00
64828,XRPUSDT,snapshot,orderbook,,100,,0,ok,"",2026-07-21 11:21:35.476088+00
64827,SOLUSDT,snapshot,orderbook,,100,,0,ok,"",2026-07-21 11:21:33.929374+00
64826,ETHUSDT,snapshot,orderbook,,100,,0,ok,"",2026-07-21 11:21:31.478113+00
64825,BTCUSDT,snapshot,orderbook,,100,,0,ok,"",2026-07-21 11:21:29.434648+00
64824,DOGEUSDT,1h,open_interest_1h,31232,200,31233,0,ok,"",2026-07-21 11:21:27.879577+00
64823,BNBUSDT,1h,open_interest_1h,31232,200,31233,0,ok,"",2026-07-21 11:21:25.318798+00
64822,XRPUSDT,1h,open_interest_1h,31232,200,31233,0,ok,"",2026-07-21 11:21:23.547981+00
64821,SOLUSDT,1h,open_interest_1h,31232,200,31233,0,ok,"",2026-07-21 11:21:21.534964+00
64820,ETHUSDT,1h,open_interest_1h,31232,200,31233,0,ok,"",2026-07-21 11:21:19.561368+00
64819,BTCUSDT,1h,open_interest_1h,31232,200,31233,0,ok,"",2026-07-21 11:21:17.538474+00
64818,DOGEUSDT,8h,funding_rate,3929,200,3929,0,ok,"",2026-07-21 11:21:15.401683+00
64817,BNBUSDT,8h,funding_rate,3929,200,3929,0,ok,"",2026-07-21 11:21:13.416398+00
64816,XRPUSDT,8h,funding_rate,3929,200,3929,0,ok,"",2026-07-21 11:21:11.255607+00
64815,SOLUSDT,8h,funding_rate,3929,200,3929,0,ok,"",2026-07-21 11:21:09.465846+00
64814,ETHUSDT,8h,funding_rate,3929,200,3929,0,ok,"",2026-07-21 11:21:07.198444+00
64813,BTCUSDT,8h,funding_rate,3929,200,3929,0,ok,"",2026-07-21 11:21:05.163685+00
64812,DOGEUSDT,1h,ohlcv,31139,4,31140,0,ok,"",2026-07-21 11:21:04.020656+00
64811,SOLUSDT,1m,ohlcv,60546,4,60547,0,ok,"",2026-07-21 11:20:37.702458+00
64810,BNBUSDT,1h,ohlcv,31139,4,31140,0,ok,"",2026-07-21 11:20:26.264328+00
64809,XRPUSDT,1h,ohlcv,31139,4,31140,0,ok,"",2026-07-21 11:19:52.140984+00
64808,ETHUSDT,1m,ohlcv,57356,4,57357,0,ok,"",2026-07-21 11:19:35.990663+00
64807,SOLUSDT,1h,ohlcv,31139,4,31140,0,ok,"",2026-07-21 11:19:20.599476+00
64806,ETHUSDT,1h,ohlcv,31139,4,31140,0,ok,"",2026-07-21 11:18:47.297821+00
64805,BTCUSDT,1m,ohlcv,60546,4,60547,0,ok,"",2026-07-21 11:18:35.646136+00
64804,BTCUSDT,1h,ohlcv,31139,4,31140,0,ok,"",2026-07-21 11:18:15.974475+00
64803,DOGEUSDT,"4h,1h,30m,15m,5m,1d",enrich,,,,0,ok,"",2026-07-21 11:17:40.952544+00
64802,DOGEUSDT,1m,ohlcv,60543,4,60544,0,ok,"",2026-07-21 11:17:34.330344+00
64801,BNBUSDT,"4h,1h,30m,15m,5m,1d",enrich,,,,0,ok,"",2026-07-21 11:17:11.694985+00
64800,XRPUSDT,"4h,1h,30m,15m,5m,1d",enrich,,,,0,ok,"",2026-07-21 11:16:41.943695+00
64799,BNBUSDT,1m,ohlcv,60536,10,60543,0,ok,"",2026-07-21 11:16:27.14921+00
64798,SOLUSDT,"4h,1h,30m,15m,5m,1d",enrich,,,,0,ok,"",2026-07-21 11:16:13.603088+00
64797,ETHUSDT,"4h,1h,30m,15m,5m,1d",enrich,,,,0,ok,"",2026-07-21 11:15:41.373498+00
64796,BTCUSDT,"4h,1h,30m,15m,5m,1d",enrich,,,,0,ok,"",2026-07-21 11:15:14.127846+00
64795,XRPUSDT,1m,ohlcv,60535,10,60542,0,ok,"",2026-07-21 11:15:11.69004+00
64794,DOGEUSDT,30m,ohlcv,62277,5,62279,0,ok,"",2026-07-21 11:14:44.872853+00
64793,SOLUSDT,1m,ohlcv,60534,10,60541,0,ok,"",2026-07-21 11:14:10.504408+00
64792,BNBUSDT,30m,ohlcv,62277,5,62279,0,ok,"",2026-07-21 11:13:29.098377+00
64791,ETHUSDT,1m,ohlcv,57350,4,57351,0,ok,"",2026-07-21 11:13:05.836787+00
64790,XRPUSDT,30m,ohlcv,62277,5,62279,0,ok,"",2026-07-21 11:12:23.766849+00
64789,BTCUSDT,1m,ohlcv,60534,10,60541,0,ok,"",2026-07-21 11:12:04.095088+00
64788,SOLUSDT,30m,ohlcv,62277,5,62279,0,ok,"",2026-07-21 11:11:21.404866+00
64787,DOGEUSDT,1m,ohlcv,60531,9,60537,0,quarantined,Data is stale: last candle 2 min ago,2026-07-21 11:11:01.189178+00
64786,ETHUSDT,30m,ohlcv,62277,5,62279,0,ok,"",2026-07-21 11:10:12.751632+00
64785,BNBUSDT,1m,ohlcv,60530,9,60536,0,ok,"",2026-07-21 11:09:49.019624+00
64784,BTCUSDT,30m,ohlcv,62277,5,62279,0,ok,"",2026-07-21 11:09:07.436124+00
64783,XRPUSDT,1m,ohlcv,60529,9,60535,0,ok,"",2026-07-21 11:08:47.440454+00
64782,DOGEUSDT,15m,ohlcv,124553,7,124557,0,ok,"",2026-07-21 11:08:00.719386+00
64781,SOLUSDT,1m,ohlcv,60528,9,60534,0,ok,"",2026-07-21 11:07:42.45586+00
64780,ETHUSDT,1m,ohlcv,57338,9,57344,0,ok,"",2026-07-21 11:06:38.957816+00
64779,BNBUSDT,15m,ohlcv,124553,7,124557,0,ok,"",2026-07-21 11:05:44.466161+00
64778,BTCUSDT,1m,ohlcv,60528,9,60534,0,ok,"",2026-07-21 11:05:38.002607+00
64777,DOGEUSDT,1m,ohlcv,60525,9,60531,0,ok,"",2026-07-21 11:04:28.585152+00
64776,XRPUSDT,15m,ohlcv,124553,7,124557,0,ok,"",2026-07-21 11:03:31.840442+00
64775,BNBUSDT,1m,ohlcv,60524,9,60530,0,ok,"",2026-07-21 11:03:23.098089+00
64774,XRPUSDT,1m,ohlcv,60523,9,60529,0,ok,"",2026-07-21 11:02:21.686483+00
64773,SOLUSDT,1m,ohlcv,60521,10,60528,0,ok,"",2026-07-21 11:01:20.67898+00
64772,SOLUSDT,15m,ohlcv,124553,6,124556,0,ok,"",2026-07-21 11:01:20.175856+00
64771,ETHUSDT,1m,ohlcv,57331,10,57338,0,ok,"",2026-07-21 11:00:17.932451+00
64770,BTCUSDT,1m,ohlcv,60521,10,60528,0,ok,"",2026-07-21 10:59:15.169139+00
64769,ETHUSDT,15m,ohlcv,124552,7,124556,0,ok,"",2026-07-21 10:59:06.272683+00
64768,DOGEUSDT,1m,ohlcv,60518,10,60525,0,ok,"",2026-07-21 10:58:12.534372+00
64767,BNBUSDT,1m,ohlcv,60517,10,60524,0,ok,"",2026-07-21 10:57:04.512739+00
64766,BTCUSDT,15m,ohlcv,124552,7,124556,0,ok,"",2026-07-21 10:56:55.26188+00
64765,XRPUSDT,1m,ohlcv,60516,10,60523,0,ok,"",2026-07-21 10:56:05.038157+00
64764,SOLUSDT,1m,ohlcv,60515,9,60521,0,quarantined,Data is stale: last candle 2 min ago,2026-07-21 10:55:05.732299+00
64763,DOGEUSDT,5m,ohlcv,373655,14,373666,0,ok,"",2026-07-21 10:54:47.224388+00
64762,ETHUSDT,1m,ohlcv,57325,9,57331,0,ok,"",2026-07-21 10:53:58.948342+00
64761,BTCUSDT,1m,ohlcv,60515,9,60521,0,ok,"",2026-07-21 10:52:58.723701+00
64760,DOGEUSDT,1m,ohlcv,60512,9,60518,0,ok,"",2026-07-21 10:51:52.239102+00
64759,BNBUSDT,1m,ohlcv,60511,9,60517,0,ok,"",2026-07-21 10:50:43.814329+00
64758,XRPUSDT,1m,ohlcv,60510,9,60516,0,ok,"",2026-07-21 10:49:40.560888+00
64757,SOLUSDT,1m,ohlcv,60509,9,60515,0,ok,"",2026-07-21 10:48:38.828102+00
64756,BNBUSDT,5m,ohlcv,373641,27,373665,0,ok,"",2026-07-21 10:47:41.451884+00
64755,ETHUSDT,1m,ohlcv,57319,9,57325,0,ok,"",2026-07-21 10:47:39.007788+00
64754,BTCUSDT,1m,ohlcv,60509,9,60515,0,ok,"",2026-07-21 10:46:37.416072+00
64753,DOGEUSDT,1m,ohlcv,60506,9,60512,0,ok,"",2026-07-21 10:45:35.834406+00
64752,BNBUSDT,1m,ohlcv,60505,9,60511,0,ok,"",2026-07-21 10:44:28.815613+00
64751,XRPUSDT,1m,ohlcv,60504,9,60510,0,ok,"",2026-07-21 10:43:27.002323+00
64750,SOLUSDT,1m,ohlcv,60503,9,60509,0,ok,"",2026-07-21 10:42:25.509626+00
64749,XRPUSDT,5m,ohlcv,373652,15,373664,0,ok,"",2026-07-21 10:41:27.353787+00
64748,ETHUSDT,1m,ohlcv,57318,4,57319,0,ok,"",2026-07-21 10:41:20.267338+00
64747,BTCUSDT,1m,ohlcv,60508,4,60509,0,ok,"",2026-07-21 10:40:21.965851+00
64746,DOGEUSDT,1m,ohlcv,60505,4,60506,0,ok,"",2026-07-21 10:39:22.618852+00
64745,BNBUSDT,1m,ohlcv,60504,4,60505,0,ok,"",2026-07-21 10:38:17.467002+00
64744,XRPUSDT,1m,ohlcv,60503,4,60504,0,ok,"",2026-07-21 10:37:19.089295+00
64743,SOLUSDT,1m,ohlcv,60502,4,60503,0,ok,"",2026-07-21 10:36:13.841118+00
64742,ETHUSDT,1m,ohlcv,57312,4,57313,0,ok,"",2026-07-21 10:35:12.487842+00
64741,SOLUSDT,5m,ohlcv,373651,14,373662,0,quarantined,Data is stale: last candle 10 min ago,2026-07-21 10:35:10.895304+00
64740,BTCUSDT,1m,ohlcv,60502,4,60503,0,ok,"",2026-07-21 10:34:17.195229+00
64739,DOGEUSDT,1m,ohlcv,60493,10,60500,0,ok,"",2026-07-21 10:33:13.042061+00
64738,BNBUSDT,1m,ohlcv,60497,5,60499,0,ok,"",2026-07-21 10:32:08.151045+00
64737,XRPUSDT,1m,ohlcv,60496,4,60497,0,quarantined,Data is stale: last candle 2 min ago,2026-07-21 10:31:06.697406+00
64736,SOLUSDT,1m,ohlcv,60495,4,60496,0,ok,"",2026-07-21 10:29:53.235734+00
64735,ETHUSDT,1m,ohlcv,57305,4,57306,0,ok,"",2026-07-21 10:28:50.258097+00
64734,ETHUSDT,5m,ohlcv,373650,14,373661,0,ok,"",2026-07-21 10:28:47.61172+00
64733,BTCUSDT,1m,ohlcv,60495,4,60496,0,ok,"",2026-07-21 10:27:50.64787+00
64732,DOGEUSDT,1m,ohlcv,60492,4,60493,0,ok,"",2026-07-21 10:26:49.822441+00
64731,BNBUSDT,1m,ohlcv,60491,4,60492,0,ok,"",2026-07-21 10:25:41.812098+00
64730,XRPUSDT,1m,ohlcv,60490,4,60491,0,ok,"",2026-07-21 10:24:50.387872+00
64729,SOLUSDT,1m,ohlcv,60489,4,60490,0,ok,"",2026-07-21 10:23:51.329798+00
64728,ETHUSDT,1m,ohlcv,57299,4,57300,0,ok,"",2026-07-21 10:22:48.625606+00
64727,BTCUSDT,5m,ohlcv,373636,27,373660,0,ok,"",2026-07-21 10:22:41.119995+00
64726,BTCUSDT,1m,ohlcv,60484,9,60490,0,ok,"",2026-07-21 10:21:46.286874+00
64725,DOGEUSDT,1m,ohlcv,60485,5,60487,0,ok,"",2026-07-21 10:20:38.660166+00
64724,BNBUSDT,1m,ohlcv,60484,5,60486,0,ok,"",2026-07-21 10:19:35.446701+00
64723,XRPUSDT,1m,ohlcv,60483,5,60485,0,ok,"",2026-07-21 10:18:35.30432+00
64722,SOLUSDT,1m,ohlcv,60482,5,60484,0,ok,"",2026-07-21 10:17:29.715767+00
64721,ETHUSDT,1m,ohlcv,57292,5,57294,0,ok,"",2026-07-21 10:16:25.558633+00
64720,DOGEUSDT,snapshot,orderbook,,100,,0,ok,"",2026-07-21 10:16:09.146683+00
64719,BNBUSDT,snapshot,orderbook,,100,,0,ok,"",2026-07-21 10:16:07.185552+00
64718,XRPUSDT,snapshot,orderbook,,100,,0,ok,"",2026-07-21 10:16:05.199597+00
64717,SOLUSDT,snapshot,orderbook,,100,,0,ok,"",2026-07-21 10:16:03.238503+00
64716,ETHUSDT,snapshot,orderbook,,100,,0,ok,"",2026-07-21 10:16:01.212422+00
64715,BTCUSDT,snapshot,orderbook,,100,,0,ok,"",2026-07-21 10:15:59.248392+00
64714,DOGEUSDT,4h,ohlcv,7785,3,7785,0,ok,"",2026-07-21 10:15:57.621647+00
64713,BNBUSDT,4h,ohlcv,7785,3,7785,0,ok,"",2026-07-21 10:15:48.156625+00
64712,XRPUSDT,4h,ohlcv,7785,3,7785,0,ok,"",2026-07-21 10:15:36.153894+00
64711,SOLUSDT,4h,ohlcv,7785,3,7785,0,ok,"",2026-07-21 10:15:27.06985+00
64710,BTCUSDT,1m,ohlcv,60482,5,60484,0,ok,"",2026-07-21 10:15:23.079871+00
64709,ETHUSDT,4h,ohlcv,7785,3,7785,0,ok,"",2026-07-21 10:15:17.968838+00
64708,BTCUSDT,4h,ohlcv,7785,3,7785,0,ok,"",2026-07-21 10:15:07.922854+00
64707,DOGEUSDT,1h,open_interest_1h,31231,200,31232,0,ok,"",2026-07-21 10:14:58.013596+00
64706,BNBUSDT,1h,open_interest_1h,31231,200,31232,0,ok,"",2026-07-21 10:14:55.818488+00
64705,XRPUSDT,1h,open_interest_1h,31231,200,31232,0,ok,"",2026-07-21 10:14:53.963268+00
64704,SOLUSDT,1h,open_interest_1h,31231,200,31232,0,ok,"",2026-07-21 10:14:51.69674+00
64703,ETHUSDT,1h,open_interest_1h,31231,200,31232,0,ok,"",2026-07-21 10:14:49.754365+00
64702,BTCUSDT,1h,open_interest_1h,31231,200,31232,0,ok,"",2026-07-21 10:14:47.911074+00
64701,DOGEUSDT,8h,funding_rate,3929,200,3929,0,ok,"",2026-07-21 10:14:45.579407+00
64700,BNBUSDT,8h,funding_rate,3929,200,3929,0,ok,"",2026-07-21 10:14:43.418355+00
64699,XRPUSDT,8h,funding_rate,3929,200,3929,0,ok,"",2026-07-21 10:14:41.491494+00
64698,SOLUSDT,8h,funding_rate,3929,200,3929,0,ok,"",2026-07-21 10:14:39.725945+00
64697,ETHUSDT,8h,funding_rate,3929,200,3929,0,ok,"",2026-07-21 10:14:37.405737+00
64696,BTCUSDT,8h,funding_rate,3929,200,3929,0,ok,"",2026-07-21 10:14:35.445321+00
64695,DOGEUSDT,1h,ohlcv,31138,4,31139,0,ok,"",2026-07-21 10:14:34.26142+00
64694,DOGEUSDT,1m,ohlcv,60474,10,60481,0,ok,"",2026-07-21 10:14:21.061699+00
64693,BNBUSDT,1h,ohlcv,31138,4,31139,0,ok,"",2026-07-21 10:13:57.887652+00
64692,XRPUSDT,1h,ohlcv,31138,4,31139,0,ok,"",2026-07-21 10:13:22.695514+00
64691,BNBUSDT,1m,ohlcv,60477,5,60479,0,quarantined,Data is stale: last candle 2 min ago,2026-07-21 10:13:10.25609+00
64690,SOLUSDT,1h,ohlcv,31138,4,31139,0,ok,"",2026-07-21 10:12:42.943849+00
64689,ETHUSDT,1h,ohlcv,31138,4,31139,0,ok,"",2026-07-21 10:12:06.163264+00
64688,XRPUSDT,1m,ohlcv,60476,5,60478,0,ok,"",2026-07-21 10:11:53.904459+00
64687,BTCUSDT,1h,ohlcv,31138,4,31139,0,ok,"",2026-07-21 10:11:07.364003+00
64686,SOLUSDT,1m,ohlcv,60475,5,60477,0,ok,"",2026-07-21 10:10:20.592652+00
64685,DOGEUSDT,"4h,1h,30m,15m,5m,1d",enrich,,,,0,ok,"",2026-07-21 10:10:14.917281+00
64684,BNBUSDT,"4h,1h,30m,15m,5m,1d",enrich,,,,0,ok,"",2026-07-21 10:09:38.815652+00
64683,ETHUSDT,1m,ohlcv,57285,5,57287,0,ok,"",2026-07-21 10:09:11.458044+00
64682,XRPUSDT,"4h,1h,30m,15m,5m,1d",enrich,,,,0,ok,"",2026-07-21 10:09:09.330701+00
64681,SOLUSDT,"4h,1h,30m,15m,5m,1d",enrich,,,,0,ok,"",2026-07-21 10:08:40.221183+00
64680,BTCUSDT,1m,ohlcv,60475,5,60477,0,ok,"",2026-07-21 10:08:12.982147+00
64679,ETHUSDT,"4h,1h,30m,15m,5m,1d",enrich,,,,0,ok,"",2026-07-21 10:08:12.6931+00
64678,BTCUSDT,"4h,1h,30m,15m,5m,1d",enrich,,,,0,ok,"",2026-07-21 10:07:38.123316+00
64677,DOGEUSDT,1m,ohlcv,60472,5,60474,0,ok,"",2026-07-21 10:07:08.949313+00
64676,DOGEUSDT,30m,ohlcv,62275,5,62277,0,ok,"",2026-07-21 10:07:08.444421+00
64675,BNBUSDT,1m,ohlcv,60466,10,60473,0,ok,"",2026-07-21 10:06:04.984721+00
64674,BNBUSDT,30m,ohlcv,62275,5,62277,0,ok,"",2026-07-21 10:06:00.091441+00
64673,XRPUSDT,1m,ohlcv,60469,5,60471,0,quarantined,Data is stale: last candle 2 min ago,2026-07-21 10:05:00.917851+00
64672,XRPUSDT,30m,ohlcv,62275,5,62277,0,ok,"",2026-07-21 10:04:51.653977+00
64671,SOLUSDT,1m,ohlcv,60468,5,60470,0,ok,"",2026-07-21 10:03:57.411604+00
64670,SOLUSDT,30m,ohlcv,62275,5,62277,0,ok,"",2026-07-21 10:03:40.287397+00
64669,ETHUSDT,1m,ohlcv,57278,5,57280,0,ok,"",2026-07-21 10:02:47.392474+00
64668,ETHUSDT,30m,ohlcv,62275,5,62277,0,ok,"",2026-07-21 10:02:22.386758+00
64667,BTCUSDT,1m,ohlcv,60468,5,60470,0,ok,"",2026-07-21 10:01:47.210466+00
64666,BTCUSDT,30m,ohlcv,62275,5,62277,0,ok,"",2026-07-21 10:01:20.193656+00
64665,DOGEUSDT,1m,ohlcv,60465,5,60467,0,ok,"",2026-07-21 10:00:49.564771+00
64664,DOGEUSDT,15m,ohlcv,124549,6,124552,0,ok,"",2026-07-21 10:00:16.047561+00
64663,BNBUSDT,1m,ohlcv,60464,5,60466,0,ok,"",2026-07-21 09:59:38.468046+00
64662,XRPUSDT,1m,ohlcv,60463,5,60465,0,ok,"",2026-07-21 09:58:37.28108+00
64661,BNBUSDT,15m,ohlcv,124549,6,124552,0,ok,"",2026-07-21 09:57:57.454567+00
64660,SOLUSDT,1m,ohlcv,60462,5,60464,0,ok,"",2026-07-21 09:57:36.172875+00
64659,ETHUSDT,1m,ohlcv,57272,5,57274,0,ok,"",2026-07-21 09:56:32.341942+00
64658,XRPUSDT,15m,ohlcv,124548,7,124552,0,ok,"",2026-07-21 09:55:52.328593+00
64657,BTCUSDT,1m,ohlcv,60462,5,60464,0,ok,"",2026-07-21 09:55:31.645846+00
64656,DOGEUSDT,1m,ohlcv,60459,5,60461,0,ok,"",2026-07-21 09:54:25.864847+00
64655,SOLUSDT,15m,ohlcv,124548,7,124552,0,ok,"",2026-07-21 09:53:50.15786+00
64654,BNBUSDT,1m,ohlcv,60458,5,60460,0,ok,"",2026-07-21 09:53:22.942144+00
64653,XRPUSDT,1m,ohlcv,60457,5,60459,0,ok,"",2026-07-21 09:52:23.816215+00
64652,ETHUSDT,15m,ohlcv,124548,7,124552,0,ok,"",2026-07-21 09:51:46.455104+00
64651,SOLUSDT,1m,ohlcv,60456,5,60458,0,ok,"",2026-07-21 09:51:23.213149+00
64650,ETHUSDT,1m,ohlcv,57266,5,57268,0,ok,"",2026-07-21 09:50:23.271722+00
64649,BTCUSDT,15m,ohlcv,124548,7,124552,0,ok,"",2026-07-21 09:49:40.946345+00
64648,BTCUSDT,1m,ohlcv,60456,5,60458,0,ok,"",2026-07-21 09:49:25.834701+00
64647,DOGEUSDT,1m,ohlcv,60453,5,60455,0,ok,"",2026-07-21 09:48:24.303825+00
64646,DOGEUSDT,5m,ohlcv,373642,14,373653,0,ok,"",2026-07-21 09:47:33.69896+00
64645,BNBUSDT,1m,ohlcv,60452,5,60454,0,ok,"",2026-07-21 09:47:20.088822+00
64644,XRPUSDT,1m,ohlcv,60451,5,60453,0,ok,"",2026-07-21 09:46:18.858087+00
64643,SOLUSDT,1m,ohlcv,60450,5,60452,0,ok,"",2026-07-21 09:45:22.444254+00
64642,ETHUSDT,1m,ohlcv,57260,5,57262,0,ok,"",2026-07-21 09:44:22.890583+00
64641,BTCUSDT,1m,ohlcv,60450,5,60452,0,ok,"",2026-07-21 09:43:21.631113+00
64640,DOGEUSDT,1m,ohlcv,60447,5,60449,0,ok,"",2026-07-21 09:42:20.514497+00
64639,BNBUSDT,1m,ohlcv,60446,5,60448,0,ok,"",2026-07-21 09:41:11.860636+00
64638,BNBUSDT,5m,ohlcv,373641,13,373651,0,quarantined,Data is stale: last candle 11 min ago,2026-07-21 09:40:52.702337+00
64637,XRPUSDT,1m,ohlcv,60445,5,60447,0,ok,"",2026-07-21 09:40:10.721157+00
64636,SOLUSDT,1m,ohlcv,60444,5,60446,0,ok,"",2026-07-21 09:39:08.093925+00
64635,ETHUSDT,1m,ohlcv,57254,5,57256,0,ok,"",2026-07-21 09:38:04.582598+00
64634,BTCUSDT,1m,ohlcv,60444,5,60446,0,ok,"",2026-07-21 09:37:08.384742+00
64633,DOGEUSDT,1m,ohlcv,60436,10,60443,0,ok,"",2026-07-21 09:36:06.801951+00
64632,BNBUSDT,1m,ohlcv,60439,5,60441,0,quarantined,Data is stale: last candle 2 min ago,2026-07-21 09:35:00.659028+00
64631,XRPUSDT,5m,ohlcv,373638,15,373650,0,ok,"",2026-07-21 09:34:33.342958+00
64630,XRPUSDT,1m,ohlcv,60438,5,60440,0,ok,"",2026-07-21 09:33:57.798901+00
64629,SOLUSDT,1m,ohlcv,60437,5,60439,0,ok,"",2026-07-21 09:32:53.248213+00
64628,ETHUSDT,1m,ohlcv,57247,5,57249,0,ok,"",2026-07-21 09:31:51.732691+00
64627,BTCUSDT,1m,ohlcv,60437,5,60439,0,ok,"",2026-07-21 09:30:53.347211+00
64626,DOGEUSDT,1m,ohlcv,60434,5,60436,0,ok,"",2026-07-21 09:29:52.956299+00
64625,BNBUSDT,1m,ohlcv,60433,5,60435,0,ok,"",2026-07-21 09:28:50.149663+00
64624,SOLUSDT,5m,ohlcv,373638,14,373649,0,ok,"",2026-07-21 09:28:20.499838+00
64623,XRPUSDT,1m,ohlcv,60432,5,60434,0,ok,"",2026-07-21 09:27:42.998888+00
64622,SOLUSDT,1m,ohlcv,60431,5,60433,0,ok,"",2026-07-21 09:26:45.144852+00
64621,ETHUSDT,1m,ohlcv,57241,5,57243,0,ok,"",2026-07-21 09:25:44.704482+00
64620,BTCUSDT,1m,ohlcv,60431,5,60433,0,ok,"",2026-07-21 09:24:48.784834+00
64619,DOGEUSDT,1m,ohlcv,60428,5,60430,0,ok,"",2026-07-21 09:23:50.075684+00
64618,BNBUSDT,1m,ohlcv,60427,5,60429,0,ok,"",2026-07-21 09:22:43.580086+00
64617,ETHUSDT,5m,ohlcv,373637,14,373648,0,ok,"",2026-07-21 09:22:06.135109+00
64616,XRPUSDT,1m,ohlcv,60426,5,60428,0,ok,"",2026-07-21 09:21:43.391649+00
64615,SOLUSDT,1m,ohlcv,60425,5,60427,0,ok,"",2026-07-21 09:20:42.839104+00
64614,ETHUSDT,1m,ohlcv,57235,5,57237,0,ok,"",2026-07-21 09:19:41.301728+00
64613,BTCUSDT,1m,ohlcv,60425,5,60427,0,ok,"",2026-07-21 09:18:47.517943+00
64612,DOGEUSDT,1m,ohlcv,60422,5,60424,0,ok,"",2026-07-21 09:17:48.988048+00
64611,BNBUSDT,1m,ohlcv,60421,5,60423,0,ok,"",2026-07-21 09:16:40.01358+00
64610,BTCUSDT,5m,ohlcv,373636,13,373646,0,quarantined,Data is stale: last candle 11 min ago,2026-07-21 09:16:04.268573+00
64609,XRPUSDT,1m,ohlcv,60420,5,60422,0,ok,"",2026-07-21 09:15:36.76476+00
64608,SOLUSDT,1m,ohlcv,60419,5,60421,0,ok,"",2026-07-21 09:14:35.243622+00
64607,ETHUSDT,1m,ohlcv,57229,5,57231,0,ok,"",2026-07-21 09:13:38.536035+00
64606,BTCUSDT,1m,ohlcv,60419,5,60421,0,ok,"",2026-07-21 09:12:45.279997+00
64605,DOGEUSDT,1m,ohlcv,60416,5,60418,0,ok,"",2026-07-21 09:11:42.194466+00
64604,BNBUSDT,1m,ohlcv,60411,9,60417,0,ok,"",2026-07-21 09:10:35.279341+00
64603,DOGEUSDT,snapshot,orderbook,,100,,0,ok,"",2026-07-21 09:09:57.374503+00
64602,BNBUSDT,snapshot,orderbook,,100,,0,ok,"",2026-07-21 09:09:55.392792+00
64601,XRPUSDT,snapshot,orderbook,,100,,0,ok,"",2026-07-21 09:09:53.371294+00
64600,SOLUSDT,snapshot,orderbook,,100,,0,ok,"",2026-07-21 09:09:51.372914+00
64599,ETHUSDT,snapshot,orderbook,,100,,0,ok,"",2026-07-21 09:09:49.418049+00
64598,BTCUSDT,snapshot,orderbook,,100,,0,ok,"",2026-07-21 09:09:47.39124+00
64597,DOGEUSDT,1h,open_interest_1h,31230,200,31231,0,ok,"",2026-07-21 09:09:45.845695+00
64596,BNBUSDT,1h,open_interest_1h,31230,200,31231,0,ok,"",2026-07-21 09:09:43.805083+00
64595,XRPUSDT,1h,open_interest_1h,31230,200,31231,0,ok,"",2026-07-21 09:09:41.405071+00
64594,SOLUSDT,1h,open_interest_1h,31230,200,31231,0,ok,"",2026-07-21 09:09:39.42352+00
64593,ETHUSDT,1h,open_interest_1h,31230,200,31231,0,ok,"",2026-07-21 09:09:37.351974+00
64592,XRPUSDT,1m,ohlcv,60413,6,60416,0,ok,"",2026-07-21 09:09:35.992267+00
64591,BTCUSDT,1h,open_interest_1h,31230,200,31231,0,ok,"",2026-07-21 09:09:35.194031+00
64590,DOGEUSDT,8h,funding_rate,3929,200,3929,0,ok,"",2026-07-21 09:09:33.373922+00
64589,BNBUSDT,8h,funding_rate,3929,200,3929,0,ok,"",2026-07-21 09:09:31.016962+00
64588,XRPUSDT,8h,funding_rate,3929,200,3929,0,ok,"",2026-07-21 09:09:29.066384+00
64587,SOLUSDT,8h,funding_rate,3929,200,3929,0,ok,"",2026-07-21 09:09:26.872176+00
64586,ETHUSDT,8h,funding_rate,3929,200,3929,0,ok,"",2026-07-21 09:09:24.934733+00
64585,BTCUSDT,8h,funding_rate,3929,200,3929,0,ok,"",2026-07-21 09:09:23.005429+00
64584,DOGEUSDT,1h,ohlcv,31137,4,31138,0,ok,"",2026-07-21 09:09:21.665661+00
64583,BNBUSDT,1h,ohlcv,31137,4,31138,0,ok,"",2026-07-21 09:08:45.783098+00
64582,SOLUSDT,1m,ohlcv,60413,5,60415,0,ok,"",2026-07-21 09:08:38.610409+00
64581,XRPUSDT,1h,ohlcv,31137,4,31138,0,ok,"",2026-07-21 09:08:13.793875+00
64580,SOLUSDT,1h,ohlcv,31137,4,31138,0,ok,"",2026-07-21 09:07:40.250061+00
64579,ETHUSDT,1m,ohlcv,57223,5,57225,0,ok,"",2026-07-21 09:07:37.302103+00
64578,ETHUSDT,1h,ohlcv,31137,4,31138,0,ok,"",2026-07-21 09:06:59.166667+00
64577,BTCUSDT,1m,ohlcv,60413,5,60415,0,ok,"",2026-07-21 09:06:40.71182+00
64576,BTCUSDT,1h,ohlcv,31137,4,31138,0,ok,"",2026-07-21 09:06:27.138721+00
64575,DOGEUSDT,"4h,1h,30m,15m,5m,1d",enrich,,,,0,ok,"",2026-07-21 09:05:53.737873+00
64574,DOGEUSDT,1m,ohlcv,60410,5,60412,0,ok,"",2026-07-21 09:05:40.411618+00
64573,BNBUSDT,"4h,1h,30m,15m,5m,1d",enrich,,,,0,ok,"",2026-07-21 09:05:27.134184+00
64572,XRPUSDT,"4h,1h,30m,15m,5m,1d",enrich,,,,0,ok,"",2026-07-21 09:05:03.604907+00
64571,SOLUSDT,"4h,1h,30m,15m,5m,1d",enrich,,,,0,ok,"",2026-07-21 09:04:44.417086+00
64570,BNBUSDT,1m,ohlcv,60409,5,60411,0,ok,"",2026-07-21 09:04:43.35073+00
64569,ETHUSDT,"4h,1h,30m,15m,5m,1d",enrich,,,,0,ok,"",2026-07-21 09:04:24.987091+00
64568,BTCUSDT,"4h,1h,30m,15m,5m,1d",enrich,,,,0,ok,"",2026-07-21 09:04:01.513097+00
64567,XRPUSDT,1m,ohlcv,60408,5,60410,0,ok,"",2026-07-21 09:03:46.874113+00
64566,DOGEUSDT,30m,ohlcv,62273,5,62275,0,ok,"",2026-07-21 09:03:31.403433+00
64565,SOLUSDT,1m,ohlcv,60407,6,60410,0,ok,"",2026-07-21 09:02:50.351491+00
64564,BNBUSDT,30m,ohlcv,62273,5,62275,0,ok,"",2026-07-21 09:02:34.527124+00
64563,ETHUSDT,1m,ohlcv,57218,5,57220,0,ok,"",2026-07-21 09:02:03.58335+00
64562,XRPUSDT,30m,ohlcv,62273,5,62275,0,ok,"",2026-07-21 09:01:36.050187+00
64561,BTCUSDT,1m,ohlcv,60408,5,60410,0,ok,"",2026-07-21 09:01:14.729317+00
64560,SOLUSDT,30m,ohlcv,62273,4,62274,0,ok,"",2026-07-21 09:00:50.961283+00
64559,DOGEUSDT,1m,ohlcv,60405,5,60407,0,ok,"",2026-07-21 09:00:32.340103+00
64558,ETHUSDT,30m,ohlcv,62273,4,62274,0,ok,"",2026-07-21 08:59:58.455159+00
64557,BNBUSDT,1m,ohlcv,60404,5,60406,0,ok,"",2026-07-21 08:59:38.452233+00
64556,BTCUSDT,30m,ohlcv,62273,4,62274,0,ok,"",2026-07-21 08:59:14.272979+00
64555,XRPUSDT,1m,ohlcv,60403,5,60405,0,ok,"",2026-07-21 08:58:47.04433+00
64554,DOGEUSDT,15m,ohlcv,124544,7,124548,0,ok,"",2026-07-21 08:58:10.818018+00
64553,SOLUSDT,1m,ohlcv,60402,5,60404,0,ok,"",2026-07-21 08:57:45.833377+00
64552,ETHUSDT,1m,ohlcv,57212,5,57214,0,ok,"",2026-07-21 08:56:40.601852+00
64551,BNBUSDT,15m,ohlcv,124544,7,124548,0,ok,"",2026-07-21 08:55:46.549453+00
64550,BTCUSDT,1m,ohlcv,60402,5,60404,0,ok,"",2026-07-21 08:55:42.467089+00
64549,DOGEUSDT,1m,ohlcv,60399,5,60401,0,ok,"",2026-07-21 08:54:45.671403+00
64548,XRPUSDT,15m,ohlcv,124544,7,124548,0,ok,"",2026-07-21 08:54:00.62385+00
64547,BNBUSDT,1m,ohlcv,60398,6,60401,0,ok,"",2026-07-21 08:53:54.923899+00
64546,XRPUSDT,1m,ohlcv,60397,6,60400,0,ok,"",2026-07-21 08:53:11.702263+00
64545,SOLUSDT,15m,ohlcv,124544,7,124548,0,ok,"",2026-07-21 08:52:32.423185+00
64544,SOLUSDT,1m,ohlcv,60396,6,60399,0,ok,"",2026-07-21 08:52:30.03263+00
64543,ETHUSDT,1m,ohlcv,57206,6,57209,0,ok,"",2026-07-21 08:51:31.175635+00
64542,BTCUSDT,1m,ohlcv,60396,6,60399,0,ok,"",2026-07-21 08:50:32.091465+00
64541,ETHUSDT,15m,ohlcv,124544,7,124548,0,ok,"",2026-07-21 08:50:27.344197+00
64540,DOGEUSDT,1m,ohlcv,60393,6,60396,0,ok,"",2026-07-21 08:49:28.112636+00
64539,BNBUSDT,1m,ohlcv,60392,6,60395,0,ok,"",2026-07-21 08:48:23.866514+00
64538,BTCUSDT,15m,ohlcv,124544,7,124548,0,ok,"",2026-07-21 08:48:19.081234+00
64537,XRPUSDT,1m,ohlcv,60391,6,60394,0,ok,"",2026-07-21 08:47:21.492576+00
64536,SOLUSDT,1m,ohlcv,60390,6,60393,0,ok,"",2026-07-21 08:46:20.439862+00
64535,DOGEUSDT,5m,ohlcv,373629,14,373640,0,quarantined,Data is stale: last candle 11 min ago,2026-07-21 08:46:08.353299+00
64534,ETHUSDT,1m,ohlcv,57200,6,57203,0,ok,"",2026-07-21 08:45:17.457822+00
64533,BTCUSDT,1m,ohlcv,60390,6,60393,0,ok,"",2026-07-21 08:44:17.613216+00
64532,DOGEUSDT,1m,ohlcv,60383,10,60390,0,ok,"",2026-07-21 08:43:15.135489+00
64531,BNBUSDT,1m,ohlcv,60385,7,60389,0,ok,"",2026-07-21 08:42:08.768928+00
64530,XRPUSDT,1m,ohlcv,60384,7,60388,0,ok,"",2026-07-21 08:41:07.684021+00
64529,SOLUSDT,1m,ohlcv,60383,6,60386,0,quarantined,Data is stale: last candle 2 min ago,2026-07-21 08:40:02.457186+00
64528,BNBUSDT,5m,ohlcv,373628,14,373639,0,ok,"",2026-07-21 08:39:18.389192+00
64527,ETHUSDT,1m,ohlcv,57193,6,57196,0,ok,"",2026-07-21 08:38:56.816424+00
64526,BTCUSDT,1m,ohlcv,60383,6,60386,0,ok,"",2026-07-21 08:37:58.461349+00
64525,DOGEUSDT,1m,ohlcv,60380,6,60383,0,ok,"",2026-07-21 08:36:55.274508+00
64524,BNBUSDT,1m,ohlcv,60379,6,60382,0,ok,"",2026-07-21 08:35:51.094105+00
64523,XRPUSDT,1m,ohlcv,60378,6,60381,0,ok,"",2026-07-21 08:34:40.868874+00
64522,SOLUSDT,1m,ohlcv,60377,6,60380,0,ok,"",2026-07-21 08:33:35.622279+00
64521,XRPUSDT,5m,ohlcv,373625,16,373638,0,ok,"",2026-07-21 08:32:53.473213+00
64520,ETHUSDT,1m,ohlcv,57187,6,57190,0,ok,"",2026-07-21 08:32:32.95286+00
64519,BTCUSDT,1m,ohlcv,60377,6,60380,0,ok,"",2026-07-21 08:31:33.024891+00
64518,DOGEUSDT,1m,ohlcv,60374,6,60377,0,ok,"",2026-07-21 08:30:29.694848+00
64517,BNBUSDT,1m,ohlcv,60366,13,60376,0,ok,"",2026-07-21 08:29:22.411273+00
64516,XRPUSDT,1m,ohlcv,60371,7,60375,0,ok,"",2026-07-21 08:28:17.996694+00
64515,SOLUSDT,1m,ohlcv,60370,7,60374,0,ok,"",2026-07-21 08:27:16.012098+00
64514,SOLUSDT,5m,ohlcv,373625,14,373636,0,quarantined,Data is stale: last candle 11 min ago,2026-07-21 08:26:29.970115+00
64513,ETHUSDT,1m,ohlcv,57180,7,57184,0,ok,"",2026-07-21 08:26:14.743194+00
64512,BTCUSDT,1m,ohlcv,60370,7,60374,0,ok,"",2026-07-21 08:25:15.399858+00
64511,DOGEUSDT,1m,ohlcv,60367,7,60371,0,ok,"",2026-07-21 08:24:09.835169+00
64510,BNBUSDT,1m,ohlcv,60366,6,60369,0,quarantined,Data is stale: last candle 2 min ago,2026-07-21 08:23:00.362498+00
64509,XRPUSDT,1m,ohlcv,60365,6,60368,0,ok,"",2026-07-21 08:21:57.517131+00
64508,SOLUSDT,1m,ohlcv,60364,6,60367,0,ok,"",2026-07-21 08:20:53.798094+00
64507,ETHUSDT,5m,ohlcv,373624,14,373635,0,ok,"",2026-07-21 08:19:59.32087+00
64506,ETHUSDT,1m,ohlcv,57174,6,57177,0,ok,"",2026-07-21 08:19:45.509419+00
64505,BTCUSDT,1m,ohlcv,60361,9,60367,0,ok,"",2026-07-21 08:18:46.548282+00
64504,DOGEUSDT,1m,ohlcv,60360,7,60364,0,ok,"",2026-07-21 08:17:42.118982+00
64503,BNBUSDT,1m,ohlcv,60359,7,60363,0,ok,"",2026-07-21 08:16:35.023376+00
64502,XRPUSDT,1m,ohlcv,60358,7,60362,0,ok,"",2026-07-21 08:15:31.998859+00
64501,SOLUSDT,1m,ohlcv,60357,7,60361,0,ok,"",2026-07-21 08:14:34.452383+00
64500,BTCUSDT,5m,ohlcv,373621,16,373634,0,ok,"",2026-07-21 08:13:43.23072+00
64499,ETHUSDT,1m,ohlcv,57167,7,57171,0,ok,"",2026-07-21 08:13:30.678372+00
64498,BTCUSDT,1m,ohlcv,60357,7,60361,0,ok,"",2026-07-21 08:12:29.63614+00
64497,DOGEUSDT,1m,ohlcv,60354,7,60358,0,ok,"",2026-07-21 08:11:26.202122+00
64496,BNBUSDT,1m,ohlcv,60353,7,60357,0,ok,"",2026-07-21 08:10:22.087781+00
64495,XRPUSDT,1m,ohlcv,60352,7,60356,0,ok,"",2026-07-21 08:09:20.958844+00
64494,SOLUSDT,1m,ohlcv,60351,7,60355,0,ok,"",2026-07-21 08:08:24.397421+00
64493,DOGEUSDT,snapshot,orderbook,,100,,0,ok,"",2026-07-21 08:07:31.321562+00
64492,BNBUSDT,snapshot,orderbook,,100,,0,ok,"",2026-07-21 08:07:29.634227+00
64491,XRPUSDT,snapshot,orderbook,,100,,0,ok,"",2026-07-21 08:07:27.387953+00
64490,SOLUSDT,snapshot,orderbook,,100,,0,ok,"",2026-07-21 08:07:25.328854+00
64489,ETHUSDT,1m,ohlcv,57161,7,57165,0,ok,"",2026-07-21 08:07:23.994357+00
64488,ETHUSDT,snapshot,orderbook,,100,,0,ok,"",2026-07-21 08:07:23.371082+00
64487,BTCUSDT,snapshot,orderbook,,100,,0,ok,"",2026-07-21 08:07:21.342853+00
64486,DOGEUSDT,1h,open_interest_1h,31229,200,31230,0,ok,"",2026-07-21 08:07:19.757849+00
64485,BNBUSDT,1h,open_interest_1h,31229,200,31230,0,ok,"",2026-07-21 08:07:17.975428+00
64484,XRPUSDT,1h,open_interest_1h,31229,200,31230,0,ok,"",2026-07-21 08:07:15.629123+00
64483,SOLUSDT,1h,open_interest_1h,31229,200,31230,0,ok,"",2026-07-21 08:07:13.576307+00
64482,ETHUSDT,1h,open_interest_1h,31229,200,31230,0,ok,"",2026-07-21 08:07:11.680756+00
64481,BTCUSDT,1h,open_interest_1h,31229,200,31230,0,ok,"",2026-07-21 08:07:09.627596+00
64480,DOGEUSDT,8h,funding_rate,3928,200,3929,0,ok,"",2026-07-21 08:07:07.150689+00
64479,BNBUSDT,8h,funding_rate,3928,200,3929,0,ok,"",2026-07-21 08:07:05.255879+00
64478,XRPUSDT,8h,funding_rate,3928,200,3929,0,ok,"",2026-07-21 08:07:03.169107+00
64477,SOLUSDT,8h,funding_rate,3928,200,3929,0,ok,"",2026-07-21 08:07:01.267848+00
64476,ETHUSDT,8h,funding_rate,3928,200,3929,0,ok,"",2026-07-21 08:06:59.318197+00
64475,BTCUSDT,8h,funding_rate,3928,200,3929,0,ok,"",2026-07-21 08:06:57.292639+00
64474,DOGEUSDT,1h,ohlcv,31136,4,31137,0,ok,"",2026-07-21 08:06:55.717477+00
64473,BTCUSDT,1m,ohlcv,60351,7,60355,0,ok,"",2026-07-21 08:06:29.96804+00
64472,BNBUSDT,1h,ohlcv,31136,4,31137,0,ok,"",2026-07-21 08:06:18.406753+00
64471,XRPUSDT,1h,ohlcv,31136,4,31137,0,ok,"",2026-07-21 08:05:40.653129+00
64470,DOGEUSDT,1m,ohlcv,60348,7,60352,0,ok,"",2026-07-21 08:05:28.653574+00
64469,SOLUSDT,1h,ohlcv,31136,4,31137,0,ok,"",2026-07-21 08:05:08.971452+00
64468,ETHUSDT,1h,ohlcv,31136,4,31137,0,ok,"",2026-07-21 08:04:34.045329+00
64467,BNBUSDT,1m,ohlcv,60347,7,60351,0,ok,"",2026-07-21 08:04:22.436655+00
64466,BTCUSDT,1h,ohlcv,31136,4,31137,0,ok,"",2026-07-21 08:03:56.918062+00
64465,DOGEUSDT,"4h,1h,30m,15m,5m,1d",enrich,,,,0,ok,"",2026-07-21 08:03:22.720114+00
64464,XRPUSDT,1m,ohlcv,60343,10,60350,0,ok,"",2026-07-21 08:03:19.96743+00
64463,BNBUSDT,"4h,1h,30m,15m,5m,1d",enrich,,,,0,ok,"",2026-07-21 08:02:53.762856+00
64462,XRPUSDT,"4h,1h,30m,15m,5m,1d",enrich,,,,0,ok,"",2026-07-21 08:02:23.427152+00
64461,SOLUSDT,1m,ohlcv,60344,8,60349,0,ok,"",2026-07-21 08:02:11.494501+00
64460,SOLUSDT,"4h,1h,30m,15m,5m,1d",enrich,,,,0,ok,"",2026-07-21 08:02:00.27962+00
64459,ETHUSDT,"4h,1h,30m,15m,5m,1d",enrich,,,,0,ok,"",2026-07-21 08:01:33.267171+00
64458,ETHUSDT,1m,ohlcv,57154,8,57159,0,ok,"",2026-07-21 08:01:08.209073+00
64457,BTCUSDT,"4h,1h,30m,15m,5m,1d",enrich,,,,0,ok,"",2026-07-21 08:01:03.749535+00
64456,DOGEUSDT,30m,ohlcv,62271,4,62272,0,ok,"",2026-07-21 08:00:33.755301+00
64455,BTCUSDT,1m,ohlcv,60344,8,60349,0,ok,"",2026-07-21 08:00:06.664095+00
64454,BNBUSDT,30m,ohlcv,62271,4,62272,0,ok,"",2026-07-21 07:59:24.100002+00
64453,DOGEUSDT,1m,ohlcv,60341,7,60345,0,quarantined,Data is stale: last candle 2 min ago,2026-07-21 07:59:05.343365+00
64452,XRPUSDT,30m,ohlcv,62270,5,62272,0,ok,"",2026-07-21 07:58:16.223421+00
64451,BNBUSDT,1m,ohlcv,60340,7,60344,0,ok,"",2026-07-21 07:57:58.797113+00
64450,SOLUSDT,30m,ohlcv,62270,5,62272,0,ok,"",2026-07-21 07:57:10.833819+00
64449,XRPUSDT,1m,ohlcv,60339,7,60343,0,ok,"",2026-07-21 07:56:55.863346+00
64448,ETHUSDT,30m,ohlcv,62270,5,62272,0,ok,"",2026-07-21 07:56:05.403368+00
64447,SOLUSDT,1m,ohlcv,60338,7,60342,0,ok,"",2026-07-21 07:55:56.68414+00
64446,BTCUSDT,30m,ohlcv,62270,5,62272,0,ok,"",2026-07-21 07:55:00.686143+00
64445,ETHUSDT,1m,ohlcv,57148,7,57152,0,ok,"",2026-07-21 07:54:52.431344+00
64444,DOGEUSDT,15m,ohlcv,124540,7,124544,0,ok,"",2026-07-21 07:53:56.403324+00
64443,BTCUSDT,1m,ohlcv,60338,7,60342,0,ok,"",2026-07-21 07:53:52.006509+00
64442,DOGEUSDT,1m,ohlcv,60335,7,60339,0,ok,"",2026-07-21 07:52:47.171025+00
64441,BNBUSDT,15m,ohlcv,124540,7,124544,0,ok,"",2026-07-21 07:51:36.814733+00
64440,BNBUSDT,1m,ohlcv,60334,7,60338,0,ok,"",2026-07-21 07:51:36.54144+00
64439,XRPUSDT,1m,ohlcv,60331,9,60337,0,ok,"",2026-07-21 07:50:34.332298+00
64438,SOLUSDT,1m,ohlcv,60331,8,60336,0,ok,"",2026-07-21 07:49:32.376089+00
64437,XRPUSDT,15m,ohlcv,124540,7,124544,0,ok,"",2026-07-21 07:49:28.72658+00
64436,ETHUSDT,1m,ohlcv,57141,8,57146,0,ok,"",2026-07-21 07:48:28.98364+00
64435,BTCUSDT,1m,ohlcv,60331,8,60336,0,ok,"",2026-07-21 07:47:25.026354+00
64434,SOLUSDT,15m,ohlcv,124540,7,124544,0,ok,"",2026-07-21 07:47:14.037885+00
64433,DOGEUSDT,1m,ohlcv,60328,8,60333,0,ok,"",2026-07-21 07:46:18.54622+00
64432,BNBUSDT,1m,ohlcv,60327,8,60332,0,ok,"",2026-07-21 07:45:10.546855+00
64431,ETHUSDT,15m,ohlcv,124540,6,124543,0,ok,"",2026-07-21 07:45:05.078019+00
64430,XRPUSDT,1m,ohlcv,60326,8,60331,0,ok,"",2026-07-21 07:44:08.752077+00
64429,SOLUSDT,1m,ohlcv,60325,8,60330,0,ok,"",2026-07-21 07:43:06.410431+00
64428,BTCUSDT,15m,ohlcv,124539,7,124543,0,ok,"",2026-07-21 07:42:49.386586+00
64427,ETHUSDT,1m,ohlcv,57135,8,57140,0,ok,"",2026-07-21 07:42:02.75086+00
64426,BTCUSDT,1m,ohlcv,60325,8,60330,0,ok,"",2026-07-21 07:41:02.401084+00
64425,DOGEUSDT,5m,ohlcv,373616,14,373627,0,quarantined,Data is stale: last candle 11 min ago,2026-07-21 07:40:39.235884+00
64424,DOGEUSDT,1m,ohlcv,60322,7,60326,0,quarantined,Data is stale: last candle 2 min ago,2026-07-21 07:40:00.696497+00
64423,BNBUSDT,1m,ohlcv,60321,7,60325,0,ok,"",2026-07-21 07:38:55.925152+00
64422,XRPUSDT,1m,ohlcv,60320,7,60324,0,ok,"",2026-07-21 07:37:54.758965+00
64421,SOLUSDT,1m,ohlcv,60319,7,60323,0,ok,"",2026-07-21 07:36:53.697049+00
64420,ETHUSDT,1m,ohlcv,57129,7,57133,0,ok,"",2026-07-21 07:35:49.888105+00
64419,BTCUSDT,1m,ohlcv,60319,7,60323,0,ok,"",2026-07-21 07:34:51.719101+00
64418,DOGEUSDT,1m,ohlcv,60316,7,60320,0,ok,"",2026-07-21 07:33:47.791862+00
64417,BNBUSDT,5m,ohlcv,373613,16,373626,0,ok,"",2026-07-21 07:33:39.398175+00
64416,BNBUSDT,1m,ohlcv,60313,9,60319,0,ok,"",2026-07-21 07:32:37.31004+00
64415,XRPUSDT,1m,ohlcv,60313,8,60318,0,ok,"",2026-07-21 07:31:34.150267+00
64414,SOLUSDT,1m,ohlcv,60312,8,60317,0,ok,"",2026-07-21 07:30:30.607339+00
64413,ETHUSDT,1m,ohlcv,57122,8,57127,0,ok,"",2026-07-21 07:29:33.442361+00
64412,BTCUSDT,1m,ohlcv,60312,8,60317,0,ok,"",2026-07-21 07:28:37.85908+00
64411,DOGEUSDT,1m,ohlcv,60309,8,60314,0,ok,"",2026-07-21 07:27:38.129274+00
64410,XRPUSDT,5m,ohlcv,373613,15,373625,0,ok,"",2026-07-21 07:27:23.061103+00
64409,BNBUSDT,1m,ohlcv,60308,8,60313,0,ok,"",2026-07-21 07:26:29.79308+00
64408,XRPUSDT,1m,ohlcv,60307,8,60312,0,ok,"",2026-07-21 07:25:28.302486+00
64407,SOLUSDT,1m,ohlcv,60306,8,60311,0,ok,"",2026-07-21 07:24:29.227449+00
64406,ETHUSDT,1m,ohlcv,57116,8,57121,0,ok,"",2026-07-21 07:23:29.410886+00
64405,BTCUSDT,1m,ohlcv,60306,8,60311,0,ok,"",2026-07-21 07:22:30.352363+00
64404,DOGEUSDT,1m,ohlcv,60303,8,60308,0,ok,"",2026-07-21 07:21:25.281998+00
64403,SOLUSDT,5m,ohlcv,373612,14,373623,0,quarantined,Data is stale: last candle 11 min ago,2026-07-21 07:20:53.579344+00
64402,BNBUSDT,1m,ohlcv,60302,8,60307,0,ok,"",2026-07-21 07:20:13.86912+00
64401,XRPUSDT,1m,ohlcv,60301,8,60306,0,ok,"",2026-07-21 07:19:17.508619+00
64400,SOLUSDT,1m,ohlcv,60300,8,60305,0,ok,"",2026-07-21 07:18:17.771551+00
64399,ETHUSDT,1m,ohlcv,57110,8,57115,0,ok,"",2026-07-21 07:17:11.246899+00
64398,BTCUSDT,1m,ohlcv,60300,8,60305,0,ok,"",2026-07-21 07:16:10.09224+00
64397,DOGEUSDT,1m,ohlcv,60297,8,60302,0,ok,"",2026-07-21 07:15:05.379833+00
64396,ETHUSDT,5m,ohlcv,373611,14,373622,0,ok,"",2026-07-21 07:14:43.155054+00
64395,BNBUSDT,1m,ohlcv,60296,8,60301,0,ok,"",2026-07-21 07:14:01.961756+00
64394,XRPUSDT,1m,ohlcv,60295,7,60299,0,quarantined,Data is stale: last candle 2 min ago,2026-07-21 07:13:00.532+00
64393,SOLUSDT,1m,ohlcv,60294,7,60298,0,ok,"",2026-07-21 07:11:59.801036+00
64392,ETHUSDT,1m,ohlcv,57104,7,57108,0,ok,"",2026-07-21 07:10:58.247852+00
64391,BTCUSDT,1m,ohlcv,60294,8,60299,0,ok,"",2026-07-21 07:09:56.592349+00
64390,DOGEUSDT,1m,ohlcv,60290,9,60296,0,ok,"",2026-07-21 07:09:02.960637+00
64389,BTCUSDT,5m,ohlcv,373608,16,373621,0,ok,"",2026-07-21 07:08:38.53326+00
64388,BNBUSDT,1m,ohlcv,60289,9,60295,0,ok,"",2026-07-21 07:08:00.175757+00
64387,XRPUSDT,1m,ohlcv,60288,9,60294,0,ok,"",2026-07-21 07:07:03.140037+00
64386,SOLUSDT,1m,ohlcv,60287,8,60292,0,quarantined,Data is stale: last candle 2 min ago,2026-07-21 07:06:04.425015+00
64385,ETHUSDT,1m,ohlcv,57097,9,57103,0,ok,"",2026-07-21 07:04:59.388772+00
64384,BTCUSDT,1m,ohlcv,60287,9,60293,0,ok,"",2026-07-21 07:04:06.039031+00
64383,DOGEUSDT,1m,ohlcv,60284,9,60290,0,ok,"",2026-07-21 07:03:08.16985+00
64382,DOGEUSDT,snapshot,orderbook,,100,,0,ok,"",2026-07-21 07:02:38.869653+00
64381,BNBUSDT,snapshot,orderbook,,100,,0,ok,"",2026-07-21 07:02:37.189853+00
64380,XRPUSDT,snapshot,orderbook,,100,,0,ok,"",2026-07-21 07:02:34.835608+00
64379,SOLUSDT,snapshot,orderbook,,100,,0,ok,"",2026-07-21 07:02:32.888012+00
64378,ETHUSDT,snapshot,orderbook,,100,,0,ok,"",2026-07-21 07:02:31.362962+00
64377,BTCUSDT,snapshot,orderbook,,100,,0,ok,"",2026-07-21 07:02:28.902929+00
64376,DOGEUSDT,1h,open_interest_1h,31228,200,31229,0,ok,"",2026-07-21 07:02:27.272537+00
64375,BNBUSDT,1h,open_interest_1h,31228,200,31229,0,ok,"",2026-07-21 07:02:24.935582+00
64374,XRPUSDT,1h,open_interest_1h,31228,200,31229,0,ok,"",2026-07-21 07:02:22.852106+00
64373,SOLUSDT,1h,open_interest_1h,31228,200,31229,0,ok,"",2026-07-21 07:02:20.908134+00
64372,ETHUSDT,1h,open_interest_1h,31228,200,31229,0,ok,"",2026-07-21 07:02:19.00787+00
64371,BTCUSDT,1h,open_interest_1h,31228,200,31229,0,ok,"",2026-07-21 07:02:16.886561+00
64370,DOGEUSDT,8h,funding_rate,3928,200,3928,0,ok,"",2026-07-21 07:02:14.869695+00
64369,BNBUSDT,8h,funding_rate,3928,200,3928,0,ok,"",2026-07-21 07:02:12.60807+00
64368,XRPUSDT,8h,funding_rate,3928,200,3928,0,ok,"",2026-07-21 07:02:10.66835+00
64367,BNBUSDT,1m,ohlcv,60283,9,60289,0,ok,"",2026-07-21 07:02:10.037848+00
64366,SOLUSDT,8h,funding_rate,3928,200,3928,0,ok,"",2026-07-21 07:02:08.502951+00
64365,ETHUSDT,8h,funding_rate,3928,200,3928,0,ok,"",2026-07-21 07:02:06.605102+00
64364,BTCUSDT,8h,funding_rate,3928,200,3928,0,ok,"",2026-07-21 07:02:04.475153+00
64363,DOGEUSDT,1h,ohlcv,31135,4,31136,0,ok,"",2026-07-21 07:02:03.288234+00
64362,BNBUSDT,1h,ohlcv,31135,4,31136,0,ok,"",2026-07-21 07:01:29.157296+00
64361,XRPUSDT,1m,ohlcv,60282,9,60288,0,ok,"",2026-07-21 07:01:15.095837+00
64360,XRPUSDT,1h,ohlcv,31135,4,31136,0,ok,"",2026-07-21 07:00:56.159298+00
64359,SOLUSDT,1h,ohlcv,31135,3,31135,0,ok,"",2026-07-21 07:00:20.054852+00
64358,SOLUSDT,1m,ohlcv,60281,9,60287,0,ok,"",2026-07-21 07:00:07.807169+00
64357,ETHUSDT,1h,ohlcv,31135,3,31135,0,ok,"",2026-07-21 06:59:45.318371+00
64356,BTCUSDT,1h,ohlcv,31135,3,31135,0,ok,"",2026-07-21 06:59:14.518653+00
64355,ETHUSDT,1m,ohlcv,57091,9,57097,0,ok,"",2026-07-21 06:59:09.327478+00
64354,DOGEUSDT,"4h,1h,30m,15m,5m,1d",enrich,,,,0,ok,"",2026-07-21 06:58:43.617602+00
64353,BNBUSDT,"4h,1h,30m,15m,5m,1d",enrich,,,,0,ok,"",2026-07-21 06:58:17.7997+00
64352,BTCUSDT,1m,ohlcv,60281,9,60287,0,ok,"",2026-07-21 06:58:11.218487+00
64351,XRPUSDT,"4h,1h,30m,15m,5m,1d",enrich,,,,0,ok,"",2026-07-21 06:57:51.606852+00
64350,SOLUSDT,"4h,1h,30m,15m,5m,1d",enrich,,,,0,ok,"",2026-07-21 06:57:25.734265+00
64349,DOGEUSDT,1m,ohlcv,60278,8,60283,0,quarantined,Data is stale: last candle 2 min ago,2026-07-21 06:57:03.04161+00
64348,ETHUSDT,"4h,1h,30m,15m,5m,1d",enrich,,,,0,ok,"",2026-07-21 06:57:01.700853+00
64347,BTCUSDT,"4h,1h,30m,15m,5m,1d",enrich,,,,0,ok,"",2026-07-21 06:56:35.09585+00
64346,DOGEUSDT,30m,ohlcv,62268,5,62270,0,ok,"",2026-07-21 06:56:07.157856+00
64345,BNBUSDT,1m,ohlcv,60277,8,60282,0,ok,"",2026-07-21 06:55:56.120775+00
64344,BNBUSDT,30m,ohlcv,62268,5,62270,0,ok,"",2026-07-21 06:54:53.690363+00
64343,XRPUSDT,1m,ohlcv,60276,8,60281,0,ok,"",2026-07-21 06:54:47.955901+00
64342,XRPUSDT,30m,ohlcv,62268,5,62270,0,ok,"",2026-07-21 06:53:51.323847+00
64341,SOLUSDT,1m,ohlcv,60275,8,60280,0,ok,"",2026-07-21 06:53:49.09766+00
64340,ETHUSDT,1m,ohlcv,57085,8,57090,0,ok,"",2026-07-21 06:52:49.23511+00
64339,SOLUSDT,30m,ohlcv,62268,5,62270,0,ok,"",2026-07-21 06:52:46.985879+00
64338,BTCUSDT,1m,ohlcv,60275,8,60280,0,ok,"",2026-07-21 06:51:53.447131+00
64337,ETHUSDT,30m,ohlcv,62268,5,62270,0,ok,"",2026-07-21 06:51:44.266185+00
64336,DOGEUSDT,1m,ohlcv,60272,8,60277,0,ok,"",2026-07-21 06:50:53.347868+00
64335,BTCUSDT,30m,ohlcv,62268,5,62270,0,ok,"",2026-07-21 06:50:38.331989+00
64334,BNBUSDT,1m,ohlcv,60271,8,60276,0,ok,"",2026-07-21 06:49:41.624067+00
64333,DOGEUSDT,15m,ohlcv,124536,7,124540,0,ok,"",2026-07-21 06:49:27.306876+00
64332,XRPUSDT,1m,ohlcv,60270,8,60275,0,ok,"",2026-07-21 06:48:39.438451+00
64331,SOLUSDT,1m,ohlcv,60269,8,60274,0,ok,"",2026-07-21 06:47:38.279143+00
64330,BNBUSDT,15m,ohlcv,124536,7,124540,0,ok,"",2026-07-21 06:47:08.224475+00
64329,ETHUSDT,1m,ohlcv,57079,8,57084,0,ok,"",2026-07-21 06:46:36.832286+00
64328,BTCUSDT,1m,ohlcv,60269,8,60274,0,ok,"",2026-07-21 06:45:36.853619+00
64327,XRPUSDT,15m,ohlcv,124535,7,124539,0,ok,"",2026-07-21 06:45:00.574252+00
64326,DOGEUSDT,1m,ohlcv,60265,9,60271,0,ok,"",2026-07-21 06:44:30.134712+00
64325,BNBUSDT,1m,ohlcv,60264,9,60270,0,ok,"",2026-07-21 06:43:26.050769+00
64324,SOLUSDT,15m,ohlcv,124535,7,124539,0,ok,"",2026-07-21 06:42:50.569114+00
64323,XRPUSDT,1m,ohlcv,60263,9,60269,0,ok,"",2026-07-21 06:42:24.228768+00
64322,SOLUSDT,1m,ohlcv,60262,9,60268,0,ok,"",2026-07-21 06:41:25.040299+00
64321,ETHUSDT,15m,ohlcv,124535,7,124539,0,ok,"",2026-07-21 06:40:45.674109+00
64320,ETHUSDT,1m,ohlcv,57072,9,57078,0,ok,"",2026-07-21 06:40:25.805083+00
64319,BTCUSDT,1m,ohlcv,60262,9,60268,0,ok,"",2026-07-21 06:39:23.736321+00
64318,BTCUSDT,15m,ohlcv,124535,7,124539,0,ok,"",2026-07-21 06:38:28.482598+00
64317,DOGEUSDT,1m,ohlcv,60259,9,60265,0,ok,"",2026-07-21 06:38:23.209695+00
64316,BNBUSDT,1m,ohlcv,60258,9,60264,0,ok,"",2026-07-21 06:37:15.54105+00
64315,DOGEUSDT,5m,ohlcv,373603,14,373614,0,quarantined,Data is stale: last candle 11 min ago,2026-07-21 06:36:20.042471+00
64314,XRPUSDT,1m,ohlcv,60257,9,60263,0,ok,"",2026-07-21 06:36:14.919258+00
64313,SOLUSDT,1m,ohlcv,60255,10,60262,0,ok,"",2026-07-21 06:35:10.892484+00
64312,ETHUSDT,1m,ohlcv,57066,9,57072,0,ok,"",2026-07-21 06:34:00.772734+00
64311,BTCUSDT,1m,ohlcv,60256,9,60262,0,ok,"",2026-07-21 06:33:04.205596+00
64310,DOGEUSDT,1m,ohlcv,60252,9,60258,0,quarantined,Data is stale: last candle 2 min ago,2026-07-21 06:32:02.593445+00
64309,BNBUSDT,1m,ohlcv,60251,9,60257,0,ok,"",2026-07-21 06:30:51.337797+00
64308,XRPUSDT,1m,ohlcv,60250,9,60256,0,ok,"",2026-07-21 06:29:50.755696+00
64307,BNBUSDT,5m,ohlcv,373602,14,373613,0,ok,"",2026-07-21 06:29:18.64709+00
64306,SOLUSDT,1m,ohlcv,60249,9,60255,0,ok,"",2026-07-21 06:28:42.695107+00
64305,ETHUSDT,1m,ohlcv,57059,9,57065,0,ok,"",2026-07-21 06:27:43.142905+00
64304,BTCUSDT,1m,ohlcv,60249,9,60255,0,ok,"",2026-07-21 06:26:44.952882+00
64303,DOGEUSDT,1m,ohlcv,60246,9,60252,0,ok,"",2026-07-21 06:25:45.217407+00
64302,BNBUSDT,1m,ohlcv,60245,9,60251,0,ok,"",2026-07-21 06:24:37.408262+00
64301,XRPUSDT,1m,ohlcv,60244,9,60250,0,ok,"",2026-07-21 06:23:32.539745+00
64300,XRPUSDT,5m,ohlcv,373599,16,373612,0,ok,"",2026-07-21 06:22:48.178222+00
64299,SOLUSDT,1m,ohlcv,60243,9,60249,0,ok,"",2026-07-21 06:22:31.550118+00
64298,ETHUSDT,1m,ohlcv,57053,9,57059,0,ok,"",2026-07-21 06:21:32.612708+00
64297,BTCUSDT,1m,ohlcv,60243,9,60249,0,ok,"",2026-07-21 06:20:37.646333+00
64296,DOGEUSDT,1m,ohlcv,60240,9,60246,0,ok,"",2026-07-21 06:19:36.605218+00
64295,BNBUSDT,1m,ohlcv,60239,9,60245,0,ok,"",2026-07-21 06:18:32.370508+00
64294,XRPUSDT,1m,ohlcv,60238,9,60244,0,ok,"",2026-07-21 06:17:24.547247+00
64293,SOLUSDT,5m,ohlcv,373599,15,373611,0,ok,"",2026-07-21 06:16:30.647018+00
64292,SOLUSDT,1m,ohlcv,60237,9,60243,0,ok,"",2026-07-21 06:16:21.990784+00
64291,ETHUSDT,1m,ohlcv,57047,9,57053,0,ok,"",2026-07-21 06:15:20.643347+00
64290,BTCUSDT,1m,ohlcv,60237,9,60243,0,ok,"",2026-07-21 06:14:29.259172+00
64289,DOGEUSDT,1m,ohlcv,60234,9,60240,0,ok,"",2026-07-21 06:13:29.472055+00
64288,BNBUSDT,1m,ohlcv,60233,9,60239,0,ok,"",2026-07-21 06:12:18.455032+00
64287,XRPUSDT,1m,ohlcv,60232,9,60238,0,ok,"",2026-07-21 06:11:19.69585+00
64286,ETHUSDT,5m,ohlcv,373598,14,373609,0,quarantined,Data is stale: last candle 10 min ago,2026-07-21 06:10:25.217152+00
64285,SOLUSDT,1m,ohlcv,60231,9,60237,0,ok,"",2026-07-21 06:10:19.220759+00
64284,ETHUSDT,1m,ohlcv,57041,9,57047,0,ok,"",2026-07-21 06:09:18.685483+00
64283,BTCUSDT,1m,ohlcv,60231,9,60237,0,ok,"",2026-07-21 06:08:20.13351+00
64282,DOGEUSDT,1m,ohlcv,60228,9,60234,0,ok,"",2026-07-21 06:07:12.383958+00
64281,BNBUSDT,1m,ohlcv,60227,9,60233,0,ok,"",2026-07-21 06:06:06.879237+00
64280,XRPUSDT,1m,ohlcv,60226,9,60232,0,ok,"",2026-07-21 06:05:06.999696+00
64279,SOLUSDT,1m,ohlcv,60225,9,60231,0,ok,"",2026-07-21 06:04:12.464465+00
64278,BTCUSDT,5m,ohlcv,373597,14,373608,0,ok,"",2026-07-21 06:04:06.702312+00
64277,ETHUSDT,1m,ohlcv,57035,9,57041,0,ok,"",2026-07-21 06:03:12.946853+00
64276,BTCUSDT,1m,ohlcv,60225,9,60231,0,ok,"",2026-07-21 06:02:04.896777+00
64275,DOGEUSDT,1m,ohlcv,60222,8,60227,0,quarantined,Data is stale: last candle 2 min ago,2026-07-21 06:01:03.613574+00
64274,BNBUSDT,1m,ohlcv,60221,9,60227,0,ok,"",2026-07-21 05:59:56.349097+00
64273,XRPUSDT,1m,ohlcv,60219,10,60226,0,ok,"",2026-07-21 05:59:00.161539+00
64272,SOLUSDT,1m,ohlcv,60218,10,60225,0,ok,"",2026-07-21 05:58:04.397227+00
64271,DOGEUSDT,snapshot,orderbook,,100,,0,ok,"",2026-07-21 05:57:59.391797+00
64270,BNBUSDT,snapshot,orderbook,,100,,0,ok,"",2026-07-21 05:57:57.371853+00
64269,XRPUSDT,snapshot,orderbook,,100,,0,ok,"",2026-07-21 05:57:55.330882+00
64268,SOLUSDT,snapshot,orderbook,,100,,0,ok,"",2026-07-21 05:57:53.404273+00
64267,ETHUSDT,snapshot,orderbook,,100,,0,ok,"",2026-07-21 05:57:51.775895+00
64266,BTCUSDT,snapshot,orderbook,,100,,0,ok,"",2026-07-21 05:57:49.405587+00
64265,DOGEUSDT,4h,ohlcv,7784,3,7784,0,ok,"",2026-07-21 05:57:47.851035+00
64264,BNBUSDT,4h,ohlcv,7784,3,7784,0,ok,"",2026-07-21 05:57:37.343293+00
64263,XRPUSDT,4h,ohlcv,7784,3,7784,0,ok,"",2026-07-21 05:57:25.962848+00
64262,SOLUSDT,4h,ohlcv,7784,3,7784,0,ok,"",2026-07-21 05:57:17.406316+00
64261,ETHUSDT,4h,ohlcv,7784,3,7784,0,ok,"",2026-07-21 05:57:07.406124+00
64260,ETHUSDT,1m,ohlcv,57028,10,57035,0,ok,"",2026-07-21 05:57:05.911892+00
64259,BTCUSDT,4h,ohlcv,7784,3,7784,0,ok,"",2026-07-21 05:56:57.049356+00
64258,DOGEUSDT,1h,open_interest_1h,31226,200,31227,0,ok,"",2026-07-21 05:56:47.331677+00
64257,BNBUSDT,1h,open_interest_1h,31226,200,31227,0,ok,"",2026-07-21 05:56:45.506857+00
64256,XRPUSDT,1h,open_interest_1h,31226,200,31227,0,ok,"",2026-07-21 05:56:43.512473+00
64255,SOLUSDT,1h,open_interest_1h,31226,200,31227,0,ok,"",2026-07-21 05:56:41.46488+00
64254,ETHUSDT,1h,open_interest_1h,31226,200,31227,0,ok,"",2026-07-21 05:56:39.29846+00
64253,BTCUSDT,1h,open_interest_1h,31226,200,31227,0,ok,"",2026-07-21 05:56:37.062092+00
64252,DOGEUSDT,8h,funding_rate,3928,200,3928,0,ok,"",2026-07-21 05:56:34.926104+00
64251,BNBUSDT,8h,funding_rate,3928,200,3928,0,ok,"",2026-07-21 05:56:33.02227+00
64250,XRPUSDT,8h,funding_rate,3928,200,3928,0,ok,"",2026-07-21 05:56:30.839104+00
64249,SOLUSDT,8h,funding_rate,3928,200,3928,0,ok,"",2026-07-21 05:56:28.942549+00
64248,ETHUSDT,8h,funding_rate,3928,200,3928,0,ok,"",2026-07-21 05:56:26.731569+00
64247,BTCUSDT,8h,funding_rate,3928,200,3928,0,ok,"",2026-07-21 05:56:24.903742+00
64246,DOGEUSDT,1h,ohlcv,31133,4,31134,0,ok,"",2026-07-21 05:56:23.535884+00
64245,BTCUSDT,1m,ohlcv,60218,10,60225,0,ok,"",2026-07-21 05:56:10.796931+00
64244,BNBUSDT,1h,ohlcv,31133,4,31134,0,ok,"",2026-07-21 05:55:49.426269+00
64243,XRPUSDT,1h,ohlcv,31133,4,31134,0,ok,"",2026-07-21 05:55:15.849607+00
64242,DOGEUSDT,1m,ohlcv,60215,10,60222,0,ok,"",2026-07-21 05:55:10.145864+00
64241,SOLUSDT,1h,ohlcv,31133,4,31134,0,ok,"",2026-07-21 05:54:43.355509+00
64240,ETHUSDT,1h,ohlcv,31133,4,31134,0,ok,"",2026-07-21 05:54:07.432869+00
64239,BNBUSDT,1m,ohlcv,60214,10,60221,0,ok,"",2026-07-21 05:54:03.94921+00
64238,BTCUSDT,1h,ohlcv,31133,4,31134,0,ok,"",2026-07-21 05:53:33.810515+00
64237,XRPUSDT,1m,ohlcv,60213,9,60219,0,quarantined,Data is stale: last candle 2 min ago,2026-07-21 05:53:02.041649+00
64236,DOGEUSDT,"4h,1h,30m,15m,5m,1d",enrich,,,,0,ok,"",2026-07-21 05:53:00.125863+00
64235,BNBUSDT,"4h,1h,30m,15m,5m,1d",enrich,,,,0,ok,"",2026-07-21 05:52:31.255069+00
64234,XRPUSDT,"4h,1h,30m,15m,5m,1d",enrich,,,,0,ok,"",2026-07-21 05:51:59.121191+00
64233,SOLUSDT,1m,ohlcv,60212,9,60218,0,ok,"",2026-07-21 05:51:55.930666+00
64232,SOLUSDT,"4h,1h,30m,15m,5m,1d",enrich,,,,0,ok,"",2026-07-21 05:51:24.953987+00
64231,ETHUSDT,"4h,1h,30m,15m,5m,1d",enrich,,,,0,ok,"",2026-07-21 05:50:57.757872+00
64230,ETHUSDT,1m,ohlcv,57022,9,57028,0,ok,"",2026-07-21 05:50:51.017283+00
64229,BTCUSDT,"4h,1h,30m,15m,5m,1d",enrich,,,,0,ok,"",2026-07-21 05:50:27.80315+00
64228,DOGEUSDT,30m,ohlcv,62266,5,62268,0,ok,"",2026-07-21 05:49:56.209375+00
64227,BTCUSDT,1m,ohlcv,60212,9,60218,0,ok,"",2026-07-21 05:49:49.283469+00
64226,DOGEUSDT,1m,ohlcv,60209,9,60215,0,ok,"",2026-07-21 05:48:45.736882+00
64225,BNBUSDT,30m,ohlcv,62266,5,62268,0,ok,"",2026-07-21 05:48:45.551174+00
64224,XRPUSDT,30m,ohlcv,62266,5,62268,0,ok,"",2026-07-21 05:47:45.294083+00
64223,BNBUSDT,1m,ohlcv,60208,9,60214,0,ok,"",2026-07-21 05:47:42.383171+00
64222,XRPUSDT,1m,ohlcv,60207,9,60213,0,ok,"",2026-07-21 05:46:39.918856+00
64221,SOLUSDT,30m,ohlcv,62266,5,62268,0,ok,"",2026-07-21 05:46:36.867911+00
64220,SOLUSDT,1m,ohlcv,60206,9,60212,0,ok,"",2026-07-21 05:45:35.472722+00
64219,ETHUSDT,30m,ohlcv,62266,5,62268,0,ok,"",2026-07-21 05:45:27.739846+00
64218,ETHUSDT,1m,ohlcv,57016,9,57022,0,ok,"",2026-07-21 05:44:33.488435+00
64217,BTCUSDT,30m,ohlcv,62266,5,62268,0,ok,"",2026-07-21 05:44:23.697783+00
64216,BTCUSDT,1m,ohlcv,60206,9,60212,0,ok,"",2026-07-21 05:43:38.501125+00
64215,DOGEUSDT,15m,ohlcv,124531,7,124535,0,ok,"",2026-07-21 05:43:21.521824+00
64214,DOGEUSDT,1m,ohlcv,60203,9,60209,0,ok,"",2026-07-21 05:42:36.675946+00
64213,BNBUSDT,1m,ohlcv,60202,9,60208,0,ok,"",2026-07-21 05:41:28.84419+00
64212,BNBUSDT,15m,ohlcv,124531,7,124535,0,ok,"",2026-07-21 05:41:00.715868+00
64211,XRPUSDT,1m,ohlcv,60201,9,60207,0,ok,"",2026-07-21 05:40:26.648693+00
64210,SOLUSDT,1m,ohlcv,60200,9,60206,0,ok,"",2026-07-21 05:39:26.387094+00
64209,XRPUSDT,15m,ohlcv,124531,7,124535,0,ok,"",2026-07-21 05:38:59.550018+00
64208,ETHUSDT,1m,ohlcv,57010,9,57016,0,ok,"",2026-07-21 05:38:28.827645+00
64207,BTCUSDT,1m,ohlcv,60200,9,60206,0,ok,"",2026-07-21 05:37:32.725848+00
64206,SOLUSDT,15m,ohlcv,124531,7,124535,0,ok,"",2026-07-21 05:36:57.059959+00
64205,DOGEUSDT,1m,ohlcv,60197,9,60203,0,ok,"",2026-07-21 05:36:31.868077+00
64204,BNBUSDT,1m,ohlcv,60196,9,60202,0,ok,"",2026-07-21 05:35:24.911125+00
64203,ETHUSDT,15m,ohlcv,124531,7,124535,0,ok,"",2026-07-21 05:34:50.378406+00
64202,XRPUSDT,1m,ohlcv,60195,9,60201,0,ok,"",2026-07-21 05:34:25.123852+00
64201,SOLUSDT,1m,ohlcv,60194,9,60200,0,ok,"",2026-07-21 05:33:25.257622+00
64200,BTCUSDT,15m,ohlcv,124531,7,124535,0,ok,"",2026-07-21 05:32:47.110101+00
64199,ETHUSDT,1m,ohlcv,57004,9,57010,0,ok,"",2026-07-21 05:32:27.390268+00
64198,BTCUSDT,1m,ohlcv,60194,9,60200,0,ok,"",2026-07-21 05:31:28.988027+00
64197,DOGEUSDT,5m,ohlcv,373590,14,373601,0,quarantined,Data is stale: last candle 11 min ago,2026-07-21 05:30:40.799174+00
64196,DOGEUSDT,1m,ohlcv,60191,9,60197,0,ok,"",2026-07-21 05:30:25.760086+00
64195,BNBUSDT,1m,ohlcv,60190,9,60196,0,ok,"",2026-07-21 05:29:22.381909+00
64194,XRPUSDT,1m,ohlcv,60189,9,60195,0,ok,"",2026-07-21 05:28:24.092037+00
64193,SOLUSDT,1m,ohlcv,60188,9,60194,0,ok,"",2026-07-21 05:27:26.675162+00
64192,ETHUSDT,1m,ohlcv,56998,9,57004,0,ok,"",2026-07-21 05:26:24.149103+00
64191,BTCUSDT,1m,ohlcv,60188,9,60194,0,ok,"",2026-07-21 05:25:27.268583+00
64190,DOGEUSDT,1m,ohlcv,60185,9,60191,0,ok,"",2026-07-21 05:24:24.25285+00
64189,BNBUSDT,5m,ohlcv,373589,14,373600,0,ok,"",2026-07-21 05:24:01.533643+00
64188,BNBUSDT,1m,ohlcv,60184,9,60190,0,ok,"",2026-07-21 05:23:21.714439+00
64187,XRPUSDT,1m,ohlcv,60183,9,60189,0,ok,"",2026-07-21 05:22:24.015016+00
64186,SOLUSDT,1m,ohlcv,60182,9,60188,0,ok,"",2026-07-21 05:21:25.762607+00
64185,ETHUSDT,1m,ohlcv,56992,9,56998,0,ok,"",2026-07-21 05:20:22.620166+00
64184,BTCUSDT,1m,ohlcv,60182,9,60188,0,ok,"",2026-07-21 05:19:20.039566+00
64183,DOGEUSDT,1m,ohlcv,60179,9,60185,0,ok,"",2026-07-21 05:18:21.725568+00
64182,XRPUSDT,5m,ohlcv,373574,28,373599,0,ok,"",2026-07-21 05:17:51.021999+00
64181,BNBUSDT,1m,ohlcv,60178,9,60184,0,ok,"",2026-07-21 05:17:14.919905+00
64180,XRPUSDT,1m,ohlcv,60177,9,60183,0,ok,"",2026-07-21 05:16:13.296046+00
64179,SOLUSDT,1m,ohlcv,60176,9,60182,0,ok,"",2026-07-21 05:15:13.674646+00
64178,ETHUSDT,1m,ohlcv,56986,9,56992,0,ok,"",2026-07-21 05:14:12.058855+00
64177,BTCUSDT,1m,ohlcv,60176,9,60182,0,ok,"",2026-07-21 05:13:15.443295+00
64176,DOGEUSDT,1m,ohlcv,60172,10,60179,0,ok,"",2026-07-21 05:12:13.545772+00
64175,SOLUSDT,5m,ohlcv,373586,15,373598,0,ok,"",2026-07-21 05:11:42.902503+00
64174,BNBUSDT,1m,ohlcv,60171,10,60178,0,ok,"",2026-07-21 05:11:10.330414+00
64173,XRPUSDT,1m,ohlcv,60170,10,60177,0,ok,"",2026-07-21 05:10:07.815083+00
64172,SOLUSDT,1m,ohlcv,60169,10,60176,0,ok,"",2026-07-21 05:09:02.348309+00
64171,ETHUSDT,1m,ohlcv,56979,10,56986,0,ok,"",2026-07-21 05:08:04.563101+00
64170,BTCUSDT,1m,ohlcv,60169,10,60176,0,ok,"",2026-07-21 05:07:08.114409+00
64169,DOGEUSDT,1m,ohlcv,60166,9,60172,0,quarantined,Data is stale: last candle 2 min ago,2026-07-21 05:06:07.485678+00
64168,ETHUSDT,5m,ohlcv,373585,14,373596,0,quarantined,Data is stale: last candle 10 min ago,2026-07-21 05:05:30.01455+00
64167,BNBUSDT,1m,ohlcv,60165,9,60171,0,ok,"",2026-07-21 05:04:51.987318+00
64166,XRPUSDT,1m,ohlcv,60164,9,60170,0,ok,"",2026-07-21 05:03:48.105172+00
64165,SOLUSDT,1m,ohlcv,60163,9,60169,0,ok,"",2026-07-21 05:02:46.816893+00
64164,ETHUSDT,1m,ohlcv,56974,8,56979,0,ok,"",2026-07-21 05:01:46.966907+00
64163,BTCUSDT,1m,ohlcv,60164,8,60169,0,ok,"",2026-07-21 05:00:50.312011+00
64162,DOGEUSDT,1m,ohlcv,60161,8,60166,0,ok,"",2026-07-21 04:59:49.777362+00
64161,BTCUSDT,5m,ohlcv,373584,14,373595,0,ok,"",2026-07-21 04:59:22.266086+00
64160,BNBUSDT,1m,ohlcv,60160,8,60165,0,ok,"",2026-07-21 04:58:50.729236+00
64159,XRPUSDT,1m,ohlcv,60159,8,60164,0,ok,"",2026-07-21 04:57:51.456756+00
64158,SOLUSDT,1m,ohlcv,60158,8,60163,0,ok,"",2026-07-21 04:56:52.787947+00
64157,ETHUSDT,1m,ohlcv,56968,9,56974,0,ok,"",2026-07-21 04:55:55.111003+00
64156,BTCUSDT,1m,ohlcv,60158,9,60164,0,ok,"",2026-07-21 04:55:03.331444+00
64155,DOGEUSDT,1m,ohlcv,60155,9,60161,0,ok,"",2026-07-21 04:54:05.637863+00
64154,DOGEUSDT,snapshot,orderbook,,100,,0,ok,"",2026-07-21 04:53:36.790677+00
64153,BNBUSDT,snapshot,orderbook,,100,,0,ok,"",2026-07-21 04:53:34.324473+00
64152,XRPUSDT,snapshot,orderbook,,100,,0,ok,"",2026-07-21 04:53:32.341319+00
64151,SOLUSDT,snapshot,orderbook,,100,,0,ok,"",2026-07-21 04:53:30.26289+00
64150,ETHUSDT,snapshot,orderbook,,100,,0,ok,"",2026-07-21 04:53:28.360098+00
64149,BTCUSDT,snapshot,orderbook,,100,,0,ok,"",2026-07-21 04:53:26.659295+00
64148,DOGEUSDT,1h,open_interest_1h,31225,200,31226,0,ok,"",2026-07-21 04:53:24.707126+00
64147,BNBUSDT,1h,open_interest_1h,31225,200,31226,0,ok,"",2026-07-21 04:53:22.705697+00
64146,XRPUSDT,1h,open_interest_1h,31225,200,31226,0,ok,"",2026-07-21 04:53:20.699166+00
64145,SOLUSDT,1h,open_interest_1h,31225,200,31226,0,ok,"",2026-07-21 04:53:18.578465+00
64144,ETHUSDT,1h,open_interest_1h,31225,200,31226,0,ok,"",2026-07-21 04:53:16.966565+00
64143,BTCUSDT,1h,open_interest_1h,31225,200,31226,0,ok,"",2026-07-21 04:53:13.989797+00
64142,DOGEUSDT,8h,funding_rate,3928,200,3928,0,ok,"",2026-07-21 04:53:11.853632+00
64141,BNBUSDT,8h,funding_rate,3928,200,3928,0,ok,"",2026-07-21 04:53:09.671349+00
64140,XRPUSDT,8h,funding_rate,3928,200,3928,0,ok,"",2026-07-21 04:53:07.701622+00
64139,SOLUSDT,8h,funding_rate,3928,200,3928,0,ok,"",2026-07-21 04:53:05.713453+00
64138,BNBUSDT,1m,ohlcv,60154,9,60160,0,ok,"",2026-07-21 04:53:05.6292+00
64137,ETHUSDT,8h,funding_rate,3928,200,3928,0,ok,"",2026-07-21 04:53:03.664673+00
64136,BTCUSDT,8h,funding_rate,3928,200,3928,0,ok,"",2026-07-21 04:53:01.69469+00
64135,DOGEUSDT,1h,ohlcv,31132,4,31133,0,ok,"",2026-07-21 04:53:00.507777+00
64134,BNBUSDT,1h,ohlcv,31132,4,31133,0,ok,"",2026-07-21 04:52:27.403214+00
64133,XRPUSDT,1m,ohlcv,60153,9,60159,0,ok,"",2026-07-21 04:52:06.507739+00
64132,XRPUSDT,1h,ohlcv,31132,4,31133,0,ok,"",2026-07-21 04:51:55.058853+00
64131,SOLUSDT,1h,ohlcv,31132,4,31133,0,ok,"",2026-07-21 04:51:23.204482+00
64130,SOLUSDT,1m,ohlcv,60152,9,60158,0,ok,"",2026-07-21 04:51:08.771651+00
64129,ETHUSDT,1h,ohlcv,31132,4,31133,0,ok,"",2026-07-21 04:50:51.615995+00
64128,BTCUSDT,1h,ohlcv,31132,4,31133,0,ok,"",2026-07-21 04:50:20.620866+00
64127,ETHUSDT,1m,ohlcv,56962,9,56968,0,ok,"",2026-07-21 04:50:10.731698+00
64126,DOGEUSDT,"4h,1h,30m,15m,5m,1d",enrich,,,,0,ok,"",2026-07-21 04:49:47.823915+00
64125,BNBUSDT,"4h,1h,30m,15m,5m,1d",enrich,,,,0,ok,"",2026-07-21 04:49:19.474246+00
64124,BTCUSDT,1m,ohlcv,60152,9,60158,0,ok,"",2026-07-21 04:49:14.600959+00
64123,XRPUSDT,"4h,1h,30m,15m,5m,1d",enrich,,,,0,ok,"",2026-07-21 04:48:54.67786+00
64122,SOLUSDT,"4h,1h,30m,15m,5m,1d",enrich,,,,0,ok,"",2026-07-21 04:48:29.235496+00
64121,DOGEUSDT,1m,ohlcv,60149,9,60155,0,ok,"",2026-07-21 04:48:13.789302+00
64120,ETHUSDT,"4h,1h,30m,15m,5m,1d",enrich,,,,0,ok,"",2026-07-21 04:47:59.440453+00
64119,BTCUSDT,"4h,1h,30m,15m,5m,1d",enrich,,,,0,ok,"",2026-07-21 04:47:33.065856+00
64118,DOGEUSDT,30m,ohlcv,62264,5,62266,0,ok,"",2026-07-21 04:47:06.423937+00
64117,BNBUSDT,1m,ohlcv,60148,9,60154,0,ok,"",2026-07-21 04:47:05.366416+00
64116,XRPUSDT,1m,ohlcv,60147,9,60153,0,ok,"",2026-07-21 04:46:08.347556+00
64115,BNBUSDT,30m,ohlcv,62264,5,62266,0,ok,"",2026-07-21 04:45:59.882114+00
64114,SOLUSDT,1m,ohlcv,60146,9,60152,0,ok,"",2026-07-21 04:45:09.058746+00
64113,XRPUSDT,30m,ohlcv,62264,5,62266,0,ok,"",2026-07-21 04:44:58.922151+00
64112,ETHUSDT,1m,ohlcv,56956,9,56962,0,ok,"",2026-07-21 04:44:10.717561+00
64111,SOLUSDT,30m,ohlcv,62264,5,62266,0,ok,"",2026-07-21 04:43:58.406686+00
64110,BTCUSDT,1m,ohlcv,60146,9,60152,0,ok,"",2026-07-21 04:43:15.83884+00
64109,ETHUSDT,30m,ohlcv,62264,5,62266,0,ok,"",2026-07-21 04:42:56.535082+00
64108,DOGEUSDT,1m,ohlcv,60143,9,60149,0,ok,"",2026-07-21 04:42:11.745212+00
64107,BTCUSDT,30m,ohlcv,62264,5,62266,0,ok,"",2026-07-21 04:41:54.276459+00
64106,BNBUSDT,1m,ohlcv,60142,9,60148,0,ok,"",2026-07-21 04:41:07.970607+00
64105,DOGEUSDT,15m,ohlcv,124527,7,124531,0,ok,"",2026-07-21 04:40:48.854476+00
64104,XRPUSDT,1m,ohlcv,60141,9,60147,0,ok,"",2026-07-21 04:40:09.100094+00
64103,SOLUSDT,1m,ohlcv,60140,9,60146,0,ok,"",2026-07-21 04:39:05.725849+00
64102,BNBUSDT,15m,ohlcv,124527,7,124531,0,ok,"",2026-07-21 04:38:36.922207+00
64101,ETHUSDT,1m,ohlcv,56950,9,56956,0,ok,"",2026-07-21 04:38:08.181239+00
64100,BTCUSDT,1m,ohlcv,60140,9,60146,0,ok,"",2026-07-21 04:37:08.004358+00
64099,XRPUSDT,15m,ohlcv,124527,7,124531,0,ok,"",2026-07-21 04:36:34.66894+00
64098,DOGEUSDT,1m,ohlcv,60137,9,60143,0,ok,"",2026-07-21 04:36:10.027338+00
64097,BNBUSDT,1m,ohlcv,60136,9,60142,0,ok,"",2026-07-21 04:35:05.857318+00
64096,SOLUSDT,15m,ohlcv,124527,7,124531,0,ok,"",2026-07-21 04:34:32.385606+00
64095,XRPUSDT,1m,ohlcv,60135,9,60141,0,ok,"",2026-07-21 04:34:05.966519+00
64094,SOLUSDT,1m,ohlcv,60134,9,60140,0,ok,"",2026-07-21 04:33:05.944864+00
64093,ETHUSDT,15m,ohlcv,124527,7,124531,0,ok,"",2026-07-21 04:32:30.990928+00
64092,ETHUSDT,1m,ohlcv,56944,9,56950,0,ok,"",2026-07-21 04:32:02.988526+00
64091,BTCUSDT,1m,ohlcv,60134,9,60140,0,ok,"",2026-07-21 04:31:06.537841+00
64090,BTCUSDT,15m,ohlcv,124526,7,124530,0,ok,"",2026-07-21 04:30:23.468637+00
64089,DOGEUSDT,1m,ohlcv,60131,9,60137,0,ok,"",2026-07-21 04:30:08.282468+00
64088,BNBUSDT,1m,ohlcv,60130,9,60136,0,ok,"",2026-07-21 04:29:05.103074+00
64087,DOGEUSDT,5m,ohlcv,373577,15,373589,0,ok,"",2026-07-21 04:28:19.497216+00
64086,XRPUSDT,1m,ohlcv,60129,9,60135,0,ok,"",2026-07-21 04:28:07.263845+00
64085,SOLUSDT,1m,ohlcv,60128,9,60134,0,ok,"",2026-07-21 04:27:07.889569+00
64084,ETHUSDT,1m,ohlcv,56938,9,56944,0,ok,"",2026-07-21 04:26:09.922858+00
64083,BTCUSDT,1m,ohlcv,60128,9,60134,0,ok,"",2026-07-21 04:25:13.392886+00
64082,DOGEUSDT,1m,ohlcv,60124,10,60131,0,ok,"",2026-07-21 04:24:13.952379+00
64081,BNBUSDT,1m,ohlcv,60129,4,60130,0,ok,"",2026-07-21 04:23:06.576947+00
64080,XRPUSDT,1m,ohlcv,60122,10,60129,0,ok,"",2026-07-21 04:22:05.394382+00
64079,BNBUSDT,5m,ohlcv,373563,28,373588,0,ok,"",2026-07-21 04:21:30.259541+00
64078,SOLUSDT,1m,ohlcv,60127,4,60128,0,ok,"",2026-07-21 04:21:01.484973+00
64077,ETHUSDT,1m,ohlcv,56931,10,56938,0,ok,"",2026-07-21 04:20:01.884383+00
64076,BTCUSDT,1m,ohlcv,60126,5,60128,0,ok,"",2026-07-21 04:19:02.740442+00
64075,DOGEUSDT,1m,ohlcv,60118,9,60124,0,ok,"",2026-07-21 04:17:59.800943+00
64074,BNBUSDT,1m,ohlcv,60122,4,60123,0,ok,"",2026-07-21 04:16:54.089794+00
64073,XRPUSDT,1m,ohlcv,60121,4,60122,0,ok,"",2026-07-21 04:15:51.140422+00
64072,XRPUSDT,5m,ohlcv,373574,15,373586,0,quarantined,Data is stale: last candle 10 min ago,2026-07-21 04:15:15.873527+00
64071,SOLUSDT,1m,ohlcv,60120,4,60121,0,ok,"",2026-07-21 04:14:52.173733+00
64070,ETHUSDT,1m,ohlcv,56930,4,56931,0,ok,"",2026-07-21 04:13:51.569768+00
64069,BTCUSDT,1m,ohlcv,60120,4,60121,0,ok,"",2026-07-21 04:12:54.20188+00
64068,DOGEUSDT,1m,ohlcv,60117,4,60118,0,ok,"",2026-07-21 04:11:53.639387+00
64067,BNBUSDT,1m,ohlcv,60116,4,60117,0,ok,"",2026-07-21 04:10:44.773875+00
64066,XRPUSDT,1m,ohlcv,60115,4,60116,0,ok,"",2026-07-21 04:09:42.074102+00
64065,SOLUSDT,5m,ohlcv,373573,15,373585,0,ok,"",2026-07-21 04:08:59.358785+00
64064,SOLUSDT,1m,ohlcv,60114,4,60115,0,ok,"",2026-07-21 04:08:41.375667+00
64063,ETHUSDT,1m,ohlcv,56924,4,56925,0,ok,"",2026-07-21 04:07:40.649788+00
64062,BTCUSDT,1m,ohlcv,60109,9,60115,0,ok,"",2026-07-21 04:06:43.753964+00
64061,DOGEUSDT,1m,ohlcv,60110,5,60112,0,ok,"",2026-07-21 04:05:36.414365+00
64060,BNBUSDT,1m,ohlcv,60109,5,60111,0,ok,"",2026-07-21 04:04:25.295532+00
64059,XRPUSDT,1m,ohlcv,60108,5,60110,0,ok,"",2026-07-21 04:03:26.486843+00
64058,ETHUSDT,5m,ohlcv,373572,15,373584,0,ok,"",2026-07-21 04:02:34.16878+00
64057,SOLUSDT,1m,ohlcv,60107,5,60109,0,ok,"",2026-07-21 04:02:23.899198+00
64056,ETHUSDT,1m,ohlcv,56917,5,56919,0,ok,"",2026-07-21 04:01:23.825286+00
64055,BTCUSDT,1m,ohlcv,60107,5,60109,0,ok,"",2026-07-21 04:00:19.826506+00
64054,DOGEUSDT,1m,ohlcv,60104,5,60106,0,ok,"",2026-07-21 03:59:18.56787+00
64053,BNBUSDT,1m,ohlcv,60103,5,60105,0,ok,"",2026-07-21 03:58:15.680977+00
64052,XRPUSDT,1m,ohlcv,60102,5,60104,0,ok,"",2026-07-21 03:57:13.491572+00
64051,BTCUSDT,5m,ohlcv,373558,28,373583,0,ok,"",2026-07-21 03:56:17.896984+00
64050,SOLUSDT,1m,ohlcv,60101,5,60103,0,ok,"",2026-07-21 03:56:13.898192+00
64049,ETHUSDT,1m,ohlcv,56911,5,56913,0,ok,"",2026-07-21 03:55:13.372831+00
64048,BTCUSDT,1m,ohlcv,60101,5,60103,0,ok,"",2026-07-21 03:54:17.332577+00
64047,DOGEUSDT,1m,ohlcv,60098,5,60100,0,ok,"",2026-07-21 03:53:16.444109+00
64046,BNBUSDT,1m,ohlcv,60097,5,60099,0,ok,"",2026-07-21 03:52:09.491867+00
64045,XRPUSDT,1m,ohlcv,60096,5,60098,0,ok,"",2026-07-21 03:51:10.89902+00
64044,SOLUSDT,1m,ohlcv,60095,5,60097,0,ok,"",2026-07-21 03:50:12.180005+00
64043,DOGEUSDT,snapshot,orderbook,,100,,0,ok,"",2026-07-21 03:50:10.903903+00
64042,BNBUSDT,snapshot,orderbook,,100,,0,ok,"",2026-07-21 03:50:09.548015+00
64041,XRPUSDT,snapshot,orderbook,,100,,0,ok,"",2026-07-21 03:50:06.894798+00
64040,SOLUSDT,snapshot,orderbook,,100,,0,ok,"",2026-07-21 03:50:05.015711+00
64039,ETHUSDT,snapshot,orderbook,,100,,0,ok,"",2026-07-21 03:50:02.908129+00
64038,BTCUSDT,snapshot,orderbook,,100,,0,ok,"",2026-07-21 03:50:00.943066+00
64037,DOGEUSDT,1h,open_interest_1h,31224,200,31225,0,ok,"",2026-07-21 03:49:59.291481+00
64036,BNBUSDT,1h,open_interest_1h,31224,200,31225,0,ok,"",2026-07-21 03:49:57.123438+00
64035,XRPUSDT,1h,open_interest_1h,31224,200,31225,0,ok,"",2026-07-21 03:49:54.528897+00
64034,SOLUSDT,1h,open_interest_1h,31224,200,31225,0,ok,"",2026-07-21 03:49:52.528268+00
64033,ETHUSDT,1h,open_interest_1h,31224,200,31225,0,ok,"",2026-07-21 03:49:50.472411+00
64032,BTCUSDT,1h,open_interest_1h,31224,200,31225,0,ok,"",2026-07-21 03:49:48.490418+00
64031,DOGEUSDT,8h,funding_rate,3928,200,3928,0,ok,"",2026-07-21 03:49:46.235285+00
64030,BNBUSDT,8h,funding_rate,3928,200,3928,0,ok,"",2026-07-21 03:49:44.124334+00
64029,XRPUSDT,8h,funding_rate,3928,200,3928,0,ok,"",2026-07-21 03:49:42.682859+00
64028,SOLUSDT,8h,funding_rate,3928,200,3928,0,ok,"",2026-07-21 03:49:40.797122+00
64027,ETHUSDT,8h,funding_rate,3928,200,3928,0,ok,"",2026-07-21 03:49:38.144308+00
64026,BTCUSDT,8h,funding_rate,3928,200,3928,0,ok,"",2026-07-21 03:49:36.562006+00
64025,DOGEUSDT,1h,ohlcv,31131,4,31132,0,ok,"",2026-07-21 03:49:34.76441+00
64024,ETHUSDT,1m,ohlcv,56905,5,56907,0,ok,"",2026-07-21 03:49:17.425555+00
64023,BNBUSDT,1h,ohlcv,31131,4,31132,0,ok,"",2026-07-21 03:49:02.825141+00
64022,XRPUSDT,1h,ohlcv,31131,4,31132,0,ok,"",2026-07-21 03:48:30.701369+00
64021,BTCUSDT,1m,ohlcv,60095,5,60097,0,ok,"",2026-07-21 03:48:23.754084+00
64020,SOLUSDT,1h,ohlcv,31131,4,31132,0,ok,"",2026-07-21 03:47:56.722096+00
64019,ETHUSDT,1h,ohlcv,31131,4,31132,0,ok,"",2026-07-21 03:47:24.459406+00
64018,DOGEUSDT,1m,ohlcv,60092,5,60094,0,ok,"",2026-07-21 03:47:22.8241+00
64017,BTCUSDT,1h,ohlcv,31131,4,31132,0,ok,"",2026-07-21 03:46:51.567392+00
64016,DOGEUSDT,"4h,1h,30m,15m,5m,1d",enrich,,,,0,ok,"",2026-07-21 03:46:19.880036+00
64015,BNBUSDT,1m,ohlcv,60091,5,60093,0,ok,"",2026-07-21 03:46:15.432011+00
64014,BNBUSDT,"4h,1h,30m,15m,5m,1d",enrich,,,,0,ok,"",2026-07-21 03:45:52.191904+00
64013,XRPUSDT,"4h,1h,30m,15m,5m,1d",enrich,,,,0,ok,"",2026-07-21 03:45:24.116228+00
64012,XRPUSDT,1m,ohlcv,60090,5,60092,0,ok,"",2026-07-21 03:45:12.935567+00
64011,SOLUSDT,"4h,1h,30m,15m,5m,1d",enrich,,,,0,ok,"",2026-07-21 03:44:56.164075+00
64010,ETHUSDT,"4h,1h,30m,15m,5m,1d",enrich,,,,0,ok,"",2026-07-21 03:44:23.909872+00
64009,SOLUSDT,1m,ohlcv,60084,9,60090,0,quarantined,Data is stale: last candle 2 min ago,2026-07-21 03:44:05.410117+00
64008,BTCUSDT,"4h,1h,30m,15m,5m,1d",enrich,,,,0,ok,"",2026-07-21 03:43:55.662366+00
64007,DOGEUSDT,30m,ohlcv,62262,5,62264,0,ok,"",2026-07-21 03:43:22.012974+00
64006,ETHUSDT,1m,ohlcv,56898,5,56900,0,ok,"",2026-07-21 03:42:58.267114+00
64005,BNBUSDT,30m,ohlcv,62262,5,62264,0,ok,"",2026-07-21 03:42:09.679086+00
64004,BTCUSDT,1m,ohlcv,60088,5,60090,0,ok,"",2026-07-21 03:41:59.532054+00
64003,XRPUSDT,30m,ohlcv,62262,5,62264,0,ok,"",2026-07-21 03:41:01.199191+00
64002,DOGEUSDT,1m,ohlcv,60085,5,60087,0,ok,"",2026-07-21 03:40:53.593414+00
64001,SOLUSDT,30m,ohlcv,62262,5,62264,0,ok,"",2026-07-21 03:39:52.381441+00
64000,BNBUSDT,1m,ohlcv,60084,5,60086,0,ok,"",2026-07-21 03:39:45.793958+00
63999,ETHUSDT,30m,ohlcv,62262,5,62264,0,ok,"",2026-07-21 03:38:42.793056+00
63998,XRPUSDT,1m,ohlcv,60083,5,60085,0,ok,"",2026-07-21 03:38:41.828777+00
63997,SOLUSDT,1m,ohlcv,60082,5,60084,0,ok,"",2026-07-21 03:37:39.271416+00
63996,BTCUSDT,30m,ohlcv,62262,5,62264,0,ok,"",2026-07-21 03:37:37.327313+00
63995,ETHUSDT,1m,ohlcv,56892,5,56894,0,ok,"",2026-07-21 03:36:34.526294+00
63994,DOGEUSDT,15m,ohlcv,124523,7,124527,0,ok,"",2026-07-21 03:36:26.480107+00
63993,BTCUSDT,1m,ohlcv,60082,5,60084,0,ok,"",2026-07-21 03:35:33.146853+00
63992,DOGEUSDT,1m,ohlcv,60074,10,60081,0,ok,"",2026-07-21 03:34:26.491839+00
63991,BNBUSDT,15m,ohlcv,124523,7,124527,0,ok,"",2026-07-21 03:33:58.222961+00
63990,BNBUSDT,1m,ohlcv,60077,6,60080,0,ok,"",2026-07-21 03:33:10.044468+00
63989,XRPUSDT,1m,ohlcv,60076,5,60078,0,quarantined,Data is stale: last candle 2 min ago,2026-07-21 03:32:04.222519+00
63988,XRPUSDT,15m,ohlcv,124522,7,124526,0,ok,"",2026-07-21 03:31:40.537917+00
63987,SOLUSDT,1m,ohlcv,60075,5,60077,0,ok,"",2026-07-21 03:30:44.138386+00
63986,ETHUSDT,1m,ohlcv,56885,5,56887,0,ok,"",2026-07-21 03:29:34.738914+00
63985,SOLUSDT,15m,ohlcv,124522,7,124526,0,ok,"",2026-07-21 03:29:08.578675+00
63984,BTCUSDT,1m,ohlcv,60075,5,60077,0,ok,"",2026-07-21 03:28:35.93808+00
63983,DOGEUSDT,1m,ohlcv,60072,5,60074,0,ok,"",2026-07-21 03:27:31.259832+00
63982,ETHUSDT,15m,ohlcv,124522,7,124526,0,ok,"",2026-07-21 03:26:56.555135+00
63981,BNBUSDT,1m,ohlcv,60071,5,60073,0,ok,"",2026-07-21 03:26:28.640494+00
63980,XRPUSDT,1m,ohlcv,60070,5,60072,0,ok,"",2026-07-21 03:25:26.116194+00
63979,BTCUSDT,15m,ohlcv,124522,7,124526,0,ok,"",2026-07-21 03:24:51.262716+00
63978,SOLUSDT,1m,ohlcv,60069,5,60071,0,ok,"",2026-07-21 03:24:26.877078+00
63977,ETHUSDT,1m,ohlcv,56879,5,56881,0,ok,"",2026-07-21 03:23:23.620682+00
63976,DOGEUSDT,5m,ohlcv,373564,15,373576,0,ok,"",2026-07-21 03:22:45.890117+00
63975,BTCUSDT,1m,ohlcv,60069,5,60071,0,ok,"",2026-07-21 03:22:26.878856+00
63974,DOGEUSDT,1m,ohlcv,60061,10,60068,0,ok,"",2026-07-21 03:21:26.733706+00
63973,BNBUSDT,1m,ohlcv,60065,5,60067,0,ok,"",2026-07-21 03:20:12.234086+00
63972,XRPUSDT,1m,ohlcv,60059,10,60066,0,ok,"",2026-07-21 03:19:12.920624+00
63971,SOLUSDT,1m,ohlcv,60062,6,60065,0,ok,"",2026-07-21 03:18:09.421443+00
63970,ETHUSDT,1m,ohlcv,56872,6,56875,0,ok,"",2026-07-21 03:17:03.279867+00
63969,BTCUSDT,1m,ohlcv,60062,5,60064,0,quarantined,Data is stale: last candle 2 min ago,2026-07-21 03:16:04.81802+00
63968,BNBUSDT,5m,ohlcv,373563,14,373574,0,quarantined,Data is stale: last candle 11 min ago,2026-07-21 03:15:59.73287+00
63967,DOGEUSDT,1m,ohlcv,60059,5,60061,0,ok,"",2026-07-21 03:14:58.525693+00
63966,BNBUSDT,1m,ohlcv,60058,5,60060,0,ok,"",2026-07-21 03:13:55.272411+00
63965,XRPUSDT,1m,ohlcv,60057,5,60059,0,ok,"",2026-07-21 03:12:56.257851+00
63964,SOLUSDT,1m,ohlcv,60056,5,60058,0,ok,"",2026-07-21 03:11:53.613043+00
63963,ETHUSDT,1m,ohlcv,56866,5,56868,0,ok,"",2026-07-21 03:10:51.407227+00
63962,BTCUSDT,1m,ohlcv,60056,5,60058,0,ok,"",2026-07-21 03:09:50.663924+00
63961,XRPUSDT,5m,ohlcv,373561,15,373573,0,ok,"",2026-07-21 03:09:49.367447+00
63960,DOGEUSDT,1m,ohlcv,60053,5,60055,0,ok,"",2026-07-21 03:08:52.756866+00
63959,BNBUSDT,1m,ohlcv,60052,5,60054,0,ok,"",2026-07-21 03:07:45.446341+00
63958,XRPUSDT,1m,ohlcv,60051,5,60053,0,ok,"",2026-07-21 03:06:40.826457+00
63957,SOLUSDT,1m,ohlcv,60050,5,60052,0,ok,"",2026-07-21 03:05:40.353168+00
63956,ETHUSDT,1m,ohlcv,56860,5,56862,0,ok,"",2026-07-21 03:04:34.452095+00
63955,BTCUSDT,1m,ohlcv,60050,5,60052,0,ok,"",2026-07-21 03:03:35.078338+00
63954,SOLUSDT,5m,ohlcv,373560,15,373572,0,ok,"",2026-07-21 03:03:28.911877+00
63953,DOGEUSDT,1m,ohlcv,60047,5,60049,0,ok,"",2026-07-21 03:02:33.884334+00
63952,BNBUSDT,1m,ohlcv,60046,5,60048,0,ok,"",2026-07-21 03:01:25.716626+00
63951,XRPUSDT,1m,ohlcv,60041,9,60047,0,ok,"",2026-07-21 03:00:25.149743+00
63950,SOLUSDT,1m,ohlcv,60043,6,60046,0,ok,"",2026-07-21 02:59:24.070876+00
63949,ETHUSDT,1m,ohlcv,56853,6,56856,0,ok,"",2026-07-21 02:58:25.913162+00
63948,BTCUSDT,1m,ohlcv,60043,6,60046,0,ok,"",2026-07-21 02:57:28.654272+00
63947,ETHUSDT,5m,ohlcv,373559,15,373571,0,ok,"",2026-07-21 02:56:58.473181+00
63946,DOGEUSDT,1m,ohlcv,60040,6,60043,0,ok,"",2026-07-21 02:56:22.469991+00
63945,BNBUSDT,1m,ohlcv,60039,6,60042,0,ok,"",2026-07-21 02:55:15.480827+00
63944,XRPUSDT,1m,ohlcv,60038,6,60041,0,ok,"",2026-07-21 02:54:15.027404+00
63943,SOLUSDT,1m,ohlcv,60037,6,60040,0,ok,"",2026-07-21 02:53:20.134077+00
63942,ETHUSDT,1m,ohlcv,56847,6,56850,0,ok,"",2026-07-21 02:52:23.461033+00
63941,BTCUSDT,1m,ohlcv,60038,5,60040,0,ok,"",2026-07-21 02:51:25.233407+00
63940,BTCUSDT,5m,ohlcv,373558,14,373569,0,quarantined,Data is stale: last candle 11 min ago,2026-07-21 02:50:46.431896+00
63939,DOGEUSDT,1m,ohlcv,60031,9,60037,0,ok,"",2026-07-21 02:50:28.570074+00
63938,BNBUSDT,1m,ohlcv,60033,6,60036,0,ok,"",2026-07-21 02:49:25.032188+00
63937,XRPUSDT,1m,ohlcv,60032,6,60035,0,ok,"",2026-07-21 02:48:38.055353+00
63936,SOLUSDT,1m,ohlcv,60032,5,60034,0,ok,"",2026-07-21 02:47:40.260846+00
63935,ETHUSDT,1m,ohlcv,56842,5,56844,0,ok,"",2026-07-21 02:46:44.432338+00
63934,BTCUSDT,1m,ohlcv,60032,5,60034,0,ok,"",2026-07-21 02:45:47.044053+00
63933,DOGEUSDT,snapshot,orderbook,,100,,0,ok,"",2026-07-21 02:44:56.494659+00
63932,BNBUSDT,snapshot,orderbook,,100,,0,ok,"",2026-07-21 02:44:54.955884+00
63931,XRPUSDT,snapshot,orderbook,,100,,0,ok,"",2026-07-21 02:44:52.493744+00
63930,SOLUSDT,snapshot,orderbook,,100,,0,ok,"",2026-07-21 02:44:50.440353+00
63929,DOGEUSDT,1m,ohlcv,60025,9,60031,0,ok,"",2026-07-21 02:44:49.6558+00
63928,ETHUSDT,snapshot,orderbook,,100,,0,ok,"",2026-07-21 02:44:48.49998+00
63927,BTCUSDT,snapshot,orderbook,,100,,0,ok,"",2026-07-21 02:44:46.48097+00
63926,DOGEUSDT,1h,open_interest_1h,31223,200,31224,0,ok,"",2026-07-21 02:44:44.955148+00
63925,BNBUSDT,1h,open_interest_1h,31223,200,31224,0,ok,"",2026-07-21 02:44:43.129072+00
63924,XRPUSDT,1h,open_interest_1h,31223,200,31224,0,ok,"",2026-07-21 02:44:41.001139+00
63923,SOLUSDT,1h,open_interest_1h,31223,200,31224,0,ok,"",2026-07-21 02:44:38.789501+00
63922,ETHUSDT,1h,open_interest_1h,31223,200,31224,0,ok,"",2026-07-21 02:44:37.045879+00
63921,BTCUSDT,1h,open_interest_1h,31223,200,31224,0,ok,"",2026-07-21 02:44:35.233865+00
63920,DOGEUSDT,8h,funding_rate,3928,200,3928,0,ok,"",2026-07-21 02:44:32.549532+00
63919,BNBUSDT,8h,funding_rate,3928,200,3928,0,ok,"",2026-07-21 02:44:30.471189+00
63918,XRPUSDT,8h,funding_rate,3928,200,3928,0,ok,"",2026-07-21 02:44:28.437919+00
63917,SOLUSDT,8h,funding_rate,3928,200,3928,0,ok,"",2026-07-21 02:44:26.490452+00
63916,ETHUSDT,8h,funding_rate,3928,200,3928,0,ok,"",2026-07-21 02:44:24.42994+00
63915,BTCUSDT,8h,funding_rate,3928,200,3928,0,ok,"",2026-07-21 02:44:22.39032+00
63914,DOGEUSDT,1h,ohlcv,31130,4,31131,0,ok,"",2026-07-21 02:44:21.240408+00
63913,BNBUSDT,1m,ohlcv,60028,5,60030,0,ok,"",2026-07-21 02:43:53.089489+00
63912,BNBUSDT,1h,ohlcv,31130,4,31131,0,ok,"",2026-07-21 02:43:48.715262+00
63911,XRPUSDT,1h,ohlcv,31130,4,31131,0,ok,"",2026-07-21 02:43:17.795321+00
63910,XRPUSDT,1m,ohlcv,60027,5,60029,0,ok,"",2026-07-21 02:42:57.623785+00
63909,SOLUSDT,1h,ohlcv,31130,4,31131,0,ok,"",2026-07-21 02:42:48.453533+00
63908,ETHUSDT,1h,ohlcv,31130,4,31131,0,ok,"",2026-07-21 02:42:18.426908+00
63907,SOLUSDT,1m,ohlcv,60026,5,60028,0,ok,"",2026-07-21 02:41:59.830344+00
63906,BTCUSDT,1h,ohlcv,31130,4,31131,0,ok,"",2026-07-21 02:41:46.86609+00
63905,DOGEUSDT,"4h,1h,30m,15m,5m,1d",enrich,,,,0,ok,"",2026-07-21 02:41:11.148378+00
63904,ETHUSDT,1m,ohlcv,56836,6,56839,0,ok,"",2026-07-21 02:40:57.878747+00
63903,BNBUSDT,"4h,1h,30m,15m,5m,1d",enrich,,,,0,ok,"",2026-07-21 02:40:41.949483+00
63902,XRPUSDT,"4h,1h,30m,15m,5m,1d",enrich,,,,0,ok,"",2026-07-21 02:40:15.950588+00
63901,BTCUSDT,1m,ohlcv,60026,5,60028,0,quarantined,Data is stale: last candle 2 min ago,2026-07-21 02:40:01.222229+00
63900,SOLUSDT,"4h,1h,30m,15m,5m,1d",enrich,,,,0,ok,"",2026-07-21 02:39:49.222846+00
63899,ETHUSDT,"4h,1h,30m,15m,5m,1d",enrich,,,,0,ok,"",2026-07-21 02:39:20.928934+00
63898,DOGEUSDT,1m,ohlcv,60023,5,60025,0,ok,"",2026-07-21 02:38:57.561587+00
63897,BTCUSDT,"4h,1h,30m,15m,5m,1d",enrich,,,,0,ok,"",2026-07-21 02:38:51.194617+00
63896,DOGEUSDT,30m,ohlcv,62260,5,62262,0,ok,"",2026-07-21 02:38:23.508913+00
63895,BNBUSDT,1m,ohlcv,60018,9,60024,0,ok,"",2026-07-21 02:37:53.764501+00
63894,BNBUSDT,30m,ohlcv,62260,5,62262,0,ok,"",2026-07-21 02:37:18.644726+00
63893,XRPUSDT,1m,ohlcv,60020,6,60023,0,ok,"",2026-07-21 02:36:55.214344+00
63892,XRPUSDT,30m,ohlcv,62260,5,62262,0,ok,"",2026-07-21 02:36:13.357844+00
63891,SOLUSDT,1m,ohlcv,60019,6,60022,0,ok,"",2026-07-21 02:35:55.309086+00
63890,SOLUSDT,30m,ohlcv,62260,5,62262,0,ok,"",2026-07-21 02:35:08.547111+00
63889,ETHUSDT,1m,ohlcv,56830,5,56832,0,ok,"",2026-07-21 02:34:53.040627+00
63888,ETHUSDT,30m,ohlcv,62260,5,62262,0,ok,"",2026-07-21 02:34:02.393962+00
63887,BTCUSDT,1m,ohlcv,60017,8,60022,0,ok,"",2026-07-21 02:33:53.897194+00
63886,BTCUSDT,30m,ohlcv,62260,5,62262,0,ok,"",2026-07-21 02:32:59.557841+00
63885,DOGEUSDT,1m,ohlcv,60016,6,60019,0,ok,"",2026-07-21 02:32:56.419697+00
63884,DOGEUSDT,15m,ohlcv,124519,6,124522,0,ok,"",2026-07-21 02:31:54.916308+00
63883,BNBUSDT,1m,ohlcv,60015,6,60018,0,ok,"",2026-07-21 02:31:54.203561+00
63882,XRPUSDT,1m,ohlcv,60014,6,60017,0,ok,"",2026-07-21 02:30:55.308484+00
63881,SOLUSDT,1m,ohlcv,60013,6,60016,0,ok,"",2026-07-21 02:29:54.868361+00
63880,BNBUSDT,15m,ohlcv,124518,7,124522,0,ok,"",2026-07-21 02:29:40.891471+00
63879,ETHUSDT,1m,ohlcv,56823,7,56827,0,ok,"",2026-07-21 02:28:56.979147+00
63878,BTCUSDT,1m,ohlcv,60013,7,60017,0,ok,"",2026-07-21 02:28:00.447391+00
63877,XRPUSDT,15m,ohlcv,124518,7,124522,0,ok,"",2026-07-21 02:27:43.284868+00
63876,DOGEUSDT,1m,ohlcv,60010,7,60014,0,ok,"",2026-07-21 02:27:02.384313+00
63875,BNBUSDT,1m,ohlcv,60009,7,60013,0,ok,"",2026-07-21 02:26:00.497849+00
63874,SOLUSDT,15m,ohlcv,124518,7,124522,0,ok,"",2026-07-21 02:25:41.934854+00
63873,XRPUSDT,1m,ohlcv,60008,7,60012,0,ok,"",2026-07-21 02:25:01.43947+00
63872,SOLUSDT,1m,ohlcv,60007,7,60011,0,ok,"",2026-07-21 02:24:04.444729+00
63871,ETHUSDT,15m,ohlcv,124518,7,124522,0,ok,"",2026-07-21 02:23:32.781627+00
63870,ETHUSDT,1m,ohlcv,56817,7,56821,0,ok,"",2026-07-21 02:23:04.202638+00
63869,BTCUSDT,1m,ohlcv,60007,7,60011,0,ok,"",2026-07-21 02:22:09.604571+00
63868,BTCUSDT,15m,ohlcv,124518,7,124522,0,ok,"",2026-07-21 02:21:28.594944+00
63867,DOGEUSDT,1m,ohlcv,60004,7,60008,0,ok,"",2026-07-21 02:21:09.309513+00
63866,BNBUSDT,1m,ohlcv,60003,6,60006,0,quarantined,Data is stale: last candle 2 min ago,2026-07-21 02:20:00.458082+00
63865,DOGEUSDT,5m,ohlcv,373551,15,373563,0,ok,"",2026-07-21 02:19:20.971323+00
63864,XRPUSDT,1m,ohlcv,60002,6,60005,0,ok,"",2026-07-21 02:18:58.387756+00
63863,SOLUSDT,1m,ohlcv,60001,6,60004,0,ok,"",2026-07-21 02:17:58.085738+00
63862,ETHUSDT,1m,ohlcv,56811,7,56815,0,ok,"",2026-07-21 02:16:56.944004+00
63861,BTCUSDT,1m,ohlcv,60001,6,60004,0,quarantined,Data is stale: last candle 2 min ago,2026-07-21 02:16:00.059499+00
63860,DOGEUSDT,1m,ohlcv,59998,6,60001,0,ok,"",2026-07-21 02:14:58.533049+00
63859,BNBUSDT,1m,ohlcv,59997,6,60000,0,ok,"",2026-07-21 02:13:52.290634+00
63858,XRPUSDT,1m,ohlcv,59996,6,59999,0,ok,"",2026-07-21 02:12:49.718788+00
63857,BNBUSDT,5m,ohlcv,373550,15,373562,0,ok,"",2026-07-21 02:12:41.238977+00
63856,SOLUSDT,1m,ohlcv,59995,6,59998,0,ok,"",2026-07-21 02:11:50.300297+00
63855,ETHUSDT,1m,ohlcv,56805,6,56808,0,ok,"",2026-07-21 02:10:51.78405+00
63854,BTCUSDT,1m,ohlcv,59995,6,59998,0,ok,"",2026-07-21 02:09:57.350788+00
63853,DOGEUSDT,1m,ohlcv,59992,6,59995,0,ok,"",2026-07-21 02:08:52.601945+00
63852,BNBUSDT,1m,ohlcv,59991,6,59994,0,ok,"",2026-07-21 02:07:45.174087+00
63851,XRPUSDT,1m,ohlcv,59990,6,59993,0,ok,"",2026-07-21 02:06:45.314574+00
63850,XRPUSDT,5m,ohlcv,373548,16,373561,0,ok,"",2026-07-21 02:06:22.12798+00
63849,SOLUSDT,1m,ohlcv,59989,6,59992,0,ok,"",2026-07-21 02:05:46.475338+00
63848,ETHUSDT,1m,ohlcv,56799,6,56802,0,ok,"",2026-07-21 02:04:47.327904+00
63847,BTCUSDT,1m,ohlcv,59989,6,59992,0,ok,"",2026-07-21 02:03:48.310199+00
63846,DOGEUSDT,1m,ohlcv,59986,6,59989,0,ok,"",2026-07-21 02:02:46.016305+00
63845,BNBUSDT,1m,ohlcv,59985,6,59988,0,ok,"",2026-07-21 02:01:41.797261+00
63844,XRPUSDT,1m,ohlcv,59984,6,59987,0,ok,"",2026-07-21 02:00:38.694383+00
63843,SOLUSDT,5m,ohlcv,373547,15,373559,0,quarantined,Data is stale: last candle 10 min ago,2026-07-21 02:00:05.832875+00
63842,SOLUSDT,1m,ohlcv,59983,6,59986,0,ok,"",2026-07-21 01:59:42.743487+00
63841,ETHUSDT,1m,ohlcv,56793,6,56796,0,ok,"",2026-07-21 01:58:41.570683+00
63840,BTCUSDT,1m,ohlcv,59983,6,59986,0,ok,"",2026-07-21 01:57:48.605524+00
63839,DOGEUSDT,1m,ohlcv,59980,6,59983,0,ok,"",2026-07-21 01:56:45.749886+00
63838,BNBUSDT,1m,ohlcv,59979,6,59982,0,ok,"",2026-07-21 01:55:43.487936+00
63837,XRPUSDT,1m,ohlcv,59978,6,59981,0,ok,"",2026-07-21 01:54:42.478888+00
63836,ETHUSDT,5m,ohlcv,373546,15,373558,0,ok,"",2026-07-21 01:53:59.279936+00
63835,SOLUSDT,1m,ohlcv,59977,6,59980,0,ok,"",2026-07-21 01:53:46.302314+00
63834,ETHUSDT,1m,ohlcv,56787,6,56790,0,ok,"",2026-07-21 01:52:42.972205+00
63833,BTCUSDT,1m,ohlcv,59977,6,59980,0,ok,"",2026-07-21 01:51:41.685171+00
63832,DOGEUSDT,1m,ohlcv,59974,6,59977,0,ok,"",2026-07-21 01:50:43.974771+00
63831,BNBUSDT,1m,ohlcv,59973,6,59976,0,ok,"",2026-07-21 01:49:38.230343+00
63830,XRPUSDT,1m,ohlcv,59972,6,59975,0,ok,"",2026-07-21 01:48:42.136268+00
63829,BTCUSDT,5m,ohlcv,373545,15,373557,0,ok,"",2026-07-21 01:47:51.835006+00
63828,SOLUSDT,1m,ohlcv,59971,6,59974,0,ok,"",2026-07-21 01:47:40.61078+00
63827,ETHUSDT,1m,ohlcv,56781,6,56784,0,ok,"",2026-07-21 01:46:38.004482+00
63826,BTCUSDT,1m,ohlcv,59971,6,59974,0,ok,"",2026-07-21 01:45:42.589135+00
63825,DOGEUSDT,1m,ohlcv,59968,6,59971,0,ok,"",2026-07-21 01:44:51.729414+00
63824,BNBUSDT,1m,ohlcv,59967,6,59970,0,ok,"",2026-07-21 01:43:47.594093+00
63823,XRPUSDT,1m,ohlcv,59966,6,59969,0,ok,"",2026-07-21 01:42:47.451378+00
63822,DOGEUSDT,snapshot,orderbook,,100,,0,ok,"",2026-07-21 01:41:55.461058+00
63821,BNBUSDT,snapshot,orderbook,,100,,0,ok,"",2026-07-21 01:41:53.512097+00
63820,XRPUSDT,snapshot,orderbook,,100,,0,ok,"",2026-07-21 01:41:51.400035+00
63819,SOLUSDT,snapshot,orderbook,,100,,0,ok,"",2026-07-21 01:41:49.418667+00
63818,SOLUSDT,1m,ohlcv,59965,6,59968,0,ok,"",2026-07-21 01:41:49.069986+00
63817,ETHUSDT,snapshot,orderbook,,100,,0,ok,"",2026-07-21 01:41:47.470418+00
63816,BTCUSDT,snapshot,orderbook,,100,,0,ok,"",2026-07-21 01:41:45.375921+00
63815,DOGEUSDT,1d,ohlcv,566,4,567,0,ok,"",2026-07-21 01:41:43.899742+00
63814,BNBUSDT,1d,ohlcv,566,4,567,0,ok,"",2026-07-21 01:41:42.022587+00
63813,XRPUSDT,1d,ohlcv,566,4,567,0,ok,"",2026-07-21 01:41:39.916126+00
63812,SOLUSDT,1d,ohlcv,566,4,567,0,ok,"",2026-07-21 01:41:37.907123+00
63811,ETHUSDT,1d,ohlcv,566,4,567,0,ok,"",2026-07-21 01:41:36.165868+00
63810,BTCUSDT,1d,ohlcv,566,4,567,0,ok,"",2026-07-21 01:41:33.770872+00
63809,DOGEUSDT,4h,ohlcv,7783,3,7783,0,ok,"",2026-07-21 01:41:32.480787+00
63808,BNBUSDT,4h,ohlcv,7783,3,7783,0,ok,"",2026-07-21 01:41:22.774472+00
63807,XRPUSDT,4h,ohlcv,7783,3,7783,0,ok,"",2026-07-21 01:41:13.180748+00
63806,SOLUSDT,4h,ohlcv,7783,3,7783,0,ok,"",2026-07-21 01:41:05.242466+00
63805,ETHUSDT,4h,ohlcv,7783,3,7783,0,ok,"",2026-07-21 01:40:57.228628+00
63804,ETHUSDT,1m,ohlcv,56775,7,56779,0,ok,"",2026-07-21 01:40:57.19101+00
63803,BTCUSDT,4h,ohlcv,7783,3,7783,0,ok,"",2026-07-21 01:40:48.111874+00
63802,DOGEUSDT,1h,open_interest_1h,31222,200,31223,0,ok,"",2026-07-21 01:40:39.486657+00
63801,BNBUSDT,1h,open_interest_1h,31222,200,31223,0,ok,"",2026-07-21 01:40:37.263199+00
63800,XRPUSDT,1h,open_interest_1h,31222,200,31223,0,ok,"",2026-07-21 01:40:35.17112+00
63799,SOLUSDT,1h,open_interest_1h,31222,200,31223,0,ok,"",2026-07-21 01:40:33.28127+00
63798,ETHUSDT,1h,open_interest_1h,31222,200,31223,0,ok,"",2026-07-21 01:40:31.327795+00
63797,BTCUSDT,1h,open_interest_1h,31222,200,31223,0,ok,"",2026-07-21 01:40:29.357643+00
63796,DOGEUSDT,8h,funding_rate,3928,200,3928,0,ok,"",2026-07-21 01:40:26.936951+00
63795,BNBUSDT,8h,funding_rate,3928,200,3928,0,ok,"",2026-07-21 01:40:25.025421+00
63794,XRPUSDT,8h,funding_rate,3928,200,3928,0,ok,"",2026-07-21 01:40:22.833056+00
63793,SOLUSDT,8h,funding_rate,3928,200,3928,0,ok,"",2026-07-21 01:40:20.85599+00
63792,ETHUSDT,8h,funding_rate,3928,200,3928,0,ok,"",2026-07-21 01:40:18.951546+00
63791,BTCUSDT,8h,funding_rate,3928,200,3928,0,ok,"",2026-07-21 01:40:16.885287+00
63790,DOGEUSDT,1h,ohlcv,31129,4,31130,0,ok,"",2026-07-21 01:40:15.697994+00
63789,BTCUSDT,1m,ohlcv,59965,7,59969,0,ok,"",2026-07-21 01:40:05.74687+00
63788,BNBUSDT,1h,ohlcv,31129,4,31130,0,ok,"",2026-07-21 01:39:41.33567+00
63787,XRPUSDT,1h,ohlcv,31129,4,31130,0,ok,"",2026-07-21 01:39:09.568036+00
63786,DOGEUSDT,1m,ohlcv,59962,7,59966,0,ok,"",2026-07-21 01:39:07.065235+00
63785,SOLUSDT,1h,ohlcv,31129,4,31130,0,ok,"",2026-07-21 01:38:38.836122+00
63784,ETHUSDT,1h,ohlcv,31129,4,31130,0,ok,"",2026-07-21 01:38:07.323431+00
63783,BNBUSDT,1m,ohlcv,59961,6,59964,0,quarantined,Data is stale: last candle 2 min ago,2026-07-21 01:38:02.656849+00
63782,BTCUSDT,1h,ohlcv,31129,4,31130,0,ok,"",2026-07-21 01:37:33.641609+00
63781,DOGEUSDT,"4h,1h,30m,15m,5m,1d",enrich,,,,0,ok,"",2026-07-21 01:37:00.339363+00
63780,XRPUSDT,1m,ohlcv,59960,6,59963,0,quarantined,Data is stale: last candle 2 min ago,2026-07-21 01:37:00.036754+00
63779,BNBUSDT,"4h,1h,30m,15m,5m,1d",enrich,,,,0,ok,"",2026-07-21 01:36:30.518336+00
63778,XRPUSDT,"4h,1h,30m,15m,5m,1d",enrich,,,,0,ok,"",2026-07-21 01:36:03.849845+00
63777,SOLUSDT,1m,ohlcv,59959,6,59962,0,ok,"",2026-07-21 01:35:58.575979+00
63776,SOLUSDT,"4h,1h,30m,15m,5m,1d",enrich,,,,0,ok,"",2026-07-21 01:35:37.971856+00
63775,ETHUSDT,"4h,1h,30m,15m,5m,1d",enrich,,,,0,ok,"",2026-07-21 01:35:11.588629+00
63774,ETHUSDT,1m,ohlcv,56769,6,56772,0,ok,"",2026-07-21 01:34:57.577072+00
63773,BTCUSDT,"4h,1h,30m,15m,5m,1d",enrich,,,,0,ok,"",2026-07-21 01:34:43.562296+00
63772,DOGEUSDT,30m,ohlcv,62258,5,62260,0,ok,"",2026-07-21 01:34:16.12421+00
63771,BTCUSDT,1m,ohlcv,59959,7,59963,0,ok,"",2026-07-21 01:34:00.415789+00
63770,BNBUSDT,30m,ohlcv,62258,5,62260,0,ok,"",2026-07-21 01:33:10.370089+00
63769,DOGEUSDT,1m,ohlcv,59956,6,59959,0,quarantined,Data is stale: last candle 2 min ago,2026-07-21 01:33:00.802601+00
63768,XRPUSDT,30m,ohlcv,62257,6,62260,0,ok,"",2026-07-21 01:32:03.967231+00
63767,BNBUSDT,1m,ohlcv,59955,6,59958,0,ok,"",2026-07-21 01:31:52.594962+00
63766,SOLUSDT,30m,ohlcv,62257,5,62259,0,ok,"",2026-07-21 01:30:55.57411+00
63765,XRPUSDT,1m,ohlcv,59954,6,59957,0,ok,"",2026-07-21 01:30:50.941931+00
63764,SOLUSDT,1m,ohlcv,59953,6,59956,0,ok,"",2026-07-21 01:29:51.294238+00
63763,ETHUSDT,30m,ohlcv,62257,5,62259,0,ok,"",2026-07-21 01:29:50.037846+00
63762,ETHUSDT,1m,ohlcv,56763,6,56766,0,ok,"",2026-07-21 01:28:54.37529+00
63761,BTCUSDT,30m,ohlcv,62257,5,62259,0,ok,"",2026-07-21 01:28:50.838071+00
63760,BTCUSDT,1m,ohlcv,59953,6,59956,0,ok,"",2026-07-21 01:27:57.777536+00
63759,DOGEUSDT,15m,ohlcv,124514,7,124518,0,ok,"",2026-07-21 01:27:50.572336+00
63758,DOGEUSDT,1m,ohlcv,59950,6,59953,0,ok,"",2026-07-21 01:26:56.633871+00
63757,BNBUSDT,1m,ohlcv,59949,6,59952,0,ok,"",2026-07-21 01:25:48.89999+00
63756,BNBUSDT,15m,ohlcv,124514,7,124518,0,ok,"",2026-07-21 01:25:34.622852+00
63755,XRPUSDT,1m,ohlcv,59945,9,59951,0,ok,"",2026-07-21 01:24:48.799433+00
63754,SOLUSDT,1m,ohlcv,59946,7,59950,0,ok,"",2026-07-21 01:23:51.685028+00
63753,XRPUSDT,15m,ohlcv,124514,7,124518,0,ok,"",2026-07-21 01:23:33.020949+00
63752,ETHUSDT,1m,ohlcv,56756,7,56760,0,ok,"",2026-07-21 01:22:54.221277+00
63751,BTCUSDT,1m,ohlcv,59946,7,59950,0,ok,"",2026-07-21 01:21:55.160435+00
63750,SOLUSDT,15m,ohlcv,124514,7,124518,0,ok,"",2026-07-21 01:21:27.719107+00
63749,DOGEUSDT,1m,ohlcv,59943,7,59947,0,ok,"",2026-07-21 01:20:48.7045+00
63748,BNBUSDT,1m,ohlcv,59942,7,59946,0,ok,"",2026-07-21 01:19:41.091719+00
63747,ETHUSDT,15m,ohlcv,124514,7,124518,0,ok,"",2026-07-21 01:19:16.908656+00
63746,XRPUSDT,1m,ohlcv,59941,7,59945,0,ok,"",2026-07-21 01:18:39.633476+00
63745,SOLUSDT,1m,ohlcv,59940,7,59944,0,ok,"",2026-07-21 01:17:38.712591+00
63744,BTCUSDT,15m,ohlcv,124513,8,124518,0,ok,"",2026-07-21 01:17:11.839519+00
63743,ETHUSDT,1m,ohlcv,56750,7,56754,0,ok,"",2026-07-21 01:16:34.569151+00
63742,BTCUSDT,1m,ohlcv,59940,7,59944,0,ok,"",2026-07-21 01:15:32.760989+00
63741,DOGEUSDT,5m,ohlcv,373538,15,373550,0,quarantined,Data is stale: last candle 10 min ago,2026-07-21 01:15:00.142028+00
63740,DOGEUSDT,1m,ohlcv,59937,7,59941,0,ok,"",2026-07-21 01:14:30.886196+00
63739,BNBUSDT,1m,ohlcv,59936,7,59940,0,ok,"",2026-07-21 01:13:28.610845+00
63738,XRPUSDT,1m,ohlcv,59935,7,59939,0,ok,"",2026-07-21 01:12:28.65349+00
63737,SOLUSDT,1m,ohlcv,59934,7,59938,0,ok,"",2026-07-21 01:11:26.076459+00
63736,ETHUSDT,1m,ohlcv,56744,7,56748,0,ok,"",2026-07-21 01:10:19.471674+00
63735,BTCUSDT,1m,ohlcv,59934,7,59938,0,ok,"",2026-07-21 01:09:21.74012+00
63734,DOGEUSDT,1m,ohlcv,59931,7,59935,0,ok,"",2026-07-21 01:08:19.479149+00
63733,BNBUSDT,5m,ohlcv,373536,16,373549,0,ok,"",2026-07-21 01:08:07.9852+00
63732,BNBUSDT,1m,ohlcv,59930,7,59934,0,ok,"",2026-07-21 01:07:12.778874+00
63731,XRPUSDT,1m,ohlcv,59929,7,59933,0,ok,"",2026-07-21 01:06:10.73608+00
63730,SOLUSDT,1m,ohlcv,59925,10,59932,0,ok,"",2026-07-21 01:05:03.425321+00
63729,ETHUSDT,1m,ohlcv,56738,7,56742,0,ok,"",2026-07-21 01:04:04.516845+00
63728,BTCUSDT,1m,ohlcv,59928,7,59932,0,ok,"",2026-07-21 01:03:09.330109+00
63727,DOGEUSDT,1m,ohlcv,59925,7,59929,0,ok,"",2026-07-21 01:02:09.470247+00
63726,XRPUSDT,5m,ohlcv,373535,16,373548,0,ok,"",2026-07-21 01:01:40.375125+00
63725,BNBUSDT,1m,ohlcv,59924,6,59927,0,quarantined,Data is stale: last candle 2 min ago,2026-07-21 01:01:01.45084+00
63724,XRPUSDT,1m,ohlcv,59920,9,59926,0,ok,"",2026-07-21 00:59:53.934162+00
63723,SOLUSDT,1m,ohlcv,59921,7,59925,0,ok,"",2026-07-21 00:58:56.424449+00
63722,ETHUSDT,1m,ohlcv,56731,7,56735,0,ok,"",2026-07-21 00:57:55.491013+00
63721,BTCUSDT,1m,ohlcv,59921,8,59926,0,ok,"",2026-07-21 00:56:58.040582+00
63720,DOGEUSDT,1m,ohlcv,59918,7,59922,0,ok,"",2026-07-21 00:55:59.892291+00
63719,SOLUSDT,5m,ohlcv,373534,15,373546,0,quarantined,Data is stale: last candle 11 min ago,2026-07-21 00:55:32.837045+00
63718,BNBUSDT,1m,ohlcv,59917,7,59921,0,ok,"",2026-07-21 00:54:49.043475+00
63717,XRPUSDT,1m,ohlcv,59916,7,59920,0,ok,"",2026-07-21 00:53:53.731869+00
63716,SOLUSDT,1m,ohlcv,59915,7,59919,0,ok,"",2026-07-21 00:52:54.624725+00
63715,ETHUSDT,1m,ohlcv,56725,7,56729,0,ok,"",2026-07-21 00:51:56.770073+00
63714,BTCUSDT,1m,ohlcv,59915,7,59919,0,ok,"",2026-07-21 00:50:58.650091+00
63713,DOGEUSDT,1m,ohlcv,59912,7,59916,0,ok,"",2026-07-21 00:49:51.740851+00
63712,ETHUSDT,5m,ohlcv,373533,15,373545,0,ok,"",2026-07-21 00:49:11.715882+00
63711,BNBUSDT,1m,ohlcv,59911,7,59915,0,ok,"",2026-07-21 00:48:45.605729+00
63710,XRPUSDT,1m,ohlcv,59910,7,59914,0,ok,"",2026-07-21 00:47:45.986079+00
63709,SOLUSDT,1m,ohlcv,59909,7,59913,0,ok,"",2026-07-21 00:46:45.214581+00
63708,ETHUSDT,1m,ohlcv,56719,7,56723,0,ok,"",2026-07-21 00:45:45.826774+00
63707,BTCUSDT,1m,ohlcv,59909,7,59913,0,ok,"",2026-07-21 00:44:41.339578+00
63706,DOGEUSDT,1m,ohlcv,59906,7,59910,0,ok,"",2026-07-21 00:43:36.444109+00
63705,BTCUSDT,5m,ohlcv,373532,15,373544,0,ok,"",2026-07-21 00:42:50.687258+00
63704,BNBUSDT,1m,ohlcv,59905,7,59909,0,ok,"",2026-07-21 00:42:29.177542+00
63703,XRPUSDT,1m,ohlcv,59904,7,59908,0,ok,"",2026-07-21 00:41:27.907627+00
63702,SOLUSDT,1m,ohlcv,59903,7,59907,0,ok,"",2026-07-21 00:40:30.057663+00
63701,ETHUSDT,1m,ohlcv,56713,7,56717,0,ok,"",2026-07-21 00:39:28.021356+00
63700,BTCUSDT,1m,ohlcv,59903,7,59907,0,ok,"",2026-07-21 00:38:28.777436+00
63699,DOGEUSDT,1m,ohlcv,59900,7,59904,0,ok,"",2026-07-21 00:37:27.867602+00
63698,DOGEUSDT,snapshot,orderbook,,100,,0,ok,"",2026-07-21 00:36:39.461219+00
63697,BNBUSDT,snapshot,orderbook,,100,,0,ok,"",2026-07-21 00:36:37.485849+00
63696,XRPUSDT,snapshot,orderbook,,100,,0,ok,"",2026-07-21 00:36:35.465482+00
63695,SOLUSDT,snapshot,orderbook,,100,,0,ok,"",2026-07-21 00:36:33.489322+00
63694,ETHUSDT,snapshot,orderbook,,100,,0,ok,"",2026-07-21 00:36:31.473728+00
63693,BTCUSDT,snapshot,orderbook,,100,,0,ok,"",2026-07-21 00:36:29.482397+00
63692,DOGEUSDT,1h,open_interest_1h,31221,200,31222,0,ok,"",2026-07-21 00:36:27.891802+00
63691,BNBUSDT,1m,ohlcv,59899,7,59903,0,ok,"",2026-07-21 00:36:26.378943+00
63690,BNBUSDT,1h,open_interest_1h,31221,200,31222,0,ok,"",2026-07-21 00:36:25.589276+00
63689,XRPUSDT,1h,open_interest_1h,31221,200,31222,0,ok,"",2026-07-21 00:36:23.83523+00
63688,SOLUSDT,1h,open_interest_1h,31221,200,31222,0,ok,"",2026-07-21 00:36:21.693513+00
63687,ETHUSDT,1h,open_interest_1h,31221,200,31222,0,ok,"",2026-07-21 00:36:19.540949+00
63686,BTCUSDT,1h,open_interest_1h,31221,200,31222,0,ok,"",2026-07-21 00:36:17.658869+00
63685,DOGEUSDT,8h,funding_rate,3927,200,3928,0,ok,"",2026-07-21 00:36:15.332325+00
63684,BNBUSDT,8h,funding_rate,3927,200,3928,0,ok,"",2026-07-21 00:36:13.263523+00
63683,XRPUSDT,8h,funding_rate,3927,200,3928,0,ok,"",2026-07-21 00:36:11.221102+00
63682,SOLUSDT,8h,funding_rate,3927,200,3928,0,ok,"",2026-07-21 00:36:09.533643+00
63681,ETHUSDT,8h,funding_rate,3927,200,3928,0,ok,"",2026-07-21 00:36:07.370751+00
63680,BTCUSDT,8h,funding_rate,3927,200,3928,0,ok,"",2026-07-21 00:36:05.810237+00
63679,DOGEUSDT,1h,ohlcv,31128,4,31129,0,ok,"",2026-07-21 00:36:04.113093+00
63678,BNBUSDT,1h,ohlcv,31128,4,31129,0,ok,"",2026-07-21 00:35:31.089979+00
63677,XRPUSDT,1m,ohlcv,59898,7,59902,0,ok,"",2026-07-21 00:35:29.823212+00
63676,XRPUSDT,1h,ohlcv,31128,4,31129,0,ok,"",2026-07-21 00:34:59.21928+00
63675,SOLUSDT,1m,ohlcv,59897,7,59901,0,ok,"",2026-07-21 00:34:31.565747+00
63674,SOLUSDT,1h,ohlcv,31128,4,31129,0,ok,"",2026-07-21 00:34:28.717594+00
63673,ETHUSDT,1h,ohlcv,31128,4,31129,0,ok,"",2026-07-21 00:33:51.827967+00
63672,ETHUSDT,1m,ohlcv,56707,7,56711,0,ok,"",2026-07-21 00:33:28.787032+00
63671,BTCUSDT,1h,ohlcv,31128,4,31129,0,ok,"",2026-07-21 00:33:21.045344+00
63670,DOGEUSDT,"4h,1h,30m,15m,5m,1d",enrich,,,,0,ok,"",2026-07-21 00:32:47.972341+00
63669,BTCUSDT,1m,ohlcv,59897,7,59901,0,ok,"",2026-07-21 00:32:31.432433+00
63668,BNBUSDT,"4h,1h,30m,15m,5m,1d",enrich,,,,0,ok,"",2026-07-21 00:32:18.368076+00
63667,XRPUSDT,"4h,1h,30m,15m,5m,1d",enrich,,,,0,ok,"",2026-07-21 00:31:49.284929+00
63666,DOGEUSDT,1m,ohlcv,59894,7,59898,0,ok,"",2026-07-21 00:31:27.015421+00
63665,SOLUSDT,"4h,1h,30m,15m,5m,1d",enrich,,,,0,ok,"",2026-07-21 00:31:21.079663+00
63664,ETHUSDT,"4h,1h,30m,15m,5m,1d",enrich,,,,0,ok,"",2026-07-21 00:30:55.116328+00
63663,BTCUSDT,"4h,1h,30m,15m,5m,1d",enrich,,,,0,ok,"",2026-07-21 00:30:27.779763+00
63662,BNBUSDT,1m,ohlcv,59893,7,59897,0,ok,"",2026-07-21 00:30:19.124233+00
63661,DOGEUSDT,30m,ohlcv,62255,5,62257,0,ok,"",2026-07-21 00:30:00.105119+00
63660,XRPUSDT,1m,ohlcv,59892,7,59896,0,ok,"",2026-07-21 00:29:18.85102+00
63659,BNBUSDT,30m,ohlcv,62255,5,62257,0,ok,"",2026-07-21 00:28:46.444267+00
63658,SOLUSDT,1m,ohlcv,59889,9,59895,0,ok,"",2026-07-21 00:28:12.165116+00
63657,XRPUSDT,30m,ohlcv,62255,5,62257,0,ok,"",2026-07-21 00:27:41.881979+00
63656,ETHUSDT,1m,ohlcv,56700,8,56705,0,ok,"",2026-07-21 00:27:11.470353+00
63655,SOLUSDT,30m,ohlcv,62255,5,62257,0,ok,"",2026-07-21 00:26:37.285304+00
63654,BTCUSDT,1m,ohlcv,59890,8,59895,0,ok,"",2026-07-21 00:26:15.878085+00
63653,ETHUSDT,30m,ohlcv,62255,5,62257,0,ok,"",2026-07-21 00:25:32.460058+00
63652,DOGEUSDT,1m,ohlcv,59887,8,59892,0,ok,"",2026-07-21 00:25:15.867885+00
63651,BTCUSDT,30m,ohlcv,62255,5,62257,0,ok,"",2026-07-21 00:24:27.978301+00
63650,BNBUSDT,1m,ohlcv,59886,8,59891,0,ok,"",2026-07-21 00:24:09.686546+00
63649,DOGEUSDT,15m,ohlcv,124510,7,124514,0,ok,"",2026-07-21 00:23:19.917114+00
63648,XRPUSDT,1m,ohlcv,59885,8,59890,0,ok,"",2026-07-21 00:23:04.121023+00
63647,SOLUSDT,1m,ohlcv,59884,8,59889,0,ok,"",2026-07-21 00:22:04.125269+00
63646,BNBUSDT,15m,ohlcv,124510,7,124514,0,ok,"",2026-07-21 00:21:04.440705+00
63645,ETHUSDT,1m,ohlcv,56694,8,56699,0,ok,"",2026-07-21 00:21:02.469132+00
63644,BTCUSDT,1m,ohlcv,59884,8,59889,0,ok,"",2026-07-21 00:20:06.819942+00
63643,DOGEUSDT,1m,ohlcv,59881,7,59885,0,quarantined,Data is stale: last candle 2 min ago,2026-07-21 00:19:06.37704+00
63642,XRPUSDT,15m,ohlcv,124510,7,124514,0,ok,"",2026-07-21 00:18:55.916127+00
63641,BNBUSDT,1m,ohlcv,59880,7,59884,0,ok,"",2026-07-21 00:17:54.372848+00
63640,XRPUSDT,1m,ohlcv,59879,7,59883,0,ok,"",2026-07-21 00:16:54.715532+00
63639,SOLUSDT,15m,ohlcv,124509,7,124513,0,ok,"",2026-07-21 00:16:41.46608+00
63638,SOLUSDT,1m,ohlcv,59878,7,59882,0,ok,"",2026-07-21 00:15:54.895648+00
63637,ETHUSDT,1m,ohlcv,56688,7,56692,0,ok,"",2026-07-21 00:14:52.892224+00
63636,ETHUSDT,15m,ohlcv,124509,7,124513,0,ok,"",2026-07-21 00:14:36.703026+00
63635,BTCUSDT,1m,ohlcv,59878,7,59882,0,ok,"",2026-07-21 00:13:56.127464+00
63634,DOGEUSDT,1m,ohlcv,59873,9,59879,0,ok,"",2026-07-21 00:12:49.398016+00
63633,BTCUSDT,15m,ohlcv,124509,7,124513,0,ok,"",2026-07-21 00:12:23.499111+00
63632,BNBUSDT,1m,ohlcv,59873,8,59878,0,ok,"",2026-07-21 00:11:44.739473+00
63631,XRPUSDT,1m,ohlcv,59872,8,59877,0,ok,"",2026-07-21 00:10:45.189642+00
63630,DOGEUSDT,5m,ohlcv,373525,15,373537,0,quarantined,Data is stale: last candle 10 min ago,2026-07-21 00:10:20.730144+00
63629,SOLUSDT,1m,ohlcv,59871,8,59876,0,ok,"",2026-07-21 00:09:46.474485+00
63628,ETHUSDT,1m,ohlcv,56681,8,56686,0,ok,"",2026-07-21 00:08:46.199855+00
63627,BTCUSDT,1m,ohlcv,59871,8,59876,0,ok,"",2026-07-21 00:07:45.620869+00
63626,DOGEUSDT,1m,ohlcv,59868,8,59873,0,ok,"",2026-07-21 00:06:41.422163+00
63625,BNBUSDT,1m,ohlcv,59867,8,59872,0,ok,"",2026-07-21 00:05:33.816158+00
63624,XRPUSDT,1m,ohlcv,59866,8,59871,0,ok,"",2026-07-21 00:04:31.408756+00
63623,BNBUSDT,5m,ohlcv,373524,15,373536,0,ok,"",2026-07-21 00:03:35.110581+00
63622,SOLUSDT,1m,ohlcv,59865,8,59870,0,ok,"",2026-07-21 00:03:28.695222+00
63621,ETHUSDT,1m,ohlcv,56675,8,56680,0,ok,"",2026-07-21 00:02:24.010731+00
63620,BTCUSDT,1m,ohlcv,59865,8,59870,0,ok,"",2026-07-21 00:01:25.314928+00
63619,DOGEUSDT,1m,ohlcv,59862,8,59867,0,ok,"",2026-07-21 00:00:24.25166+00
63618,BNBUSDT,1m,ohlcv,59861,8,59866,0,ok,"",2026-07-20 23:59:18.35577+00
63617,XRPUSDT,1m,ohlcv,59860,8,59865,0,ok,"",2026-07-20 23:58:19.010778+00
63616,SOLUSDT,1m,ohlcv,59859,8,59864,0,ok,"",2026-07-20 23:57:20.287008+00
63615,XRPUSDT,5m,ohlcv,373523,15,373535,0,ok,"",2026-07-20 23:57:14.220422+00
63614,ETHUSDT,1m,ohlcv,56669,8,56674,0,ok,"",2026-07-20 23:56:19.045475+00
63613,BTCUSDT,1m,ohlcv,59859,8,59864,0,ok,"",2026-07-20 23:55:21.940995+00
63612,DOGEUSDT,1m,ohlcv,59856,8,59861,0,ok,"",2026-07-20 23:54:22.136893+00
63611,BNBUSDT,1m,ohlcv,59855,8,59860,0,ok,"",2026-07-20 23:53:22.405464+00
63610,XRPUSDT,1m,ohlcv,59854,8,59859,0,ok,"",2026-07-20 23:52:21.203121+00
63609,SOLUSDT,1m,ohlcv,59853,8,59858,0,ok,"",2026-07-20 23:51:19.599107+00
63608,SOLUSDT,5m,ohlcv,373522,15,373534,0,ok,"",2026-07-20 23:51:06.278936+00
63607,ETHUSDT,1m,ohlcv,56663,8,56668,0,ok,"",2026-07-20 23:50:22.289602+00
63606,BTCUSDT,1m,ohlcv,59853,8,59858,0,ok,"",2026-07-20 23:49:28.037086+00
63605,DOGEUSDT,1m,ohlcv,59850,8,59855,0,ok,"",2026-07-20 23:48:29.2427+00
63604,BNBUSDT,1m,ohlcv,59849,8,59854,0,ok,"",2026-07-20 23:47:28.061493+00
63603,XRPUSDT,1m,ohlcv,59848,8,59853,0,ok,"",2026-07-20 23:46:24.547111+00
63602,SOLUSDT,1m,ohlcv,59847,8,59852,0,ok,"",2026-07-20 23:45:26.505377+00
63601,ETHUSDT,5m,ohlcv,373521,14,373532,0,quarantined,Data is stale: last candle 10 min ago,2026-07-20 23:45:08.939383+00
63600,ETHUSDT,1m,ohlcv,56657,8,56662,0,ok,"",2026-07-20 23:44:30.261185+00
63599,BTCUSDT,1m,ohlcv,59848,7,59852,0,ok,"",2026-07-20 23:43:38.667539+00
63598,DOGEUSDT,1m,ohlcv,59845,7,59849,0,ok,"",2026-07-20 23:42:39.287681+00
63597,BNBUSDT,1m,ohlcv,59844,7,59848,0,ok,"",2026-07-20 23:41:37.314863+00
63596,XRPUSDT,1m,ohlcv,59843,7,59847,0,ok,"",2026-07-20 23:40:34.457787+00
63595,SOLUSDT,1m,ohlcv,59842,7,59846,0,ok,"",2026-07-20 23:39:37.229856+00
63594,BTCUSDT,5m,ohlcv,373519,15,373531,0,ok,"",2026-07-20 23:39:14.116127+00
63593,ETHUSDT,1m,ohlcv,56652,7,56656,0,ok,"",2026-07-20 23:38:44.774701+00
63592,BTCUSDT,1m,ohlcv,59842,7,59846,0,ok,"",2026-07-20 23:37:55.136886+00
63591,DOGEUSDT,1m,ohlcv,59839,7,59843,0,ok,"",2026-07-20 23:36:57.254014+00
63590,BNBUSDT,1m,ohlcv,59838,8,59843,0,ok,"",2026-07-20 23:35:49.207215+00
63589,XRPUSDT,1m,ohlcv,59837,8,59842,0,ok,"",2026-07-20 23:35:00.740469+00
63588,SOLUSDT,1m,ohlcv,59836,8,59841,0,ok,"",2026-07-20 23:34:02.996466+00
63587,DOGEUSDT,snapshot,orderbook,,100,,0,ok,"",2026-07-20 23:33:32.424566+00
63586,BNBUSDT,snapshot,orderbook,,100,,0,ok,"",2026-07-20 23:33:30.429332+00
63585,XRPUSDT,snapshot,orderbook,,100,,0,ok,"",2026-07-20 23:33:28.470554+00
63584,SOLUSDT,snapshot,orderbook,,100,,0,ok,"",2026-07-20 23:33:26.460381+00
63583,ETHUSDT,snapshot,orderbook,,100,,0,ok,"",2026-07-20 23:33:24.396155+00
63582,BTCUSDT,snapshot,orderbook,,100,,0,ok,"",2026-07-20 23:33:22.441023+00
63581,DOGEUSDT,1h,open_interest_1h,31220,200,31221,0,ok,"",2026-07-20 23:33:20.873096+00
63580,BNBUSDT,1h,open_interest_1h,31220,200,31221,0,ok,"",2026-07-20 23:33:18.787094+00
63579,XRPUSDT,1h,open_interest_1h,31220,200,31221,0,ok,"",2026-07-20 23:33:16.610356+00
63578,SOLUSDT,1h,open_interest_1h,31220,200,31221,0,ok,"",2026-07-20 23:33:14.594285+00
63577,ETHUSDT,1h,open_interest_1h,31220,200,31221,0,ok,"",2026-07-20 23:33:12.558034+00
63576,ETHUSDT,1m,ohlcv,56646,8,56651,0,ok,"",2026-07-20 23:33:11.904365+00
63575,BTCUSDT,1h,open_interest_1h,31220,200,31221,0,ok,"",2026-07-20 23:33:10.668435+00
63574,DOGEUSDT,8h,funding_rate,3927,200,3927,0,ok,"",2026-07-20 23:33:08.40446+00
63573,BNBUSDT,8h,funding_rate,3927,200,3927,0,ok,"",2026-07-20 23:33:06.728129+00
63572,XRPUSDT,8h,funding_rate,3927,200,3927,0,ok,"",2026-07-20 23:33:04.403877+00
63571,SOLUSDT,8h,funding_rate,3927,200,3927,0,ok,"",2026-07-20 23:33:02.38836+00
63570,ETHUSDT,8h,funding_rate,3927,200,3927,0,ok,"",2026-07-20 23:33:00.391512+00
63569,BTCUSDT,8h,funding_rate,3927,200,3927,0,ok,"",2026-07-20 23:32:58.79006+00
63568,DOGEUSDT,1h,ohlcv,31127,4,31128,0,ok,"",2026-07-20 23:32:50.732101+00
63567,BTCUSDT,1m,ohlcv,59836,8,59841,0,ok,"",2026-07-20 23:32:23.250721+00
63566,BNBUSDT,1h,ohlcv,31127,4,31128,0,ok,"",2026-07-20 23:32:18.343631+00
63565,XRPUSDT,1h,ohlcv,31127,4,31128,0,ok,"",2026-07-20 23:31:47.796+00
63564,DOGEUSDT,1m,ohlcv,59833,8,59838,0,ok,"",2026-07-20 23:31:25.543755+00
63563,SOLUSDT,1h,ohlcv,31127,4,31128,0,ok,"",2026-07-20 23:31:16.094522+00
63562,ETHUSDT,1h,ohlcv,31127,4,31128,0,ok,"",2026-07-20 23:30:43.285847+00
63561,BNBUSDT,1m,ohlcv,59832,8,59837,0,ok,"",2026-07-20 23:30:22.274212+00
63560,BTCUSDT,1h,ohlcv,31127,4,31128,0,ok,"",2026-07-20 23:30:13.0548+00
63559,DOGEUSDT,"4h,1h,30m,15m,5m,1d",enrich,,,,0,ok,"",2026-07-20 23:29:41.479477+00
63558,XRPUSDT,1m,ohlcv,59831,8,59836,0,ok,"",2026-07-20 23:29:26.914493+00
63557,BNBUSDT,"4h,1h,30m,15m,5m,1d",enrich,,,,0,ok,"",2026-07-20 23:29:15.122918+00
63556,XRPUSDT,"4h,1h,30m,15m,5m,1d",enrich,,,,0,ok,"",2026-07-20 23:28:48.813802+00
63555,SOLUSDT,1m,ohlcv,59830,8,59835,0,ok,"",2026-07-20 23:28:27.167367+00
63554,SOLUSDT,"4h,1h,30m,15m,5m,1d",enrich,,,,0,ok,"",2026-07-20 23:28:24.139969+00
63553,ETHUSDT,"4h,1h,30m,15m,5m,1d",enrich,,,,0,ok,"",2026-07-20 23:27:59.67933+00
63552,BTCUSDT,"4h,1h,30m,15m,5m,1d",enrich,,,,0,ok,"",2026-07-20 23:27:33.574643+00
63551,ETHUSDT,1m,ohlcv,56640,8,56645,0,ok,"",2026-07-20 23:27:28.386942+00
63550,DOGEUSDT,30m,ohlcv,62253,5,62255,0,ok,"",2026-07-20 23:27:07.835101+00
63549,BTCUSDT,1m,ohlcv,59830,8,59835,0,ok,"",2026-07-20 23:26:35.510129+00
63548,BNBUSDT,30m,ohlcv,62253,5,62255,0,ok,"",2026-07-20 23:26:04.175297+00
63547,DOGEUSDT,1m,ohlcv,59827,8,59832,0,ok,"",2026-07-20 23:25:37.655397+00
63546,XRPUSDT,30m,ohlcv,62253,5,62255,0,ok,"",2026-07-20 23:25:01.700859+00
63545,BNBUSDT,1m,ohlcv,59826,8,59831,0,ok,"",2026-07-20 23:24:33.705378+00
63544,SOLUSDT,30m,ohlcv,62253,5,62255,0,ok,"",2026-07-20 23:23:59.34229+00
63543,XRPUSDT,1m,ohlcv,59825,8,59830,0,ok,"",2026-07-20 23:23:39.928797+00
63542,ETHUSDT,30m,ohlcv,62253,5,62255,0,ok,"",2026-07-20 23:22:56.88096+00
63541,SOLUSDT,1m,ohlcv,59824,8,59829,0,ok,"",2026-07-20 23:22:43.726446+00
63540,BTCUSDT,30m,ohlcv,62253,5,62255,0,ok,"",2026-07-20 23:21:55.089284+00
63539,ETHUSDT,1m,ohlcv,56634,8,56639,0,ok,"",2026-07-20 23:21:47.158706+00
63538,DOGEUSDT,15m,ohlcv,124506,7,124510,0,ok,"",2026-07-20 23:20:51.821091+00
63537,BTCUSDT,1m,ohlcv,59824,8,59829,0,ok,"",2026-07-20 23:20:48.347278+00
63536,DOGEUSDT,1m,ohlcv,59821,8,59826,0,ok,"",2026-07-20 23:19:44.085787+00
63535,BNBUSDT,1m,ohlcv,59820,8,59825,0,ok,"",2026-07-20 23:18:42.594855+00
63534,BNBUSDT,15m,ohlcv,124506,7,124510,0,ok,"",2026-07-20 23:18:38.179866+00
63533,XRPUSDT,1m,ohlcv,59819,8,59824,0,ok,"",2026-07-20 23:17:44.395403+00
63532,SOLUSDT,1m,ohlcv,59818,8,59823,0,ok,"",2026-07-20 23:16:46.03484+00
63531,XRPUSDT,15m,ohlcv,124506,6,124509,0,ok,"",2026-07-20 23:16:35.807297+00
63530,ETHUSDT,1m,ohlcv,56628,8,56633,0,ok,"",2026-07-20 23:15:39.49148+00
63529,BTCUSDT,1m,ohlcv,59818,8,59823,0,ok,"",2026-07-20 23:14:40.342763+00
63528,SOLUSDT,15m,ohlcv,124505,7,124509,0,ok,"",2026-07-20 23:14:28.865828+00
63527,DOGEUSDT,1m,ohlcv,59815,8,59820,0,ok,"",2026-07-20 23:13:44.738697+00
63526,BNBUSDT,1m,ohlcv,59814,8,59819,0,ok,"",2026-07-20 23:12:41.745777+00
63525,ETHUSDT,15m,ohlcv,124505,7,124509,0,ok,"",2026-07-20 23:12:28.596671+00
63524,XRPUSDT,1m,ohlcv,59813,8,59818,0,ok,"",2026-07-20 23:11:46.072474+00
63523,SOLUSDT,1m,ohlcv,59812,8,59817,0,ok,"",2026-07-20 23:10:47.530853+00
63522,BTCUSDT,15m,ohlcv,124505,7,124509,0,ok,"",2026-07-20 23:10:27.358132+00
63521,ETHUSDT,1m,ohlcv,56622,8,56627,0,ok,"",2026-07-20 23:09:47.93024+00
63520,BTCUSDT,1m,ohlcv,59812,8,59817,0,ok,"",2026-07-20 23:08:48.639398+00
63519,DOGEUSDT,5m,ohlcv,373513,15,373525,0,ok,"",2026-07-20 23:08:20.268105+00
63518,DOGEUSDT,1m,ohlcv,59809,8,59814,0,ok,"",2026-07-20 23:07:44.340268+00
63517,BNBUSDT,1m,ohlcv,59808,8,59813,0,ok,"",2026-07-20 23:06:37.992849+00
63516,XRPUSDT,1m,ohlcv,59807,8,59812,0,ok,"",2026-07-20 23:05:37.57885+00
63515,SOLUSDT,1m,ohlcv,59806,8,59811,0,ok,"",2026-07-20 23:04:38.022124+00
63514,ETHUSDT,1m,ohlcv,56616,8,56621,0,ok,"",2026-07-20 23:03:38.031861+00
63513,BTCUSDT,1m,ohlcv,59807,7,59811,0,ok,"",2026-07-20 23:02:45.351432+00
63512,BNBUSDT,5m,ohlcv,373512,15,373524,0,ok,"",2026-07-20 23:01:46.815286+00
63511,DOGEUSDT,1m,ohlcv,59804,7,59808,0,ok,"",2026-07-20 23:01:46.688859+00
63510,BNBUSDT,1m,ohlcv,59803,7,59807,0,ok,"",2026-07-20 23:00:46.150209+00
63509,XRPUSDT,1m,ohlcv,59802,7,59806,0,ok,"",2026-07-20 22:59:48.753939+00
63508,SOLUSDT,1m,ohlcv,59801,7,59805,0,ok,"",2026-07-20 22:58:49.560792+00
63507,ETHUSDT,1m,ohlcv,56611,7,56615,0,ok,"",2026-07-20 22:57:55.931851+00
63506,BTCUSDT,1m,ohlcv,59801,8,59806,0,ok,"",2026-07-20 22:56:58.676844+00
63505,DOGEUSDT,1m,ohlcv,59798,7,59802,0,quarantined,Data is stale: last candle 2 min ago,2026-07-20 22:56:00.578448+00
63504,XRPUSDT,5m,ohlcv,373511,15,373523,0,ok,"",2026-07-20 22:55:53.923256+00
63503,BNBUSDT,1m,ohlcv,59797,8,59802,0,ok,"",2026-07-20 22:54:56.107061+00
63502,XRPUSDT,1m,ohlcv,59796,8,59801,0,ok,"",2026-07-20 22:54:01.663935+00
63501,SOLUSDT,1m,ohlcv,59795,8,59800,0,ok,"",2026-07-20 22:53:02.714509+00
63500,ETHUSDT,1m,ohlcv,56605,8,56610,0,ok,"",2026-07-20 22:52:07.276411+00
63499,BTCUSDT,1m,ohlcv,59795,8,59800,0,ok,"",2026-07-20 22:51:12.898849+00
63498,DOGEUSDT,1m,ohlcv,59792,8,59797,0,ok,"",2026-07-20 22:50:15.311979+00
63497,SOLUSDT,5m,ohlcv,373509,15,373521,0,quarantined,Data is stale: last candle 10 min ago,2026-07-20 22:50:02.544077+00
63496,BNBUSDT,1m,ohlcv,59791,8,59796,0,ok,"",2026-07-20 22:49:13.861401+00
63495,XRPUSDT,1m,ohlcv,59790,8,59795,0,ok,"",2026-07-20 22:48:15.969904+00
63494,SOLUSDT,1m,ohlcv,59789,8,59794,0,ok,"",2026-07-20 22:47:21.104817+00
63493,ETHUSDT,1m,ohlcv,56599,8,56604,0,ok,"",2026-07-20 22:46:24.629859+00
63492,BTCUSDT,1m,ohlcv,59789,8,59794,0,ok,"",2026-07-20 22:45:30.088637+00
63491,DOGEUSDT,1m,ohlcv,59786,8,59791,0,ok,"",2026-07-20 22:44:29.892913+00
63490,ETHUSDT,5m,ohlcv,373508,15,373520,0,ok,"",2026-07-20 22:44:17.309876+00
63489,BNBUSDT,1m,ohlcv,59785,8,59790,0,ok,"",2026-07-20 22:43:29.727092+00
63488,XRPUSDT,1m,ohlcv,59784,8,59789,0,ok,"",2026-07-20 22:42:29.74827+00
63487,SOLUSDT,1m,ohlcv,59783,8,59788,0,ok,"",2026-07-20 22:41:34.00764+00
63486,ETHUSDT,1m,ohlcv,56593,8,56598,0,ok,"",2026-07-20 22:40:35.497828+00
63485,BTCUSDT,1m,ohlcv,59783,8,59788,0,ok,"",2026-07-20 22:39:35.800092+00
63484,DOGEUSDT,1m,ohlcv,59780,8,59785,0,ok,"",2026-07-20 22:38:38.331336+00
63483,BTCUSDT,5m,ohlcv,373507,15,373519,0,ok,"",2026-07-20 22:38:24.582863+00
63482,BNBUSDT,1m,ohlcv,59780,7,59784,0,ok,"",2026-07-20 22:37:31.959463+00
63481,XRPUSDT,1m,ohlcv,59779,7,59783,0,ok,"",2026-07-20 22:36:33.713687+00
63480,SOLUSDT,1m,ohlcv,59778,7,59782,0,ok,"",2026-07-20 22:35:34.276851+00
63479,ETHUSDT,1m,ohlcv,56588,7,56592,0,ok,"",2026-07-20 22:34:35.417563+00
63478,BTCUSDT,1m,ohlcv,59778,7,59782,0,ok,"",2026-07-20 22:33:14.889084+00
63477,DOGEUSDT,snapshot,orderbook,,100,,0,ok,"",2026-07-20 22:32:58.56229+00
63476,BNBUSDT,snapshot,orderbook,,100,,0,ok,"",2026-07-20 22:32:56.536206+00
63475,XRPUSDT,snapshot,orderbook,,100,,0,ok,"",2026-07-20 22:32:54.526359+00
63474,SOLUSDT,snapshot,orderbook,,100,,0,ok,"",2026-07-20 22:32:52.612125+00
63473,ETHUSDT,snapshot,orderbook,,100,,0,ok,"",2026-07-20 22:32:50.574627+00
63472,BTCUSDT,snapshot,orderbook,,100,,0,ok,"",2026-07-20 22:32:48.492286+00
63471,DOGEUSDT,1h,open_interest_1h,31219,200,31220,0,ok,"",2026-07-20 22:32:46.983219+00
63470,BNBUSDT,1h,open_interest_1h,31219,200,31220,0,ok,"",2026-07-20 22:32:45.087672+00
63469,XRPUSDT,1h,open_interest_1h,31219,200,31220,0,ok,"",2026-07-20 22:32:42.857361+00
63468,SOLUSDT,1h,open_interest_1h,31219,200,31220,0,ok,"",2026-07-20 22:32:40.50276+00
63467,ETHUSDT,1h,open_interest_1h,31219,200,31220,0,ok,"",2026-07-20 22:32:38.515291+00
63466,BTCUSDT,1h,open_interest_1h,31219,200,31220,0,ok,"",2026-07-20 22:32:36.807115+00
63465,DOGEUSDT,8h,funding_rate,3927,200,3927,0,ok,"",2026-07-20 22:32:34.450402+00
63464,BNBUSDT,8h,funding_rate,3927,200,3927,0,ok,"",2026-07-20 22:32:32.343137+00
63463,XRPUSDT,8h,funding_rate,3927,200,3927,0,ok,"",2026-07-20 22:32:30.613039+00
63462,SOLUSDT,8h,funding_rate,3927,200,3927,0,ok,"",2026-07-20 22:32:28.273291+00
63461,ETHUSDT,8h,funding_rate,3927,200,3927,0,ok,"",2026-07-20 22:32:26.596638+00
63460,BTCUSDT,8h,funding_rate,3927,200,3927,0,ok,"",2026-07-20 22:32:24.431033+00
63459,DOGEUSDT,1h,ohlcv,31126,4,31127,0,ok,"",2026-07-20 22:32:23.056731+00
63458,DOGEUSDT,1m,ohlcv,59775,7,59779,0,ok,"",2026-07-20 22:32:20.9329+00
63457,BNBUSDT,1h,ohlcv,31126,4,31127,0,ok,"",2026-07-20 22:31:50.077632+00
63456,BNBUSDT,1m,ohlcv,59774,7,59778,0,ok,"",2026-07-20 22:31:22.051822+00
63455,XRPUSDT,1h,ohlcv,31126,4,31127,0,ok,"",2026-07-20 22:31:20.499097+00
63454,SOLUSDT,1h,ohlcv,31126,4,31127,0,ok,"",2026-07-20 22:30:50.333445+00
63453,XRPUSDT,1m,ohlcv,59773,7,59777,0,ok,"",2026-07-20 22:30:24.39598+00
63452,ETHUSDT,1h,ohlcv,31126,4,31127,0,ok,"",2026-07-20 22:30:19.373022+00
63451,BTCUSDT,1h,ohlcv,31126,4,31127,0,ok,"",2026-07-20 22:29:50.159369+00
63450,SOLUSDT,1m,ohlcv,59772,7,59776,0,ok,"",2026-07-20 22:29:29.933466+00
63449,DOGEUSDT,"4h,1h,30m,15m,5m,1d",enrich,,,,0,ok,"",2026-07-20 22:29:20.055501+00
63448,BNBUSDT,"4h,1h,30m,15m,5m,1d",enrich,,,,0,ok,"",2026-07-20 22:28:51.804394+00
63447,ETHUSDT,1m,ohlcv,56582,7,56586,0,ok,"",2026-07-20 22:28:31.813576+00
63446,XRPUSDT,"4h,1h,30m,15m,5m,1d",enrich,,,,0,ok,"",2026-07-20 22:28:25.717109+00
63445,SOLUSDT,"4h,1h,30m,15m,5m,1d",enrich,,,,0,ok,"",2026-07-20 22:28:00.844855+00
63444,BTCUSDT,1m,ohlcv,59772,7,59776,0,ok,"",2026-07-20 22:27:36.063599+00
63443,ETHUSDT,"4h,1h,30m,15m,5m,1d",enrich,,,,0,ok,"",2026-07-20 22:27:33.289844+00
63442,BTCUSDT,"4h,1h,30m,15m,5m,1d",enrich,,,,0,ok,"",2026-07-20 22:27:03.897648+00
63441,DOGEUSDT,30m,ohlcv,62251,5,62253,0,ok,"",2026-07-20 22:26:37.434234+00
63440,DOGEUSDT,1m,ohlcv,59769,7,59773,0,ok,"",2026-07-20 22:26:37.030243+00
63439,BNBUSDT,1m,ohlcv,59768,7,59772,0,ok,"",2026-07-20 22:25:37.019071+00
63438,BNBUSDT,30m,ohlcv,62251,5,62253,0,ok,"",2026-07-20 22:25:34.751492+00
63437,XRPUSDT,1m,ohlcv,59767,7,59771,0,ok,"",2026-07-20 22:24:41.170799+00
63436,XRPUSDT,30m,ohlcv,62251,5,62253,0,ok,"",2026-07-20 22:24:37.308985+00
63435,SOLUSDT,1m,ohlcv,59766,7,59770,0,ok,"",2026-07-20 22:23:45.176564+00
63434,SOLUSDT,30m,ohlcv,62251,5,62253,0,ok,"",2026-07-20 22:23:35.258452+00
63433,ETHUSDT,1m,ohlcv,56576,7,56580,0,ok,"",2026-07-20 22:22:50.04693+00
63432,ETHUSDT,30m,ohlcv,62251,5,62253,0,ok,"",2026-07-20 22:22:37.950706+00
63431,BTCUSDT,1m,ohlcv,59766,7,59770,0,ok,"",2026-07-20 22:21:53.620082+00
63430,BTCUSDT,30m,ohlcv,62251,5,62253,0,ok,"",2026-07-20 22:21:35.25637+00
63429,DOGEUSDT,1m,ohlcv,59763,7,59767,0,ok,"",2026-07-20 22:20:57.69509+00
63428,DOGEUSDT,15m,ohlcv,124502,7,124506,0,ok,"",2026-07-20 22:20:37.217474+00
63427,BNBUSDT,1m,ohlcv,59762,7,59766,0,ok,"",2026-07-20 22:19:55.957536+00
63426,XRPUSDT,1m,ohlcv,59761,7,59765,0,ok,"",2026-07-20 22:18:58.79508+00
63425,BNBUSDT,15m,ohlcv,124502,7,124506,0,ok,"",2026-07-20 22:18:23.120048+00
63424,SOLUSDT,1m,ohlcv,59760,7,59764,0,ok,"",2026-07-20 22:17:54.036263+00
63423,ETHUSDT,1m,ohlcv,56570,7,56574,0,ok,"",2026-07-20 22:16:51.910837+00
63422,XRPUSDT,15m,ohlcv,124501,7,124505,0,ok,"",2026-07-20 22:16:18.553746+00
63421,BTCUSDT,1m,ohlcv,59760,8,59765,0,ok,"",2026-07-20 22:15:59.59037+00
63420,DOGEUSDT,1m,ohlcv,59757,8,59762,0,ok,"",2026-07-20 22:15:00.071586+00
63419,SOLUSDT,15m,ohlcv,124501,7,124505,0,ok,"",2026-07-20 22:14:19.46298+00
63418,BNBUSDT,1m,ohlcv,59756,8,59761,0,ok,"",2026-07-20 22:14:00.999097+00
63417,XRPUSDT,1m,ohlcv,59755,8,59760,0,ok,"",2026-07-20 22:13:04.051881+00
63416,ETHUSDT,15m,ohlcv,124501,7,124505,0,ok,"",2026-07-20 22:12:19.4447+00
63415,SOLUSDT,1m,ohlcv,59754,8,59759,0,ok,"",2026-07-20 22:12:07.927228+00
63414,ETHUSDT,1m,ohlcv,56564,8,56569,0,ok,"",2026-07-20 22:11:05.749284+00
63413,BTCUSDT,15m,ohlcv,124501,7,124505,0,ok,"",2026-07-20 22:10:16.529989+00
63412,BTCUSDT,1m,ohlcv,59754,8,59759,0,ok,"",2026-07-20 22:10:11.342587+00
63411,DOGEUSDT,1m,ohlcv,59751,8,59756,0,ok,"",2026-07-20 22:09:15.431864+00
63410,DOGEUSDT,5m,ohlcv,373501,15,373513,0,ok,"",2026-07-20 22:08:15.157069+00
63409,BNBUSDT,1m,ohlcv,59750,8,59755,0,ok,"",2026-07-20 22:08:10.137879+00
63408,XRPUSDT,1m,ohlcv,59749,8,59754,0,ok,"",2026-07-20 22:07:10.967613+00
63407,SOLUSDT,1m,ohlcv,59747,9,59753,0,ok,"",2026-07-20 22:06:08.37402+00
63406,ETHUSDT,1m,ohlcv,56558,8,56563,0,ok,"",2026-07-20 22:05:09.289921+00
63405,BTCUSDT,1m,ohlcv,59748,8,59753,0,ok,"",2026-07-20 22:04:12.139555+00
63404,DOGEUSDT,1m,ohlcv,59745,8,59750,0,ok,"",2026-07-20 22:03:13.974704+00
63403,BNBUSDT,1m,ohlcv,59744,8,59749,0,ok,"",2026-07-20 22:02:06.364409+00
63402,BNBUSDT,5m,ohlcv,373500,15,373512,0,ok,"",2026-07-20 22:01:40.044767+00
63401,XRPUSDT,1m,ohlcv,59743,7,59747,0,quarantined,Data is stale: last candle 2 min ago,2026-07-20 22:01:00.641087+00
63400,SOLUSDT,1m,ohlcv,59742,8,59747,0,ok,"",2026-07-20 21:59:59.512293+00
63399,ETHUSDT,1m,ohlcv,56552,8,56557,0,ok,"",2026-07-20 21:59:01.905792+00
63398,BTCUSDT,1m,ohlcv,59742,8,59747,0,ok,"",2026-07-20 21:58:08.599033+00
63397,DOGEUSDT,1m,ohlcv,59739,8,59744,0,ok,"",2026-07-20 21:57:08.568287+00
63396,BNBUSDT,1m,ohlcv,59738,8,59743,0,ok,"",2026-07-20 21:56:08.805114+00
63395,XRPUSDT,5m,ohlcv,373498,15,373510,0,quarantined,Data is stale: last candle 11 min ago,2026-07-20 21:55:39.035264+00
63394,XRPUSDT,1m,ohlcv,59737,8,59742,0,ok,"",2026-07-20 21:55:09.093591+00
63393,SOLUSDT,1m,ohlcv,59736,8,59741,0,ok,"",2026-07-20 21:54:15.090307+00
63392,ETHUSDT,1m,ohlcv,56546,8,56551,0,ok,"",2026-07-20 21:53:19.250903+00
63391,BTCUSDT,1m,ohlcv,59736,8,59741,0,ok,"",2026-07-20 21:52:25.281155+00
63390,DOGEUSDT,1m,ohlcv,59733,8,59738,0,ok,"",2026-07-20 21:51:27.888896+00
63389,BNBUSDT,1m,ohlcv,59732,8,59737,0,ok,"",2026-07-20 21:50:22.669248+00
63388,SOLUSDT,5m,ohlcv,373497,15,373509,0,ok,"",2026-07-20 21:49:45.719196+00
63387,XRPUSDT,1m,ohlcv,59731,8,59736,0,ok,"",2026-07-20 21:49:24.932068+00
63386,SOLUSDT,1m,ohlcv,59730,8,59735,0,ok,"",2026-07-20 21:48:26.089696+00
63385,ETHUSDT,1m,ohlcv,56540,8,56545,0,ok,"",2026-07-20 21:47:29.862833+00
63384,BTCUSDT,1m,ohlcv,59730,8,59735,0,ok,"",2026-07-20 21:46:37.561585+00
63383,DOGEUSDT,1m,ohlcv,59727,8,59732,0,ok,"",2026-07-20 21:45:38.8195+00
63382,BNBUSDT,1m,ohlcv,59726,8,59731,0,ok,"",2026-07-20 21:44:32.038897+00
63381,ETHUSDT,5m,ohlcv,373496,15,373508,0,ok,"",2026-07-20 21:43:47.91668+00
63380,XRPUSDT,1m,ohlcv,59725,8,59730,0,ok,"",2026-07-20 21:43:33.621197+00
63379,SOLUSDT,1m,ohlcv,59724,8,59729,0,ok,"",2026-07-20 21:42:37.983039+00
63378,ETHUSDT,1m,ohlcv,56534,8,56539,0,ok,"",2026-07-20 21:41:37.687337+00
63377,BTCUSDT,1m,ohlcv,59724,8,59729,0,ok,"",2026-07-20 21:40:45.172066+00
63376,DOGEUSDT,1m,ohlcv,59721,8,59726,0,ok,"",2026-07-20 21:39:45.599882+00
63375,BNBUSDT,1m,ohlcv,59720,8,59725,0,ok,"",2026-07-20 21:38:45.714357+00
63374,BTCUSDT,5m,ohlcv,373495,15,373507,0,ok,"",2026-07-20 21:37:49.490862+00
63373,XRPUSDT,1m,ohlcv,59719,8,59724,0,ok,"",2026-07-20 21:37:48.289111+00
63372,SOLUSDT,1m,ohlcv,59718,8,59723,0,ok,"",2026-07-20 21:36:50.94493+00
63371,ETHUSDT,1m,ohlcv,56528,8,56533,0,ok,"",2026-07-20 21:35:56.058059+00
63370,BTCUSDT,1m,ohlcv,59718,9,59724,0,ok,"",2026-07-20 21:35:00.350461+00
63369,DOGEUSDT,1m,ohlcv,59715,8,59720,0,quarantined,Data is stale: last candle 2 min ago,2026-07-20 21:34:02.059849+00
63368,BNBUSDT,1m,ohlcv,59714,8,59719,0,ok,"",2026-07-20 21:32:55.030887+00
63367,DOGEUSDT,snapshot,orderbook,,100,,0,ok,"",2026-07-20 21:31:57.376638+00
63366,XRPUSDT,1m,ohlcv,59713,9,59719,0,ok,"",2026-07-20 21:31:56.584029+00
63365,BNBUSDT,snapshot,orderbook,,100,,0,ok,"",2026-07-20 21:31:55.385428+00
63364,XRPUSDT,snapshot,orderbook,,100,,0,ok,"",2026-07-20 21:31:53.30054+00
63363,SOLUSDT,snapshot,orderbook,,100,,0,ok,"",2026-07-20 21:31:51.359793+00
63362,ETHUSDT,snapshot,orderbook,,100,,0,ok,"",2026-07-20 21:31:49.343733+00
63361,BTCUSDT,snapshot,orderbook,,100,,0,ok,"",2026-07-20 21:31:47.275259+00
63360,DOGEUSDT,4h,ohlcv,7782,3,7782,0,ok,"",2026-07-20 21:31:45.814258+00
63359,BNBUSDT,4h,ohlcv,7782,3,7782,0,ok,"",2026-07-20 21:31:37.02386+00
63358,XRPUSDT,4h,ohlcv,7782,3,7782,0,ok,"",2026-07-20 21:31:29.001962+00
63357,SOLUSDT,4h,ohlcv,7782,3,7782,0,ok,"",2026-07-20 21:31:20.8836+00
63356,ETHUSDT,4h,ohlcv,7782,3,7782,0,ok,"",2026-07-20 21:31:11.940113+00
63355,SOLUSDT,1m,ohlcv,59712,9,59718,0,ok,"",2026-07-20 21:31:10.638114+00
63354,BTCUSDT,4h,ohlcv,7782,3,7782,0,ok,"",2026-07-20 21:31:02.348278+00
63353,DOGEUSDT,1h,open_interest_1h,31218,200,31219,0,ok,"",2026-07-20 21:30:52.854381+00
63352,BNBUSDT,1h,open_interest_1h,31218,200,31219,0,ok,"",2026-07-20 21:30:50.88134+00
63351,XRPUSDT,1h,open_interest_1h,31218,200,31219,0,ok,"",2026-07-20 21:30:48.741749+00
63350,SOLUSDT,1h,open_interest_1h,31218,200,31219,0,ok,"",2026-07-20 21:30:46.935353+00
63349,ETHUSDT,1h,open_interest_1h,31218,200,31219,0,ok,"",2026-07-20 21:30:44.807636+00
63348,BTCUSDT,1h,open_interest_1h,31218,200,31219,0,ok,"",2026-07-20 21:30:42.988175+00
63347,DOGEUSDT,8h,funding_rate,3927,200,3927,0,ok,"",2026-07-20 21:30:40.59602+00
63346,BNBUSDT,8h,funding_rate,3927,200,3927,0,ok,"",2026-07-20 21:30:38.720256+00
63345,XRPUSDT,8h,funding_rate,3927,200,3927,0,ok,"",2026-07-20 21:30:36.876871+00
63344,SOLUSDT,8h,funding_rate,3927,200,3927,0,ok,"",2026-07-20 21:30:34.604135+00
63343,ETHUSDT,8h,funding_rate,3927,200,3927,0,ok,"",2026-07-20 21:30:32.891842+00
63342,BTCUSDT,8h,funding_rate,3927,200,3927,0,ok,"",2026-07-20 21:30:30.574877+00
63341,DOGEUSDT,1h,ohlcv,31125,4,31126,0,ok,"",2026-07-20 21:30:29.471283+00
63340,ETHUSDT,1m,ohlcv,56522,9,56528,0,ok,"",2026-07-20 21:30:17.189392+00
63339,BNBUSDT,1h,ohlcv,31125,4,31126,0,ok,"",2026-07-20 21:29:55.759744+00
63338,XRPUSDT,1h,ohlcv,31125,4,31126,0,ok,"",2026-07-20 21:29:22.319521+00
63337,BTCUSDT,1m,ohlcv,59712,9,59718,0,ok,"",2026-07-20 21:29:20.133224+00
63336,SOLUSDT,1h,ohlcv,31125,4,31126,0,ok,"",2026-07-20 21:28:51.523412+00
63335,DOGEUSDT,1m,ohlcv,59710,8,59715,0,ok,"",2026-07-20 21:28:21.820104+00
63334,ETHUSDT,1h,ohlcv,31125,4,31126,0,ok,"",2026-07-20 21:28:21.766033+00
63333,BTCUSDT,1h,ohlcv,31125,4,31126,0,ok,"",2026-07-20 21:27:51.74484+00
63332,BNBUSDT,1m,ohlcv,59708,9,59714,0,ok,"",2026-07-20 21:27:24.486576+00
63331,DOGEUSDT,"4h,1h,30m,15m,5m,1d",enrich,,,,0,ok,"",2026-07-20 21:27:21.654147+00
63330,BNBUSDT,"4h,1h,30m,15m,5m,1d",enrich,,,,0,ok,"",2026-07-20 21:26:55.532752+00
63329,XRPUSDT,1m,ohlcv,59707,9,59713,0,ok,"",2026-07-20 21:26:27.769096+00
63328,XRPUSDT,"4h,1h,30m,15m,5m,1d",enrich,,,,0,ok,"",2026-07-20 21:26:26.79035+00
63327,SOLUSDT,"4h,1h,30m,15m,5m,1d",enrich,,,,0,ok,"",2026-07-20 21:26:01.025836+00
63326,ETHUSDT,"4h,1h,30m,15m,5m,1d",enrich,,,,0,ok,"",2026-07-20 21:25:34.987411+00
63325,SOLUSDT,1m,ohlcv,59707,8,59712,0,ok,"",2026-07-20 21:25:30.323082+00
63324,BTCUSDT,"4h,1h,30m,15m,5m,1d",enrich,,,,0,ok,"",2026-07-20 21:25:08.687502+00
63323,DOGEUSDT,30m,ohlcv,62249,5,62251,0,ok,"",2026-07-20 21:24:41.684338+00
63322,ETHUSDT,1m,ohlcv,56517,8,56522,0,ok,"",2026-07-20 21:24:31.253559+00
63321,BTCUSDT,1m,ohlcv,59707,8,59712,0,ok,"",2026-07-20 21:23:36.530946+00
63320,BNBUSDT,30m,ohlcv,62249,5,62251,0,ok,"",2026-07-20 21:23:36.076869+00
63319,DOGEUSDT,1m,ohlcv,59704,8,59709,0,ok,"",2026-07-20 21:22:40.643864+00
63318,XRPUSDT,30m,ohlcv,62249,5,62251,0,ok,"",2026-07-20 21:22:38.464137+00
63317,BNBUSDT,1m,ohlcv,59703,8,59708,0,ok,"",2026-07-20 21:21:39.421478+00
63316,SOLUSDT,30m,ohlcv,62249,5,62251,0,ok,"",2026-07-20 21:21:36.638353+00
63315,XRPUSDT,1m,ohlcv,59702,8,59707,0,ok,"",2026-07-20 21:20:42.819099+00
63314,ETHUSDT,30m,ohlcv,62249,5,62251,0,ok,"",2026-07-20 21:20:34.300844+00
63313,SOLUSDT,1m,ohlcv,59701,8,59706,0,ok,"",2026-07-20 21:19:45.066864+00
63312,BTCUSDT,30m,ohlcv,62249,5,62251,0,ok,"",2026-07-20 21:19:33.820908+00
63311,ETHUSDT,1m,ohlcv,56511,8,56516,0,ok,"",2026-07-20 21:18:44.650127+00
63310,DOGEUSDT,15m,ohlcv,124498,7,124502,0,ok,"",2026-07-20 21:18:28.615862+00
63309,BTCUSDT,1m,ohlcv,59701,8,59706,0,ok,"",2026-07-20 21:17:51.843859+00
63308,DOGEUSDT,1m,ohlcv,59698,8,59703,0,ok,"",2026-07-20 21:16:56.949776+00
63307,BNBUSDT,15m,ohlcv,124497,7,124501,0,ok,"",2026-07-20 21:16:09.261437+00
63306,BNBUSDT,1m,ohlcv,59697,9,59703,0,ok,"",2026-07-20 21:15:58.749538+00
63305,XRPUSDT,1m,ohlcv,59696,9,59702,0,ok,"",2026-07-20 21:15:03.092186+00
63304,XRPUSDT,15m,ohlcv,124497,7,124501,0,ok,"",2026-07-20 21:14:13.193852+00
63303,SOLUSDT,1m,ohlcv,59695,9,59701,0,ok,"",2026-07-20 21:14:06.887857+00
63302,ETHUSDT,1m,ohlcv,56505,9,56511,0,ok,"",2026-07-20 21:13:03.57231+00
63301,BTCUSDT,1m,ohlcv,59695,9,59701,0,ok,"",2026-07-20 21:12:09.918822+00
63300,SOLUSDT,15m,ohlcv,124497,7,124501,0,ok,"",2026-07-20 21:12:09.695854+00
63299,DOGEUSDT,1m,ohlcv,59692,9,59698,0,ok,"",2026-07-20 21:11:12.867741+00
63298,BNBUSDT,1m,ohlcv,59691,9,59697,0,ok,"",2026-07-20 21:10:11.405767+00
63297,ETHUSDT,15m,ohlcv,124497,7,124501,0,ok,"",2026-07-20 21:10:10.752147+00
63296,XRPUSDT,1m,ohlcv,59690,9,59696,0,ok,"",2026-07-20 21:09:15.869545+00
63295,SOLUSDT,1m,ohlcv,59689,9,59695,0,ok,"",2026-07-20 21:08:17.898821+00
63294,BTCUSDT,15m,ohlcv,124497,7,124501,0,ok,"",2026-07-20 21:08:09.937143+00
63293,ETHUSDT,1m,ohlcv,56499,9,56505,0,ok,"",2026-07-20 21:07:20.920994+00
63292,BTCUSDT,1m,ohlcv,59689,9,59695,0,ok,"",2026-07-20 21:06:28.032665+00
63291,DOGEUSDT,5m,ohlcv,373488,15,373500,0,quarantined,Data is stale: last candle 11 min ago,2026-07-20 21:06:14.187414+00
63290,DOGEUSDT,1m,ohlcv,59686,9,59692,0,ok,"",2026-07-20 21:05:29.82156+00
63289,BNBUSDT,1m,ohlcv,59685,9,59691,0,ok,"",2026-07-20 21:04:28.415094+00
63288,XRPUSDT,1m,ohlcv,59684,9,59690,0,ok,"",2026-07-20 21:03:30.233647+00
63287,SOLUSDT,1m,ohlcv,59683,9,59689,0,ok,"",2026-07-20 21:02:32.405546+00
63286,ETHUSDT,1m,ohlcv,56494,8,56499,0,ok,"",2026-07-20 21:01:35.804796+00
63285,BTCUSDT,1m,ohlcv,59684,8,59689,0,ok,"",2026-07-20 21:00:40.938237+00
63284,BNBUSDT,5m,ohlcv,373487,15,373499,0,ok,"",2026-07-20 20:59:56.335335+00
63283,DOGEUSDT,1m,ohlcv,59681,8,59686,0,ok,"",2026-07-20 20:59:45.983624+00
63282,BNBUSDT,1m,ohlcv,59680,8,59685,0,ok,"",2026-07-20 20:58:46.557851+00
63281,XRPUSDT,1m,ohlcv,59679,8,59684,0,ok,"",2026-07-20 20:57:53.207598+00
63280,SOLUSDT,1m,ohlcv,59678,8,59683,0,ok,"",2026-07-20 20:56:55.425737+00
63279,ETHUSDT,1m,ohlcv,56488,9,56494,0,ok,"",2026-07-20 20:56:00.035652+00
63278,BTCUSDT,1m,ohlcv,59678,9,59684,0,ok,"",2026-07-20 20:55:02.891605+00
63277,XRPUSDT,5m,ohlcv,373486,15,373498,0,ok,"",2026-07-20 20:54:07.683971+00
63276,DOGEUSDT,1m,ohlcv,59675,9,59681,0,ok,"",2026-07-20 20:54:03.706388+00
63275,BNBUSDT,1m,ohlcv,59674,9,59680,0,ok,"",2026-07-20 20:53:06.368328+00
63274,XRPUSDT,1m,ohlcv,59673,9,59679,0,ok,"",2026-07-20 20:52:07.834134+00
63273,SOLUSDT,1m,ohlcv,59672,9,59678,0,ok,"",2026-07-20 20:51:11.481234+00
63272,ETHUSDT,1m,ohlcv,56482,9,56488,0,ok,"",2026-07-20 20:50:11.29285+00
63271,BTCUSDT,1m,ohlcv,59672,9,59678,0,ok,"",2026-07-20 20:49:18.30307+00
63270,DOGEUSDT,1m,ohlcv,59669,9,59675,0,ok,"",2026-07-20 20:48:21.869479+00
63269,SOLUSDT,5m,ohlcv,373485,15,373497,0,ok,"",2026-07-20 20:48:12.670778+00
63268,BNBUSDT,1m,ohlcv,59668,9,59674,0,ok,"",2026-07-20 20:47:21.974394+00
63267,XRPUSDT,1m,ohlcv,59667,9,59673,0,ok,"",2026-07-20 20:46:24.281554+00
63266,SOLUSDT,1m,ohlcv,59666,9,59672,0,ok,"",2026-07-20 20:45:29.265202+00
63265,ETHUSDT,1m,ohlcv,56476,9,56482,0,ok,"",2026-07-20 20:44:30.329058+00
63264,BTCUSDT,1m,ohlcv,59666,9,59672,0,ok,"",2026-07-20 20:43:37.867207+00
63263,DOGEUSDT,1m,ohlcv,59663,9,59669,0,ok,"",2026-07-20 20:42:40.571226+00
63262,ETHUSDT,5m,ohlcv,373483,16,373496,0,ok,"",2026-07-20 20:42:23.221142+00
63261,BNBUSDT,1m,ohlcv,59662,9,59668,0,ok,"",2026-07-20 20:41:36.504867+00
63260,XRPUSDT,1m,ohlcv,59661,9,59667,0,ok,"",2026-07-20 20:40:37.233465+00
63259,SOLUSDT,1m,ohlcv,59660,9,59666,0,ok,"",2026-07-20 20:39:36.818567+00
63258,ETHUSDT,1m,ohlcv,56470,9,56476,0,ok,"",2026-07-20 20:38:38.027391+00
63257,BTCUSDT,1m,ohlcv,59660,9,59666,0,ok,"",2026-07-20 20:37:43.6311+00
63256,DOGEUSDT,1m,ohlcv,59657,9,59663,0,ok,"",2026-07-20 20:36:45.629851+00
63255,BTCUSDT,5m,ohlcv,373482,16,373495,0,ok,"",2026-07-20 20:36:14.989842+00
63254,BNBUSDT,1m,ohlcv,59657,8,59662,0,ok,"",2026-07-20 20:35:39.520279+00
63253,XRPUSDT,1m,ohlcv,59656,8,59661,0,ok,"",2026-07-20 20:34:36.787366+00
63252,SOLUSDT,1m,ohlcv,59655,8,59660,0,ok,"",2026-07-20 20:33:39.285746+00
63251,ETHUSDT,1m,ohlcv,56465,8,56470,0,ok,"",2026-07-20 20:32:42.382558+00
63250,BTCUSDT,1m,ohlcv,59655,8,59660,0,ok,"",2026-07-20 20:31:47.714057+00
63249,DOGEUSDT,1m,ohlcv,59652,8,59657,0,ok,"",2026-07-20 20:30:50.655184+00
63248,DOGEUSDT,snapshot,orderbook,,100,,0,ok,"",2026-07-20 20:30:18.318694+00
63247,BNBUSDT,snapshot,orderbook,,100,,0,ok,"",2026-07-20 20:30:16.322436+00
63246,XRPUSDT,snapshot,orderbook,,100,,0,ok,"",2026-07-20 20:30:14.212108+00
63245,SOLUSDT,snapshot,orderbook,,100,,0,ok,"",2026-07-20 20:30:12.299378+00
63244,ETHUSDT,snapshot,orderbook,,100,,0,ok,"",2026-07-20 20:30:10.256346+00
63243,BTCUSDT,snapshot,orderbook,,100,,0,ok,"",2026-07-20 20:30:08.309115+00
63242,DOGEUSDT,1h,open_interest_1h,31217,200,31218,0,ok,"",2026-07-20 20:30:06.701316+00
63241,BNBUSDT,1h,open_interest_1h,31217,200,31218,0,ok,"",2026-07-20 20:30:04.953315+00
63240,XRPUSDT,1h,open_interest_1h,31217,200,31218,0,ok,"",2026-07-20 20:30:02.760645+00
63239,SOLUSDT,1h,open_interest_1h,31217,200,31218,0,ok,"",2026-07-20 20:30:00.815399+00
63238,ETHUSDT,1h,open_interest_1h,31217,200,31218,0,ok,"",2026-07-20 20:29:58.692801+00
63237,BNBUSDT,1m,ohlcv,59651,9,59657,0,ok,"",2026-07-20 20:29:57.151767+00
63236,BTCUSDT,1h,open_interest_1h,31217,200,31218,0,ok,"",2026-07-20 20:29:56.646103+00
63235,DOGEUSDT,8h,funding_rate,3927,200,3927,0,ok,"",2026-07-20 20:29:54.431337+00
63234,BNBUSDT,8h,funding_rate,3927,200,3927,0,ok,"",2026-07-20 20:29:52.471607+00
63233,XRPUSDT,8h,funding_rate,3927,200,3927,0,ok,"",2026-07-20 20:29:50.44815+00
63232,SOLUSDT,8h,funding_rate,3927,200,3927,0,ok,"",2026-07-20 20:29:48.797098+00
63231,ETHUSDT,8h,funding_rate,3927,200,3927,0,ok,"",2026-07-20 20:29:46.482378+00
63230,BTCUSDT,8h,funding_rate,3927,200,3927,0,ok,"",2026-07-20 20:29:44.534482+00
63229,DOGEUSDT,1h,ohlcv,31124,4,31125,0,ok,"",2026-07-20 20:29:43.410173+00
63228,BNBUSDT,1h,ohlcv,31124,4,31125,0,ok,"",2026-07-20 20:29:07.653761+00
63227,XRPUSDT,1m,ohlcv,59650,9,59656,0,ok,"",2026-07-20 20:29:03.543935+00
63226,XRPUSDT,1h,ohlcv,31124,4,31125,0,ok,"",2026-07-20 20:28:35.988088+00
63225,SOLUSDT,1m,ohlcv,59649,9,59655,0,ok,"",2026-07-20 20:28:10.343145+00
63224,SOLUSDT,1h,ohlcv,31124,4,31125,0,ok,"",2026-07-20 20:28:05.188239+00
63223,ETHUSDT,1h,ohlcv,31124,4,31125,0,ok,"",2026-07-20 20:27:33.304014+00
63222,ETHUSDT,1m,ohlcv,56459,9,56465,0,ok,"",2026-07-20 20:27:15.958149+00
63221,BTCUSDT,1h,ohlcv,31124,4,31125,0,ok,"",2026-07-20 20:27:02.211396+00
63220,DOGEUSDT,"4h,1h,30m,15m,5m,1d",enrich,,,,0,ok,"",2026-07-20 20:26:29.199862+00
63219,BTCUSDT,1m,ohlcv,59649,9,59655,0,ok,"",2026-07-20 20:26:20.552096+00
63218,BNBUSDT,"4h,1h,30m,15m,5m,1d",enrich,,,,0,ok,"",2026-07-20 20:25:58.162905+00
63217,XRPUSDT,"4h,1h,30m,15m,5m,1d",enrich,,,,0,ok,"",2026-07-20 20:25:32.691642+00
63216,DOGEUSDT,1m,ohlcv,59646,9,59652,0,ok,"",2026-07-20 20:25:21.921062+00
63215,SOLUSDT,"4h,1h,30m,15m,5m,1d",enrich,,,,0,ok,"",2026-07-20 20:25:08.877198+00
63214,ETHUSDT,"4h,1h,30m,15m,5m,1d",enrich,,,,0,ok,"",2026-07-20 20:24:43.598884+00
63213,BNBUSDT,1m,ohlcv,59645,9,59651,0,ok,"",2026-07-20 20:24:22.878537+00
63212,BTCUSDT,"4h,1h,30m,15m,5m,1d",enrich,,,,0,ok,"",2026-07-20 20:24:14.412476+00
63211,DOGEUSDT,30m,ohlcv,62247,5,62249,0,ok,"",2026-07-20 20:23:47.984128+00
63210,XRPUSDT,1m,ohlcv,59644,9,59650,0,ok,"",2026-07-20 20:23:22.295849+00
63209,BNBUSDT,30m,ohlcv,62247,5,62249,0,ok,"",2026-07-20 20:22:43.090273+00
63208,SOLUSDT,1m,ohlcv,59643,9,59649,0,ok,"",2026-07-20 20:22:24.988192+00
63207,XRPUSDT,30m,ohlcv,62247,5,62249,0,ok,"",2026-07-20 20:21:42.650658+00
63206,ETHUSDT,1m,ohlcv,56453,9,56459,0,ok,"",2026-07-20 20:21:24.082925+00
63205,SOLUSDT,30m,ohlcv,62247,5,62249,0,ok,"",2026-07-20 20:20:36.844439+00
63204,BTCUSDT,1m,ohlcv,59643,9,59649,0,ok,"",2026-07-20 20:20:25.880612+00
63203,ETHUSDT,30m,ohlcv,62247,5,62249,0,ok,"",2026-07-20 20:19:35.813667+00
63202,DOGEUSDT,1m,ohlcv,59640,9,59646,0,ok,"",2026-07-20 20:19:26.065596+00
63201,BTCUSDT,30m,ohlcv,62247,5,62249,0,ok,"",2026-07-20 20:18:34.940277+00
63200,BNBUSDT,1m,ohlcv,59639,9,59645,0,ok,"",2026-07-20 20:18:20.380082+00
63199,DOGEUSDT,15m,ohlcv,124493,8,124498,0,ok,"",2026-07-20 20:17:34.460084+00
63198,XRPUSDT,1m,ohlcv,59638,9,59644,0,ok,"",2026-07-20 20:17:23.573234+00
63197,SOLUSDT,1m,ohlcv,59637,9,59643,0,ok,"",2026-07-20 20:16:25.729478+00
63196,ETHUSDT,1m,ohlcv,56447,9,56453,0,ok,"",2026-07-20 20:15:24.568124+00
63195,BNBUSDT,15m,ohlcv,124493,7,124497,0,ok,"",2026-07-20 20:15:20.181067+00
63194,BTCUSDT,1m,ohlcv,59637,9,59643,0,ok,"",2026-07-20 20:14:28.52285+00
63193,DOGEUSDT,1m,ohlcv,59634,9,59640,0,ok,"",2026-07-20 20:13:24.310531+00
63192,XRPUSDT,15m,ohlcv,124493,7,124497,0,ok,"",2026-07-20 20:13:16.511085+00
63191,BNBUSDT,1m,ohlcv,59633,9,59639,0,ok,"",2026-07-20 20:12:22.648676+00
63190,XRPUSDT,1m,ohlcv,59632,9,59638,0,ok,"",2026-07-20 20:11:25.124909+00
63189,SOLUSDT,15m,ohlcv,124493,7,124497,0,ok,"",2026-07-20 20:11:17.531769+00
63188,SOLUSDT,1m,ohlcv,59631,9,59637,0,ok,"",2026-07-20 20:10:30.897862+00
63187,ETHUSDT,1m,ohlcv,56441,9,56447,0,ok,"",2026-07-20 20:09:31.37478+00
63186,ETHUSDT,15m,ohlcv,124493,7,124497,0,ok,"",2026-07-20 20:09:15.650491+00
63185,BTCUSDT,1m,ohlcv,59631,9,59637,0,ok,"",2026-07-20 20:08:27.259271+00
63184,DOGEUSDT,1m,ohlcv,59628,9,59634,0,ok,"",2026-07-20 20:07:27.10503+00
63183,BTCUSDT,15m,ohlcv,124493,7,124497,0,ok,"",2026-07-20 20:07:16.948481+00
63182,BNBUSDT,1m,ohlcv,59627,9,59633,0,ok,"",2026-07-20 20:06:25.261403+00
63181,XRPUSDT,1m,ohlcv,59626,9,59632,0,ok,"",2026-07-20 20:05:27.128045+00
63180,DOGEUSDT,5m,ohlcv,373476,15,373488,0,quarantined,Data is stale: last candle 10 min ago,2026-07-20 20:05:16.294084+00
63179,SOLUSDT,1m,ohlcv,59625,9,59631,0,ok,"",2026-07-20 20:04:25.173864+00
63178,ETHUSDT,1m,ohlcv,56435,9,56441,0,ok,"",2026-07-20 20:03:25.636865+00
63177,BTCUSDT,1m,ohlcv,59625,9,59631,0,ok,"",2026-07-20 20:02:29.660827+00
63176,DOGEUSDT,1m,ohlcv,59622,9,59628,0,ok,"",2026-07-20 20:01:30.44341+00
63175,BNBUSDT,1m,ohlcv,59621,9,59627,0,ok,"",2026-07-20 20:00:28.86713+00
63174,XRPUSDT,1m,ohlcv,59620,9,59626,0,ok,"",2026-07-20 19:59:22.960371+00
63173,BNBUSDT,5m,ohlcv,373474,16,373487,0,ok,"",2026-07-20 19:58:41.2082+00
63172,SOLUSDT,1m,ohlcv,59619,9,59625,0,ok,"",2026-07-20 19:58:24.630777+00
63171,ETHUSDT,1m,ohlcv,56429,9,56435,0,ok,"",2026-07-20 19:57:25.529592+00
63170,BTCUSDT,1m,ohlcv,59619,9,59625,0,ok,"",2026-07-20 19:56:30.0279+00
63169,DOGEUSDT,1m,ohlcv,59616,9,59622,0,ok,"",2026-07-20 19:55:29.338086+00
63168,BNBUSDT,1m,ohlcv,59615,9,59621,0,ok,"",2026-07-20 19:54:20.228375+00
63167,XRPUSDT,1m,ohlcv,59614,9,59620,0,ok,"",2026-07-20 19:53:23.572674+00
63166,XRPUSDT,5m,ohlcv,373473,16,373486,0,ok,"",2026-07-20 19:52:34.676638+00
63165,SOLUSDT,1m,ohlcv,59613,9,59619,0,ok,"",2026-07-20 19:52:20.752698+00
63164,ETHUSDT,1m,ohlcv,56423,9,56429,0,ok,"",2026-07-20 19:51:21.791896+00
63163,BTCUSDT,1m,ohlcv,59613,9,59619,0,ok,"",2026-07-20 19:50:27.256259+00
63162,DOGEUSDT,1m,ohlcv,59610,9,59616,0,ok,"",2026-07-20 19:49:29.622113+00
63161,BNBUSDT,1m,ohlcv,59609,9,59615,0,ok,"",2026-07-20 19:48:25.150919+00
63160,XRPUSDT,1m,ohlcv,59608,9,59614,0,ok,"",2026-07-20 19:47:25.109566+00
63159,SOLUSDT,1m,ohlcv,59607,9,59613,0,ok,"",2026-07-20 19:46:28.328426+00
63158,SOLUSDT,5m,ohlcv,373472,16,373485,0,ok,"",2026-07-20 19:46:24.253727+00
63157,ETHUSDT,1m,ohlcv,56422,4,56423,0,ok,"",2026-07-20 19:45:26.661975+00
63156,BTCUSDT,1m,ohlcv,59612,4,59613,0,ok,"",2026-07-20 19:44:33.310846+00
63155,DOGEUSDT,1m,ohlcv,59604,9,59610,0,ok,"",2026-07-20 19:43:30.270956+00
63154,BNBUSDT,1m,ohlcv,59608,4,59609,0,ok,"",2026-07-20 19:42:23.171164+00
63153,XRPUSDT,1m,ohlcv,59607,4,59608,0,ok,"",2026-07-20 19:41:25.380092+00
63152,SOLUSDT,1m,ohlcv,59606,4,59607,0,ok,"",2026-07-20 19:40:25.31031+00
63151,ETHUSDT,5m,ohlcv,373471,15,373483,0,quarantined,Data is stale: last candle 10 min ago,2026-07-20 19:40:15.304757+00
63150,ETHUSDT,1m,ohlcv,56416,4,56417,0,ok,"",2026-07-20 19:39:26.676744+00
63149,BTCUSDT,1m,ohlcv,59606,4,59607,0,ok,"",2026-07-20 19:38:27.727701+00
63148,DOGEUSDT,1m,ohlcv,59603,4,59604,0,ok,"",2026-07-20 19:37:27.057822+00
63147,BNBUSDT,1m,ohlcv,59602,4,59603,0,ok,"",2026-07-20 19:36:22.494569+00
63146,XRPUSDT,1m,ohlcv,59601,4,59602,0,ok,"",2026-07-20 19:35:22.926023+00
63145,SOLUSDT,1m,ohlcv,59600,4,59601,0,ok,"",2026-07-20 19:34:22.587888+00
63144,BTCUSDT,5m,ohlcv,373469,16,373482,0,ok,"",2026-07-20 19:34:10.532196+00
63143,ETHUSDT,1m,ohlcv,56410,4,56411,0,ok,"",2026-07-20 19:33:18.634335+00
63142,BTCUSDT,1m,ohlcv,59600,4,59601,0,ok,"",2026-07-20 19:32:23.776393+00
63141,DOGEUSDT,1m,ohlcv,59592,9,59598,0,ok,"",2026-07-20 19:31:21.888265+00
63140,BNBUSDT,1m,ohlcv,59595,5,59597,0,ok,"",2026-07-20 19:30:18.221604+00
63139,XRPUSDT,1m,ohlcv,59594,5,59596,0,ok,"",2026-07-20 19:29:18.076647+00
63138,SOLUSDT,1m,ohlcv,59594,4,59595,0,ok,"",2026-07-20 19:28:18.621854+00
63137,DOGEUSDT,snapshot,orderbook,,100,,0,ok,"",2026-07-20 19:27:53.289675+00
63136,BNBUSDT,snapshot,orderbook,,100,,0,ok,"",2026-07-20 19:27:51.311258+00
63135,XRPUSDT,snapshot,orderbook,,100,,0,ok,"",2026-07-20 19:27:49.408735+00
63134,SOLUSDT,snapshot,orderbook,,100,,0,ok,"",2026-07-20 19:27:47.299724+00
63133,ETHUSDT,snapshot,orderbook,,100,,0,ok,"",2026-07-20 19:27:45.31275+00
63132,BTCUSDT,snapshot,orderbook,,100,,0,ok,"",2026-07-20 19:27:43.314573+00
63131,DOGEUSDT,1h,open_interest_1h,31217,200,31217,0,ok,"",2026-07-20 19:27:41.757048+00
63130,BNBUSDT,1h,open_interest_1h,31217,200,31217,0,ok,"",2026-07-20 19:27:39.569303+00
63129,XRPUSDT,1h,open_interest_1h,31217,200,31217,0,ok,"",2026-07-20 19:27:37.664343+00
63128,SOLUSDT,1h,open_interest_1h,31217,200,31217,0,ok,"",2026-07-20 19:27:35.61115+00
63127,ETHUSDT,1h,open_interest_1h,31217,200,31217,0,ok,"",2026-07-20 19:27:33.802546+00
63126,BTCUSDT,1h,open_interest_1h,31217,200,31217,0,ok,"",2026-07-20 19:27:31.598708+00
63125,DOGEUSDT,8h,funding_rate,3927,200,3927,0,ok,"",2026-07-20 19:27:29.308713+00
63124,BNBUSDT,8h,funding_rate,3927,200,3927,0,ok,"",2026-07-20 19:27:27.298478+00
63123,XRPUSDT,8h,funding_rate,3927,200,3927,0,ok,"",2026-07-20 19:27:25.376108+00
63122,SOLUSDT,8h,funding_rate,3927,200,3927,0,ok,"",2026-07-20 19:27:23.39015+00
63121,ETHUSDT,1m,ohlcv,56404,4,56405,0,ok,"",2026-07-20 19:27:23.242447+00
63120,ETHUSDT,8h,funding_rate,3927,200,3927,0,ok,"",2026-07-20 19:27:21.361847+00
63119,BTCUSDT,8h,funding_rate,3927,200,3927,0,ok,"",2026-07-20 19:27:19.691884+00
63118,DOGEUSDT,1h,ohlcv,31124,3,31124,0,ok,"",2026-07-20 19:27:18.117566+00
63117,BNBUSDT,1h,ohlcv,31124,3,31124,0,ok,"",2026-07-20 19:26:44.599541+00
63116,BTCUSDT,1m,ohlcv,59594,4,59595,0,ok,"",2026-07-20 19:26:31.742089+00
63115,XRPUSDT,1h,ohlcv,31124,3,31124,0,ok,"",2026-07-20 19:26:11.384124+00
63114,SOLUSDT,1h,ohlcv,31124,3,31124,0,ok,"",2026-07-20 19:25:38.11883+00
63113,DOGEUSDT,1m,ohlcv,59591,4,59592,0,ok,"",2026-07-20 19:25:36.341208+00
63112,ETHUSDT,1h,ohlcv,31124,3,31124,0,ok,"",2026-07-20 19:25:06.537848+00
63111,BNBUSDT,1m,ohlcv,59590,4,59591,0,ok,"",2026-07-20 19:24:34.557093+00
63110,BTCUSDT,1h,ohlcv,31124,3,31124,0,ok,"",2026-07-20 19:24:34.485679+00
63109,DOGEUSDT,"4h,1h,30m,15m,5m,1d",enrich,,,,0,ok,"",2026-07-20 19:24:03.344611+00
63108,XRPUSDT,1m,ohlcv,59589,4,59590,0,ok,"",2026-07-20 19:23:35.725471+00
63107,BNBUSDT,"4h,1h,30m,15m,5m,1d",enrich,,,,0,ok,"",2026-07-20 19:23:35.364166+00
63106,XRPUSDT,"4h,1h,30m,15m,5m,1d",enrich,,,,0,ok,"",2026-07-20 19:23:08.465945+00
63105,SOLUSDT,"4h,1h,30m,15m,5m,1d",enrich,,,,0,ok,"",2026-07-20 19:22:39.358516+00
63104,SOLUSDT,1m,ohlcv,59588,4,59589,0,ok,"",2026-07-20 19:22:35.169728+00
63103,ETHUSDT,"4h,1h,30m,15m,5m,1d",enrich,,,,0,ok,"",2026-07-20 19:22:13.795621+00
63102,BTCUSDT,"4h,1h,30m,15m,5m,1d",enrich,,,,0,ok,"",2026-07-20 19:21:46.504996+00
63101,ETHUSDT,1m,ohlcv,56398,4,56399,0,ok,"",2026-07-20 19:21:36.677321+00
63100,DOGEUSDT,30m,ohlcv,62247,3,62247,0,ok,"",2026-07-20 19:21:18.27624+00
63099,BTCUSDT,1m,ohlcv,59588,4,59589,0,ok,"",2026-07-20 19:20:44.816641+00
63098,BNBUSDT,30m,ohlcv,62247,3,62247,0,ok,"",2026-07-20 19:20:15.905214+00
63097,DOGEUSDT,1m,ohlcv,59585,4,59586,0,ok,"",2026-07-20 19:19:46.412244+00
63096,XRPUSDT,30m,ohlcv,62247,3,62247,0,ok,"",2026-07-20 19:19:16.624118+00
63095,BNBUSDT,1m,ohlcv,59583,5,59585,0,ok,"",2026-07-20 19:18:42.991222+00
63094,SOLUSDT,30m,ohlcv,62247,3,62247,0,ok,"",2026-07-20 19:18:14.611303+00
63093,XRPUSDT,1m,ohlcv,59582,5,59584,0,ok,"",2026-07-20 19:17:39.668535+00
63092,ETHUSDT,30m,ohlcv,62247,3,62247,0,ok,"",2026-07-20 19:17:08.216071+00
63091,SOLUSDT,1m,ohlcv,59581,5,59583,0,ok,"",2026-07-20 19:16:37.270832+00
63090,BTCUSDT,30m,ohlcv,62247,3,62247,0,ok,"",2026-07-20 19:16:03.931659+00
63089,ETHUSDT,1m,ohlcv,56391,5,56393,0,ok,"",2026-07-20 19:15:36.403566+00
63088,DOGEUSDT,15m,ohlcv,124489,7,124493,0,ok,"",2026-07-20 19:14:56.720944+00
63087,BTCUSDT,1m,ohlcv,59581,5,59583,0,ok,"",2026-07-20 19:14:39.148145+00
63086,DOGEUSDT,1m,ohlcv,59578,5,59580,0,ok,"",2026-07-20 19:13:39.82865+00
63085,BNBUSDT,15m,ohlcv,124489,7,124493,0,ok,"",2026-07-20 19:12:44.312851+00
63084,BNBUSDT,1m,ohlcv,59577,5,59579,0,ok,"",2026-07-20 19:12:35.815227+00
63083,XRPUSDT,1m,ohlcv,59576,5,59578,0,ok,"",2026-07-20 19:11:32.165341+00
63082,XRPUSDT,15m,ohlcv,124489,7,124493,0,ok,"",2026-07-20 19:10:34.993216+00
63081,SOLUSDT,1m,ohlcv,59575,5,59577,0,ok,"",2026-07-20 19:10:30.067714+00
63080,ETHUSDT,1m,ohlcv,56385,5,56387,0,ok,"",2026-07-20 19:09:30.762066+00
63079,BTCUSDT,1m,ohlcv,59575,5,59577,0,ok,"",2026-07-20 19:08:37.567064+00
63078,SOLUSDT,15m,ohlcv,124489,7,124493,0,ok,"",2026-07-20 19:08:28.183011+00
63077,DOGEUSDT,1m,ohlcv,59572,5,59574,0,ok,"",2026-07-20 19:07:38.746539+00
63076,BNBUSDT,1m,ohlcv,59571,5,59573,0,ok,"",2026-07-20 19:06:32.049495+00
63075,ETHUSDT,15m,ohlcv,124489,7,124493,0,ok,"",2026-07-20 19:06:23.858239+00
63074,XRPUSDT,1m,ohlcv,59570,5,59572,0,ok,"",2026-07-20 19:05:28.304462+00
63073,SOLUSDT,1m,ohlcv,59569,5,59571,0,ok,"",2026-07-20 19:04:26.728032+00
63072,BTCUSDT,15m,ohlcv,124488,8,124493,0,ok,"",2026-07-20 19:04:14.485614+00
63071,ETHUSDT,1m,ohlcv,56379,5,56381,0,ok,"",2026-07-20 19:03:25.382405+00
63070,BTCUSDT,1m,ohlcv,59569,5,59571,0,ok,"",2026-07-20 19:02:30.562306+00
63069,DOGEUSDT,5m,ohlcv,373463,16,373476,0,ok,"",2026-07-20 19:02:06.844666+00
63068,DOGEUSDT,1m,ohlcv,59566,5,59568,0,ok,"",2026-07-20 19:01:25.359184+00
63067,BNBUSDT,1m,ohlcv,59565,5,59567,0,ok,"",2026-07-20 19:00:18.361689+00
63066,XRPUSDT,1m,ohlcv,59564,5,59566,0,ok,"",2026-07-20 18:59:15.490117+00
63065,SOLUSDT,1m,ohlcv,59563,5,59565,0,ok,"",2026-07-20 18:58:15.779255+00
63064,ETHUSDT,1m,ohlcv,56373,5,56375,0,ok,"",2026-07-20 18:57:15.90777+00
63063,BTCUSDT,1m,ohlcv,59563,5,59565,0,ok,"",2026-07-20 18:56:15.870118+00
63062,BNBUSDT,5m,ohlcv,373462,15,373474,0,quarantined,Data is stale: last candle 10 min ago,2026-07-20 18:55:24.398934+00
63061,DOGEUSDT,1m,ohlcv,59560,5,59562,0,ok,"",2026-07-20 18:55:13.856589+00
63060,BNBUSDT,1m,ohlcv,59559,5,59561,0,ok,"",2026-07-20 18:54:09.622046+00
63059,XRPUSDT,1m,ohlcv,59557,6,59560,0,ok,"",2026-07-20 18:53:09.782802+00
63058,SOLUSDT,1m,ohlcv,59556,6,59559,0,ok,"",2026-07-20 18:52:10.317772+00
63057,ETHUSDT,1m,ohlcv,56367,5,56369,0,ok,"",2026-07-20 18:51:06.840034+00
63056,BTCUSDT,1m,ohlcv,59552,10,59559,0,ok,"",2026-07-20 18:50:09.078091+00
63055,DOGEUSDT,1m,ohlcv,59553,6,59556,0,ok,"",2026-07-20 18:49:10.800664+00
63054,XRPUSDT,5m,ohlcv,373460,16,373473,0,ok,"",2026-07-20 18:49:09.803336+00
63053,BNBUSDT,1m,ohlcv,59552,6,59555,0,ok,"",2026-07-20 18:48:06.69674+00
63052,XRPUSDT,1m,ohlcv,59551,6,59554,0,ok,"",2026-07-20 18:47:07.868494+00
63051,SOLUSDT,1m,ohlcv,59550,5,59552,0,quarantined,Data is stale: last candle 2 min ago,2026-07-20 18:46:01.50823+00
63050,ETHUSDT,1m,ohlcv,56360,5,56362,0,ok,"",2026-07-20 18:44:56.251606+00
63049,BTCUSDT,1m,ohlcv,59550,5,59552,0,ok,"",2026-07-20 18:43:59.533217+00
63048,SOLUSDT,5m,ohlcv,373459,16,373472,0,ok,"",2026-07-20 18:42:58.288848+00
63047,DOGEUSDT,1m,ohlcv,59547,5,59549,0,ok,"",2026-07-20 18:42:58.024509+00
63046,BNBUSDT,1m,ohlcv,59546,5,59548,0,ok,"",2026-07-20 18:41:54.124199+00
63045,XRPUSDT,1m,ohlcv,59545,5,59547,0,ok,"",2026-07-20 18:40:48.830141+00
63044,SOLUSDT,1m,ohlcv,59544,5,59546,0,ok,"",2026-07-20 18:39:47.512263+00
63043,ETHUSDT,1m,ohlcv,56354,5,56356,0,ok,"",2026-07-20 18:38:50.385598+00
63042,BTCUSDT,1m,ohlcv,59544,5,59546,0,ok,"",2026-07-20 18:37:56.453441+00
63041,DOGEUSDT,1m,ohlcv,59541,5,59543,0,ok,"",2026-07-20 18:36:56.739493+00
63040,ETHUSDT,5m,ohlcv,373458,16,373471,0,ok,"",2026-07-20 18:36:45.270482+00
63039,BNBUSDT,1m,ohlcv,59540,5,59542,0,ok,"",2026-07-20 18:35:52.101701+00
63038,XRPUSDT,1m,ohlcv,59539,5,59541,0,ok,"",2026-07-20 18:34:45.537851+00
63037,SOLUSDT,1m,ohlcv,59538,5,59540,0,ok,"",2026-07-20 18:33:43.700025+00
63036,ETHUSDT,1m,ohlcv,56348,5,56350,0,ok,"",2026-07-20 18:32:43.492293+00
63035,BTCUSDT,1m,ohlcv,59538,5,59540,0,ok,"",2026-07-20 18:31:48.098406+00
63034,DOGEUSDT,1m,ohlcv,59535,5,59537,0,ok,"",2026-07-20 18:30:46.579112+00
63033,BTCUSDT,5m,ohlcv,373457,15,373469,0,quarantined,Data is stale: last candle 11 min ago,2026-07-20 18:30:33.213117+00
63032,BNBUSDT,1m,ohlcv,59534,5,59536,0,ok,"",2026-07-20 18:29:37.694733+00
63031,XRPUSDT,1m,ohlcv,59529,9,59535,0,ok,"",2026-07-20 18:28:37.154259+00
63030,SOLUSDT,1m,ohlcv,59531,6,59534,0,ok,"",2026-07-20 18:27:41.109105+00
63029,ETHUSDT,1m,ohlcv,56342,5,56344,0,ok,"",2026-07-20 18:26:44.340271+00
63028,BTCUSDT,1m,ohlcv,59532,5,59534,0,ok,"",2026-07-20 18:25:48.114222+00
63027,DOGEUSDT,1m,ohlcv,59529,5,59531,0,ok,"",2026-07-20 18:24:45.069713+00
63026,DOGEUSDT,snapshot,orderbook,,100,,0,ok,"",2026-07-20 18:24:26.3958+00
63025,BNBUSDT,snapshot,orderbook,,100,,0,ok,"",2026-07-20 18:24:24.364856+00
63024,XRPUSDT,snapshot,orderbook,,100,,0,ok,"",2026-07-20 18:24:22.379857+00
63023,SOLUSDT,snapshot,orderbook,,100,,0,ok,"",2026-07-20 18:24:20.34611+00
63022,ETHUSDT,snapshot,orderbook,,100,,0,ok,"",2026-07-20 18:24:18.363847+00
63021,BTCUSDT,snapshot,orderbook,,100,,0,ok,"",2026-07-20 18:24:16.628719+00
63020,DOGEUSDT,1h,open_interest_1h,31216,200,31216,0,ok,"",2026-07-20 18:24:14.73021+00
63019,BNBUSDT,1h,open_interest_1h,31216,200,31216,0,ok,"",2026-07-20 18:24:12.721308+00
63018,XRPUSDT,1h,open_interest_1h,31216,200,31216,0,ok,"",2026-07-20 18:24:10.703587+00
63017,SOLUSDT,1h,open_interest_1h,31216,200,31216,0,ok,"",2026-07-20 18:24:08.77932+00
63016,ETHUSDT,1h,open_interest_1h,31216,200,31216,0,ok,"",2026-07-20 18:24:06.786272+00
63015,BTCUSDT,1h,open_interest_1h,31216,200,31216,0,ok,"",2026-07-20 18:24:04.948866+00
63014,DOGEUSDT,8h,funding_rate,3927,200,3927,0,ok,"",2026-07-20 18:24:02.315562+00
63013,BNBUSDT,8h,funding_rate,3927,200,3927,0,ok,"",2026-07-20 18:24:00.359091+00
63012,XRPUSDT,8h,funding_rate,3927,200,3927,0,ok,"",2026-07-20 18:23:58.680513+00
63011,SOLUSDT,8h,funding_rate,3927,200,3927,0,ok,"",2026-07-20 18:23:56.366412+00
63010,ETHUSDT,8h,funding_rate,3927,200,3927,0,ok,"",2026-07-20 18:23:54.587258+00
63009,BTCUSDT,8h,funding_rate,3927,200,3927,0,ok,"",2026-07-20 18:23:52.595056+00
63008,DOGEUSDT,1h,ohlcv,31123,3,31123,0,ok,"",2026-07-20 18:23:51.1479+00
63007,BNBUSDT,1m,ohlcv,59528,5,59530,0,ok,"",2026-07-20 18:23:44.372302+00
63006,BNBUSDT,1h,ohlcv,31123,3,31123,0,ok,"",2026-07-20 18:23:14.151362+00
63005,XRPUSDT,1m,ohlcv,59527,5,59529,0,ok,"",2026-07-20 18:22:43.384853+00
63004,XRPUSDT,1h,ohlcv,31123,3,31123,0,ok,"",2026-07-20 18:22:41.745521+00
63003,SOLUSDT,1h,ohlcv,31123,3,31123,0,ok,"",2026-07-20 18:22:05.340482+00
63002,SOLUSDT,1m,ohlcv,59526,5,59528,0,ok,"",2026-07-20 18:21:42.637869+00
63001,ETHUSDT,1h,ohlcv,31123,3,31123,0,ok,"",2026-07-20 18:21:32.137104+00
63000,BTCUSDT,1h,ohlcv,31123,3,31123,0,ok,"",2026-07-20 18:21:03.590257+00
62999,ETHUSDT,1m,ohlcv,56336,5,56338,0,ok,"",2026-07-20 18:20:50.317598+00
62998,DOGEUSDT,"4h,1h,30m,15m,5m,1d",enrich,,,,0,ok,"",2026-07-20 18:20:31.071925+00
62997,BNBUSDT,"4h,1h,30m,15m,5m,1d",enrich,,,,0,ok,"",2026-07-20 18:20:01.747632+00
62996,BTCUSDT,1m,ohlcv,59522,9,59528,0,ok,"",2026-07-20 18:19:50.819972+00
62995,XRPUSDT,"4h,1h,30m,15m,5m,1d",enrich,,,,0,ok,"",2026-07-20 18:19:31.268416+00
62994,SOLUSDT,"4h,1h,30m,15m,5m,1d",enrich,,,,0,ok,"",2026-07-20 18:19:01.295433+00
62993,DOGEUSDT,1m,ohlcv,59522,6,59525,0,ok,"",2026-07-20 18:18:45.746662+00
62992,ETHUSDT,"4h,1h,30m,15m,5m,1d",enrich,,,,0,ok,"",2026-07-20 18:18:31.836655+00
62991,BTCUSDT,"4h,1h,30m,15m,5m,1d",enrich,,,,0,ok,"",2026-07-20 18:18:03.782867+00
62990,BNBUSDT,1m,ohlcv,59521,6,59524,0,ok,"",2026-07-20 18:17:38.935251+00
62989,DOGEUSDT,30m,ohlcv,62245,3,62245,0,ok,"",2026-07-20 18:17:35.175217+00
62988,XRPUSDT,1m,ohlcv,59520,6,59523,0,ok,"",2026-07-20 18:16:43.0661+00
62987,BNBUSDT,30m,ohlcv,62245,3,62245,0,ok,"",2026-07-20 18:16:28.59895+00
62986,SOLUSDT,1m,ohlcv,59519,6,59522,0,ok,"",2026-07-20 18:15:44.114113+00
62985,XRPUSDT,30m,ohlcv,62245,3,62245,0,ok,"",2026-07-20 18:15:27.893729+00
62984,ETHUSDT,1m,ohlcv,56329,6,56332,0,ok,"",2026-07-20 18:14:43.100187+00
62983,SOLUSDT,30m,ohlcv,62245,3,62245,0,ok,"",2026-07-20 18:14:22.075907+00
62982,BTCUSDT,1m,ohlcv,59519,6,59522,0,ok,"",2026-07-20 18:13:37.165635+00
62981,ETHUSDT,30m,ohlcv,62245,3,62245,0,ok,"",2026-07-20 18:13:13.384722+00
62980,DOGEUSDT,1m,ohlcv,59516,6,59519,0,ok,"",2026-07-20 18:12:34.595451+00
62979,BTCUSDT,30m,ohlcv,62245,3,62245,0,ok,"",2026-07-20 18:12:07.197851+00
62978,BNBUSDT,1m,ohlcv,59515,6,59518,0,ok,"",2026-07-20 18:11:29.31705+00
62977,DOGEUSDT,15m,ohlcv,124489,3,124489,0,ok,"",2026-07-20 18:11:02.215998+00
62976,XRPUSDT,1m,ohlcv,59514,6,59517,0,ok,"",2026-07-20 18:10:29.823295+00
62975,SOLUSDT,1m,ohlcv,59513,6,59516,0,ok,"",2026-07-20 18:09:30.462431+00
62974,BNBUSDT,15m,ohlcv,124489,3,124489,0,ok,"",2026-07-20 18:08:47.203185+00
62973,ETHUSDT,1m,ohlcv,56323,6,56326,0,ok,"",2026-07-20 18:08:24.459302+00
62972,BTCUSDT,1m,ohlcv,59513,6,59516,0,ok,"",2026-07-20 18:07:28.001925+00
62971,XRPUSDT,15m,ohlcv,124489,3,124489,0,ok,"",2026-07-20 18:06:39.4974+00
62970,DOGEUSDT,1m,ohlcv,59510,6,59513,0,ok,"",2026-07-20 18:06:27.057606+00
62969,BNBUSDT,1m,ohlcv,59509,6,59512,0,ok,"",2026-07-20 18:05:22.308844+00
62968,SOLUSDT,15m,ohlcv,124488,4,124489,0,ok,"",2026-07-20 18:04:34.439233+00
62967,XRPUSDT,1m,ohlcv,59508,6,59511,0,ok,"",2026-07-20 18:04:22.923408+00
62966,SOLUSDT,1m,ohlcv,59507,6,59510,0,ok,"",2026-07-20 18:03:14.313742+00
62965,ETHUSDT,15m,ohlcv,124488,4,124489,0,ok,"",2026-07-20 18:02:19.485463+00
62964,ETHUSDT,1m,ohlcv,56317,6,56320,0,ok,"",2026-07-20 18:02:09.699257+00
62963,BTCUSDT,1m,ohlcv,59507,6,59510,0,ok,"",2026-07-20 18:01:09.679089+00
62962,BTCUSDT,15m,ohlcv,124488,3,124488,0,ok,"",2026-07-20 18:00:09.296607+00
62961,DOGEUSDT,1m,ohlcv,59504,6,59507,0,ok,"",2026-07-20 18:00:06.671425+00
62960,BNBUSDT,1m,ohlcv,59502,6,59505,0,quarantined,Data is stale: last candle 2 min ago,2026-07-20 17:59:00.958367+00
62959,XRPUSDT,1m,ohlcv,59501,6,59504,0,ok,"",2026-07-20 17:57:57.639371+00
62958,DOGEUSDT,5m,ohlcv,373450,16,373463,0,ok,"",2026-07-20 17:57:56.918094+00
62957,SOLUSDT,1m,ohlcv,59500,6,59503,0,ok,"",2026-07-20 17:56:57.005273+00
62956,ETHUSDT,1m,ohlcv,56310,6,56313,0,ok,"",2026-07-20 17:55:56.128842+00
62955,BTCUSDT,1m,ohlcv,59500,6,59503,0,ok,"",2026-07-20 17:54:59.143392+00
62954,DOGEUSDT,1m,ohlcv,59497,6,59500,0,ok,"",2026-07-20 17:53:58.556987+00
62953,BNBUSDT,1m,ohlcv,59496,6,59499,0,ok,"",2026-07-20 17:52:46.748007+00
62952,XRPUSDT,1m,ohlcv,59495,6,59498,0,ok,"",2026-07-20 17:51:43.818967+00
62951,BNBUSDT,5m,ohlcv,373449,16,373462,0,ok,"",2026-07-20 17:51:09.740504+00
62950,SOLUSDT,1m,ohlcv,59494,6,59497,0,ok,"",2026-07-20 17:50:45.724288+00
62949,ETHUSDT,1m,ohlcv,56304,6,56307,0,ok,"",2026-07-20 17:49:45.908668+00
62948,BTCUSDT,1m,ohlcv,59494,6,59497,0,ok,"",2026-07-20 17:48:52.311273+00
62947,DOGEUSDT,1m,ohlcv,59491,6,59494,0,ok,"",2026-07-20 17:47:48.781374+00
62946,BNBUSDT,1m,ohlcv,59490,6,59493,0,ok,"",2026-07-20 17:46:44.668105+00
62945,XRPUSDT,1m,ohlcv,59489,6,59492,0,ok,"",2026-07-20 17:45:48.513848+00
62944,XRPUSDT,5m,ohlcv,373447,16,373460,0,quarantined,Data is stale: last candle 10 min ago,2026-07-20 17:45:04.328794+00
62943,SOLUSDT,1m,ohlcv,59488,6,59491,0,ok,"",2026-07-20 17:44:47.223553+00
62942,ETHUSDT,1m,ohlcv,56298,6,56301,0,ok,"",2026-07-20 17:43:47.833844+00
62941,BTCUSDT,1m,ohlcv,59488,6,59491,0,ok,"",2026-07-20 17:42:47.907679+00
62940,DOGEUSDT,1m,ohlcv,59485,6,59488,0,ok,"",2026-07-20 17:41:46.049361+00
62939,BNBUSDT,1m,ohlcv,59484,6,59487,0,ok,"",2026-07-20 17:40:43.541677+00
62938,XRPUSDT,1m,ohlcv,59483,6,59486,0,ok,"",2026-07-20 17:39:45.514873+00
62937,SOLUSDT,5m,ohlcv,373446,16,373459,0,ok,"",2026-07-20 17:39:00.299918+00
62936,SOLUSDT,1m,ohlcv,59482,6,59485,0,ok,"",2026-07-20 17:38:49.171445+00
62935,ETHUSDT,1m,ohlcv,56292,6,56295,0,ok,"",2026-07-20 17:37:51.89072+00
62934,BTCUSDT,1m,ohlcv,59482,6,59485,0,ok,"",2026-07-20 17:36:52.312443+00
62933,DOGEUSDT,1m,ohlcv,59479,6,59482,0,ok,"",2026-07-20 17:35:53.193873+00
62932,BNBUSDT,1m,ohlcv,59478,6,59481,0,ok,"",2026-07-20 17:34:48.596547+00
62931,XRPUSDT,1m,ohlcv,59477,6,59480,0,ok,"",2026-07-20 17:33:48.884025+00
62930,SOLUSDT,1m,ohlcv,59476,6,59479,0,ok,"",2026-07-20 17:32:51.231469+00
62929,ETHUSDT,5m,ohlcv,373445,16,373458,0,ok,"",2026-07-20 17:32:50.231845+00
62928,ETHUSDT,1m,ohlcv,56286,6,56289,0,ok,"",2026-07-20 17:31:46.205372+00
62927,BTCUSDT,1m,ohlcv,59476,6,59479,0,ok,"",2026-07-20 17:30:49.244677+00
62926,DOGEUSDT,1m,ohlcv,59473,6,59476,0,ok,"",2026-07-20 17:29:48.609537+00
62925,BNBUSDT,1m,ohlcv,59472,6,59475,0,ok,"",2026-07-20 17:28:45.137579+00
62924,XRPUSDT,1m,ohlcv,59471,6,59474,0,ok,"",2026-07-20 17:27:46.431107+00
62923,SOLUSDT,1m,ohlcv,59470,6,59473,0,ok,"",2026-07-20 17:26:41.751123+00
62922,BTCUSDT,5m,ohlcv,373444,16,373457,0,ok,"",2026-07-20 17:26:28.824889+00
62921,ETHUSDT,1m,ohlcv,56280,6,56283,0,ok,"",2026-07-20 17:25:43.110665+00
62920,BTCUSDT,1m,ohlcv,59470,6,59473,0,ok,"",2026-07-20 17:24:49.956682+00
62919,DOGEUSDT,1m,ohlcv,59467,6,59470,0,ok,"",2026-07-20 17:23:51.833957+00
62918,BNBUSDT,1m,ohlcv,59466,6,59469,0,ok,"",2026-07-20 17:22:46.011093+00
62917,XRPUSDT,1m,ohlcv,59465,6,59468,0,ok,"",2026-07-20 17:21:45.719101+00
62916,SOLUSDT,1m,ohlcv,59464,6,59467,0,ok,"",2026-07-20 17:20:45.710298+00
62915,DOGEUSDT,snapshot,orderbook,,100,,0,ok,"",2026-07-20 17:20:26.423032+00
62914,BNBUSDT,snapshot,orderbook,,100,,0,ok,"",2026-07-20 17:20:24.437661+00
62913,XRPUSDT,snapshot,orderbook,,100,,0,ok,"",2026-07-20 17:20:22.445642+00
62912,SOLUSDT,snapshot,orderbook,,100,,0,ok,"",2026-07-20 17:20:20.359559+00
62911,ETHUSDT,snapshot,orderbook,,100,,0,ok,"",2026-07-20 17:20:18.376588+00
62910,BTCUSDT,snapshot,orderbook,,100,,0,ok,"",2026-07-20 17:20:16.449264+00
62909,DOGEUSDT,4h,ohlcv,7781,3,7781,0,ok,"",2026-07-20 17:20:14.859459+00
62908,BNBUSDT,4h,ohlcv,7781,3,7781,0,ok,"",2026-07-20 17:20:05.587924+00
62907,XRPUSDT,4h,ohlcv,7781,3,7781,0,ok,"",2026-07-20 17:19:56.271304+00
62906,ETHUSDT,1m,ohlcv,56274,6,56277,0,ok,"",2026-07-20 17:19:53.107728+00
62905,SOLUSDT,4h,ohlcv,7781,3,7781,0,ok,"",2026-07-20 17:19:46.306094+00
62904,ETHUSDT,4h,ohlcv,7781,3,7781,0,ok,"",2026-07-20 17:19:36.533098+00
62903,BTCUSDT,4h,ohlcv,7781,3,7781,0,ok,"",2026-07-20 17:19:27.164135+00
62902,DOGEUSDT,1h,open_interest_1h,31215,200,31215,0,ok,"",2026-07-20 17:19:17.24763+00
62901,BNBUSDT,1h,open_interest_1h,31215,200,31215,0,ok,"",2026-07-20 17:19:15.192095+00
62900,XRPUSDT,1h,open_interest_1h,31215,200,31215,0,ok,"",2026-07-20 17:19:13.392613+00
62899,SOLUSDT,1h,open_interest_1h,31215,200,31215,0,ok,"",2026-07-20 17:19:11.271849+00
62898,ETHUSDT,1h,open_interest_1h,31215,200,31215,0,ok,"",2026-07-20 17:19:09.119873+00
62897,BTCUSDT,1h,open_interest_1h,31215,200,31215,0,ok,"",2026-07-20 17:19:06.958889+00
62896,DOGEUSDT,8h,funding_rate,3927,200,3927,0,ok,"",2026-07-20 17:19:04.701839+00
62895,BNBUSDT,8h,funding_rate,3927,200,3927,0,ok,"",2026-07-20 17:19:02.834068+00
62894,XRPUSDT,8h,funding_rate,3927,200,3927,0,ok,"",2026-07-20 17:19:00.683998+00
62893,BTCUSDT,1m,ohlcv,59464,7,59468,0,ok,"",2026-07-20 17:18:59.459775+00
62892,SOLUSDT,8h,funding_rate,3927,200,3927,0,ok,"",2026-07-20 17:18:58.625863+00
62891,ETHUSDT,8h,funding_rate,3927,200,3927,0,ok,"",2026-07-20 17:18:56.653131+00
62890,BTCUSDT,8h,funding_rate,3927,200,3927,0,ok,"",2026-07-20 17:18:54.977483+00
62889,DOGEUSDT,1h,ohlcv,31122,3,31122,0,ok,"",2026-07-20 17:18:53.460124+00
62888,BNBUSDT,1h,ohlcv,31122,3,31122,0,ok,"",2026-07-20 17:18:19.593846+00
62887,DOGEUSDT,1m,ohlcv,59461,6,59464,0,quarantined,Data is stale: last candle 2 min ago,2026-07-20 17:18:02.089643+00
62886,XRPUSDT,1h,ohlcv,31122,3,31122,0,ok,"",2026-07-20 17:17:45.965651+00
62885,SOLUSDT,1h,ohlcv,31122,3,31122,0,ok,"",2026-07-20 17:17:12.992321+00
62884,BNBUSDT,1m,ohlcv,59460,6,59463,0,ok,"",2026-07-20 17:16:59.179149+00
62883,ETHUSDT,1h,ohlcv,31122,3,31122,0,ok,"",2026-07-20 17:16:42.344175+00
62882,BTCUSDT,1h,ohlcv,31122,3,31122,0,ok,"",2026-07-20 17:16:08.838029+00
62881,XRPUSDT,1m,ohlcv,59459,6,59462,0,ok,"",2026-07-20 17:15:56.901332+00
62880,DOGEUSDT,"4h,1h,30m,15m,5m,1d",enrich,,,,0,ok,"",2026-07-20 17:15:36.378174+00
62879,BNBUSDT,"4h,1h,30m,15m,5m,1d",enrich,,,,0,ok,"",2026-07-20 17:15:07.504084+00
62878,SOLUSDT,1m,ohlcv,59458,6,59461,0,ok,"",2026-07-20 17:14:54.445634+00
62877,XRPUSDT,"4h,1h,30m,15m,5m,1d",enrich,,,,0,ok,"",2026-07-20 17:14:40.289247+00
62876,SOLUSDT,"4h,1h,30m,15m,5m,1d",enrich,,,,0,ok,"",2026-07-20 17:14:13.5883+00
62875,ETHUSDT,1m,ohlcv,56268,6,56271,0,ok,"",2026-07-20 17:13:52.955934+00
62874,ETHUSDT,"4h,1h,30m,15m,5m,1d",enrich,,,,0,ok,"",2026-07-20 17:13:46.557943+00
62873,BTCUSDT,"4h,1h,30m,15m,5m,1d",enrich,,,,0,ok,"",2026-07-20 17:13:19.548636+00
62872,BTCUSDT,1m,ohlcv,59458,6,59461,0,ok,"",2026-07-20 17:12:56.673199+00
62871,DOGEUSDT,30m,ohlcv,62243,3,62243,0,ok,"",2026-07-20 17:12:53.955465+00
62870,DOGEUSDT,1m,ohlcv,59455,6,59458,0,ok,"",2026-07-20 17:11:59.20139+00
62869,BNBUSDT,30m,ohlcv,62243,3,62243,0,ok,"",2026-07-20 17:11:52.487109+00
62868,BNBUSDT,1m,ohlcv,59454,6,59457,0,ok,"",2026-07-20 17:10:54.136202+00
62867,XRPUSDT,30m,ohlcv,62243,3,62243,0,ok,"",2026-07-20 17:10:48.725501+00
62866,XRPUSDT,1m,ohlcv,59453,6,59456,0,ok,"",2026-07-20 17:09:54.487923+00
62865,SOLUSDT,30m,ohlcv,62243,3,62243,0,ok,"",2026-07-20 17:09:48.74468+00
62864,SOLUSDT,1m,ohlcv,59452,6,59455,0,ok,"",2026-07-20 17:08:54.544026+00
62863,ETHUSDT,30m,ohlcv,62243,3,62243,0,ok,"",2026-07-20 17:08:44.951849+00
62862,ETHUSDT,1m,ohlcv,56262,6,56265,0,ok,"",2026-07-20 17:07:54.978008+00
62861,BTCUSDT,30m,ohlcv,62243,3,62243,0,ok,"",2026-07-20 17:07:39.600511+00
62860,BTCUSDT,1m,ohlcv,59452,6,59455,0,ok,"",2026-07-20 17:06:57.953974+00
62859,DOGEUSDT,15m,ohlcv,124485,3,124485,0,ok,"",2026-07-20 17:06:37.739626+00
62858,DOGEUSDT,1m,ohlcv,59449,6,59452,0,ok,"",2026-07-20 17:05:48.607856+00
62857,BNBUSDT,1m,ohlcv,59448,6,59451,0,ok,"",2026-07-20 17:04:42.885413+00
62856,BNBUSDT,15m,ohlcv,124484,4,124485,0,ok,"",2026-07-20 17:04:16.603433+00
62855,XRPUSDT,1m,ohlcv,59447,6,59450,0,ok,"",2026-07-20 17:03:42.099266+00
62854,SOLUSDT,1m,ohlcv,59446,6,59449,0,ok,"",2026-07-20 17:02:42.515318+00
62853,XRPUSDT,15m,ohlcv,124484,3,124484,0,ok,"",2026-07-20 17:02:12.37789+00
62852,ETHUSDT,1m,ohlcv,56256,6,56259,0,ok,"",2026-07-20 17:01:42.490358+00
62851,BTCUSDT,1m,ohlcv,59446,6,59449,0,ok,"",2026-07-20 17:00:40.692405+00
62850,SOLUSDT,15m,ohlcv,124484,3,124484,0,ok,"",2026-07-20 16:59:59.010835+00
62849,DOGEUSDT,1m,ohlcv,59440,9,59446,0,ok,"",2026-07-20 16:59:40.543469+00
62848,BNBUSDT,1m,ohlcv,59441,7,59445,0,ok,"",2026-07-20 16:58:36.641685+00
62847,ETHUSDT,15m,ohlcv,124484,3,124484,0,ok,"",2026-07-20 16:57:51.620886+00
62846,XRPUSDT,1m,ohlcv,59441,6,59444,0,ok,"",2026-07-20 16:57:37.834732+00
62845,SOLUSDT,1m,ohlcv,59440,6,59443,0,ok,"",2026-07-20 16:56:36.478247+00
62844,BTCUSDT,15m,ohlcv,124484,3,124484,0,ok,"",2026-07-20 16:55:41.899212+00
62843,ETHUSDT,1m,ohlcv,56250,6,56253,0,ok,"",2026-07-20 16:55:30.723885+00
62842,BTCUSDT,1m,ohlcv,59440,6,59443,0,ok,"",2026-07-20 16:54:35.267986+00
62841,DOGEUSDT,5m,ohlcv,373437,16,373450,0,ok,"",2026-07-20 16:53:37.396858+00
62840,DOGEUSDT,1m,ohlcv,59436,7,59440,0,ok,"",2026-07-20 16:53:36.202015+00
62839,BNBUSDT,1m,ohlcv,59435,7,59439,0,ok,"",2026-07-20 16:52:34.578352+00
62838,XRPUSDT,1m,ohlcv,59434,7,59438,0,ok,"",2026-07-20 16:51:34.23755+00
62837,SOLUSDT,1m,ohlcv,59433,7,59437,0,ok,"",2026-07-20 16:50:31.658148+00
62836,ETHUSDT,1m,ohlcv,56243,7,56247,0,ok,"",2026-07-20 16:49:31.257347+00
62835,BTCUSDT,1m,ohlcv,59433,7,59437,0,ok,"",2026-07-20 16:48:36.561579+00
62834,DOGEUSDT,1m,ohlcv,59430,7,59434,0,ok,"",2026-07-20 16:47:38.64327+00
62833,BNBUSDT,5m,ohlcv,373436,16,373449,0,ok,"",2026-07-20 16:46:51.624998+00
62832,BNBUSDT,1m,ohlcv,59429,7,59433,0,ok,"",2026-07-20 16:46:32.978891+00
62831,XRPUSDT,1m,ohlcv,59428,7,59432,0,ok,"",2026-07-20 16:45:30.540146+00
62830,SOLUSDT,1m,ohlcv,59427,7,59431,0,ok,"",2026-07-20 16:44:23.435284+00
62829,ETHUSDT,1m,ohlcv,56237,7,56241,0,ok,"",2026-07-20 16:43:24.341856+00
62828,BTCUSDT,1m,ohlcv,59427,7,59431,0,ok,"",2026-07-20 16:42:28.036435+00
62827,DOGEUSDT,1m,ohlcv,59424,7,59428,0,ok,"",2026-07-20 16:41:23.913873+00
62826,XRPUSDT,5m,ohlcv,373421,29,373447,0,quarantined,Data is stale: last candle 11 min ago,2026-07-20 16:40:30.185942+00
62825,BNBUSDT,1m,ohlcv,59423,7,59427,0,ok,"",2026-07-20 16:40:16.669197+00
62824,XRPUSDT,1m,ohlcv,59422,7,59426,0,ok,"",2026-07-20 16:39:13.234072+00
62823,SOLUSDT,1m,ohlcv,59421,7,59425,0,ok,"",2026-07-20 16:38:14.049184+00
62822,ETHUSDT,1m,ohlcv,56231,7,56235,0,ok,"",2026-07-20 16:37:13.894194+00
62821,BTCUSDT,1m,ohlcv,59421,7,59425,0,ok,"",2026-07-20 16:36:20.451837+00
62820,DOGEUSDT,1m,ohlcv,59418,7,59422,0,ok,"",2026-07-20 16:35:20.825437+00
62819,BNBUSDT,1m,ohlcv,59417,7,59421,0,ok,"",2026-07-20 16:34:10.531907+00
62818,SOLUSDT,5m,ohlcv,373433,16,373446,0,ok,"",2026-07-20 16:34:07.923851+00
62817,XRPUSDT,1m,ohlcv,59416,7,59420,0,ok,"",2026-07-20 16:33:11.84802+00
62816,SOLUSDT,1m,ohlcv,59415,7,59419,0,ok,"",2026-07-20 16:32:13.917048+00
62815,ETHUSDT,1m,ohlcv,56225,7,56229,0,ok,"",2026-07-20 16:31:13.107951+00
62814,BTCUSDT,1m,ohlcv,59415,7,59419,0,ok,"",2026-07-20 16:30:17.621475+00
62813,DOGEUSDT,1m,ohlcv,59412,7,59416,0,ok,"",2026-07-20 16:29:11.6845+00
62812,BNBUSDT,1m,ohlcv,59411,7,59415,0,ok,"",2026-07-20 16:28:06.653148+00
62811,ETHUSDT,5m,ohlcv,373432,16,373445,0,ok,"",2026-07-20 16:27:46.060849+00
62810,XRPUSDT,1m,ohlcv,59410,7,59414,0,ok,"",2026-07-20 16:27:08.302339+00
62809,SOLUSDT,1m,ohlcv,59409,7,59413,0,ok,"",2026-07-20 16:26:08.382101+00
62808,ETHUSDT,1m,ohlcv,56219,7,56223,0,ok,"",2026-07-20 16:25:09.325831+00
62807,BTCUSDT,1m,ohlcv,59409,7,59413,0,ok,"",2026-07-20 16:24:07.805997+00
62806,DOGEUSDT,1m,ohlcv,59406,7,59410,0,ok,"",2026-07-20 16:23:07.903367+00
62805,BNBUSDT,1m,ohlcv,59405,7,59409,0,ok,"",2026-07-20 16:22:03.348692+00
62804,BTCUSDT,5m,ohlcv,373417,30,373444,0,ok,"",2026-07-20 16:21:28.590528+00
62803,XRPUSDT,1m,ohlcv,59401,10,59408,0,ok,"",2026-07-20 16:21:00.427289+00
62802,SOLUSDT,1m,ohlcv,59403,6,59406,0,quarantined,Data is stale: last candle 2 min ago,2026-07-20 16:20:00.579894+00
62801,ETHUSDT,1m,ohlcv,56213,6,56216,0,ok,"",2026-07-20 16:18:55.281833+00
62800,BTCUSDT,1m,ohlcv,59403,6,59406,0,ok,"",2026-07-20 16:17:56.409891+00
62799,DOGEUSDT,1m,ohlcv,59397,9,59403,0,ok,"",2026-07-20 16:16:52.548151+00
62798,BNBUSDT,1m,ohlcv,59398,7,59402,0,ok,"",2026-07-20 16:15:48.777284+00
62797,DOGEUSDT,snapshot,orderbook,,100,,0,ok,"",2026-07-20 16:15:05.197595+00
62796,BNBUSDT,snapshot,orderbook,,100,,0,ok,"",2026-07-20 16:15:03.273782+00
62795,XRPUSDT,snapshot,orderbook,,100,,0,ok,"",2026-07-20 16:15:01.219108+00
62794,SOLUSDT,snapshot,orderbook,,100,,0,ok,"",2026-07-20 16:14:59.233384+00
62793,ETHUSDT,snapshot,orderbook,,100,,0,ok,"",2026-07-20 16:14:57.241754+00
62792,BTCUSDT,snapshot,orderbook,,100,,0,ok,"",2026-07-20 16:14:55.204436+00
62791,DOGEUSDT,1h,open_interest_1h,31214,200,31214,0,ok,"",2026-07-20 16:14:53.641719+00
62790,BNBUSDT,1h,open_interest_1h,31214,200,31214,0,ok,"",2026-07-20 16:14:51.966108+00
62789,XRPUSDT,1m,ohlcv,59398,6,59401,0,ok,"",2026-07-20 16:14:50.297107+00
62788,XRPUSDT,1h,open_interest_1h,31214,200,31214,0,ok,"",2026-07-20 16:14:49.932074+00
62787,SOLUSDT,1h,open_interest_1h,31214,200,31214,0,ok,"",2026-07-20 16:14:47.877801+00
62786,ETHUSDT,1h,open_interest_1h,31214,200,31214,0,ok,"",2026-07-20 16:14:45.489077+00
62785,BTCUSDT,1h,open_interest_1h,31214,200,31214,0,ok,"",2026-07-20 16:14:43.59463+00
62784,DOGEUSDT,8h,funding_rate,3927,200,3927,0,ok,"",2026-07-20 16:14:41.203102+00
62783,BNBUSDT,8h,funding_rate,3927,200,3927,0,ok,"",2026-07-20 16:14:39.174863+00
62782,XRPUSDT,8h,funding_rate,3927,200,3927,0,ok,"",2026-07-20 16:14:37.449714+00
62781,SOLUSDT,8h,funding_rate,3927,200,3927,0,ok,"",2026-07-20 16:14:35.075395+00
62780,ETHUSDT,8h,funding_rate,3927,200,3927,0,ok,"",2026-07-20 16:14:33.282597+00
62779,BTCUSDT,8h,funding_rate,3927,200,3927,0,ok,"",2026-07-20 16:14:31.504847+00
62778,DOGEUSDT,1h,ohlcv,31121,3,31121,0,ok,"",2026-07-20 16:14:29.969858+00
62777,BNBUSDT,1h,ohlcv,31121,3,31121,0,ok,"",2026-07-20 16:13:54.77485+00
62776,SOLUSDT,1m,ohlcv,59397,6,59400,0,ok,"",2026-07-20 16:13:53.656413+00
62775,XRPUSDT,1h,ohlcv,31121,3,31121,0,ok,"",2026-07-20 16:13:17.314654+00
62774,ETHUSDT,1m,ohlcv,56207,6,56210,0,ok,"",2026-07-20 16:12:46.866105+00
62773,SOLUSDT,1h,ohlcv,31121,3,31121,0,ok,"",2026-07-20 16:12:44.487852+00
62772,ETHUSDT,1h,ohlcv,31121,3,31121,0,ok,"",2026-07-20 16:12:14.569391+00
62771,BTCUSDT,1m,ohlcv,59397,6,59400,0,ok,"",2026-07-20 16:11:51.982302+00
62770,BTCUSDT,1h,ohlcv,31121,3,31121,0,ok,"",2026-07-20 16:11:42.288988+00
62769,DOGEUSDT,"4h,1h,30m,15m,5m,1d",enrich,,,,0,ok,"",2026-07-20 16:11:09.796585+00
62768,DOGEUSDT,1m,ohlcv,59391,9,59397,0,ok,"",2026-07-20 16:10:56.056802+00
62767,BNBUSDT,"4h,1h,30m,15m,5m,1d",enrich,,,,0,ok,"",2026-07-20 16:10:45.381527+00
62766,XRPUSDT,"4h,1h,30m,15m,5m,1d",enrich,,,,0,ok,"",2026-07-20 16:10:17.560216+00
62765,SOLUSDT,"4h,1h,30m,15m,5m,1d",enrich,,,,0,ok,"",2026-07-20 16:09:50.395276+00
62764,BNBUSDT,1m,ohlcv,59392,7,59396,0,ok,"",2026-07-20 16:09:48.46995+00
62763,ETHUSDT,"4h,1h,30m,15m,5m,1d",enrich,,,,0,ok,"",2026-07-20 16:09:23.632864+00
62762,BTCUSDT,"4h,1h,30m,15m,5m,1d",enrich,,,,0,ok,"",2026-07-20 16:08:55.629843+00
62761,XRPUSDT,1m,ohlcv,59391,7,59395,0,ok,"",2026-07-20 16:08:46.237487+00
62760,DOGEUSDT,30m,ohlcv,62241,3,62241,0,ok,"",2026-07-20 16:08:22.194951+00
62759,SOLUSDT,1m,ohlcv,59390,7,59394,0,ok,"",2026-07-20 16:07:41.224669+00
62758,BNBUSDT,30m,ohlcv,62241,3,62241,0,ok,"",2026-07-20 16:07:15.026413+00
62757,ETHUSDT,1m,ohlcv,56200,7,56204,0,ok,"",2026-07-20 16:06:42.001956+00
62756,XRPUSDT,30m,ohlcv,62241,3,62241,0,ok,"",2026-07-20 16:06:11.945619+00
62755,BTCUSDT,1m,ohlcv,59390,7,59394,0,ok,"",2026-07-20 16:05:45.893665+00
62754,SOLUSDT,30m,ohlcv,62240,4,62241,0,ok,"",2026-07-20 16:05:10.904313+00
62753,DOGEUSDT,1m,ohlcv,59387,7,59391,0,ok,"",2026-07-20 16:04:47.325836+00
62752,ETHUSDT,30m,ohlcv,62240,4,62241,0,ok,"",2026-07-20 16:04:08.118975+00
62751,BNBUSDT,1m,ohlcv,59386,7,59390,0,ok,"",2026-07-20 16:03:42.78695+00
62750,BTCUSDT,30m,ohlcv,62240,4,62241,0,ok,"",2026-07-20 16:02:58.103158+00
62749,XRPUSDT,1m,ohlcv,59385,7,59389,0,ok,"",2026-07-20 16:02:35.959862+00
62748,DOGEUSDT,15m,ohlcv,124480,3,124480,0,ok,"",2026-07-20 16:01:50.853381+00
62747,SOLUSDT,1m,ohlcv,59384,7,59388,0,ok,"",2026-07-20 16:01:34.964682+00
62746,ETHUSDT,1m,ohlcv,56194,7,56198,0,ok,"",2026-07-20 16:00:31.773089+00
62745,BTCUSDT,1m,ohlcv,59384,7,59388,0,ok,"",2026-07-20 15:59:34.369458+00
62744,BNBUSDT,15m,ohlcv,124480,3,124480,0,ok,"",2026-07-20 15:59:29.351574+00
62743,DOGEUSDT,1m,ohlcv,59381,7,59385,0,ok,"",2026-07-20 15:58:31.094083+00
62742,BNBUSDT,1m,ohlcv,59380,7,59384,0,ok,"",2026-07-20 15:57:19.660567+00
62741,XRPUSDT,15m,ohlcv,124480,3,124480,0,ok,"",2026-07-20 15:57:18.548392+00
62740,XRPUSDT,1m,ohlcv,59379,7,59383,0,ok,"",2026-07-20 15:56:18.339695+00
62739,SOLUSDT,1m,ohlcv,59378,7,59382,0,ok,"",2026-07-20 15:55:16.541943+00
62738,SOLUSDT,15m,ohlcv,124480,3,124480,0,ok,"",2026-07-20 15:55:09.480796+00
62737,ETHUSDT,1m,ohlcv,56188,7,56192,0,ok,"",2026-07-20 15:54:11.457069+00
62736,BTCUSDT,1m,ohlcv,59378,7,59382,0,ok,"",2026-07-20 15:53:11.157404+00
62735,ETHUSDT,15m,ohlcv,124480,3,124480,0,ok,"",2026-07-20 15:53:00.09773+00
62734,DOGEUSDT,1m,ohlcv,59372,9,59378,0,quarantined,Data is stale: last candle 2 min ago,2026-07-20 15:52:02.941572+00
62733,BNBUSDT,1m,ohlcv,59373,7,59377,0,ok,"",2026-07-20 15:50:54.251379+00
62732,BTCUSDT,15m,ohlcv,124479,4,124480,0,ok,"",2026-07-20 15:50:44.509432+00
62731,XRPUSDT,1m,ohlcv,59372,7,59376,0,ok,"",2026-07-20 15:49:54.404827+00
62730,SOLUSDT,1m,ohlcv,59371,7,59375,0,ok,"",2026-07-20 15:48:53.241472+00
62729,DOGEUSDT,5m,ohlcv,373411,29,373437,0,ok,"",2026-07-20 15:48:34.801932+00
62728,ETHUSDT,1m,ohlcv,56181,7,56185,0,ok,"",2026-07-20 15:47:49.836989+00
62727,BTCUSDT,1m,ohlcv,59371,7,59375,0,ok,"",2026-07-20 15:46:42.093879+00
62726,DOGEUSDT,1m,ohlcv,59368,7,59372,0,ok,"",2026-07-20 15:45:39.878519+00
62725,BNBUSDT,1m,ohlcv,59367,7,59371,0,ok,"",2026-07-20 15:44:34.79039+00
62724,XRPUSDT,1m,ohlcv,59366,7,59370,0,ok,"",2026-07-20 15:43:32.287139+00
62723,SOLUSDT,1m,ohlcv,59365,7,59369,0,ok,"",2026-07-20 15:42:28.009278+00
62722,BNBUSDT,5m,ohlcv,373422,17,373436,0,ok,"",2026-07-20 15:41:28.233763+00
62721,ETHUSDT,1m,ohlcv,56175,7,56179,0,ok,"",2026-07-20 15:41:21.293923+00
62720,BTCUSDT,1m,ohlcv,59365,7,59369,0,ok,"",2026-07-20 15:40:24.636061+00
62719,DOGEUSDT,1m,ohlcv,59362,7,59366,0,ok,"",2026-07-20 15:39:20.23687+00
62718,BNBUSDT,1m,ohlcv,59361,7,59365,0,ok,"",2026-07-20 15:38:18.692279+00
62717,XRPUSDT,1m,ohlcv,59360,7,59364,0,ok,"",2026-07-20 15:37:20.505088+00
62716,SOLUSDT,1m,ohlcv,59357,9,59363,0,ok,"",2026-07-20 15:36:18.401609+00
62715,ETHUSDT,1m,ohlcv,56169,7,56173,0,ok,"",2026-07-20 15:35:18.826107+00
62714,XRPUSDT,5m,ohlcv,373421,16,373434,0,quarantined,Data is stale: last candle 10 min ago,2026-07-20 15:35:10.537924+00
62713,BTCUSDT,1m,ohlcv,59359,7,59363,0,ok,"",2026-07-20 15:34:24.183551+00
62712,DOGEUSDT,1m,ohlcv,59354,9,59360,0,ok,"",2026-07-20 15:33:24.96308+00
62711,BNBUSDT,1m,ohlcv,59354,8,59359,0,ok,"",2026-07-20 15:32:20.71188+00
62710,XRPUSDT,1m,ohlcv,59353,8,59358,0,ok,"",2026-07-20 15:31:16.463119+00
62709,SOLUSDT,1m,ohlcv,59352,8,59357,0,ok,"",2026-07-20 15:30:16.251023+00
62708,ETHUSDT,1m,ohlcv,56162,8,56167,0,ok,"",2026-07-20 15:29:17.663265+00
62707,SOLUSDT,5m,ohlcv,373420,16,373433,0,ok,"",2026-07-20 15:28:49.785594+00
62706,BTCUSDT,1m,ohlcv,59352,8,59357,0,ok,"",2026-07-20 15:28:20.039852+00
62705,DOGEUSDT,1m,ohlcv,59349,8,59354,0,ok,"",2026-07-20 15:27:18.659921+00
62704,BNBUSDT,1m,ohlcv,59348,8,59353,0,ok,"",2026-07-20 15:26:06.934638+00
62703,XRPUSDT,1m,ohlcv,59347,8,59352,0,ok,"",2026-07-20 15:25:07.470382+00
62702,SOLUSDT,1m,ohlcv,59346,8,59351,0,ok,"",2026-07-20 15:24:07.569906+00
62701,ETHUSDT,1m,ohlcv,56156,8,56161,0,ok,"",2026-07-20 15:23:07.608953+00
62700,ETHUSDT,5m,ohlcv,373417,18,373432,0,ok,"",2026-07-20 15:22:26.213827+00
62699,BTCUSDT,1m,ohlcv,59346,8,59351,0,ok,"",2026-07-20 15:22:12.357164+00
62698,DOGEUSDT,1m,ohlcv,59343,7,59347,0,quarantined,Data is stale: last candle 2 min ago,2026-07-20 15:21:06.706662+00
62697,BNBUSDT,1m,ohlcv,59342,7,59346,0,ok,"",2026-07-20 15:19:57.373859+00
62696,XRPUSDT,1m,ohlcv,59341,7,59345,0,ok,"",2026-07-20 15:18:55.633154+00
62695,SOLUSDT,1m,ohlcv,59340,7,59344,0,ok,"",2026-07-20 15:17:55.083495+00
62694,ETHUSDT,1m,ohlcv,56150,7,56154,0,ok,"",2026-07-20 15:16:51.403434+00
62693,BTCUSDT,5m,ohlcv,373417,16,373430,0,quarantined,Data is stale: last candle 11 min ago,2026-07-20 15:15:56.49831+00
62692,BTCUSDT,1m,ohlcv,59340,7,59344,0,ok,"",2026-07-20 15:15:50.551482+00
62691,DOGEUSDT,1m,ohlcv,59336,8,59341,0,ok,"",2026-07-20 15:14:48.623498+00
62690,BNBUSDT,1m,ohlcv,59335,8,59340,0,ok,"",2026-07-20 15:13:42.479257+00
62689,XRPUSDT,1m,ohlcv,59334,8,59339,0,ok,"",2026-07-20 15:12:40.350201+00
62688,SOLUSDT,1m,ohlcv,59333,8,59338,0,ok,"",2026-07-20 15:11:39.401348+00
62687,ETHUSDT,1m,ohlcv,56143,8,56148,0,ok,"",2026-07-20 15:10:36.978076+00
62686,BTCUSDT,1m,ohlcv,59333,8,59338,0,ok,"",2026-07-20 15:09:30.453865+00
62685,DOGEUSDT,snapshot,orderbook,,100,,0,ok,"",2026-07-20 15:09:22.739621+00
62684,BNBUSDT,snapshot,orderbook,,100,,0,ok,"",2026-07-20 15:09:20.824351+00
62683,XRPUSDT,snapshot,orderbook,,100,,0,ok,"",2026-07-20 15:09:18.764082+00
62682,SOLUSDT,snapshot,orderbook,,100,,0,ok,"",2026-07-20 15:09:16.961683+00
62681,ETHUSDT,snapshot,orderbook,,100,,0,ok,"",2026-07-20 15:09:14.757529+00
62680,BTCUSDT,snapshot,orderbook,,100,,0,ok,"",2026-07-20 15:09:13.242626+00
62679,DOGEUSDT,1h,open_interest_1h,31213,200,31213,0,ok,"",2026-07-20 15:09:11.187899+00
62678,BNBUSDT,1h,open_interest_1h,31213,200,31213,0,ok,"",2026-07-20 15:09:09.214447+00
62677,XRPUSDT,1h,open_interest_1h,31213,200,31213,0,ok,"",2026-07-20 15:09:06.340274+00
62676,SOLUSDT,1h,open_interest_1h,31213,200,31213,0,ok,"",2026-07-20 15:09:04.446137+00
62675,ETHUSDT,1h,open_interest_1h,31213,200,31213,0,ok,"",2026-07-20 15:09:02.474217+00
62674,BTCUSDT,1h,open_interest_1h,31213,200,31213,0,ok,"",2026-07-20 15:09:00.627267+00
62673,DOGEUSDT,8h,funding_rate,3926,200,3926,0,ok,"",2026-07-20 15:08:58.063825+00
62672,BNBUSDT,8h,funding_rate,3926,200,3926,0,ok,"",2026-07-20 15:08:56.125144+00
62671,XRPUSDT,8h,funding_rate,3926,200,3926,0,ok,"",2026-07-20 15:08:54.018884+00
62670,SOLUSDT,8h,funding_rate,3926,200,3926,0,ok,"",2026-07-20 15:08:52.015193+00
62669,ETHUSDT,8h,funding_rate,3926,200,3926,0,ok,"",2026-07-20 15:08:50.504185+00
62668,BTCUSDT,8h,funding_rate,3926,200,3926,0,ok,"",2026-07-20 15:08:48.162484+00
62667,DOGEUSDT,1h,ohlcv,31120,3,31120,0,ok,"",2026-07-20 15:08:46.620666+00
62666,DOGEUSDT,1m,ohlcv,59330,8,59335,0,ok,"",2026-07-20 15:08:27.747861+00
62665,BNBUSDT,1h,ohlcv,31120,3,31120,0,ok,"",2026-07-20 15:08:08.124628+00
62664,XRPUSDT,1h,ohlcv,31120,3,31120,0,ok,"",2026-07-20 15:07:31.826676+00
62663,BNBUSDT,1m,ohlcv,59329,8,59334,0,ok,"",2026-07-20 15:07:15.917963+00
62662,SOLUSDT,1h,ohlcv,31120,3,31120,0,ok,"",2026-07-20 15:06:55.170854+00
62661,ETHUSDT,1h,ohlcv,31120,3,31120,0,ok,"",2026-07-20 15:06:20.356128+00
62660,XRPUSDT,1m,ohlcv,59326,9,59332,0,quarantined,Data is stale: last candle 2 min ago,2026-07-20 15:06:07.624886+00
62659,BTCUSDT,1h,ohlcv,31120,3,31120,0,ok,"",2026-07-20 15:05:42.7129+00
62658,DOGEUSDT,"4h,1h,30m,15m,5m,1d",enrich,,,,0,ok,"",2026-07-20 15:05:03.221023+00
62657,SOLUSDT,1m,ohlcv,59326,8,59331,0,ok,"",2026-07-20 15:04:55.723936+00
62656,BNBUSDT,"4h,1h,30m,15m,5m,1d",enrich,,,,0,ok,"",2026-07-20 15:04:32.438789+00
62655,XRPUSDT,"4h,1h,30m,15m,5m,1d",enrich,,,,0,ok,"",2026-07-20 15:04:06.691859+00
62654,ETHUSDT,1m,ohlcv,56136,8,56141,0,ok,"",2026-07-20 15:03:53.491846+00
62653,SOLUSDT,"4h,1h,30m,15m,5m,1d",enrich,,,,0,ok,"",2026-07-20 15:03:36.197868+00
62652,ETHUSDT,"4h,1h,30m,15m,5m,1d",enrich,,,,0,ok,"",2026-07-20 15:03:05.163847+00
62651,BTCUSDT,1m,ohlcv,59326,8,59331,0,ok,"",2026-07-20 15:02:49.58992+00
62650,BTCUSDT,"4h,1h,30m,15m,5m,1d",enrich,,,,0,ok,"",2026-07-20 15:02:35.64254+00
62649,DOGEUSDT,30m,ohlcv,62238,4,62239,0,ok,"",2026-07-20 15:02:05.818716+00
62648,DOGEUSDT,1m,ohlcv,59323,8,59328,0,ok,"",2026-07-20 15:01:44.114884+00
62647,BNBUSDT,30m,ohlcv,62238,3,62238,0,ok,"",2026-07-20 15:00:48.618538+00
62646,BNBUSDT,1m,ohlcv,59322,8,59327,0,ok,"",2026-07-20 15:00:35.239711+00
62645,XRPUSDT,30m,ohlcv,62238,3,62238,0,ok,"",2026-07-20 14:59:33.298458+00
62644,XRPUSDT,1m,ohlcv,59319,10,59326,0,ok,"",2026-07-20 14:59:30.989084+00
62643,SOLUSDT,30m,ohlcv,62238,3,62238,0,ok,"",2026-07-20 14:58:19.560466+00
62642,SOLUSDT,1m,ohlcv,59319,9,59325,0,ok,"",2026-07-20 14:58:16.960305+00
62641,ETHUSDT,1m,ohlcv,56129,9,56135,0,ok,"",2026-07-20 14:57:16.211165+00
62640,ETHUSDT,30m,ohlcv,62238,3,62238,0,ok,"",2026-07-20 14:57:14.91828+00
62639,BTCUSDT,1m,ohlcv,59319,9,59325,0,ok,"",2026-07-20 14:56:18.082161+00
62638,BTCUSDT,30m,ohlcv,62238,3,62238,0,ok,"",2026-07-20 14:56:07.795526+00
62637,DOGEUSDT,1m,ohlcv,59316,8,59321,0,quarantined,Data is stale: last candle 2 min ago,2026-07-20 14:55:10.546413+00
62636,DOGEUSDT,15m,ohlcv,124476,3,124476,0,ok,"",2026-07-20 14:54:55.570107+00
62635,BNBUSDT,1m,ohlcv,59315,8,59320,0,ok,"",2026-07-20 14:53:58.079721+00
62634,XRPUSDT,1m,ohlcv,59314,8,59319,0,ok,"",2026-07-20 14:52:49.662757+00
62633,BNBUSDT,15m,ohlcv,124476,3,124476,0,ok,"",2026-07-20 14:52:24.612476+00
62632,SOLUSDT,1m,ohlcv,59313,8,59318,0,ok,"",2026-07-20 14:51:46.99237+00
62631,ETHUSDT,1m,ohlcv,56123,8,56128,0,ok,"",2026-07-20 14:50:42.955853+00
62630,XRPUSDT,15m,ohlcv,124475,4,124476,0,ok,"",2026-07-20 14:50:13.086933+00
62629,BTCUSDT,1m,ohlcv,59313,8,59318,0,ok,"",2026-07-20 14:49:43.854992+00
62628,DOGEUSDT,1m,ohlcv,59310,8,59315,0,ok,"",2026-07-20 14:48:40.743319+00
62627,SOLUSDT,15m,ohlcv,124475,4,124476,0,ok,"",2026-07-20 14:47:59.129778+00
62626,BNBUSDT,1m,ohlcv,59309,8,59314,0,ok,"",2026-07-20 14:47:36.851547+00
62625,XRPUSDT,1m,ohlcv,59308,8,59313,0,ok,"",2026-07-20 14:46:37.481288+00
62624,ETHUSDT,15m,ohlcv,124475,3,124475,0,ok,"",2026-07-20 14:45:52.246541+00
62623,SOLUSDT,1m,ohlcv,59307,8,59312,0,ok,"",2026-07-20 14:45:36.24776+00
62622,ETHUSDT,1m,ohlcv,56116,9,56122,0,ok,"",2026-07-20 14:44:33.655209+00
62621,BTCUSDT,15m,ohlcv,124475,3,124475,0,ok,"",2026-07-20 14:43:38.020252+00
62620,BTCUSDT,1m,ohlcv,59306,9,59312,0,ok,"",2026-07-20 14:43:36.308879+00
62619,DOGEUSDT,1m,ohlcv,59303,9,59309,0,ok,"",2026-07-20 14:42:37.026366+00
62618,DOGEUSDT,5m,ohlcv,373411,15,373423,0,quarantined,Data is stale: last candle 12 min ago,2026-07-20 14:41:32.848309+00
62617,BNBUSDT,1m,ohlcv,59302,9,59308,0,ok,"",2026-07-20 14:41:31.395497+00
62616,XRPUSDT,1m,ohlcv,59301,9,59307,0,ok,"",2026-07-20 14:40:29.717845+00
62615,SOLUSDT,1m,ohlcv,59300,9,59306,0,ok,"",2026-07-20 14:39:30.86368+00
62614,ETHUSDT,1m,ohlcv,56110,9,56116,0,ok,"",2026-07-20 14:38:27.801536+00
62613,BTCUSDT,1m,ohlcv,59300,9,59306,0,ok,"",2026-07-20 14:37:29.833131+00
62612,DOGEUSDT,1m,ohlcv,59297,9,59303,0,ok,"",2026-07-20 14:36:25.965685+00
62611,BNBUSDT,1m,ohlcv,59296,9,59302,0,ok,"",2026-07-20 14:35:21.490089+00
62610,BNBUSDT,5m,ohlcv,373410,15,373422,0,ok,"",2026-07-20 14:34:52.969284+00
62609,XRPUSDT,1m,ohlcv,59295,9,59301,0,ok,"",2026-07-20 14:34:19.094577+00
62608,SOLUSDT,1m,ohlcv,59294,9,59300,0,ok,"",2026-07-20 14:33:16.189296+00
62607,ETHUSDT,1m,ohlcv,56104,9,56110,0,ok,"",2026-07-20 14:32:15.225867+00
62606,BTCUSDT,1m,ohlcv,59294,9,59300,0,ok,"",2026-07-20 14:31:17.740049+00
62605,DOGEUSDT,1m,ohlcv,59291,9,59297,0,ok,"",2026-07-20 14:30:16.679165+00
62604,BNBUSDT,1m,ohlcv,59289,10,59296,0,ok,"",2026-07-20 14:29:11.670048+00
62603,XRPUSDT,5m,ohlcv,373409,15,373421,0,ok,"",2026-07-20 14:28:26.805149+00
62602,XRPUSDT,1m,ohlcv,59288,10,59295,0,ok,"",2026-07-20 14:28:05.740048+00
62601,SOLUSDT,1m,ohlcv,59287,10,59294,0,ok,"",2026-07-20 14:27:03.8952+00
62600,ETHUSDT,1m,ohlcv,56098,9,56104,0,ok,"",2026-07-20 14:26:03.886355+00
62599,BTCUSDT,1m,ohlcv,59287,10,59294,0,ok,"",2026-07-20 14:25:06.254666+00
62598,DOGEUSDT,1m,ohlcv,59284,9,59290,0,quarantined,Data is stale: last candle 2 min ago,2026-07-20 14:24:00.917346+00
62597,BNBUSDT,1m,ohlcv,59283,9,59289,0,ok,"",2026-07-20 14:22:52.109152+00
62596,SOLUSDT,5m,ohlcv,373400,23,373420,0,ok,"",2026-07-20 14:21:54.513219+00
62595,XRPUSDT,1m,ohlcv,59282,9,59288,0,ok,"",2026-07-20 14:21:50.53825+00
62594,SOLUSDT,1m,ohlcv,59281,9,59287,0,ok,"",2026-07-20 14:20:51.250399+00
62593,ETHUSDT,1m,ohlcv,56091,9,56097,0,ok,"",2026-07-20 14:19:48.051848+00
62592,BTCUSDT,1m,ohlcv,59281,9,59287,0,ok,"",2026-07-20 14:18:47.691835+00
62591,DOGEUSDT,1m,ohlcv,59278,9,59284,0,ok,"",2026-07-20 14:17:42.378347+00
62590,BNBUSDT,1m,ohlcv,59277,9,59283,0,ok,"",2026-07-20 14:16:35.251008+00
62589,XRPUSDT,1m,ohlcv,59276,9,59282,0,ok,"",2026-07-20 14:15:35.129591+00
62588,ETHUSDT,5m,ohlcv,373406,15,373418,0,quarantined,Data is stale: last candle 10 min ago,2026-07-20 14:15:25.703245+00
62587,SOLUSDT,1m,ohlcv,59275,9,59281,0,ok,"",2026-07-20 14:14:32.644599+00
62586,ETHUSDT,1m,ohlcv,56085,9,56091,0,ok,"",2026-07-20 14:13:28.364089+00
62585,BTCUSDT,1m,ohlcv,59275,9,59281,0,ok,"",2026-07-20 14:12:33.514776+00
62584,DOGEUSDT,1m,ohlcv,59272,9,59278,0,ok,"",2026-07-20 14:11:32.045058+00
62583,BNBUSDT,1m,ohlcv,59271,9,59277,0,ok,"",2026-07-20 14:10:24.568223+00
62582,XRPUSDT,1m,ohlcv,59270,9,59276,0,ok,"",2026-07-20 14:09:23.420389+00
62581,BTCUSDT,5m,ohlcv,373405,15,373417,0,ok,"",2026-07-20 14:09:13.60385+00
62580,SOLUSDT,1m,ohlcv,59269,9,59275,0,ok,"",2026-07-20 14:08:13.924799+00
62579,ETHUSDT,1m,ohlcv,56079,9,56085,0,ok,"",2026-07-20 14:07:10.068869+00
62578,BTCUSDT,1m,ohlcv,59269,9,59275,0,ok,"",2026-07-20 14:06:13.454535+00
62577,DOGEUSDT,1m,ohlcv,59266,9,59272,0,ok,"",2026-07-20 14:05:10.052852+00
62576,BNBUSDT,1m,ohlcv,59265,9,59271,0,ok,"",2026-07-20 14:04:04.641697+00
62575,XRPUSDT,1m,ohlcv,59264,8,59269,0,quarantined,Data is stale: last candle 2 min ago,2026-07-20 14:03:01.367962+00
62574,DOGEUSDT,snapshot,orderbook,,100,,0,ok,"",2026-07-20 14:02:42.112861+00
62573,BNBUSDT,snapshot,orderbook,,100,,0,ok,"",2026-07-20 14:02:40.108601+00
62572,XRPUSDT,snapshot,orderbook,,100,,0,ok,"",2026-07-20 14:02:37.978934+00
62571,SOLUSDT,snapshot,orderbook,,100,,0,ok,"",2026-07-20 14:02:36.016572+00
62570,ETHUSDT,snapshot,orderbook,,100,,0,ok,"",2026-07-20 14:02:34.029058+00
62569,BTCUSDT,snapshot,orderbook,,100,,0,ok,"",2026-07-20 14:02:31.967943+00
62568,DOGEUSDT,"4h,1h,30m,15m,5m,1d",enrich,,,,0,ok,"",2026-07-20 14:02:30.432517+00
62567,SOLUSDT,1m,ohlcv,59263,8,59268,0,ok,"",2026-07-20 14:01:59.711053+00
62566,BNBUSDT,"4h,1h,30m,15m,5m,1d",enrich,,,,0,ok,"",2026-07-20 14:01:58.354546+00
62565,XRPUSDT,"4h,1h,30m,15m,5m,1d",enrich,,,,0,ok,"",2026-07-20 14:01:27.770891+00
62564,SOLUSDT,"4h,1h,30m,15m,5m,1d",enrich,,,,0,ok,"",2026-07-20 14:00:58.293091+00
62563,ETHUSDT,1m,ohlcv,56073,8,56078,0,ok,"",2026-07-20 14:00:57.757+00
62562,ETHUSDT,"4h,1h,30m,15m,5m,1d",enrich,,,,0,ok,"",2026-07-20 14:00:31.574323+00
62561,BTCUSDT,"4h,1h,30m,15m,5m,1d",enrich,,,,0,ok,"",2026-07-20 14:00:03.310393+00
62560,BTCUSDT,1m,ohlcv,59263,8,59268,0,ok,"",2026-07-20 13:59:55.013064+00
62559,DOGEUSDT,30m,ohlcv,62236,3,62236,0,ok,"",2026-07-20 13:59:33.436434+00
62558,DOGEUSDT,1m,ohlcv,59259,9,59265,0,ok,"",2026-07-20 13:58:51.648173+00
62557,BNBUSDT,30m,ohlcv,62236,3,62236,0,ok,"",2026-07-20 13:58:19.167679+00
62556,BNBUSDT,1m,ohlcv,59258,9,59264,0,ok,"",2026-07-20 13:57:45.050213+00
62555,XRPUSDT,30m,ohlcv,62236,3,62236,0,ok,"",2026-07-20 13:57:08.721299+00
62554,XRPUSDT,1m,ohlcv,59257,9,59263,0,ok,"",2026-07-20 13:56:48.271244+00
62553,SOLUSDT,30m,ohlcv,62236,3,62236,0,ok,"",2026-07-20 13:56:04.594234+00
62552,SOLUSDT,1m,ohlcv,59256,9,59262,0,ok,"",2026-07-20 13:55:44.40604+00
62551,ETHUSDT,30m,ohlcv,62236,3,62236,0,ok,"",2026-07-20 13:54:59.598931+00
62550,ETHUSDT,1m,ohlcv,56066,9,56072,0,ok,"",2026-07-20 13:54:44.894069+00
62549,BTCUSDT,30m,ohlcv,62236,3,62236,0,ok,"",2026-07-20 13:53:52.786794+00
62548,BTCUSDT,1m,ohlcv,59256,9,59262,0,ok,"",2026-07-20 13:53:48.265939+00
62547,DOGEUSDT,15m,ohlcv,124471,4,124472,0,ok,"",2026-07-20 13:52:48.018858+00
62546,DOGEUSDT,1m,ohlcv,59253,9,59259,0,ok,"",2026-07-20 13:52:43.602128+00
62545,BNBUSDT,1m,ohlcv,59252,9,59258,0,ok,"",2026-07-20 13:51:39.642129+00
62544,XRPUSDT,1m,ohlcv,59251,9,59257,0,ok,"",2026-07-20 13:50:37.955628+00
62543,BNBUSDT,15m,ohlcv,124471,4,124472,0,ok,"",2026-07-20 13:50:34.023601+00
62542,SOLUSDT,1m,ohlcv,59250,9,59256,0,ok,"",2026-07-20 13:49:40.23557+00
62541,ETHUSDT,1m,ohlcv,56060,9,56066,0,ok,"",2026-07-20 13:48:42.937799+00
62540,XRPUSDT,15m,ohlcv,124471,4,124472,0,ok,"",2026-07-20 13:48:29.301783+00
62539,BTCUSDT,1m,ohlcv,59250,9,59256,0,ok,"",2026-07-20 13:47:43.895072+00
62538,DOGEUSDT,1m,ohlcv,59247,9,59253,0,ok,"",2026-07-20 13:46:37.320201+00
62537,SOLUSDT,15m,ohlcv,124471,3,124471,0,ok,"",2026-07-20 13:46:12.836221+00
62536,BNBUSDT,1m,ohlcv,59246,9,59252,0,ok,"",2026-07-20 13:45:32.038734+00
62535,XRPUSDT,1m,ohlcv,59245,9,59251,0,ok,"",2026-07-20 13:44:32.038963+00
62534,ETHUSDT,15m,ohlcv,124471,3,124471,0,ok,"",2026-07-20 13:44:03.330099+00
62533,SOLUSDT,1m,ohlcv,59244,9,59250,0,ok,"",2026-07-20 13:43:33.462082+00
62532,ETHUSDT,1m,ohlcv,56054,9,56060,0,ok,"",2026-07-20 13:42:34.408087+00
62531,BTCUSDT,15m,ohlcv,124470,4,124471,0,ok,"",2026-07-20 13:41:57.707645+00
62530,BTCUSDT,1m,ohlcv,59244,9,59250,0,ok,"",2026-07-20 13:41:37.385997+00
62529,DOGEUSDT,1m,ohlcv,59241,9,59247,0,ok,"",2026-07-20 13:40:31.474284+00
62528,DOGEUSDT,5m,ohlcv,373409,5,373411,0,ok,"",2026-07-20 13:39:46.812495+00
62527,BNBUSDT,1m,ohlcv,59239,10,59246,0,ok,"",2026-07-20 13:39:23.852127+00
62526,XRPUSDT,1m,ohlcv,59238,10,59245,0,ok,"",2026-07-20 13:38:21.992538+00
62525,SOLUSDT,1m,ohlcv,59237,10,59244,0,ok,"",2026-07-20 13:37:17.300259+00
62524,ETHUSDT,1m,ohlcv,56047,10,56054,0,ok,"",2026-07-20 13:36:16.696442+00
62523,BTCUSDT,1m,ohlcv,59237,10,59244,0,ok,"",2026-07-20 13:35:11.587482+00
62522,DOGEUSDT,1m,ohlcv,59234,10,59241,0,ok,"",2026-07-20 13:34:10.79392+00
62521,BNBUSDT,1m,ohlcv,59233,9,59239,0,quarantined,Data is stale: last candle 2 min ago,2026-07-20 13:33:01.249094+00
62520,BNBUSDT,5m,ohlcv,373408,5,373410,0,ok,"",2026-07-20 13:32:44.151463+00
62519,XRPUSDT,1m,ohlcv,59232,9,59238,0,ok,"",2026-07-20 13:31:59.640553+00
62518,SOLUSDT,1m,ohlcv,59231,9,59237,0,ok,"",2026-07-20 13:30:59.56653+00
62517,ETHUSDT,1m,ohlcv,56041,9,56047,0,ok,"",2026-07-20 13:29:51.573046+00
62516,BTCUSDT,1m,ohlcv,59232,8,59237,0,ok,"",2026-07-20 13:28:56.239095+00
62515,DOGEUSDT,1m,ohlcv,59228,9,59234,0,ok,"",2026-07-20 13:27:54.441356+00
62514,BNBUSDT,1m,ohlcv,59228,8,59233,0,ok,"",2026-07-20 13:26:51.851036+00
62513,XRPUSDT,5m,ohlcv,373407,5,373409,0,ok,"",2026-07-20 13:26:23.818553+00
62512,XRPUSDT,1m,ohlcv,59226,9,59232,0,ok,"",2026-07-20 13:25:51.484774+00
62511,SOLUSDT,1m,ohlcv,59226,8,59231,0,ok,"",2026-07-20 13:24:47.432086+00
62510,ETHUSDT,1m,ohlcv,56036,8,56041,0,ok,"",2026-07-20 13:23:48.499279+00
62509,BTCUSDT,1m,ohlcv,59225,10,59232,0,ok,"",2026-07-20 13:22:54.421073+00
62508,DOGEUSDT,1m,ohlcv,59222,9,59228,0,quarantined,Data is stale: last candle 2 min ago,2026-07-20 13:22:00.504848+00
62507,BNBUSDT,1m,ohlcv,59221,10,59228,0,ok,"",2026-07-20 13:20:57.055677+00
62506,SOLUSDT,5m,ohlcv,373400,10,373407,0,quarantined,Data is stale: last candle 10 min ago,2026-07-20 13:20:23.945977+00
62505,XRPUSDT,1m,ohlcv,59221,8,59226,0,quarantined,Data is stale: last candle 2 min ago,2026-07-20 13:20:00.759831+00
62504,SOLUSDT,1m,ohlcv,59220,9,59226,0,ok,"",2026-07-20 13:18:58.106714+00
62503,ETHUSDT,1m,ohlcv,56030,9,56036,0,ok,"",2026-07-20 13:18:01.22339+00
62502,BTCUSDT,1m,ohlcv,59220,8,59225,0,quarantined,Data is stale: last candle 2 min ago,2026-07-20 13:17:02.7209+00
62501,DOGEUSDT,1m,ohlcv,59216,9,59222,0,ok,"",2026-07-20 13:15:59.022366+00
62500,BNBUSDT,1m,ohlcv,59215,9,59221,0,ok,"",2026-07-20 13:14:57.591499+00
62499,ETHUSDT,5m,ohlcv,373404,5,373406,0,ok,"",2026-07-20 13:14:23.380121+00
62498,XRPUSDT,1m,ohlcv,59214,10,59221,0,ok,"",2026-07-20 13:13:58.049446+00
62497,SOLUSDT,1m,ohlcv,59214,9,59220,0,ok,"",2026-07-20 13:13:01.215606+00
62496,ETHUSDT,1m,ohlcv,56024,9,56030,0,ok,"",2026-07-20 13:12:02.920181+00
62495,BTCUSDT,1m,ohlcv,59214,9,59220,0,ok,"",2026-07-20 13:11:08.49674+00
62494,DOGEUSDT,1m,ohlcv,59211,8,59216,0,quarantined,Data is stale: last candle 2 min ago,2026-07-20 13:10:06.340901+00
62493,BNBUSDT,1m,ohlcv,59210,8,59215,0,ok,"",2026-07-20 13:08:52.337944+00
62492,BTCUSDT,5m,ohlcv,373403,5,373405,0,ok,"",2026-07-20 13:08:15.947842+00
62491,XRPUSDT,1m,ohlcv,59209,8,59214,0,ok,"",2026-07-20 13:07:55.846303+00
62490,SOLUSDT,1m,ohlcv,59208,9,59214,0,ok,"",2026-07-20 13:06:58.343109+00
62489,ETHUSDT,1m,ohlcv,56018,9,56024,0,ok,"",2026-07-20 13:06:01.364684+00
62488,BTCUSDT,1m,ohlcv,59208,9,59214,0,ok,"",2026-07-20 13:05:02.784938+00
62487,DOGEUSDT,1m,ohlcv,59205,9,59211,0,ok,"",2026-07-20 13:04:07.002388+00
62486,BNBUSDT,1m,ohlcv,59204,9,59210,0,ok,"",2026-07-20 13:03:00.265874+00
62485,DOGEUSDT,snapshot,orderbook,,100,,0,ok,"",2026-07-20 13:02:15.797906+00
62484,BNBUSDT,snapshot,orderbook,,100,,0,ok,"",2026-07-20 13:02:13.811027+00
62483,XRPUSDT,snapshot,orderbook,,100,,0,ok,"",2026-07-20 13:02:11.751013+00
62482,SOLUSDT,snapshot,orderbook,,100,,0,ok,"",2026-07-20 13:02:09.768785+00
62481,ETHUSDT,snapshot,orderbook,,100,,0,ok,"",2026-07-20 13:02:07.749404+00
62480,BTCUSDT,snapshot,orderbook,,100,,0,ok,"",2026-07-20 13:02:05.743912+00
62479,DOGEUSDT,5m,ohlcv,373397,10,373404,0,ok,"",2026-07-20 13:02:04.197201+00
62478,XRPUSDT,1m,ohlcv,59203,9,59209,0,ok,"",2026-07-20 13:02:02.042193+00
62477,SOLUSDT,1m,ohlcv,59202,9,59208,0,ok,"",2026-07-20 13:01:04.265242+00
62476,ETHUSDT,1m,ohlcv,56012,9,56018,0,ok,"",2026-07-20 13:00:02.203891+00
62475,BTCUSDT,1m,ohlcv,59202,9,59208,0,ok,"",2026-07-20 12:59:06.588945+00
62474,DOGEUSDT,1m,ohlcv,59199,9,59205,0,ok,"",2026-07-20 12:58:06.123335+00
62473,BNBUSDT,1m,ohlcv,59198,9,59204,0,ok,"",2026-07-20 12:57:05.79585+00
62472,XRPUSDT,1m,ohlcv,59197,9,59203,0,ok,"",2026-07-20 12:56:08.291847+00
62471,BNBUSDT,5m,ohlcv,373396,9,373402,0,quarantined,Data is stale: last candle 11 min ago,2026-07-20 12:55:35.667239+00
62470,SOLUSDT,1m,ohlcv,59196,9,59202,0,ok,"",2026-07-20 12:55:07.590152+00
62469,ETHUSDT,1m,ohlcv,56006,9,56012,0,ok,"",2026-07-20 12:54:10.493605+00
62468,BTCUSDT,1m,ohlcv,59196,9,59202,0,ok,"",2026-07-20 12:53:15.599132+00
62467,DOGEUSDT,1m,ohlcv,59193,9,59199,0,ok,"",2026-07-20 12:52:16.89908+00
62466,BNBUSDT,1m,ohlcv,59192,9,59198,0,ok,"",2026-07-20 12:51:24.640672+00
62465,XRPUSDT,1m,ohlcv,59191,9,59197,0,ok,"",2026-07-20 12:50:26.848492+00
62464,XRPUSDT,5m,ohlcv,373391,13,373401,0,ok,"",2026-07-20 12:49:45.431049+00
62463,SOLUSDT,1m,ohlcv,59190,9,59196,0,ok,"",2026-07-20 12:49:25.267259+00
62462,ETHUSDT,1m,ohlcv,56000,9,56006,0,ok,"",2026-07-20 12:48:29.272025+00
62461,BTCUSDT,1m,ohlcv,59190,9,59196,0,ok,"",2026-07-20 12:47:33.973839+00
62460,DOGEUSDT,1m,ohlcv,59187,9,59193,0,ok,"",2026-07-20 12:46:38.88473+00
62459,BNBUSDT,1m,ohlcv,59191,4,59192,0,ok,"",2026-07-20 12:45:38.420133+00
62458,XRPUSDT,1m,ohlcv,59190,4,59191,0,ok,"",2026-07-20 12:44:37.378634+00
62457,SOLUSDT,5m,ohlcv,373393,10,373400,0,ok,"",2026-07-20 12:43:43.010852+00
62456,SOLUSDT,1m,ohlcv,59189,4,59190,0,ok,"",2026-07-20 12:43:41.315659+00
62455,ETHUSDT,1m,ohlcv,55999,4,56000,0,ok,"",2026-07-20 12:42:40.067025+00
62454,BTCUSDT,1m,ohlcv,59189,4,59190,0,ok,"",2026-07-20 12:41:42.945085+00
62453,DOGEUSDT,1m,ohlcv,59186,4,59187,0,ok,"",2026-07-20 12:40:46.960796+00
62452,BNBUSDT,1m,ohlcv,59185,4,59186,0,ok,"",2026-07-20 12:39:41.952259+00
62451,XRPUSDT,1m,ohlcv,59184,4,59185,0,ok,"",2026-07-20 12:38:44.847173+00
62450,SOLUSDT,1m,ohlcv,59183,4,59184,0,ok,"",2026-07-20 12:37:45.375984+00
62449,ETHUSDT,5m,ohlcv,373392,10,373399,0,ok,"",2026-07-20 12:37:39.981659+00
62448,ETHUSDT,1m,ohlcv,55993,4,55994,0,ok,"",2026-07-20 12:36:40.440048+00
62447,BTCUSDT,1m,ohlcv,59183,4,59184,0,ok,"",2026-07-20 12:35:47.661855+00
62446,DOGEUSDT,1m,ohlcv,59180,4,59181,0,ok,"",2026-07-20 12:34:47.722482+00
62445,BNBUSDT,1m,ohlcv,59179,4,59180,0,ok,"",2026-07-20 12:33:40.211176+00
62444,XRPUSDT,1m,ohlcv,59178,4,59179,0,ok,"",2026-07-20 12:32:43.109759+00
62443,SOLUSDT,1m,ohlcv,59177,4,59178,0,ok,"",2026-07-20 12:31:42.015329+00
62442,BTCUSDT,5m,ohlcv,373384,17,373398,0,ok,"",2026-07-20 12:31:30.633871+00
62441,ETHUSDT,1m,ohlcv,55987,4,55988,0,ok,"",2026-07-20 12:30:48.440398+00
62440,BTCUSDT,1m,ohlcv,59177,4,59178,0,ok,"",2026-07-20 12:29:52.631702+00
62439,DOGEUSDT,1m,ohlcv,59174,4,59175,0,ok,"",2026-07-20 12:28:54.126836+00
62438,BNBUSDT,1m,ohlcv,59173,4,59174,0,ok,"",2026-07-20 12:27:53.950977+00
62437,XRPUSDT,1m,ohlcv,59172,4,59173,0,ok,"",2026-07-20 12:26:57.795051+00
62436,SOLUSDT,1m,ohlcv,59171,5,59173,0,ok,"",2026-07-20 12:25:57.17887+00
62435,DOGEUSDT,snapshot,orderbook,,100,,0,ok,"",2026-07-20 12:25:21.425492+00
62434,BNBUSDT,snapshot,orderbook,,100,,0,ok,"",2026-07-20 12:25:19.38373+00
62433,XRPUSDT,snapshot,orderbook,,100,,0,ok,"",2026-07-20 12:25:17.354317+00
62432,SOLUSDT,snapshot,orderbook,,100,,0,ok,"",2026-07-20 12:25:15.40858+00
62431,ETHUSDT,snapshot,orderbook,,100,,0,ok,"",2026-07-20 12:25:13.483894+00
62430,BTCUSDT,snapshot,orderbook,,100,,0,ok,"",2026-07-20 12:25:11.407946+00
62429,ETHUSDT,1m,ohlcv,55982,4,55983,0,ok,"",2026-07-20 12:25:06.962731+00
62428,BTCUSDT,1m,ohlcv,59172,4,59173,0,ok,"",2026-07-20 12:24:24.97855+00
62427,DOGEUSDT,1m,ohlcv,59169,4,59170,0,ok,"",2026-07-20 12:23:39.873796+00
62426,BNBUSDT,1m,ohlcv,59168,5,59170,0,ok,"",2026-07-20 12:22:53.487098+00
62425,DOGEUSDT,"4h,1h,30m,15m,5m,1d",enrich,,,,0,ok,"",2026-07-20 12:22:19.651332+00
62424,XRPUSDT,1m,ohlcv,59167,5,59169,0,ok,"",2026-07-20 12:22:05.775853+00
62423,DOGEUSDT,snapshot,orderbook,,100,,0,ok,"",2026-07-20 12:21:52.387639+00
62422,DOGEUSDT,1h,open_interest_1h,31209,200,31210,0,ok,"",2026-07-20 12:21:51.022674+00
62421,DOGEUSDT,8h,funding_rate,3926,200,3926,0,ok,"",2026-07-20 12:21:48.680881+00
62420,DOGEUSDT,1d,ohlcv,566,3,566,0,ok,"",2026-07-20 12:21:47.158094+00
62419,DOGEUSDT,5m,ohlcv,373383,16,373396,0,ok,"",2026-07-20 12:21:45.518406+00
62418,SOLUSDT,1m,ohlcv,59166,5,59168,0,ok,"",2026-07-20 12:21:00.973513+00
62417,ETHUSDT,1m,ohlcv,55976,5,55978,0,ok,"",2026-07-20 12:20:00.726924+00
62416,BTCUSDT,1m,ohlcv,59166,4,59167,0,quarantined,Data is stale: last candle 2 min ago,2026-07-20 12:19:03.359874+00
62415,DOGEUSDT,1m,ohlcv,59163,4,59164,0,ok,"",2026-07-20 12:17:58.619439+00
62414,BNBUSDT,1m,ohlcv,59162,4,59163,0,ok,"",2026-07-20 12:16:53.882759+00
62413,XRPUSDT,1m,ohlcv,59161,4,59162,0,ok,"",2026-07-20 12:15:53.96227+00
62412,DOGEUSDT,15m,ohlcv,124463,5,124465,0,ok,"",2026-07-20 12:15:06.189704+00
62411,SOLUSDT,1m,ohlcv,59160,4,59161,0,ok,"",2026-07-20 12:14:55.270166+00
62410,ETHUSDT,1m,ohlcv,55970,4,55971,0,ok,"",2026-07-20 12:13:57.631234+00
62409,BTCUSDT,1m,ohlcv,59160,4,59161,0,ok,"",2026-07-20 12:12:57.3975+00
62408,DOGEUSDT,30m,ohlcv,62232,4,62233,0,ok,"",2026-07-20 12:12:54.426148+00
62407,DOGEUSDT,1m,ohlcv,59157,4,59158,0,ok,"",2026-07-20 12:11:58.228385+00
62406,DOGEUSDT,1h,ohlcv,31116,4,31117,0,ok,"",2026-07-20 12:11:47.052853+00
62405,DOGEUSDT,4h,ohlcv,7779,4,7780,0,ok,"",2026-07-20 12:11:12.417874+00
62404,BNBUSDT,"4h,1h,30m,15m,5m,1d",enrich,,,,0,ok,"",2026-07-20 12:11:02.358581+00
62403,BNBUSDT,1m,ohlcv,59151,9,59157,0,ok,"",2026-07-20 12:10:55.075682+00
62402,BNBUSDT,snapshot,orderbook,,100,,0,ok,"",2026-07-20 12:10:32.102549+00
62401,BNBUSDT,1h,open_interest_1h,31209,200,31210,0,ok,"",2026-07-20 12:10:30.748766+00
62400,BNBUSDT,8h,funding_rate,3926,200,3926,0,ok,"",2026-07-20 12:10:28.475857+00
62399,BNBUSDT,1d,ohlcv,566,3,566,0,ok,"",2026-07-20 12:10:26.670853+00
62398,BNBUSDT,5m,ohlcv,373364,32,373393,0,quarantined,Data is stale: last candle 10 min ago,2026-07-20 12:10:25.403667+00
62397,XRPUSDT,1m,ohlcv,59155,4,59156,0,ok,"",2026-07-20 12:09:52.773784+00
62396,SOLUSDT,1m,ohlcv,59154,4,59155,0,ok,"",2026-07-20 12:08:54.293632+00
62395,ETHUSDT,1m,ohlcv,55959,9,55965,0,ok,"",2026-07-20 12:07:50.988358+00
62394,BTCUSDT,1m,ohlcv,59153,5,59155,0,ok,"",2026-07-20 12:06:54.903063+00
62393,DOGEUSDT,1m,ohlcv,59150,5,59152,0,ok,"",2026-07-20 12:05:56.139096+00
62392,BNBUSDT,1m,ohlcv,59149,5,59151,0,ok,"",2026-07-20 12:04:49.279759+00
62391,BNBUSDT,15m,ohlcv,124462,6,124465,0,ok,"",2026-07-20 12:04:09.467213+00
62390,XRPUSDT,1m,ohlcv,59148,5,59150,0,ok,"",2026-07-20 12:03:49.530101+00
62389,SOLUSDT,1m,ohlcv,59147,5,59149,0,ok,"",2026-07-20 12:02:45.825502+00
62388,BNBUSDT,30m,ohlcv,62232,4,62233,0,ok,"",2026-07-20 12:01:59.197102+00
62387,ETHUSDT,1m,ohlcv,55957,5,55959,0,ok,"",2026-07-20 12:01:47.294936+00
62386,BNBUSDT,1h,ohlcv,31116,4,31117,0,ok,"",2026-07-20 12:00:56.776908+00
62385,BTCUSDT,1m,ohlcv,59147,5,59149,0,ok,"",2026-07-20 12:00:50.501199+00
62384,BNBUSDT,4h,ohlcv,7779,4,7780,0,ok,"",2026-07-20 12:00:21.813591+00
62383,XRPUSDT,"4h,1h,30m,15m,5m,1d",enrich,,,,0,ok,"",2026-07-20 12:00:09.876963+00
62382,DOGEUSDT,1m,ohlcv,59144,5,59146,0,ok,"",2026-07-20 11:59:43.68721+00
62381,XRPUSDT,snapshot,orderbook,,100,,0,ok,"",2026-07-20 11:59:42.219282+00
62380,XRPUSDT,1h,open_interest_1h,31209,200,31209,0,ok,"",2026-07-20 11:59:40.890863+00
62379,XRPUSDT,8h,funding_rate,3926,200,3926,0,ok,"",2026-07-20 11:59:38.21159+00
62378,XRPUSDT,1d,ohlcv,566,3,566,0,ok,"",2026-07-20 11:59:36.673141+00
62377,XRPUSDT,5m,ohlcv,373330,64,373391,0,ok,"",2026-07-20 11:59:35.184473+00
62376,BNBUSDT,1m,ohlcv,59143,5,59145,0,ok,"",2026-07-20 11:58:39.549499+00
62375,XRPUSDT,1m,ohlcv,59142,5,59144,0,ok,"",2026-07-20 11:57:35.904363+00
62374,SOLUSDT,1m,ohlcv,59141,5,59143,0,ok,"",2026-07-20 11:56:37.183075+00
62373,ETHUSDT,1m,ohlcv,55951,5,55953,0,ok,"",2026-07-20 11:55:37.576404+00
62372,BTCUSDT,1m,ohlcv,59141,5,59143,0,ok,"",2026-07-20 11:54:37.84665+00
62371,DOGEUSDT,1m,ohlcv,59138,5,59140,0,ok,"",2026-07-20 11:53:36.279423+00
62370,XRPUSDT,15m,ohlcv,124462,5,124464,0,ok,"",2026-07-20 11:53:15.375265+00
62369,BNBUSDT,1m,ohlcv,59137,5,59139,0,ok,"",2026-07-20 11:52:28.501304+00
62368,XRPUSDT,1m,ohlcv,59136,5,59138,0,ok,"",2026-07-20 11:51:27.787478+00
62367,XRPUSDT,30m,ohlcv,62232,3,62232,0,ok,"",2026-07-20 11:51:07.695583+00
62366,SOLUSDT,1m,ohlcv,59135,5,59137,0,ok,"",2026-07-20 11:50:30.104359+00
62365,XRPUSDT,1h,ohlcv,31116,3,31116,0,ok,"",2026-07-20 11:50:02.48129+00
62364,ETHUSDT,1m,ohlcv,55945,5,55947,0,ok,"",2026-07-20 11:49:24.523219+00
62363,XRPUSDT,4h,ohlcv,7779,3,7779,0,ok,"",2026-07-20 11:49:23.440025+00
62362,SOLUSDT,"4h,1h,30m,15m,5m,1d",enrich,,,,0,ok,"",2026-07-20 11:49:15.56991+00
62361,SOLUSDT,snapshot,orderbook,,100,,0,ok,"",2026-07-20 11:48:47.846988+00
62360,SOLUSDT,1h,open_interest_1h,31209,200,31209,0,ok,"",2026-07-20 11:48:46.361493+00
62359,SOLUSDT,8h,funding_rate,3926,200,3926,0,ok,"",2026-07-20 11:48:44.1741+00
62358,SOLUSDT,1d,ohlcv,566,3,566,0,ok,"",2026-07-20 11:48:43.000959+00
62357,SOLUSDT,5m,ohlcv,373365,27,373389,0,ok,"",2026-07-20 11:48:41.174706+00
62356,BTCUSDT,1m,ohlcv,59135,5,59137,0,ok,"",2026-07-20 11:48:33.316044+00
62355,DOGEUSDT,1m,ohlcv,59132,5,59134,0,ok,"",2026-07-20 11:47:37.274888+00
62354,BNBUSDT,1m,ohlcv,59127,9,59133,0,ok,"",2026-07-20 11:46:31.814879+00
62353,XRPUSDT,1m,ohlcv,59129,6,59132,0,ok,"",2026-07-20 11:45:32.525131+00
62352,SOLUSDT,1m,ohlcv,59128,6,59131,0,ok,"",2026-07-20 11:44:32.837819+00
62351,ETHUSDT,1m,ohlcv,55938,6,55941,0,ok,"",2026-07-20 11:43:32.557018+00
62350,BTCUSDT,1m,ohlcv,59128,6,59131,0,ok,"",2026-07-20 11:42:33.757641+00
62349,SOLUSDT,15m,ohlcv,124462,4,124463,0,ok,"",2026-07-20 11:42:27.261677+00
62348,DOGEUSDT,1m,ohlcv,59125,6,59128,0,ok,"",2026-07-20 11:41:30.672317+00
62347,BNBUSDT,1m,ohlcv,59124,6,59127,0,ok,"",2026-07-20 11:40:23.132165+00
62346,SOLUSDT,30m,ohlcv,62232,3,62232,0,ok,"",2026-07-20 11:40:13.778978+00
62345,XRPUSDT,1m,ohlcv,59119,10,59126,0,ok,"",2026-07-20 11:39:18.168762+00
62344,SOLUSDT,1h,ohlcv,31115,4,31116,0,ok,"",2026-07-20 11:39:02.409413+00
62343,SOLUSDT,4h,ohlcv,7778,4,7779,0,ok,"",2026-07-20 11:38:25.513136+00
62342,ETHUSDT,"4h,1h,30m,15m,5m,1d",enrich,,,,0,ok,"",2026-07-20 11:38:15.530578+00
62341,SOLUSDT,1m,ohlcv,59121,7,59125,0,ok,"",2026-07-20 11:38:08.981448+00
62340,ETHUSDT,snapshot,orderbook,,100,,0,ok,"",2026-07-20 11:37:44.323952+00
62339,ETHUSDT,1h,open_interest_1h,31208,200,31209,0,ok,"",2026-07-20 11:37:43.271708+00
62338,ETHUSDT,8h,funding_rate,3926,200,3926,0,ok,"",2026-07-20 11:37:40.839476+00
62337,ETHUSDT,1d,ohlcv,566,3,566,0,ok,"",2026-07-20 11:37:39.184179+00
62336,ETHUSDT,5m,ohlcv,373364,26,373387,0,ok,"",2026-07-20 11:37:37.513402+00
62335,ETHUSDT,1m,ohlcv,55931,6,55934,0,quarantined,Data is stale: last candle 2 min ago,2026-07-20 11:37:04.110783+00
62334,BTCUSDT,1m,ohlcv,59121,6,59124,0,quarantined,Data is stale: last candle 2 min ago,2026-07-20 11:36:00.196856+00
62333,DOGEUSDT,1m,ohlcv,59110,14,59121,0,ok,"",2026-07-20 11:34:52.161975+00
62332,BNBUSDT,1m,ohlcv,59116,7,59120,0,ok,"",2026-07-20 11:33:37.477657+00
62331,XRPUSDT,1m,ohlcv,59115,7,59119,0,ok,"",2026-07-20 11:32:19.614716+00
62330,SOLUSDT,1m,ohlcv,59110,10,59117,0,quarantined,Data is stale: last candle 2 min ago,2026-07-20 11:31:04.719829+00
62329,ETHUSDT,15m,ohlcv,124462,3,124462,0,ok,"",2026-07-20 11:29:59.589857+00
62328,ETHUSDT,1m,ohlcv,55923,7,55927,0,ok,"",2026-07-20 11:29:34.258454+00
62327,BTCUSDT,1m,ohlcv,59113,7,59117,0,ok,"",2026-07-20 11:28:17.801729+00
62326,ETHUSDT,30m,ohlcv,62230,4,62231,0,ok,"",2026-07-20 11:27:23.528176+00
62325,DOGEUSDT,1m,ohlcv,59110,6,59113,0,quarantined,Data is stale: last candle 2 min ago,2026-07-20 11:27:11.107469+00
62324,ETHUSDT,1h,ohlcv,31115,4,31116,0,ok,"",2026-07-20 11:25:46.753918+00
62323,BNBUSDT,1m,ohlcv,59105,10,59112,0,ok,"",2026-07-20 11:25:30.650455+00
62322,ETHUSDT,4h,ohlcv,7778,4,7779,0,ok,"",2026-07-20 11:24:53.070014+00
62321,BTCUSDT,"4h,1h,30m,15m,5m,1d",enrich,,,,0,ok,"",2026-07-20 11:24:40.107588+00
62320,BTCUSDT,snapshot,orderbook,,100,,0,ok,"",2026-07-20 11:24:13.753768+00
62319,BTCUSDT,1h,open_interest_1h,31208,200,31209,0,ok,"",2026-07-20 11:24:12.75288+00
62318,XRPUSDT,1m,ohlcv,59107,7,59111,0,ok,"",2026-07-20 11:24:11.257184+00
62317,BTCUSDT,8h,funding_rate,3926,200,3926,0,ok,"",2026-07-20 11:24:10.480189+00
62316,BTCUSDT,1d,ohlcv,566,3,566,0,ok,"",2026-07-20 11:24:08.5127+00
62315,BTCUSDT,5m,ohlcv,373374,13,373384,0,ok,"",2026-07-20 11:24:06.999826+00
62314,SOLUSDT,1m,ohlcv,59106,7,59110,0,ok,"",2026-07-20 11:23:06.841914+00
62313,ETHUSDT,1m,ohlcv,55916,7,55920,0,ok,"",2026-07-20 11:22:04.315118+00
62312,BTCUSDT,1m,ohlcv,59102,11,59110,0,ok,"",2026-07-20 11:21:02.877845+00
62311,DOGEUSDT,1m,ohlcv,59102,7,59106,0,quarantined,Data is stale: last candle 2 min ago,2026-07-20 11:20:01.85062+00
62310,BNBUSDT,1m,ohlcv,59101,7,59105,0,ok,"",2026-07-20 11:18:44.503644+00
62309,XRPUSDT,1m,ohlcv,59094,13,59104,0,ok,"",2026-07-20 11:17:22.682765+00
62308,BTCUSDT,15m,ohlcv,124460,4,124461,0,ok,"",2026-07-20 11:16:58.53646+00
62307,SOLUSDT,1m,ohlcv,59099,6,59102,0,quarantined,Data is stale: last candle 2 min ago,2026-07-20 11:16:01.635357+00
62306,ETHUSDT,1m,ohlcv,55909,6,55912,0,ok,"",2026-07-20 11:14:37.755608+00
62305,BTCUSDT,30m,ohlcv,62230,4,62231,0,ok,"",2026-07-20 11:14:05.062732+00
62304,BTCUSDT,1m,ohlcv,59099,6,59102,0,ok,"",2026-07-20 11:13:35.498536+00
62303,BTCUSDT,1h,ohlcv,31115,4,31116,0,ok,"",2026-07-20 11:12:40.720648+00
62302,BTCUSDT,4h,ohlcv,7779,3,7779,0,ok,"",2026-07-20 11:11:53.547854+00
62301,ETHUSDT,1m,ohlcv,55884,13,55894,0,ok,"",2026-07-20 10:56:55.760756+00
62300,BTCUSDT,1m,ohlcv,59067,19,59083,0,quarantined,Data is stale: last candle 2 min ago,2026-07-20 10:55:03.487847+00
62299,DOGEUSDT,1m,ohlcv,59063,19,59079,0,quarantined,Data is stale: last candle 2 min ago,2026-07-20 10:53:24.757287+00
62298,BNBUSDT,1m,ohlcv,59067,13,59077,0,quarantined,Data is stale: last candle 3 min ago,2026-07-20 10:51:39.309465+00
62297,XRPUSDT,1m,ohlcv,59061,18,59076,0,ok,"",2026-07-20 10:49:56.366248+00
62296,BTCUSDT,15m,ohlcv,124457,6,124460,0,ok,"",2026-07-20 10:49:14.339275+00
62295,SOLUSDT,1m,ohlcv,59060,17,59074,0,quarantined,Data is stale: last candle 2 min ago,2026-07-20 10:48:14.408451+00
62294,ETHUSDT,1m,ohlcv,55873,14,55884,0,ok,"",2026-07-20 10:46:38.989929+00
62293,BTCUSDT,30m,ohlcv,62230,3,62230,0,ok,"",2026-07-20 10:45:48.678177+00
62292,BTCUSDT,1m,ohlcv,59067,9,59073,0,quarantined,Data is stale: last candle 2 min ago,2026-07-20 10:45:08.500903+00
62291,BTCUSDT,1h,ohlcv,31115,3,31115,0,ok,"",2026-07-20 10:43:56.487194+00
62290,BTCUSDT,4h,ohlcv,7778,4,7779,0,ok,"",2026-07-20 10:42:57.138872+00
62289,ETHUSDT,1m,ohlcv,55873,7,55877,0,quarantined,Data is stale: last candle 3 min ago,2026-07-20 10:40:49.378845+00
62288,BNBUSDT,30m,ohlcv,62229,4,62230,0,ok,"",2026-07-20 10:40:25.567846+00
62287,BTCUSDT,1m,ohlcv,59063,7,59067,0,ok,"",2026-07-20 10:38:56.798932+00
62286,XRPUSDT,30m,ohlcv,62229,4,62230,0,ok,"",2026-07-20 10:38:27.223175+00
62285,DOGEUSDT,1m,ohlcv,59060,6,59063,0,ok,"",2026-07-20 10:37:00.237868+00
62284,SOLUSDT,30m,ohlcv,62229,4,62230,0,ok,"",2026-07-20 10:36:18.499064+00
62283,BNBUSDT,1m,ohlcv,59059,6,59062,0,ok,"",2026-07-20 10:35:37.524274+00
62282,ETHUSDT,30m,ohlcv,62229,4,62230,0,ok,"",2026-07-20 10:35:10.023413+00
62281,XRPUSDT,1m,ohlcv,59058,6,59061,0,ok,"",2026-07-20 10:34:33.008859+00
62280,BTCUSDT,30m,ohlcv,62229,4,62230,0,ok,"",2026-07-20 10:33:54.696113+00
62279,SOLUSDT,1m,ohlcv,59042,21,59060,0,ok,"",2026-07-20 10:33:15.194221+00
62278,DOGEUSDT,15m,ohlcv,124457,5,124459,0,ok,"",2026-07-20 10:32:43.875097+00
62277,ETHUSDT,1m,ohlcv,55866,7,55870,0,ok,"",2026-07-20 10:32:08.572011+00
62276,BTCUSDT,1m,ohlcv,59042,21,59060,0,ok,"",2026-07-20 10:31:05.369321+00
62275,BNBUSDT,15m,ohlcv,124457,4,124458,0,ok,"",2026-07-20 10:30:08.983569+00
62274,DOGEUSDT,1m,ohlcv,59046,13,59056,0,ok,"",2026-07-20 10:29:59.620945+00
62273,BNBUSDT,1m,ohlcv,59050,7,59054,0,quarantined,Data is stale: last candle 3 min ago,2026-07-20 10:28:35.65951+00
62272,XRPUSDT,15m,ohlcv,124456,5,124458,0,ok,"",2026-07-20 10:27:03.696045+00
62271,XRPUSDT,1m,ohlcv,59043,13,59053,0,ok,"",2026-07-20 10:26:50.29736+00
62270,SOLUSDT,1m,ohlcv,59042,12,59051,0,quarantined,Data is stale: last candle 2 min ago,2026-07-20 10:25:03.610349+00
62269,ETHUSDT,1m,ohlcv,55856,7,55860,0,quarantined,Data is stale: last candle 2 min ago,2026-07-20 10:23:24.046152+00
62268,SOLUSDT,15m,ohlcv,124456,5,124458,0,ok,"",2026-07-20 10:23:00.42785+00
62267,BTCUSDT,1m,ohlcv,59042,10,59049,0,quarantined,Data is stale: last candle 3 min ago,2026-07-20 10:21:41.260175+00
62266,DOGEUSDT,1m,ohlcv,59042,7,59046,0,ok,"",2026-07-20 10:19:55.897072+00
62265,ETHUSDT,15m,ohlcv,124456,5,124458,0,ok,"",2026-07-20 10:19:11.055449+00
62264,BNBUSDT,1m,ohlcv,59041,6,59044,0,quarantined,Data is stale: last candle 2 min ago,2026-07-20 10:18:01.612877+00
62263,XRPUSDT,1m,ohlcv,59040,6,59043,0,ok,"",2026-07-20 10:16:46.122715+00
62262,BTCUSDT,15m,ohlcv,124456,4,124457,0,ok,"",2026-07-20 10:16:12.034476+00
62261,SOLUSDT,1m,ohlcv,59039,6,59042,0,ok,"",2026-07-20 10:15:35.696093+00
62260,ETHUSDT,1m,ohlcv,55849,6,55852,0,ok,"",2026-07-20 10:14:35.168225+00
62259,DOGEUSDT,5m,ohlcv,373365,8,373370,0,ok,"",2026-07-20 10:14:04.447866+00
62258,BTCUSDT,1m,ohlcv,59039,6,59042,0,ok,"",2026-07-20 10:13:37.490508+00
62257,DOGEUSDT,1m,ohlcv,59021,21,59039,0,ok,"",2026-07-20 10:12:33.589475+00
62256,BNBUSDT,1m,ohlcv,59034,7,59038,0,ok,"",2026-07-20 10:11:30.59629+00
62255,XRPUSDT,1m,ohlcv,59022,18,59037,0,ok,"",2026-07-20 10:10:30.099226+00
62254,SOLUSDT,1m,ohlcv,59031,7,59035,0,quarantined,Data is stale: last candle 2 min ago,2026-07-20 10:09:20.121097+00
62253,ETHUSDT,1m,ohlcv,55835,13,55845,0,ok,"",2026-07-20 10:07:56.211179+00
62252,BTCUSDT,1m,ohlcv,59021,17,59035,0,ok,"",2026-07-20 10:06:49.302863+00
62251,BNBUSDT,5m,ohlcv,373364,7,373368,0,quarantined,Data is stale: last candle 11 min ago,2026-07-20 10:06:23.928508+00
62250,DOGEUSDT,1m,ohlcv,59021,13,59031,0,quarantined,Data is stale: last candle 2 min ago,2026-07-20 10:05:19.631009+00
62249,BNBUSDT,1m,ohlcv,59020,12,59029,0,quarantined,Data is stale: last candle 2 min ago,2026-07-20 10:03:22.66327+00
62248,XRPUSDT,1m,ohlcv,59022,8,59027,0,quarantined,Data is stale: last candle 3 min ago,2026-07-20 10:01:32.406336+00
62247,SOLUSDT,1m,ohlcv,59021,7,59025,0,quarantined,Data is stale: last candle 3 min ago,2026-07-20 09:59:40.450913+00
62246,ETHUSDT,1m,ohlcv,55831,7,55835,0,ok,"",2026-07-20 09:57:58.728846+00
62245,BTCUSDT,1m,ohlcv,59021,6,59024,0,quarantined,Data is stale: last candle 2 min ago,2026-07-20 09:56:07.852784+00
62244,XRPUSDT,5m,ohlcv,373330,39,373366,0,quarantined,Data is stale: last candle 10 min ago,2026-07-20 09:55:12.133565+00
62243,DOGEUSDT,1m,ohlcv,59018,6,59021,0,ok,"",2026-07-20 09:54:42.374598+00
62242,BNBUSDT,1m,ohlcv,59017,6,59020,0,ok,"",2026-07-20 09:53:35.463113+00
62241,XRPUSDT,1m,ohlcv,59016,6,59019,0,ok,"",2026-07-20 09:52:35.780223+00
62240,SOLUSDT,1m,ohlcv,59015,6,59018,0,ok,"",2026-07-20 09:51:32.946883+00
62239,ETHUSDT,1m,ohlcv,55825,6,55828,0,ok,"",2026-07-20 09:50:31.173234+00
62238,BTCUSDT,1m,ohlcv,59015,6,59018,0,ok,"",2026-07-20 09:49:33.758897+00
62237,DOGEUSDT,1m,ohlcv,59012,6,59015,0,ok,"",2026-07-20 09:48:32.088866+00
62236,SOLUSDT,5m,ohlcv,373361,7,373365,0,ok,"",2026-07-20 09:48:28.535843+00
62235,BNBUSDT,1m,ohlcv,59011,6,59014,0,ok,"",2026-07-20 09:47:26.566006+00
62234,XRPUSDT,1m,ohlcv,59010,6,59013,0,ok,"",2026-07-20 09:46:18.932833+00
62233,SOLUSDT,1m,ohlcv,59009,6,59012,0,ok,"",2026-07-20 09:45:17.231801+00
62232,ETHUSDT,1m,ohlcv,55819,6,55822,0,ok,"",2026-07-20 09:44:15.386502+00
62231,BTCUSDT,1m,ohlcv,59009,6,59012,0,ok,"",2026-07-20 09:43:17.300373+00
62230,DOGEUSDT,1m,ohlcv,59005,7,59009,0,ok,"",2026-07-20 09:42:13.219421+00
62229,ETHUSDT,5m,ohlcv,373331,36,373364,0,ok,"",2026-07-20 09:41:58.183117+00
62228,BNBUSDT,1m,ohlcv,59004,7,59008,0,ok,"",2026-07-20 09:41:04.714109+00
62227,XRPUSDT,1m,ohlcv,59003,6,59006,0,quarantined,Data is stale: last candle 2 min ago,2026-07-20 09:40:01.970278+00
62226,SOLUSDT,1m,ohlcv,59002,6,59005,0,ok,"",2026-07-20 09:38:59.706215+00
62225,ETHUSDT,1m,ohlcv,55812,7,55816,0,ok,"",2026-07-20 09:37:59.770183+00
62224,BTCUSDT,1m,ohlcv,59002,6,59005,0,quarantined,Data is stale: last candle 2 min ago,2026-07-20 09:37:01.723176+00
62223,DOGEUSDT,1m,ohlcv,58994,11,59002,0,ok,"",2026-07-20 09:35:53.993066+00
62222,BTCUSDT,5m,ohlcv,373358,7,373362,0,quarantined,Data is stale: last candle 10 min ago,2026-07-20 09:35:18.437564+00
62221,BNBUSDT,1m,ohlcv,58988,16,59001,0,ok,"",2026-07-20 09:34:48.10256+00
62220,XRPUSDT,1m,ohlcv,58995,8,59000,0,ok,"",2026-07-20 09:33:41.711845+00
62219,SOLUSDT,1m,ohlcv,58994,7,58998,0,quarantined,Data is stale: last candle 2 min ago,2026-07-20 09:32:25.544136+00
62218,ETHUSDT,1m,ohlcv,55799,12,55808,0,ok,"",2026-07-20 09:30:56.700461+00
62217,BTCUSDT,1m,ohlcv,58993,7,58997,0,quarantined,Data is stale: last candle 2 min ago,2026-07-20 09:29:26.697289+00
62216,DOGEUSDT,1m,ohlcv,58978,19,58994,0,ok,"",2026-07-20 09:27:56.121647+00
62215,DOGEUSDT,snapshot,orderbook,,100,,0,ok,"",2026-07-20 09:26:34.059024+00
62214,BNBUSDT,snapshot,orderbook,,100,,0,ok,"",2026-07-20 09:26:32.083612+00
62213,XRPUSDT,snapshot,orderbook,,100,,0,ok,"",2026-07-20 09:26:30.219914+00
62212,SOLUSDT,snapshot,orderbook,,100,,0,ok,"",2026-07-20 09:26:28.141147+00
62211,ETHUSDT,snapshot,orderbook,,100,,0,ok,"",2026-07-20 09:26:26.119689+00
62210,BTCUSDT,snapshot,orderbook,,100,,0,ok,"",2026-07-20 09:26:24.109054+00
62209,DOGEUSDT,1h,open_interest_1h,31207,200,31207,0,ok,"",2026-07-20 09:26:22.53146+00
62208,BNBUSDT,1m,ohlcv,58988,7,58992,0,quarantined,Data is stale: last candle 2 min ago,2026-07-20 09:26:21.050026+00
62207,BNBUSDT,1h,open_interest_1h,31207,200,31207,0,ok,"",2026-07-20 09:26:20.481864+00
62206,XRPUSDT,1h,open_interest_1h,31207,200,31207,0,ok,"",2026-07-20 09:26:18.26089+00
62205,SOLUSDT,1h,open_interest_1h,31207,200,31207,0,ok,"",2026-07-20 09:26:15.87613+00
62204,ETHUSDT,1h,open_interest_1h,31207,200,31207,0,ok,"",2026-07-20 09:26:13.760572+00
62203,BTCUSDT,1h,open_interest_1h,31207,200,31207,0,ok,"",2026-07-20 09:26:11.763955+00
62202,DOGEUSDT,8h,funding_rate,3926,200,3926,0,ok,"",2026-07-20 09:26:09.788878+00
62201,BNBUSDT,8h,funding_rate,3926,200,3926,0,ok,"",2026-07-20 09:26:07.419851+00
62200,XRPUSDT,8h,funding_rate,3926,200,3926,0,ok,"",2026-07-20 09:26:05.490838+00
62199,SOLUSDT,8h,funding_rate,3926,200,3926,0,ok,"",2026-07-20 09:26:03.416986+00
62198,ETHUSDT,8h,funding_rate,3926,200,3926,0,ok,"",2026-07-20 09:26:01.544273+00
62197,BTCUSDT,8h,funding_rate,3926,200,3926,0,ok,"",2026-07-20 09:25:59.752034+00
62196,DOGEUSDT,1h,ohlcv,31114,3,31114,0,ok,"",2026-07-20 09:25:58.15706+00
62195,BNBUSDT,1h,ohlcv,31114,3,31114,0,ok,"",2026-07-20 09:25:02.003855+00
62194,XRPUSDT,1m,ohlcv,58987,7,58991,0,ok,"",2026-07-20 09:24:50.618149+00
62193,XRPUSDT,1h,ohlcv,31114,3,31114,0,ok,"",2026-07-20 09:24:11.155355+00
62192,SOLUSDT,1m,ohlcv,58981,11,58989,0,quarantined,Data is stale: last candle 2 min ago,2026-07-20 09:23:16.819188+00
62191,SOLUSDT,1h,ohlcv,31114,3,31114,0,ok,"",2026-07-20 09:23:14.604876+00
62190,ETHUSDT,1h,ohlcv,31114,3,31114,0,ok,"",2026-07-20 09:22:32.081706+00
62189,ETHUSDT,1m,ohlcv,55795,7,55799,0,ok,"",2026-07-20 09:21:55.06515+00
62188,BTCUSDT,1h,ohlcv,31114,3,31114,0,ok,"",2026-07-20 09:21:44.474673+00
62187,DOGEUSDT,"4h,1h,30m,15m,5m,1d",enrich,,,,0,ok,"",2026-07-20 09:20:58.699592+00
62186,BTCUSDT,1m,ohlcv,58985,7,58989,0,ok,"",2026-07-20 09:20:31.4119+00
62185,BNBUSDT,"4h,1h,30m,15m,5m,1d",enrich,,,,0,ok,"",2026-07-20 09:20:14.400636+00
62184,XRPUSDT,"4h,1h,30m,15m,5m,1d",enrich,,,,0,ok,"",2026-07-20 09:19:37.851849+00
62183,DOGEUSDT,1m,ohlcv,58978,10,58985,0,quarantined,Data is stale: last candle 2 min ago,2026-07-20 09:19:05.725356+00
62182,SOLUSDT,"4h,1h,30m,15m,5m,1d",enrich,,,,0,ok,"",2026-07-20 09:19:03.732868+00
62181,ETHUSDT,"4h,1h,30m,15m,5m,1d",enrich,,,,0,ok,"",2026-07-20 09:18:26.014316+00
62180,BTCUSDT,"4h,1h,30m,15m,5m,1d",enrich,,,,0,ok,"",2026-07-20 09:17:31.294959+00
62179,BNBUSDT,1m,ohlcv,58980,7,58984,0,ok,"",2026-07-20 09:17:22.46199+00
62178,DOGEUSDT,30m,ohlcv,62226,4,62227,0,ok,"",2026-07-20 09:16:40.863232+00
62177,XRPUSDT,1m,ohlcv,58979,6,58982,0,quarantined,Data is stale: last candle 2 min ago,2026-07-20 09:16:02.79246+00
62176,BNBUSDT,30m,ohlcv,62226,4,62227,0,ok,"",2026-07-20 09:15:19.980138+00
62175,SOLUSDT,1m,ohlcv,58978,6,58981,0,ok,"",2026-07-20 09:14:57.383851+00
62174,XRPUSDT,30m,ohlcv,62226,4,62227,0,ok,"",2026-07-20 09:14:04.330225+00
62173,ETHUSDT,1m,ohlcv,55788,6,55791,0,ok,"",2026-07-20 09:13:47.255074+00
62172,SOLUSDT,30m,ohlcv,62226,4,62227,0,ok,"",2026-07-20 09:12:49.808729+00
62171,BTCUSDT,1m,ohlcv,58978,6,58981,0,ok,"",2026-07-20 09:12:44.824582+00
62170,ETHUSDT,30m,ohlcv,62226,4,62227,0,ok,"",2026-07-20 09:11:39.215983+00
62169,DOGEUSDT,1m,ohlcv,58975,6,58978,0,ok,"",2026-07-20 09:11:38.674671+00
62168,BTCUSDT,30m,ohlcv,62226,4,62227,0,ok,"",2026-07-20 09:10:26.708543+00
62167,BNBUSDT,1m,ohlcv,58974,6,58977,0,ok,"",2026-07-20 09:10:26.298445+00
62166,XRPUSDT,1m,ohlcv,58973,6,58976,0,ok,"",2026-07-20 09:09:17.871852+00
62165,DOGEUSDT,15m,ohlcv,124452,4,124453,0,ok,"",2026-07-20 09:09:12.454537+00
62164,SOLUSDT,1m,ohlcv,58968,10,58975,0,ok,"",2026-07-20 09:08:10.705257+00
62163,ETHUSDT,1m,ohlcv,55781,6,55784,0,quarantined,Data is stale: last candle 2 min ago,2026-07-20 09:07:01.663846+00
62162,BNBUSDT,15m,ohlcv,124452,4,124453,0,ok,"",2026-07-20 09:06:36.044654+00
62161,BTCUSDT,1m,ohlcv,58971,6,58974,0,ok,"",2026-07-20 09:05:56.752641+00
62160,DOGEUSDT,1m,ohlcv,58968,6,58971,0,ok,"",2026-07-20 09:04:52.85184+00
62159,XRPUSDT,15m,ohlcv,124451,5,124453,0,ok,"",2026-07-20 09:04:09.965133+00
62158,BNBUSDT,1m,ohlcv,58963,10,58970,0,ok,"",2026-07-20 09:03:32.089517+00
62157,XRPUSDT,1m,ohlcv,58965,7,58969,0,ok,"",2026-07-20 09:02:23.238748+00
62156,SOLUSDT,15m,ohlcv,124451,4,124452,0,ok,"",2026-07-20 09:01:50.299113+00
62155,SOLUSDT,1m,ohlcv,58964,7,58968,0,ok,"",2026-07-20 09:01:17.825686+00
62154,ETHUSDT,1m,ohlcv,55774,7,55778,0,ok,"",2026-07-20 09:00:14.34121+00
62153,ETHUSDT,15m,ohlcv,124451,4,124452,0,ok,"",2026-07-20 08:59:28.367116+00
62152,BTCUSDT,1m,ohlcv,58964,7,58968,0,ok,"",2026-07-20 08:59:12.430098+00
62151,DOGEUSDT,1m,ohlcv,58961,7,58965,0,ok,"",2026-07-20 08:58:12.156572+00
62150,BTCUSDT,15m,ohlcv,124451,4,124452,0,ok,"",2026-07-20 08:57:13.083661+00
62149,BNBUSDT,1m,ohlcv,58960,6,58963,0,ok,"",2026-07-20 08:56:59.701374+00
62148,XRPUSDT,1m,ohlcv,58959,6,58962,0,ok,"",2026-07-20 08:55:53.09318+00
62147,DOGEUSDT,5m,ohlcv,373336,21,373354,0,ok,"",2026-07-20 08:54:51.714878+00
62146,SOLUSDT,1m,ohlcv,58954,10,58961,0,ok,"",2026-07-20 08:54:44.455769+00
62145,ETHUSDT,1m,ohlcv,55767,7,55771,0,ok,"",2026-07-20 08:53:34.342429+00
62144,BTCUSDT,1m,ohlcv,58957,7,58961,0,ok,"",2026-07-20 08:52:29.88687+00
62143,DOGEUSDT,1m,ohlcv,58954,7,58958,0,ok,"",2026-07-20 08:51:20.812674+00
62142,BNBUSDT,1m,ohlcv,58953,6,58956,0,quarantined,Data is stale: last candle 2 min ago,2026-07-20 08:50:07.532907+00
62141,XRPUSDT,1m,ohlcv,58952,6,58955,0,ok,"",2026-07-20 08:48:52.758533+00
62140,SOLUSDT,1m,ohlcv,58947,10,58954,0,ok,"",2026-07-20 08:47:46.155594+00
62139,BNBUSDT,5m,ohlcv,373348,7,373352,0,quarantined,Data is stale: last candle 12 min ago,2026-07-20 08:47:05.308653+00
62138,ETHUSDT,1m,ohlcv,55760,7,55764,0,ok,"",2026-07-20 08:46:37.438421+00
62137,BTCUSDT,1m,ohlcv,58950,7,58954,0,ok,"",2026-07-20 08:45:33.741723+00
62136,DOGEUSDT,1m,ohlcv,58947,7,58951,0,ok,"",2026-07-20 08:44:22.423876+00
62135,BNBUSDT,1m,ohlcv,58946,7,58950,0,ok,"",2026-07-20 08:43:11.086879+00
62134,XRPUSDT,1m,ohlcv,58929,22,58948,0,quarantined,Data is stale: last candle 2 min ago,2026-07-20 08:42:02.307983+00
62133,SOLUSDT,1m,ohlcv,58928,22,58947,0,ok,"",2026-07-20 08:40:54.264854+00
62132,XRPUSDT,5m,ohlcv,373330,23,373350,0,quarantined,Data is stale: last candle 15 min ago,2026-07-20 08:39:58.290767+00
62131,ETHUSDT,1m,ohlcv,55752,8,55757,0,ok,"",2026-07-20 08:39:44.826252+00
62130,BTCUSDT,1m,ohlcv,58931,19,58947,0,ok,"",2026-07-20 08:38:31.412753+00
62129,DOGEUSDT,1m,ohlcv,58928,18,58943,0,quarantined,Data is stale: last candle 2 min ago,2026-07-20 08:37:01.15775+00
62128,BNBUSDT,1m,ohlcv,58936,8,58941,0,quarantined,Data is stale: last candle 2 min ago,2026-07-20 08:35:07.937915+00
62127,XRPUSDT,1m,ohlcv,58929,13,58939,0,quarantined,Data is stale: last candle 2 min ago,2026-07-20 08:33:19.291576+00
62126,SOLUSDT,1m,ohlcv,58928,12,58937,0,quarantined,Data is stale: last candle 3 min ago,2026-07-20 08:31:50.621517+00
62125,SOLUSDT,5m,ohlcv,373332,20,373349,0,ok,"",2026-07-20 08:29:53.022125+00
62124,ETHUSDT,1m,ohlcv,55738,12,55747,0,ok,"",2026-07-20 08:29:49.653127+00
62123,BTCUSDT,1m,ohlcv,58931,8,58936,0,quarantined,Data is stale: last candle 2 min ago,2026-07-20 08:28:15.634568+00
62122,DOGEUSDT,1m,ohlcv,58928,7,58932,0,quarantined,Data is stale: last candle 2 min ago,2026-07-20 08:26:26.216135+00
62121,BNBUSDT,1m,ohlcv,58927,6,58930,0,quarantined,Data is stale: last candle 3 min ago,2026-07-20 08:24:38.379931+00
62120,XRPUSDT,1m,ohlcv,58926,6,58929,0,ok,"",2026-07-20 08:22:57.470328+00
62119,SOLUSDT,1m,ohlcv,58916,15,58928,0,ok,"",2026-07-20 08:21:43.59883+00
62118,ETHUSDT,1m,ohlcv,55734,7,55738,0,ok,"",2026-07-20 08:20:37.84085+00
62117,ETHUSDT,5m,ohlcv,373331,19,373347,0,quarantined,Data is stale: last candle 10 min ago,2026-07-20 08:20:13.5867+00
62116,BTCUSDT,1m,ohlcv,58920,11,58928,0,ok,"",2026-07-20 08:19:33.508092+00
62115,DOGEUSDT,1m,ohlcv,58920,8,58925,0,ok,"",2026-07-20 08:18:26.116509+00
62114,BNBUSDT,1m,ohlcv,58915,11,58923,0,quarantined,Data is stale: last candle 2 min ago,2026-07-20 08:17:09.197342+00
62113,XRPUSDT,1m,ohlcv,58917,8,58922,0,ok,"",2026-07-20 08:15:33.794737+00
62112,SOLUSDT,1m,ohlcv,58916,7,58920,0,quarantined,Data is stale: last candle 2 min ago,2026-07-20 08:14:09.291581+00
62111,ETHUSDT,1m,ohlcv,55726,7,55730,0,ok,"",2026-07-20 08:12:55.461726+00
62110,BTCUSDT,5m,ohlcv,373326,22,373345,0,quarantined,Data is stale: last candle 12 min ago,2026-07-20 08:11:55.904491+00
62109,BTCUSDT,1m,ohlcv,58913,10,58920,0,ok,"",2026-07-20 08:11:23.098926+00
62108,DOGEUSDT,1m,ohlcv,58912,7,58916,0,quarantined,Data is stale: last candle 2 min ago,2026-07-20 08:10:06.375419+00
62107,BNBUSDT,1m,ohlcv,58911,7,58915,0,ok,"",2026-07-20 08:08:54.273095+00
62106,XRPUSDT,1m,ohlcv,58910,7,58914,0,ok,"",2026-07-20 08:07:50.297323+00
62105,SOLUSDT,1m,ohlcv,58909,7,58913,0,ok,"",2026-07-20 08:06:12.356086+00
62104,ETHUSDT,1m,ohlcv,55705,21,55723,0,ok,"",2026-07-20 08:05:08.383346+00
62103,DOGEUSDT,snapshot,orderbook,,100,,0,ok,"",2026-07-20 08:04:10.02314+00
62102,BNBUSDT,snapshot,orderbook,,100,,0,ok,"",2026-07-20 08:04:08.005257+00
62101,BTCUSDT,1m,ohlcv,58908,8,58913,0,ok,"",2026-07-20 08:04:07.771802+00
62100,XRPUSDT,snapshot,orderbook,,100,,0,ok,"",2026-07-20 08:04:06.04477+00
62099,SOLUSDT,snapshot,orderbook,,100,,0,ok,"",2026-07-20 08:04:04.011715+00
62098,ETHUSDT,snapshot,orderbook,,100,,0,ok,"",2026-07-20 08:04:02.010137+00
62097,BTCUSDT,snapshot,orderbook,,100,,0,ok,"",2026-07-20 08:04:00.06108+00
62096,DOGEUSDT,1h,open_interest_1h,31205,200,31206,0,ok,"",2026-07-20 08:03:58.447852+00
62095,BNBUSDT,1h,open_interest_1h,31205,200,31206,0,ok,"",2026-07-20 08:03:56.283845+00
62094,XRPUSDT,1h,open_interest_1h,31205,200,31206,0,ok,"",2026-07-20 08:03:54.031672+00
62093,SOLUSDT,1h,open_interest_1h,31205,200,31206,0,ok,"",2026-07-20 08:03:52.08649+00
62092,ETHUSDT,1h,open_interest_1h,31205,200,31206,0,ok,"",2026-07-20 08:03:50.121697+00
62091,BTCUSDT,1h,open_interest_1h,31205,200,31206,0,ok,"",2026-07-20 08:03:47.257866+00
62090,DOGEUSDT,8h,funding_rate,3925,200,3926,0,ok,"",2026-07-20 08:03:44.776123+00
62089,BNBUSDT,8h,funding_rate,3925,200,3926,0,ok,"",2026-07-20 08:03:42.962213+00
62088,XRPUSDT,8h,funding_rate,3925,200,3926,0,ok,"",2026-07-20 08:03:40.611973+00
62087,SOLUSDT,8h,funding_rate,3925,200,3926,0,ok,"",2026-07-20 08:03:38.770477+00
62086,ETHUSDT,8h,funding_rate,3925,200,3926,0,ok,"",2026-07-20 08:03:36.539412+00
62085,BTCUSDT,8h,funding_rate,3925,200,3926,0,ok,"",2026-07-20 08:03:34.612025+00
62084,DOGEUSDT,1h,ohlcv,31112,4,31113,0,ok,"",2026-07-20 08:03:33.232845+00
62083,DOGEUSDT,1m,ohlcv,58899,13,58909,0,quarantined,Data is stale: last candle 2 min ago,2026-07-20 08:03:08.533121+00
62082,BNBUSDT,1h,ohlcv,31112,4,31113,0,ok,"",2026-07-20 08:02:54.320752+00
62081,XRPUSDT,1h,ohlcv,31112,4,31113,0,ok,"",2026-07-20 08:02:10.777173+00
62080,BNBUSDT,1m,ohlcv,58894,17,58908,0,ok,"",2026-07-20 08:01:52.645493+00
62079,SOLUSDT,1h,ohlcv,31112,4,31113,0,ok,"",2026-07-20 08:01:27.351466+00
62078,ETHUSDT,1h,ohlcv,31112,3,31112,0,ok,"",2026-07-20 08:00:44.634231+00
62077,XRPUSDT,1m,ohlcv,58896,13,58906,0,quarantined,Data is stale: last candle 2 min ago,2026-07-20 08:00:24.289129+00
62076,BTCUSDT,1h,ohlcv,31112,3,31112,0,ok,"",2026-07-20 07:59:39.400702+00
62075,DOGEUSDT,"4h,1h,30m,15m,5m,1d",enrich,,,,0,ok,"",2026-07-20 07:58:39.046113+00
62074,SOLUSDT,1m,ohlcv,58899,8,58904,0,quarantined,Data is stale: last candle 2 min ago,2026-07-20 07:58:22.459379+00
62073,BNBUSDT,"4h,1h,30m,15m,5m,1d",enrich,,,,0,ok,"",2026-07-20 07:57:47.050749+00
62072,XRPUSDT,"4h,1h,30m,15m,5m,1d",enrich,,,,0,ok,"",2026-07-20 07:56:51.725077+00
62071,ETHUSDT,1m,ohlcv,55705,11,55713,0,quarantined,Data is stale: last candle 2 min ago,2026-07-20 07:56:23.280183+00
62070,SOLUSDT,"4h,1h,30m,15m,5m,1d",enrich,,,,0,ok,"",2026-07-20 07:55:58.639756+00
62069,ETHUSDT,"4h,1h,30m,15m,5m,1d",enrich,,,,0,ok,"",2026-07-20 07:55:08.281228+00
62068,BTCUSDT,1m,ohlcv,58898,7,58902,0,quarantined,Data is stale: last candle 3 min ago,2026-07-20 07:54:38.19888+00
62067,BTCUSDT,"4h,1h,30m,15m,5m,1d",enrich,,,,0,ok,"",2026-07-20 07:54:14.622673+00
62066,DOGEUSDT,30m,ohlcv,62223,4,62224,0,ok,"",2026-07-20 07:53:17.575665+00
62065,DOGEUSDT,1m,ohlcv,58895,7,58899,0,ok,"",2026-07-20 07:52:48.201843+00
62064,BNBUSDT,30m,ohlcv,62223,4,62224,0,ok,"",2026-07-20 07:51:25.3062+00
62063,BNBUSDT,1m,ohlcv,58894,6,58897,0,quarantined,Data is stale: last candle 2 min ago,2026-07-20 07:51:06.112087+00
62062,XRPUSDT,30m,ohlcv,62223,4,62224,0,ok,"",2026-07-20 07:49:58.135185+00
62061,XRPUSDT,1m,ohlcv,58876,23,58896,0,ok,"",2026-07-20 07:49:50.329441+00
62060,SOLUSDT,1m,ohlcv,58875,23,58895,0,ok,"",2026-07-20 07:48:34.740961+00
62059,SOLUSDT,30m,ohlcv,62223,4,62224,0,ok,"",2026-07-20 07:48:33.715303+00
62058,ETHUSDT,1m,ohlcv,55700,8,55705,0,ok,"",2026-07-20 07:47:28.719155+00
62057,ETHUSDT,30m,ohlcv,62223,4,62224,0,ok,"",2026-07-20 07:47:12.503856+00
62056,BTCUSDT,1m,ohlcv,58878,19,58894,0,quarantined,Data is stale: last candle 2 min ago,2026-07-20 07:46:25.39464+00
62055,BTCUSDT,30m,ohlcv,62223,4,62224,0,ok,"",2026-07-20 07:45:52.277826+00
62054,DOGEUSDT,1m,ohlcv,58875,18,58890,0,quarantined,Data is stale: last candle 3 min ago,2026-07-20 07:44:51.397863+00
62053,DOGEUSDT,15m,ohlcv,124446,4,124447,0,ok,"",2026-07-20 07:43:59.654485+00
62052,BNBUSDT,1m,ohlcv,58874,17,58888,0,quarantined,Data is stale: last candle 3 min ago,2026-07-20 07:42:39.912042+00
62051,XRPUSDT,1m,ohlcv,58876,13,58886,0,quarantined,Data is stale: last candle 3 min ago,2026-07-20 07:40:48.732862+00
62050,BNBUSDT,15m,ohlcv,124446,4,124447,0,ok,"",2026-07-20 07:39:33.14109+00
62049,SOLUSDT,1m,ohlcv,58875,12,58884,0,quarantined,Data is stale: last candle 3 min ago,2026-07-20 07:38:48.088215+00
62048,ETHUSDT,1m,ohlcv,55685,12,55694,0,ok,"",2026-07-20 07:36:55.175239+00
62047,XRPUSDT,15m,ohlcv,124445,5,124447,0,ok,"",2026-07-20 07:35:35.407382+00
62046,BTCUSDT,1m,ohlcv,58878,8,58883,0,quarantined,Data is stale: last candle 2 min ago,2026-07-20 07:35:26.119358+00
62045,DOGEUSDT,1m,ohlcv,58875,7,58879,0,quarantined,Data is stale: last candle 3 min ago,2026-07-20 07:33:35.563857+00
62044,SOLUSDT,15m,ohlcv,124445,4,124446,0,ok,"",2026-07-20 07:31:31.874973+00
62043,BNBUSDT,1m,ohlcv,58874,6,58877,0,quarantined,Data is stale: last candle 2 min ago,2026-07-20 07:31:26.416848+00
62042,XRPUSDT,1m,ohlcv,58873,6,58876,0,ok,"",2026-07-20 07:29:50.632866+00
62041,SOLUSDT,1m,ohlcv,58872,6,58875,0,ok,"",2026-07-20 07:28:46.454183+00
62040,ETHUSDT,15m,ohlcv,124445,4,124446,0,ok,"",2026-07-20 07:28:43.071373+00
62039,ETHUSDT,1m,ohlcv,55682,6,55685,0,ok,"",2026-07-20 07:27:42.555896+00
62038,BTCUSDT,1m,ohlcv,58872,6,58875,0,ok,"",2026-07-20 07:26:38.806201+00
62037,BTCUSDT,15m,ohlcv,124445,4,124446,0,ok,"",2026-07-20 07:26:24.210972+00
62036,DOGEUSDT,1m,ohlcv,58869,6,58872,0,ok,"",2026-07-20 07:25:34.006012+00
62035,BNBUSDT,1m,ohlcv,58864,10,58871,0,ok,"",2026-07-20 07:24:23.868505+00
62034,DOGEUSDT,5m,ohlcv,373333,6,373336,0,ok,"",2026-07-20 07:24:01.830815+00
62033,XRPUSDT,1m,ohlcv,58866,7,58870,0,ok,"",2026-07-20 07:23:17.487419+00
62032,SOLUSDT,1m,ohlcv,58865,7,58869,0,ok,"",2026-07-20 07:22:11.141148+00
62031,ETHUSDT,1m,ohlcv,55675,7,55679,0,ok,"",2026-07-20 07:21:12.158096+00
62030,BTCUSDT,1m,ohlcv,58865,7,58869,0,ok,"",2026-07-20 07:20:12.698452+00
62029,DOGEUSDT,1m,ohlcv,58862,6,58865,0,quarantined,Data is stale: last candle 2 min ago,2026-07-20 07:19:07.871834+00
62028,BNBUSDT,1m,ohlcv,58861,6,58864,0,ok,"",2026-07-20 07:17:56.987447+00
62027,XRPUSDT,1m,ohlcv,58860,6,58863,0,ok,"",2026-07-20 07:16:51.741553+00
62026,BNBUSDT,5m,ohlcv,373321,17,373335,0,ok,"",2026-07-20 07:16:51.370302+00
62025,SOLUSDT,1m,ohlcv,58859,6,58862,0,ok,"",2026-07-20 07:15:48.518969+00
62024,ETHUSDT,1m,ohlcv,55669,6,55672,0,ok,"",2026-07-20 07:14:46.574852+00
62023,BTCUSDT,1m,ohlcv,58859,6,58862,0,ok,"",2026-07-20 07:13:51.010123+00
62022,DOGEUSDT,1m,ohlcv,58856,6,58859,0,ok,"",2026-07-20 07:12:46.155103+00
62021,BNBUSDT,1m,ohlcv,58855,6,58858,0,ok,"",2026-07-20 07:11:38.131438+00
62020,XRPUSDT,1m,ohlcv,58854,6,58857,0,ok,"",2026-07-20 07:10:33.134962+00
62019,XRPUSDT,5m,ohlcv,373330,6,373333,0,quarantined,Data is stale: last candle 10 min ago,2026-07-20 07:10:19.29835+00
62018,SOLUSDT,1m,ohlcv,58853,6,58856,0,ok,"",2026-07-20 07:09:28.302331+00
62017,ETHUSDT,1m,ohlcv,55663,6,55666,0,ok,"",2026-07-20 07:08:23.543375+00
62016,BTCUSDT,1m,ohlcv,58849,10,58856,0,ok,"",2026-07-20 07:07:23.090832+00
62015,DOGEUSDT,1m,ohlcv,58849,7,58853,0,ok,"",2026-07-20 07:06:21.607999+00
62014,BNBUSDT,1m,ohlcv,58848,7,58852,0,ok,"",2026-07-20 07:05:11.154079+00
62013,XRPUSDT,1m,ohlcv,58847,6,58850,0,quarantined,Data is stale: last candle 2 min ago,2026-07-20 07:04:06.330615+00
62012,SOLUSDT,5m,ohlcv,373329,6,373332,0,ok,"",2026-07-20 07:03:43.28802+00
62011,SOLUSDT,1m,ohlcv,58846,6,58849,0,ok,"",2026-07-20 07:02:58.226774+00
62010,ETHUSDT,1m,ohlcv,55656,6,55659,0,ok,"",2026-07-20 07:01:55.320915+00
62009,BTCUSDT,1m,ohlcv,58846,6,58849,0,ok,"",2026-07-20 07:00:54.492818+00
62008,DOGEUSDT,1m,ohlcv,58843,6,58846,0,ok,"",2026-07-20 06:59:48.827122+00
62007,BNBUSDT,1m,ohlcv,58842,6,58845,0,ok,"",2026-07-20 06:58:43.61174+00
62006,XRPUSDT,1m,ohlcv,58841,6,58844,0,ok,"",2026-07-20 06:57:39.404343+00
62005,ETHUSDT,5m,ohlcv,373312,22,373331,0,ok,"",2026-07-20 06:56:55.604064+00
62004,SOLUSDT,1m,ohlcv,58840,6,58843,0,ok,"",2026-07-20 06:56:36.788342+00
62003,ETHUSDT,1m,ohlcv,55650,6,55653,0,ok,"",2026-07-20 06:55:33.558139+00
62002,BTCUSDT,1m,ohlcv,58840,6,58843,0,ok,"",2026-07-20 06:54:32.058203+00
62001,DOGEUSDT,1m,ohlcv,58836,7,58840,0,ok,"",2026-07-20 06:53:30.677123+00
62000,BNBUSDT,1m,ohlcv,58835,7,58839,0,ok,"",2026-07-20 06:52:18.610985+00
61999,XRPUSDT,1m,ohlcv,58834,7,58838,0,ok,"",2026-07-20 06:51:16.745713+00
61998,SOLUSDT,1m,ohlcv,58833,7,58837,0,ok,"",2026-07-20 06:50:11.33216+00
61997,BTCUSDT,5m,ohlcv,373326,6,373329,0,quarantined,Data is stale: last candle 10 min ago,2026-07-20 06:50:04.621453+00
61996,ETHUSDT,1m,ohlcv,55643,7,55647,0,ok,"",2026-07-20 06:49:07.356036+00
61995,BTCUSDT,1m,ohlcv,58833,6,58836,0,quarantined,Data is stale: last candle 2 min ago,2026-07-20 06:48:07.038924+00
61994,DOGEUSDT,1m,ohlcv,58830,6,58833,0,ok,"",2026-07-20 06:46:58.760835+00
61993,BNBUSDT,1m,ohlcv,58826,9,58832,0,ok,"",2026-07-20 06:45:49.033856+00
61992,XRPUSDT,1m,ohlcv,58827,7,58831,0,ok,"",2026-07-20 06:44:43.241674+00
61991,SOLUSDT,1m,ohlcv,58826,7,58830,0,ok,"",2026-07-20 06:43:36.340041+00
61990,DOGEUSDT,snapshot,orderbook,,100,,0,ok,"",2026-07-20 06:43:12.105482+00
61989,BNBUSDT,snapshot,orderbook,,100,,0,ok,"",2026-07-20 06:43:10.138583+00
61988,XRPUSDT,snapshot,orderbook,,100,,0,ok,"",2026-07-20 06:43:02.143425+00
61987,SOLUSDT,snapshot,orderbook,,100,,0,ok,"",2026-07-20 06:43:00.125275+00
61986,ETHUSDT,snapshot,orderbook,,100,,0,ok,"",2026-07-20 06:42:58.078503+00
61985,BTCUSDT,snapshot,orderbook,,100,,0,ok,"",2026-07-20 06:42:56.123918+00
61984,DOGEUSDT,1h,open_interest_1h,31204,200,31204,0,ok,"",2026-07-20 06:42:54.516294+00
61983,BNBUSDT,1h,open_interest_1h,31204,200,31204,0,ok,"",2026-07-20 06:42:52.620267+00
61982,XRPUSDT,1h,open_interest_1h,31204,200,31204,0,ok,"",2026-07-20 06:42:50.639246+00
61981,SOLUSDT,1h,open_interest_1h,31204,200,31204,0,ok,"",2026-07-20 06:42:48.393884+00
61980,ETHUSDT,1h,open_interest_1h,31204,200,31204,0,ok,"",2026-07-20 06:42:46.910843+00
61979,BTCUSDT,1h,open_interest_1h,31204,200,31204,0,ok,"",2026-07-20 06:42:44.455091+00
61978,DOGEUSDT,8h,funding_rate,3925,200,3925,0,ok,"",2026-07-20 06:42:42.137684+00
61977,BNBUSDT,8h,funding_rate,3925,200,3925,0,ok,"",2026-07-20 06:42:40.22645+00
61976,XRPUSDT,8h,funding_rate,3925,200,3925,0,ok,"",2026-07-20 06:42:38.45801+00
61975,ETHUSDT,1m,ohlcv,55636,7,55640,0,ok,"",2026-07-20 06:42:37.637159+00
61974,SOLUSDT,8h,funding_rate,3925,200,3925,0,ok,"",2026-07-20 06:42:36.319099+00
61973,ETHUSDT,8h,funding_rate,3925,200,3925,0,ok,"",2026-07-20 06:42:34.308236+00
61972,BTCUSDT,8h,funding_rate,3925,200,3925,0,ok,"",2026-07-20 06:42:32.31685+00
61971,DOGEUSDT,1h,ohlcv,31111,3,31111,0,ok,"",2026-07-20 06:42:30.901106+00
61970,BNBUSDT,1h,ohlcv,31111,3,31111,0,ok,"",2026-07-20 06:41:53.075597+00
61969,BTCUSDT,1m,ohlcv,58826,7,58830,0,ok,"",2026-07-20 06:41:37.946575+00
61968,XRPUSDT,1h,ohlcv,31111,3,31111,0,ok,"",2026-07-20 06:41:15.690576+00
61967,SOLUSDT,1h,ohlcv,31111,3,31111,0,ok,"",2026-07-20 06:40:38.173785+00
61966,DOGEUSDT,1m,ohlcv,58823,7,58827,0,ok,"",2026-07-20 06:40:29.838232+00
61965,ETHUSDT,1h,ohlcv,31111,3,31111,0,ok,"",2026-07-20 06:40:02.840777+00
61964,BTCUSDT,1h,ohlcv,31111,3,31111,0,ok,"",2026-07-20 06:39:26.729276+00
61963,BNBUSDT,1m,ohlcv,58822,7,58826,0,ok,"",2026-07-20 06:39:20.438611+00
61962,DOGEUSDT,"4h,1h,30m,15m,5m,1d",enrich,,,,0,ok,"",2026-07-20 06:38:49.173492+00
61961,BNBUSDT,"4h,1h,30m,15m,5m,1d",enrich,,,,0,ok,"",2026-07-20 06:38:19.899323+00
61960,XRPUSDT,1m,ohlcv,58821,6,58824,0,quarantined,Data is stale: last candle 2 min ago,2026-07-20 06:38:10.744722+00
61959,XRPUSDT,"4h,1h,30m,15m,5m,1d",enrich,,,,0,ok,"",2026-07-20 06:37:50.727108+00
61958,SOLUSDT,"4h,1h,30m,15m,5m,1d",enrich,,,,0,ok,"",2026-07-20 06:37:19.951067+00
61957,SOLUSDT,1m,ohlcv,58820,6,58823,0,ok,"",2026-07-20 06:36:54.928288+00
61956,ETHUSDT,"4h,1h,30m,15m,5m,1d",enrich,,,,0,ok,"",2026-07-20 06:36:44.010953+00
61955,BTCUSDT,"4h,1h,30m,15m,5m,1d",enrich,,,,0,ok,"",2026-07-20 06:36:15.157209+00
61954,ETHUSDT,1m,ohlcv,55630,6,55633,0,ok,"",2026-07-20 06:35:44.198778+00
61953,DOGEUSDT,30m,ohlcv,62221,4,62222,0,ok,"",2026-07-20 06:35:44.173751+00
61952,BTCUSDT,1m,ohlcv,58820,6,58823,0,ok,"",2026-07-20 06:34:41.698983+00
61951,BNBUSDT,30m,ohlcv,62221,4,62222,0,ok,"",2026-07-20 06:34:28.983152+00
61950,DOGEUSDT,1m,ohlcv,58817,6,58820,0,ok,"",2026-07-20 06:33:34.617089+00
61949,XRPUSDT,30m,ohlcv,62221,4,62222,0,ok,"",2026-07-20 06:33:15.289203+00
61948,BNBUSDT,1m,ohlcv,58816,6,58819,0,ok,"",2026-07-20 06:32:25.593749+00
61947,SOLUSDT,30m,ohlcv,62221,4,62222,0,ok,"",2026-07-20 06:32:06.184343+00
61946,XRPUSDT,1m,ohlcv,58815,6,58818,0,ok,"",2026-07-20 06:31:19.854064+00
61945,ETHUSDT,30m,ohlcv,62221,3,62221,0,ok,"",2026-07-20 06:30:55.989748+00
61944,SOLUSDT,1m,ohlcv,58814,6,58817,0,ok,"",2026-07-20 06:30:17.358182+00
61943,BTCUSDT,30m,ohlcv,62221,3,62221,0,ok,"",2026-07-20 06:29:49.86411+00
61942,ETHUSDT,1m,ohlcv,55624,6,55627,0,ok,"",2026-07-20 06:29:15.568845+00
61941,DOGEUSDT,15m,ohlcv,124441,4,124442,0,ok,"",2026-07-20 06:28:44.607278+00
61940,BTCUSDT,1m,ohlcv,58814,6,58817,0,ok,"",2026-07-20 06:28:20.169816+00
61939,DOGEUSDT,1m,ohlcv,58808,9,58814,0,ok,"",2026-07-20 06:27:17.393463+00
61938,BNBUSDT,15m,ohlcv,124441,4,124442,0,ok,"",2026-07-20 06:26:26.406437+00
61937,BNBUSDT,1m,ohlcv,58809,7,58813,0,ok,"",2026-07-20 06:26:10.876121+00
61936,XRPUSDT,1m,ohlcv,58808,7,58812,0,ok,"",2026-07-20 06:25:12.323283+00
61935,XRPUSDT,15m,ohlcv,124441,4,124442,0,ok,"",2026-07-20 06:24:18.888487+00
61934,SOLUSDT,1m,ohlcv,58807,7,58811,0,ok,"",2026-07-20 06:24:09.795681+00
61933,ETHUSDT,1m,ohlcv,55617,7,55621,0,ok,"",2026-07-20 06:23:09.965072+00
61932,BTCUSDT,1m,ohlcv,58807,7,58811,0,ok,"",2026-07-20 06:22:11.081756+00
61931,SOLUSDT,15m,ohlcv,124441,4,124442,0,ok,"",2026-07-20 06:22:07.466342+00
61930,DOGEUSDT,1m,ohlcv,58804,7,58808,0,ok,"",2026-07-20 06:21:07.278342+00
61929,BNBUSDT,1m,ohlcv,58803,7,58807,0,ok,"",2026-07-20 06:20:04.759355+00
61928,ETHUSDT,15m,ohlcv,124441,4,124442,0,ok,"",2026-07-20 06:19:58.097592+00
61927,XRPUSDT,1m,ohlcv,58802,7,58806,0,ok,"",2026-07-20 06:19:05.412865+00
61926,SOLUSDT,1m,ohlcv,58798,10,58805,0,ok,"",2026-07-20 06:18:01.132075+00
61925,BTCUSDT,15m,ohlcv,124440,5,124442,0,ok,"",2026-07-20 06:17:46.675374+00
61924,ETHUSDT,1m,ohlcv,55611,6,55614,0,quarantined,Data is stale: last candle 2 min ago,2026-07-20 06:17:00.474578+00
61923,BTCUSDT,1m,ohlcv,58798,9,58804,0,ok,"",2026-07-20 06:15:57.25192+00
61922,DOGEUSDT,5m,ohlcv,373307,18,373322,0,quarantined,Data is stale: last candle 11 min ago,2026-07-20 06:15:32.671861+00
61921,DOGEUSDT,1m,ohlcv,58797,7,58801,0,ok,"",2026-07-20 06:14:55.832926+00
61920,BNBUSDT,1m,ohlcv,58796,7,58800,0,ok,"",2026-07-20 06:13:55.966776+00
61919,XRPUSDT,1m,ohlcv,58795,7,58799,0,ok,"",2026-07-20 06:12:52.875182+00
61918,SOLUSDT,1m,ohlcv,58794,7,58798,0,ok,"",2026-07-20 06:11:52.996182+00
61917,ETHUSDT,1m,ohlcv,55604,7,55608,0,ok,"",2026-07-20 06:10:48.044698+00
61916,BTCUSDT,1m,ohlcv,58794,7,58798,0,ok,"",2026-07-20 06:09:46.984465+00
61915,DOGEUSDT,1m,ohlcv,58791,7,58795,0,ok,"",2026-07-20 06:08:44.849841+00
61914,BNBUSDT,5m,ohlcv,373317,7,373321,0,ok,"",2026-07-20 06:08:35.056766+00
61913,BNBUSDT,1m,ohlcv,58790,7,58794,0,ok,"",2026-07-20 06:07:35.255172+00
61912,XRPUSDT,1m,ohlcv,58789,7,58793,0,ok,"",2026-07-20 06:06:30.810255+00
61911,SOLUSDT,1m,ohlcv,58785,10,58792,0,ok,"",2026-07-20 06:05:23.215953+00
61910,ETHUSDT,1m,ohlcv,55597,8,55602,0,ok,"",2026-07-20 06:04:21.490917+00
61909,BTCUSDT,1m,ohlcv,58787,8,58792,0,ok,"",2026-07-20 06:03:19.959649+00
61908,DOGEUSDT,1m,ohlcv,58784,8,58789,0,ok,"",2026-07-20 06:02:18.557849+00
61907,XRPUSDT,5m,ohlcv,373305,17,373319,0,quarantined,Data is stale: last candle 12 min ago,2026-07-20 06:01:56.300087+00
61906,BNBUSDT,1m,ohlcv,58783,8,58788,0,ok,"",2026-07-20 06:01:09.607556+00
61905,XRPUSDT,1m,ohlcv,58782,7,58786,0,quarantined,Data is stale: last candle 2 min ago,2026-07-20 06:00:01.316881+00
61904,SOLUSDT,1m,ohlcv,58772,16,58785,0,ok,"",2026-07-20 05:58:58.502837+00
61903,ETHUSDT,1m,ohlcv,55590,8,55595,0,ok,"",2026-07-20 05:57:58.791623+00
61902,BTCUSDT,1m,ohlcv,58777,11,58785,0,ok,"",2026-07-20 05:56:54.662911+00
61901,DOGEUSDT,1m,ohlcv,58776,9,58782,0,ok,"",2026-07-20 05:55:32.109836+00
61900,SOLUSDT,5m,ohlcv,373313,8,373318,0,ok,"",2026-07-20 05:54:36.375857+00
61899,BNBUSDT,1m,ohlcv,58775,8,58780,0,quarantined,Data is stale: last candle 2 min ago,2026-07-20 05:54:07.866956+00
61898,XRPUSDT,1m,ohlcv,58771,11,58779,0,ok,"",2026-07-20 05:52:38.325317+00
61897,SOLUSDT,1m,ohlcv,58772,8,58777,0,quarantined,Data is stale: last candle 2 min ago,2026-07-20 05:51:14.359132+00
61896,ETHUSDT,1m,ohlcv,55571,19,55587,0,ok,"",2026-07-20 05:49:55.580947+00
61895,BTCUSDT,1m,ohlcv,58771,9,58777,0,ok,"",2026-07-20 05:48:44.855374+00
61894,DOGEUSDT,1m,ohlcv,58764,12,58773,0,quarantined,Data is stale: last candle 2 min ago,2026-07-20 05:47:17.558221+00
61893,ETHUSDT,5m,ohlcv,373312,7,373316,0,quarantined,Data is stale: last candle 11 min ago,2026-07-20 05:45:52.288874+00
61892,BNBUSDT,1m,ohlcv,58753,22,58772,0,ok,"",2026-07-20 05:45:41.923971+00
61891,XRPUSDT,1m,ohlcv,58752,22,58771,0,ok,"",2026-07-20 05:44:23.680848+00
61890,SOLUSDT,1m,ohlcv,58762,10,58769,0,quarantined,Data is stale: last candle 2 min ago,2026-07-20 05:43:02.949671+00
61889,ETHUSDT,1m,ohlcv,55571,10,55578,0,quarantined,Data is stale: last candle 3 min ago,2026-07-20 05:41:31.937161+00
61888,BTCUSDT,1m,ohlcv,58761,9,58767,0,quarantined,Data is stale: last candle 3 min ago,2026-07-20 05:39:36.471322+00
61887,DOGEUSDT,1m,ohlcv,58757,10,58764,0,ok,"",2026-07-20 05:37:53.946112+00
61886,BNBUSDT,1m,ohlcv,58753,12,58762,0,quarantined,Data is stale: last candle 2 min ago,2026-07-20 05:36:05.628247+00
61885,BTCUSDT,5m,ohlcv,373301,16,373314,0,quarantined,Data is stale: last candle 11 min ago,2026-07-20 05:35:54.981575+00
61884,XRPUSDT,1m,ohlcv,58752,11,58760,0,quarantined,Data is stale: last candle 2 min ago,2026-07-20 05:34:03.725223+00
61883,SOLUSDT,1m,ohlcv,58753,9,58759,0,ok,"",2026-07-20 05:32:17.755513+00
61882,ETHUSDT,1m,ohlcv,55563,8,55568,0,quarantined,Data is stale: last candle 2 min ago,2026-07-20 05:31:01.211426+00
61881,BTCUSDT,1m,ohlcv,58753,7,58757,0,quarantined,Data is stale: last candle 3 min ago,2026-07-20 05:29:31.323955+00
61880,DOGEUSDT,1m,ohlcv,58748,9,58754,0,ok,"",2026-07-20 05:27:37.773449+00
61879,BNBUSDT,1m,ohlcv,58748,8,58753,0,ok,"",2026-07-20 05:26:11.092035+00
61878,DOGEUSDT,snapshot,orderbook,,100,,0,ok,"",2026-07-20 05:25:42.885632+00
61877,BNBUSDT,snapshot,orderbook,,100,,0,ok,"",2026-07-20 05:25:40.847637+00
61876,XRPUSDT,snapshot,orderbook,,100,,0,ok,"",2026-07-20 05:25:38.916857+00
61875,SOLUSDT,snapshot,orderbook,,100,,0,ok,"",2026-07-20 05:25:36.932176+00
61874,ETHUSDT,snapshot,orderbook,,100,,0,ok,"",2026-07-20 05:25:34.866789+00
61873,BTCUSDT,snapshot,orderbook,,100,,0,ok,"",2026-07-20 05:25:33.272288+00
61872,DOGEUSDT,4h,ohlcv,7777,4,7778,0,ok,"",2026-07-20 05:25:31.336097+00
61871,BNBUSDT,4h,ohlcv,7777,4,7778,0,ok,"",2026-07-20 05:25:21.91446+00
61870,XRPUSDT,1m,ohlcv,58748,7,58752,0,ok,"",2026-07-20 05:25:14.33295+00
61869,XRPUSDT,4h,ohlcv,7777,4,7778,0,ok,"",2026-07-20 05:25:12.118447+00
61868,SOLUSDT,4h,ohlcv,7777,4,7778,0,ok,"",2026-07-20 05:25:02.476774+00
61867,ETHUSDT,4h,ohlcv,7777,4,7778,0,ok,"",2026-07-20 05:24:53.718396+00
61866,BTCUSDT,4h,ohlcv,7777,4,7778,0,ok,"",2026-07-20 05:24:44.350368+00
61865,DOGEUSDT,1h,open_interest_1h,31203,200,31203,0,ok,"",2026-07-20 05:24:34.665864+00
61864,BNBUSDT,1h,open_interest_1h,31203,200,31203,0,ok,"",2026-07-20 05:24:32.821082+00
61863,XRPUSDT,1h,open_interest_1h,31203,200,31203,0,ok,"",2026-07-20 05:24:30.444954+00
61862,SOLUSDT,1h,open_interest_1h,31203,200,31203,0,ok,"",2026-07-20 05:24:28.394516+00
61861,ETHUSDT,1h,open_interest_1h,31203,200,31203,0,ok,"",2026-07-20 05:24:26.414746+00
61860,BTCUSDT,1h,open_interest_1h,31203,200,31203,0,ok,"",2026-07-20 05:24:24.51817+00
61859,DOGEUSDT,8h,funding_rate,3925,200,3925,0,ok,"",2026-07-20 05:24:22.257358+00
61858,BNBUSDT,8h,funding_rate,3925,200,3925,0,ok,"",2026-07-20 05:24:20.088076+00
61857,XRPUSDT,8h,funding_rate,3925,200,3925,0,ok,"",2026-07-20 05:24:18.023568+00
61856,SOLUSDT,8h,funding_rate,3925,200,3925,0,ok,"",2026-07-20 05:24:16.173867+00
61855,SOLUSDT,1m,ohlcv,58747,7,58751,0,ok,"",2026-07-20 05:24:15.225588+00
61854,ETHUSDT,8h,funding_rate,3925,200,3925,0,ok,"",2026-07-20 05:24:14.06227+00
61853,BTCUSDT,8h,funding_rate,3925,200,3925,0,ok,"",2026-07-20 05:24:12.082343+00
61852,DOGEUSDT,1h,ohlcv,31110,3,31110,0,ok,"",2026-07-20 05:24:10.771983+00
61851,BNBUSDT,1h,ohlcv,31110,3,31110,0,ok,"",2026-07-20 05:23:29.864849+00
61850,ETHUSDT,1m,ohlcv,55557,7,55561,0,ok,"",2026-07-20 05:23:13.218317+00
61849,XRPUSDT,1h,ohlcv,31110,3,31110,0,ok,"",2026-07-20 05:22:54.84546+00
61848,SOLUSDT,1h,ohlcv,31110,3,31110,0,ok,"",2026-07-20 05:22:19.485788+00
61847,BTCUSDT,1m,ohlcv,58747,7,58751,0,ok,"",2026-07-20 05:22:16.81562+00
61846,ETHUSDT,1h,ohlcv,31110,3,31110,0,ok,"",2026-07-20 05:21:46.712963+00
61845,DOGEUSDT,1m,ohlcv,58744,7,58748,0,ok,"",2026-07-20 05:21:17.587536+00
61844,BTCUSDT,1h,ohlcv,31110,3,31110,0,ok,"",2026-07-20 05:21:14.541932+00
61843,DOGEUSDT,"4h,1h,30m,15m,5m,1d",enrich,,,,0,ok,"",2026-07-20 05:20:40.292934+00
61842,BNBUSDT,1m,ohlcv,58743,7,58747,0,ok,"",2026-07-20 05:20:13.098874+00
61841,BNBUSDT,"4h,1h,30m,15m,5m,1d",enrich,,,,0,ok,"",2026-07-20 05:20:13.063127+00
61840,XRPUSDT,"4h,1h,30m,15m,5m,1d",enrich,,,,0,ok,"",2026-07-20 05:19:45.102162+00
61839,SOLUSDT,"4h,1h,30m,15m,5m,1d",enrich,,,,0,ok,"",2026-07-20 05:19:18.0142+00
61838,XRPUSDT,1m,ohlcv,58742,7,58746,0,ok,"",2026-07-20 05:19:10.726851+00
61837,ETHUSDT,"4h,1h,30m,15m,5m,1d",enrich,,,,0,ok,"",2026-07-20 05:18:51.063002+00
61836,BTCUSDT,"4h,1h,30m,15m,5m,1d",enrich,,,,0,ok,"",2026-07-20 05:18:19.827212+00
61835,SOLUSDT,1m,ohlcv,58740,8,58745,0,ok,"",2026-07-20 05:18:03.780582+00
61834,DOGEUSDT,30m,ohlcv,62219,3,62219,0,ok,"",2026-07-20 05:17:52.560211+00
61833,ETHUSDT,1m,ohlcv,55550,8,55555,0,ok,"",2026-07-20 05:17:05.091006+00
61832,BNBUSDT,30m,ohlcv,62219,3,62219,0,ok,"",2026-07-20 05:16:41.248001+00
61831,BTCUSDT,1m,ohlcv,58740,8,58745,0,ok,"",2026-07-20 05:16:08.865088+00
61830,XRPUSDT,30m,ohlcv,62218,4,62219,0,ok,"",2026-07-20 05:15:34.679351+00
61829,DOGEUSDT,1m,ohlcv,58737,7,58741,0,quarantined,Data is stale: last candle 2 min ago,2026-07-20 05:15:04.116432+00
61828,SOLUSDT,30m,ohlcv,62218,4,62219,0,ok,"",2026-07-20 05:14:29.924212+00
61827,BNBUSDT,1m,ohlcv,58736,7,58740,0,ok,"",2026-07-20 05:13:58.352283+00
61826,ETHUSDT,30m,ohlcv,62218,4,62219,0,ok,"",2026-07-20 05:13:20.255099+00
61825,XRPUSDT,1m,ohlcv,58735,7,58739,0,ok,"",2026-07-20 05:12:52.417492+00
61824,BTCUSDT,30m,ohlcv,62218,4,62219,0,ok,"",2026-07-20 05:12:11.855078+00
61823,SOLUSDT,1m,ohlcv,58734,7,58738,0,ok,"",2026-07-20 05:11:49.065857+00
61822,DOGEUSDT,15m,ohlcv,124436,4,124437,0,ok,"",2026-07-20 05:11:06.047674+00
61821,ETHUSDT,1m,ohlcv,55545,6,55548,0,ok,"",2026-07-20 05:10:47.730404+00
61820,BTCUSDT,1m,ohlcv,58735,6,58738,0,ok,"",2026-07-20 05:09:52.146589+00
61819,DOGEUSDT,1m,ohlcv,58730,8,58735,0,ok,"",2026-07-20 05:08:59.574073+00
61818,BNBUSDT,15m,ohlcv,124436,4,124437,0,ok,"",2026-07-20 05:08:56.787378+00
61817,BNBUSDT,1m,ohlcv,58730,7,58734,0,ok,"",2026-07-20 05:07:55.799889+00
61816,XRPUSDT,1m,ohlcv,58729,8,58734,0,ok,"",2026-07-20 05:06:58.909075+00
61815,XRPUSDT,15m,ohlcv,124436,4,124437,0,ok,"",2026-07-20 05:06:50.953547+00
61814,SOLUSDT,1m,ohlcv,58728,8,58733,0,ok,"",2026-07-20 05:06:00.25019+00
61813,ETHUSDT,1m,ohlcv,55538,8,55543,0,ok,"",2026-07-20 05:05:03.721486+00
61812,SOLUSDT,15m,ohlcv,124436,4,124437,0,ok,"",2026-07-20 05:04:52.066937+00
61811,BTCUSDT,1m,ohlcv,58728,8,58733,0,ok,"",2026-07-20 05:04:10.016368+00
61810,DOGEUSDT,1m,ohlcv,58725,8,58730,0,ok,"",2026-07-20 05:03:12.328393+00
61809,ETHUSDT,15m,ohlcv,124436,4,124437,0,ok,"",2026-07-20 05:02:47.197861+00
61808,BNBUSDT,1m,ohlcv,58725,7,58729,0,ok,"",2026-07-20 05:02:08.218538+00
61807,XRPUSDT,1m,ohlcv,58724,7,58728,0,ok,"",2026-07-20 05:01:11.503846+00
61806,BTCUSDT,15m,ohlcv,124435,4,124436,0,ok,"",2026-07-20 05:00:41.04107+00
61805,SOLUSDT,1m,ohlcv,58723,7,58727,0,ok,"",2026-07-20 05:00:11.744097+00
61804,ETHUSDT,1m,ohlcv,55533,7,55537,0,ok,"",2026-07-20 04:59:14.125166+00
61803,DOGEUSDT,5m,ohlcv,373304,6,373307,0,ok,"",2026-07-20 04:58:38.398262+00
61802,BTCUSDT,1m,ohlcv,58723,7,58727,0,ok,"",2026-07-20 04:58:23.040673+00
61801,DOGEUSDT,1m,ohlcv,58720,7,58724,0,ok,"",2026-07-20 04:57:26.19951+00
61800,BNBUSDT,1m,ohlcv,58719,7,58723,0,ok,"",2026-07-20 04:56:27.024965+00
61799,XRPUSDT,1m,ohlcv,58718,7,58722,0,ok,"",2026-07-20 04:55:30.505094+00
61798,SOLUSDT,1m,ohlcv,58717,7,58721,0,ok,"",2026-07-20 04:54:33.145416+00
61797,ETHUSDT,1m,ohlcv,55527,7,55531,0,ok,"",2026-07-20 04:53:34.474078+00
61796,BTCUSDT,1m,ohlcv,58717,7,58721,0,ok,"",2026-07-20 04:52:39.091182+00
61795,BNBUSDT,5m,ohlcv,373303,6,373306,0,ok,"",2026-07-20 04:52:13.264015+00
61794,DOGEUSDT,1m,ohlcv,58714,7,58718,0,ok,"",2026-07-20 04:51:42.254115+00
61793,BNBUSDT,1m,ohlcv,58713,7,58717,0,ok,"",2026-07-20 04:50:41.321657+00
61792,XRPUSDT,1m,ohlcv,58712,7,58716,0,ok,"",2026-07-20 04:49:42.767538+00
61791,SOLUSDT,1m,ohlcv,58711,7,58715,0,ok,"",2026-07-20 04:48:47.874947+00
61790,ETHUSDT,1m,ohlcv,55521,7,55525,0,ok,"",2026-07-20 04:47:51.700753+00
61789,BTCUSDT,1m,ohlcv,58711,8,58716,0,ok,"",2026-07-20 04:47:00.129372+00
61788,XRPUSDT,5m,ohlcv,373302,6,373305,0,ok,"",2026-07-20 04:46:11.600117+00
61787,DOGEUSDT,1m,ohlcv,58708,7,58712,0,quarantined,Data is stale: last candle 2 min ago,2026-07-20 04:46:01.212762+00
61786,BNBUSDT,1m,ohlcv,58708,7,58712,0,ok,"",2026-07-20 04:44:59.840358+00
61785,XRPUSDT,1m,ohlcv,58707,7,58711,0,ok,"",2026-07-20 04:44:01.44096+00
61784,SOLUSDT,1m,ohlcv,58706,7,58710,0,ok,"",2026-07-20 04:43:05.712549+00
61783,ETHUSDT,1m,ohlcv,55516,7,55520,0,ok,"",2026-07-20 04:42:13.871854+00
61782,BTCUSDT,1m,ohlcv,58706,7,58710,0,ok,"",2026-07-20 04:41:31.42715+00
61781,SOLUSDT,5m,ohlcv,373301,6,373304,0,ok,"",2026-07-20 04:40:41.963416+00
61780,DOGEUSDT,1m,ohlcv,58703,7,58707,0,ok,"",2026-07-20 04:40:33.906167+00
61779,BNBUSDT,1m,ohlcv,58702,7,58706,0,ok,"",2026-07-20 04:39:40.646476+00
61778,XRPUSDT,1m,ohlcv,58701,8,58706,0,ok,"",2026-07-20 04:38:52.535757+00
61777,SOLUSDT,1m,ohlcv,58700,8,58705,0,ok,"",2026-07-20 04:38:00.139138+00
61776,ETHUSDT,1m,ohlcv,55510,8,55515,0,ok,"",2026-07-20 04:37:08.497113+00
61775,BTCUSDT,1m,ohlcv,58700,8,58705,0,ok,"",2026-07-20 04:36:14.676604+00
61774,ETHUSDT,5m,ohlcv,373300,5,373302,0,quarantined,Data is stale: last candle 10 min ago,2026-07-20 04:35:21.877066+00
61773,DOGEUSDT,1m,ohlcv,58697,8,58702,0,ok,"",2026-07-20 04:35:17.955483+00
61772,BNBUSDT,1m,ohlcv,58697,7,58701,0,ok,"",2026-07-20 04:34:18.056392+00
61771,XRPUSDT,1m,ohlcv,58696,7,58700,0,ok,"",2026-07-20 04:33:21.370446+00
61770,SOLUSDT,1m,ohlcv,58695,7,58699,0,ok,"",2026-07-20 04:32:23.664696+00
61769,ETHUSDT,1m,ohlcv,55505,7,55509,0,ok,"",2026-07-20 04:31:28.936422+00
61768,BTCUSDT,1m,ohlcv,58695,7,58699,0,ok,"",2026-07-20 04:30:38.545078+00
61767,DOGEUSDT,1m,ohlcv,58692,7,58696,0,ok,"",2026-07-20 04:29:43.739722+00
61766,BTCUSDT,5m,ohlcv,373289,15,373301,0,ok,"",2026-07-20 04:29:30.971632+00
61765,BNBUSDT,1m,ohlcv,58691,7,58695,0,ok,"",2026-07-20 04:28:43.955829+00
61764,XRPUSDT,1m,ohlcv,58690,7,58694,0,ok,"",2026-07-20 04:27:48.771906+00
61763,SOLUSDT,1m,ohlcv,58689,7,58693,0,ok,"",2026-07-20 04:26:52.724894+00
61762,ETHUSDT,1m,ohlcv,55499,8,55504,0,ok,"",2026-07-20 04:25:57.974612+00
61761,BTCUSDT,1m,ohlcv,58689,8,58694,0,ok,"",2026-07-20 04:25:04.320358+00
61760,DOGEUSDT,1m,ohlcv,58686,8,58691,0,ok,"",2026-07-20 04:24:07.642473+00
61759,DOGEUSDT,snapshot,orderbook,,100,,0,ok,"",2026-07-20 04:23:42.712856+00
61758,BNBUSDT,snapshot,orderbook,,100,,0,ok,"",2026-07-20 04:23:40.678954+00
61757,XRPUSDT,snapshot,orderbook,,100,,0,ok,"",2026-07-20 04:23:38.667739+00
61756,SOLUSDT,snapshot,orderbook,,100,,0,ok,"",2026-07-20 04:23:36.869178+00
61755,ETHUSDT,snapshot,orderbook,,100,,0,ok,"",2026-07-20 04:23:34.839991+00
61754,BTCUSDT,snapshot,orderbook,,100,,0,ok,"",2026-07-20 04:23:32.803899+00
61753,DOGEUSDT,1h,open_interest_1h,31202,200,31202,0,ok,"",2026-07-20 04:23:31.147856+00
61752,BNBUSDT,1h,open_interest_1h,31202,200,31202,0,ok,"",2026-07-20 04:23:29.015515+00
61751,XRPUSDT,1h,open_interest_1h,31202,200,31202,0,ok,"",2026-07-20 04:23:27.087094+00
61750,SOLUSDT,1h,open_interest_1h,31202,200,31202,0,ok,"",2026-07-20 04:23:25.122106+00
61749,ETHUSDT,1h,open_interest_1h,31202,200,31202,0,ok,"",2026-07-20 04:23:22.985241+00
61748,BTCUSDT,1h,open_interest_1h,31202,200,31202,0,ok,"",2026-07-20 04:23:21.097849+00
61747,DOGEUSDT,8h,funding_rate,3925,200,3925,0,ok,"",2026-07-20 04:23:18.978293+00
61746,BNBUSDT,8h,funding_rate,3925,200,3925,0,ok,"",2026-07-20 04:23:16.804457+00
61745,XRPUSDT,8h,funding_rate,3925,200,3925,0,ok,"",2026-07-20 04:23:14.928755+00
61744,SOLUSDT,8h,funding_rate,3925,200,3925,0,ok,"",2026-07-20 04:23:13.000771+00
61743,BNBUSDT,1m,ohlcv,58685,8,58690,0,ok,"",2026-07-20 04:23:12.894931+00
61742,ETHUSDT,8h,funding_rate,3925,200,3925,0,ok,"",2026-07-20 04:23:10.901093+00
61741,BTCUSDT,8h,funding_rate,3925,200,3925,0,ok,"",2026-07-20 04:23:08.84488+00
61740,DOGEUSDT,1h,ohlcv,31109,3,31109,0,ok,"",2026-07-20 04:23:07.617582+00
61739,BNBUSDT,1h,ohlcv,31109,3,31109,0,ok,"",2026-07-20 04:22:33.382077+00
61738,XRPUSDT,1m,ohlcv,58684,8,58689,0,ok,"",2026-07-20 04:22:19.071215+00
61737,XRPUSDT,1h,ohlcv,31109,3,31109,0,ok,"",2026-07-20 04:22:01.826796+00
61736,SOLUSDT,1h,ohlcv,31109,3,31109,0,ok,"",2026-07-20 04:21:30.069558+00
61735,SOLUSDT,1m,ohlcv,58683,8,58688,0,ok,"",2026-07-20 04:21:22.837586+00
61734,ETHUSDT,1h,ohlcv,31109,3,31109,0,ok,"",2026-07-20 04:20:58.188014+00
61733,BTCUSDT,1h,ohlcv,31109,3,31109,0,ok,"",2026-07-20 04:20:27.356907+00
61732,ETHUSDT,1m,ohlcv,55494,7,55498,0,ok,"",2026-07-20 04:20:24.922859+00
61731,DOGEUSDT,"4h,1h,30m,15m,5m,1d",enrich,,,,0,ok,"",2026-07-20 04:19:55.441989+00
61730,BNBUSDT,"4h,1h,30m,15m,5m,1d",enrich,,,,0,ok,"",2026-07-20 04:19:30.632851+00
61729,BTCUSDT,1m,ohlcv,58684,7,58688,0,ok,"",2026-07-20 04:19:27.130838+00
61728,XRPUSDT,"4h,1h,30m,15m,5m,1d",enrich,,,,0,ok,"",2026-07-20 04:19:04.492638+00
61727,SOLUSDT,"4h,1h,30m,15m,5m,1d",enrich,,,,0,ok,"",2026-07-20 04:18:40.614203+00
61726,DOGEUSDT,1m,ohlcv,58679,9,58685,0,ok,"",2026-07-20 04:18:24.663569+00
61725,ETHUSDT,"4h,1h,30m,15m,5m,1d",enrich,,,,0,ok,"",2026-07-20 04:18:14.682733+00
61724,BTCUSDT,"4h,1h,30m,15m,5m,1d",enrich,,,,0,ok,"",2026-07-20 04:17:47.306117+00
61723,DOGEUSDT,30m,ohlcv,62217,3,62217,0,ok,"",2026-07-20 04:17:19.167768+00
61722,BNBUSDT,1m,ohlcv,58680,7,58684,0,ok,"",2026-07-20 04:17:17.590418+00
61721,XRPUSDT,1m,ohlcv,58679,7,58683,0,ok,"",2026-07-20 04:16:21.060393+00
61720,BNBUSDT,30m,ohlcv,62217,3,62217,0,ok,"",2026-07-20 04:16:12.246765+00
61719,SOLUSDT,1m,ohlcv,58678,7,58682,0,ok,"",2026-07-20 04:15:26.346937+00
61718,XRPUSDT,30m,ohlcv,62216,4,62217,0,ok,"",2026-07-20 04:15:09.238869+00
61717,ETHUSDT,1m,ohlcv,55488,7,55492,0,ok,"",2026-07-20 04:14:30.079718+00
61716,SOLUSDT,30m,ohlcv,62216,4,62217,0,ok,"",2026-07-20 04:14:07.138107+00
61715,BTCUSDT,1m,ohlcv,58678,7,58682,0,ok,"",2026-07-20 04:13:34.877791+00
61714,ETHUSDT,30m,ohlcv,62216,4,62217,0,ok,"",2026-07-20 04:13:05.18818+00
61713,DOGEUSDT,1m,ohlcv,58675,7,58679,0,ok,"",2026-07-20 04:12:38.67823+00
61712,BTCUSDT,30m,ohlcv,62216,4,62217,0,ok,"",2026-07-20 04:12:03.378275+00
61711,BNBUSDT,1m,ohlcv,58674,7,58678,0,ok,"",2026-07-20 04:11:38.724682+00
61710,DOGEUSDT,15m,ohlcv,124432,4,124433,0,ok,"",2026-07-20 04:11:01.879287+00
61709,XRPUSDT,1m,ohlcv,58673,7,58677,0,ok,"",2026-07-20 04:10:45.777262+00
61708,SOLUSDT,1m,ohlcv,58672,7,58676,0,ok,"",2026-07-20 04:09:50.528115+00
61707,ETHUSDT,1m,ohlcv,55482,8,55487,0,ok,"",2026-07-20 04:08:57.105779+00
61706,BNBUSDT,15m,ohlcv,124432,4,124433,0,ok,"",2026-07-20 04:08:54.782139+00
61705,BTCUSDT,1m,ohlcv,58672,8,58677,0,ok,"",2026-07-20 04:08:10.226525+00
61704,DOGEUSDT,1m,ohlcv,58669,8,58674,0,ok,"",2026-07-20 04:07:15.046119+00
61703,XRPUSDT,15m,ohlcv,124432,4,124433,0,ok,"",2026-07-20 04:06:59.289315+00
61702,BNBUSDT,1m,ohlcv,58668,8,58673,0,ok,"",2026-07-20 04:06:14.116852+00
61701,XRPUSDT,1m,ohlcv,58667,8,58672,0,ok,"",2026-07-20 04:05:18.08017+00
61700,SOLUSDT,15m,ohlcv,124432,4,124433,0,ok,"",2026-07-20 04:04:56.813913+00
61699,SOLUSDT,1m,ohlcv,58666,8,58671,0,ok,"",2026-07-20 04:04:24.919288+00
61698,ETHUSDT,1m,ohlcv,55476,8,55481,0,ok,"",2026-07-20 04:03:30.816724+00
61697,ETHUSDT,15m,ohlcv,124432,4,124433,0,ok,"",2026-07-20 04:03:04.935075+00
61696,BTCUSDT,1m,ohlcv,58666,8,58671,0,ok,"",2026-07-20 04:02:40.262723+00
61695,DOGEUSDT,1m,ohlcv,58663,8,58668,0,ok,"",2026-07-20 04:01:42.231213+00
61694,BTCUSDT,15m,ohlcv,124431,4,124432,0,ok,"",2026-07-20 04:01:04.054333+00
61693,BNBUSDT,1m,ohlcv,58662,8,58667,0,ok,"",2026-07-20 04:00:43.310196+00
61692,XRPUSDT,1m,ohlcv,58661,8,58666,0,ok,"",2026-07-20 03:59:46.101868+00
61691,DOGEUSDT,5m,ohlcv,373292,6,373295,0,ok,"",2026-07-20 03:59:01.486739+00
61690,SOLUSDT,1m,ohlcv,58661,7,58665,0,ok,"",2026-07-20 03:58:49.672548+00
61689,ETHUSDT,1m,ohlcv,55471,7,55475,0,ok,"",2026-07-20 03:57:52.463241+00
61688,BTCUSDT,1m,ohlcv,58661,8,58666,0,ok,"",2026-07-20 03:56:58.260165+00
61687,DOGEUSDT,1m,ohlcv,58658,8,58663,0,ok,"",2026-07-20 03:55:59.573084+00
61686,BNBUSDT,1m,ohlcv,58657,8,58662,0,ok,"",2026-07-20 03:54:59.886206+00
61685,XRPUSDT,1m,ohlcv,58656,8,58661,0,ok,"",2026-07-20 03:54:04.054017+00
61684,SOLUSDT,1m,ohlcv,58655,8,58660,0,ok,"",2026-07-20 03:53:07.311061+00
61683,BNBUSDT,5m,ohlcv,373291,6,373294,0,ok,"",2026-07-20 03:52:36.084095+00
61682,ETHUSDT,1m,ohlcv,55465,8,55470,0,ok,"",2026-07-20 03:52:11.246396+00
61681,BTCUSDT,1m,ohlcv,58655,8,58660,0,ok,"",2026-07-20 03:51:18.984853+00
61680,DOGEUSDT,1m,ohlcv,58652,8,58657,0,ok,"",2026-07-20 03:50:21.380187+00
61679,BNBUSDT,1m,ohlcv,58651,8,58656,0,ok,"",2026-07-20 03:49:21.349078+00
61678,XRPUSDT,1m,ohlcv,58650,8,58655,0,ok,"",2026-07-20 03:48:25.22871+00
61677,SOLUSDT,1m,ohlcv,58649,8,58654,0,ok,"",2026-07-20 03:47:28.779452+00
61676,XRPUSDT,5m,ohlcv,373290,6,373293,0,ok,"",2026-07-20 03:46:45.637195+00
61675,ETHUSDT,1m,ohlcv,55459,8,55464,0,ok,"",2026-07-20 03:46:32.48679+00
61674,BTCUSDT,1m,ohlcv,58649,8,58654,0,ok,"",2026-07-20 03:45:36.7648+00
61673,DOGEUSDT,1m,ohlcv,58646,8,58651,0,ok,"",2026-07-20 03:44:39.71112+00
61672,BNBUSDT,1m,ohlcv,58645,8,58650,0,ok,"",2026-07-20 03:43:38.066095+00
61671,XRPUSDT,1m,ohlcv,58644,8,58649,0,ok,"",2026-07-20 03:42:39.453359+00
61670,SOLUSDT,1m,ohlcv,58643,8,58648,0,ok,"",2026-07-20 03:41:40.183966+00
61669,SOLUSDT,5m,ohlcv,373279,15,373291,0,quarantined,Data is stale: last candle 11 min ago,2026-07-20 03:40:45.401924+00
61668,ETHUSDT,1m,ohlcv,55453,8,55458,0,ok,"",2026-07-20 03:40:41.720699+00
61667,BTCUSDT,1m,ohlcv,58643,8,58648,0,ok,"",2026-07-20 03:39:47.77949+00
61666,DOGEUSDT,1m,ohlcv,58640,8,58645,0,ok,"",2026-07-20 03:38:51.505647+00
61665,BNBUSDT,1m,ohlcv,58640,7,58644,0,ok,"",2026-07-20 03:37:51.129758+00
61664,XRPUSDT,1m,ohlcv,58639,8,58644,0,ok,"",2026-07-20 03:36:54.949006+00
61663,SOLUSDT,1m,ohlcv,58638,8,58643,0,ok,"",2026-07-20 03:36:00.580922+00
61662,ETHUSDT,1m,ohlcv,55448,8,55453,0,ok,"",2026-07-20 03:35:03.388858+00
61661,ETHUSDT,5m,ohlcv,373287,6,373290,0,ok,"",2026-07-20 03:34:46.886842+00
61660,BTCUSDT,1m,ohlcv,58638,8,58643,0,ok,"",2026-07-20 03:34:08.826334+00
61659,DOGEUSDT,1m,ohlcv,58635,8,58640,0,ok,"",2026-07-20 03:33:11.465447+00
61658,BNBUSDT,1m,ohlcv,58634,8,58639,0,ok,"",2026-07-20 03:32:10.359863+00
61657,XRPUSDT,1m,ohlcv,58633,8,58638,0,ok,"",2026-07-20 03:31:13.758431+00
61656,SOLUSDT,1m,ohlcv,58632,8,58637,0,ok,"",2026-07-20 03:30:17.479081+00
61655,ETHUSDT,1m,ohlcv,55442,8,55447,0,ok,"",2026-07-20 03:29:22.266465+00
61654,BTCUSDT,5m,ohlcv,373286,6,373289,0,ok,"",2026-07-20 03:28:45.833515+00
61653,BTCUSDT,1m,ohlcv,58632,8,58637,0,ok,"",2026-07-20 03:28:27.459885+00
61652,DOGEUSDT,1m,ohlcv,58629,8,58634,0,ok,"",2026-07-20 03:27:29.884095+00
61651,BNBUSDT,1m,ohlcv,58628,8,58633,0,ok,"",2026-07-20 03:26:26.146041+00
61650,XRPUSDT,1m,ohlcv,58627,8,58632,0,ok,"",2026-07-20 03:25:30.377556+00
61649,SOLUSDT,1m,ohlcv,58626,8,58631,0,ok,"",2026-07-20 03:24:33.201427+00
61648,ETHUSDT,1m,ohlcv,55436,8,55441,0,ok,"",2026-07-20 03:23:34.473759+00
61647,DOGEUSDT,snapshot,orderbook,,100,,0,ok,"",2026-07-20 03:22:41.627115+00
61646,BNBUSDT,snapshot,orderbook,,100,,0,ok,"",2026-07-20 03:22:39.602538+00
61645,BTCUSDT,1m,ohlcv,58626,8,58631,0,ok,"",2026-07-20 03:22:38.871207+00
61644,XRPUSDT,snapshot,orderbook,,100,,0,ok,"",2026-07-20 03:22:37.621757+00
61643,SOLUSDT,snapshot,orderbook,,100,,0,ok,"",2026-07-20 03:22:35.621902+00
61642,ETHUSDT,snapshot,orderbook,,100,,0,ok,"",2026-07-20 03:22:33.992653+00
61641,BTCUSDT,snapshot,orderbook,,100,,0,ok,"",2026-07-20 03:22:31.665368+00
61640,DOGEUSDT,1h,open_interest_1h,31201,200,31201,0,ok,"",2026-07-20 03:22:30.087847+00
61639,BNBUSDT,1h,open_interest_1h,31201,200,31201,0,ok,"",2026-07-20 03:22:28.172395+00
61638,XRPUSDT,1h,open_interest_1h,31201,200,31201,0,ok,"",2026-07-20 03:22:26.038856+00
61637,SOLUSDT,1h,open_interest_1h,31201,200,31201,0,ok,"",2026-07-20 03:22:23.947067+00
61636,ETHUSDT,1h,open_interest_1h,31201,200,31201,0,ok,"",2026-07-20 03:22:21.989777+00
61635,BTCUSDT,1h,open_interest_1h,31201,200,31201,0,ok,"",2026-07-20 03:22:20.013529+00
61634,DOGEUSDT,8h,funding_rate,3925,200,3925,0,ok,"",2026-07-20 03:22:17.591762+00
61633,BNBUSDT,8h,funding_rate,3925,200,3925,0,ok,"",2026-07-20 03:22:15.729853+00
61632,XRPUSDT,8h,funding_rate,3925,200,3925,0,ok,"",2026-07-20 03:22:13.626945+00
61631,SOLUSDT,8h,funding_rate,3925,200,3925,0,ok,"",2026-07-20 03:22:11.669024+00
61630,ETHUSDT,8h,funding_rate,3925,200,3925,0,ok,"",2026-07-20 03:22:09.65085+00
61629,BTCUSDT,8h,funding_rate,3925,200,3925,0,ok,"",2026-07-20 03:22:07.907902+00
61628,DOGEUSDT,1h,ohlcv,31108,3,31108,0,ok,"",2026-07-20 03:22:06.526633+00
61627,DOGEUSDT,1m,ohlcv,58623,8,58628,0,ok,"",2026-07-20 03:21:45.03103+00
61626,BNBUSDT,1h,ohlcv,31108,3,31108,0,ok,"",2026-07-20 03:21:31.900484+00
61625,XRPUSDT,1h,ohlcv,31108,3,31108,0,ok,"",2026-07-20 03:20:59.541802+00
61624,BNBUSDT,1m,ohlcv,58622,8,58627,0,ok,"",2026-07-20 03:20:43.687301+00
61623,SOLUSDT,1h,ohlcv,31108,3,31108,0,ok,"",2026-07-20 03:20:27.497262+00
61622,ETHUSDT,1h,ohlcv,31108,3,31108,0,ok,"",2026-07-20 03:19:54.499658+00
61621,XRPUSDT,1m,ohlcv,58622,7,58626,0,ok,"",2026-07-20 03:19:45.488831+00
61620,BTCUSDT,1h,ohlcv,31108,3,31108,0,ok,"",2026-07-20 03:19:22.738396+00
61619,DOGEUSDT,"4h,1h,30m,15m,5m,1d",enrich,,,,0,ok,"",2026-07-20 03:18:51.512868+00
61618,SOLUSDT,1m,ohlcv,58621,7,58625,0,ok,"",2026-07-20 03:18:47.939337+00
61617,BNBUSDT,"4h,1h,30m,15m,5m,1d",enrich,,,,0,ok,"",2026-07-20 03:18:26.122623+00
61616,XRPUSDT,"4h,1h,30m,15m,5m,1d",enrich,,,,0,ok,"",2026-07-20 03:18:00.485942+00
61615,ETHUSDT,1m,ohlcv,55431,7,55435,0,ok,"",2026-07-20 03:17:47.55425+00
61614,SOLUSDT,"4h,1h,30m,15m,5m,1d",enrich,,,,0,ok,"",2026-07-20 03:17:34.90073+00
61613,ETHUSDT,"4h,1h,30m,15m,5m,1d",enrich,,,,0,ok,"",2026-07-20 03:17:08.855044+00
61612,BTCUSDT,1m,ohlcv,58621,7,58625,0,ok,"",2026-07-20 03:16:49.191496+00
61611,BTCUSDT,"4h,1h,30m,15m,5m,1d",enrich,,,,0,ok,"",2026-07-20 03:16:43.25569+00
61610,DOGEUSDT,30m,ohlcv,62215,3,62215,0,ok,"",2026-07-20 03:16:16.239875+00
61609,DOGEUSDT,1m,ohlcv,58618,7,58622,0,ok,"",2026-07-20 03:15:49.818432+00
61608,BNBUSDT,30m,ohlcv,62214,4,62215,0,ok,"",2026-07-20 03:15:08.102245+00
61607,BNBUSDT,1m,ohlcv,58617,7,58621,0,ok,"",2026-07-20 03:14:48.787852+00
61606,XRPUSDT,30m,ohlcv,62214,4,62215,0,ok,"",2026-07-20 03:14:03.715727+00
61605,XRPUSDT,1m,ohlcv,58616,7,58620,0,ok,"",2026-07-20 03:13:52.346507+00
61604,SOLUSDT,30m,ohlcv,62214,4,62215,0,ok,"",2026-07-20 03:13:02.586517+00
61603,SOLUSDT,1m,ohlcv,58615,7,58619,0,ok,"",2026-07-20 03:12:55.079522+00
61602,ETHUSDT,30m,ohlcv,62214,4,62215,0,ok,"",2026-07-20 03:12:01.463012+00
61601,ETHUSDT,1m,ohlcv,55425,8,55430,0,ok,"",2026-07-20 03:11:57.224239+00
61600,BTCUSDT,1m,ohlcv,58615,8,58620,0,ok,"",2026-07-20 03:11:02.865405+00
61599,BTCUSDT,30m,ohlcv,62214,4,62215,0,ok,"",2026-07-20 03:10:58.711207+00
61598,DOGEUSDT,1m,ohlcv,58612,8,58617,0,ok,"",2026-07-20 03:10:06.173088+00
61597,DOGEUSDT,15m,ohlcv,124428,4,124429,0,ok,"",2026-07-20 03:09:56.513846+00
61596,BNBUSDT,1m,ohlcv,58611,8,58616,0,ok,"",2026-07-20 03:09:04.082592+00
61595,XRPUSDT,1m,ohlcv,58610,8,58615,0,ok,"",2026-07-20 03:08:08.637886+00
61594,BNBUSDT,15m,ohlcv,124428,4,124429,0,ok,"",2026-07-20 03:07:49.158833+00
61593,SOLUSDT,1m,ohlcv,58609,8,58614,0,ok,"",2026-07-20 03:07:23.781394+00
61592,ETHUSDT,1m,ohlcv,55419,8,55424,0,ok,"",2026-07-20 03:06:37.371521+00
61591,XRPUSDT,15m,ohlcv,124428,4,124429,0,ok,"",2026-07-20 03:06:12.06787+00
61590,BTCUSDT,1m,ohlcv,58609,8,58614,0,ok,"",2026-07-20 03:05:43.126975+00
61589,DOGEUSDT,1m,ohlcv,58606,8,58611,0,ok,"",2026-07-20 03:04:46.890763+00
61588,SOLUSDT,15m,ohlcv,124428,4,124429,0,ok,"",2026-07-20 03:04:12.621643+00
61587,BNBUSDT,1m,ohlcv,58606,7,58610,0,ok,"",2026-07-20 03:03:46.943626+00
61586,XRPUSDT,1m,ohlcv,58605,7,58609,0,ok,"",2026-07-20 03:02:50.923581+00
61585,ETHUSDT,15m,ohlcv,124427,5,124429,0,ok,"",2026-07-20 03:02:15.305107+00
61584,SOLUSDT,1m,ohlcv,58604,7,58608,0,ok,"",2026-07-20 03:01:56.276134+00
61583,ETHUSDT,1m,ohlcv,55414,8,55419,0,ok,"",2026-07-20 03:00:58.148313+00
61582,BTCUSDT,15m,ohlcv,124427,4,124428,0,ok,"",2026-07-20 03:00:13.280526+00
61581,BTCUSDT,1m,ohlcv,58604,8,58609,0,ok,"",2026-07-20 03:00:03.666519+00
61580,DOGEUSDT,1m,ohlcv,58601,8,58606,0,ok,"",2026-07-20 02:59:07.128115+00
61579,DOGEUSDT,5m,ohlcv,373280,6,373283,0,ok,"",2026-07-20 02:58:12.351556+00
61578,BNBUSDT,1m,ohlcv,58600,8,58605,0,ok,"",2026-07-20 02:58:06.857861+00
61577,XRPUSDT,1m,ohlcv,58599,8,58604,0,ok,"",2026-07-20 02:57:09.629052+00
61576,SOLUSDT,1m,ohlcv,58598,8,58603,0,ok,"",2026-07-20 02:56:12.937666+00
61575,ETHUSDT,1m,ohlcv,55408,8,55413,0,ok,"",2026-07-20 02:55:13.903101+00
61574,BTCUSDT,1m,ohlcv,58598,8,58603,0,ok,"",2026-07-20 02:54:20.246855+00
61573,DOGEUSDT,1m,ohlcv,58595,8,58600,0,ok,"",2026-07-20 02:53:21.820409+00
61572,BNBUSDT,1m,ohlcv,58594,8,58599,0,ok,"",2026-07-20 02:52:22.234102+00
61571,BNBUSDT,5m,ohlcv,373269,16,373282,0,ok,"",2026-07-20 02:51:42.321075+00
61570,XRPUSDT,1m,ohlcv,58593,8,58598,0,ok,"",2026-07-20 02:51:23.42711+00
61569,SOLUSDT,1m,ohlcv,58592,8,58597,0,ok,"",2026-07-20 02:50:24.070145+00
61568,ETHUSDT,1m,ohlcv,55402,8,55407,0,ok,"",2026-07-20 02:49:24.417263+00
61567,BTCUSDT,1m,ohlcv,58592,8,58597,0,ok,"",2026-07-20 02:48:29.231849+00
61566,DOGEUSDT,1m,ohlcv,58589,8,58594,0,ok,"",2026-07-20 02:47:28.362219+00
61565,BNBUSDT,1m,ohlcv,58588,8,58593,0,ok,"",2026-07-20 02:46:26.253598+00
61564,XRPUSDT,5m,ohlcv,373277,6,373280,0,quarantined,Data is stale: last candle 11 min ago,2026-07-20 02:45:36.309259+00
61563,XRPUSDT,1m,ohlcv,58587,8,58592,0,ok,"",2026-07-20 02:45:28.248048+00
61562,SOLUSDT,1m,ohlcv,58586,8,58591,0,ok,"",2026-07-20 02:44:31.140091+00
61561,ETHUSDT,1m,ohlcv,55396,8,55401,0,ok,"",2026-07-20 02:43:33.701297+00
61560,BTCUSDT,1m,ohlcv,58586,8,58591,0,ok,"",2026-07-20 02:42:37.058717+00
61559,DOGEUSDT,1m,ohlcv,58583,8,58588,0,ok,"",2026-07-20 02:41:37.552022+00
61558,BNBUSDT,1m,ohlcv,58582,8,58587,0,ok,"",2026-07-20 02:40:32.332006+00
61557,SOLUSDT,5m,ohlcv,373276,6,373279,0,ok,"",2026-07-20 02:39:39.374851+00
61556,XRPUSDT,1m,ohlcv,58581,8,58586,0,ok,"",2026-07-20 02:39:35.660124+00
61555,SOLUSDT,1m,ohlcv,58580,8,58585,0,ok,"",2026-07-20 02:38:39.005858+00
61554,ETHUSDT,1m,ohlcv,55390,8,55395,0,ok,"",2026-07-20 02:37:39.956402+00
61553,BTCUSDT,1m,ohlcv,58580,8,58585,0,ok,"",2026-07-20 02:36:45.143871+00
61552,DOGEUSDT,1m,ohlcv,58577,8,58582,0,ok,"",2026-07-20 02:35:45.387315+00
61551,BNBUSDT,1m,ohlcv,58576,8,58581,0,ok,"",2026-07-20 02:34:40.13527+00
61550,XRPUSDT,1m,ohlcv,58575,8,58580,0,ok,"",2026-07-20 02:33:43.025922+00
61549,ETHUSDT,5m,ohlcv,373275,6,373278,0,ok,"",2026-07-20 02:33:34.630644+00
61548,SOLUSDT,1m,ohlcv,58574,8,58579,0,ok,"",2026-07-20 02:32:41.246687+00
61547,ETHUSDT,1m,ohlcv,55384,8,55389,0,ok,"",2026-07-20 02:31:43.387622+00
61546,BTCUSDT,1m,ohlcv,58574,8,58579,0,ok,"",2026-07-20 02:30:48.476259+00
61545,DOGEUSDT,1m,ohlcv,58571,8,58576,0,ok,"",2026-07-20 02:29:48.972627+00
61544,BNBUSDT,1m,ohlcv,58570,8,58575,0,ok,"",2026-07-20 02:28:48.625106+00
61543,XRPUSDT,1m,ohlcv,58569,8,58574,0,ok,"",2026-07-20 02:27:53.29043+00
61542,BTCUSDT,5m,ohlcv,373274,6,373277,0,ok,"",2026-07-20 02:27:32.449287+00
61541,SOLUSDT,1m,ohlcv,58569,7,58573,0,ok,"",2026-07-20 02:26:56.127311+00
61540,ETHUSDT,1m,ohlcv,55379,8,55384,0,ok,"",2026-07-20 02:25:55.843167+00
61539,BTCUSDT,1m,ohlcv,58569,8,58574,0,ok,"",2026-07-20 02:25:01.651849+00
61538,DOGEUSDT,1m,ohlcv,58566,7,58570,0,quarantined,Data is stale: last candle 2 min ago,2026-07-20 02:24:01.82222+00
61537,BNBUSDT,1m,ohlcv,58565,8,58570,0,ok,"",2026-07-20 02:22:59.609111+00
61536,XRPUSDT,1m,ohlcv,58564,8,58569,0,ok,"",2026-07-20 02:22:01.001533+00
61535,DOGEUSDT,snapshot,orderbook,,100,,0,ok,"",2026-07-20 02:21:26.892604+00
61534,BNBUSDT,snapshot,orderbook,,100,,0,ok,"",2026-07-20 02:21:24.879844+00
61533,XRPUSDT,snapshot,orderbook,,100,,0,ok,"",2026-07-20 02:21:22.886992+00
61532,SOLUSDT,snapshot,orderbook,,100,,0,ok,"",2026-07-20 02:21:20.859931+00
61531,ETHUSDT,snapshot,orderbook,,100,,0,ok,"",2026-07-20 02:21:18.801957+00
61530,BTCUSDT,snapshot,orderbook,,100,,0,ok,"",2026-07-20 02:21:16.882362+00
61529,DOGEUSDT,1h,open_interest_1h,31200,200,31200,0,ok,"",2026-07-20 02:21:15.292209+00
61528,BNBUSDT,1h,open_interest_1h,31200,200,31200,0,ok,"",2026-07-20 02:21:13.611539+00
61527,XRPUSDT,1h,open_interest_1h,31200,200,31200,0,ok,"",2026-07-20 02:21:11.534577+00
61526,SOLUSDT,1h,open_interest_1h,31200,200,31200,0,ok,"",2026-07-20 02:21:09.713855+00
61525,ETHUSDT,1h,open_interest_1h,31200,200,31200,0,ok,"",2026-07-20 02:21:07.462684+00
61524,BTCUSDT,1h,open_interest_1h,31200,200,31200,0,ok,"",2026-07-20 02:21:05.427401+00
61523,SOLUSDT,1m,ohlcv,58563,8,58568,0,ok,"",2026-07-20 02:21:04.452442+00
61522,DOGEUSDT,8h,funding_rate,3925,200,3925,0,ok,"",2026-07-20 02:21:03.130845+00
61521,BNBUSDT,8h,funding_rate,3925,200,3925,0,ok,"",2026-07-20 02:21:01.123944+00
61520,XRPUSDT,8h,funding_rate,3925,200,3925,0,ok,"",2026-07-20 02:20:59.174819+00
61519,SOLUSDT,8h,funding_rate,3925,200,3925,0,ok,"",2026-07-20 02:20:57.004983+00
61518,ETHUSDT,8h,funding_rate,3925,200,3925,0,ok,"",2026-07-20 02:20:55.054737+00
61517,BTCUSDT,8h,funding_rate,3925,200,3925,0,ok,"",2026-07-20 02:20:53.599067+00
61516,DOGEUSDT,1h,ohlcv,31107,3,31107,0,ok,"",2026-07-20 02:20:51.808695+00
61515,BNBUSDT,1h,ohlcv,31107,3,31107,0,ok,"",2026-07-20 02:20:15.131376+00
61514,ETHUSDT,1m,ohlcv,55373,8,55378,0,ok,"",2026-07-20 02:20:06.840523+00
61513,XRPUSDT,1h,ohlcv,31107,3,31107,0,ok,"",2026-07-20 02:19:41.447449+00
61512,BTCUSDT,1m,ohlcv,58563,8,58568,0,ok,"",2026-07-20 02:19:12.090454+00
61511,SOLUSDT,1h,ohlcv,31107,3,31107,0,ok,"",2026-07-20 02:19:07.420724+00
61510,ETHUSDT,1h,ohlcv,31107,3,31107,0,ok,"",2026-07-20 02:18:35.535767+00
61509,DOGEUSDT,1m,ohlcv,58560,8,58565,0,ok,"",2026-07-20 02:18:15.074516+00
61508,BTCUSDT,1h,ohlcv,31107,3,31107,0,ok,"",2026-07-20 02:18:02.599397+00
61507,DOGEUSDT,"4h,1h,30m,15m,5m,1d",enrich,,,,0,ok,"",2026-07-20 02:17:29.211162+00
61506,BNBUSDT,1m,ohlcv,58559,8,58564,0,ok,"",2026-07-20 02:17:11.58494+00
61505,BNBUSDT,"4h,1h,30m,15m,5m,1d",enrich,,,,0,ok,"",2026-07-20 02:17:03.034117+00
61504,XRPUSDT,"4h,1h,30m,15m,5m,1d",enrich,,,,0,ok,"",2026-07-20 02:16:38.55832+00
61503,SOLUSDT,"4h,1h,30m,15m,5m,1d",enrich,,,,0,ok,"",2026-07-20 02:16:12.183136+00
61502,XRPUSDT,1m,ohlcv,58558,8,58563,0,ok,"",2026-07-20 02:16:11.705623+00
61501,ETHUSDT,"4h,1h,30m,15m,5m,1d",enrich,,,,0,ok,"",2026-07-20 02:15:45.648553+00
61500,BTCUSDT,"4h,1h,30m,15m,5m,1d",enrich,,,,0,ok,"",2026-07-20 02:15:19.315869+00
61499,SOLUSDT,1m,ohlcv,58557,8,58562,0,ok,"",2026-07-20 02:15:11.854081+00
61498,DOGEUSDT,30m,ohlcv,62212,4,62213,0,ok,"",2026-07-20 02:14:52.788119+00
61497,ETHUSDT,1m,ohlcv,55367,8,55372,0,ok,"",2026-07-20 02:14:13.971234+00
61496,BNBUSDT,30m,ohlcv,62212,4,62213,0,ok,"",2026-07-20 02:13:44.640437+00
61495,BTCUSDT,1m,ohlcv,58557,8,58562,0,ok,"",2026-07-20 02:13:21.059351+00
61494,XRPUSDT,30m,ohlcv,62212,4,62213,0,ok,"",2026-07-20 02:12:41.873543+00
61493,DOGEUSDT,1m,ohlcv,58554,8,58559,0,ok,"",2026-07-20 02:12:24.335941+00
61492,SOLUSDT,30m,ohlcv,62212,4,62213,0,ok,"",2026-07-20 02:11:38.152572+00
61491,BNBUSDT,1m,ohlcv,58553,8,58558,0,ok,"",2026-07-20 02:11:24.340552+00
61490,ETHUSDT,30m,ohlcv,62212,4,62213,0,ok,"",2026-07-20 02:10:36.368787+00
61489,XRPUSDT,1m,ohlcv,58552,8,58557,0,ok,"",2026-07-20 02:10:26.149862+00
61488,BTCUSDT,30m,ohlcv,62212,4,62213,0,ok,"",2026-07-20 02:09:34.008318+00
61487,SOLUSDT,1m,ohlcv,58551,8,58556,0,ok,"",2026-07-20 02:09:26.762255+00
61486,DOGEUSDT,15m,ohlcv,124424,4,124425,0,ok,"",2026-07-20 02:08:32.608714+00
61485,ETHUSDT,1m,ohlcv,55361,8,55366,0,ok,"",2026-07-20 02:08:28.074146+00
61484,BTCUSDT,1m,ohlcv,58551,8,58556,0,ok,"",2026-07-20 02:07:32.501756+00
61483,DOGEUSDT,1m,ohlcv,58548,8,58553,0,ok,"",2026-07-20 02:06:32.890869+00
61482,BNBUSDT,15m,ohlcv,124424,4,124425,0,ok,"",2026-07-20 02:06:15.423972+00
61481,BNBUSDT,1m,ohlcv,58547,8,58552,0,ok,"",2026-07-20 02:05:31.12541+00
61480,XRPUSDT,1m,ohlcv,58546,8,58551,0,ok,"",2026-07-20 02:04:34.357253+00
61479,XRPUSDT,15m,ohlcv,124424,4,124425,0,ok,"",2026-07-20 02:04:17.414877+00
61478,SOLUSDT,1m,ohlcv,58545,8,58550,0,ok,"",2026-07-20 02:03:41.471875+00
61477,ETHUSDT,1m,ohlcv,55355,8,55360,0,ok,"",2026-07-20 02:02:41.722441+00
61476,SOLUSDT,15m,ohlcv,124423,5,124425,0,ok,"",2026-07-20 02:02:10.016147+00
61475,BTCUSDT,1m,ohlcv,58545,8,58550,0,ok,"",2026-07-20 02:01:45.565659+00
61474,DOGEUSDT,1m,ohlcv,58542,8,58547,0,ok,"",2026-07-20 02:00:44.193133+00
61473,ETHUSDT,15m,ohlcv,124423,4,124424,0,ok,"",2026-07-20 02:00:03.225036+00
61472,BNBUSDT,1m,ohlcv,58541,8,58546,0,ok,"",2026-07-20 01:59:42.667786+00
61471,XRPUSDT,1m,ohlcv,58540,8,58545,0,ok,"",2026-07-20 01:58:50.02167+00
61470,BTCUSDT,15m,ohlcv,124423,4,124424,0,ok,"",2026-07-20 01:58:04.173476+00
61469,SOLUSDT,1m,ohlcv,58539,9,58545,0,ok,"",2026-07-20 01:57:57.928705+00
61468,ETHUSDT,1m,ohlcv,55349,9,55355,0,ok,"",2026-07-20 01:57:02.40078+00
61467,BTCUSDT,1m,ohlcv,58539,9,58545,0,ok,"",2026-07-20 01:56:05.986654+00
61466,DOGEUSDT,5m,ohlcv,373267,6,373270,0,quarantined,Data is stale: last candle 11 min ago,2026-07-20 01:55:57.007102+00
61465,DOGEUSDT,1m,ohlcv,58536,9,58542,0,ok,"",2026-07-20 01:55:05.973487+00
61464,BNBUSDT,1m,ohlcv,58535,9,58541,0,ok,"",2026-07-20 01:54:04.011974+00
61463,XRPUSDT,1m,ohlcv,58534,9,58540,0,ok,"",2026-07-20 01:53:02.018184+00
61462,SOLUSDT,1m,ohlcv,58533,8,58538,0,quarantined,Data is stale: last candle 2 min ago,2026-07-20 01:52:00.290152+00
61461,ETHUSDT,1m,ohlcv,55343,9,55349,0,ok,"",2026-07-20 01:50:58.695647+00
61460,BTCUSDT,1m,ohlcv,58533,9,58539,0,ok,"",2026-07-20 01:50:04.074849+00
61459,BNBUSDT,5m,ohlcv,373266,6,373269,0,ok,"",2026-07-20 01:49:19.233182+00
61458,DOGEUSDT,1m,ohlcv,58530,9,58536,0,ok,"",2026-07-20 01:49:06.673744+00
61457,BNBUSDT,1m,ohlcv,58529,9,58535,0,ok,"",2026-07-20 01:48:04.231088+00
61456,XRPUSDT,1m,ohlcv,58528,9,58534,0,ok,"",2026-07-20 01:47:07.558829+00
61455,SOLUSDT,1m,ohlcv,58527,9,58533,0,ok,"",2026-07-20 01:46:09.495362+00
61454,ETHUSDT,1m,ohlcv,55337,9,55343,0,ok,"",2026-07-20 01:45:12.116865+00
61453,BTCUSDT,1m,ohlcv,58527,9,58533,0,ok,"",2026-07-20 01:44:18.944492+00
61452,DOGEUSDT,1m,ohlcv,58524,9,58530,0,ok,"",2026-07-20 01:43:19.29507+00
61451,XRPUSDT,5m,ohlcv,373255,16,373268,0,ok,"",2026-07-20 01:43:11.892153+00
61450,BNBUSDT,1m,ohlcv,58523,9,58529,0,ok,"",2026-07-20 01:42:14.72872+00
61449,XRPUSDT,1m,ohlcv,58522,9,58528,0,ok,"",2026-07-20 01:41:16.197838+00
61448,SOLUSDT,1m,ohlcv,58521,9,58527,0,ok,"",2026-07-20 01:40:16.949467+00
61447,ETHUSDT,1m,ohlcv,55331,9,55337,0,ok,"",2026-07-20 01:39:18.318288+00
61446,BTCUSDT,1m,ohlcv,58521,9,58527,0,ok,"",2026-07-20 01:38:23.829207+00
61445,DOGEUSDT,1m,ohlcv,58518,9,58524,0,ok,"",2026-07-20 01:37:26.170575+00
61444,SOLUSDT,5m,ohlcv,373263,7,373267,0,ok,"",2026-07-20 01:37:03.900072+00
61443,BNBUSDT,1m,ohlcv,58517,9,58523,0,ok,"",2026-07-20 01:36:21.577244+00
61442,XRPUSDT,1m,ohlcv,58516,9,58522,0,ok,"",2026-07-20 01:35:25.717433+00
61441,SOLUSDT,1m,ohlcv,58515,9,58521,0,ok,"",2026-07-20 01:34:26.87487+00
61440,ETHUSDT,1m,ohlcv,55325,9,55331,0,ok,"",2026-07-20 01:33:27.191624+00
61439,BTCUSDT,1m,ohlcv,58515,9,58521,0,ok,"",2026-07-20 01:32:32.060862+00
61438,DOGEUSDT,1m,ohlcv,58512,9,58518,0,ok,"",2026-07-20 01:31:32.562314+00
61437,ETHUSDT,5m,ohlcv,373262,6,373265,0,quarantined,Data is stale: last candle 11 min ago,2026-07-20 01:30:52.395816+00
61436,BNBUSDT,1m,ohlcv,58511,9,58517,0,ok,"",2026-07-20 01:30:30.407053+00
61435,XRPUSDT,1m,ohlcv,58510,9,58516,0,ok,"",2026-07-20 01:29:30.544402+00
61434,SOLUSDT,1m,ohlcv,58509,9,58515,0,ok,"",2026-07-20 01:28:29.791888+00
61433,ETHUSDT,1m,ohlcv,55319,9,55325,0,ok,"",2026-07-20 01:27:31.134772+00
61432,BTCUSDT,1m,ohlcv,58509,9,58515,0,ok,"",2026-07-20 01:26:33.594367+00
61431,DOGEUSDT,1m,ohlcv,58506,9,58512,0,ok,"",2026-07-20 01:25:36.618576+00
61430,BTCUSDT,5m,ohlcv,373261,6,373264,0,ok,"",2026-07-20 01:24:48.403676+00
61429,BNBUSDT,1m,ohlcv,58505,9,58511,0,ok,"",2026-07-20 01:24:32.372068+00
61428,XRPUSDT,1m,ohlcv,58504,9,58510,0,ok,"",2026-07-20 01:23:32.117293+00
61427,SOLUSDT,1m,ohlcv,58503,9,58509,0,ok,"",2026-07-20 01:22:34.677548+00
61426,ETHUSDT,1m,ohlcv,55314,8,55319,0,ok,"",2026-07-20 01:21:35.490303+00
61425,BTCUSDT,1m,ohlcv,58504,8,58509,0,ok,"",2026-07-20 01:20:39.31996+00
61424,DOGEUSDT,1m,ohlcv,58501,8,58506,0,ok,"",2026-07-20 01:19:40.241344+00
61423,BNBUSDT,1m,ohlcv,58500,8,58505,0,ok,"",2026-07-20 01:18:38.886364+00
61422,DOGEUSDT,snapshot,orderbook,,100,,0,ok,"",2026-07-20 01:18:29.102852+00
61421,BNBUSDT,snapshot,orderbook,,100,,0,ok,"",2026-07-20 01:18:27.22863+00
61420,XRPUSDT,snapshot,orderbook,,100,,0,ok,"",2026-07-20 01:18:25.115857+00
61419,SOLUSDT,snapshot,orderbook,,100,,0,ok,"",2026-07-20 01:18:23.151087+00
61418,ETHUSDT,snapshot,orderbook,,100,,0,ok,"",2026-07-20 01:18:21.609114+00
61417,BTCUSDT,snapshot,orderbook,,100,,0,ok,"",2026-07-20 01:18:19.131631+00
61416,DOGEUSDT,1d,ohlcv,565,4,566,0,ok,"",2026-07-20 01:18:17.574718+00
61415,BNBUSDT,1d,ohlcv,565,4,566,0,ok,"",2026-07-20 01:18:15.701146+00
61414,XRPUSDT,1d,ohlcv,565,4,566,0,ok,"",2026-07-20 01:18:13.698741+00
61413,SOLUSDT,1d,ohlcv,565,4,566,0,ok,"",2026-07-20 01:18:11.805096+00
61412,ETHUSDT,1d,ohlcv,565,4,566,0,ok,"",2026-07-20 01:18:09.483011+00
61411,BTCUSDT,1d,ohlcv,565,4,566,0,ok,"",2026-07-20 01:18:07.550614+00
61410,DOGEUSDT,4h,ohlcv,7776,4,7777,0,ok,"",2026-07-20 01:18:06.018184+00
61409,BNBUSDT,4h,ohlcv,7776,4,7777,0,ok,"",2026-07-20 01:17:55.687279+00
61408,XRPUSDT,4h,ohlcv,7776,4,7777,0,ok,"",2026-07-20 01:17:47.068853+00
61407,XRPUSDT,1m,ohlcv,58499,8,58504,0,ok,"",2026-07-20 01:17:45.1575+00
61406,SOLUSDT,4h,ohlcv,7776,4,7777,0,ok,"",2026-07-20 01:17:37.106548+00
61405,ETHUSDT,4h,ohlcv,7775,5,7777,0,ok,"",2026-07-20 01:17:28.737578+00
61404,BTCUSDT,4h,ohlcv,7775,5,7777,0,ok,"",2026-07-20 01:17:19.725101+00
61403,DOGEUSDT,1h,open_interest_1h,31198,200,31199,0,ok,"",2026-07-20 01:17:10.031281+00
61402,BNBUSDT,1h,open_interest_1h,31198,200,31199,0,ok,"",2026-07-20 01:17:07.987238+00
61401,XRPUSDT,1h,open_interest_1h,31198,200,31199,0,ok,"",2026-07-20 01:17:06.155293+00
61400,SOLUSDT,1h,open_interest_1h,31198,200,31199,0,ok,"",2026-07-20 01:17:04.010031+00
61399,ETHUSDT,1h,open_interest_1h,31198,200,31199,0,ok,"",2026-07-20 01:17:01.811902+00
61398,BTCUSDT,1h,open_interest_1h,31198,200,31199,0,ok,"",2026-07-20 01:16:59.909305+00
61397,DOGEUSDT,8h,funding_rate,3925,200,3925,0,ok,"",2026-07-20 01:16:57.423381+00
61396,BNBUSDT,8h,funding_rate,3925,200,3925,0,ok,"",2026-07-20 01:16:55.526975+00
61395,XRPUSDT,8h,funding_rate,3925,200,3925,0,ok,"",2026-07-20 01:16:53.636051+00
61394,SOLUSDT,8h,funding_rate,3925,200,3925,0,ok,"",2026-07-20 01:16:51.359719+00
61393,SOLUSDT,1m,ohlcv,58498,8,58503,0,ok,"",2026-07-20 01:16:50.882332+00
61392,ETHUSDT,8h,funding_rate,3925,200,3925,0,ok,"",2026-07-20 01:16:49.478513+00
61391,BTCUSDT,8h,funding_rate,3925,200,3925,0,ok,"",2026-07-20 01:16:47.530244+00
61390,DOGEUSDT,1h,ohlcv,31105,4,31106,0,ok,"",2026-07-20 01:16:46.248666+00
61389,BNBUSDT,1h,ohlcv,31105,4,31106,0,ok,"",2026-07-20 01:16:12.190493+00
61388,ETHUSDT,1m,ohlcv,55308,8,55313,0,ok,"",2026-07-20 01:15:52.329271+00
61387,XRPUSDT,1h,ohlcv,31105,4,31106,0,ok,"",2026-07-20 01:15:41.364979+00
61386,SOLUSDT,1h,ohlcv,31105,4,31106,0,ok,"",2026-07-20 01:15:06.607824+00
61385,BTCUSDT,1m,ohlcv,58498,8,58503,0,ok,"",2026-07-20 01:14:56.629344+00
61384,ETHUSDT,1h,ohlcv,31105,4,31106,0,ok,"",2026-07-20 01:14:34.248779+00
61383,BTCUSDT,1h,ohlcv,31105,4,31106,0,ok,"",2026-07-20 01:14:02.757301+00
61382,DOGEUSDT,1m,ohlcv,58495,8,58500,0,ok,"",2026-07-20 01:13:58.976089+00
61381,DOGEUSDT,"4h,1h,30m,15m,5m,1d",enrich,,,,0,ok,"",2026-07-20 01:13:29.834558+00
61380,BNBUSDT,"4h,1h,30m,15m,5m,1d",enrich,,,,0,ok,"",2026-07-20 01:13:02.823651+00
61379,BNBUSDT,1m,ohlcv,58494,8,58499,0,ok,"",2026-07-20 01:12:54.318855+00
61378,XRPUSDT,"4h,1h,30m,15m,5m,1d",enrich,,,,0,ok,"",2026-07-20 01:12:38.557243+00
61377,SOLUSDT,"4h,1h,30m,15m,5m,1d",enrich,,,,0,ok,"",2026-07-20 01:12:13.709725+00
61376,XRPUSDT,1m,ohlcv,58493,8,58498,0,ok,"",2026-07-20 01:11:50.654801+00
61375,ETHUSDT,"4h,1h,30m,15m,5m,1d",enrich,,,,0,ok,"",2026-07-20 01:11:47.443409+00
61374,BTCUSDT,"4h,1h,30m,15m,5m,1d",enrich,,,,0,ok,"",2026-07-20 01:11:19.080866+00
61373,DOGEUSDT,30m,ohlcv,62210,4,62211,0,ok,"",2026-07-20 01:10:50.250358+00
61372,SOLUSDT,1m,ohlcv,58492,8,58497,0,ok,"",2026-07-20 01:10:47.993071+00
61371,ETHUSDT,1m,ohlcv,55302,8,55307,0,ok,"",2026-07-20 01:09:46.371155+00
61370,BNBUSDT,30m,ohlcv,62210,4,62211,0,ok,"",2026-07-20 01:09:39.126931+00
61369,BTCUSDT,1m,ohlcv,58492,8,58497,0,ok,"",2026-07-20 01:08:52.015079+00
61368,XRPUSDT,30m,ohlcv,62210,4,62211,0,ok,"",2026-07-20 01:08:36.273275+00
61367,DOGEUSDT,1m,ohlcv,58489,8,58494,0,ok,"",2026-07-20 01:07:54.850729+00
61366,SOLUSDT,30m,ohlcv,62210,4,62211,0,ok,"",2026-07-20 01:07:33.075937+00
61365,BNBUSDT,1m,ohlcv,58488,8,58493,0,ok,"",2026-07-20 01:06:52.733596+00
61364,ETHUSDT,30m,ohlcv,62210,4,62211,0,ok,"",2026-07-20 01:06:29.53418+00
61363,XRPUSDT,1m,ohlcv,58487,8,58492,0,ok,"",2026-07-20 01:05:53.648849+00
61362,BTCUSDT,30m,ohlcv,62210,4,62211,0,ok,"",2026-07-20 01:05:23.381408+00
61361,SOLUSDT,1m,ohlcv,58486,8,58491,0,ok,"",2026-07-20 01:04:55.250469+00
61360,DOGEUSDT,15m,ohlcv,124420,4,124421,0,ok,"",2026-07-20 01:04:21.567734+00
61359,ETHUSDT,1m,ohlcv,55296,9,55302,0,ok,"",2026-07-20 01:03:57.289858+00
61358,BTCUSDT,1m,ohlcv,58486,9,58492,0,ok,"",2026-07-20 01:03:01.165089+00
61357,BNBUSDT,15m,ohlcv,124420,4,124421,0,ok,"",2026-07-20 01:02:05.547081+00
61356,DOGEUSDT,1m,ohlcv,58483,9,58489,0,ok,"",2026-07-20 01:02:00.972784+00
61355,BNBUSDT,1m,ohlcv,58482,9,58488,0,ok,"",2026-07-20 01:01:01.600474+00
61354,XRPUSDT,1m,ohlcv,58481,9,58487,0,ok,"",2026-07-20 01:00:05.9867+00
61353,XRPUSDT,15m,ohlcv,124420,3,124420,0,ok,"",2026-07-20 01:00:04.79263+00
61352,SOLUSDT,1m,ohlcv,58480,9,58486,0,ok,"",2026-07-20 00:59:11.333469+00
61351,ETHUSDT,1m,ohlcv,55290,9,55296,0,ok,"",2026-07-20 00:58:13.975163+00
61350,SOLUSDT,15m,ohlcv,124419,4,124420,0,ok,"",2026-07-20 00:58:07.118091+00
61349,BTCUSDT,1m,ohlcv,58480,9,58486,0,ok,"",2026-07-20 00:57:19.109492+00
61348,DOGEUSDT,1m,ohlcv,58477,9,58483,0,ok,"",2026-07-20 00:56:21.336477+00
61347,ETHUSDT,15m,ohlcv,124419,4,124420,0,ok,"",2026-07-20 00:56:08.812633+00
61346,BNBUSDT,1m,ohlcv,58476,9,58482,0,ok,"",2026-07-20 00:55:19.436961+00
61345,XRPUSDT,1m,ohlcv,58475,9,58481,0,ok,"",2026-07-20 00:54:19.773748+00
61344,BTCUSDT,15m,ohlcv,124419,4,124420,0,ok,"",2026-07-20 00:54:05.271996+00
61343,SOLUSDT,1m,ohlcv,58474,9,58480,0,ok,"",2026-07-20 00:53:20.928077+00
61342,ETHUSDT,1m,ohlcv,55284,9,55290,0,ok,"",2026-07-20 00:52:20.651471+00
61341,DOGEUSDT,5m,ohlcv,373255,6,373258,0,ok,"",2026-07-20 00:51:54.335801+00
61340,BTCUSDT,1m,ohlcv,58474,9,58480,0,ok,"",2026-07-20 00:51:22.738999+00
61339,DOGEUSDT,1m,ohlcv,58471,9,58477,0,ok,"",2026-07-20 00:50:23.507167+00
61338,BNBUSDT,1m,ohlcv,58470,9,58476,0,ok,"",2026-07-20 00:49:19.74189+00
61337,XRPUSDT,1m,ohlcv,58469,9,58475,0,ok,"",2026-07-20 00:48:21.797796+00
61336,SOLUSDT,1m,ohlcv,58468,9,58474,0,ok,"",2026-07-20 00:47:22.217432+00
61335,ETHUSDT,1m,ohlcv,55278,9,55284,0,ok,"",2026-07-20 00:46:21.982638+00
61334,BTCUSDT,1m,ohlcv,58468,9,58474,0,ok,"",2026-07-20 00:45:27.050847+00
61333,BNBUSDT,5m,ohlcv,373254,5,373256,0,quarantined,Data is stale: last candle 10 min ago,2026-07-20 00:45:14.190938+00
61332,DOGEUSDT,1m,ohlcv,58465,9,58471,0,ok,"",2026-07-20 00:44:28.265688+00
61331,BNBUSDT,1m,ohlcv,58464,9,58470,0,ok,"",2026-07-20 00:43:26.697841+00
61330,XRPUSDT,1m,ohlcv,58463,9,58469,0,ok,"",2026-07-20 00:42:28.345218+00
61329,SOLUSDT,1m,ohlcv,58462,9,58468,0,ok,"",2026-07-20 00:41:28.546533+00
61328,ETHUSDT,1m,ohlcv,55272,9,55278,0,ok,"",2026-07-20 00:40:27.813774+00
61327,BTCUSDT,1m,ohlcv,58462,9,58468,0,ok,"",2026-07-20 00:39:30.965058+00
61326,XRPUSDT,5m,ohlcv,373253,5,373255,0,ok,"",2026-07-20 00:39:10.305195+00
61325,DOGEUSDT,1m,ohlcv,58459,9,58465,0,ok,"",2026-07-20 00:38:31.979379+00
61324,BNBUSDT,1m,ohlcv,58458,9,58464,0,ok,"",2026-07-20 00:37:29.8679+00
61323,XRPUSDT,1m,ohlcv,58457,9,58463,0,ok,"",2026-07-20 00:36:31.298157+00
61322,SOLUSDT,1m,ohlcv,58456,9,58462,0,ok,"",2026-07-20 00:35:34.711144+00
61321,ETHUSDT,1m,ohlcv,55266,9,55272,0,ok,"",2026-07-20 00:34:33.576848+00
61320,BTCUSDT,1m,ohlcv,58456,9,58462,0,ok,"",2026-07-20 00:33:38.388469+00
61319,SOLUSDT,5m,ohlcv,373242,15,373254,0,ok,"",2026-07-20 00:33:09.65383+00
61318,DOGEUSDT,1m,ohlcv,58453,9,58459,0,ok,"",2026-07-20 00:32:41.409248+00
61317,BNBUSDT,1m,ohlcv,58452,9,58458,0,ok,"",2026-07-20 00:31:38.958952+00
61316,XRPUSDT,1m,ohlcv,58451,9,58457,0,ok,"",2026-07-20 00:30:40.938143+00
61315,SOLUSDT,1m,ohlcv,58451,8,58456,0,ok,"",2026-07-20 00:29:44.077323+00
61314,ETHUSDT,1m,ohlcv,55261,8,55266,0,ok,"",2026-07-20 00:28:46.254146+00
61313,BTCUSDT,1m,ohlcv,58451,8,58456,0,ok,"",2026-07-20 00:27:50.56244+00
61312,ETHUSDT,5m,ohlcv,373250,6,373253,0,ok,"",2026-07-20 00:27:10.779136+00
61311,DOGEUSDT,1m,ohlcv,58448,8,58453,0,ok,"",2026-07-20 00:26:53.338091+00
61310,BNBUSDT,1m,ohlcv,58447,8,58452,0,ok,"",2026-07-20 00:25:50.382773+00
61309,XRPUSDT,1m,ohlcv,58446,8,58451,0,ok,"",2026-07-20 00:24:52.452008+00
61308,SOLUSDT,1m,ohlcv,58445,8,58450,0,ok,"",2026-07-20 00:23:55.185263+00
61307,ETHUSDT,1m,ohlcv,55255,9,55261,0,ok,"",2026-07-20 00:22:56.58733+00
61306,BTCUSDT,1m,ohlcv,58445,9,58451,0,ok,"",2026-07-20 00:22:01.376077+00
61305,DOGEUSDT,1m,ohlcv,58442,8,58447,0,quarantined,Data is stale: last candle 2 min ago,2026-07-20 00:21:03.001476+00
61304,BTCUSDT,5m,ohlcv,373249,5,373251,0,quarantined,Data is stale: last candle 11 min ago,2026-07-20 00:21:02.41628+00
61303,BNBUSDT,1m,ohlcv,58441,9,58447,0,ok,"",2026-07-20 00:19:58.791096+00
61302,XRPUSDT,1m,ohlcv,58440,9,58446,0,ok,"",2026-07-20 00:19:01.296751+00
61301,SOLUSDT,1m,ohlcv,58439,9,58445,0,ok,"",2026-07-20 00:18:03.603085+00
61300,ETHUSDT,1m,ohlcv,55249,9,55255,0,ok,"",2026-07-20 00:17:05.981211+00
61299,BTCUSDT,1m,ohlcv,58439,9,58445,0,ok,"",2026-07-20 00:16:11.698281+00
61298,DOGEUSDT,1m,ohlcv,58436,9,58442,0,ok,"",2026-07-20 00:15:12.113483+00
61297,DOGEUSDT,snapshot,orderbook,,100,,0,ok,"",2026-07-20 00:14:46.491763+00
61296,BNBUSDT,snapshot,orderbook,,100,,0,ok,"",2026-07-20 00:14:44.496761+00
61295,XRPUSDT,snapshot,orderbook,,100,,0,ok,"",2026-07-20 00:14:42.4266+00
61294,SOLUSDT,snapshot,orderbook,,100,,0,ok,"",2026-07-20 00:14:40.479896+00
61293,ETHUSDT,snapshot,orderbook,,100,,0,ok,"",2026-07-20 00:14:38.712108+00
61292,BTCUSDT,snapshot,orderbook,,100,,0,ok,"",2026-07-20 00:14:36.619783+00
61291,DOGEUSDT,1h,open_interest_1h,31198,200,31198,0,ok,"",2026-07-20 00:14:34.940583+00
61290,BNBUSDT,1h,open_interest_1h,31198,200,31198,0,ok,"",2026-07-20 00:14:32.866832+00
61289,XRPUSDT,1h,open_interest_1h,31198,200,31198,0,ok,"",2026-07-20 00:14:30.862845+00
61288,SOLUSDT,1h,open_interest_1h,31198,200,31198,0,ok,"",2026-07-20 00:14:29.25384+00
61287,ETHUSDT,1h,open_interest_1h,31198,200,31198,0,ok,"",2026-07-20 00:14:26.989973+00
61286,BTCUSDT,1h,open_interest_1h,31198,200,31198,0,ok,"",2026-07-20 00:14:24.812155+00
61285,DOGEUSDT,8h,funding_rate,3925,200,3925,0,ok,"",2026-07-20 00:14:22.559911+00
61284,BNBUSDT,8h,funding_rate,3925,200,3925,0,ok,"",2026-07-20 00:14:20.887092+00
61283,XRPUSDT,8h,funding_rate,3925,200,3925,0,ok,"",2026-07-20 00:14:18.441602+00
61282,SOLUSDT,8h,funding_rate,3925,200,3925,0,ok,"",2026-07-20 00:14:16.878102+00
61281,ETHUSDT,8h,funding_rate,3925,200,3925,0,ok,"",2026-07-20 00:14:14.725003+00
61280,BNBUSDT,1m,ohlcv,58435,9,58441,0,ok,"",2026-07-20 00:14:13.361497+00
61279,BTCUSDT,8h,funding_rate,3925,200,3925,0,ok,"",2026-07-20 00:14:12.542225+00
61278,DOGEUSDT,1h,ohlcv,31105,3,31105,0,ok,"",2026-07-20 00:14:11.335096+00
61277,BNBUSDT,1h,ohlcv,31105,3,31105,0,ok,"",2026-07-20 00:13:35.320508+00
61276,XRPUSDT,1m,ohlcv,58434,9,58440,0,ok,"",2026-07-20 00:13:14.993411+00
61275,XRPUSDT,1h,ohlcv,31105,3,31105,0,ok,"",2026-07-20 00:13:01.970802+00
61274,SOLUSDT,1h,ohlcv,31104,4,31105,0,ok,"",2026-07-20 00:12:28.860582+00
61273,SOLUSDT,1m,ohlcv,58433,9,58439,0,ok,"",2026-07-20 00:12:16.389106+00
61272,ETHUSDT,1h,ohlcv,31104,4,31105,0,ok,"",2026-07-20 00:11:54.616897+00
61271,BTCUSDT,1h,ohlcv,31104,4,31105,0,ok,"",2026-07-20 00:11:21.368343+00
61270,ETHUSDT,1m,ohlcv,55243,9,55249,0,ok,"",2026-07-20 00:11:16.95816+00
61269,DOGEUSDT,"4h,1h,30m,15m,5m,1d",enrich,,,,0,ok,"",2026-07-20 00:10:47.737867+00
61268,BNBUSDT,"4h,1h,30m,15m,5m,1d",enrich,,,,0,ok,"",2026-07-20 00:10:20.629512+00
61267,BTCUSDT,1m,ohlcv,58433,9,58439,0,ok,"",2026-07-20 00:10:20.023051+00
61266,XRPUSDT,"4h,1h,30m,15m,5m,1d",enrich,,,,0,ok,"",2026-07-20 00:09:55.351015+00
61265,SOLUSDT,"4h,1h,30m,15m,5m,1d",enrich,,,,0,ok,"",2026-07-20 00:09:30.601407+00
61264,DOGEUSDT,1m,ohlcv,58430,9,58436,0,ok,"",2026-07-20 00:09:18.840713+00
61263,ETHUSDT,"4h,1h,30m,15m,5m,1d",enrich,,,,0,ok,"",2026-07-20 00:09:04.77791+00
61262,BTCUSDT,"4h,1h,30m,15m,5m,1d",enrich,,,,0,ok,"",2026-07-20 00:08:38.481653+00
61261,BNBUSDT,1m,ohlcv,58429,9,58435,0,ok,"",2026-07-20 00:08:11.589006+00
61260,DOGEUSDT,30m,ohlcv,62208,4,62209,0,ok,"",2026-07-20 00:08:11.102274+00
61259,XRPUSDT,1m,ohlcv,58428,9,58434,0,ok,"",2026-07-20 00:07:11.387738+00
61258,BNBUSDT,30m,ohlcv,62208,4,62209,0,ok,"",2026-07-20 00:07:02.263586+00
61257,SOLUSDT,1m,ohlcv,58427,9,58433,0,ok,"",2026-07-20 00:06:05.537111+00
61256,XRPUSDT,30m,ohlcv,62208,4,62209,0,ok,"",2026-07-20 00:06:02.110852+00
61255,ETHUSDT,1m,ohlcv,55237,9,55243,0,ok,"",2026-07-20 00:05:08.287203+00
61254,SOLUSDT,30m,ohlcv,62208,4,62209,0,ok,"",2026-07-20 00:04:58.686388+00
61253,BTCUSDT,1m,ohlcv,58427,9,58433,0,ok,"",2026-07-20 00:04:15.386894+00
61252,ETHUSDT,30m,ohlcv,62208,4,62209,0,ok,"",2026-07-20 00:03:54.255083+00
61251,DOGEUSDT,1m,ohlcv,58424,9,58430,0,ok,"",2026-07-20 00:03:16.543829+00
61250,BTCUSDT,30m,ohlcv,62208,4,62209,0,ok,"",2026-07-20 00:02:52.039543+00
61249,BNBUSDT,1m,ohlcv,58423,9,58429,0,ok,"",2026-07-20 00:02:15.140248+00
61248,DOGEUSDT,15m,ohlcv,124416,3,124416,0,ok,"",2026-07-20 00:01:53.59877+00
61247,XRPUSDT,1m,ohlcv,58422,9,58428,0,ok,"",2026-07-20 00:01:22.482929+00
61246,SOLUSDT,1m,ohlcv,58422,8,58427,0,ok,"",2026-07-20 00:00:24.605478+00
61245,BNBUSDT,15m,ohlcv,124416,3,124416,0,ok,"",2026-07-19 23:59:41.175469+00
61244,ETHUSDT,1m,ohlcv,55232,8,55237,0,ok,"",2026-07-19 23:59:29.79729+00
61243,BTCUSDT,1m,ohlcv,58422,8,58427,0,ok,"",2026-07-19 23:58:36.762563+00
61242,XRPUSDT,15m,ohlcv,124415,4,124416,0,ok,"",2026-07-19 23:57:45.804773+00
61241,DOGEUSDT,1m,ohlcv,58419,8,58424,0,ok,"",2026-07-19 23:57:44.055867+00
61240,BNBUSDT,1m,ohlcv,58418,8,58423,0,ok,"",2026-07-19 23:56:47.155249+00
61239,XRPUSDT,1m,ohlcv,58417,8,58422,0,ok,"",2026-07-19 23:55:54.173816+00
61238,SOLUSDT,15m,ohlcv,124415,4,124416,0,ok,"",2026-07-19 23:55:52.234219+00
61237,SOLUSDT,1m,ohlcv,58416,9,58422,0,ok,"",2026-07-19 23:54:59.661304+00
61236,ETHUSDT,1m,ohlcv,55226,9,55232,0,ok,"",2026-07-19 23:54:04.280928+00
61235,ETHUSDT,15m,ohlcv,124415,4,124416,0,ok,"",2026-07-19 23:53:54.105559+00
61234,BTCUSDT,1m,ohlcv,58416,9,58422,0,ok,"",2026-07-19 23:53:12.427184+00
61233,DOGEUSDT,1m,ohlcv,58413,9,58419,0,ok,"",2026-07-19 23:52:16.651075+00
61232,BTCUSDT,15m,ohlcv,124415,4,124416,0,ok,"",2026-07-19 23:51:55.766101+00
61231,BNBUSDT,1m,ohlcv,58412,9,58418,0,ok,"",2026-07-19 23:51:17.430143+00
61230,XRPUSDT,1m,ohlcv,58411,9,58417,0,error,[Errno 2] No such file or directory: 'data/bybit/XRPUSDT/1m/2026/06.tmp' -> 'data/bybit/XRPUSDT/1m/2026/06.parquet',2026-07-19 23:50:22.752442+00
61229,DOGEUSDT,5m,ohlcv,373243,5,373245,0,ok,"",2026-07-19 23:49:55.408107+00
61228,SOLUSDT,1m,ohlcv,58410,9,58416,0,ok,"",2026-07-19 23:49:22.449195+00
61227,ETHUSDT,1m,ohlcv,55220,9,55226,0,ok,"",2026-07-19 23:48:28.477856+00
61226,BTCUSDT,1m,ohlcv,58411,8,58416,0,ok,"",2026-07-19 23:47:35.643451+00
61225,DOGEUSDT,1m,ohlcv,58408,8,58413,0,ok,"",2026-07-19 23:46:38.803458+00
61224,BNBUSDT,1m,ohlcv,58407,8,58412,0,ok,"",2026-07-19 23:45:35.560681+00
61223,XRPUSDT,1m,ohlcv,58406,8,58411,0,ok,"",2026-07-19 23:44:37.165922+00
61222,BNBUSDT,5m,ohlcv,373242,5,373244,0,ok,"",2026-07-19 23:43:40.662854+00
61221,SOLUSDT,1m,ohlcv,58405,8,58410,0,ok,"",2026-07-19 23:43:40.344688+00
61220,ETHUSDT,1m,ohlcv,55215,8,55220,0,ok,"",2026-07-19 23:42:43.727656+00
61219,BTCUSDT,1m,ohlcv,58405,8,58410,0,ok,"",2026-07-19 23:41:50.597195+00
61218,DOGEUSDT,1m,ohlcv,58402,8,58407,0,ok,"",2026-07-19 23:40:56.868868+00
61217,BNBUSDT,1m,ohlcv,58401,9,58407,0,ok,"",2026-07-19 23:39:56.771574+00
61216,XRPUSDT,1m,ohlcv,58400,9,58406,0,ok,"",2026-07-19 23:39:02.564855+00
61215,SOLUSDT,1m,ohlcv,58399,9,58405,0,ok,"",2026-07-19 23:38:06.076659+00
61214,XRPUSDT,5m,ohlcv,373241,5,373243,0,ok,"",2026-07-19 23:37:52.904677+00
61213,ETHUSDT,1m,ohlcv,55209,9,55215,0,ok,"",2026-07-19 23:37:08.707074+00
61212,BTCUSDT,1m,ohlcv,58399,9,58405,0,ok,"",2026-07-19 23:36:15.437675+00
61211,DOGEUSDT,1m,ohlcv,58396,9,58402,0,ok,"",2026-07-19 23:35:17.41286+00
61210,BNBUSDT,1m,ohlcv,58395,9,58401,0,ok,"",2026-07-19 23:34:15.478437+00
61209,XRPUSDT,1m,ohlcv,58394,9,58400,0,ok,"",2026-07-19 23:33:19.532094+00
61208,SOLUSDT,1m,ohlcv,58394,8,58399,0,ok,"",2026-07-19 23:32:23.999599+00
61207,SOLUSDT,5m,ohlcv,373231,14,373242,0,ok,"",2026-07-19 23:31:57.64207+00
61206,ETHUSDT,1m,ohlcv,55204,8,55209,0,ok,"",2026-07-19 23:31:27.133888+00
61205,BTCUSDT,1m,ohlcv,58394,8,58399,0,ok,"",2026-07-19 23:30:33.87034+00
61204,DOGEUSDT,1m,ohlcv,58391,8,58396,0,ok,"",2026-07-19 23:29:37.932102+00
61203,BNBUSDT,1m,ohlcv,58390,8,58395,0,ok,"",2026-07-19 23:28:44.885957+00
61202,XRPUSDT,1m,ohlcv,58389,8,58394,0,ok,"",2026-07-19 23:27:52.552956+00
61201,SOLUSDT,1m,ohlcv,58388,9,58394,0,ok,"",2026-07-19 23:26:58.72131+00
61200,ETHUSDT,5m,ohlcv,373238,6,373241,0,ok,"",2026-07-19 23:26:13.716499+00
61199,ETHUSDT,1m,ohlcv,55198,9,55204,0,ok,"",2026-07-19 23:26:03.188343+00
61198,BTCUSDT,1m,ohlcv,58388,9,58394,0,ok,"",2026-07-19 23:25:10.788451+00
61197,DOGEUSDT,1m,ohlcv,58385,9,58391,0,ok,"",2026-07-19 23:24:14.722753+00
61196,BNBUSDT,1m,ohlcv,58384,9,58390,0,ok,"",2026-07-19 23:23:16.023113+00
61195,XRPUSDT,1m,ohlcv,58383,9,58389,0,ok,"",2026-07-19 23:22:22.087372+00
61194,SOLUSDT,1m,ohlcv,58382,9,58388,0,ok,"",2026-07-19 23:21:27.762353+00
61193,ETHUSDT,1m,ohlcv,55193,8,55198,0,ok,"",2026-07-19 23:20:31.850441+00
61192,BTCUSDT,5m,ohlcv,373237,5,373239,0,quarantined,Data is stale: last candle 10 min ago,2026-07-19 23:20:23.267114+00
61191,BTCUSDT,1m,ohlcv,58383,8,58388,0,ok,"",2026-07-19 23:19:39.50507+00
61190,DOGEUSDT,1m,ohlcv,58380,8,58385,0,ok,"",2026-07-19 23:18:45.026099+00
61189,BNBUSDT,1m,ohlcv,58379,8,58384,0,ok,"",2026-07-19 23:17:46.738355+00
61188,XRPUSDT,1m,ohlcv,58378,8,58383,0,ok,"",2026-07-19 23:16:52.617879+00
61187,SOLUSDT,1m,ohlcv,58377,8,58382,0,ok,"",2026-07-19 23:15:56.100877+00
61186,ETHUSDT,1m,ohlcv,55187,9,55193,0,ok,"",2026-07-19 23:14:58.608395+00
61185,DOGEUSDT,snapshot,orderbook,,100,,0,ok,"",2026-07-19 23:14:32.165952+00
61184,BNBUSDT,snapshot,orderbook,,100,,0,ok,"",2026-07-19 23:14:30.121225+00
61183,XRPUSDT,snapshot,orderbook,,100,,0,ok,"",2026-07-19 23:14:28.195988+00
61182,SOLUSDT,snapshot,orderbook,,100,,0,ok,"",2026-07-19 23:14:26.140745+00
61181,ETHUSDT,snapshot,orderbook,,100,,0,ok,"",2026-07-19 23:14:24.090209+00
61180,BTCUSDT,snapshot,orderbook,,100,,0,ok,"",2026-07-19 23:14:22.118114+00
61179,DOGEUSDT,"4h,1h,30m,15m,5m,1d",enrich,,,,0,ok,"",2026-07-19 23:14:20.610931+00
61178,BTCUSDT,1m,ohlcv,58377,9,58383,0,ok,"",2026-07-19 23:14:09.250694+00
61177,BNBUSDT,"4h,1h,30m,15m,5m,1d",enrich,,,,0,ok,"",2026-07-19 23:13:54.774684+00
61176,XRPUSDT,"4h,1h,30m,15m,5m,1d",enrich,,,,0,ok,"",2026-07-19 23:13:29.865069+00
61175,DOGEUSDT,1m,ohlcv,58374,9,58380,0,ok,"",2026-07-19 23:13:09.587197+00
61174,SOLUSDT,"4h,1h,30m,15m,5m,1d",enrich,,,,0,ok,"",2026-07-19 23:13:07.257696+00
61173,ETHUSDT,"4h,1h,30m,15m,5m,1d",enrich,,,,0,ok,"",2026-07-19 23:12:43.326362+00
61172,BTCUSDT,"4h,1h,30m,15m,5m,1d",enrich,,,,0,ok,"",2026-07-19 23:12:17.417844+00
61171,BNBUSDT,1m,ohlcv,58373,9,58379,0,ok,"",2026-07-19 23:12:04.852316+00
61170,DOGEUSDT,30m,ohlcv,62206,4,62207,0,ok,"",2026-07-19 23:11:51.162071+00
61169,XRPUSDT,1m,ohlcv,58372,9,58378,0,ok,"",2026-07-19 23:11:03.876184+00
61168,BNBUSDT,30m,ohlcv,62206,4,62207,0,ok,"",2026-07-19 23:10:46.65284+00
61167,SOLUSDT,1m,ohlcv,58371,9,58377,0,ok,"",2026-07-19 23:10:13.490112+00
61166,XRPUSDT,30m,ohlcv,62206,4,62207,0,ok,"",2026-07-19 23:09:49.981137+00
61165,ETHUSDT,1m,ohlcv,55182,8,55187,0,ok,"",2026-07-19 23:09:18.381088+00
61164,SOLUSDT,30m,ohlcv,62206,4,62207,0,ok,"",2026-07-19 23:08:47.852714+00
61163,BTCUSDT,1m,ohlcv,58372,8,58377,0,ok,"",2026-07-19 23:08:26.544236+00
61162,ETHUSDT,30m,ohlcv,62206,4,62207,0,ok,"",2026-07-19 23:07:45.707602+00
61161,DOGEUSDT,1m,ohlcv,58369,8,58374,0,ok,"",2026-07-19 23:07:31.740375+00
61160,BTCUSDT,30m,ohlcv,62206,4,62207,0,ok,"",2026-07-19 23:06:44.104539+00
61159,BNBUSDT,1m,ohlcv,58368,8,58373,0,ok,"",2026-07-19 23:06:31.654162+00
61158,DOGEUSDT,15m,ohlcv,124412,4,124413,0,ok,"",2026-07-19 23:05:42.591537+00
61157,XRPUSDT,1m,ohlcv,58367,8,58372,0,ok,"",2026-07-19 23:05:35.012505+00
61156,SOLUSDT,1m,ohlcv,58366,8,58371,0,ok,"",2026-07-19 23:04:39.22069+00
61155,ETHUSDT,1m,ohlcv,55176,8,55181,0,ok,"",2026-07-19 23:03:43.10237+00
61154,BNBUSDT,15m,ohlcv,124412,4,124413,0,ok,"",2026-07-19 23:03:33.116169+00
61153,BTCUSDT,1m,ohlcv,58366,9,58372,0,ok,"",2026-07-19 23:02:55.860989+00
61152,DOGEUSDT,1m,ohlcv,58363,9,58369,0,ok,"",2026-07-19 23:02:02.488062+00
61151,XRPUSDT,15m,ohlcv,124412,3,124412,0,ok,"",2026-07-19 23:01:41.749282+00
61150,BNBUSDT,1m,ohlcv,58362,9,58368,0,ok,"",2026-07-19 23:01:03.189625+00
61149,XRPUSDT,1m,ohlcv,58361,9,58367,0,ok,"",2026-07-19 23:00:05.931449+00
61148,SOLUSDT,15m,ohlcv,124412,3,124412,0,ok,"",2026-07-19 22:59:41.077516+00
61147,SOLUSDT,1m,ohlcv,58360,9,58366,0,ok,"",2026-07-19 22:59:11.514851+00
61146,ETHUSDT,1m,ohlcv,55171,8,55176,0,ok,"",2026-07-19 22:58:17.910071+00
61145,ETHUSDT,15m,ohlcv,124411,4,124412,0,ok,"",2026-07-19 22:57:46.588892+00
61144,BTCUSDT,1m,ohlcv,58361,8,58366,0,ok,"",2026-07-19 22:57:25.753451+00
61143,DOGEUSDT,1m,ohlcv,58358,8,58363,0,ok,"",2026-07-19 22:56:31.252182+00
61142,BTCUSDT,15m,ohlcv,124411,4,124412,0,ok,"",2026-07-19 22:55:51.54111+00
61141,BNBUSDT,1m,ohlcv,58357,8,58362,0,ok,"",2026-07-19 22:55:34.160108+00
61140,XRPUSDT,1m,ohlcv,58356,8,58361,0,ok,"",2026-07-19 22:54:41.14392+00
61139,DOGEUSDT,5m,ohlcv,373232,5,373234,0,ok,"",2026-07-19 22:53:57.014653+00
61138,SOLUSDT,1m,ohlcv,58355,8,58360,0,ok,"",2026-07-19 22:53:47.717157+00
61137,ETHUSDT,1m,ohlcv,55165,9,55171,0,ok,"",2026-07-19 22:52:54.65313+00
61136,BTCUSDT,1m,ohlcv,58355,9,58361,0,ok,"",2026-07-19 22:52:01.863951+00
61135,DOGEUSDT,1m,ohlcv,58352,9,58358,0,ok,"",2026-07-19 22:51:06.817702+00
61134,BNBUSDT,1m,ohlcv,58351,9,58357,0,ok,"",2026-07-19 22:50:06.385595+00
61133,XRPUSDT,1m,ohlcv,58350,9,58356,0,ok,"",2026-07-19 22:49:12.526756+00
61132,SOLUSDT,1m,ohlcv,58349,9,58355,0,ok,"",2026-07-19 22:48:18.149416+00
61131,BNBUSDT,5m,ohlcv,373221,15,373233,0,ok,"",2026-07-19 22:47:45.441457+00
61130,ETHUSDT,1m,ohlcv,55159,9,55165,0,ok,"",2026-07-19 22:47:21.944772+00
61129,BTCUSDT,1m,ohlcv,58349,9,58355,0,ok,"",2026-07-19 22:46:29.645385+00
61128,DOGEUSDT,1m,ohlcv,58346,9,58352,0,ok,"",2026-07-19 22:45:32.429348+00
61127,BNBUSDT,1m,ohlcv,58346,8,58351,0,ok,"",2026-07-19 22:44:29.72172+00
61126,XRPUSDT,1m,ohlcv,58345,8,58350,0,ok,"",2026-07-19 22:43:33.220285+00
61125,SOLUSDT,1m,ohlcv,58344,8,58349,0,ok,"",2026-07-19 22:42:39.653667+00
61124,XRPUSDT,5m,ohlcv,373229,6,373232,0,ok,"",2026-07-19 22:41:55.257266+00
61123,ETHUSDT,1m,ohlcv,55154,8,55159,0,ok,"",2026-07-19 22:41:44.946875+00
61122,BTCUSDT,1m,ohlcv,58344,8,58349,0,ok,"",2026-07-19 22:40:52.160617+00
61121,DOGEUSDT,1m,ohlcv,58341,8,58346,0,ok,"",2026-07-19 22:39:55.84412+00
61120,BNBUSDT,1m,ohlcv,58340,9,58346,0,ok,"",2026-07-19 22:38:57.073857+00
61119,XRPUSDT,1m,ohlcv,58339,9,58345,0,ok,"",2026-07-19 22:38:00.31161+00
61118,SOLUSDT,1m,ohlcv,58338,9,58344,0,ok,"",2026-07-19 22:37:03.669447+00
61117,ETHUSDT,1m,ohlcv,55148,9,55154,0,ok,"",2026-07-19 22:36:06.729393+00
61116,SOLUSDT,5m,ohlcv,373228,6,373231,0,ok,"",2026-07-19 22:36:05.708575+00
61115,BTCUSDT,1m,ohlcv,58338,9,58344,0,ok,"",2026-07-19 22:35:14.823926+00
61114,DOGEUSDT,1m,ohlcv,58335,9,58341,0,ok,"",2026-07-19 22:34:20.194956+00
61113,BNBUSDT,1m,ohlcv,58334,9,58340,0,ok,"",2026-07-19 22:33:19.971012+00
61112,XRPUSDT,1m,ohlcv,58333,9,58339,0,ok,"",2026-07-19 22:32:23.118083+00
61111,SOLUSDT,1m,ohlcv,58332,9,58338,0,ok,"",2026-07-19 22:31:25.305537+00
61110,ETHUSDT,1m,ohlcv,55142,9,55148,0,ok,"",2026-07-19 22:30:28.9531+00
61109,ETHUSDT,5m,ohlcv,373227,5,373229,0,quarantined,Data is stale: last candle 10 min ago,2026-07-19 22:30:07.975848+00
61108,BTCUSDT,1m,ohlcv,58333,8,58338,0,ok,"",2026-07-19 22:29:36.283062+00
61107,DOGEUSDT,1m,ohlcv,58329,9,58335,0,ok,"",2026-07-19 22:28:38.752863+00
61106,BNBUSDT,1m,ohlcv,58328,9,58334,0,ok,"",2026-07-19 22:27:38.018103+00
61105,XRPUSDT,1m,ohlcv,58328,8,58333,0,ok,"",2026-07-19 22:26:40.685916+00
61104,SOLUSDT,1m,ohlcv,58327,8,58332,0,ok,"",2026-07-19 22:25:47.127298+00
61103,ETHUSDT,1m,ohlcv,55137,8,55142,0,ok,"",2026-07-19 22:24:51.684301+00
61102,BTCUSDT,5m,ohlcv,373226,5,373228,0,ok,"",2026-07-19 22:24:18.38509+00
61101,BTCUSDT,1m,ohlcv,58327,9,58333,0,ok,"",2026-07-19 22:23:57.585843+00
61100,DOGEUSDT,1m,ohlcv,58324,8,58329,0,quarantined,Data is stale: last candle 2 min ago,2026-07-19 22:23:00.689055+00
61099,BNBUSDT,1m,ohlcv,58323,8,58328,0,ok,"",2026-07-19 22:21:56.535647+00
61098,XRPUSDT,1m,ohlcv,58322,9,58328,0,ok,"",2026-07-19 22:20:57.697878+00
61097,SOLUSDT,1m,ohlcv,58321,9,58327,0,ok,"",2026-07-19 22:20:01.946649+00
61096,ETHUSDT,1m,ohlcv,55131,9,55137,0,ok,"",2026-07-19 22:19:02.450265+00
61095,DOGEUSDT,snapshot,orderbook,,100,,0,ok,"",2026-07-19 22:18:12.296148+00
61094,BNBUSDT,snapshot,orderbook,,100,,0,ok,"",2026-07-19 22:18:10.235697+00
61093,BTCUSDT,1m,ohlcv,58321,9,58327,0,ok,"",2026-07-19 22:18:08.613031+00
61092,XRPUSDT,snapshot,orderbook,,100,,0,ok,"",2026-07-19 22:18:08.257867+00
61091,SOLUSDT,snapshot,orderbook,,100,,0,ok,"",2026-07-19 22:18:06.267769+00
61090,ETHUSDT,snapshot,orderbook,,100,,0,ok,"",2026-07-19 22:18:04.256429+00
61089,BTCUSDT,snapshot,orderbook,,100,,0,ok,"",2026-07-19 22:18:02.283096+00
61088,DOGEUSDT,1h,open_interest_1h,31196,200,31196,0,ok,"",2026-07-19 22:18:00.687093+00
61087,BNBUSDT,1h,open_interest_1h,31196,200,31196,0,ok,"",2026-07-19 22:17:58.602314+00
61086,XRPUSDT,1h,open_interest_1h,31196,200,31196,0,ok,"",2026-07-19 22:17:56.665181+00
61085,SOLUSDT,1h,open_interest_1h,31196,200,31196,0,ok,"",2026-07-19 22:17:54.605822+00
61084,ETHUSDT,1h,open_interest_1h,31196,200,31196,0,ok,"",2026-07-19 22:17:52.746599+00
61083,BTCUSDT,1h,open_interest_1h,31196,200,31196,0,ok,"",2026-07-19 22:17:50.621509+00
61082,DOGEUSDT,8h,funding_rate,3924,200,3924,0,ok,"",2026-07-19 22:17:48.299695+00
61081,BNBUSDT,8h,funding_rate,3924,200,3924,0,ok,"",2026-07-19 22:17:46.259269+00
61080,XRPUSDT,8h,funding_rate,3924,200,3924,0,ok,"",2026-07-19 22:17:44.291892+00
61079,SOLUSDT,8h,funding_rate,3924,200,3924,0,ok,"",2026-07-19 22:17:42.430132+00
61078,ETHUSDT,8h,funding_rate,3924,200,3924,0,ok,"",2026-07-19 22:17:40.581083+00
61077,BTCUSDT,8h,funding_rate,3924,200,3924,0,ok,"",2026-07-19 22:17:38.582156+00
61076,DOGEUSDT,1h,ohlcv,31103,3,31103,0,ok,"",2026-07-19 22:17:37.189435+00
61075,DOGEUSDT,1m,ohlcv,58318,9,58324,0,ok,"",2026-07-19 22:17:15.262647+00
61074,BNBUSDT,1h,ohlcv,31103,3,31103,0,ok,"",2026-07-19 22:17:02.604829+00
61073,XRPUSDT,1h,ohlcv,31103,3,31103,0,ok,"",2026-07-19 22:16:29.486469+00
61072,BNBUSDT,1m,ohlcv,58317,9,58323,0,ok,"",2026-07-19 22:16:14.729047+00
61071,SOLUSDT,1h,ohlcv,31103,3,31103,0,ok,"",2026-07-19 22:15:57.846801+00
61070,ETHUSDT,1h,ohlcv,31103,3,31103,0,ok,"",2026-07-19 22:15:24.717084+00
61069,XRPUSDT,1m,ohlcv,58316,9,58322,0,ok,"",2026-07-19 22:15:16.698232+00
61068,BTCUSDT,1h,ohlcv,31103,3,31103,0,ok,"",2026-07-19 22:14:51.642773+00
61067,DOGEUSDT,"4h,1h,30m,15m,5m,1d",enrich,,,,0,ok,"",2026-07-19 22:14:20.758252+00
61066,SOLUSDT,1m,ohlcv,58315,9,58321,0,ok,"",2026-07-19 22:14:18.711083+00
61065,BNBUSDT,"4h,1h,30m,15m,5m,1d",enrich,,,,0,ok,"",2026-07-19 22:13:56.287059+00
61064,XRPUSDT,"4h,1h,30m,15m,5m,1d",enrich,,,,0,ok,"",2026-07-19 22:13:31.424951+00
61063,ETHUSDT,1m,ohlcv,55125,9,55131,0,ok,"",2026-07-19 22:13:17.350559+00
61062,SOLUSDT,"4h,1h,30m,15m,5m,1d",enrich,,,,0,ok,"",2026-07-19 22:13:06.160098+00
61061,ETHUSDT,"4h,1h,30m,15m,5m,1d",enrich,,,,0,ok,"",2026-07-19 22:12:40.852758+00
61060,BTCUSDT,1m,ohlcv,58315,9,58321,0,ok,"",2026-07-19 22:12:19.869508+00
61059,BTCUSDT,"4h,1h,30m,15m,5m,1d",enrich,,,,0,ok,"",2026-07-19 22:12:16.205243+00
61058,DOGEUSDT,30m,ohlcv,62204,4,62205,0,ok,"",2026-07-19 22:11:51.042544+00
61057,DOGEUSDT,1m,ohlcv,58312,9,58318,0,ok,"",2026-07-19 22:11:22.556215+00
61056,BNBUSDT,30m,ohlcv,62204,4,62205,0,ok,"",2026-07-19 22:10:44.440855+00
61055,BNBUSDT,1m,ohlcv,58311,9,58317,0,ok,"",2026-07-19 22:10:18.81972+00
61054,XRPUSDT,30m,ohlcv,62204,4,62205,0,ok,"",2026-07-19 22:09:40.061227+00
61053,XRPUSDT,1m,ohlcv,58310,9,58316,0,ok,"",2026-07-19 22:09:20.67922+00
61052,SOLUSDT,30m,ohlcv,62204,4,62205,0,ok,"",2026-07-19 22:08:36.808765+00
61051,SOLUSDT,1m,ohlcv,58309,9,58315,0,ok,"",2026-07-19 22:08:22.200413+00
61050,ETHUSDT,30m,ohlcv,62204,4,62205,0,ok,"",2026-07-19 22:07:34.726839+00
61049,ETHUSDT,1m,ohlcv,55119,9,55125,0,ok,"",2026-07-19 22:07:24.03462+00
61048,BTCUSDT,30m,ohlcv,62204,4,62205,0,ok,"",2026-07-19 22:06:32.201613+00
61047,BTCUSDT,1m,ohlcv,58309,9,58315,0,ok,"",2026-07-19 22:06:27.483282+00
61046,DOGEUSDT,1m,ohlcv,58306,9,58312,0,ok,"",2026-07-19 22:05:36.264238+00
61045,DOGEUSDT,15m,ohlcv,124408,4,124409,0,ok,"",2026-07-19 22:05:34.810056+00
61044,BNBUSDT,1m,ohlcv,58306,8,58311,0,ok,"",2026-07-19 22:04:37.275868+00
61043,XRPUSDT,1m,ohlcv,58305,8,58310,0,ok,"",2026-07-19 22:03:35.587679+00
61042,BNBUSDT,15m,ohlcv,124408,4,124409,0,ok,"",2026-07-19 22:03:25.057905+00
61041,SOLUSDT,1m,ohlcv,58304,8,58309,0,ok,"",2026-07-19 22:02:38.18244+00
61040,ETHUSDT,1m,ohlcv,55114,8,55119,0,ok,"",2026-07-19 22:01:39.212816+00
61039,XRPUSDT,15m,ohlcv,124408,3,124408,0,ok,"",2026-07-19 22:01:20.413325+00
61038,BTCUSDT,1m,ohlcv,58304,8,58309,0,ok,"",2026-07-19 22:00:47.295372+00
61037,DOGEUSDT,1m,ohlcv,58301,8,58306,0,ok,"",2026-07-19 21:59:53.376755+00
61036,SOLUSDT,15m,ohlcv,124408,3,124408,0,ok,"",2026-07-19 21:59:24.728101+00
61035,BNBUSDT,1m,ohlcv,58300,9,58306,0,ok,"",2026-07-19 21:58:57.045873+00
61034,XRPUSDT,1m,ohlcv,58299,9,58305,0,ok,"",2026-07-19 21:58:03.642471+00
61033,ETHUSDT,15m,ohlcv,124407,4,124408,0,ok,"",2026-07-19 21:57:29.318706+00
61032,SOLUSDT,1m,ohlcv,58298,9,58304,0,ok,"",2026-07-19 21:57:08.822716+00
61031,ETHUSDT,1m,ohlcv,55108,9,55114,0,ok,"",2026-07-19 21:56:13.702846+00
61030,BTCUSDT,15m,ohlcv,124407,4,124408,0,ok,"",2026-07-19 21:55:28.034377+00
61029,BTCUSDT,1m,ohlcv,58299,8,58304,0,ok,"",2026-07-19 21:55:21.962151+00
61028,DOGEUSDT,1m,ohlcv,58296,8,58301,0,ok,"",2026-07-19 21:54:27.745568+00
61027,DOGEUSDT,5m,ohlcv,373220,5,373222,0,ok,"",2026-07-19 21:53:33.328137+00
61026,BNBUSDT,1m,ohlcv,58295,8,58300,0,ok,"",2026-07-19 21:53:27.508254+00
61025,XRPUSDT,1m,ohlcv,58294,8,58299,0,ok,"",2026-07-19 21:52:34.732256+00
61024,SOLUSDT,1m,ohlcv,58293,8,58298,0,ok,"",2026-07-19 21:51:40.377886+00
61023,ETHUSDT,1m,ohlcv,55103,8,55108,0,ok,"",2026-07-19 21:50:44.661009+00
61022,BTCUSDT,1m,ohlcv,58293,9,58299,0,ok,"",2026-07-19 21:49:54.735654+00
61021,DOGEUSDT,1m,ohlcv,58290,9,58296,0,ok,"",2026-07-19 21:48:59.881057+00
61020,BNBUSDT,1m,ohlcv,58289,9,58295,0,ok,"",2026-07-19 21:48:00.114403+00
61019,BNBUSDT,5m,ohlcv,373214,10,373221,0,ok,"",2026-07-19 21:47:22.807435+00
61018,XRPUSDT,1m,ohlcv,58288,9,58294,0,ok,"",2026-07-19 21:47:05.513404+00
61017,SOLUSDT,1m,ohlcv,58287,9,58293,0,ok,"",2026-07-19 21:46:09.847019+00
61016,ETHUSDT,1m,ohlcv,55097,9,55103,0,ok,"",2026-07-19 21:45:14.966414+00
61015,BTCUSDT,1m,ohlcv,58287,9,58293,0,ok,"",2026-07-19 21:44:23.196096+00
61014,DOGEUSDT,1m,ohlcv,58284,9,58290,0,ok,"",2026-07-19 21:43:28.161271+00
61013,BNBUSDT,1m,ohlcv,58284,8,58289,0,ok,"",2026-07-19 21:42:29.566523+00
61012,XRPUSDT,5m,ohlcv,373217,6,373220,0,ok,"",2026-07-19 21:41:36.361177+00
61011,XRPUSDT,1m,ohlcv,58283,8,58288,0,ok,"",2026-07-19 21:41:35.984002+00
61010,SOLUSDT,1m,ohlcv,58282,8,58287,0,ok,"",2026-07-19 21:40:38.96045+00
61009,ETHUSDT,1m,ohlcv,55092,8,55097,0,ok,"",2026-07-19 21:39:43.850831+00
61008,BTCUSDT,1m,ohlcv,58282,8,58287,0,ok,"",2026-07-19 21:38:52.094144+00
61007,DOGEUSDT,1m,ohlcv,58279,8,58284,0,ok,"",2026-07-19 21:37:56.09075+00
61006,BNBUSDT,1m,ohlcv,58278,9,58284,0,ok,"",2026-07-19 21:36:57.395594+00
61005,XRPUSDT,1m,ohlcv,58277,9,58283,0,ok,"",2026-07-19 21:36:04.179692+00
61004,SOLUSDT,5m,ohlcv,373216,6,373219,0,ok,"",2026-07-19 21:35:52.185033+00
61003,SOLUSDT,1m,ohlcv,58276,9,58282,0,ok,"",2026-07-19 21:35:09.800085+00
61002,ETHUSDT,1m,ohlcv,55086,9,55092,0,ok,"",2026-07-19 21:34:15.962944+00
61001,BTCUSDT,1m,ohlcv,58277,8,58282,0,ok,"",2026-07-19 21:33:24.205164+00
61000,DOGEUSDT,1m,ohlcv,58274,8,58279,0,ok,"",2026-07-19 21:32:29.118843+00
60999,BNBUSDT,1m,ohlcv,58273,8,58278,0,ok,"",2026-07-19 21:31:28.996054+00
60998,XRPUSDT,1m,ohlcv,58272,8,58277,0,ok,"",2026-07-19 21:30:36.611666+00
60997,ETHUSDT,5m,ohlcv,373215,5,373217,0,quarantined,Data is stale: last candle 10 min ago,2026-07-19 21:30:13.624169+00
60996,SOLUSDT,1m,ohlcv,58271,8,58276,0,ok,"",2026-07-19 21:29:42.844728+00
60995,ETHUSDT,1m,ohlcv,55081,8,55086,0,ok,"",2026-07-19 21:28:47.246168+00
60994,BTCUSDT,1m,ohlcv,58271,9,58277,0,ok,"",2026-07-19 21:27:57.643856+00
60993,DOGEUSDT,1m,ohlcv,58268,9,58274,0,ok,"",2026-07-19 21:27:03.56637+00
60992,BNBUSDT,1m,ohlcv,58267,9,58273,0,ok,"",2026-07-19 21:26:07.857152+00
60991,XRPUSDT,1m,ohlcv,58266,9,58272,0,ok,"",2026-07-19 21:25:15.100855+00
60990,BTCUSDT,5m,ohlcv,373214,5,373216,0,ok,"",2026-07-19 21:24:39.38714+00
60989,SOLUSDT,1m,ohlcv,58266,8,58271,0,ok,"",2026-07-19 21:24:19.418185+00
60988,ETHUSDT,1m,ohlcv,55076,8,55081,0,ok,"",2026-07-19 21:23:26.967366+00
60987,BTCUSDT,1m,ohlcv,58266,8,58271,0,ok,"",2026-07-19 21:22:35.786167+00
60986,DOGEUSDT,1m,ohlcv,58263,8,58268,0,ok,"",2026-07-19 21:21:41.867066+00
60985,BNBUSDT,1m,ohlcv,58262,8,58267,0,ok,"",2026-07-19 21:20:43.225559+00
60984,XRPUSDT,1m,ohlcv,58261,8,58266,0,ok,"",2026-07-19 21:19:48.264554+00
60983,DOGEUSDT,snapshot,orderbook,,100,,0,ok,"",2026-07-19 21:18:59.498413+00
60982,BNBUSDT,snapshot,orderbook,,100,,0,ok,"",2026-07-19 21:18:57.468549+00
60981,SOLUSDT,1m,ohlcv,58260,9,58266,0,ok,"",2026-07-19 21:18:57.271732+00
60980,XRPUSDT,snapshot,orderbook,,100,,0,ok,"",2026-07-19 21:18:55.995078+00
60979,SOLUSDT,snapshot,orderbook,,100,,0,ok,"",2026-07-19 21:18:53.865622+00
60978,ETHUSDT,snapshot,orderbook,,100,,0,ok,"",2026-07-19 21:18:51.817046+00
60977,BTCUSDT,snapshot,orderbook,,100,,0,ok,"",2026-07-19 21:18:49.928617+00
60976,DOGEUSDT,5m,ohlcv,373213,5,373215,0,ok,"",2026-07-19 21:18:47.673216+00
60975,ETHUSDT,1m,ohlcv,55071,8,55076,0,ok,"",2026-07-19 21:18:08.978433+00
60974,BTCUSDT,1m,ohlcv,58261,8,58266,0,ok,"",2026-07-19 21:17:18.948089+00
60973,DOGEUSDT,1m,ohlcv,58258,8,58263,0,ok,"",2026-07-19 21:16:24.737338+00
60972,BNBUSDT,1m,ohlcv,58257,8,58262,0,ok,"",2026-07-19 21:15:28.451385+00
60971,XRPUSDT,1m,ohlcv,58256,8,58261,0,ok,"",2026-07-19 21:14:35.238075+00
60970,SOLUSDT,1m,ohlcv,58255,8,58260,0,ok,"",2026-07-19 21:13:42.999848+00
60969,ETHUSDT,1m,ohlcv,55065,9,55071,0,ok,"",2026-07-19 21:12:50.4761+00
60968,BNBUSDT,5m,ohlcv,373212,5,373214,0,ok,"",2026-07-19 21:12:50.428906+00
60967,BTCUSDT,1m,ohlcv,58255,9,58261,0,ok,"",2026-07-19 21:12:00.008267+00
60966,DOGEUSDT,1m,ohlcv,58252,9,58258,0,ok,"",2026-07-19 21:11:05.904781+00
60965,BNBUSDT,1m,ohlcv,58251,9,58257,0,ok,"",2026-07-19 21:10:08.161473+00
60964,XRPUSDT,1m,ohlcv,58251,8,58256,0,ok,"",2026-07-19 21:09:14.985982+00
60963,SOLUSDT,1m,ohlcv,58250,8,58255,0,ok,"",2026-07-19 21:08:22.366886+00
60962,ETHUSDT,1m,ohlcv,55060,8,55065,0,ok,"",2026-07-19 21:07:28.917211+00
60961,XRPUSDT,5m,ohlcv,373211,5,373213,0,ok,"",2026-07-19 21:07:18.616953+00
60960,BTCUSDT,1m,ohlcv,58250,8,58255,0,ok,"",2026-07-19 21:06:40.708769+00
60959,DOGEUSDT,1m,ohlcv,58247,8,58252,0,ok,"",2026-07-19 21:05:46.643385+00
60958,BNBUSDT,1m,ohlcv,58246,8,58251,0,ok,"",2026-07-19 21:04:48.756225+00
60957,XRPUSDT,1m,ohlcv,58245,9,58251,0,ok,"",2026-07-19 21:03:55.755454+00
60956,SOLUSDT,1m,ohlcv,58245,8,58250,0,ok,"",2026-07-19 21:03:03.380978+00
60955,ETHUSDT,1m,ohlcv,55055,8,55060,0,ok,"",2026-07-19 21:02:15.562628+00
60954,SOLUSDT,5m,ohlcv,373202,13,373212,0,ok,"",2026-07-19 21:01:57.409796+00
60953,BTCUSDT,1m,ohlcv,58245,8,58250,0,ok,"",2026-07-19 21:01:34.257268+00
60952,DOGEUSDT,1m,ohlcv,58242,8,58247,0,ok,"",2026-07-19 21:00:42.412393+00
60951,BNBUSDT,1m,ohlcv,58241,8,58246,0,ok,"",2026-07-19 20:59:42.503089+00
60950,XRPUSDT,1m,ohlcv,58240,8,58245,0,ok,"",2026-07-19 20:58:50.55696+00
60949,SOLUSDT,1m,ohlcv,58239,9,58245,0,ok,"",2026-07-19 20:57:55.817767+00
60948,ETHUSDT,1m,ohlcv,55050,8,55055,0,ok,"",2026-07-19 20:57:13.093606+00
60947,ETHUSDT,5m,ohlcv,373209,5,373211,0,ok,"",2026-07-19 20:56:29.520094+00
60946,BTCUSDT,1m,ohlcv,58240,8,58245,0,ok,"",2026-07-19 20:56:22.826177+00
60945,DOGEUSDT,1m,ohlcv,58237,8,58242,0,ok,"",2026-07-19 20:55:29.107596+00
60944,BNBUSDT,1m,ohlcv,58236,8,58241,0,ok,"",2026-07-19 20:54:31.702499+00
60943,XRPUSDT,1m,ohlcv,58235,8,58240,0,ok,"",2026-07-19 20:53:40.068383+00
60942,SOLUSDT,1m,ohlcv,58234,8,58239,0,ok,"",2026-07-19 20:52:47.857095+00
60941,ETHUSDT,1m,ohlcv,55044,9,55050,0,ok,"",2026-07-19 20:51:53.299172+00
60940,BTCUSDT,1m,ohlcv,58235,8,58240,0,ok,"",2026-07-19 20:51:03.749895+00
60939,BTCUSDT,5m,ohlcv,373208,5,373210,0,ok,"",2026-07-19 20:50:59.914049+00
60938,DOGEUSDT,1m,ohlcv,58232,8,58237,0,ok,"",2026-07-19 20:50:11.96301+00
60937,BNBUSDT,1m,ohlcv,58231,8,58236,0,ok,"",2026-07-19 20:49:15.517614+00
60936,XRPUSDT,1m,ohlcv,58231,7,58235,0,ok,"",2026-07-19 20:48:24.252984+00
60935,SOLUSDT,1m,ohlcv,58230,7,58234,0,ok,"",2026-07-19 20:47:33.622862+00
60934,ETHUSDT,1m,ohlcv,55040,7,55044,0,ok,"",2026-07-19 20:46:36.248452+00
60933,BTCUSDT,1m,ohlcv,58231,7,58235,0,ok,"",2026-07-19 20:45:45.324086+00
60932,DOGEUSDT,snapshot,orderbook,,100,,0,ok,"",2026-07-19 20:45:21.145245+00
60931,BNBUSDT,snapshot,orderbook,,100,,0,ok,"",2026-07-19 20:45:18.970093+00
60930,XRPUSDT,snapshot,orderbook,,100,,0,ok,"",2026-07-19 20:45:17.882877+00
60929,SOLUSDT,snapshot,orderbook,,100,,0,ok,"",2026-07-19 20:45:14.918026+00
60928,ETHUSDT,snapshot,orderbook,,100,,0,ok,"",2026-07-19 20:45:12.823084+00
60927,BTCUSDT,snapshot,orderbook,,100,,0,ok,"",2026-07-19 20:45:11.827949+00
60926,DOGEUSDT,1m,ohlcv,58228,7,58232,0,ok,"",2026-07-19 20:44:59.508372+00
60925,BNBUSDT,1m,ohlcv,58227,7,58231,0,ok,"",2026-07-19 20:44:16.862046+00
60924,XRPUSDT,1m,ohlcv,58226,8,58231,0,ok,"",2026-07-19 20:43:38.557073+00
60923,SOLUSDT,1m,ohlcv,58225,8,58230,0,ok,"",2026-07-19 20:43:00.111191+00
60922,ETHUSDT,1m,ohlcv,55035,8,55040,0,ok,"",2026-07-19 20:42:22.688544+00
60921,BTCUSDT,1m,ohlcv,58225,9,58231,0,ok,"",2026-07-19 20:41:46.178104+00
60920,DOGEUSDT,1m,ohlcv,58223,8,58228,0,ok,"",2026-07-19 20:41:05.504941+00
60919,DOGEUSDT,"4h,1h,30m,15m,5m,1d",enrich,,,,0,ok,"",2026-07-19 20:41:05.041906+00
60918,DOGEUSDT,snapshot,orderbook,,100,,0,ok,"",2026-07-19 20:40:42.158852+00
60917,DOGEUSDT,1h,open_interest_1h,31194,200,31194,0,ok,"",2026-07-19 20:40:41.101088+00
60916,DOGEUSDT,8h,funding_rate,3924,200,3924,0,ok,"",2026-07-19 20:40:38.471855+00
60915,DOGEUSDT,1d,ohlcv,565,3,565,0,ok,"",2026-07-19 20:40:36.894961+00
60914,DOGEUSDT,5m,ohlcv,373206,4,373207,0,quarantined,Data is stale: last candle 11 min ago,2026-07-19 20:40:35.40669+00
60913,BNBUSDT,1m,ohlcv,58222,8,58227,0,ok,"",2026-07-19 20:40:08.414087+00
60912,XRPUSDT,1m,ohlcv,58221,8,58226,0,ok,"",2026-07-19 20:39:16.372919+00
60911,SOLUSDT,1m,ohlcv,58221,7,58225,0,ok,"",2026-07-19 20:38:24.157831+00
60910,ETHUSDT,1m,ohlcv,55031,7,55035,0,ok,"",2026-07-19 20:37:31.089927+00
60909,BTCUSDT,1m,ohlcv,58221,7,58225,0,ok,"",2026-07-19 20:36:43.731376+00
60908,DOGEUSDT,1m,ohlcv,58218,8,58223,0,ok,"",2026-07-19 20:35:49.26796+00
60907,BNBUSDT,1m,ohlcv,58217,8,58222,0,ok,"",2026-07-19 20:35:02.034688+00
60906,DOGEUSDT,15m,ohlcv,124402,4,124403,0,ok,"",2026-07-19 20:34:54.461885+00
60905,XRPUSDT,1m,ohlcv,58216,8,58221,0,ok,"",2026-07-19 20:34:23.729849+00
60904,SOLUSDT,1m,ohlcv,58215,9,58221,0,ok,"",2026-07-19 20:33:45.894337+00
60903,DOGEUSDT,30m,ohlcv,62201,4,62202,0,ok,"",2026-07-19 20:33:24.385216+00
60902,ETHUSDT,1m,ohlcv,55025,9,55031,0,ok,"",2026-07-19 20:33:01.266117+00
60901,DOGEUSDT,1h,ohlcv,31101,3,31101,0,ok,"",2026-07-19 20:32:26.057593+00
60900,BTCUSDT,1m,ohlcv,58216,8,58221,0,ok,"",2026-07-19 20:32:11.087396+00
60899,DOGEUSDT,4h,ohlcv,7776,3,7776,0,ok,"",2026-07-19 20:31:54.328941+00
60898,BNBUSDT,"4h,1h,30m,15m,5m,1d",enrich,,,,0,ok,"",2026-07-19 20:31:45.032499+00
60897,BNBUSDT,snapshot,orderbook,,100,,0,ok,"",2026-07-19 20:31:20.62946+00
60896,BNBUSDT,1h,open_interest_1h,31194,200,31194,0,ok,"",2026-07-19 20:31:19.305867+00
60895,DOGEUSDT,1m,ohlcv,58213,8,58218,0,ok,"",2026-07-19 20:31:17.321929+00
60894,BNBUSDT,8h,funding_rate,3924,200,3924,0,ok,"",2026-07-19 20:31:16.793476+00
60893,BNBUSDT,1d,ohlcv,565,3,565,0,ok,"",2026-07-19 20:31:15.302247+00
60892,BNBUSDT,5m,ohlcv,373204,5,373206,0,ok,"",2026-07-19 20:31:13.88534+00
60891,BNBUSDT,1m,ohlcv,58212,8,58217,0,ok,"",2026-07-19 20:30:20.314853+00
60890,XRPUSDT,1m,ohlcv,58211,8,58216,0,ok,"",2026-07-19 20:29:29.352534+00
60889,SOLUSDT,1m,ohlcv,58210,8,58215,0,ok,"",2026-07-19 20:28:39.266849+00
60888,ETHUSDT,1m,ohlcv,55020,8,55025,0,ok,"",2026-07-19 20:27:48.013083+00
60887,BTCUSDT,1m,ohlcv,58210,9,58216,0,ok,"",2026-07-19 20:26:59.779693+00
60886,DOGEUSDT,1m,ohlcv,58207,9,58213,0,ok,"",2026-07-19 20:26:06.213986+00
60885,BNBUSDT,15m,ohlcv,124402,3,124402,0,ok,"",2026-07-19 20:25:43.391431+00
60884,BNBUSDT,1m,ohlcv,58206,9,58212,0,ok,"",2026-07-19 20:25:10.645071+00
60883,XRPUSDT,1m,ohlcv,58206,8,58211,0,ok,"",2026-07-19 20:24:18.275792+00
60882,BNBUSDT,30m,ohlcv,62201,3,62201,0,ok,"",2026-07-19 20:23:51.476795+00
60881,SOLUSDT,1m,ohlcv,58205,8,58210,0,ok,"",2026-07-19 20:23:26.194047+00
60880,BNBUSDT,1h,ohlcv,31101,3,31101,0,ok,"",2026-07-19 20:22:57.779389+00
60879,ETHUSDT,1m,ohlcv,55015,8,55020,0,ok,"",2026-07-19 20:22:35.625854+00
60878,BNBUSDT,4h,ohlcv,7776,3,7776,0,ok,"",2026-07-19 20:22:29.518155+00
60877,XRPUSDT,"4h,1h,30m,15m,5m,1d",enrich,,,,0,ok,"",2026-07-19 20:22:20.926848+00
60876,XRPUSDT,snapshot,orderbook,,100,,0,ok,"",2026-07-19 20:21:56.644881+00
60875,XRPUSDT,1h,open_interest_1h,31194,200,31194,0,ok,"",2026-07-19 20:21:56.098842+00
60874,XRPUSDT,8h,funding_rate,3924,200,3924,0,ok,"",2026-07-19 20:21:53.026919+00
60873,XRPUSDT,1d,ohlcv,565,3,565,0,ok,"",2026-07-19 20:21:51.344795+00
60872,XRPUSDT,5m,ohlcv,373202,5,373204,0,ok,"",2026-07-19 20:21:49.977338+00
60871,BTCUSDT,1m,ohlcv,58205,8,58210,0,ok,"",2026-07-19 20:21:44.340727+00
60870,DOGEUSDT,1m,ohlcv,58202,8,58207,0,ok,"",2026-07-19 20:20:52.615655+00
60869,BNBUSDT,1m,ohlcv,58201,8,58206,0,ok,"",2026-07-19 20:19:52.674345+00
60868,XRPUSDT,1m,ohlcv,58200,9,58206,0,ok,"",2026-07-19 20:18:58.388631+00
60867,SOLUSDT,1m,ohlcv,58199,9,58205,0,ok,"",2026-07-19 20:18:06.979159+00
60866,ETHUSDT,1m,ohlcv,55010,8,55015,0,ok,"",2026-07-19 20:17:11.435895+00
60865,BTCUSDT,1m,ohlcv,58200,8,58205,0,ok,"",2026-07-19 20:16:20.073403+00
60864,XRPUSDT,15m,ohlcv,124401,3,124401,0,ok,"",2026-07-19 20:16:10.134321+00
60863,DOGEUSDT,1m,ohlcv,58197,8,58202,0,ok,"",2026-07-19 20:15:26.435639+00
60862,BNBUSDT,1m,ohlcv,58196,8,58201,0,ok,"",2026-07-19 20:14:30.152594+00
60861,XRPUSDT,30m,ohlcv,62201,3,62201,0,ok,"",2026-07-19 20:14:12.383595+00
60860,XRPUSDT,1m,ohlcv,58195,8,58200,0,ok,"",2026-07-19 20:13:39.058456+00
60859,XRPUSDT,1h,ohlcv,31101,3,31101,0,ok,"",2026-07-19 20:13:17.665625+00
60858,XRPUSDT,4h,ohlcv,7776,3,7776,0,ok,"",2026-07-19 20:12:48.031264+00
60857,SOLUSDT,1m,ohlcv,58194,8,58199,0,ok,"",2026-07-19 20:12:47.44267+00
60856,SOLUSDT,"4h,1h,30m,15m,5m,1d",enrich,,,,0,ok,"",2026-07-19 20:12:38.811123+00
60855,SOLUSDT,snapshot,orderbook,,100,,0,ok,"",2026-07-19 20:12:15.668148+00
60854,SOLUSDT,1h,open_interest_1h,31194,200,31194,0,ok,"",2026-07-19 20:12:14.260973+00
60853,SOLUSDT,8h,funding_rate,3924,200,3924,0,ok,"",2026-07-19 20:12:11.946541+00
60852,SOLUSDT,1d,ohlcv,565,3,565,0,ok,"",2026-07-19 20:12:10.427866+00
60851,SOLUSDT,5m,ohlcv,373200,5,373202,0,ok,"",2026-07-19 20:12:08.873548+00
60850,ETHUSDT,1m,ohlcv,55004,9,55010,0,ok,"",2026-07-19 20:11:53.366183+00
60849,BTCUSDT,1m,ohlcv,58194,9,58200,0,ok,"",2026-07-19 20:11:02.688475+00
60848,DOGEUSDT,1m,ohlcv,58191,9,58197,0,ok,"",2026-07-19 20:10:03.211674+00
60847,BNBUSDT,1m,ohlcv,58190,9,58196,0,ok,"",2026-07-19 20:09:02.666559+00
60846,XRPUSDT,1m,ohlcv,58189,9,58195,0,ok,"",2026-07-19 20:08:08.935651+00
60845,SOLUSDT,1m,ohlcv,58188,9,58194,0,ok,"",2026-07-19 20:07:12.378658+00
60844,ETHUSDT,1m,ohlcv,54990,17,55004,0,ok,"",2026-07-19 20:06:14.765095+00
60843,SOLUSDT,15m,ohlcv,124400,4,124401,0,ok,"",2026-07-19 20:06:11.556091+00
60842,BTCUSDT,1m,ohlcv,58187,10,58194,0,ok,"",2026-07-19 20:05:20.769558+00
60841,DOGEUSDT,1m,ohlcv,58184,10,58191,0,ok,"",2026-07-19 20:04:22.967844+00
60840,SOLUSDT,30m,ohlcv,62200,4,62201,0,ok,"",2026-07-19 20:04:08.540921+00
60839,BNBUSDT,1m,ohlcv,58183,10,58190,0,ok,"",2026-07-19 20:03:24.568683+00
60838,SOLUSDT,1h,ohlcv,31100,4,31101,0,ok,"",2026-07-19 20:03:08.331339+00
60837,SOLUSDT,4h,ohlcv,7775,4,7776,0,ok,"",2026-07-19 20:02:34.461283+00
60836,XRPUSDT,1m,ohlcv,58167,25,58189,0,ok,"",2026-07-19 20:02:29.558461+00
60835,ETHUSDT,"4h,1h,30m,15m,5m,1d",enrich,,,,0,ok,"",2026-07-19 20:02:24.353644+00
60834,ETHUSDT,snapshot,orderbook,,100,,0,ok,"",2026-07-19 20:01:54.923996+00
60833,ETHUSDT,1h,open_interest_1h,31193,200,31194,0,ok,"",2026-07-19 20:01:53.73304+00
60832,ETHUSDT,8h,funding_rate,3924,200,3924,0,ok,"",2026-07-19 20:01:51.342114+00
60831,ETHUSDT,1d,ohlcv,565,3,565,0,ok,"",2026-07-19 20:01:49.73093+00
60830,ETHUSDT,5m,ohlcv,373189,13,373199,0,quarantined,Data is stale: last candle 12 min ago,2026-07-19 20:01:48.144218+00
60829,SOLUSDT,1m,ohlcv,58180,11,58188,0,ok,"",2026-07-19 20:01:30.763848+00
60828,ETHUSDT,1m,ohlcv,54990,10,54997,0,quarantined,Data is stale: last candle 2 min ago,2026-07-19 20:00:25.093869+00
60827,BTCUSDT,1m,ohlcv,58180,10,58187,0,ok,"",2026-07-19 19:58:47.010908+00
60826,DOGEUSDT,1m,ohlcv,58177,10,58184,0,ok,"",2026-07-19 19:57:32.101519+00
60825,BNBUSDT,1m,ohlcv,58176,10,58183,0,ok,"",2026-07-19 19:56:16.819842+00
60824,XRPUSDT,1m,ohlcv,58167,17,58181,0,quarantined,Data is stale: last candle 2 min ago,2026-07-19 19:55:07.331424+00
60823,SOLUSDT,1m,ohlcv,58173,10,58180,0,ok,"",2026-07-19 19:53:57.316452+00
60822,ETHUSDT,15m,ohlcv,124399,4,124400,0,ok,"",2026-07-19 19:53:53.683248+00
60821,ETHUSDT,1m,ohlcv,54983,10,54990,0,ok,"",2026-07-19 19:52:48.281651+00
60820,BTCUSDT,1m,ohlcv,58173,10,58180,0,ok,"",2026-07-19 19:51:41.071563+00
60819,ETHUSDT,30m,ohlcv,62200,3,62200,0,ok,"",2026-07-19 19:51:15.301672+00
60818,DOGEUSDT,1m,ohlcv,58161,19,58177,0,ok,"",2026-07-19 19:50:29.944118+00
60817,ETHUSDT,1h,ohlcv,31100,3,31100,0,ok,"",2026-07-19 19:49:58.978933+00
60816,BNBUSDT,1m,ohlcv,58168,11,58176,0,ok,"",2026-07-19 19:49:18.134955+00
60815,ETHUSDT,4h,ohlcv,7775,3,7775,0,ok,"",2026-07-19 19:49:15.097774+00
60814,BTCUSDT,"4h,1h,30m,15m,5m,1d",enrich,,,,0,ok,"",2026-07-19 19:49:03.275191+00
60813,BTCUSDT,snapshot,orderbook,,100,,0,ok,"",2026-07-19 19:48:31.700079+00
60812,BTCUSDT,1h,open_interest_1h,31192,200,31193,0,ok,"",2026-07-19 19:48:30.413695+00
60811,BTCUSDT,8h,funding_rate,3924,200,3924,0,ok,"",2026-07-19 19:48:28.143066+00
60810,BTCUSDT,1d,ohlcv,565,3,565,0,ok,"",2026-07-19 19:48:26.506993+00
60809,BTCUSDT,5m,ohlcv,373188,12,373197,0,ok,"",2026-07-19 19:48:24.496152+00
60808,XRPUSDT,1m,ohlcv,58167,10,58174,0,quarantined,Data is stale: last candle 2 min ago,2026-07-19 19:48:08.368512+00
60807,SOLUSDT,1m,ohlcv,58160,16,58173,0,ok,"",2026-07-19 19:46:55.209888+00
60806,ETHUSDT,1m,ohlcv,54975,11,54983,0,ok,"",2026-07-19 19:45:42.339215+00
60805,BTCUSDT,1m,ohlcv,58166,10,58173,0,ok,"",2026-07-19 19:44:35.654746+00
60804,DOGEUSDT,1m,ohlcv,58161,11,58169,0,quarantined,Data is stale: last candle 2 min ago,2026-07-19 19:43:15.649009+00
60803,BNBUSDT,1m,ohlcv,58161,10,58168,0,ok,"",2026-07-19 19:41:54.296644+00
60802,XRPUSDT,1m,ohlcv,58160,10,58167,0,ok,"",2026-07-19 19:40:38.787166+00
60801,BTCUSDT,15m,ohlcv,124396,6,124399,0,ok,"",2026-07-19 19:40:26.887848+00
60800,SOLUSDT,1m,ohlcv,58160,8,58165,0,quarantined,Data is stale: last candle 2 min ago,2026-07-19 19:39:18.605772+00
60799,ETHUSDT,1m,ohlcv,54971,7,54975,0,ok,"",2026-07-19 19:37:47.94279+00
60798,BTCUSDT,30m,ohlcv,62198,5,62200,0,ok,"",2026-07-19 19:37:34.977712+00
60797,BTCUSDT,1m,ohlcv,58161,8,58166,0,ok,"",2026-07-19 19:36:58.007133+00
60796,BTCUSDT,1h,ohlcv,31099,4,31100,0,ok,"",2026-07-19 19:36:35.897216+00
60795,BTCUSDT,4h,ohlcv,7775,3,7775,0,ok,"",2026-07-19 19:36:05.711474+00
60794,DOGEUSDT,1m,ohlcv,58159,5,58161,0,ok,"",2026-07-19 19:34:48.997763+00
60793,BNBUSDT,1m,ohlcv,58158,6,58161,0,ok,"",2026-07-19 19:33:56.710169+00
60792,XRPUSDT,1m,ohlcv,58158,5,58160,0,ok,"",2026-07-19 19:33:21.594379+00
60791,SOLUSDT,1m,ohlcv,58157,6,58160,0,ok,"",2026-07-19 19:32:54.991606+00
60790,DOGEUSDT,15m,ohlcv,124395,7,124399,0,ok,"",2026-07-19 19:32:50.454579+00
60789,ETHUSDT,1m,ohlcv,54968,6,54971,0,ok,"",2026-07-19 19:32:26.343547+00
60788,BTCUSDT,1m,ohlcv,58158,6,58161,0,ok,"",2026-07-19 19:32:01.308322+00
60787,DOGEUSDT,30m,ohlcv,62198,5,62200,0,ok,"",2026-07-19 19:31:47.085716+00
60786,DOGEUSDT,1m,ohlcv,58156,6,58159,0,ok,"",2026-07-19 19:31:32.719411+00
60785,DOGEUSDT,1h,ohlcv,31099,4,31100,0,ok,"",2026-07-19 19:31:15.068605+00
60784,BNBUSDT,1m,ohlcv,58155,6,58158,0,ok,"",2026-07-19 19:31:03.272777+00
60783,DOGEUSDT,4h,ohlcv,7775,3,7775,0,ok,"",2026-07-19 19:30:59.087561+00
60782,BNBUSDT,"4h,1h,30m,15m,5m,1d",enrich,,,,0,ok,"",2026-07-19 19:30:52.943972+00
60781,BNBUSDT,snapshot,orderbook,,100,,0,ok,"",2026-07-19 19:30:38.001089+00
60780,BNBUSDT,1h,open_interest_1h,31192,200,31193,0,ok,"",2026-07-19 19:30:36.377289+00
60779,BNBUSDT,8h,funding_rate,3924,200,3924,0,ok,"",2026-07-19 19:30:34.292789+00
60778,XRPUSDT,1m,ohlcv,58155,6,58158,0,ok,"",2026-07-19 19:30:32.877498+00
60777,BNBUSDT,1d,ohlcv,565,3,565,0,ok,"",2026-07-19 19:30:32.407606+00
60776,BNBUSDT,5m,ohlcv,373182,15,373194,0,ok,"",2026-07-19 19:30:31.450599+00
60775,SOLUSDT,1m,ohlcv,58154,6,58157,0,ok,"",2026-07-19 19:30:04.514074+00
60774,ETHUSDT,1m,ohlcv,54965,6,54968,0,ok,"",2026-07-19 19:29:36.430108+00
60773,BTCUSDT,1m,ohlcv,58156,5,58158,0,ok,"",2026-07-19 19:29:11.677883+00
60772,DOGEUSDT,1m,ohlcv,58153,6,58156,0,ok,"",2026-07-19 19:28:44.299511+00
60771,BNBUSDT,1m,ohlcv,58152,6,58155,0,ok,"",2026-07-19 19:28:15.44569+00
60770,XRPUSDT,1m,ohlcv,58152,6,58155,0,ok,"",2026-07-19 19:27:47.333672+00
60769,BNBUSDT,15m,ohlcv,124394,7,124398,0,ok,"",2026-07-19 19:27:38.011745+00
60768,SOLUSDT,1m,ohlcv,58152,5,58154,0,ok,"",2026-07-19 19:27:20.318641+00
60767,ETHUSDT,1m,ohlcv,54962,6,54965,0,ok,"",2026-07-19 19:26:54.215339+00
60766,BNBUSDT,30m,ohlcv,62197,5,62199,0,ok,"",2026-07-19 19:26:40.923044+00
60765,BTCUSDT,1m,ohlcv,58153,6,58156,0,ok,"",2026-07-19 19:26:28.544178+00
60764,BNBUSDT,1h,ohlcv,31099,4,31100,0,ok,"",2026-07-19 19:26:11.740061+00
60763,DOGEUSDT,1m,ohlcv,58150,6,58153,0,ok,"",2026-07-19 19:26:00.16796+00
60762,BNBUSDT,4h,ohlcv,7775,3,7775,0,ok,"",2026-07-19 19:25:56.572275+00
60761,XRPUSDT,"4h,1h,30m,15m,5m,1d",enrich,,,,0,ok,"",2026-07-19 19:25:51.299716+00
60760,XRPUSDT,snapshot,orderbook,,100,,0,ok,"",2026-07-19 19:25:35.75911+00
60759,XRPUSDT,1h,open_interest_1h,31192,200,31193,0,ok,"",2026-07-19 19:25:33.587849+00
60758,XRPUSDT,8h,funding_rate,3924,200,3924,0,ok,"",2026-07-19 19:25:31.467172+00
60757,XRPUSDT,1d,ohlcv,565,3,565,0,ok,"",2026-07-19 19:25:29.572991+00
60756,XRPUSDT,5m,ohlcv,373181,15,373193,0,ok,"",2026-07-19 19:25:28.65104+00
60755,BNBUSDT,1m,ohlcv,58149,6,58152,0,ok,"",2026-07-19 19:25:27.105386+00
60754,XRPUSDT,1m,ohlcv,58148,7,58152,0,ok,"",2026-07-19 19:24:59.195312+00
60753,SOLUSDT,1m,ohlcv,58147,8,58152,0,ok,"",2026-07-19 19:24:32.244939+00
60752,ETHUSDT,1m,ohlcv,54957,8,54962,0,ok,"",2026-07-19 19:24:04.999423+00
60751,BTCUSDT,1m,ohlcv,58148,8,58153,0,ok,"",2026-07-19 19:23:35.317028+00
60750,DOGEUSDT,1m,ohlcv,58145,8,58150,0,ok,"",2026-07-19 19:23:00.961323+00
60749,BNBUSDT,1m,ohlcv,58144,8,58149,0,ok,"",2026-07-19 19:22:16.842409+00
60748,XRPUSDT,15m,ohlcv,124394,7,124398,0,ok,"",2026-07-19 19:22:07.920455+00
60747,XRPUSDT,1m,ohlcv,58143,8,58148,0,ok,"",2026-07-19 19:21:26.573701+00
60746,SOLUSDT,1m,ohlcv,58142,8,58147,0,ok,"",2026-07-19 19:20:34.346388+00
60745,XRPUSDT,30m,ohlcv,62197,5,62199,0,ok,"",2026-07-19 19:20:21.409218+00
60744,ETHUSDT,1m,ohlcv,54952,8,54957,0,ok,"",2026-07-19 19:19:45.683929+00
60743,XRPUSDT,1h,ohlcv,31099,4,31100,0,ok,"",2026-07-19 19:19:27.359338+00
60742,XRPUSDT,4h,ohlcv,7775,3,7775,0,ok,"",2026-07-19 19:19:00.797287+00
60741,BTCUSDT,1m,ohlcv,58142,9,58148,0,ok,"",2026-07-19 19:18:58.739086+00
60740,SOLUSDT,"4h,1h,30m,15m,5m,1d",enrich,,,,0,ok,"",2026-07-19 19:18:50.136069+00
60739,SOLUSDT,snapshot,orderbook,,100,,0,ok,"",2026-07-19 19:18:23.966849+00
60738,SOLUSDT,1h,open_interest_1h,31192,200,31193,0,ok,"",2026-07-19 19:18:22.354913+00
60737,SOLUSDT,8h,funding_rate,3924,200,3924,0,ok,"",2026-07-19 19:18:20.404123+00
60736,SOLUSDT,1d,ohlcv,565,3,565,0,ok,"",2026-07-19 19:18:18.375196+00
60735,SOLUSDT,5m,ohlcv,373180,14,373191,0,ok,"",2026-07-19 19:18:17.08153+00
60734,DOGEUSDT,1m,ohlcv,58140,8,58145,0,ok,"",2026-07-19 19:18:08.486853+00
60733,BNBUSDT,1m,ohlcv,58139,8,58144,0,ok,"",2026-07-19 19:17:11.775202+00
60732,XRPUSDT,1m,ohlcv,58138,8,58143,0,ok,"",2026-07-19 19:16:20.392081+00
60731,SOLUSDT,1m,ohlcv,58138,7,58142,0,ok,"",2026-07-19 19:15:28.914487+00
60730,ETHUSDT,1m,ohlcv,54948,7,54952,0,ok,"",2026-07-19 19:14:40.338385+00
60729,BTCUSDT,1m,ohlcv,58138,7,58142,0,ok,"",2026-07-19 19:13:51.997182+00
60728,DOGEUSDT,1m,ohlcv,58129,14,58140,0,ok,"",2026-07-19 19:12:58.902855+00
60727,SOLUSDT,15m,ohlcv,124393,7,124397,0,ok,"",2026-07-19 19:12:54.860317+00
60726,BNBUSDT,1m,ohlcv,58134,8,58139,0,ok,"",2026-07-19 19:12:00.741714+00
60725,XRPUSDT,1m,ohlcv,58133,8,58138,0,ok,"",2026-07-19 19:11:30.094658+00
60724,SOLUSDT,30m,ohlcv,62197,5,62199,0,ok,"",2026-07-19 19:11:24.925302+00
60723,SOLUSDT,1m,ohlcv,58132,9,58138,0,ok,"",2026-07-19 19:10:56.760232+00
60722,SOLUSDT,1h,ohlcv,31099,4,31100,0,ok,"",2026-07-19 19:10:49.208077+00
60721,SOLUSDT,4h,ohlcv,7775,3,7775,0,ok,"",2026-07-19 19:10:26.330194+00
60720,ETHUSDT,"4h,1h,30m,15m,5m,1d",enrich,,,,0,ok,"",2026-07-19 19:10:17.379164+00
60719,ETHUSDT,1m,ohlcv,54942,9,54948,0,ok,"",2026-07-19 19:10:17.373177+00
60718,ETHUSDT,snapshot,orderbook,,100,,0,ok,"",2026-07-19 19:09:36.190458+00
60717,ETHUSDT,1h,open_interest_1h,31192,200,31193,0,ok,"",2026-07-19 19:09:34.419779+00
60716,ETHUSDT,8h,funding_rate,3924,200,3924,0,ok,"",2026-07-19 19:09:32.135941+00
60715,ETHUSDT,1d,ohlcv,565,3,565,0,ok,"",2026-07-19 19:09:30.928979+00
60714,ETHUSDT,5m,ohlcv,373179,13,373189,0,ok,"",2026-07-19 19:09:28.666731+00
60713,BTCUSDT,1m,ohlcv,58132,9,58138,0,ok,"",2026-07-19 19:09:19.015017+00
60712,DOGEUSDT,1m,ohlcv,58129,8,58134,0,quarantined,Data is stale: last candle 2 min ago,2026-07-19 19:08:05.710751+00
60711,BNBUSDT,1m,ohlcv,58128,9,58134,0,ok,"",2026-07-19 19:06:55.916219+00
60710,XRPUSDT,1m,ohlcv,58128,8,58133,0,ok,"",2026-07-19 19:06:04.8684+00
60709,SOLUSDT,1m,ohlcv,58127,8,58132,0,ok,"",2026-07-19 19:05:15.212733+00
60708,ETHUSDT,1m,ohlcv,54937,8,54942,0,ok,"",2026-07-19 19:04:22.780863+00
60707,BTCUSDT,1m,ohlcv,58127,8,58132,0,ok,"",2026-07-19 19:03:32.748687+00
60706,ETHUSDT,15m,ohlcv,124393,7,124397,0,ok,"",2026-07-19 19:03:28.766791+00
60705,DOGEUSDT,1m,ohlcv,58124,8,58129,0,ok,"",2026-07-19 19:02:36.032613+00
60704,BNBUSDT,1m,ohlcv,58124,7,58128,0,ok,"",2026-07-19 19:01:45.372104+00
60703,ETHUSDT,30m,ohlcv,62197,5,62199,0,ok,"",2026-07-19 19:01:41.842379+00
60702,XRPUSDT,1m,ohlcv,58123,8,58128,0,ok,"",2026-07-19 19:00:54.877854+00
60701,ETHUSDT,1h,ohlcv,31099,4,31100,0,ok,"",2026-07-19 19:00:47.552727+00
60700,ETHUSDT,4h,ohlcv,7775,3,7775,0,ok,"",2026-07-19 19:00:20.557834+00
60699,BTCUSDT,"4h,1h,30m,15m,5m,1d",enrich,,,,0,ok,"",2026-07-19 19:00:11.576346+00
60698,SOLUSDT,1m,ohlcv,58122,8,58127,0,ok,"",2026-07-19 19:00:03.663304+00
60697,BTCUSDT,snapshot,orderbook,,100,,0,ok,"",2026-07-19 18:59:41.04914+00
60696,BTCUSDT,1h,open_interest_1h,31192,200,31192,0,ok,"",2026-07-19 18:59:39.956236+00
60695,BTCUSDT,8h,funding_rate,3924,200,3924,0,ok,"",2026-07-19 18:59:37.479132+00
60694,BTCUSDT,1d,ohlcv,565,3,565,0,ok,"",2026-07-19 18:59:35.087858+00
60693,BTCUSDT,5m,ohlcv,373185,6,373188,0,ok,"",2026-07-19 18:59:33.796963+00
60692,ETHUSDT,1m,ohlcv,54932,8,54937,0,ok,"",2026-07-19 18:59:10.064548+00
60691,BTCUSDT,1m,ohlcv,58123,7,58127,0,ok,"",2026-07-19 18:58:25.345003+00
60690,DOGEUSDT,1m,ohlcv,58112,15,58124,0,ok,"",2026-07-19 18:57:44.235851+00
60689,BNBUSDT,1m,ohlcv,58118,9,58124,0,ok,"",2026-07-19 18:56:41.267761+00
60688,XRPUSDT,1m,ohlcv,58110,16,58123,0,ok,"",2026-07-19 18:56:04.811097+00
60687,SOLUSDT,1m,ohlcv,58115,10,58122,0,ok,"",2026-07-19 18:55:29.177711+00
60686,BTCUSDT,15m,ohlcv,124393,6,124396,0,ok,"",2026-07-19 18:55:03.569086+00
60685,ETHUSDT,1m,ohlcv,54925,10,54932,0,ok,"",2026-07-19 18:54:47.253132+00
60684,BTCUSDT,1m,ohlcv,58115,11,58123,0,ok,"",2026-07-19 18:53:59.330243+00
60683,BTCUSDT,30m,ohlcv,62196,5,62198,0,ok,"",2026-07-19 18:53:18.849566+00
60682,BTCUSDT,1h,ohlcv,31098,4,31099,0,ok,"",2026-07-19 18:52:30.648904+00
60681,BTCUSDT,4h,ohlcv,7775,3,7775,0,ok,"",2026-07-19 18:52:09.413936+00
60680,BNBUSDT,1m,ohlcv,58111,10,58118,0,ok,"",2026-07-19 18:50:59.077104+00
60679,XRPUSDT,1m,ohlcv,58110,9,58116,0,quarantined,Data is stale: last candle 2 min ago,2026-07-19 18:50:02.889277+00
60678,SOLUSDT,1m,ohlcv,58109,9,58115,0,ok,"",2026-07-19 18:48:45.254575+00
60677,ETHUSDT,1m,ohlcv,54920,8,54925,0,ok,"",2026-07-19 18:47:28.614596+00
60676,BTCUSDT,1m,ohlcv,58110,8,58115,0,ok,"",2026-07-19 18:46:28.519553+00
60675,DOGEUSDT,1m,ohlcv,58107,8,58112,0,ok,"",2026-07-19 18:45:06.671927+00
60674,BTCUSDT,5m,ohlcv,373177,11,373185,0,ok,"",2026-07-19 18:45:04.745576+00
60673,BNBUSDT,1m,ohlcv,58107,7,58111,0,ok,"",2026-07-19 18:44:07.551631+00
60672,XRPUSDT,1m,ohlcv,58106,7,58110,0,ok,"",2026-07-19 18:43:13.269623+00
60671,SOLUSDT,1m,ohlcv,58106,6,58109,0,ok,"",2026-07-19 18:42:23.294596+00
60670,ETHUSDT,1m,ohlcv,54916,7,54920,0,ok,"",2026-07-19 18:41:40.216037+00
60669,BTCUSDT,1m,ohlcv,58107,6,58110,0,ok,"",2026-07-19 18:41:11.423018+00
60668,DOGEUSDT,1m,ohlcv,58104,6,58107,0,ok,"",2026-07-19 18:40:35.211841+00
60667,DOGEUSDT,snapshot,orderbook,,100,,0,ok,"",2026-07-19 18:40:21.864902+00
60666,BNBUSDT,snapshot,orderbook,,100,,0,ok,"",2026-07-19 18:40:19.334235+00
60665,XRPUSDT,snapshot,orderbook,,100,,0,ok,"",2026-07-19 18:40:17.486045+00
60664,SOLUSDT,snapshot,orderbook,,100,,0,ok,"",2026-07-19 18:40:15.356171+00
60663,ETHUSDT,snapshot,orderbook,,100,,0,ok,"",2026-07-19 18:40:13.397517+00
60662,BTCUSDT,snapshot,orderbook,,100,,0,ok,"",2026-07-19 18:40:11.398233+00
60661,BNBUSDT,1m,ohlcv,58104,6,58107,0,ok,"",2026-07-19 18:39:51.204916+00
60660,XRPUSDT,1m,ohlcv,58103,6,58106,0,ok,"",2026-07-19 18:39:19.286224+00
60659,SOLUSDT,1m,ohlcv,58102,7,58106,0,ok,"",2026-07-19 18:38:48.354318+00
60658,ETHUSDT,1m,ohlcv,54913,6,54916,0,ok,"",2026-07-19 18:38:13.867872+00
60657,BTCUSDT,1m,ohlcv,58103,7,58107,0,ok,"",2026-07-19 18:37:40.922027+00
60656,DOGEUSDT,1m,ohlcv,58101,6,58104,0,ok,"",2026-07-19 18:37:08.694154+00
60655,BNBUSDT,1m,ohlcv,58100,7,58104,0,ok,"",2026-07-19 18:36:32.035159+00
60654,XRPUSDT,1m,ohlcv,58100,6,58103,0,ok,"",2026-07-19 18:36:01.323925+00
60653,DOGEUSDT,"4h,1h,30m,15m,5m,1d",enrich,,,,0,ok,"",2026-07-19 18:35:42.683895+00
60652,SOLUSDT,1m,ohlcv,58099,6,58102,0,ok,"",2026-07-19 18:35:29.644853+00
60651,DOGEUSDT,snapshot,orderbook,,100,,0,ok,"",2026-07-19 18:35:26.915066+00
60650,DOGEUSDT,1h,open_interest_1h,31188,200,31192,0,ok,"",2026-07-19 18:35:25.3297+00
60649,DOGEUSDT,8h,funding_rate,3923,200,3924,0,ok,"",2026-07-19 18:35:23.426865+00
60648,DOGEUSDT,1d,ohlcv,565,3,565,0,ok,"",2026-07-19 18:35:22.035991+00
60647,DOGEUSDT,5m,ohlcv,373129,57,373183,0,ok,"",2026-07-19 18:35:20.381273+00
60646,ETHUSDT,1m,ohlcv,54910,6,54913,0,ok,"",2026-07-19 18:34:59.099147+00
60645,BTCUSDT,1m,ohlcv,58100,6,58103,0,ok,"",2026-07-19 18:34:31.113122+00
60644,DOGEUSDT,1m,ohlcv,58098,6,58101,0,ok,"",2026-07-19 18:33:59.348332+00
60643,BNBUSDT,1m,ohlcv,58097,6,58100,0,ok,"",2026-07-19 18:33:26.227828+00
60642,XRPUSDT,1m,ohlcv,58097,6,58100,0,ok,"",2026-07-19 18:32:56.921849+00
60641,SOLUSDT,1m,ohlcv,58096,6,58099,0,ok,"",2026-07-19 18:32:25.982848+00
60640,DOGEUSDT,15m,ohlcv,124391,7,124395,0,ok,"",2026-07-19 18:31:59.649428+00
60639,ETHUSDT,1m,ohlcv,54907,6,54910,0,ok,"",2026-07-19 18:31:55.544116+00
60638,BTCUSDT,1m,ohlcv,58097,6,58100,0,ok,"",2026-07-19 18:31:26.896539+00
60637,DOGEUSDT,1m,ohlcv,58095,6,58098,0,ok,"",2026-07-19 18:30:56.053844+00
60636,DOGEUSDT,30m,ohlcv,62196,5,62198,0,ok,"",2026-07-19 18:30:51.976055+00
60635,BNBUSDT,1m,ohlcv,58094,6,58097,0,ok,"",2026-07-19 18:30:22.276681+00
60634,DOGEUSDT,1h,ohlcv,31098,4,31099,0,ok,"",2026-07-19 18:30:17.065385+00
60633,DOGEUSDT,4h,ohlcv,7775,3,7775,0,ok,"",2026-07-19 18:29:57.998418+00
60632,BNBUSDT,"4h,1h,30m,15m,5m,1d",enrich,,,,0,ok,"",2026-07-19 18:29:52.722237+00
60631,XRPUSDT,1m,ohlcv,58094,6,58097,0,ok,"",2026-07-19 18:29:50.561067+00
60630,BNBUSDT,snapshot,orderbook,,100,,0,ok,"",2026-07-19 18:29:37.277011+00
60629,BNBUSDT,1h,open_interest_1h,31191,200,31192,0,ok,"",2026-07-19 18:29:35.89771+00
60628,BNBUSDT,8h,funding_rate,3924,200,3924,0,ok,"",2026-07-19 18:29:33.536122+00
60627,BNBUSDT,1d,ohlcv,565,3,565,0,ok,"",2026-07-19 18:29:31.846718+00
60626,BNBUSDT,5m,ohlcv,373170,15,373182,0,ok,"",2026-07-19 18:29:30.580862+00
60625,SOLUSDT,1m,ohlcv,58093,6,58096,0,ok,"",2026-07-19 18:29:18.464108+00
60624,ETHUSDT,1m,ohlcv,54904,6,54907,0,ok,"",2026-07-19 18:28:48.543837+00
60623,BTCUSDT,1m,ohlcv,58094,6,58097,0,ok,"",2026-07-19 18:28:18.521339+00
60622,DOGEUSDT,1m,ohlcv,58092,6,58095,0,ok,"",2026-07-19 18:27:47.995168+00
60621,BNBUSDT,1m,ohlcv,58091,6,58094,0,ok,"",2026-07-19 18:27:14.584951+00
60620,XRPUSDT,1m,ohlcv,58091,6,58094,0,ok,"",2026-07-19 18:26:45.252004+00
60619,BNBUSDT,15m,ohlcv,124390,7,124394,0,ok,"",2026-07-19 18:26:20.974968+00
60618,SOLUSDT,1m,ohlcv,58090,6,58093,0,ok,"",2026-07-19 18:26:14.805192+00
60617,ETHUSDT,1m,ohlcv,54901,6,54904,0,ok,"",2026-07-19 18:25:44.898144+00
60616,BNBUSDT,30m,ohlcv,62195,5,62197,0,ok,"",2026-07-19 18:25:18.311872+00
60615,BTCUSDT,1m,ohlcv,58091,6,58094,0,ok,"",2026-07-19 18:25:17.474148+00
60614,DOGEUSDT,1m,ohlcv,58089,6,58092,0,ok,"",2026-07-19 18:24:46.927307+00
60613,BNBUSDT,1h,ohlcv,31098,4,31099,0,ok,"",2026-07-19 18:24:46.387348+00
60612,BNBUSDT,4h,ohlcv,7775,3,7775,0,ok,"",2026-07-19 18:24:30.389828+00
60611,XRPUSDT,"4h,1h,30m,15m,5m,1d",enrich,,,,0,ok,"",2026-07-19 18:24:24.660347+00
60610,BNBUSDT,1m,ohlcv,58088,6,58091,0,ok,"",2026-07-19 18:24:13.877874+00
60609,XRPUSDT,snapshot,orderbook,,100,,0,ok,"",2026-07-19 18:24:09.151301+00
60608,XRPUSDT,1h,open_interest_1h,31191,200,31192,0,ok,"",2026-07-19 18:24:07.487501+00
60607,XRPUSDT,8h,funding_rate,3924,200,3924,0,ok,"",2026-07-19 18:24:05.391003+00
60606,XRPUSDT,1d,ohlcv,565,3,565,0,ok,"",2026-07-19 18:24:03.639861+00
60605,XRPUSDT,5m,ohlcv,373169,15,373181,0,ok,"",2026-07-19 18:24:02.520922+00
60604,XRPUSDT,1m,ohlcv,58088,6,58091,0,ok,"",2026-07-19 18:23:44.275923+00
60603,SOLUSDT,1m,ohlcv,58087,6,58090,0,ok,"",2026-07-19 18:23:13.828232+00
60602,ETHUSDT,1m,ohlcv,54898,6,54901,0,ok,"",2026-07-19 18:22:43.126756+00
60601,BTCUSDT,1m,ohlcv,58088,6,58091,0,ok,"",2026-07-19 18:22:14.220228+00
60600,DOGEUSDT,1m,ohlcv,58086,6,58089,0,ok,"",2026-07-19 18:21:44.100845+00
60599,BNBUSDT,1m,ohlcv,58085,6,58088,0,ok,"",2026-07-19 18:21:12.695363+00
60598,XRPUSDT,15m,ohlcv,124390,7,124394,0,ok,"",2026-07-19 18:20:58.416656+00
60597,XRPUSDT,1m,ohlcv,58085,6,58088,0,ok,"",2026-07-19 18:20:44.394718+00
60596,SOLUSDT,1m,ohlcv,58084,6,58087,0,ok,"",2026-07-19 18:20:15.310338+00
60595,XRPUSDT,30m,ohlcv,62195,5,62197,0,ok,"",2026-07-19 18:19:56.599935+00
60594,ETHUSDT,1m,ohlcv,54895,6,54898,0,ok,"",2026-07-19 18:19:45.135263+00
60593,XRPUSDT,1h,ohlcv,31098,4,31099,0,ok,"",2026-07-19 18:19:24.0873+00
60592,BTCUSDT,1m,ohlcv,58085,6,58088,0,ok,"",2026-07-19 18:19:16.963022+00
60591,XRPUSDT,4h,ohlcv,7775,3,7775,0,ok,"",2026-07-19 18:19:08.983615+00
60590,SOLUSDT,"4h,1h,30m,15m,5m,1d",enrich,,,,0,ok,"",2026-07-19 18:19:03.804853+00
60589,SOLUSDT,snapshot,orderbook,,100,,0,ok,"",2026-07-19 18:18:48.314116+00
60588,SOLUSDT,1h,open_interest_1h,31191,200,31192,0,ok,"",2026-07-19 18:18:47.0223+00
60587,DOGEUSDT,1m,ohlcv,58083,6,58086,0,ok,"",2026-07-19 18:18:45.535178+00
60586,SOLUSDT,8h,funding_rate,3924,200,3924,0,ok,"",2026-07-19 18:18:44.788785+00
60585,SOLUSDT,1d,ohlcv,565,3,565,0,ok,"",2026-07-19 18:18:42.735841+00
60584,SOLUSDT,5m,ohlcv,373168,15,373180,0,ok,"",2026-07-19 18:18:41.586934+00
60583,BNBUSDT,1m,ohlcv,58082,6,58085,0,ok,"",2026-07-19 18:18:13.742436+00
60582,XRPUSDT,1m,ohlcv,58082,6,58085,0,ok,"",2026-07-19 18:17:44.21634+00
60581,SOLUSDT,1m,ohlcv,58081,6,58084,0,ok,"",2026-07-19 18:17:14.583327+00
60580,ETHUSDT,1m,ohlcv,54892,6,54895,0,ok,"",2026-07-19 18:16:44.335786+00
60579,BTCUSDT,1m,ohlcv,58082,6,58085,0,ok,"",2026-07-19 18:16:15.949908+00
60578,DOGEUSDT,1m,ohlcv,58080,6,58083,0,ok,"",2026-07-19 18:15:44.856622+00
60577,SOLUSDT,15m,ohlcv,124390,6,124393,0,ok,"",2026-07-19 18:15:37.382792+00
60576,BNBUSDT,1m,ohlcv,58079,6,58082,0,ok,"",2026-07-19 18:15:13.986205+00
60575,XRPUSDT,1m,ohlcv,58079,6,58082,0,ok,"",2026-07-19 18:14:44.48704+00
60574,SOLUSDT,30m,ohlcv,62195,5,62197,0,ok,"",2026-07-19 18:14:35.065322+00
60573,SOLUSDT,1m,ohlcv,58078,6,58081,0,ok,"",2026-07-19 18:14:14.569089+00
60572,SOLUSDT,1h,ohlcv,31098,4,31099,0,ok,"",2026-07-19 18:14:03.146455+00
60571,SOLUSDT,4h,ohlcv,7775,3,7775,0,ok,"",2026-07-19 18:13:46.526433+00
60570,ETHUSDT,1m,ohlcv,54889,6,54892,0,ok,"",2026-07-19 18:13:44.222998+00
60569,ETHUSDT,"4h,1h,30m,15m,5m,1d",enrich,,,,0,ok,"",2026-07-19 18:13:41.605602+00
60568,ETHUSDT,snapshot,orderbook,,100,,0,ok,"",2026-07-19 18:13:25.158088+00
60567,ETHUSDT,1h,open_interest_1h,31191,200,31192,0,ok,"",2026-07-19 18:13:23.483835+00
60566,ETHUSDT,8h,funding_rate,3924,200,3924,0,ok,"",2026-07-19 18:13:21.380421+00
60565,ETHUSDT,1d,ohlcv,565,3,565,0,ok,"",2026-07-19 18:13:19.518421+00
60564,ETHUSDT,5m,ohlcv,373167,15,373179,0,ok,"",2026-07-19 18:13:18.593165+00
60563,BTCUSDT,1m,ohlcv,58079,6,58082,0,ok,"",2026-07-19 18:13:14.371478+00
60562,DOGEUSDT,1m,ohlcv,58076,7,58080,0,ok,"",2026-07-19 18:12:43.523097+00
60561,BNBUSDT,1m,ohlcv,58076,6,58079,0,ok,"",2026-07-19 18:12:10.751431+00
60560,XRPUSDT,1m,ohlcv,58075,7,58079,0,ok,"",2026-07-19 18:11:40.915895+00
60559,SOLUSDT,1m,ohlcv,58075,6,58078,0,ok,"",2026-07-19 18:11:09.279778+00
60558,ETHUSDT,1m,ohlcv,54885,7,54889,0,ok,"",2026-07-19 18:10:37.912627+00
60557,BTCUSDT,1m,ohlcv,58075,7,58079,0,ok,"",2026-07-19 18:10:06.850845+00
60556,ETHUSDT,15m,ohlcv,124389,7,124393,0,ok,"",2026-07-19 18:10:05.991+00
60555,DOGEUSDT,1m,ohlcv,58072,7,58076,0,ok,"",2026-07-19 18:09:28.543295+00
60554,BNBUSDT,1m,ohlcv,58071,8,58076,0,ok,"",2026-07-19 18:08:51.512826+00
60553,ETHUSDT,30m,ohlcv,62195,5,62197,0,ok,"",2026-07-19 18:08:49.928869+00
60552,XRPUSDT,1m,ohlcv,58070,8,58075,0,ok,"",2026-07-19 18:08:11.864883+00
60551,ETHUSDT,1h,ohlcv,31098,4,31099,0,ok,"",2026-07-19 18:08:08.776142+00
60550,ETHUSDT,4h,ohlcv,7775,3,7775,0,ok,"",2026-07-19 18:07:49.410218+00
60549,BTCUSDT,"4h,1h,30m,15m,5m,1d",enrich,,,,0,ok,"",2026-07-19 18:07:44.470378+00
60548,SOLUSDT,1m,ohlcv,58069,9,58075,0,ok,"",2026-07-19 18:07:37.681871+00
60547,BTCUSDT,snapshot,orderbook,,100,,0,ok,"",2026-07-19 18:07:25.707171+00
60546,BTCUSDT,1h,open_interest_1h,31191,200,31192,0,ok,"",2026-07-19 18:07:24.111989+00
60545,BTCUSDT,8h,funding_rate,3924,200,3924,0,ok,"",2026-07-19 18:07:21.995635+00
60544,BTCUSDT,1d,ohlcv,565,3,565,0,ok,"",2026-07-19 18:07:20.158437+00
60543,BTCUSDT,5m,ohlcv,373165,15,373177,0,ok,"",2026-07-19 18:07:19.077408+00
60542,ETHUSDT,1m,ohlcv,54879,9,54885,0,ok,"",2026-07-19 18:07:04.468692+00
60541,BTCUSDT,1m,ohlcv,58070,8,58075,0,ok,"",2026-07-19 18:06:22.612397+00
60540,DOGEUSDT,1m,ohlcv,58059,16,58072,0,ok,"",2026-07-19 18:05:26.425147+00
60539,BNBUSDT,1m,ohlcv,58058,16,58071,0,ok,"",2026-07-19 18:04:29.614196+00
60538,XRPUSDT,1m,ohlcv,58057,16,58070,0,ok,"",2026-07-19 18:03:35.868321+00
60537,SOLUSDT,1m,ohlcv,58056,16,58069,0,ok,"",2026-07-19 18:02:37.212157+00
60536,BTCUSDT,15m,ohlcv,124392,4,124393,0,ok,"",2026-07-19 18:02:05.522708+00
60535,ETHUSDT,1m,ohlcv,54866,16,54879,0,ok,"",2026-07-19 18:01:44.165035+00
60534,BTCUSDT,1m,ohlcv,58062,11,58070,0,ok,"",2026-07-19 18:00:56.072121+00
60533,BTCUSDT,30m,ohlcv,62196,3,62196,0,ok,"",2026-07-19 18:00:17.733547+00
60532,BTCUSDT,1h,ohlcv,31098,3,31098,0,ok,"",2026-07-19 17:59:34.224727+00
60531,BTCUSDT,4h,ohlcv,7775,3,7775,0,ok,"",2026-07-19 17:59:13.553027+00
60530,BTCUSDT,1h,ohlcv,31098,3,31098,0,ok,"",2026-07-19 17:58:26.977742+00
60529,BTCUSDT,4h,ohlcv,7775,3,7775,0,ok,"",2026-07-19 17:58:00.665174+00
60528,BTCUSDT,1h,ohlcv,31098,3,31098,0,ok,"",2026-07-19 17:57:04.897892+00
60527,BTCUSDT,4h,ohlcv,7775,3,7775,0,ok,"",2026-07-19 17:56:46.549597+00
60526,BTCUSDT,1h,ohlcv,31098,3,31098,0,ok,"",2026-07-19 17:55:58.670665+00
60525,BTCUSDT,4h,ohlcv,7775,3,7775,0,ok,"",2026-07-19 17:55:44.185386+00
60524,BTCUSDT,30m,ohlcv,62196,3,62196,0,ok,"",2026-07-19 17:55:13.331294+00
60523,BTCUSDT,1h,ohlcv,31098,3,31098,0,ok,"",2026-07-19 17:54:42.675921+00
60522,BTCUSDT,4h,ohlcv,7775,3,7775,0,ok,"",2026-07-19 17:54:27.330319+00
60521,BTCUSDT,1m,ohlcv,58056,9,58062,0,ok,"",2026-07-19 17:53:34.619147+00
60520,DOGEUSDT,1m,ohlcv,58046,16,58059,0,ok,"",2026-07-19 17:52:44.500705+00
60519,BNBUSDT,1m,ohlcv,58050,11,58058,0,ok,"",2026-07-19 17:51:25.022528+00
60518,XRPUSDT,1m,ohlcv,58049,11,58057,0,ok,"",2026-07-19 17:50:14.087848+00
60517,BTCUSDT,15m,ohlcv,124389,6,124392,0,ok,"",2026-07-19 17:49:32.577651+00
60516,SOLUSDT,1m,ohlcv,58048,11,58056,0,ok,"",2026-07-19 17:49:04.459164+00
60515,ETHUSDT,1m,ohlcv,54858,11,54866,0,ok,"",2026-07-19 17:48:04.161557+00
60514,BTCUSDT,30m,ohlcv,62196,3,62196,0,ok,"",2026-07-19 17:47:13.467846+00
60513,BTCUSDT,1m,ohlcv,58049,10,58056,0,ok,"",2026-07-19 17:47:05.399237+00
60512,BTCUSDT,1h,ohlcv,31098,3,31098,0,ok,"",2026-07-19 17:46:12.055345+00
60511,BTCUSDT,4h,ohlcv,7775,3,7775,0,ok,"",2026-07-19 17:45:50.357566+00
60510,BTCUSDT,1h,ohlcv,31097,4,31098,0,ok,"",2026-07-19 17:44:40.265135+00
60509,BTCUSDT,4h,ohlcv,7775,3,7775,0,ok,"",2026-07-19 17:44:18.785836+00
60508,BNBUSDT,1m,ohlcv,58045,8,58050,0,ok,"",2026-07-19 17:43:24.86072+00
60507,XRPUSDT,1m,ohlcv,58044,8,58049,0,ok,"",2026-07-19 17:42:30.952339+00
60506,SOLUSDT,1m,ohlcv,58043,8,58048,0,ok,"",2026-07-19 17:41:36.703365+00
60505,ETHUSDT,1m,ohlcv,54853,8,54858,0,ok,"",2026-07-19 17:40:42.050764+00
60504,BTCUSDT,1m,ohlcv,58043,9,58049,0,ok,"",2026-07-19 17:39:56.218182+00
60503,DOGEUSDT,1m,ohlcv,58041,8,58046,0,ok,"",2026-07-19 17:39:04.712827+00
60502,BNBUSDT,1m,ohlcv,58040,8,58045,0,ok,"",2026-07-19 17:38:13.052928+00
60501,DOGEUSDT,15m,ohlcv,124377,17,124391,0,ok,"",2026-07-19 17:38:12.975383+00
60500,XRPUSDT,1m,ohlcv,58039,8,58044,0,ok,"",2026-07-19 17:37:24.938794+00
60499,SOLUSDT,1m,ohlcv,58038,8,58043,0,ok,"",2026-07-19 17:36:27.698069+00
60498,DOGEUSDT,30m,ohlcv,62189,10,62196,0,ok,"",2026-07-19 17:36:07.355765+00
60497,ETHUSDT,1m,ohlcv,54848,8,54853,0,ok,"",2026-07-19 17:35:37.509187+00
60496,DOGEUSDT,1h,ohlcv,31095,6,31098,0,ok,"",2026-07-19 17:35:07.347119+00
60495,BTCUSDT,1m,ohlcv,58039,7,58043,0,ok,"",2026-07-19 17:34:48.891247+00
60494,DOGEUSDT,4h,ohlcv,7773,5,7775,0,ok,"",2026-07-19 17:34:38.315574+00
60493,BNBUSDT,"4h,1h,30m,15m,5m,1d",enrich,,,,0,ok,"",2026-07-19 17:34:30.061351+00
60492,BNBUSDT,snapshot,orderbook,,100,,0,ok,"",2026-07-19 17:34:06.673948+00
60491,BNBUSDT,1h,open_interest_1h,31188,200,31191,0,ok,"",2026-07-19 17:34:05.32573+00
60490,BNBUSDT,8h,funding_rate,3923,200,3924,0,ok,"",2026-07-19 17:34:02.923947+00
60489,BNBUSDT,1d,ohlcv,565,3,565,0,ok,"",2026-07-19 17:34:01.671589+00
60488,BNBUSDT,5m,ohlcv,373128,45,373170,0,ok,"",2026-07-19 17:33:59.897081+00
60487,DOGEUSDT,1m,ohlcv,58036,8,58041,0,ok,"",2026-07-19 17:33:58.912993+00
60486,BNBUSDT,1m,ohlcv,58035,8,58040,0,ok,"",2026-07-19 17:33:02.451178+00
60485,XRPUSDT,1m,ohlcv,58035,7,58039,0,ok,"",2026-07-19 17:32:11.756865+00
60484,SOLUSDT,1m,ohlcv,58034,7,58038,0,ok,"",2026-07-19 17:31:22.514198+00
60483,ETHUSDT,1m,ohlcv,54844,7,54848,0,ok,"",2026-07-19 17:30:34.158536+00
60482,BTCUSDT,1m,ohlcv,58035,7,58039,0,ok,"",2026-07-19 17:29:56.795897+00
60481,DOGEUSDT,1m,ohlcv,58032,7,58036,0,ok,"",2026-07-19 17:29:16.790458+00
60480,BNBUSDT,15m,ohlcv,124377,16,124390,0,ok,"",2026-07-19 17:29:00.169652+00
60479,BNBUSDT,1m,ohlcv,58032,6,58035,0,ok,"",2026-07-19 17:28:37.098749+00
60478,XRPUSDT,1m,ohlcv,58031,7,58035,0,ok,"",2026-07-19 17:27:56.053118+00
60477,BNBUSDT,30m,ohlcv,62189,9,62195,0,ok,"",2026-07-19 17:27:29.431231+00
60476,SOLUSDT,1m,ohlcv,58031,6,58034,0,ok,"",2026-07-19 17:27:00.014622+00
60475,BNBUSDT,1h,ohlcv,31095,6,31098,0,ok,"",2026-07-19 17:26:32.221556+00
60474,ETHUSDT,1m,ohlcv,54841,6,54844,0,ok,"",2026-07-19 17:26:17.839707+00
60473,BNBUSDT,4h,ohlcv,7773,5,7775,0,ok,"",2026-07-19 17:26:10.542698+00
60472,XRPUSDT,"4h,1h,30m,15m,5m,1d",enrich,,,,0,ok,"",2026-07-19 17:26:05.229062+00
60471,XRPUSDT,snapshot,orderbook,,100,,0,ok,"",2026-07-19 17:25:49.375009+00
60470,BTCUSDT,1m,ohlcv,58032,6,58035,0,ok,"",2026-07-19 17:25:48.204117+00
60469,XRPUSDT,1h,open_interest_1h,31188,200,31191,0,ok,"",2026-07-19 17:25:47.831837+00
60468,XRPUSDT,8h,funding_rate,3923,200,3924,0,ok,"",2026-07-19 17:25:45.735501+00
60467,XRPUSDT,1d,ohlcv,565,3,565,0,ok,"",2026-07-19 17:25:43.805631+00
60466,XRPUSDT,5m,ohlcv,373134,38,373169,0,ok,"",2026-07-19 17:25:42.826052+00
60465,DOGEUSDT,1m,ohlcv,58029,6,58032,0,ok,"",2026-07-19 17:25:18.345742+00
60464,BNBUSDT,1m,ohlcv,58029,6,58032,0,ok,"",2026-07-19 17:24:46.362696+00
60463,XRPUSDT,1m,ohlcv,58028,6,58031,0,ok,"",2026-07-19 17:24:16.748479+00
60462,SOLUSDT,1m,ohlcv,58028,6,58031,0,ok,"",2026-07-19 17:23:46.624204+00
60461,ETHUSDT,1m,ohlcv,54838,6,54841,0,ok,"",2026-07-19 17:23:17.966856+00
60460,BTCUSDT,1m,ohlcv,58029,6,58032,0,ok,"",2026-07-19 17:22:50.791027+00
60459,XRPUSDT,15m,ohlcv,124377,16,124390,0,ok,"",2026-07-19 17:22:32.390772+00
60458,DOGEUSDT,1m,ohlcv,58026,6,58029,0,ok,"",2026-07-19 17:22:21.8151+00
60457,BNBUSDT,1m,ohlcv,58026,6,58029,0,ok,"",2026-07-19 17:21:50.029698+00
60456,XRPUSDT,30m,ohlcv,62189,9,62195,0,ok,"",2026-07-19 17:21:27.47475+00
60455,XRPUSDT,1m,ohlcv,58025,6,58028,0,ok,"",2026-07-19 17:21:20.203549+00
60454,XRPUSDT,1h,ohlcv,31095,6,31098,0,ok,"",2026-07-19 17:20:54.877542+00
60453,SOLUSDT,1m,ohlcv,58024,7,58028,0,ok,"",2026-07-19 17:20:48.996737+00
60452,XRPUSDT,4h,ohlcv,7773,5,7775,0,ok,"",2026-07-19 17:20:34.66792+00
60451,SOLUSDT,"4h,1h,30m,15m,5m,1d",enrich,,,,0,ok,"",2026-07-19 17:20:29.214221+00
60450,ETHUSDT,1m,ohlcv,54835,6,54838,0,ok,"",2026-07-19 17:20:15.777925+00
60449,SOLUSDT,snapshot,orderbook,,100,,0,ok,"",2026-07-19 17:20:13.722902+00
60448,SOLUSDT,1h,open_interest_1h,31188,200,31191,0,ok,"",2026-07-19 17:20:12.342087+00
60447,SOLUSDT,8h,funding_rate,3923,200,3924,0,ok,"",2026-07-19 17:20:09.92258+00
60446,SOLUSDT,1d,ohlcv,565,3,565,0,ok,"",2026-07-19 17:20:08.039268+00
60445,SOLUSDT,5m,ohlcv,373133,38,373168,0,ok,"",2026-07-19 17:20:07.051521+00
60444,BTCUSDT,1m,ohlcv,58025,7,58029,0,ok,"",2026-07-19 17:19:48.339367+00
60443,DOGEUSDT,1m,ohlcv,58023,6,58026,0,ok,"",2026-07-19 17:19:19.997593+00
60442,BNBUSDT,1m,ohlcv,58022,7,58026,0,ok,"",2026-07-19 17:18:49.344533+00
60441,XRPUSDT,1m,ohlcv,58022,6,58025,0,ok,"",2026-07-19 17:18:18.344144+00
60440,SOLUSDT,1m,ohlcv,58021,6,58024,0,ok,"",2026-07-19 17:17:33.10734+00
60439,ETHUSDT,1m,ohlcv,54832,6,54835,0,ok,"",2026-07-19 17:16:57.798771+00
60438,SOLUSDT,15m,ohlcv,124377,16,124390,0,ok,"",2026-07-19 17:16:34.288103+00
60437,BTCUSDT,1m,ohlcv,58022,6,58025,0,ok,"",2026-07-19 17:16:28.223287+00
60436,DOGEUSDT,1m,ohlcv,58019,7,58023,0,ok,"",2026-07-19 17:15:55.317853+00
60435,SOLUSDT,30m,ohlcv,62193,5,62195,0,ok,"",2026-07-19 17:15:25.196555+00
60434,BNBUSDT,1m,ohlcv,58019,6,58022,0,ok,"",2026-07-19 17:15:21.262632+00
60433,SOLUSDT,1h,ohlcv,31097,4,31098,0,ok,"",2026-07-19 17:14:49.716285+00
60432,XRPUSDT,1m,ohlcv,58018,7,58022,0,ok,"",2026-07-19 17:14:49.208334+00
60431,SOLUSDT,4h,ohlcv,7775,3,7775,0,ok,"",2026-07-19 17:14:31.574653+00
60430,ETHUSDT,"4h,1h,30m,15m,5m,1d",enrich,,,,0,ok,"",2026-07-19 17:14:26.02207+00
60429,SOLUSDT,1m,ohlcv,58018,6,58021,0,ok,"",2026-07-19 17:14:17.978049+00
60428,ETHUSDT,snapshot,orderbook,,100,,0,ok,"",2026-07-19 17:14:10.386755+00
60427,ETHUSDT,1h,open_interest_1h,31190,200,31191,0,ok,"",2026-07-19 17:14:08.744196+00
60426,ETHUSDT,8h,funding_rate,3924,200,3924,0,ok,"",2026-07-19 17:14:06.589647+00
60425,ETHUSDT,1d,ohlcv,565,3,565,0,ok,"",2026-07-19 17:14:04.811046+00
60424,ETHUSDT,5m,ohlcv,373152,18,373167,0,ok,"",2026-07-19 17:14:03.739524+00
60423,ETHUSDT,1m,ohlcv,54828,7,54832,0,ok,"",2026-07-19 17:13:41.029203+00
60422,BTCUSDT,1m,ohlcv,58019,6,58022,0,ok,"",2026-07-19 17:13:02.505926+00
60421,DOGEUSDT,1m,ohlcv,58016,6,58019,0,ok,"",2026-07-19 17:12:26.29703+00
60420,BNBUSDT,1m,ohlcv,58015,7,58019,0,ok,"",2026-07-19 17:11:49.661265+00
60419,XRPUSDT,1m,ohlcv,58014,7,58018,0,ok,"",2026-07-19 17:11:16.505013+00
60418,SOLUSDT,1m,ohlcv,58013,8,58018,0,ok,"",2026-07-19 17:10:43.280104+00
60417,ETHUSDT,15m,ohlcv,124384,8,124389,0,ok,"",2026-07-19 17:10:20.54216+00
60416,ETHUSDT,1m,ohlcv,54823,8,54828,0,ok,"",2026-07-19 17:10:10.033929+00
60415,BTCUSDT,1m,ohlcv,58014,8,58019,0,ok,"",2026-07-19 17:09:38.924134+00
60414,ETHUSDT,30m,ohlcv,62192,6,62195,0,ok,"",2026-07-19 17:09:08.395314+00
60413,DOGEUSDT,1m,ohlcv,58011,8,58016,0,ok,"",2026-07-19 17:09:06.010119+00
60412,ETHUSDT,1h,ohlcv,31096,5,31098,0,ok,"",2026-07-19 17:08:21.496542+00
60411,BNBUSDT,1m,ohlcv,58010,8,58015,0,ok,"",2026-07-19 17:08:20.791712+00
60410,ETHUSDT,4h,ohlcv,7774,4,7775,0,ok,"",2026-07-19 17:07:55.313876+00
60409,BTCUSDT,"4h,1h,30m,15m,5m,1d",enrich,,,,0,ok,"",2026-07-19 17:07:43.537296+00
60408,XRPUSDT,1m,ohlcv,58010,7,58014,0,ok,"",2026-07-19 17:07:26.204261+00
60407,BTCUSDT,snapshot,orderbook,,100,,0,ok,"",2026-07-19 17:07:18.825961+00
60406,BTCUSDT,1h,open_interest_1h,31189,200,31191,0,ok,"",2026-07-19 17:07:18.269882+00
60405,BTCUSDT,8h,funding_rate,3923,200,3924,0,ok,"",2026-07-19 17:07:15.123737+00
60404,BTCUSDT,1d,ohlcv,565,3,565,0,ok,"",2026-07-19 17:07:13.447121+00
60403,BTCUSDT,5m,ohlcv,373163,5,373165,0,ok,"",2026-07-19 17:07:11.959868+00
60402,SOLUSDT,1m,ohlcv,58009,7,58013,0,ok,"",2026-07-19 17:06:38.644748+00
60401,ETHUSDT,1m,ohlcv,54819,7,54823,0,ok,"",2026-07-19 17:05:32.711224+00
60400,BTCUSDT,1m,ohlcv,58009,8,58014,0,ok,"",2026-07-19 17:04:50.460497+00
60399,DOGEUSDT,1m,ohlcv,58003,11,58011,0,ok,"",2026-07-19 17:04:16.048933+00
60398,BNBUSDT,1m,ohlcv,58002,11,58010,0,ok,"",2026-07-19 17:03:31.285261+00
60397,XRPUSDT,1m,ohlcv,58001,12,58010,0,ok,"",2026-07-19 17:02:49.015298+00
60396,BTCUSDT,15m,ohlcv,124388,4,124389,0,ok,"",2026-07-19 17:02:13.198101+00
60395,SOLUSDT,1m,ohlcv,58000,12,58009,0,ok,"",2026-07-19 17:02:05.899401+00
60394,ETHUSDT,1m,ohlcv,54815,7,54819,0,ok,"",2026-07-19 17:01:14.887178+00
60393,BTCUSDT,1m,ohlcv,58006,6,58009,0,ok,"",2026-07-19 17:00:25.431578+00
60392,BTCUSDT,30m,ohlcv,62194,3,62194,0,ok,"",2026-07-19 17:00:22.25386+00
60391,BTCUSDT,1h,ohlcv,31097,3,31097,0,ok,"",2026-07-19 16:58:55.762661+00
60390,BTCUSDT,4h,ohlcv,7775,3,7775,0,ok,"",2026-07-19 16:58:22.552757+00
60389,BTCUSDT,1m,ohlcv,57949,0,0,0,error,"Failed after 6 attempts: HTTPSConnectionPool(host='api.bybit.com', port=443): Max retries exceeded with url: /v5/market/kline?category=linear&symbol=BTCUSDT&interval=1&start=1784476620000&end=1784478185090&limit=1000 (Caused by ConnectTimeoutError(<HTTPSConnection(host='api.bybit.com', port=443) at 0x7e4ae1cec750>, 'Connection to api.bybit.com timed out. (connect timeout=60)'))",2026-07-19 16:48:08.989856+00
60388,BTCUSDT,4h,ohlcv,7774,0,0,0,error,"Failed after 6 attempts: HTTPSConnectionPool(host='api.bybit.com', port=443): Max retries exceeded with url: /v5/market/kline?category=linear&symbol=BTCUSDT&interval=240&start=1784433600000&end=1784478158738&limit=1000 (Caused by ConnectTimeoutError(<HTTPSConnection(host='api.bybit.com', port=443) at 0x7610a6192310>, 'Connection to api.bybit.com timed out. (connect timeout=60)'))",2026-07-19 16:47:44.589024+00
60387,DOGEUSDT,1m,ohlcv,57938,18,57953,0,quarantined,Data is stale: last candle 4 min ago,2026-07-19 16:08:56.535545+00
60386,SOLUSDT,30m,ohlcv,62189,7,62193,0,ok,"",2026-07-19 16:08:56.519252+00
60385,BNBUSDT,1m,ohlcv,57944,11,57952,0,ok,"",2026-07-19 16:05:18.861862+00
60384,SOLUSDT,1h,ohlcv,31095,5,31097,0,ok,"",2026-07-19 16:05:15.960828+00
60383,SOLUSDT,4h,ohlcv,7773,5,7775,0,ok,"",2026-07-19 16:04:46.551682+00
60382,ETHUSDT,"4h,1h,30m,15m,5m,1d",enrich,,,,0,ok,"",2026-07-19 16:04:36.768906+00
60381,XRPUSDT,1m,ohlcv,57944,10,57951,0,ok,"",2026-07-19 16:04:27.62066+00
60380,ETHUSDT,snapshot,orderbook,,100,,0,ok,"",2026-07-19 16:03:28.464724+00
60379,ETHUSDT,1h,open_interest_1h,31188,200,31190,0,ok,"",2026-07-19 16:03:25.278279+00
60378,ETHUSDT,8h,funding_rate,3923,200,3924,0,ok,"",2026-07-19 16:03:18.91265+00
60377,SOLUSDT,1m,ohlcv,57943,10,57950,0,ok,"",2026-07-19 16:03:14.249602+00
60376,ETHUSDT,1d,ohlcv,565,3,565,0,ok,"",2026-07-19 16:03:14.253872+00
60375,ETHUSDT,5m,ohlcv,373132,23,373152,0,ok,"",2026-07-19 16:02:52.080273+00
60374,ETHUSDT,1m,ohlcv,54751,12,54760,0,ok,"",2026-07-19 16:02:12.171109+00
60373,BTCUSDT,1m,ohlcv,57941,11,57949,0,ok,"",2026-07-19 16:00:57.736022+00
60372,DOGEUSDT,1m,ohlcv,57938,10,57945,0,quarantined,Data is stale: last candle 2 min ago,2026-07-19 15:59:25.67829+00
60371,BNBUSDT,1m,ohlcv,57937,10,57944,0,ok,"",2026-07-19 15:57:59.049191+00
60370,XRPUSDT,1m,ohlcv,57936,11,57944,0,ok,"",2026-07-19 15:56:58.217923+00
60369,SOLUSDT,1m,ohlcv,57935,11,57943,0,ok,"",2026-07-19 15:56:01.260088+00
60368,ETHUSDT,15m,ohlcv,124377,10,124384,0,ok,"",2026-07-19 15:55:09.729641+00
60367,ETHUSDT,1m,ohlcv,54744,10,54751,0,ok,"",2026-07-19 15:55:06.674322+00
60366,BTCUSDT,1m,ohlcv,57934,10,57941,0,ok,"",2026-07-19 15:52:18.493966+00
60365,DOGEUSDT,1m,ohlcv,57931,10,57938,0,ok,"",2026-07-19 15:51:28.067506+00
60364,ETHUSDT,30m,ohlcv,62189,6,62192,0,ok,"",2026-07-19 15:51:25.156808+00
60363,BNBUSDT,1m,ohlcv,57930,10,57937,0,ok,"",2026-07-19 15:50:35.047845+00
60362,ETHUSDT,1h,ohlcv,31095,4,31096,0,ok,"",2026-07-19 15:50:34.052869+00
60361,ETHUSDT,4h,ohlcv,7773,4,7774,0,ok,"",2026-07-19 15:50:11.526337+00
60360,BTCUSDT,"4h,1h,30m,15m,5m,1d",enrich,,,,0,ok,"",2026-07-19 15:50:04.650532+00
60359,XRPUSDT,1m,ohlcv,57930,9,57936,0,ok,"",2026-07-19 15:49:54.161633+00
60358,BTCUSDT,snapshot,orderbook,,100,,0,ok,"",2026-07-19 15:49:40.793021+00
60357,BTCUSDT,1h,open_interest_1h,31188,200,31189,0,ok,"",2026-07-19 15:49:39.740975+00
60356,BTCUSDT,8h,funding_rate,3923,200,3923,0,ok,"",2026-07-19 15:49:37.205806+00
60355,BTCUSDT,1d,ohlcv,565,3,565,0,ok,"",2026-07-19 15:49:35.633365+00
60354,BTCUSDT,5m,ohlcv,373131,21,373149,0,ok,"",2026-07-19 15:49:33.707608+00
60353,SOLUSDT,1m,ohlcv,57929,9,57935,0,ok,"",2026-07-19 15:48:43.671397+00
60352,ETHUSDT,1m,ohlcv,54739,8,54744,0,ok,"",2026-07-19 15:46:52.591888+00
60351,BTCUSDT,1m,ohlcv,57930,7,57934,0,ok,"",2026-07-19 15:45:04.172529+00
60350,DOGEUSDT,1m,ohlcv,57857,77,57931,0,ok,"",2026-07-19 15:44:09.911468+00
60349,BNBUSDT,1m,ohlcv,57856,77,57930,0,ok,"",2026-07-19 15:43:31.278122+00
60348,XRPUSDT,1m,ohlcv,57855,78,57930,0,ok,"",2026-07-19 15:42:57.505808+00
60347,BTCUSDT,15m,ohlcv,124377,9,124383,0,ok,"",2026-07-19 15:42:49.54987+00
60346,SOLUSDT,1m,ohlcv,57854,78,57929,0,ok,"",2026-07-19 15:42:22.942516+00
60345,ETHUSDT,1m,ohlcv,54664,78,54739,0,ok,"",2026-07-19 15:41:36.997882+00
60344,BTCUSDT,30m,ohlcv,62189,6,62192,0,ok,"",2026-07-19 15:41:20.119105+00
60343,BTCUSDT,1m,ohlcv,57859,74,57930,0,ok,"",2026-07-19 15:40:55.035981+00
60342,BTCUSDT,1h,ohlcv,31095,4,31096,0,ok,"",2026-07-19 15:40:30.633916+00
60341,BTCUSDT,4h,ohlcv,7773,4,7774,0,ok,"",2026-07-19 15:40:03.812339+00
60340,DOGEUSDT,1m,ohlcv,57852,8,57857,0,ok,"",2026-07-19 14:29:59.165772+00
60339,BNBUSDT,1m,ohlcv,57851,8,57856,0,ok,"",2026-07-19 14:29:15.884991+00
60338,XRPUSDT,1m,ohlcv,57850,8,57855,0,ok,"",2026-07-19 14:28:31.810493+00
60337,SOLUSDT,1m,ohlcv,57850,7,57854,0,ok,"",2026-07-19 14:27:12.900525+00
60336,ETHUSDT,1m,ohlcv,54660,7,54664,0,ok,"",2026-07-19 14:26:14.007603+00
60335,BTCUSDT,1m,ohlcv,57850,7,57854,0,ok,"",2026-07-19 14:25:32.528895+00
60334,SOLUSDT,5m,ohlcv,373127,9,373133,0,ok,"",2026-07-19 14:25:31.652721+00
60333,DOGEUSDT,1m,ohlcv,57848,7,57852,0,ok,"",2026-07-19 14:24:51.90561+00
60332,BNBUSDT,1m,ohlcv,57847,7,57851,0,ok,"",2026-07-19 14:24:05.941886+00
60331,XRPUSDT,1m,ohlcv,57847,6,57850,0,ok,"",2026-07-19 14:23:27.263778+00
60330,SOLUSDT,1m,ohlcv,57846,7,57850,0,ok,"",2026-07-19 14:22:52.285746+00
60329,ETHUSDT,1m,ohlcv,54657,6,54660,0,ok,"",2026-07-19 14:22:04.41335+00
60328,ETHUSDT,5m,ohlcv,373127,8,373132,0,ok,"",2026-07-19 14:21:35.416937+00
60327,BTCUSDT,1m,ohlcv,57847,6,57850,0,ok,"",2026-07-19 14:21:34.506686+00
60326,DOGEUSDT,1m,ohlcv,57845,6,57848,0,ok,"",2026-07-19 14:20:43.879607+00
60325,BNBUSDT,1m,ohlcv,57844,6,57847,0,ok,"",2026-07-19 14:20:03.397897+00
60324,XRPUSDT,1m,ohlcv,57844,6,57847,0,ok,"",2026-07-19 14:19:35.221923+00
60323,SOLUSDT,1m,ohlcv,57843,6,57846,0,ok,"",2026-07-19 14:19:03.376114+00
60322,ETHUSDT,1m,ohlcv,54653,7,54657,0,ok,"",2026-07-19 14:18:33.049314+00
60321,BTCUSDT,1m,ohlcv,57844,6,57847,0,ok,"",2026-07-19 14:18:08.285716+00
60320,BTCUSDT,5m,ohlcv,373126,8,373131,0,ok,"",2026-07-19 14:18:02.908743+00
60319,DOGEUSDT,1m,ohlcv,57842,6,57845,0,ok,"",2026-07-19 14:17:37.8808+00
60318,BNBUSDT,1m,ohlcv,57841,6,57844,0,ok,"",2026-07-19 14:17:05.126162+00
60317,XRPUSDT,1m,ohlcv,57841,6,57844,0,ok,"",2026-07-19 14:16:37.888182+00
60316,SOLUSDT,1m,ohlcv,57841,5,57843,0,ok,"",2026-07-19 14:16:00.503072+00
60315,ETHUSDT,1m,ohlcv,54651,5,54653,0,ok,"",2026-07-19 14:15:28.233216+00
60314,BTCUSDT,1m,ohlcv,57842,5,57844,0,ok,"",2026-07-19 14:14:58.533729+00
60313,DOGEUSDT,snapshot,orderbook,,100,,0,ok,"",2026-07-19 14:14:53.862596+00
60312,BNBUSDT,snapshot,orderbook,,100,,0,ok,"",2026-07-19 14:14:51.826291+00
60311,XRPUSDT,snapshot,orderbook,,100,,0,ok,"",2026-07-19 14:14:49.870684+00
60310,SOLUSDT,snapshot,orderbook,,100,,0,ok,"",2026-07-19 14:14:47.832493+00
60309,ETHUSDT,snapshot,orderbook,,100,,0,ok,"",2026-07-19 14:14:45.875256+00
60308,BTCUSDT,snapshot,orderbook,,100,,0,ok,"",2026-07-19 14:14:43.844584+00
60307,DOGEUSDT,1h,open_interest_1h,31186,200,31188,0,ok,"",2026-07-19 14:14:42.249784+00
60306,BNBUSDT,1h,open_interest_1h,31186,200,31188,0,ok,"",2026-07-19 14:14:40.444358+00
60305,XRPUSDT,1h,open_interest_1h,31186,200,31188,0,ok,"",2026-07-19 14:14:38.137591+00
60304,SOLUSDT,1h,open_interest_1h,31186,200,31188,0,ok,"",2026-07-19 14:14:36.197581+00
60303,DOGEUSDT,1m,ohlcv,57839,6,57842,0,ok,"",2026-07-19 14:14:34.518031+00
60302,ETHUSDT,1h,open_interest_1h,31186,200,31188,0,ok,"",2026-07-19 14:14:34.154946+00
60301,BTCUSDT,1h,open_interest_1h,31186,200,31188,0,ok,"",2026-07-19 14:14:32.159745+00
60300,DOGEUSDT,8h,funding_rate,3923,200,3923,0,ok,"",2026-07-19 14:14:30.402077+00
60299,BNBUSDT,8h,funding_rate,3923,200,3923,0,ok,"",2026-07-19 14:14:28.100263+00
60298,XRPUSDT,8h,funding_rate,3923,200,3923,0,ok,"",2026-07-19 14:14:26.128867+00
60297,SOLUSDT,8h,funding_rate,3923,200,3923,0,ok,"",2026-07-19 14:14:24.107815+00
60296,ETHUSDT,8h,funding_rate,3923,200,3923,0,ok,"",2026-07-19 14:14:22.157542+00
60295,BTCUSDT,8h,funding_rate,3923,200,3923,0,ok,"",2026-07-19 14:14:20.033411+00
60294,DOGEUSDT,1h,ohlcv,31093,5,31095,0,ok,"",2026-07-19 14:14:19.174672+00
60293,BNBUSDT,1m,ohlcv,57839,5,57841,0,ok,"",2026-07-19 14:14:10.155474+00
60292,BNBUSDT,1h,ohlcv,31093,5,31095,0,ok,"",2026-07-19 14:14:05.245975+00
60291,XRPUSDT,1h,ohlcv,31093,5,31095,0,ok,"",2026-07-19 14:13:52.325257+00
60290,XRPUSDT,1m,ohlcv,57838,6,57841,0,ok,"",2026-07-19 14:13:47.321418+00
60289,SOLUSDT,1h,ohlcv,31093,5,31095,0,ok,"",2026-07-19 14:13:38.866021+00
60288,ETHUSDT,1h,ohlcv,31093,5,31095,0,ok,"",2026-07-19 14:13:26.119841+00
60287,SOLUSDT,1m,ohlcv,57838,6,57841,0,ok,"",2026-07-19 14:13:25.353646+00
60286,BTCUSDT,1h,ohlcv,31093,5,31095,0,ok,"",2026-07-19 14:13:12.450785+00
60285,ETHUSDT,1m,ohlcv,54649,5,54651,0,ok,"",2026-07-19 14:13:02.653152+00
60284,DOGEUSDT,"4h,1h,30m,15m,5m,1d",enrich,,,,0,ok,"",2026-07-19 14:12:59.790288+00
60283,BNBUSDT,"4h,1h,30m,15m,5m,1d",enrich,,,,0,ok,"",2026-07-19 14:12:46.878838+00
60282,BTCUSDT,1m,ohlcv,57839,6,57842,0,ok,"",2026-07-19 14:12:37.12653+00
60281,XRPUSDT,"4h,1h,30m,15m,5m,1d",enrich,,,,0,ok,"",2026-07-19 14:12:34.206789+00
60280,SOLUSDT,"4h,1h,30m,15m,5m,1d",enrich,,,,0,ok,"",2026-07-19 14:12:20.907574+00
60279,DOGEUSDT,1m,ohlcv,57837,5,57839,0,ok,"",2026-07-19 14:12:06.470186+00
60278,ETHUSDT,"4h,1h,30m,15m,5m,1d",enrich,,,,0,ok,"",2026-07-19 14:12:05.891908+00
60277,BTCUSDT,"4h,1h,30m,15m,5m,1d",enrich,,,,0,ok,"",2026-07-19 14:11:51.790193+00
60276,DOGEUSDT,30m,ohlcv,62188,4,62189,0,ok,"",2026-07-19 14:11:38.275521+00
60275,BNBUSDT,1m,ohlcv,57837,5,57839,0,ok,"",2026-07-19 14:11:36.672625+00
60274,XRPUSDT,1m,ohlcv,57836,5,57838,0,ok,"",2026-07-19 14:11:16.291689+00
60273,BNBUSDT,30m,ohlcv,62188,4,62189,0,ok,"",2026-07-19 14:11:14.212789+00
60272,SOLUSDT,1m,ohlcv,57836,5,57838,0,ok,"",2026-07-19 14:10:50.925586+00
60271,XRPUSDT,30m,ohlcv,62188,4,62189,0,ok,"",2026-07-19 14:10:46.571469+00
60270,ETHUSDT,1m,ohlcv,54647,5,54649,0,ok,"",2026-07-19 14:10:29.459969+00
60269,SOLUSDT,30m,ohlcv,62188,4,62189,0,ok,"",2026-07-19 14:10:22.898014+00
60268,BTCUSDT,1m,ohlcv,57837,5,57839,0,ok,"",2026-07-19 14:10:10.313507+00
60267,ETHUSDT,30m,ohlcv,62188,4,62189,0,ok,"",2026-07-19 14:10:00.211522+00
60266,DOGEUSDT,1m,ohlcv,57835,5,57837,0,ok,"",2026-07-19 14:09:49.283832+00
60265,BTCUSDT,30m,ohlcv,62188,4,62189,0,ok,"",2026-07-19 14:09:37.8553+00
60264,BNBUSDT,1m,ohlcv,57835,5,57837,0,ok,"",2026-07-19 14:09:27.800295+00
60263,DOGEUSDT,15m,ohlcv,124376,4,124377,0,ok,"",2026-07-19 14:09:14.629698+00
60262,XRPUSDT,1m,ohlcv,57834,5,57836,0,ok,"",2026-07-19 14:09:06.270584+00
60261,SOLUSDT,1m,ohlcv,57834,5,57836,0,ok,"",2026-07-19 14:08:46.22342+00
60260,BNBUSDT,15m,ohlcv,124375,5,124377,0,ok,"",2026-07-19 14:08:28.086463+00
60259,ETHUSDT,1m,ohlcv,54645,5,54647,0,ok,"",2026-07-19 14:08:25.784846+00
60258,BTCUSDT,1m,ohlcv,57835,5,57837,0,ok,"",2026-07-19 14:08:06.369746+00
60257,DOGEUSDT,1m,ohlcv,57833,5,57835,0,ok,"",2026-07-19 14:07:45.688672+00
60256,XRPUSDT,15m,ohlcv,124375,5,124377,0,ok,"",2026-07-19 14:07:44.181215+00
60255,BNBUSDT,1m,ohlcv,57832,6,57835,0,ok,"",2026-07-19 14:07:24.054977+00
60254,XRPUSDT,1m,ohlcv,57832,5,57834,0,ok,"",2026-07-19 14:07:01.160065+00
60253,SOLUSDT,15m,ohlcv,124375,5,124377,0,ok,"",2026-07-19 14:06:57.474506+00
60252,SOLUSDT,1m,ohlcv,57832,5,57834,0,ok,"",2026-07-19 14:06:41.017859+00
60251,ETHUSDT,1m,ohlcv,54642,6,54645,0,ok,"",2026-07-19 14:06:21.428231+00
60250,ETHUSDT,15m,ohlcv,124375,5,124377,0,ok,"",2026-07-19 14:06:13.038282+00
60249,BTCUSDT,1m,ohlcv,57833,5,57835,0,ok,"",2026-07-19 14:06:01.775333+00
60248,DOGEUSDT,1m,ohlcv,57830,6,57833,0,ok,"",2026-07-19 14:05:40.846467+00
60247,BTCUSDT,15m,ohlcv,124375,5,124377,0,ok,"",2026-07-19 14:05:28.811148+00
60246,BNBUSDT,1m,ohlcv,57830,5,57832,0,ok,"",2026-07-19 14:05:19.187625+00
60245,XRPUSDT,1m,ohlcv,57829,6,57832,0,ok,"",2026-07-19 14:04:59.052042+00
60244,DOGEUSDT,5m,ohlcv,373124,8,373129,0,ok,"",2026-07-19 14:04:44.701309+00
60243,SOLUSDT,1m,ohlcv,57829,6,57832,0,ok,"",2026-07-19 14:04:38.215661+00
60242,ETHUSDT,1m,ohlcv,54639,6,54642,0,ok,"",2026-07-19 14:04:17.759197+00
60241,BTCUSDT,1m,ohlcv,57830,6,57833,0,ok,"",2026-07-19 14:03:53.469825+00
60240,DOGEUSDT,1m,ohlcv,57828,5,57830,0,ok,"",2026-07-19 14:03:19.987331+00
60239,BNBUSDT,1m,ohlcv,57827,6,57830,0,ok,"",2026-07-19 14:02:40.059224+00
60238,XRPUSDT,1m,ohlcv,57827,5,57829,0,ok,"",2026-07-19 14:02:14.1932+00
60237,SOLUSDT,1m,ohlcv,57827,5,57829,0,ok,"",2026-07-19 14:01:37.166912+00
60236,BNBUSDT,5m,ohlcv,373123,8,373128,0,ok,"",2026-07-19 14:01:22.586946+00
60235,ETHUSDT,1m,ohlcv,54637,5,54639,0,ok,"",2026-07-19 14:01:06.359817+00
60234,BTCUSDT,1m,ohlcv,57828,5,57830,0,ok,"",2026-07-19 14:00:43.646143+00
60233,DOGEUSDT,1m,ohlcv,57825,6,57828,0,ok,"",2026-07-19 14:00:22.480498+00
60232,BNBUSDT,1m,ohlcv,57825,5,57827,0,ok,"",2026-07-19 14:00:01.065097+00
60231,XRPUSDT,1m,ohlcv,57825,5,57827,0,ok,"",2026-07-19 13:59:41.301906+00
60230,SOLUSDT,1m,ohlcv,57824,6,57827,0,ok,"",2026-07-19 13:59:21.525208+00
60229,XRPUSDT,5m,ohlcv,373122,9,373128,0,ok,"",2026-07-19 13:59:06.009687+00
60228,ETHUSDT,1m,ohlcv,54635,5,54637,0,ok,"",2026-07-19 13:59:00.292197+00
60227,BTCUSDT,1m,ohlcv,57826,5,57828,0,ok,"",2026-07-19 13:58:41.019868+00
60226,DOGEUSDT,1m,ohlcv,57823,5,57825,0,ok,"",2026-07-19 13:58:20.619747+00
60225,BNBUSDT,1m,ohlcv,57823,5,57825,0,ok,"",2026-07-19 13:57:58.968264+00
60224,XRPUSDT,1m,ohlcv,57822,6,57825,0,ok,"",2026-07-19 13:57:38.733341+00
60223,SOLUSDT,1m,ohlcv,57822,5,57824,0,ok,"",2026-07-19 13:57:19.134165+00
60222,ETHUSDT,1m,ohlcv,54633,5,54635,0,ok,"",2026-07-19 13:56:59.061837+00
60221,SOLUSDT,5m,ohlcv,373121,9,373127,0,ok,"",2026-07-19 13:56:56.596822+00
60220,BTCUSDT,1m,ohlcv,57823,6,57826,0,ok,"",2026-07-19 13:56:37.332431+00
60219,DOGEUSDT,1m,ohlcv,57821,5,57823,0,ok,"",2026-07-19 13:56:17.099971+00
60218,BNBUSDT,1m,ohlcv,57821,5,57823,0,ok,"",2026-07-19 13:55:46.045225+00
60217,XRPUSDT,1m,ohlcv,57820,5,57822,0,ok,"",2026-07-19 13:55:21.169422+00
60216,SOLUSDT,1m,ohlcv,57820,5,57822,0,ok,"",2026-07-19 13:54:57.932447+00
60215,ETHUSDT,1m,ohlcv,54631,5,54633,0,ok,"",2026-07-19 13:54:34.73414+00
60214,ETHUSDT,5m,ohlcv,373120,10,373127,0,ok,"",2026-07-19 13:54:22.882868+00
60213,BTCUSDT,1m,ohlcv,57821,5,57823,0,ok,"",2026-07-19 13:54:11.676189+00
60212,DOGEUSDT,1m,ohlcv,57819,5,57821,0,ok,"",2026-07-19 13:53:51.312035+00
60211,BNBUSDT,1m,ohlcv,57819,5,57821,0,ok,"",2026-07-19 13:53:29.650914+00
60210,XRPUSDT,1m,ohlcv,57818,5,57820,0,ok,"",2026-07-19 13:53:10.020819+00
60209,SOLUSDT,1m,ohlcv,57818,5,57820,0,ok,"",2026-07-19 13:52:49.701884+00
60208,ETHUSDT,1m,ohlcv,54629,5,54631,0,ok,"",2026-07-19 13:52:29.331339+00
60207,BTCUSDT,5m,ohlcv,373120,9,373126,0,ok,"",2026-07-19 13:52:12.206284+00
60206,BTCUSDT,1m,ohlcv,57819,5,57821,0,ok,"",2026-07-19 13:52:09.747833+00
60205,DOGEUSDT,1m,ohlcv,57817,5,57819,0,ok,"",2026-07-19 13:51:49.572066+00
60204,BNBUSDT,1m,ohlcv,57816,6,57819,0,ok,"",2026-07-19 13:51:26.111119+00
60203,XRPUSDT,1m,ohlcv,57816,5,57818,0,ok,"",2026-07-19 13:51:06.201908+00
60202,SOLUSDT,1m,ohlcv,57816,5,57818,0,ok,"",2026-07-19 13:50:45.82873+00
60201,ETHUSDT,1m,ohlcv,54626,6,54629,0,ok,"",2026-07-19 13:50:25.421223+00
60200,BTCUSDT,1m,ohlcv,57817,5,57819,0,ok,"",2026-07-19 13:50:06.790285+00
60199,DOGEUSDT,snapshot,orderbook,,100,,0,ok,"",2026-07-19 13:49:59.173463+00
60198,BNBUSDT,snapshot,orderbook,,100,,0,ok,"",2026-07-19 13:49:57.257236+00
60197,XRPUSDT,snapshot,orderbook,,100,,0,ok,"",2026-07-19 13:49:55.12339+00
60196,SOLUSDT,snapshot,orderbook,,100,,0,ok,"",2026-07-19 13:49:53.260231+00
60195,ETHUSDT,snapshot,orderbook,,100,,0,ok,"",2026-07-19 13:49:51.41941+00
60194,BTCUSDT,snapshot,orderbook,,100,,0,ok,"",2026-07-19 13:49:49.348918+00
60193,DOGEUSDT,"4h,1h,30m,15m,5m,1d",enrich,,,,0,ok,"",2026-07-19 13:49:47.707383+00
60192,DOGEUSDT,1m,ohlcv,57814,6,57817,0,ok,"",2026-07-19 13:49:45.642337+00
60191,BNBUSDT,"4h,1h,30m,15m,5m,1d",enrich,,,,0,ok,"",2026-07-19 13:49:35.303407+00
60190,XRPUSDT,"4h,1h,30m,15m,5m,1d",enrich,,,,0,ok,"",2026-07-19 13:49:22.565304+00
60189,BNBUSDT,1m,ohlcv,57814,5,57816,0,ok,"",2026-07-19 13:49:16.432919+00
60188,SOLUSDT,"4h,1h,30m,15m,5m,1d",enrich,,,,0,ok,"",2026-07-19 13:49:09.843338+00
60187,ETHUSDT,"4h,1h,30m,15m,5m,1d",enrich,,,,0,ok,"",2026-07-19 13:48:56.544328+00
60186,XRPUSDT,1m,ohlcv,57814,5,57816,0,ok,"",2026-07-19 13:48:48.48515+00
60185,BTCUSDT,"4h,1h,30m,15m,5m,1d",enrich,,,,0,ok,"",2026-07-19 13:48:43.512345+00
60184,DOGEUSDT,30m,ohlcv,62186,5,62188,0,ok,"",2026-07-19 13:48:30.34243+00
60183,SOLUSDT,1m,ohlcv,57813,6,57816,0,ok,"",2026-07-19 13:48:23.244609+00
60182,BNBUSDT,30m,ohlcv,62186,5,62188,0,ok,"",2026-07-19 13:48:06.732006+00
60181,ETHUSDT,1m,ohlcv,54624,5,54626,0,ok,"",2026-07-19 13:48:02.828265+00
60180,XRPUSDT,30m,ohlcv,62186,5,62188,0,ok,"",2026-07-19 13:47:42.492624+00
60179,BTCUSDT,1m,ohlcv,57814,6,57817,0,ok,"",2026-07-19 13:47:41.765569+00
60178,DOGEUSDT,1m,ohlcv,57812,5,57814,0,ok,"",2026-07-19 13:47:18.825446+00
60177,SOLUSDT,30m,ohlcv,62186,5,62188,0,ok,"",2026-07-19 13:47:17.686414+00
60176,BNBUSDT,1m,ohlcv,57812,5,57814,0,ok,"",2026-07-19 13:46:52.595343+00
60175,ETHUSDT,30m,ohlcv,62186,5,62188,0,ok,"",2026-07-19 13:46:50.800623+00
60174,XRPUSDT,1m,ohlcv,57811,6,57814,0,ok,"",2026-07-19 13:46:27.757244+00
60173,BTCUSDT,30m,ohlcv,62186,5,62188,0,ok,"",2026-07-19 13:46:22.239463+00
60172,SOLUSDT,1m,ohlcv,57811,5,57813,0,ok,"",2026-07-19 13:46:02.410499+00
60171,DOGEUSDT,15m,ohlcv,124373,6,124376,0,ok,"",2026-07-19 13:45:55.396586+00
60170,ETHUSDT,1m,ohlcv,54622,5,54624,0,ok,"",2026-07-19 13:45:42.343989+00
60169,BTCUSDT,1m,ohlcv,57812,5,57814,0,ok,"",2026-07-19 13:45:17.812829+00
60168,BNBUSDT,15m,ohlcv,124373,5,124375,0,ok,"",2026-07-19 13:45:09.210221+00
60167,DOGEUSDT,1m,ohlcv,57810,5,57812,0,ok,"",2026-07-19 13:44:57.175468+00
60166,BNBUSDT,1m,ohlcv,57809,6,57812,0,ok,"",2026-07-19 13:44:36.099554+00
60165,XRPUSDT,15m,ohlcv,124373,5,124375,0,ok,"",2026-07-19 13:44:24.723677+00
60164,XRPUSDT,1m,ohlcv,57809,5,57811,0,ok,"",2026-07-19 13:44:15.436584+00
60163,SOLUSDT,1m,ohlcv,57808,6,57811,0,ok,"",2026-07-19 13:43:54.958316+00
60162,SOLUSDT,15m,ohlcv,124373,5,124375,0,ok,"",2026-07-19 13:43:40.300031+00
60161,ETHUSDT,1m,ohlcv,54619,6,54622,0,ok,"",2026-07-19 13:43:34.16959+00
60160,BTCUSDT,1m,ohlcv,57809,6,57812,0,ok,"",2026-07-19 13:43:12.363981+00
60159,ETHUSDT,15m,ohlcv,124373,5,124375,0,ok,"",2026-07-19 13:42:44.702862+00
60158,DOGEUSDT,1m,ohlcv,57807,6,57810,0,ok,"",2026-07-19 13:42:42.742062+00
60157,BNBUSDT,1m,ohlcv,57806,6,57809,0,ok,"",2026-07-19 13:42:15.01121+00
60156,XRPUSDT,1m,ohlcv,57805,7,57809,0,ok,"",2026-07-19 13:41:53.525897+00
60155,BTCUSDT,15m,ohlcv,124373,5,124375,0,ok,"",2026-07-19 13:41:52.662886+00
60154,SOLUSDT,1m,ohlcv,57805,6,57808,0,ok,"",2026-07-19 13:41:24.326221+00
60153,ETHUSDT,1m,ohlcv,54615,7,54619,0,ok,"",2026-07-19 13:40:52.038927+00
60152,DOGEUSDT,5m,ohlcv,373117,10,373124,0,ok,"",2026-07-19 13:40:46.522163+00
60151,BTCUSDT,1m,ohlcv,57806,6,57809,0,ok,"",2026-07-19 13:40:17.490359+00
60150,DOGEUSDT,1m,ohlcv,57803,7,57807,0,ok,"",2026-07-19 13:39:50.680834+00
60149,BNBUSDT,1m,ohlcv,57802,7,57806,0,ok,"",2026-07-19 13:39:17.150417+00
60148,XRPUSDT,1m,ohlcv,57801,7,57805,0,ok,"",2026-07-19 13:38:41.089523+00
60147,SOLUSDT,1m,ohlcv,57800,8,57805,0,ok,"",2026-07-19 13:37:48.09278+00
60146,ETHUSDT,1m,ohlcv,54610,8,54615,0,ok,"",2026-07-19 13:37:06.691176+00
60145,BNBUSDT,5m,ohlcv,373116,10,373123,0,ok,"",2026-07-19 13:36:38.951078+00
60144,BTCUSDT,1m,ohlcv,57800,9,57806,0,ok,"",2026-07-19 13:36:38.085182+00
60143,DOGEUSDT,1m,ohlcv,57797,9,57803,0,ok,"",2026-07-19 13:36:03.45872+00
60142,BNBUSDT,1m,ohlcv,57797,8,57802,0,ok,"",2026-07-19 13:35:05.333973+00
60141,XRPUSDT,1m,ohlcv,57796,8,57801,0,ok,"",2026-07-19 13:34:16.124781+00
60140,SOLUSDT,1m,ohlcv,57795,8,57800,0,ok,"",2026-07-19 13:33:21.967348+00
60139,ETHUSDT,1m,ohlcv,54605,8,54610,0,ok,"",2026-07-19 13:32:32.946307+00
60138,BTCUSDT,1m,ohlcv,57795,8,57800,0,ok,"",2026-07-19 13:31:49.696786+00
60137,XRPUSDT,5m,ohlcv,373115,10,373122,0,ok,"",2026-07-19 13:31:47.21408+00
60136,DOGEUSDT,1m,ohlcv,57792,8,57797,0,ok,"",2026-07-19 13:30:51.845794+00
60135,BNBUSDT,1m,ohlcv,57792,8,57797,0,ok,"",2026-07-19 13:29:59.140186+00
60134,XRPUSDT,1m,ohlcv,57791,8,57796,0,ok,"",2026-07-19 13:29:06.127755+00
60133,SOLUSDT,1m,ohlcv,57791,7,57795,0,ok,"",2026-07-19 13:28:15.34709+00
60132,ETHUSDT,1m,ohlcv,54601,7,54605,0,ok,"",2026-07-19 13:27:26.242094+00
60131,BTCUSDT,1m,ohlcv,57792,6,57795,0,ok,"",2026-07-19 13:26:38.273004+00
60130,SOLUSDT,5m,ohlcv,373115,9,373121,0,ok,"",2026-07-19 13:26:31.934795+00
60129,DOGEUSDT,1m,ohlcv,57789,6,57792,0,ok,"",2026-07-19 13:25:47.082667+00
60128,BNBUSDT,1m,ohlcv,57789,6,57792,0,ok,"",2026-07-19 13:24:49.499095+00
60127,XRPUSDT,1m,ohlcv,57788,6,57791,0,ok,"",2026-07-19 13:24:10.501548+00
60126,SOLUSDT,1m,ohlcv,57788,6,57791,0,ok,"",2026-07-19 13:23:35.421362+00
60125,ETHUSDT,1m,ohlcv,54598,6,54601,0,ok,"",2026-07-19 13:23:12.641816+00
60124,BTCUSDT,1m,ohlcv,57789,6,57792,0,ok,"",2026-07-19 13:22:49.4208+00
60123,ETHUSDT,5m,ohlcv,373114,9,373120,0,ok,"",2026-07-19 13:22:37.285513+00
60122,DOGEUSDT,1m,ohlcv,57786,6,57789,0,ok,"",2026-07-19 13:22:22.522367+00
60121,BNBUSDT,1m,ohlcv,57786,6,57789,0,ok,"",2026-07-19 13:21:55.153419+00
60120,XRPUSDT,1m,ohlcv,57785,6,57788,0,ok,"",2026-07-19 13:21:27.869397+00
60119,SOLUSDT,1m,ohlcv,57785,6,57788,0,ok,"",2026-07-19 13:20:52.906322+00
60118,ETHUSDT,1m,ohlcv,54596,5,54598,0,ok,"",2026-07-19 13:20:22.4136+00
60117,BTCUSDT,1m,ohlcv,57786,6,57789,0,ok,"",2026-07-19 13:19:57.351897+00
60116,BTCUSDT,5m,ohlcv,373114,9,373120,0,ok,"",2026-07-19 13:19:27.063491+00
60115,DOGEUSDT,1m,ohlcv,57784,5,57786,0,ok,"",2026-07-19 13:19:18.051117+00
60114,BNBUSDT,1m,ohlcv,57783,6,57786,0,ok,"",2026-07-19 13:18:44.815854+00
60113,XRPUSDT,1m,ohlcv,57782,6,57785,0,ok,"",2026-07-19 13:18:21.076711+00
60112,SOLUSDT,1m,ohlcv,57782,6,57785,0,ok,"",2026-07-19 13:17:55.624582+00
60111,ETHUSDT,1m,ohlcv,54593,6,54596,0,ok,"",2026-07-19 13:17:31.118308+00
60110,BTCUSDT,1m,ohlcv,57783,6,57786,0,ok,"",2026-07-19 13:17:07.8068+00
60109,DOGEUSDT,1m,ohlcv,57781,6,57784,0,ok,"",2026-07-19 13:16:42.181563+00
60108,DOGEUSDT,snapshot,orderbook,,100,,0,ok,"",2026-07-19 13:16:39.296354+00
60107,BNBUSDT,snapshot,orderbook,,100,,0,ok,"",2026-07-19 13:16:36.817543+00
60106,XRPUSDT,snapshot,orderbook,,100,,0,ok,"",2026-07-19 13:16:34.686409+00
60105,SOLUSDT,snapshot,orderbook,,100,,0,ok,"",2026-07-19 13:16:32.70004+00
60104,ETHUSDT,snapshot,orderbook,,100,,0,ok,"",2026-07-19 13:16:30.635755+00
60103,BTCUSDT,snapshot,orderbook,,100,,0,ok,"",2026-07-19 13:16:28.762716+00
60102,DOGEUSDT,"4h,1h,30m,15m,5m,1d",enrich,,,,0,ok,"",2026-07-19 13:16:27.185657+00
60101,BNBUSDT,1m,ohlcv,57780,6,57783,0,ok,"",2026-07-19 13:16:12.525806+00
60100,BNBUSDT,"4h,1h,30m,15m,5m,1d",enrich,,,,0,ok,"",2026-07-19 13:16:11.763842+00
60099,XRPUSDT,"4h,1h,30m,15m,5m,1d",enrich,,,,0,ok,"",2026-07-19 13:15:56.638+00
60098,SOLUSDT,"4h,1h,30m,15m,5m,1d",enrich,,,,0,ok,"",2026-07-19 13:15:39.23332+00
60097,XRPUSDT,1m,ohlcv,57779,6,57782,0,ok,"",2026-07-19 13:15:37.133304+00
60096,ETHUSDT,"4h,1h,30m,15m,5m,1d",enrich,,,,0,ok,"",2026-07-19 13:15:24.324394+00
60095,BTCUSDT,"4h,1h,30m,15m,5m,1d",enrich,,,,0,ok,"",2026-07-19 13:15:00.555394+00
60094,SOLUSDT,1m,ohlcv,57778,7,57782,0,ok,"",2026-07-19 13:14:57.907419+00
60093,DOGEUSDT,15m,ohlcv,124371,5,124373,0,ok,"",2026-07-19 13:14:44.421933+00
60092,ETHUSDT,1m,ohlcv,54589,7,54593,0,ok,"",2026-07-19 13:14:26.632307+00
60091,BTCUSDT,1m,ohlcv,57779,7,57783,0,ok,"",2026-07-19 13:14:01.204202+00
60090,BNBUSDT,15m,ohlcv,124371,5,124373,0,ok,"",2026-07-19 13:13:43.263466+00
60089,DOGEUSDT,1m,ohlcv,57776,8,57781,0,ok,"",2026-07-19 13:13:36.290558+00
60088,BNBUSDT,1m,ohlcv,57775,8,57780,0,ok,"",2026-07-19 13:13:06.19617+00
60087,XRPUSDT,15m,ohlcv,124371,5,124373,0,ok,"",2026-07-19 13:12:34.196114+00
60086,XRPUSDT,1m,ohlcv,57774,8,57779,0,ok,"",2026-07-19 13:12:28.487273+00
60085,SOLUSDT,1m,ohlcv,57774,7,57778,0,ok,"",2026-07-19 13:11:45.39362+00
60084,SOLUSDT,15m,ohlcv,124371,5,124373,0,ok,"",2026-07-19 13:11:08.071792+00
60083,ETHUSDT,1m,ohlcv,54584,8,54589,0,ok,"",2026-07-19 13:10:57.210626+00
60082,BTCUSDT,1m,ohlcv,57774,8,57779,0,ok,"",2026-07-19 13:10:12.242795+00
60081,DOGEUSDT,1m,ohlcv,57772,7,57776,0,ok,"",2026-07-19 13:09:25.266392+00
60080,ETHUSDT,15m,ohlcv,124371,5,124373,0,ok,"",2026-07-19 13:09:18.767106+00
60079,BNBUSDT,1m,ohlcv,57771,7,57775,0,ok,"",2026-07-19 13:08:33.48553+00
60078,XRPUSDT,1m,ohlcv,57771,6,57774,0,ok,"",2026-07-19 13:07:46.14315+00
60077,BTCUSDT,15m,ohlcv,124371,5,124373,0,ok,"",2026-07-19 13:07:39.832638+00
60076,SOLUSDT,1m,ohlcv,57770,7,57774,0,ok,"",2026-07-19 13:06:59.155097+00
60075,ETHUSDT,1m,ohlcv,54580,7,54584,0,ok,"",2026-07-19 13:06:15.096917+00
60074,DOGEUSDT,5m,ohlcv,373110,10,373117,0,ok,"",2026-07-19 13:05:57.69336+00
60073,BTCUSDT,1m,ohlcv,57771,6,57774,0,ok,"",2026-07-19 13:05:28.036331+00
60072,DOGEUSDT,1m,ohlcv,57768,7,57772,0,ok,"",2026-07-19 13:04:46.564386+00
60071,BNBUSDT,1m,ohlcv,57767,7,57771,0,ok,"",2026-07-19 13:04:19.202177+00
60070,XRPUSDT,1m,ohlcv,57767,7,57771,0,ok,"",2026-07-19 13:03:50.885843+00
60069,SOLUSDT,1m,ohlcv,57766,7,57770,0,ok,"",2026-07-19 13:03:09.192254+00
60068,ETHUSDT,1m,ohlcv,54576,7,54580,0,ok,"",2026-07-19 13:02:23.736359+00
60067,BTCUSDT,1m,ohlcv,57767,7,57771,0,ok,"",2026-07-19 13:01:39.53155+00
60066,BNBUSDT,5m,ohlcv,373110,9,373116,0,ok,"",2026-07-19 13:01:28.330797+00
60065,DOGEUSDT,1m,ohlcv,57764,7,57768,0,ok,"",2026-07-19 13:01:02.763319+00
60064,BNBUSDT,1m,ohlcv,57763,7,57767,0,ok,"",2026-07-19 13:00:22.843021+00
60063,XRPUSDT,1m,ohlcv,57763,7,57767,0,ok,"",2026-07-19 12:59:44.154098+00
60062,SOLUSDT,1m,ohlcv,57763,6,57766,0,ok,"",2026-07-19 12:59:03.281556+00
60061,ETHUSDT,1m,ohlcv,54573,6,54576,0,ok,"",2026-07-19 12:58:24.96217+00
60060,BTCUSDT,1m,ohlcv,57764,6,57767,0,ok,"",2026-07-19 12:57:46.860365+00
60059,XRPUSDT,5m,ohlcv,373110,8,373115,0,ok,"",2026-07-19 12:57:27.889113+00
60058,DOGEUSDT,1m,ohlcv,57761,6,57764,0,ok,"",2026-07-19 12:57:10.155641+00
60057,BNBUSDT,1m,ohlcv,57761,5,57763,0,ok,"",2026-07-19 12:56:31.678795+00
60056,XRPUSDT,1m,ohlcv,57760,6,57763,0,ok,"",2026-07-19 12:55:59.489003+00
60055,SOLUSDT,1m,ohlcv,57760,6,57763,0,ok,"",2026-07-19 12:55:38.058754+00
60054,ETHUSDT,1m,ohlcv,54571,5,54573,0,ok,"",2026-07-19 12:55:03.974567+00
60053,BTCUSDT,1m,ohlcv,57761,6,57764,0,ok,"",2026-07-19 12:54:44.307776+00
60052,SOLUSDT,5m,ohlcv,373109,9,373115,0,ok,"",2026-07-19 12:54:22.506193+00
60051,DOGEUSDT,1m,ohlcv,57759,5,57761,0,ok,"",2026-07-19 12:54:21.008866+00
60050,BNBUSDT,1m,ohlcv,57758,6,57761,0,ok,"",2026-07-19 12:53:59.406297+00
60049,XRPUSDT,1m,ohlcv,57758,5,57760,0,ok,"",2026-07-19 12:53:25.95321+00
60048,SOLUSDT,1m,ohlcv,57758,5,57760,0,ok,"",2026-07-19 12:52:59.904152+00
60047,ETHUSDT,1m,ohlcv,54568,6,54571,0,ok,"",2026-07-19 12:52:39.683163+00
60046,BTCUSDT,1m,ohlcv,57759,5,57761,0,ok,"",2026-07-19 12:52:18.406079+00
60045,DOGEUSDT,1m,ohlcv,57756,6,57759,0,ok,"",2026-07-19 12:51:44.3971+00
60044,ETHUSDT,5m,ohlcv,373109,8,373114,0,ok,"",2026-07-19 12:51:31.970553+00
60043,BNBUSDT,1m,ohlcv,57756,5,57758,0,ok,"",2026-07-19 12:51:05.685712+00
60042,XRPUSDT,1m,ohlcv,57756,5,57758,0,ok,"",2026-07-19 12:50:42.664359+00
60041,SOLUSDT,1m,ohlcv,57755,6,57758,0,ok,"",2026-07-19 12:50:21.970993+00
60040,ETHUSDT,1m,ohlcv,54566,5,54568,0,ok,"",2026-07-19 12:50:01.579288+00
60039,BTCUSDT,1m,ohlcv,57757,5,57759,0,ok,"",2026-07-19 12:49:41.984927+00
60038,DOGEUSDT,1m,ohlcv,57754,5,57756,0,ok,"",2026-07-19 12:49:19.839945+00
60037,BTCUSDT,5m,ohlcv,373108,9,373114,0,ok,"",2026-07-19 12:49:06.010635+00
60036,BNBUSDT,1m,ohlcv,57754,5,57756,0,ok,"",2026-07-19 12:48:55.907901+00
60035,XRPUSDT,1m,ohlcv,57753,6,57756,0,ok,"",2026-07-19 12:48:32.65331+00
60034,SOLUSDT,1m,ohlcv,57753,5,57755,0,ok,"",2026-07-19 12:48:09.980097+00
60033,ETHUSDT,1m,ohlcv,54563,6,54566,0,ok,"",2026-07-19 12:47:47.663453+00
60032,BTCUSDT,1m,ohlcv,57754,6,57757,0,ok,"",2026-07-19 12:47:24.893359+00
60031,DOGEUSDT,1m,ohlcv,57751,6,57754,0,ok,"",2026-07-19 12:47:02.045926+00
60030,BNBUSDT,1m,ohlcv,57750,7,57754,0,ok,"",2026-07-19 12:46:39.981438+00
60029,DOGEUSDT,snapshot,orderbook,,100,,0,ok,"",2026-07-19 12:46:39.706828+00
60028,BNBUSDT,snapshot,orderbook,,100,,0,ok,"",2026-07-19 12:46:37.643803+00
60027,XRPUSDT,snapshot,orderbook,,100,,0,ok,"",2026-07-19 12:46:35.712014+00
60026,SOLUSDT,snapshot,orderbook,,100,,0,ok,"",2026-07-19 12:46:33.776604+00
60025,ETHUSDT,snapshot,orderbook,,100,,0,ok,"",2026-07-19 12:46:31.720532+00
60024,BTCUSDT,snapshot,orderbook,,100,,0,ok,"",2026-07-19 12:46:29.644181+00
60023,DOGEUSDT,1h,open_interest_1h,31185,200,31186,0,ok,"",2026-07-19 12:46:28.171975+00
60022,BNBUSDT,1h,open_interest_1h,31185,200,31186,0,ok,"",2026-07-19 12:46:26.062347+00
60021,XRPUSDT,1h,open_interest_1h,31185,200,31186,0,ok,"",2026-07-19 12:46:24.002218+00
60020,SOLUSDT,1h,open_interest_1h,31185,200,31186,0,ok,"",2026-07-19 12:46:22.190747+00
60019,ETHUSDT,1h,open_interest_1h,31185,200,31186,0,ok,"",2026-07-19 12:46:20.093006+00
60018,BTCUSDT,1h,open_interest_1h,31185,200,31186,0,ok,"",2026-07-19 12:46:18.171114+00
60017,DOGEUSDT,8h,funding_rate,3923,200,3923,0,ok,"",2026-07-19 12:46:15.811138+00
60016,XRPUSDT,1m,ohlcv,57750,6,57753,0,ok,"",2026-07-19 12:46:15.595489+00
60015,BNBUSDT,8h,funding_rate,3923,200,3923,0,ok,"",2026-07-19 12:46:13.971375+00
60014,XRPUSDT,8h,funding_rate,3923,200,3923,0,ok,"",2026-07-19 12:46:11.774519+00
60013,SOLUSDT,8h,funding_rate,3923,200,3923,0,ok,"",2026-07-19 12:46:10.15913+00
60012,ETHUSDT,8h,funding_rate,3923,200,3923,0,ok,"",2026-07-19 12:46:07.915649+00
60011,BTCUSDT,8h,funding_rate,3923,200,3923,0,ok,"",2026-07-19 12:46:05.847443+00
60010,DOGEUSDT,1h,ohlcv,31092,4,31093,0,ok,"",2026-07-19 12:46:04.80036+00
60009,BNBUSDT,1h,ohlcv,31092,4,31093,0,ok,"",2026-07-19 12:45:41.946509+00
60008,SOLUSDT,1m,ohlcv,57749,7,57753,0,ok,"",2026-07-19 12:45:40.40739+00
60007,XRPUSDT,1h,ohlcv,31092,4,31093,0,ok,"",2026-07-19 12:45:23.487195+00
60006,ETHUSDT,1m,ohlcv,54559,7,54563,0,ok,"",2026-07-19 12:45:07.468255+00
60005,SOLUSDT,1h,ohlcv,31092,4,31093,0,ok,"",2026-07-19 12:45:04.461094+00
