id,run_time,status,abort_reason,duration_ms,signals_scanned,signals_approved,node_summary,created_at
1,2026-07-15 06:51:44.48651+00,OK,,19240,0,0,"{""result"": {""status"": ""OK"", ""run_time"": ""2026-07-15T06:51:25.000610+00:00"", ""upserted"": 0, ""signals_ranked"": 0, ""brain_available"": true, ""signals_scanned"": 0, ""signals_approved"": 0, ""signals_excellent"": 0, ""invariant_breaches"": 0, ""trace_nodes_logged"": [""scan"", ""cleanup"", ""pre_flight"", ""gate"", ""unknown"", ""invariants"", ""snapshot"", ""rank"", ""upsert"", ""state""]}}",2026-07-15 06:51:44.487435+00
2,2026-07-15 06:52:22.335638+00,OK,,15782,0,0,"{""result"": {""status"": ""OK"", ""run_time"": ""2026-07-15T06:52:06.450557+00:00"", ""upserted"": 0, ""signals_ranked"": 0, ""brain_available"": true, ""signals_scanned"": 0, ""signals_approved"": 0, ""signals_excellent"": 0, ""invariant_breaches"": 0, ""trace_nodes_logged"": [""state"", ""snapshot"", ""rank"", ""cleanup"", ""invariants"", ""unknown"", ""upsert"", ""scan"", ""pre_flight"", ""gate""]}}",2026-07-15 06:52:22.336531+00
3,2026-07-15 06:57:28.582793+00,OK,,6181,0,0,"{""result"": {""status"": ""OK"", ""run_time"": ""2026-07-15T06:57:22.381583+00:00"", ""upserted"": 0, ""signals_ranked"": 0, ""brain_available"": true, ""signals_scanned"": 0, ""signals_approved"": 0, ""signals_excellent"": 0, ""invariant_breaches"": 0, ""trace_nodes_logged"": [""state"", ""snapshot"", ""rank"", ""cleanup"", ""invariants"", ""unknown"", ""upsert"", ""scan"", ""pre_flight"", ""gate""]}}",2026-07-15 06:57:28.582962+00
4,2026-07-15 07:06:29.77041+00,OK,,240953,0,0,"{""result"": {""status"": ""OK"", ""run_time"": ""2026-07-15T07:02:28.613458+00:00"", ""upserted"": 0, ""signals_ranked"": 0, ""brain_available"": true, ""signals_scanned"": 0, ""signals_approved"": 0, ""signals_excellent"": 0, ""invariant_breaches"": 0, ""trace_nodes_logged"": [""state"", ""snapshot"", ""rank"", ""cleanup"", ""invariants"", ""unknown"", ""upsert"", ""scan"", ""pre_flight"", ""gate""]}}",2026-07-15 07:06:29.774365+00
5,2026-07-15 07:12:03.082189+00,OK,,33147,0,0,"{""result"": {""status"": ""OK"", ""run_time"": ""2026-07-15T07:11:29.835654+00:00"", ""upserted"": 0, ""signals_ranked"": 0, ""brain_available"": true, ""signals_scanned"": 0, ""signals_approved"": 0, ""signals_excellent"": 0, ""invariant_breaches"": 0, ""trace_nodes_logged"": [""state"", ""snapshot"", ""rank"", ""cleanup"", ""invariants"", ""unknown"", ""upsert"", ""scan"", ""pre_flight"", ""gate""]}}",2026-07-15 07:12:03.082698+00
6,2026-07-15 07:17:17.704295+00,OK,,14465,0,0,"{""result"": {""status"": ""OK"", ""run_time"": ""2026-07-15T07:17:03.138838+00:00"", ""upserted"": 0, ""signals_ranked"": 0, ""brain_available"": true, ""signals_scanned"": 0, ""signals_approved"": 0, ""signals_excellent"": 0, ""invariant_breaches"": 0, ""trace_nodes_logged"": [""state"", ""snapshot"", ""rank"", ""cleanup"", ""invariants"", ""unknown"", ""upsert"", ""scan"", ""pre_flight"", ""gate""]}}",2026-07-15 07:17:17.704592+00
7,2026-07-15 07:18:34.438537+00,OK,,7626,1,0,"{""result"": {""status"": ""OK"", ""run_time"": ""2026-07-15T07:18:26.777558+00:00"", ""upserted"": 0, ""signals_ranked"": 1, ""brain_available"": true, ""signals_scanned"": 1, ""signals_approved"": 0, ""signals_excellent"": 0, ""invariant_breaches"": 0, ""trace_nodes_logged"": [""unknown"", ""snapshot"", ""invariants"", ""rank"", ""upsert"", ""pre_flight"", ""gate"", ""cleanup"", ""state"", ""scan""]}}",2026-07-15 07:18:34.438741+00
8,2026-07-15 07:23:45.552882+00,OK,,11011,1,0,"{""result"": {""status"": ""OK"", ""run_time"": ""2026-07-15T07:23:34.469267+00:00"", ""upserted"": 0, ""signals_ranked"": 1, ""brain_available"": true, ""signals_scanned"": 1, ""signals_approved"": 0, ""signals_excellent"": 0, ""invariant_breaches"": 0, ""trace_nodes_logged"": [""unknown"", ""snapshot"", ""invariants"", ""rank"", ""upsert"", ""pre_flight"", ""gate"", ""cleanup"", ""state"", ""scan""]}}",2026-07-15 07:23:45.553068+00
9,2026-07-15 07:25:11.88745+00,ABORTED,pre_flight_failed,792,0,0,"{""result"": {""reason"": ""pre_flight_failed"", ""status"": ""ABORTED""}}",2026-07-15 07:25:11.887611+00
10,2026-07-15 07:39:04.766673+00,OK,,252743,1,1,"{""result"": {""status"": ""OK"", ""run_time"": ""2026-07-15T07:34:51.826931+00:00"", ""upserted"": 1, ""signals_ranked"": 1, ""brain_available"": true, ""signals_scanned"": 1, ""signals_approved"": 1, ""signals_excellent"": 0, ""invariant_breaches"": 0, ""trace_nodes_logged"": [""upsert"", ""snapshot"", ""cleanup"", ""unknown"", ""state"", ""scan"", ""rank"", ""gate"", ""invariants"", ""pre_flight""]}}",2026-07-15 07:39:04.767474+00
11,2026-07-15 07:49:31.468833+00,OK,,326321,1,0,"{""result"": {""status"": ""OK"", ""run_time"": ""2026-07-15T07:44:04.889353+00:00"", ""upserted"": 0, ""signals_ranked"": 1, ""brain_available"": true, ""signals_scanned"": 1, ""signals_approved"": 0, ""signals_excellent"": 0, ""invariant_breaches"": 0, ""trace_nodes_logged"": [""upsert"", ""snapshot"", ""cleanup"", ""unknown"", ""state"", ""scan"", ""rank"", ""gate"", ""invariants"", ""pre_flight""]}}",2026-07-15 07:49:31.472444+00
12,2026-07-15 07:58:58.711099+00,ABORTED,pre_flight_failed,409,0,0,"{""result"": {""reason"": ""pre_flight_failed"", ""status"": ""ABORTED""}}",2026-07-15 07:58:58.711357+00
13,2026-07-15 08:03:59.30623+00,ABORTED,pre_flight_failed,80,0,0,"{""result"": {""reason"": ""pre_flight_failed"", ""status"": ""ABORTED""}}",2026-07-15 08:03:59.306441+00
14,2026-07-15 08:08:59.420301+00,ABORTED,pre_flight_failed,83,0,0,"{""result"": {""reason"": ""pre_flight_failed"", ""status"": ""ABORTED""}}",2026-07-15 08:08:59.420497+00
15,2026-07-15 08:13:59.571552+00,ABORTED,pre_flight_failed,115,0,0,"{""result"": {""reason"": ""pre_flight_failed"", ""status"": ""ABORTED""}}",2026-07-15 08:13:59.571727+00
16,2026-07-15 08:18:59.695761+00,ABORTED,pre_flight_failed,89,0,0,"{""result"": {""reason"": ""pre_flight_failed"", ""status"": ""ABORTED""}}",2026-07-15 08:18:59.695887+00
17,2026-07-15 08:23:59.81182+00,ABORTED,pre_flight_failed,84,0,0,"{""result"": {""reason"": ""pre_flight_failed"", ""status"": ""ABORTED""}}",2026-07-15 08:23:59.811939+00
18,2026-07-15 08:28:59.939091+00,ABORTED,pre_flight_failed,95,0,0,"{""result"": {""reason"": ""pre_flight_failed"", ""status"": ""ABORTED""}}",2026-07-15 08:28:59.939254+00
19,2026-07-15 08:34:00.058661+00,ABORTED,pre_flight_failed,84,0,0,"{""result"": {""reason"": ""pre_flight_failed"", ""status"": ""ABORTED""}}",2026-07-15 08:34:00.058859+00
20,2026-07-15 08:39:00.175072+00,ABORTED,pre_flight_failed,85,0,0,"{""result"": {""reason"": ""pre_flight_failed"", ""status"": ""ABORTED""}}",2026-07-15 08:39:00.175223+00
21,2026-07-15 08:44:00.285416+00,ABORTED,pre_flight_failed,77,0,0,"{""result"": {""reason"": ""pre_flight_failed"", ""status"": ""ABORTED""}}",2026-07-15 08:44:00.285541+00
22,2026-07-15 08:49:00.392258+00,ABORTED,pre_flight_failed,77,0,0,"{""result"": {""reason"": ""pre_flight_failed"", ""status"": ""ABORTED""}}",2026-07-15 08:49:00.39244+00
23,2026-07-15 08:54:00.502248+00,ABORTED,pre_flight_failed,79,0,0,"{""result"": {""reason"": ""pre_flight_failed"", ""status"": ""ABORTED""}}",2026-07-15 08:54:00.502416+00
24,2026-07-15 08:59:00.624186+00,ABORTED,pre_flight_failed,91,0,0,"{""result"": {""reason"": ""pre_flight_failed"", ""status"": ""ABORTED""}}",2026-07-15 08:59:00.624389+00
25,2026-07-15 09:04:00.740241+00,ABORTED,pre_flight_failed,84,0,0,"{""result"": {""reason"": ""pre_flight_failed"", ""status"": ""ABORTED""}}",2026-07-15 09:04:00.740421+00
26,2026-07-15 09:09:00.853634+00,ABORTED,pre_flight_failed,83,0,0,"{""result"": {""reason"": ""pre_flight_failed"", ""status"": ""ABORTED""}}",2026-07-15 09:09:00.853758+00
27,2026-07-15 09:14:00.961203+00,ABORTED,pre_flight_failed,77,0,0,"{""result"": {""reason"": ""pre_flight_failed"", ""status"": ""ABORTED""}}",2026-07-15 09:14:00.961432+00
28,2026-07-15 09:19:01.074894+00,ABORTED,pre_flight_failed,82,0,0,"{""result"": {""reason"": ""pre_flight_failed"", ""status"": ""ABORTED""}}",2026-07-15 09:19:01.07506+00
29,2026-07-15 09:24:01.192892+00,ABORTED,pre_flight_failed,88,0,0,"{""result"": {""reason"": ""pre_flight_failed"", ""status"": ""ABORTED""}}",2026-07-15 09:24:01.193013+00
30,2026-07-15 09:29:01.302617+00,ABORTED,pre_flight_failed,78,0,0,"{""result"": {""reason"": ""pre_flight_failed"", ""status"": ""ABORTED""}}",2026-07-15 09:29:01.302741+00
31,2026-07-15 09:34:01.410044+00,ABORTED,pre_flight_failed,78,0,0,"{""result"": {""reason"": ""pre_flight_failed"", ""status"": ""ABORTED""}}",2026-07-15 09:34:01.410192+00
32,2026-07-15 09:39:01.527989+00,ABORTED,pre_flight_failed,85,0,0,"{""result"": {""reason"": ""pre_flight_failed"", ""status"": ""ABORTED""}}",2026-07-15 09:39:01.528147+00
33,2026-07-15 09:44:01.644886+00,ABORTED,pre_flight_failed,84,0,0,"{""result"": {""reason"": ""pre_flight_failed"", ""status"": ""ABORTED""}}",2026-07-15 09:44:01.64501+00
34,2026-07-15 09:49:01.755924+00,ABORTED,pre_flight_failed,80,0,0,"{""result"": {""reason"": ""pre_flight_failed"", ""status"": ""ABORTED""}}",2026-07-15 09:49:01.756122+00
35,2026-07-15 09:54:01.867124+00,ABORTED,pre_flight_failed,82,0,0,"{""result"": {""reason"": ""pre_flight_failed"", ""status"": ""ABORTED""}}",2026-07-15 09:54:01.867314+00
36,2026-07-15 09:59:01.989008+00,ABORTED,pre_flight_failed,91,0,0,"{""result"": {""reason"": ""pre_flight_failed"", ""status"": ""ABORTED""}}",2026-07-15 09:59:01.989161+00
37,2026-07-15 10:04:02.109445+00,ABORTED,pre_flight_failed,89,0,0,"{""result"": {""reason"": ""pre_flight_failed"", ""status"": ""ABORTED""}}",2026-07-15 10:04:02.109569+00
38,2026-07-15 10:09:02.225263+00,ABORTED,pre_flight_failed,85,0,0,"{""result"": {""reason"": ""pre_flight_failed"", ""status"": ""ABORTED""}}",2026-07-15 10:09:02.225402+00
39,2026-07-15 10:14:02.338852+00,ABORTED,pre_flight_failed,83,0,0,"{""result"": {""reason"": ""pre_flight_failed"", ""status"": ""ABORTED""}}",2026-07-15 10:14:02.33899+00
40,2026-07-15 10:19:02.459063+00,ABORTED,pre_flight_failed,87,0,0,"{""result"": {""reason"": ""pre_flight_failed"", ""status"": ""ABORTED""}}",2026-07-15 10:19:02.45923+00
41,2026-07-15 10:24:02.575313+00,ABORTED,pre_flight_failed,85,0,0,"{""result"": {""reason"": ""pre_flight_failed"", ""status"": ""ABORTED""}}",2026-07-15 10:24:02.575481+00
42,2026-07-15 10:29:02.695188+00,ABORTED,pre_flight_failed,88,0,0,"{""result"": {""reason"": ""pre_flight_failed"", ""status"": ""ABORTED""}}",2026-07-15 10:29:02.695385+00
43,2026-07-15 10:34:02.812509+00,ABORTED,pre_flight_failed,85,0,0,"{""result"": {""reason"": ""pre_flight_failed"", ""status"": ""ABORTED""}}",2026-07-15 10:34:02.812633+00
44,2026-07-15 10:39:02.925628+00,ABORTED,pre_flight_failed,82,0,0,"{""result"": {""reason"": ""pre_flight_failed"", ""status"": ""ABORTED""}}",2026-07-15 10:39:02.925751+00
45,2026-07-15 10:44:03.051181+00,ABORTED,pre_flight_failed,95,0,0,"{""result"": {""reason"": ""pre_flight_failed"", ""status"": ""ABORTED""}}",2026-07-15 10:44:03.051361+00
46,2026-07-15 10:49:03.173646+00,ABORTED,pre_flight_failed,91,0,0,"{""result"": {""reason"": ""pre_flight_failed"", ""status"": ""ABORTED""}}",2026-07-15 10:49:03.173773+00
47,2026-07-15 10:54:03.294965+00,ABORTED,pre_flight_failed,86,0,0,"{""result"": {""reason"": ""pre_flight_failed"", ""status"": ""ABORTED""}}",2026-07-15 10:54:03.295114+00
48,2026-07-15 10:59:03.413318+00,ABORTED,pre_flight_failed,86,0,0,"{""result"": {""reason"": ""pre_flight_failed"", ""status"": ""ABORTED""}}",2026-07-15 10:59:03.413484+00
49,2026-07-15 11:04:03.525854+00,ABORTED,pre_flight_failed,81,0,0,"{""result"": {""reason"": ""pre_flight_failed"", ""status"": ""ABORTED""}}",2026-07-15 11:04:03.526021+00
50,2026-07-15 11:09:03.643932+00,ABORTED,pre_flight_failed,88,0,0,"{""result"": {""reason"": ""pre_flight_failed"", ""status"": ""ABORTED""}}",2026-07-15 11:09:03.644082+00
51,2026-07-15 11:14:03.763932+00,ABORTED,pre_flight_failed,88,0,0,"{""result"": {""reason"": ""pre_flight_failed"", ""status"": ""ABORTED""}}",2026-07-15 11:14:03.764083+00
52,2026-07-15 11:19:03.884971+00,ABORTED,pre_flight_failed,90,0,0,"{""result"": {""reason"": ""pre_flight_failed"", ""status"": ""ABORTED""}}",2026-07-15 11:19:03.885122+00
53,2026-07-15 11:24:04.003131+00,ABORTED,pre_flight_failed,85,0,0,"{""result"": {""reason"": ""pre_flight_failed"", ""status"": ""ABORTED""}}",2026-07-15 11:24:04.003351+00
54,2026-07-15 11:29:04.116778+00,ABORTED,pre_flight_failed,83,0,0,"{""result"": {""reason"": ""pre_flight_failed"", ""status"": ""ABORTED""}}",2026-07-15 11:29:04.116969+00
55,2026-07-15 11:34:04.236091+00,ABORTED,pre_flight_failed,87,0,0,"{""result"": {""reason"": ""pre_flight_failed"", ""status"": ""ABORTED""}}",2026-07-15 11:34:04.23626+00
56,2026-07-15 11:39:04.35306+00,ABORTED,pre_flight_failed,85,0,0,"{""result"": {""reason"": ""pre_flight_failed"", ""status"": ""ABORTED""}}",2026-07-15 11:39:04.353247+00
57,2026-07-15 11:44:04.477247+00,ABORTED,pre_flight_failed,90,0,0,"{""result"": {""reason"": ""pre_flight_failed"", ""status"": ""ABORTED""}}",2026-07-15 11:44:04.477378+00
58,2026-07-15 11:49:04.602276+00,ABORTED,pre_flight_failed,88,0,0,"{""result"": {""reason"": ""pre_flight_failed"", ""status"": ""ABORTED""}}",2026-07-15 11:49:04.602426+00
59,2026-07-15 11:54:04.713796+00,ABORTED,pre_flight_failed,78,0,0,"{""result"": {""reason"": ""pre_flight_failed"", ""status"": ""ABORTED""}}",2026-07-15 11:54:04.713927+00
60,2026-07-15 11:59:04.844821+00,ABORTED,pre_flight_failed,97,0,0,"{""result"": {""reason"": ""pre_flight_failed"", ""status"": ""ABORTED""}}",2026-07-15 11:59:04.844956+00
61,2026-07-15 12:04:04.993954+00,ABORTED,pre_flight_failed,111,0,0,"{""result"": {""reason"": ""pre_flight_failed"", ""status"": ""ABORTED""}}",2026-07-15 12:04:04.99413+00
62,2026-07-15 12:09:05.120886+00,ABORTED,pre_flight_failed,94,0,0,"{""result"": {""reason"": ""pre_flight_failed"", ""status"": ""ABORTED""}}",2026-07-15 12:09:05.12108+00
63,2026-07-15 12:14:05.243853+00,ABORTED,pre_flight_failed,93,0,0,"{""result"": {""reason"": ""pre_flight_failed"", ""status"": ""ABORTED""}}",2026-07-15 12:14:05.244048+00
64,2026-07-15 12:19:05.362176+00,ABORTED,pre_flight_failed,86,0,0,"{""result"": {""reason"": ""pre_flight_failed"", ""status"": ""ABORTED""}}",2026-07-15 12:19:05.362398+00
65,2026-07-15 12:24:05.476979+00,ABORTED,pre_flight_failed,84,0,0,"{""result"": {""reason"": ""pre_flight_failed"", ""status"": ""ABORTED""}}",2026-07-15 12:24:05.477133+00
66,2026-07-15 12:29:05.594897+00,ABORTED,pre_flight_failed,87,0,0,"{""result"": {""reason"": ""pre_flight_failed"", ""status"": ""ABORTED""}}",2026-07-15 12:29:05.595017+00
67,2026-07-15 12:34:05.703162+00,ABORTED,pre_flight_failed,77,0,0,"{""result"": {""reason"": ""pre_flight_failed"", ""status"": ""ABORTED""}}",2026-07-15 12:34:05.703333+00
68,2026-07-15 12:39:05.817442+00,ABORTED,pre_flight_failed,84,0,0,"{""result"": {""reason"": ""pre_flight_failed"", ""status"": ""ABORTED""}}",2026-07-15 12:39:05.817565+00
69,2026-07-15 12:44:05.936404+00,ABORTED,pre_flight_failed,89,0,0,"{""result"": {""reason"": ""pre_flight_failed"", ""status"": ""ABORTED""}}",2026-07-15 12:44:05.936526+00
70,2026-07-15 12:49:06.059707+00,ABORTED,pre_flight_failed,92,0,0,"{""result"": {""reason"": ""pre_flight_failed"", ""status"": ""ABORTED""}}",2026-07-15 12:49:06.060246+00
71,2026-07-15 12:54:06.173565+00,ABORTED,pre_flight_failed,82,0,0,"{""result"": {""reason"": ""pre_flight_failed"", ""status"": ""ABORTED""}}",2026-07-15 12:54:06.173732+00
72,2026-07-15 12:59:06.283169+00,ABORTED,pre_flight_failed,79,0,0,"{""result"": {""reason"": ""pre_flight_failed"", ""status"": ""ABORTED""}}",2026-07-15 12:59:06.283345+00
73,2026-07-15 13:04:06.398266+00,ABORTED,pre_flight_failed,85,0,0,"{""result"": {""reason"": ""pre_flight_failed"", ""status"": ""ABORTED""}}",2026-07-15 13:04:06.398439+00
74,2026-07-15 13:09:06.51714+00,ABORTED,pre_flight_failed,89,0,0,"{""result"": {""reason"": ""pre_flight_failed"", ""status"": ""ABORTED""}}",2026-07-15 13:09:06.51731+00
75,2026-07-15 13:14:06.63763+00,ABORTED,pre_flight_failed,89,0,0,"{""result"": {""reason"": ""pre_flight_failed"", ""status"": ""ABORTED""}}",2026-07-15 13:14:06.637797+00
76,2026-07-15 13:19:06.759044+00,ABORTED,pre_flight_failed,89,0,0,"{""result"": {""reason"": ""pre_flight_failed"", ""status"": ""ABORTED""}}",2026-07-15 13:19:06.759216+00
77,2026-07-15 13:24:06.875432+00,ABORTED,pre_flight_failed,80,0,0,"{""result"": {""reason"": ""pre_flight_failed"", ""status"": ""ABORTED""}}",2026-07-15 13:24:06.875602+00
78,2026-07-15 13:29:06.992681+00,ABORTED,pre_flight_failed,87,0,0,"{""result"": {""reason"": ""pre_flight_failed"", ""status"": ""ABORTED""}}",2026-07-15 13:29:06.992875+00
79,2026-07-15 13:34:07.117501+00,ABORTED,pre_flight_failed,93,0,0,"{""result"": {""reason"": ""pre_flight_failed"", ""status"": ""ABORTED""}}",2026-07-15 13:34:07.117667+00
80,2026-07-15 13:39:07.238451+00,ABORTED,pre_flight_failed,89,0,0,"{""result"": {""reason"": ""pre_flight_failed"", ""status"": ""ABORTED""}}",2026-07-15 13:39:07.23857+00
81,2026-07-15 13:44:07.349664+00,ABORTED,pre_flight_failed,79,0,0,"{""result"": {""reason"": ""pre_flight_failed"", ""status"": ""ABORTED""}}",2026-07-15 13:44:07.349861+00
82,2026-07-15 13:49:07.474412+00,ABORTED,pre_flight_failed,95,0,0,"{""result"": {""reason"": ""pre_flight_failed"", ""status"": ""ABORTED""}}",2026-07-15 13:49:07.474607+00
83,2026-07-15 13:54:07.585047+00,ABORTED,pre_flight_failed,78,0,0,"{""result"": {""reason"": ""pre_flight_failed"", ""status"": ""ABORTED""}}",2026-07-15 13:54:07.585201+00
84,2026-07-15 13:59:07.695978+00,ABORTED,pre_flight_failed,81,0,0,"{""result"": {""reason"": ""pre_flight_failed"", ""status"": ""ABORTED""}}",2026-07-15 13:59:07.696133+00
85,2026-07-15 14:04:07.823154+00,ABORTED,pre_flight_failed,96,0,0,"{""result"": {""reason"": ""pre_flight_failed"", ""status"": ""ABORTED""}}",2026-07-15 14:04:07.823292+00
86,2026-07-15 14:09:07.965988+00,ABORTED,pre_flight_failed,98,0,0,"{""result"": {""reason"": ""pre_flight_failed"", ""status"": ""ABORTED""}}",2026-07-15 14:09:07.966164+00
87,2026-07-15 14:14:08.082934+00,ABORTED,pre_flight_failed,85,0,0,"{""result"": {""reason"": ""pre_flight_failed"", ""status"": ""ABORTED""}}",2026-07-15 14:14:08.083087+00
88,2026-07-15 14:19:08.200532+00,ABORTED,pre_flight_failed,86,0,0,"{""result"": {""reason"": ""pre_flight_failed"", ""status"": ""ABORTED""}}",2026-07-15 14:19:08.200727+00
89,2026-07-15 14:24:08.312128+00,ABORTED,pre_flight_failed,81,0,0,"{""result"": {""reason"": ""pre_flight_failed"", ""status"": ""ABORTED""}}",2026-07-15 14:24:08.312307+00
90,2026-07-15 14:29:08.429432+00,ABORTED,pre_flight_failed,88,0,0,"{""result"": {""reason"": ""pre_flight_failed"", ""status"": ""ABORTED""}}",2026-07-15 14:29:08.429554+00
91,2026-07-15 14:34:08.54645+00,ABORTED,pre_flight_failed,85,0,0,"{""result"": {""reason"": ""pre_flight_failed"", ""status"": ""ABORTED""}}",2026-07-15 14:34:08.546617+00
92,2026-07-15 14:39:08.656446+00,ABORTED,pre_flight_failed,78,0,0,"{""result"": {""reason"": ""pre_flight_failed"", ""status"": ""ABORTED""}}",2026-07-15 14:39:08.656616+00
93,2026-07-15 14:44:08.775283+00,ABORTED,pre_flight_failed,90,0,0,"{""result"": {""reason"": ""pre_flight_failed"", ""status"": ""ABORTED""}}",2026-07-15 14:44:08.77542+00
94,2026-07-15 14:49:08.884766+00,ABORTED,pre_flight_failed,78,0,0,"{""result"": {""reason"": ""pre_flight_failed"", ""status"": ""ABORTED""}}",2026-07-15 14:49:08.884926+00
95,2026-07-15 14:54:09.001126+00,ABORTED,pre_flight_failed,86,0,0,"{""result"": {""reason"": ""pre_flight_failed"", ""status"": ""ABORTED""}}",2026-07-15 14:54:09.001338+00
96,2026-07-15 14:59:09.129005+00,ABORTED,pre_flight_failed,94,0,0,"{""result"": {""reason"": ""pre_flight_failed"", ""status"": ""ABORTED""}}",2026-07-15 14:59:09.129198+00
97,2026-07-15 15:04:09.253154+00,ABORTED,pre_flight_failed,89,0,0,"{""result"": {""reason"": ""pre_flight_failed"", ""status"": ""ABORTED""}}",2026-07-15 15:04:09.253362+00
98,2026-07-15 15:09:09.372429+00,ABORTED,pre_flight_failed,88,0,0,"{""result"": {""reason"": ""pre_flight_failed"", ""status"": ""ABORTED""}}",2026-07-15 15:09:09.372545+00
99,2026-07-15 15:14:09.492457+00,ABORTED,pre_flight_failed,88,0,0,"{""result"": {""reason"": ""pre_flight_failed"", ""status"": ""ABORTED""}}",2026-07-15 15:14:09.492624+00
100,2026-07-15 15:19:09.603972+00,ABORTED,pre_flight_failed,80,0,0,"{""result"": {""reason"": ""pre_flight_failed"", ""status"": ""ABORTED""}}",2026-07-15 15:19:09.604126+00
101,2026-07-15 15:24:09.716462+00,ABORTED,pre_flight_failed,82,0,0,"{""result"": {""reason"": ""pre_flight_failed"", ""status"": ""ABORTED""}}",2026-07-15 15:24:09.716629+00
102,2026-07-15 15:29:09.839404+00,ABORTED,pre_flight_failed,93,0,0,"{""result"": {""reason"": ""pre_flight_failed"", ""status"": ""ABORTED""}}",2026-07-15 15:29:09.839518+00
103,2026-07-15 15:34:09.9557+00,ABORTED,pre_flight_failed,84,0,0,"{""result"": {""reason"": ""pre_flight_failed"", ""status"": ""ABORTED""}}",2026-07-15 15:34:09.95582+00
104,2026-07-15 15:39:10.072299+00,ABORTED,pre_flight_failed,86,0,0,"{""result"": {""reason"": ""pre_flight_failed"", ""status"": ""ABORTED""}}",2026-07-15 15:39:10.072469+00
105,2026-07-15 15:44:10.192174+00,ABORTED,pre_flight_failed,88,0,0,"{""result"": {""reason"": ""pre_flight_failed"", ""status"": ""ABORTED""}}",2026-07-15 15:44:10.19237+00
106,2026-07-15 15:49:10.30943+00,ABORTED,pre_flight_failed,86,0,0,"{""result"": {""reason"": ""pre_flight_failed"", ""status"": ""ABORTED""}}",2026-07-15 15:49:10.30955+00
107,2026-07-15 15:54:10.431326+00,ABORTED,pre_flight_failed,86,0,0,"{""result"": {""reason"": ""pre_flight_failed"", ""status"": ""ABORTED""}}",2026-07-15 15:54:10.431486+00
108,2026-07-15 15:59:10.545823+00,ABORTED,pre_flight_failed,81,0,0,"{""result"": {""reason"": ""pre_flight_failed"", ""status"": ""ABORTED""}}",2026-07-15 15:59:10.545994+00
109,2026-07-15 16:04:10.656184+00,ABORTED,pre_flight_failed,80,0,0,"{""result"": {""reason"": ""pre_flight_failed"", ""status"": ""ABORTED""}}",2026-07-15 16:04:10.656365+00
110,2026-07-15 16:09:10.770907+00,ABORTED,pre_flight_failed,85,0,0,"{""result"": {""reason"": ""pre_flight_failed"", ""status"": ""ABORTED""}}",2026-07-15 16:09:10.771061+00
111,2026-07-15 16:14:10.8891+00,ABORTED,pre_flight_failed,86,0,0,"{""result"": {""reason"": ""pre_flight_failed"", ""status"": ""ABORTED""}}",2026-07-15 16:14:10.889284+00
112,2026-07-15 16:19:10.999272+00,ABORTED,pre_flight_failed,78,0,0,"{""result"": {""reason"": ""pre_flight_failed"", ""status"": ""ABORTED""}}",2026-07-15 16:19:10.99944+00
113,2026-07-15 16:24:11.117814+00,ABORTED,pre_flight_failed,89,0,0,"{""result"": {""reason"": ""pre_flight_failed"", ""status"": ""ABORTED""}}",2026-07-15 16:24:11.117981+00
114,2026-07-15 16:29:11.241112+00,ABORTED,pre_flight_failed,91,0,0,"{""result"": {""reason"": ""pre_flight_failed"", ""status"": ""ABORTED""}}",2026-07-15 16:29:11.241294+00
115,2026-07-15 16:34:11.352106+00,ABORTED,pre_flight_failed,78,0,0,"{""result"": {""reason"": ""pre_flight_failed"", ""status"": ""ABORTED""}}",2026-07-15 16:34:11.352259+00
116,2026-07-15 16:39:11.46744+00,ABORTED,pre_flight_failed,86,0,0,"{""result"": {""reason"": ""pre_flight_failed"", ""status"": ""ABORTED""}}",2026-07-15 16:39:11.467563+00
117,2026-07-15 16:44:11.582614+00,ABORTED,pre_flight_failed,85,0,0,"{""result"": {""reason"": ""pre_flight_failed"", ""status"": ""ABORTED""}}",2026-07-15 16:44:11.582737+00
118,2026-07-15 16:49:11.703101+00,ABORTED,pre_flight_failed,89,0,0,"{""result"": {""reason"": ""pre_flight_failed"", ""status"": ""ABORTED""}}",2026-07-15 16:49:11.703276+00
119,2026-07-15 16:54:11.821898+00,ABORTED,pre_flight_failed,86,0,0,"{""result"": {""reason"": ""pre_flight_failed"", ""status"": ""ABORTED""}}",2026-07-15 16:54:11.822051+00
120,2026-07-15 16:59:11.934816+00,ABORTED,pre_flight_failed,79,0,0,"{""result"": {""reason"": ""pre_flight_failed"", ""status"": ""ABORTED""}}",2026-07-15 16:59:11.935005+00
121,2026-07-15 17:04:12.050057+00,ABORTED,pre_flight_failed,85,0,0,"{""result"": {""reason"": ""pre_flight_failed"", ""status"": ""ABORTED""}}",2026-07-15 17:04:12.050202+00
122,2026-07-15 17:09:12.173022+00,ABORTED,pre_flight_failed,91,0,0,"{""result"": {""reason"": ""pre_flight_failed"", ""status"": ""ABORTED""}}",2026-07-15 17:09:12.17317+00
123,2026-07-15 17:14:12.288148+00,ABORTED,pre_flight_failed,83,0,0,"{""result"": {""reason"": ""pre_flight_failed"", ""status"": ""ABORTED""}}",2026-07-15 17:14:12.288337+00
124,2026-07-15 17:19:12.403905+00,ABORTED,pre_flight_failed,85,0,0,"{""result"": {""reason"": ""pre_flight_failed"", ""status"": ""ABORTED""}}",2026-07-15 17:19:12.404071+00
125,2026-07-15 17:24:12.527188+00,ABORTED,pre_flight_failed,92,0,0,"{""result"": {""reason"": ""pre_flight_failed"", ""status"": ""ABORTED""}}",2026-07-15 17:24:12.527393+00
126,2026-07-15 17:29:12.642311+00,ABORTED,pre_flight_failed,82,0,0,"{""result"": {""reason"": ""pre_flight_failed"", ""status"": ""ABORTED""}}",2026-07-15 17:29:12.642477+00
127,2026-07-15 17:34:12.755358+00,ABORTED,pre_flight_failed,81,0,0,"{""result"": {""reason"": ""pre_flight_failed"", ""status"": ""ABORTED""}}",2026-07-15 17:34:12.755525+00
128,2026-07-15 17:39:12.870908+00,ABORTED,pre_flight_failed,86,0,0,"{""result"": {""reason"": ""pre_flight_failed"", ""status"": ""ABORTED""}}",2026-07-15 17:39:12.871041+00
129,2026-07-15 17:44:12.988453+00,ABORTED,pre_flight_failed,85,0,0,"{""result"": {""reason"": ""pre_flight_failed"", ""status"": ""ABORTED""}}",2026-07-15 17:44:12.98862+00
130,2026-07-15 17:49:13.104835+00,ABORTED,pre_flight_failed,84,0,0,"{""result"": {""reason"": ""pre_flight_failed"", ""status"": ""ABORTED""}}",2026-07-15 17:49:13.105001+00
131,2026-07-15 17:54:13.218071+00,ABORTED,pre_flight_failed,83,0,0,"{""result"": {""reason"": ""pre_flight_failed"", ""status"": ""ABORTED""}}",2026-07-15 17:54:13.218242+00
132,2026-07-15 17:59:13.337475+00,ABORTED,pre_flight_failed,89,0,0,"{""result"": {""reason"": ""pre_flight_failed"", ""status"": ""ABORTED""}}",2026-07-15 17:59:13.337599+00
133,2026-07-15 18:04:13.455271+00,ABORTED,pre_flight_failed,87,0,0,"{""result"": {""reason"": ""pre_flight_failed"", ""status"": ""ABORTED""}}",2026-07-15 18:04:13.455442+00
134,2026-07-15 18:09:13.5734+00,ABORTED,pre_flight_failed,86,0,0,"{""result"": {""reason"": ""pre_flight_failed"", ""status"": ""ABORTED""}}",2026-07-15 18:09:13.573567+00
135,2026-07-15 18:14:13.693031+00,ABORTED,pre_flight_failed,88,0,0,"{""result"": {""reason"": ""pre_flight_failed"", ""status"": ""ABORTED""}}",2026-07-15 18:14:13.693189+00
136,2026-07-15 18:19:13.809329+00,ABORTED,pre_flight_failed,85,0,0,"{""result"": {""reason"": ""pre_flight_failed"", ""status"": ""ABORTED""}}",2026-07-15 18:19:13.809442+00
137,2026-07-15 18:24:13.925296+00,ABORTED,pre_flight_failed,85,0,0,"{""result"": {""reason"": ""pre_flight_failed"", ""status"": ""ABORTED""}}",2026-07-15 18:24:13.925485+00
138,2026-07-15 18:29:14.041073+00,ABORTED,pre_flight_failed,85,0,0,"{""result"": {""reason"": ""pre_flight_failed"", ""status"": ""ABORTED""}}",2026-07-15 18:29:14.041216+00
139,2026-07-15 18:34:14.162078+00,ABORTED,pre_flight_failed,90,0,0,"{""result"": {""reason"": ""pre_flight_failed"", ""status"": ""ABORTED""}}",2026-07-15 18:34:14.162239+00
140,2026-07-15 18:39:14.282689+00,ABORTED,pre_flight_failed,88,0,0,"{""result"": {""reason"": ""pre_flight_failed"", ""status"": ""ABORTED""}}",2026-07-15 18:39:14.282884+00
141,2026-07-15 18:44:14.399441+00,ABORTED,pre_flight_failed,84,0,0,"{""result"": {""reason"": ""pre_flight_failed"", ""status"": ""ABORTED""}}",2026-07-15 18:44:14.399655+00
142,2026-07-15 18:49:14.529496+00,ABORTED,pre_flight_failed,92,0,0,"{""result"": {""reason"": ""pre_flight_failed"", ""status"": ""ABORTED""}}",2026-07-15 18:49:14.52969+00
143,2026-07-15 18:54:14.639409+00,ABORTED,pre_flight_failed,79,0,0,"{""result"": {""reason"": ""pre_flight_failed"", ""status"": ""ABORTED""}}",2026-07-15 18:54:14.639531+00
144,2026-07-15 18:59:14.761749+00,ABORTED,pre_flight_failed,92,0,0,"{""result"": {""reason"": ""pre_flight_failed"", ""status"": ""ABORTED""}}",2026-07-15 18:59:14.761917+00
145,2026-07-15 19:04:14.887945+00,ABORTED,pre_flight_failed,93,0,0,"{""result"": {""reason"": ""pre_flight_failed"", ""status"": ""ABORTED""}}",2026-07-15 19:04:14.888099+00
146,2026-07-15 19:09:15.005442+00,ABORTED,pre_flight_failed,86,0,0,"{""result"": {""reason"": ""pre_flight_failed"", ""status"": ""ABORTED""}}",2026-07-15 19:09:15.005566+00
147,2026-07-15 19:14:15.120629+00,ABORTED,pre_flight_failed,85,0,0,"{""result"": {""reason"": ""pre_flight_failed"", ""status"": ""ABORTED""}}",2026-07-15 19:14:15.120751+00
148,2026-07-15 19:19:15.236148+00,ABORTED,pre_flight_failed,84,0,0,"{""result"": {""reason"": ""pre_flight_failed"", ""status"": ""ABORTED""}}",2026-07-15 19:19:15.236366+00
149,2026-07-15 19:24:15.353031+00,ABORTED,pre_flight_failed,86,0,0,"{""result"": {""reason"": ""pre_flight_failed"", ""status"": ""ABORTED""}}",2026-07-15 19:24:15.353178+00
150,2026-07-15 19:29:15.463461+00,ABORTED,pre_flight_failed,80,0,0,"{""result"": {""reason"": ""pre_flight_failed"", ""status"": ""ABORTED""}}",2026-07-15 19:29:15.463583+00
151,2026-07-15 19:34:15.579903+00,ABORTED,pre_flight_failed,87,0,0,"{""result"": {""reason"": ""pre_flight_failed"", ""status"": ""ABORTED""}}",2026-07-15 19:34:15.580026+00
152,2026-07-15 19:39:15.69431+00,ABORTED,pre_flight_failed,83,0,0,"{""result"": {""reason"": ""pre_flight_failed"", ""status"": ""ABORTED""}}",2026-07-15 19:39:15.694475+00
153,2026-07-15 19:44:15.801822+00,ABORTED,pre_flight_failed,76,0,0,"{""result"": {""reason"": ""pre_flight_failed"", ""status"": ""ABORTED""}}",2026-07-15 19:44:15.802012+00
154,2026-07-15 19:49:15.911065+00,ABORTED,pre_flight_failed,79,0,0,"{""result"": {""reason"": ""pre_flight_failed"", ""status"": ""ABORTED""}}",2026-07-15 19:49:15.911224+00
155,2026-07-15 19:54:16.021544+00,ABORTED,pre_flight_failed,80,0,0,"{""result"": {""reason"": ""pre_flight_failed"", ""status"": ""ABORTED""}}",2026-07-15 19:54:16.021668+00
156,2026-07-15 19:59:16.132846+00,ABORTED,pre_flight_failed,80,0,0,"{""result"": {""reason"": ""pre_flight_failed"", ""status"": ""ABORTED""}}",2026-07-15 19:59:16.132968+00
157,2026-07-15 20:04:16.247777+00,ABORTED,pre_flight_failed,85,0,0,"{""result"": {""reason"": ""pre_flight_failed"", ""status"": ""ABORTED""}}",2026-07-15 20:04:16.2479+00
158,2026-07-15 20:09:16.373818+00,ABORTED,pre_flight_failed,85,0,0,"{""result"": {""reason"": ""pre_flight_failed"", ""status"": ""ABORTED""}}",2026-07-15 20:09:16.373983+00
159,2026-07-15 20:14:16.493711+00,ABORTED,pre_flight_failed,80,0,0,"{""result"": {""reason"": ""pre_flight_failed"", ""status"": ""ABORTED""}}",2026-07-15 20:14:16.493878+00
160,2026-07-15 20:19:16.612045+00,ABORTED,pre_flight_failed,88,0,0,"{""result"": {""reason"": ""pre_flight_failed"", ""status"": ""ABORTED""}}",2026-07-15 20:19:16.612179+00
161,2026-07-15 20:24:16.723774+00,ABORTED,pre_flight_failed,81,0,0,"{""result"": {""reason"": ""pre_flight_failed"", ""status"": ""ABORTED""}}",2026-07-15 20:24:16.72394+00
162,2026-07-15 20:29:16.830307+00,ABORTED,pre_flight_failed,75,0,0,"{""result"": {""reason"": ""pre_flight_failed"", ""status"": ""ABORTED""}}",2026-07-15 20:29:16.830501+00
163,2026-07-15 20:34:16.942451+00,ABORTED,pre_flight_failed,82,0,0,"{""result"": {""reason"": ""pre_flight_failed"", ""status"": ""ABORTED""}}",2026-07-15 20:34:16.942619+00
164,2026-07-15 20:39:17.053464+00,ABORTED,pre_flight_failed,78,0,0,"{""result"": {""reason"": ""pre_flight_failed"", ""status"": ""ABORTED""}}",2026-07-15 20:39:17.053632+00
165,2026-07-15 20:44:17.167904+00,ABORTED,pre_flight_failed,84,0,0,"{""result"": {""reason"": ""pre_flight_failed"", ""status"": ""ABORTED""}}",2026-07-15 20:44:17.168059+00
166,2026-07-15 20:49:17.28475+00,ABORTED,pre_flight_failed,85,0,0,"{""result"": {""reason"": ""pre_flight_failed"", ""status"": ""ABORTED""}}",2026-07-15 20:49:17.284874+00
167,2026-07-15 20:54:17.398332+00,ABORTED,pre_flight_failed,81,0,0,"{""result"": {""reason"": ""pre_flight_failed"", ""status"": ""ABORTED""}}",2026-07-15 20:54:17.398499+00
168,2026-07-15 20:59:17.512114+00,ABORTED,pre_flight_failed,82,0,0,"{""result"": {""reason"": ""pre_flight_failed"", ""status"": ""ABORTED""}}",2026-07-15 20:59:17.51225+00
169,2026-07-15 21:04:17.626143+00,ABORTED,pre_flight_failed,80,0,0,"{""result"": {""reason"": ""pre_flight_failed"", ""status"": ""ABORTED""}}",2026-07-15 21:04:17.626325+00
170,2026-07-15 21:09:17.731004+00,ABORTED,pre_flight_failed,73,0,0,"{""result"": {""reason"": ""pre_flight_failed"", ""status"": ""ABORTED""}}",2026-07-15 21:09:17.73116+00
171,2026-07-15 21:14:17.843988+00,ABORTED,pre_flight_failed,84,0,0,"{""result"": {""reason"": ""pre_flight_failed"", ""status"": ""ABORTED""}}",2026-07-15 21:14:17.844112+00
172,2026-07-15 21:19:17.956775+00,ABORTED,pre_flight_failed,81,0,0,"{""result"": {""reason"": ""pre_flight_failed"", ""status"": ""ABORTED""}}",2026-07-15 21:19:17.956897+00
173,2026-07-15 21:24:18.066828+00,ABORTED,pre_flight_failed,79,0,0,"{""result"": {""reason"": ""pre_flight_failed"", ""status"": ""ABORTED""}}",2026-07-15 21:24:18.066998+00
174,2026-07-15 21:29:18.178028+00,ABORTED,pre_flight_failed,80,0,0,"{""result"": {""reason"": ""pre_flight_failed"", ""status"": ""ABORTED""}}",2026-07-15 21:29:18.178171+00
175,2026-07-15 21:34:18.306429+00,ABORTED,pre_flight_failed,94,0,0,"{""result"": {""reason"": ""pre_flight_failed"", ""status"": ""ABORTED""}}",2026-07-15 21:34:18.306652+00
176,2026-07-15 21:39:18.423732+00,ABORTED,pre_flight_failed,83,0,0,"{""result"": {""reason"": ""pre_flight_failed"", ""status"": ""ABORTED""}}",2026-07-15 21:39:18.4239+00
177,2026-07-15 21:44:18.531115+00,ABORTED,pre_flight_failed,75,0,0,"{""result"": {""reason"": ""pre_flight_failed"", ""status"": ""ABORTED""}}",2026-07-15 21:44:18.531257+00
178,2026-07-15 21:49:18.635702+00,ABORTED,pre_flight_failed,76,0,0,"{""result"": {""reason"": ""pre_flight_failed"", ""status"": ""ABORTED""}}",2026-07-15 21:49:18.635825+00
179,2026-07-15 21:54:18.744327+00,ABORTED,pre_flight_failed,78,0,0,"{""result"": {""reason"": ""pre_flight_failed"", ""status"": ""ABORTED""}}",2026-07-15 21:54:18.744498+00
180,2026-07-15 21:59:18.856688+00,ABORTED,pre_flight_failed,82,0,0,"{""result"": {""reason"": ""pre_flight_failed"", ""status"": ""ABORTED""}}",2026-07-15 21:59:18.856821+00
181,2026-07-15 22:04:18.971983+00,ABORTED,pre_flight_failed,84,0,0,"{""result"": {""reason"": ""pre_flight_failed"", ""status"": ""ABORTED""}}",2026-07-15 22:04:18.972181+00
182,2026-07-15 22:09:19.089477+00,ABORTED,pre_flight_failed,86,0,0,"{""result"": {""reason"": ""pre_flight_failed"", ""status"": ""ABORTED""}}",2026-07-15 22:09:19.0896+00
183,2026-07-15 22:14:19.201958+00,ABORTED,pre_flight_failed,79,0,0,"{""result"": {""reason"": ""pre_flight_failed"", ""status"": ""ABORTED""}}",2026-07-15 22:14:19.202111+00
184,2026-07-15 22:19:19.314638+00,ABORTED,pre_flight_failed,81,0,0,"{""result"": {""reason"": ""pre_flight_failed"", ""status"": ""ABORTED""}}",2026-07-15 22:19:19.314809+00
185,2026-07-15 22:24:19.427819+00,ABORTED,pre_flight_failed,83,0,0,"{""result"": {""reason"": ""pre_flight_failed"", ""status"": ""ABORTED""}}",2026-07-15 22:24:19.428008+00
186,2026-07-15 22:29:19.534395+00,ABORTED,pre_flight_failed,75,0,0,"{""result"": {""reason"": ""pre_flight_failed"", ""status"": ""ABORTED""}}",2026-07-15 22:29:19.534519+00
187,2026-07-15 22:34:19.657764+00,ABORTED,pre_flight_failed,92,0,0,"{""result"": {""reason"": ""pre_flight_failed"", ""status"": ""ABORTED""}}",2026-07-15 22:34:19.65789+00
188,2026-07-15 22:39:19.768942+00,ABORTED,pre_flight_failed,74,0,0,"{""result"": {""reason"": ""pre_flight_failed"", ""status"": ""ABORTED""}}",2026-07-15 22:39:19.769133+00
189,2026-07-15 22:44:19.876416+00,ABORTED,pre_flight_failed,77,0,0,"{""result"": {""reason"": ""pre_flight_failed"", ""status"": ""ABORTED""}}",2026-07-15 22:44:19.876568+00
190,2026-07-15 22:49:19.984105+00,ABORTED,pre_flight_failed,76,0,0,"{""result"": {""reason"": ""pre_flight_failed"", ""status"": ""ABORTED""}}",2026-07-15 22:49:19.984258+00
191,2026-07-15 22:54:20.091135+00,ABORTED,pre_flight_failed,77,0,0,"{""result"": {""reason"": ""pre_flight_failed"", ""status"": ""ABORTED""}}",2026-07-15 22:54:20.091343+00
192,2026-07-15 22:59:20.200748+00,ABORTED,pre_flight_failed,79,0,0,"{""result"": {""reason"": ""pre_flight_failed"", ""status"": ""ABORTED""}}",2026-07-15 22:59:20.200915+00
193,2026-07-15 23:04:20.307996+00,ABORTED,pre_flight_failed,76,0,0,"{""result"": {""reason"": ""pre_flight_failed"", ""status"": ""ABORTED""}}",2026-07-15 23:04:20.30819+00
194,2026-07-15 23:09:20.412279+00,ABORTED,pre_flight_failed,75,0,0,"{""result"": {""reason"": ""pre_flight_failed"", ""status"": ""ABORTED""}}",2026-07-15 23:09:20.412414+00
195,2026-07-15 23:14:20.523733+00,ABORTED,pre_flight_failed,81,0,0,"{""result"": {""reason"": ""pre_flight_failed"", ""status"": ""ABORTED""}}",2026-07-15 23:14:20.523883+00
196,2026-07-15 23:19:20.631184+00,ABORTED,pre_flight_failed,76,0,0,"{""result"": {""reason"": ""pre_flight_failed"", ""status"": ""ABORTED""}}",2026-07-15 23:19:20.631393+00
197,2026-07-15 23:24:20.735478+00,ABORTED,pre_flight_failed,75,0,0,"{""result"": {""reason"": ""pre_flight_failed"", ""status"": ""ABORTED""}}",2026-07-15 23:24:20.735601+00
198,2026-07-15 23:29:20.84851+00,ABORTED,pre_flight_failed,80,0,0,"{""result"": {""reason"": ""pre_flight_failed"", ""status"": ""ABORTED""}}",2026-07-15 23:29:20.848708+00
199,2026-07-15 23:34:20.956959+00,ABORTED,pre_flight_failed,77,0,0,"{""result"": {""reason"": ""pre_flight_failed"", ""status"": ""ABORTED""}}",2026-07-15 23:34:20.957154+00
200,2026-07-15 23:39:21.063982+00,ABORTED,pre_flight_failed,76,0,0,"{""result"": {""reason"": ""pre_flight_failed"", ""status"": ""ABORTED""}}",2026-07-15 23:39:21.064176+00
201,2026-07-15 23:44:21.169982+00,ABORTED,pre_flight_failed,76,0,0,"{""result"": {""reason"": ""pre_flight_failed"", ""status"": ""ABORTED""}}",2026-07-15 23:44:21.170138+00
202,2026-07-15 23:49:21.284021+00,ABORTED,pre_flight_failed,85,0,0,"{""result"": {""reason"": ""pre_flight_failed"", ""status"": ""ABORTED""}}",2026-07-15 23:49:21.284157+00
203,2026-07-15 23:54:21.390473+00,ABORTED,pre_flight_failed,76,0,0,"{""result"": {""reason"": ""pre_flight_failed"", ""status"": ""ABORTED""}}",2026-07-15 23:54:21.390638+00
204,2026-07-15 23:59:21.4993+00,ABORTED,pre_flight_failed,79,0,0,"{""result"": {""reason"": ""pre_flight_failed"", ""status"": ""ABORTED""}}",2026-07-15 23:59:21.499467+00
205,2026-07-16 00:04:21.614394+00,ABORTED,pre_flight_failed,85,0,0,"{""result"": {""reason"": ""pre_flight_failed"", ""status"": ""ABORTED""}}",2026-07-16 00:04:21.614518+00
206,2026-07-16 00:09:21.72133+00,ABORTED,pre_flight_failed,74,0,0,"{""result"": {""reason"": ""pre_flight_failed"", ""status"": ""ABORTED""}}",2026-07-16 00:09:21.721518+00
207,2026-07-16 00:14:21.843133+00,ABORTED,pre_flight_failed,90,0,0,"{""result"": {""reason"": ""pre_flight_failed"", ""status"": ""ABORTED""}}",2026-07-16 00:14:21.843329+00
208,2026-07-16 00:19:21.959973+00,ABORTED,pre_flight_failed,82,0,0,"{""result"": {""reason"": ""pre_flight_failed"", ""status"": ""ABORTED""}}",2026-07-16 00:19:21.960129+00
209,2026-07-16 00:24:22.071646+00,ABORTED,pre_flight_failed,78,0,0,"{""result"": {""reason"": ""pre_flight_failed"", ""status"": ""ABORTED""}}",2026-07-16 00:24:22.071787+00
210,2026-07-16 00:29:22.181253+00,ABORTED,pre_flight_failed,79,0,0,"{""result"": {""reason"": ""pre_flight_failed"", ""status"": ""ABORTED""}}",2026-07-16 00:29:22.181393+00
211,2026-07-16 00:34:22.29264+00,ABORTED,pre_flight_failed,80,0,0,"{""result"": {""reason"": ""pre_flight_failed"", ""status"": ""ABORTED""}}",2026-07-16 00:34:22.292809+00
212,2026-07-16 00:39:22.404148+00,ABORTED,pre_flight_failed,81,0,0,"{""result"": {""reason"": ""pre_flight_failed"", ""status"": ""ABORTED""}}",2026-07-16 00:39:22.404347+00
213,2026-07-16 00:44:22.517792+00,ABORTED,pre_flight_failed,82,0,0,"{""result"": {""reason"": ""pre_flight_failed"", ""status"": ""ABORTED""}}",2026-07-16 00:44:22.517986+00
214,2026-07-16 00:49:22.628136+00,ABORTED,pre_flight_failed,80,0,0,"{""result"": {""reason"": ""pre_flight_failed"", ""status"": ""ABORTED""}}",2026-07-16 00:49:22.628309+00
215,2026-07-16 00:54:22.745537+00,ABORTED,pre_flight_failed,84,0,0,"{""result"": {""reason"": ""pre_flight_failed"", ""status"": ""ABORTED""}}",2026-07-16 00:54:22.745736+00
216,2026-07-16 00:59:22.856043+00,ABORTED,pre_flight_failed,77,0,0,"{""result"": {""reason"": ""pre_flight_failed"", ""status"": ""ABORTED""}}",2026-07-16 00:59:22.856204+00
217,2026-07-16 01:04:22.969839+00,ABORTED,pre_flight_failed,83,0,0,"{""result"": {""reason"": ""pre_flight_failed"", ""status"": ""ABORTED""}}",2026-07-16 01:04:22.969961+00
218,2026-07-16 01:09:23.081938+00,ABORTED,pre_flight_failed,81,0,0,"{""result"": {""reason"": ""pre_flight_failed"", ""status"": ""ABORTED""}}",2026-07-16 01:09:23.082091+00
219,2026-07-16 01:14:23.188145+00,ABORTED,pre_flight_failed,75,0,0,"{""result"": {""reason"": ""pre_flight_failed"", ""status"": ""ABORTED""}}",2026-07-16 01:14:23.188345+00
220,2026-07-16 01:19:23.301614+00,ABORTED,pre_flight_failed,85,0,0,"{""result"": {""reason"": ""pre_flight_failed"", ""status"": ""ABORTED""}}",2026-07-16 01:19:23.301737+00
221,2026-07-16 01:24:23.421092+00,ABORTED,pre_flight_failed,87,0,0,"{""result"": {""reason"": ""pre_flight_failed"", ""status"": ""ABORTED""}}",2026-07-16 01:24:23.421257+00
222,2026-07-16 01:29:23.540766+00,ABORTED,pre_flight_failed,87,0,0,"{""result"": {""reason"": ""pre_flight_failed"", ""status"": ""ABORTED""}}",2026-07-16 01:29:23.540935+00
223,2026-07-16 01:34:23.652247+00,ABORTED,pre_flight_failed,79,0,0,"{""result"": {""reason"": ""pre_flight_failed"", ""status"": ""ABORTED""}}",2026-07-16 01:34:23.652441+00
224,2026-07-16 01:39:23.767907+00,ABORTED,pre_flight_failed,84,0,0,"{""result"": {""reason"": ""pre_flight_failed"", ""status"": ""ABORTED""}}",2026-07-16 01:39:23.768102+00
225,2026-07-16 01:44:23.879535+00,ABORTED,pre_flight_failed,79,0,0,"{""result"": {""reason"": ""pre_flight_failed"", ""status"": ""ABORTED""}}",2026-07-16 01:44:23.879704+00
226,2026-07-16 01:49:23.989857+00,ABORTED,pre_flight_failed,79,0,0,"{""result"": {""reason"": ""pre_flight_failed"", ""status"": ""ABORTED""}}",2026-07-16 01:49:23.990023+00
227,2026-07-16 01:54:24.098476+00,ABORTED,pre_flight_failed,78,0,0,"{""result"": {""reason"": ""pre_flight_failed"", ""status"": ""ABORTED""}}",2026-07-16 01:54:24.098669+00
228,2026-07-16 01:59:24.212132+00,ABORTED,pre_flight_failed,82,0,0,"{""result"": {""reason"": ""pre_flight_failed"", ""status"": ""ABORTED""}}",2026-07-16 01:59:24.212304+00
229,2026-07-16 02:04:24.327796+00,ABORTED,pre_flight_failed,84,0,0,"{""result"": {""reason"": ""pre_flight_failed"", ""status"": ""ABORTED""}}",2026-07-16 02:04:24.32792+00
230,2026-07-16 02:09:24.440143+00,ABORTED,pre_flight_failed,80,0,0,"{""result"": {""reason"": ""pre_flight_failed"", ""status"": ""ABORTED""}}",2026-07-16 02:09:24.440313+00
231,2026-07-16 02:14:24.550133+00,ABORTED,pre_flight_failed,79,0,0,"{""result"": {""reason"": ""pre_flight_failed"", ""status"": ""ABORTED""}}",2026-07-16 02:14:24.550376+00
232,2026-07-16 02:19:24.667257+00,ABORTED,pre_flight_failed,86,0,0,"{""result"": {""reason"": ""pre_flight_failed"", ""status"": ""ABORTED""}}",2026-07-16 02:19:24.667451+00
233,2026-07-16 02:24:24.774635+00,ABORTED,pre_flight_failed,76,0,0,"{""result"": {""reason"": ""pre_flight_failed"", ""status"": ""ABORTED""}}",2026-07-16 02:24:24.774759+00
234,2026-07-16 02:29:24.883318+00,ABORTED,pre_flight_failed,79,0,0,"{""result"": {""reason"": ""pre_flight_failed"", ""status"": ""ABORTED""}}",2026-07-16 02:29:24.883441+00
235,2026-07-16 02:34:24.996719+00,ABORTED,pre_flight_failed,83,0,0,"{""result"": {""reason"": ""pre_flight_failed"", ""status"": ""ABORTED""}}",2026-07-16 02:34:24.996856+00
236,2026-07-16 02:39:25.107543+00,ABORTED,pre_flight_failed,77,0,0,"{""result"": {""reason"": ""pre_flight_failed"", ""status"": ""ABORTED""}}",2026-07-16 02:39:25.10771+00
237,2026-07-16 02:44:25.236086+00,ABORTED,pre_flight_failed,96,0,0,"{""result"": {""reason"": ""pre_flight_failed"", ""status"": ""ABORTED""}}",2026-07-16 02:44:25.236245+00
238,2026-07-16 02:49:25.350336+00,ABORTED,pre_flight_failed,81,0,0,"{""result"": {""reason"": ""pre_flight_failed"", ""status"": ""ABORTED""}}",2026-07-16 02:49:25.350466+00
239,2026-07-16 02:54:25.457345+00,ABORTED,pre_flight_failed,76,0,0,"{""result"": {""reason"": ""pre_flight_failed"", ""status"": ""ABORTED""}}",2026-07-16 02:54:25.457515+00
240,2026-07-16 02:59:25.56848+00,ABORTED,pre_flight_failed,81,0,0,"{""result"": {""reason"": ""pre_flight_failed"", ""status"": ""ABORTED""}}",2026-07-16 02:59:25.568648+00
241,2026-07-16 03:04:25.674153+00,ABORTED,pre_flight_failed,74,0,0,"{""result"": {""reason"": ""pre_flight_failed"", ""status"": ""ABORTED""}}",2026-07-16 03:04:25.674416+00
242,2026-07-16 03:09:25.783306+00,ABORTED,pre_flight_failed,79,0,0,"{""result"": {""reason"": ""pre_flight_failed"", ""status"": ""ABORTED""}}",2026-07-16 03:09:25.783446+00
243,2026-07-16 03:14:25.889511+00,ABORTED,pre_flight_failed,76,0,0,"{""result"": {""reason"": ""pre_flight_failed"", ""status"": ""ABORTED""}}",2026-07-16 03:14:25.889633+00
244,2026-07-16 03:19:25.999505+00,ABORTED,pre_flight_failed,80,0,0,"{""result"": {""reason"": ""pre_flight_failed"", ""status"": ""ABORTED""}}",2026-07-16 03:19:25.999671+00
245,2026-07-16 03:24:26.117266+00,ABORTED,pre_flight_failed,87,0,0,"{""result"": {""reason"": ""pre_flight_failed"", ""status"": ""ABORTED""}}",2026-07-16 03:24:26.117424+00
246,2026-07-16 03:29:26.228166+00,ABORTED,pre_flight_failed,77,0,0,"{""result"": {""reason"": ""pre_flight_failed"", ""status"": ""ABORTED""}}",2026-07-16 03:29:26.228342+00
247,2026-07-16 03:34:26.332808+00,ABORTED,pre_flight_failed,75,0,0,"{""result"": {""reason"": ""pre_flight_failed"", ""status"": ""ABORTED""}}",2026-07-16 03:34:26.332975+00
248,2026-07-16 03:39:26.4407+00,ABORTED,pre_flight_failed,79,0,0,"{""result"": {""reason"": ""pre_flight_failed"", ""status"": ""ABORTED""}}",2026-07-16 03:39:26.440823+00
249,2026-07-16 03:44:26.551348+00,ABORTED,pre_flight_failed,81,0,0,"{""result"": {""reason"": ""pre_flight_failed"", ""status"": ""ABORTED""}}",2026-07-16 03:44:26.551518+00
250,2026-07-16 03:49:26.662325+00,ABORTED,pre_flight_failed,80,0,0,"{""result"": {""reason"": ""pre_flight_failed"", ""status"": ""ABORTED""}}",2026-07-16 03:49:26.662494+00
251,2026-07-16 03:54:26.775085+00,ABORTED,pre_flight_failed,81,0,0,"{""result"": {""reason"": ""pre_flight_failed"", ""status"": ""ABORTED""}}",2026-07-16 03:54:26.775252+00
252,2026-07-16 03:59:26.887295+00,ABORTED,pre_flight_failed,80,0,0,"{""result"": {""reason"": ""pre_flight_failed"", ""status"": ""ABORTED""}}",2026-07-16 03:59:26.887465+00
253,2026-07-16 04:04:26.993914+00,ABORTED,pre_flight_failed,74,0,0,"{""result"": {""reason"": ""pre_flight_failed"", ""status"": ""ABORTED""}}",2026-07-16 04:04:26.99406+00
254,2026-07-16 04:09:27.104473+00,ABORTED,pre_flight_failed,81,0,0,"{""result"": {""reason"": ""pre_flight_failed"", ""status"": ""ABORTED""}}",2026-07-16 04:09:27.104594+00
255,2026-07-16 04:14:27.209463+00,ABORTED,pre_flight_failed,75,0,0,"{""result"": {""reason"": ""pre_flight_failed"", ""status"": ""ABORTED""}}",2026-07-16 04:14:27.209585+00
256,2026-07-16 04:19:27.315468+00,ABORTED,pre_flight_failed,75,0,0,"{""result"": {""reason"": ""pre_flight_failed"", ""status"": ""ABORTED""}}",2026-07-16 04:19:27.315589+00
257,2026-07-16 04:24:27.43006+00,ABORTED,pre_flight_failed,85,0,0,"{""result"": {""reason"": ""pre_flight_failed"", ""status"": ""ABORTED""}}",2026-07-16 04:24:27.430204+00
258,2026-07-16 04:29:27.545475+00,ABORTED,pre_flight_failed,82,0,0,"{""result"": {""reason"": ""pre_flight_failed"", ""status"": ""ABORTED""}}",2026-07-16 04:29:27.545642+00
259,2026-07-16 04:34:27.652105+00,ABORTED,pre_flight_failed,76,0,0,"{""result"": {""reason"": ""pre_flight_failed"", ""status"": ""ABORTED""}}",2026-07-16 04:34:27.652279+00
260,2026-07-16 04:39:27.770805+00,ABORTED,pre_flight_failed,84,0,0,"{""result"": {""reason"": ""pre_flight_failed"", ""status"": ""ABORTED""}}",2026-07-16 04:39:27.771+00
261,2026-07-16 04:44:27.878061+00,ABORTED,pre_flight_failed,74,0,0,"{""result"": {""reason"": ""pre_flight_failed"", ""status"": ""ABORTED""}}",2026-07-16 04:44:27.878244+00
262,2026-07-16 04:49:27.991768+00,ABORTED,pre_flight_failed,84,0,0,"{""result"": {""reason"": ""pre_flight_failed"", ""status"": ""ABORTED""}}",2026-07-16 04:49:27.991893+00
263,2026-07-16 04:54:28.10548+00,ABORTED,pre_flight_failed,83,0,0,"{""result"": {""reason"": ""pre_flight_failed"", ""status"": ""ABORTED""}}",2026-07-16 04:54:28.105672+00
264,2026-07-16 04:59:28.212823+00,ABORTED,pre_flight_failed,75,0,0,"{""result"": {""reason"": ""pre_flight_failed"", ""status"": ""ABORTED""}}",2026-07-16 04:59:28.212941+00
265,2026-07-16 05:04:28.321543+00,ABORTED,pre_flight_failed,79,0,0,"{""result"": {""reason"": ""pre_flight_failed"", ""status"": ""ABORTED""}}",2026-07-16 05:04:28.321735+00
266,2026-07-16 05:09:28.438502+00,ABORTED,pre_flight_failed,85,0,0,"{""result"": {""reason"": ""pre_flight_failed"", ""status"": ""ABORTED""}}",2026-07-16 05:09:28.438669+00
267,2026-07-16 05:14:28.551069+00,ABORTED,pre_flight_failed,80,0,0,"{""result"": {""reason"": ""pre_flight_failed"", ""status"": ""ABORTED""}}",2026-07-16 05:14:28.551255+00
268,2026-07-16 05:19:28.666764+00,ABORTED,pre_flight_failed,84,0,0,"{""result"": {""reason"": ""pre_flight_failed"", ""status"": ""ABORTED""}}",2026-07-16 05:19:28.667258+00
269,2026-07-16 05:24:28.782078+00,ABORTED,pre_flight_failed,83,0,0,"{""result"": {""reason"": ""pre_flight_failed"", ""status"": ""ABORTED""}}",2026-07-16 05:24:28.782262+00
270,2026-07-16 05:29:28.888687+00,ABORTED,pre_flight_failed,73,0,0,"{""result"": {""reason"": ""pre_flight_failed"", ""status"": ""ABORTED""}}",2026-07-16 05:29:28.888851+00
271,2026-07-16 05:34:29.003368+00,ABORTED,pre_flight_failed,85,0,0,"{""result"": {""reason"": ""pre_flight_failed"", ""status"": ""ABORTED""}}",2026-07-16 05:34:29.003493+00
272,2026-07-16 05:39:29.115985+00,ABORTED,pre_flight_failed,80,0,0,"{""result"": {""reason"": ""pre_flight_failed"", ""status"": ""ABORTED""}}",2026-07-16 05:39:29.116138+00
273,2026-07-16 05:44:29.220687+00,ABORTED,pre_flight_failed,75,0,0,"{""result"": {""reason"": ""pre_flight_failed"", ""status"": ""ABORTED""}}",2026-07-16 05:44:29.22081+00
274,2026-07-16 05:49:29.332258+00,ABORTED,pre_flight_failed,80,0,0,"{""result"": {""reason"": ""pre_flight_failed"", ""status"": ""ABORTED""}}",2026-07-16 05:49:29.332442+00
275,2026-07-16 05:54:29.442536+00,ABORTED,pre_flight_failed,80,0,0,"{""result"": {""reason"": ""pre_flight_failed"", ""status"": ""ABORTED""}}",2026-07-16 05:54:29.44266+00
276,2026-07-16 05:59:29.549168+00,ABORTED,pre_flight_failed,75,0,0,"{""result"": {""reason"": ""pre_flight_failed"", ""status"": ""ABORTED""}}",2026-07-16 05:59:29.549365+00
277,2026-07-16 06:04:29.753343+00,ABORTED,pre_flight_failed,150,0,0,"{""result"": {""reason"": ""pre_flight_failed"", ""status"": ""ABORTED""}}",2026-07-16 06:04:29.753542+00
278,2026-07-16 06:09:30.251774+00,ABORTED,pre_flight_failed,440,0,0,"{""result"": {""reason"": ""pre_flight_failed"", ""status"": ""ABORTED""}}",2026-07-16 06:09:30.253431+00
279,2026-07-16 06:14:30.376607+00,ABORTED,pre_flight_failed,91,0,0,"{""result"": {""reason"": ""pre_flight_failed"", ""status"": ""ABORTED""}}",2026-07-16 06:14:30.376734+00
280,2026-07-16 06:19:30.496994+00,ABORTED,pre_flight_failed,88,0,0,"{""result"": {""reason"": ""pre_flight_failed"", ""status"": ""ABORTED""}}",2026-07-16 06:19:30.497139+00
281,2026-07-16 06:24:30.624825+00,ABORTED,pre_flight_failed,89,0,0,"{""result"": {""reason"": ""pre_flight_failed"", ""status"": ""ABORTED""}}",2026-07-16 06:24:30.624973+00
282,2026-07-16 06:29:30.746023+00,ABORTED,pre_flight_failed,85,0,0,"{""result"": {""reason"": ""pre_flight_failed"", ""status"": ""ABORTED""}}",2026-07-16 06:29:30.746183+00
283,2026-07-16 06:34:30.863507+00,ABORTED,pre_flight_failed,85,0,0,"{""result"": {""reason"": ""pre_flight_failed"", ""status"": ""ABORTED""}}",2026-07-16 06:34:30.86363+00
284,2026-07-16 06:39:30.979851+00,ABORTED,pre_flight_failed,84,0,0,"{""result"": {""reason"": ""pre_flight_failed"", ""status"": ""ABORTED""}}",2026-07-16 06:39:30.98001+00
285,2026-07-16 06:44:31.10064+00,ABORTED,pre_flight_failed,88,0,0,"{""result"": {""reason"": ""pre_flight_failed"", ""status"": ""ABORTED""}}",2026-07-16 06:44:31.100764+00
286,2026-07-16 06:49:31.217142+00,ABORTED,pre_flight_failed,84,0,0,"{""result"": {""reason"": ""pre_flight_failed"", ""status"": ""ABORTED""}}",2026-07-16 06:49:31.217368+00
287,2026-07-16 06:54:31.358588+00,ABORTED,pre_flight_failed,106,0,0,"{""result"": {""reason"": ""pre_flight_failed"", ""status"": ""ABORTED""}}",2026-07-16 06:54:31.35878+00
288,2026-07-16 06:59:31.506814+00,ABORTED,pre_flight_failed,108,0,0,"{""result"": {""reason"": ""pre_flight_failed"", ""status"": ""ABORTED""}}",2026-07-16 06:59:31.507012+00
289,2026-07-16 07:04:31.675808+00,ABORTED,pre_flight_failed,127,0,0,"{""result"": {""reason"": ""pre_flight_failed"", ""status"": ""ABORTED""}}",2026-07-16 07:04:31.676001+00
290,2026-07-16 07:09:31.804537+00,ABORTED,pre_flight_failed,91,0,0,"{""result"": {""reason"": ""pre_flight_failed"", ""status"": ""ABORTED""}}",2026-07-16 07:09:31.804661+00
291,2026-07-16 07:14:31.937926+00,ABORTED,pre_flight_failed,96,0,0,"{""result"": {""reason"": ""pre_flight_failed"", ""status"": ""ABORTED""}}",2026-07-16 07:14:31.938096+00
292,2026-07-16 07:19:32.094242+00,ABORTED,pre_flight_failed,111,0,0,"{""result"": {""reason"": ""pre_flight_failed"", ""status"": ""ABORTED""}}",2026-07-16 07:19:32.094485+00
293,2026-07-16 07:24:32.236002+00,ABORTED,pre_flight_failed,100,0,0,"{""result"": {""reason"": ""pre_flight_failed"", ""status"": ""ABORTED""}}",2026-07-16 07:24:32.236132+00
294,2026-07-16 07:29:32.557367+00,ABORTED,pre_flight_failed,285,0,0,"{""result"": {""reason"": ""pre_flight_failed"", ""status"": ""ABORTED""}}",2026-07-16 07:29:32.557503+00
295,2026-07-16 07:34:32.871098+00,ABORTED,pre_flight_failed,272,0,0,"{""result"": {""reason"": ""pre_flight_failed"", ""status"": ""ABORTED""}}",2026-07-16 07:34:32.871295+00
296,2026-07-16 07:39:33.371664+00,ABORTED,pre_flight_failed,447,0,0,"{""result"": {""reason"": ""pre_flight_failed"", ""status"": ""ABORTED""}}",2026-07-16 07:39:33.371815+00
297,2026-07-16 07:44:23.909811+00,ABORTED,pre_flight_failed,1224,0,0,"{""result"": {""reason"": ""pre_flight_failed"", ""status"": ""ABORTED""}}",2026-07-16 07:44:23.909987+00
298,2026-07-16 07:49:24.321937+00,ABORTED,pre_flight_failed,358,0,0,"{""result"": {""reason"": ""pre_flight_failed"", ""status"": ""ABORTED""}}",2026-07-16 07:49:24.322116+00
299,2026-07-16 07:54:24.475827+00,ABORTED,pre_flight_failed,108,0,0,"{""result"": {""reason"": ""pre_flight_failed"", ""status"": ""ABORTED""}}",2026-07-16 07:54:24.475989+00
300,2026-07-16 07:59:24.6282+00,ABORTED,pre_flight_failed,107,0,0,"{""result"": {""reason"": ""pre_flight_failed"", ""status"": ""ABORTED""}}",2026-07-16 07:59:24.628387+00
301,2026-07-16 08:04:24.789738+00,ABORTED,pre_flight_failed,114,0,0,"{""result"": {""reason"": ""pre_flight_failed"", ""status"": ""ABORTED""}}",2026-07-16 08:04:24.789896+00
302,2026-07-16 08:09:24.954609+00,ABORTED,pre_flight_failed,113,0,0,"{""result"": {""reason"": ""pre_flight_failed"", ""status"": ""ABORTED""}}",2026-07-16 08:09:24.954788+00
303,2026-07-16 08:10:49.634278+00,ABORTED,pre_flight_failed,288,0,0,"{""result"": {""reason"": ""pre_flight_failed"", ""status"": ""ABORTED""}}",2026-07-16 08:10:49.634409+00
304,2026-07-16 08:15:50.156923+00,ABORTED,pre_flight_failed,456,0,0,"{""result"": {""reason"": ""pre_flight_failed"", ""status"": ""ABORTED""}}",2026-07-16 08:15:50.157801+00
305,2026-07-16 08:20:50.639266+00,ABORTED,pre_flight_failed,399,0,0,"{""result"": {""reason"": ""pre_flight_failed"", ""status"": ""ABORTED""}}",2026-07-16 08:20:50.63946+00
306,2026-07-16 08:25:51.765548+00,ABORTED,pre_flight_failed,914,0,0,"{""result"": {""reason"": ""pre_flight_failed"", ""status"": ""ABORTED""}}",2026-07-16 08:25:51.768901+00
307,2026-07-16 08:30:52.651084+00,ABORTED,pre_flight_failed,605,0,0,"{""result"": {""reason"": ""pre_flight_failed"", ""status"": ""ABORTED""}}",2026-07-16 08:30:52.651542+00
308,2026-07-16 08:36:29.094376+00,OK,,36211,1,1,"{""result"": {""status"": ""OK"", ""run_time"": ""2026-07-16T08:35:52.767849+00:00"", ""upserted"": 1, ""signals_ranked"": 1, ""brain_available"": true, ""signals_scanned"": 1, ""signals_approved"": 1, ""signals_excellent"": 0, ""invariant_breaches"": 0, ""trace_nodes_logged"": [""pre_flight"", ""snapshot"", ""upsert"", ""scan"", ""unknown"", ""cleanup"", ""state"", ""rank"", ""invariants"", ""gate""]}}",2026-07-16 08:36:29.09485+00
309,2026-07-16 08:41:29.880684+00,ABORTED,pre_flight_failed,542,0,0,"{""result"": {""reason"": ""pre_flight_failed"", ""status"": ""ABORTED""}}",2026-07-16 08:41:29.881143+00
310,2026-07-16 09:03:32.120197+00,ABORTED,pre_flight_failed,273,0,0,"{""result"": {""reason"": ""pre_flight_failed"", ""status"": ""ABORTED""}}",2026-07-16 09:03:32.120362+00
311,2026-07-16 18:25:59.081724+00,ABORTED,pre_flight_failed,346,0,0,"{""result"": {""reason"": ""pre_flight_failed"", ""status"": ""ABORTED""}}",2026-07-16 18:25:59.082714+00
312,2026-07-16 18:27:09.390144+00,ABORTED,pre_flight_failed,188,0,0,"{""result"": {""reason"": ""pre_flight_failed"", ""status"": ""ABORTED""}}",2026-07-16 18:27:09.390269+00
313,2026-07-16 18:32:16.431225+00,OK,,7001,0,0,"{""result"": {""status"": ""OK"", ""run_time"": ""2026-07-16T18:32:09.410063+00:00"", ""upserted"": 0, ""signals_ranked"": 0, ""brain_available"": true, ""signals_scanned"": 0, ""signals_approved"": 0, ""signals_excellent"": 0, ""invariant_breaches"": 0, ""trace_nodes_logged"": [""unknown"", ""cleanup"", ""pre_flight"", ""rank"", ""scan"", ""upsert"", ""snapshot"", ""state"", ""gate"", ""invariants""]}}",2026-07-16 18:32:16.431404+00
314,2026-07-16 18:37:22.037438+00,OK,,5558,0,0,"{""result"": {""status"": ""OK"", ""run_time"": ""2026-07-16T18:37:16.458663+00:00"", ""upserted"": 0, ""signals_ranked"": 0, ""brain_available"": true, ""signals_scanned"": 0, ""signals_approved"": 0, ""signals_excellent"": 0, ""invariant_breaches"": 0, ""trace_nodes_logged"": [""unknown"", ""cleanup"", ""pre_flight"", ""rank"", ""scan"", ""upsert"", ""snapshot"", ""state"", ""gate"", ""invariants""]}}",2026-07-16 18:37:22.037613+00
315,2026-07-16 18:42:26.797816+00,OK,,4720,0,0,"{""result"": {""status"": ""OK"", ""run_time"": ""2026-07-16T18:42:22.063031+00:00"", ""upserted"": 0, ""signals_ranked"": 0, ""brain_available"": true, ""signals_scanned"": 0, ""signals_approved"": 0, ""signals_excellent"": 0, ""invariant_breaches"": 0, ""trace_nodes_logged"": [""unknown"", ""cleanup"", ""pre_flight"", ""rank"", ""scan"", ""upsert"", ""snapshot"", ""state"", ""gate"", ""invariants""]}}",2026-07-16 18:42:26.797957+00
316,2026-07-16 18:47:32.237688+00,OK,,5407,1,1,"{""result"": {""status"": ""OK"", ""run_time"": ""2026-07-16T18:47:26.816060+00:00"", ""upserted"": 1, ""signals_ranked"": 1, ""brain_available"": true, ""signals_scanned"": 1, ""signals_approved"": 1, ""signals_excellent"": 0, ""invariant_breaches"": 0, ""trace_nodes_logged"": [""unknown"", ""cleanup"", ""pre_flight"", ""rank"", ""scan"", ""upsert"", ""snapshot"", ""state"", ""gate"", ""invariants""]}}",2026-07-16 18:47:32.237827+00
317,2026-07-16 18:52:37.477152+00,OK,,5197,1,0,"{""result"": {""status"": ""OK"", ""run_time"": ""2026-07-16T18:52:32.262316+00:00"", ""upserted"": 0, ""signals_ranked"": 1, ""brain_available"": true, ""signals_scanned"": 1, ""signals_approved"": 0, ""signals_excellent"": 0, ""invariant_breaches"": 0, ""trace_nodes_logged"": [""unknown"", ""cleanup"", ""pre_flight"", ""rank"", ""scan"", ""upsert"", ""snapshot"", ""state"", ""gate"", ""invariants""]}}",2026-07-16 18:52:37.477344+00
318,2026-07-16 18:57:43.788125+00,OK,,6265,1,0,"{""result"": {""status"": ""OK"", ""run_time"": ""2026-07-16T18:57:37.495083+00:00"", ""upserted"": 0, ""signals_ranked"": 1, ""brain_available"": true, ""signals_scanned"": 1, ""signals_approved"": 0, ""signals_excellent"": 0, ""invariant_breaches"": 0, ""trace_nodes_logged"": [""unknown"", ""cleanup"", ""pre_flight"", ""rank"", ""scan"", ""upsert"", ""snapshot"", ""state"", ""gate"", ""invariants""]}}",2026-07-16 18:57:43.788341+00
319,2026-07-16 19:02:50.844016+00,OK,,7010,1,0,"{""result"": {""status"": ""OK"", ""run_time"": ""2026-07-16T19:02:43.815432+00:00"", ""upserted"": 0, ""signals_ranked"": 1, ""brain_available"": true, ""signals_scanned"": 1, ""signals_approved"": 0, ""signals_excellent"": 0, ""invariant_breaches"": 0, ""trace_nodes_logged"": [""unknown"", ""cleanup"", ""pre_flight"", ""rank"", ""scan"", ""upsert"", ""snapshot"", ""state"", ""gate"", ""invariants""]}}",2026-07-16 19:02:50.844235+00
320,2026-07-16 19:07:57.466042+00,OK,,6580,1,0,"{""result"": {""status"": ""OK"", ""run_time"": ""2026-07-16T19:07:50.864539+00:00"", ""upserted"": 0, ""signals_ranked"": 1, ""brain_available"": true, ""signals_scanned"": 1, ""signals_approved"": 0, ""signals_excellent"": 0, ""invariant_breaches"": 0, ""trace_nodes_logged"": [""unknown"", ""cleanup"", ""pre_flight"", ""rank"", ""scan"", ""upsert"", ""snapshot"", ""state"", ""gate"", ""invariants""]}}",2026-07-16 19:07:57.466224+00
321,2026-07-16 19:13:03.409132+00,OK,,5902,1,0,"{""result"": {""status"": ""OK"", ""run_time"": ""2026-07-16T19:12:57.491608+00:00"", ""upserted"": 0, ""signals_ranked"": 1, ""brain_available"": true, ""signals_scanned"": 1, ""signals_approved"": 0, ""signals_excellent"": 0, ""invariant_breaches"": 0, ""trace_nodes_logged"": [""unknown"", ""cleanup"", ""pre_flight"", ""rank"", ""scan"", ""upsert"", ""snapshot"", ""state"", ""gate"", ""invariants""]}}",2026-07-16 19:13:03.409272+00
322,2026-07-16 19:18:09.811376+00,OK,,6363,1,0,"{""result"": {""status"": ""OK"", ""run_time"": ""2026-07-16T19:18:03.427909+00:00"", ""upserted"": 0, ""signals_ranked"": 1, ""brain_available"": true, ""signals_scanned"": 1, ""signals_approved"": 0, ""signals_excellent"": 0, ""invariant_breaches"": 0, ""trace_nodes_logged"": [""unknown"", ""cleanup"", ""pre_flight"", ""rank"", ""scan"", ""upsert"", ""snapshot"", ""state"", ""gate"", ""invariants""]}}",2026-07-16 19:18:09.811555+00
323,2026-07-16 19:23:16.497189+00,OK,,6637,1,0,"{""result"": {""status"": ""OK"", ""run_time"": ""2026-07-16T19:23:09.838152+00:00"", ""upserted"": 0, ""signals_ranked"": 1, ""brain_available"": true, ""signals_scanned"": 1, ""signals_approved"": 0, ""signals_excellent"": 0, ""invariant_breaches"": 0, ""trace_nodes_logged"": [""unknown"", ""cleanup"", ""pre_flight"", ""rank"", ""scan"", ""upsert"", ""snapshot"", ""state"", ""gate"", ""invariants""]}}",2026-07-16 19:23:16.497365+00
324,2026-07-16 19:28:23.110555+00,OK,,6565,1,0,"{""result"": {""status"": ""OK"", ""run_time"": ""2026-07-16T19:28:16.522278+00:00"", ""upserted"": 0, ""signals_ranked"": 1, ""brain_available"": true, ""signals_scanned"": 1, ""signals_approved"": 0, ""signals_excellent"": 0, ""invariant_breaches"": 0, ""trace_nodes_logged"": [""unknown"", ""cleanup"", ""pre_flight"", ""rank"", ""scan"", ""upsert"", ""snapshot"", ""state"", ""gate"", ""invariants""]}}",2026-07-16 19:28:23.110734+00
325,2026-07-16 19:33:29.733806+00,OK,,6575,1,0,"{""result"": {""status"": ""OK"", ""run_time"": ""2026-07-16T19:33:23.136663+00:00"", ""upserted"": 0, ""signals_ranked"": 1, ""brain_available"": true, ""signals_scanned"": 1, ""signals_approved"": 0, ""signals_excellent"": 0, ""invariant_breaches"": 0, ""trace_nodes_logged"": [""unknown"", ""cleanup"", ""pre_flight"", ""rank"", ""scan"", ""upsert"", ""snapshot"", ""state"", ""gate"", ""invariants""]}}",2026-07-16 19:33:29.733985+00
326,2026-07-16 19:38:35.262519+00,OK,,5475,1,0,"{""result"": {""status"": ""OK"", ""run_time"": ""2026-07-16T19:38:29.760444+00:00"", ""upserted"": 0, ""signals_ranked"": 1, ""brain_available"": true, ""signals_scanned"": 1, ""signals_approved"": 0, ""signals_excellent"": 0, ""invariant_breaches"": 0, ""trace_nodes_logged"": [""unknown"", ""cleanup"", ""pre_flight"", ""rank"", ""scan"", ""upsert"", ""snapshot"", ""state"", ""gate"", ""invariants""]}}",2026-07-16 19:38:35.262695+00
327,2026-07-16 19:43:41.887298+00,OK,,6578,1,0,"{""result"": {""status"": ""OK"", ""run_time"": ""2026-07-16T19:43:35.288037+00:00"", ""upserted"": 0, ""signals_ranked"": 1, ""brain_available"": true, ""signals_scanned"": 1, ""signals_approved"": 0, ""signals_excellent"": 0, ""invariant_breaches"": 0, ""trace_nodes_logged"": [""unknown"", ""cleanup"", ""pre_flight"", ""rank"", ""scan"", ""upsert"", ""snapshot"", ""state"", ""gate"", ""invariants""]}}",2026-07-16 19:43:41.887477+00
328,2026-07-16 19:48:47.577757+00,OK,,5649,0,0,"{""result"": {""status"": ""OK"", ""run_time"": ""2026-07-16T19:48:41.913670+00:00"", ""upserted"": 0, ""signals_ranked"": 1, ""brain_available"": true, ""signals_scanned"": 0, ""signals_approved"": 0, ""signals_excellent"": 0, ""invariant_breaches"": 0, ""trace_nodes_logged"": [""unknown"", ""cleanup"", ""pre_flight"", ""rank"", ""scan"", ""upsert"", ""snapshot"", ""state"", ""gate"", ""invariants""]}}",2026-07-16 19:48:47.577899+00
329,2026-07-16 19:53:53.320923+00,OK,,5710,0,0,"{""result"": {""status"": ""OK"", ""run_time"": ""2026-07-16T19:53:47.595866+00:00"", ""upserted"": 0, ""signals_ranked"": 1, ""brain_available"": true, ""signals_scanned"": 0, ""signals_approved"": 0, ""signals_excellent"": 0, ""invariant_breaches"": 0, ""trace_nodes_logged"": [""unknown"", ""cleanup"", ""pre_flight"", ""rank"", ""scan"", ""upsert"", ""snapshot"", ""state"", ""gate"", ""invariants""]}}",2026-07-16 19:53:53.321094+00
330,2026-07-16 19:58:59.403007+00,OK,,6048,0,0,"{""result"": {""status"": ""OK"", ""run_time"": ""2026-07-16T19:58:53.337587+00:00"", ""upserted"": 0, ""signals_ranked"": 1, ""brain_available"": true, ""signals_scanned"": 0, ""signals_approved"": 0, ""signals_excellent"": 0, ""invariant_breaches"": 0, ""trace_nodes_logged"": [""unknown"", ""cleanup"", ""pre_flight"", ""rank"", ""scan"", ""upsert"", ""snapshot"", ""state"", ""gate"", ""invariants""]}}",2026-07-16 19:58:59.403177+00
331,2026-07-16 20:04:05.882594+00,OK,,6441,0,0,"{""result"": {""status"": ""OK"", ""run_time"": ""2026-07-16T20:03:59.421249+00:00"", ""upserted"": 0, ""signals_ranked"": 1, ""brain_available"": true, ""signals_scanned"": 0, ""signals_approved"": 0, ""signals_excellent"": 0, ""invariant_breaches"": 0, ""trace_nodes_logged"": [""unknown"", ""cleanup"", ""pre_flight"", ""rank"", ""scan"", ""upsert"", ""snapshot"", ""state"", ""gate"", ""invariants""]}}",2026-07-16 20:04:05.882768+00
332,2026-07-16 20:09:12.534311+00,OK,,6607,1,0,"{""result"": {""status"": ""OK"", ""run_time"": ""2026-07-16T20:09:05.907314+00:00"", ""upserted"": 0, ""signals_ranked"": 1, ""brain_available"": true, ""signals_scanned"": 1, ""signals_approved"": 0, ""signals_excellent"": 0, ""invariant_breaches"": 0, ""trace_nodes_logged"": [""unknown"", ""cleanup"", ""pre_flight"", ""rank"", ""scan"", ""upsert"", ""snapshot"", ""state"", ""gate"", ""invariants""]}}",2026-07-16 20:09:12.534481+00
333,2026-07-16 20:14:18.7884+00,OK,,6209,1,0,"{""result"": {""status"": ""OK"", ""run_time"": ""2026-07-16T20:14:12.559646+00:00"", ""upserted"": 0, ""signals_ranked"": 1, ""brain_available"": true, ""signals_scanned"": 1, ""signals_approved"": 0, ""signals_excellent"": 0, ""invariant_breaches"": 0, ""trace_nodes_logged"": [""unknown"", ""cleanup"", ""pre_flight"", ""rank"", ""scan"", ""upsert"", ""snapshot"", ""state"", ""gate"", ""invariants""]}}",2026-07-16 20:14:18.788575+00
334,2026-07-16 20:19:24.936457+00,OK,,6109,1,0,"{""result"": {""status"": ""OK"", ""run_time"": ""2026-07-16T20:19:18.812530+00:00"", ""upserted"": 0, ""signals_ranked"": 1, ""brain_available"": true, ""signals_scanned"": 1, ""signals_approved"": 0, ""signals_excellent"": 0, ""invariant_breaches"": 0, ""trace_nodes_logged"": [""unknown"", ""cleanup"", ""pre_flight"", ""rank"", ""scan"", ""upsert"", ""snapshot"", ""state"", ""gate"", ""invariants""]}}",2026-07-16 20:19:24.936598+00
335,2026-07-16 20:24:31.557012+00,OK,,6581,1,0,"{""result"": {""status"": ""OK"", ""run_time"": ""2026-07-16T20:24:24.953352+00:00"", ""upserted"": 0, ""signals_ranked"": 1, ""brain_available"": true, ""signals_scanned"": 1, ""signals_approved"": 0, ""signals_excellent"": 0, ""invariant_breaches"": 0, ""trace_nodes_logged"": [""unknown"", ""cleanup"", ""pre_flight"", ""rank"", ""scan"", ""upsert"", ""snapshot"", ""state"", ""gate"", ""invariants""]}}",2026-07-16 20:24:31.557341+00
336,2026-07-16 20:29:38.214155+00,OK,,6607,1,0,"{""result"": {""status"": ""OK"", ""run_time"": ""2026-07-16T20:29:31.586184+00:00"", ""upserted"": 0, ""signals_ranked"": 2, ""brain_available"": true, ""signals_scanned"": 1, ""signals_approved"": 0, ""signals_excellent"": 0, ""invariant_breaches"": 0, ""trace_nodes_logged"": [""unknown"", ""cleanup"", ""pre_flight"", ""rank"", ""scan"", ""upsert"", ""snapshot"", ""state"", ""gate"", ""invariants""]}}",2026-07-16 20:29:38.214334+00
337,2026-07-16 20:34:44.780773+00,OK,,6522,1,0,"{""result"": {""status"": ""OK"", ""run_time"": ""2026-07-16T20:34:38.239289+00:00"", ""upserted"": 0, ""signals_ranked"": 2, ""brain_available"": true, ""signals_scanned"": 1, ""signals_approved"": 0, ""signals_excellent"": 0, ""invariant_breaches"": 0, ""trace_nodes_logged"": [""unknown"", ""cleanup"", ""pre_flight"", ""rank"", ""scan"", ""upsert"", ""snapshot"", ""state"", ""gate"", ""invariants""]}}",2026-07-16 20:34:44.780942+00
338,2026-07-16 20:39:50.736421+00,OK,,5911,1,0,"{""result"": {""status"": ""OK"", ""run_time"": ""2026-07-16T20:39:44.806195+00:00"", ""upserted"": 0, ""signals_ranked"": 2, ""brain_available"": true, ""signals_scanned"": 1, ""signals_approved"": 0, ""signals_excellent"": 0, ""invariant_breaches"": 0, ""trace_nodes_logged"": [""unknown"", ""cleanup"", ""pre_flight"", ""rank"", ""scan"", ""upsert"", ""snapshot"", ""state"", ""gate"", ""invariants""]}}",2026-07-16 20:39:50.736596+00
339,2026-07-16 20:44:57.19851+00,OK,,6414,1,0,"{""result"": {""status"": ""OK"", ""run_time"": ""2026-07-16T20:44:50.761063+00:00"", ""upserted"": 0, ""signals_ranked"": 2, ""brain_available"": true, ""signals_scanned"": 1, ""signals_approved"": 0, ""signals_excellent"": 0, ""invariant_breaches"": 0, ""trace_nodes_logged"": [""unknown"", ""cleanup"", ""pre_flight"", ""rank"", ""scan"", ""upsert"", ""snapshot"", ""state"", ""gate"", ""invariants""]}}",2026-07-16 20:44:57.198713+00
340,2026-07-16 20:50:03.873174+00,OK,,6629,0,0,"{""result"": {""status"": ""OK"", ""run_time"": ""2026-07-16T20:49:57.223349+00:00"", ""upserted"": 0, ""signals_ranked"": 2, ""brain_available"": true, ""signals_scanned"": 0, ""signals_approved"": 0, ""signals_excellent"": 0, ""invariant_breaches"": 0, ""trace_nodes_logged"": [""unknown"", ""cleanup"", ""pre_flight"", ""rank"", ""scan"", ""upsert"", ""snapshot"", ""state"", ""gate"", ""invariants""]}}",2026-07-16 20:50:03.873356+00
341,2026-07-16 20:55:10.631074+00,OK,,6710,0,0,"{""result"": {""status"": ""OK"", ""run_time"": ""2026-07-16T20:55:03.899995+00:00"", ""upserted"": 0, ""signals_ranked"": 2, ""brain_available"": true, ""signals_scanned"": 0, ""signals_approved"": 0, ""signals_excellent"": 0, ""invariant_breaches"": 0, ""trace_nodes_logged"": [""unknown"", ""cleanup"", ""pre_flight"", ""rank"", ""scan"", ""upsert"", ""snapshot"", ""state"", ""gate"", ""invariants""]}}",2026-07-16 20:55:10.631247+00
342,2026-07-16 21:00:17.293238+00,OK,,6617,0,0,"{""result"": {""status"": ""OK"", ""run_time"": ""2026-07-16T21:00:10.657563+00:00"", ""upserted"": 0, ""signals_ranked"": 2, ""brain_available"": true, ""signals_scanned"": 0, ""signals_approved"": 0, ""signals_excellent"": 0, ""invariant_breaches"": 0, ""trace_nodes_logged"": [""unknown"", ""cleanup"", ""pre_flight"", ""rank"", ""scan"", ""upsert"", ""snapshot"", ""state"", ""gate"", ""invariants""]}}",2026-07-16 21:00:17.29341+00
343,2026-07-16 21:05:22.132135+00,OK,,4799,0,0,"{""result"": {""status"": ""OK"", ""run_time"": ""2026-07-16T21:05:17.319347+00:00"", ""upserted"": 0, ""signals_ranked"": 2, ""brain_available"": true, ""signals_scanned"": 0, ""signals_approved"": 0, ""signals_excellent"": 0, ""invariant_breaches"": 0, ""trace_nodes_logged"": [""unknown"", ""cleanup"", ""pre_flight"", ""rank"", ""scan"", ""upsert"", ""snapshot"", ""state"", ""gate"", ""invariants""]}}",2026-07-16 21:05:22.132271+00
344,2026-07-16 21:10:28.650572+00,OK,,6481,0,0,"{""result"": {""status"": ""OK"", ""run_time"": ""2026-07-16T21:10:22.149389+00:00"", ""upserted"": 0, ""signals_ranked"": 2, ""brain_available"": true, ""signals_scanned"": 0, ""signals_approved"": 0, ""signals_excellent"": 0, ""invariant_breaches"": 0, ""trace_nodes_logged"": [""unknown"", ""cleanup"", ""pre_flight"", ""rank"", ""scan"", ""upsert"", ""snapshot"", ""state"", ""gate"", ""invariants""]}}",2026-07-16 21:10:28.651104+00
345,2026-07-16 21:15:35.326672+00,OK,,6628,0,0,"{""result"": {""status"": ""OK"", ""run_time"": ""2026-07-16T21:15:28.678257+00:00"", ""upserted"": 0, ""signals_ranked"": 2, ""brain_available"": true, ""signals_scanned"": 0, ""signals_approved"": 0, ""signals_excellent"": 0, ""invariant_breaches"": 0, ""trace_nodes_logged"": [""unknown"", ""cleanup"", ""pre_flight"", ""rank"", ""scan"", ""upsert"", ""snapshot"", ""state"", ""gate"", ""invariants""]}}",2026-07-16 21:15:35.326864+00
346,2026-07-16 21:20:41.319207+00,OK,,5947,0,0,"{""result"": {""status"": ""OK"", ""run_time"": ""2026-07-16T21:20:35.351737+00:00"", ""upserted"": 0, ""signals_ranked"": 2, ""brain_available"": true, ""signals_scanned"": 0, ""signals_approved"": 0, ""signals_excellent"": 0, ""invariant_breaches"": 0, ""trace_nodes_logged"": [""unknown"", ""cleanup"", ""pre_flight"", ""rank"", ""scan"", ""upsert"", ""snapshot"", ""state"", ""gate"", ""invariants""]}}",2026-07-16 21:20:41.319383+00
347,2026-07-16 21:25:47.877149+00,OK,,6512,0,0,"{""result"": {""status"": ""OK"", ""run_time"": ""2026-07-16T21:25:41.344803+00:00"", ""upserted"": 0, ""signals_ranked"": 2, ""brain_available"": true, ""signals_scanned"": 0, ""signals_approved"": 0, ""signals_excellent"": 0, ""invariant_breaches"": 0, ""trace_nodes_logged"": [""unknown"", ""cleanup"", ""pre_flight"", ""rank"", ""scan"", ""upsert"", ""snapshot"", ""state"", ""gate"", ""invariants""]}}",2026-07-16 21:25:47.877331+00
348,2026-07-16 21:30:53.010212+00,OK,,5087,0,0,"{""result"": {""status"": ""OK"", ""run_time"": ""2026-07-16T21:30:47.903758+00:00"", ""upserted"": 0, ""signals_ranked"": 2, ""brain_available"": true, ""signals_scanned"": 0, ""signals_approved"": 0, ""signals_excellent"": 0, ""invariant_breaches"": 0, ""trace_nodes_logged"": [""unknown"", ""cleanup"", ""pre_flight"", ""rank"", ""scan"", ""upsert"", ""snapshot"", ""state"", ""gate"", ""invariants""]}}",2026-07-16 21:30:53.010386+00
349,2026-07-16 21:35:58.726249+00,OK,,5670,0,0,"{""result"": {""status"": ""OK"", ""run_time"": ""2026-07-16T21:35:53.035317+00:00"", ""upserted"": 0, ""signals_ranked"": 2, ""brain_available"": true, ""signals_scanned"": 0, ""signals_approved"": 0, ""signals_excellent"": 0, ""invariant_breaches"": 0, ""trace_nodes_logged"": [""unknown"", ""cleanup"", ""pre_flight"", ""rank"", ""scan"", ""upsert"", ""snapshot"", ""state"", ""gate"", ""invariants""]}}",2026-07-16 21:35:58.72642+00
350,2026-07-16 21:41:04.298805+00,OK,,5526,0,0,"{""result"": {""status"": ""OK"", ""run_time"": ""2026-07-16T21:40:58.753440+00:00"", ""upserted"": 0, ""signals_ranked"": 2, ""brain_available"": true, ""signals_scanned"": 0, ""signals_approved"": 0, ""signals_excellent"": 0, ""invariant_breaches"": 0, ""trace_nodes_logged"": [""unknown"", ""cleanup"", ""pre_flight"", ""rank"", ""scan"", ""upsert"", ""snapshot"", ""state"", ""gate"", ""invariants""]}}",2026-07-16 21:41:04.298975+00
351,2026-07-16 21:46:10.505612+00,OK,,6162,0,0,"{""result"": {""status"": ""OK"", ""run_time"": ""2026-07-16T21:46:04.324895+00:00"", ""upserted"": 0, ""signals_ranked"": 2, ""brain_available"": true, ""signals_scanned"": 0, ""signals_approved"": 0, ""signals_excellent"": 0, ""invariant_breaches"": 0, ""trace_nodes_logged"": [""unknown"", ""cleanup"", ""pre_flight"", ""rank"", ""scan"", ""upsert"", ""snapshot"", ""state"", ""gate"", ""invariants""]}}",2026-07-16 21:46:10.505785+00
352,2026-07-16 21:51:17.109793+00,OK,,6558,0,0,"{""result"": {""status"": ""OK"", ""run_time"": ""2026-07-16T21:51:10.532171+00:00"", ""upserted"": 0, ""signals_ranked"": 2, ""brain_available"": true, ""signals_scanned"": 0, ""signals_approved"": 0, ""signals_excellent"": 0, ""invariant_breaches"": 0, ""trace_nodes_logged"": [""unknown"", ""cleanup"", ""pre_flight"", ""rank"", ""scan"", ""upsert"", ""snapshot"", ""state"", ""gate"", ""invariants""]}}",2026-07-16 21:51:17.109966+00
353,2026-07-16 21:56:23.503018+00,OK,,6345,0,0,"{""result"": {""status"": ""OK"", ""run_time"": ""2026-07-16T21:56:17.136476+00:00"", ""upserted"": 0, ""signals_ranked"": 2, ""brain_available"": true, ""signals_scanned"": 0, ""signals_approved"": 0, ""signals_excellent"": 0, ""invariant_breaches"": 0, ""trace_nodes_logged"": [""unknown"", ""cleanup"", ""pre_flight"", ""rank"", ""scan"", ""upsert"", ""snapshot"", ""state"", ""gate"", ""invariants""]}}",2026-07-16 21:56:23.503203+00
354,2026-07-16 22:01:30.224809+00,OK,,6681,0,0,"{""result"": {""status"": ""OK"", ""run_time"": ""2026-07-16T22:01:23.526931+00:00"", ""upserted"": 0, ""signals_ranked"": 2, ""brain_available"": true, ""signals_scanned"": 0, ""signals_approved"": 0, ""signals_excellent"": 0, ""invariant_breaches"": 0, ""trace_nodes_logged"": [""unknown"", ""cleanup"", ""pre_flight"", ""rank"", ""scan"", ""upsert"", ""snapshot"", ""state"", ""gate"", ""invariants""]}}",2026-07-16 22:01:30.224958+00
355,2026-07-16 22:06:36.375645+00,OK,,6117,1,1,"{""result"": {""status"": ""OK"", ""run_time"": ""2026-07-16T22:06:30.243620+00:00"", ""upserted"": 1, ""signals_ranked"": 2, ""brain_available"": true, ""signals_scanned"": 1, ""signals_approved"": 1, ""signals_excellent"": 0, ""invariant_breaches"": 0, ""trace_nodes_logged"": [""unknown"", ""cleanup"", ""pre_flight"", ""rank"", ""scan"", ""upsert"", ""snapshot"", ""state"", ""gate"", ""invariants""]}}",2026-07-16 22:06:36.375788+00
356,2026-07-16 22:11:42.722558+00,OK,,6311,1,0,"{""result"": {""status"": ""OK"", ""run_time"": ""2026-07-16T22:11:36.393076+00:00"", ""upserted"": 0, ""signals_ranked"": 2, ""brain_available"": true, ""signals_scanned"": 1, ""signals_approved"": 0, ""signals_excellent"": 0, ""invariant_breaches"": 0, ""trace_nodes_logged"": [""unknown"", ""cleanup"", ""pre_flight"", ""rank"", ""scan"", ""upsert"", ""snapshot"", ""state"", ""gate"", ""invariants""]}}",2026-07-16 22:11:42.7227+00
357,2026-07-16 22:16:49.784704+00,OK,,7030,1,0,"{""result"": {""status"": ""OK"", ""run_time"": ""2026-07-16T22:16:42.740121+00:00"", ""upserted"": 0, ""signals_ranked"": 2, ""brain_available"": true, ""signals_scanned"": 1, ""signals_approved"": 0, ""signals_excellent"": 0, ""invariant_breaches"": 0, ""trace_nodes_logged"": [""unknown"", ""cleanup"", ""pre_flight"", ""rank"", ""scan"", ""upsert"", ""snapshot"", ""state"", ""gate"", ""invariants""]}}",2026-07-16 22:16:49.784848+00
358,2026-07-16 22:21:56.28695+00,OK,,6463,0,0,"{""result"": {""status"": ""OK"", ""run_time"": ""2026-07-16T22:21:49.801779+00:00"", ""upserted"": 0, ""signals_ranked"": 2, ""brain_available"": true, ""signals_scanned"": 0, ""signals_approved"": 0, ""signals_excellent"": 0, ""invariant_breaches"": 0, ""trace_nodes_logged"": [""unknown"", ""cleanup"", ""pre_flight"", ""rank"", ""scan"", ""upsert"", ""snapshot"", ""state"", ""gate"", ""invariants""]}}",2026-07-16 22:21:56.287138+00
359,2026-07-16 22:27:02.978192+00,OK,,6646,0,0,"{""result"": {""status"": ""OK"", ""run_time"": ""2026-07-16T22:26:56.311088+00:00"", ""upserted"": 0, ""signals_ranked"": 1, ""brain_available"": true, ""signals_scanned"": 0, ""signals_approved"": 0, ""signals_excellent"": 0, ""invariant_breaches"": 0, ""trace_nodes_logged"": [""unknown"", ""cleanup"", ""pre_flight"", ""rank"", ""scan"", ""upsert"", ""snapshot"", ""state"", ""gate"", ""invariants""]}}",2026-07-16 22:27:02.978363+00
360,2026-07-16 22:32:10.639555+00,OK,,7613,0,0,"{""result"": {""status"": ""OK"", ""run_time"": ""2026-07-16T22:32:03.004312+00:00"", ""upserted"": 0, ""signals_ranked"": 1, ""brain_available"": true, ""signals_scanned"": 0, ""signals_approved"": 0, ""signals_excellent"": 0, ""invariant_breaches"": 0, ""trace_nodes_logged"": [""unknown"", ""cleanup"", ""pre_flight"", ""rank"", ""scan"", ""upsert"", ""snapshot"", ""state"", ""gate"", ""invariants""]}}",2026-07-16 22:32:10.639722+00
361,2026-07-16 22:37:18.115408+00,OK,,7427,0,0,"{""result"": {""status"": ""OK"", ""run_time"": ""2026-07-16T22:37:10.666558+00:00"", ""upserted"": 0, ""signals_ranked"": 1, ""brain_available"": true, ""signals_scanned"": 0, ""signals_approved"": 0, ""signals_excellent"": 0, ""invariant_breaches"": 0, ""trace_nodes_logged"": [""unknown"", ""cleanup"", ""pre_flight"", ""rank"", ""scan"", ""upsert"", ""snapshot"", ""state"", ""gate"", ""invariants""]}}",2026-07-16 22:37:18.11558+00
362,2026-07-16 22:42:24.307389+00,OK,,6147,2,0,"{""result"": {""status"": ""OK"", ""run_time"": ""2026-07-16T22:42:18.141266+00:00"", ""upserted"": 0, ""signals_ranked"": 2, ""brain_available"": true, ""signals_scanned"": 2, ""signals_approved"": 0, ""signals_excellent"": 0, ""invariant_breaches"": 0, ""trace_nodes_logged"": [""unknown"", ""cleanup"", ""pre_flight"", ""rank"", ""scan"", ""upsert"", ""snapshot"", ""state"", ""gate"", ""invariants""]}}",2026-07-16 22:42:24.307558+00
363,2026-07-16 22:47:30.327854+00,OK,,5978,2,0,"{""result"": {""status"": ""OK"", ""run_time"": ""2026-07-16T22:47:24.333850+00:00"", ""upserted"": 0, ""signals_ranked"": 2, ""brain_available"": true, ""signals_scanned"": 2, ""signals_approved"": 0, ""signals_excellent"": 0, ""invariant_breaches"": 0, ""trace_nodes_logged"": [""unknown"", ""cleanup"", ""pre_flight"", ""rank"", ""scan"", ""upsert"", ""snapshot"", ""state"", ""gate"", ""invariants""]}}",2026-07-16 22:47:30.328009+00
364,2026-07-16 22:52:36.531193+00,OK,,6164,2,0,"{""result"": {""status"": ""OK"", ""run_time"": ""2026-07-16T22:52:30.347080+00:00"", ""upserted"": 0, ""signals_ranked"": 2, ""brain_available"": true, ""signals_scanned"": 2, ""signals_approved"": 0, ""signals_excellent"": 0, ""invariant_breaches"": 0, ""trace_nodes_logged"": [""unknown"", ""cleanup"", ""pre_flight"", ""rank"", ""scan"", ""upsert"", ""snapshot"", ""state"", ""gate"", ""invariants""]}}",2026-07-16 22:52:36.531368+00
365,2026-07-16 22:57:44.399348+00,OK,,7819,2,0,"{""result"": {""status"": ""OK"", ""run_time"": ""2026-07-16T22:57:36.557391+00:00"", ""upserted"": 0, ""signals_ranked"": 2, ""brain_available"": true, ""signals_scanned"": 2, ""signals_approved"": 0, ""signals_excellent"": 0, ""invariant_breaches"": 0, ""trace_nodes_logged"": [""unknown"", ""cleanup"", ""pre_flight"", ""rank"", ""scan"", ""upsert"", ""snapshot"", ""state"", ""gate"", ""invariants""]}}",2026-07-16 22:57:44.399549+00
366,2026-07-16 23:02:51.88255+00,OK,,7437,2,0,"{""result"": {""status"": ""OK"", ""run_time"": ""2026-07-16T23:02:44.425569+00:00"", ""upserted"": 0, ""signals_ranked"": 2, ""brain_available"": true, ""signals_scanned"": 2, ""signals_approved"": 0, ""signals_excellent"": 0, ""invariant_breaches"": 0, ""trace_nodes_logged"": [""unknown"", ""cleanup"", ""pre_flight"", ""rank"", ""scan"", ""upsert"", ""snapshot"", ""state"", ""gate"", ""invariants""]}}",2026-07-16 23:02:51.883074+00
367,2026-07-16 23:07:58.743863+00,OK,,6821,2,0,"{""result"": {""status"": ""OK"", ""run_time"": ""2026-07-16T23:07:51.908432+00:00"", ""upserted"": 0, ""signals_ranked"": 2, ""brain_available"": true, ""signals_scanned"": 2, ""signals_approved"": 0, ""signals_excellent"": 0, ""invariant_breaches"": 0, ""trace_nodes_logged"": [""unknown"", ""cleanup"", ""pre_flight"", ""rank"", ""scan"", ""upsert"", ""snapshot"", ""state"", ""gate"", ""invariants""]}}",2026-07-16 23:07:58.744016+00
368,2026-07-16 23:13:06.287105+00,OK,,7504,2,0,"{""result"": {""status"": ""OK"", ""run_time"": ""2026-07-16T23:12:58.763457+00:00"", ""upserted"": 0, ""signals_ranked"": 2, ""brain_available"": true, ""signals_scanned"": 2, ""signals_approved"": 0, ""signals_excellent"": 0, ""invariant_breaches"": 0, ""trace_nodes_logged"": [""unknown"", ""cleanup"", ""pre_flight"", ""rank"", ""scan"", ""upsert"", ""snapshot"", ""state"", ""gate"", ""invariants""]}}",2026-07-16 23:13:06.287277+00
369,2026-07-16 23:18:14.216968+00,OK,,7888,2,0,"{""result"": {""status"": ""OK"", ""run_time"": ""2026-07-16T23:18:06.311186+00:00"", ""upserted"": 0, ""signals_ranked"": 2, ""brain_available"": true, ""signals_scanned"": 2, ""signals_approved"": 0, ""signals_excellent"": 0, ""invariant_breaches"": 0, ""trace_nodes_logged"": [""unknown"", ""cleanup"", ""pre_flight"", ""rank"", ""scan"", ""upsert"", ""snapshot"", ""state"", ""gate"", ""invariants""]}}",2026-07-16 23:18:14.217136+00
370,2026-07-16 23:23:21.039279+00,OK,,6783,2,0,"{""result"": {""status"": ""OK"", ""run_time"": ""2026-07-16T23:23:14.235080+00:00"", ""upserted"": 0, ""signals_ranked"": 1, ""brain_available"": true, ""signals_scanned"": 2, ""signals_approved"": 0, ""signals_excellent"": 0, ""invariant_breaches"": 0, ""trace_nodes_logged"": [""unknown"", ""cleanup"", ""pre_flight"", ""rank"", ""scan"", ""upsert"", ""snapshot"", ""state"", ""gate"", ""invariants""]}}",2026-07-16 23:23:21.039449+00
371,2026-07-16 23:28:28.847532+00,OK,,7762,2,0,"{""result"": {""status"": ""OK"", ""run_time"": ""2026-07-16T23:28:21.065909+00:00"", ""upserted"": 0, ""signals_ranked"": 1, ""brain_available"": true, ""signals_scanned"": 2, ""signals_approved"": 0, ""signals_excellent"": 0, ""invariant_breaches"": 0, ""trace_nodes_logged"": [""unknown"", ""cleanup"", ""pre_flight"", ""rank"", ""scan"", ""upsert"", ""snapshot"", ""state"", ""gate"", ""invariants""]}}",2026-07-16 23:28:28.847705+00
372,2026-07-16 23:33:35.633254+00,OK,,6734,2,0,"{""result"": {""status"": ""OK"", ""run_time"": ""2026-07-16T23:33:28.877666+00:00"", ""upserted"": 0, ""signals_ranked"": 1, ""brain_available"": true, ""signals_scanned"": 2, ""signals_approved"": 0, ""signals_excellent"": 0, ""invariant_breaches"": 0, ""trace_nodes_logged"": [""unknown"", ""cleanup"", ""pre_flight"", ""rank"", ""scan"", ""upsert"", ""snapshot"", ""state"", ""gate"", ""invariants""]}}",2026-07-16 23:33:35.633431+00
373,2026-07-16 23:38:42.986737+00,OK,,7308,4,1,"{""result"": {""status"": ""OK"", ""run_time"": ""2026-07-16T23:38:35.659860+00:00"", ""upserted"": 1, ""signals_ranked"": 4, ""brain_available"": true, ""signals_scanned"": 4, ""signals_approved"": 1, ""signals_excellent"": 0, ""invariant_breaches"": 0, ""trace_nodes_logged"": [""unknown"", ""cleanup"", ""pre_flight"", ""rank"", ""scan"", ""upsert"", ""snapshot"", ""state"", ""gate"", ""invariants""]}}",2026-07-16 23:38:42.986909+00
374,2026-07-16 23:43:51.456574+00,OK,,8429,4,0,"{""result"": {""status"": ""OK"", ""run_time"": ""2026-07-16T23:43:43.012186+00:00"", ""upserted"": 0, ""signals_ranked"": 4, ""brain_available"": true, ""signals_scanned"": 4, ""signals_approved"": 0, ""signals_excellent"": 0, ""invariant_breaches"": 0, ""trace_nodes_logged"": [""unknown"", ""cleanup"", ""pre_flight"", ""rank"", ""scan"", ""upsert"", ""snapshot"", ""state"", ""gate"", ""invariants""]}}",2026-07-16 23:43:51.456709+00
375,2026-07-16 23:49:00.058204+00,OK,,8564,4,0,"{""result"": {""status"": ""OK"", ""run_time"": ""2026-07-16T23:48:51.474517+00:00"", ""upserted"": 0, ""signals_ranked"": 4, ""brain_available"": true, ""signals_scanned"": 4, ""signals_approved"": 0, ""signals_excellent"": 0, ""invariant_breaches"": 0, ""trace_nodes_logged"": [""unknown"", ""cleanup"", ""pre_flight"", ""rank"", ""scan"", ""upsert"", ""snapshot"", ""state"", ""gate"", ""invariants""]}}",2026-07-16 23:49:00.058374+00
376,2026-07-16 23:54:08.40042+00,OK,,8295,4,0,"{""result"": {""status"": ""OK"", ""run_time"": ""2026-07-16T23:54:00.083892+00:00"", ""upserted"": 0, ""signals_ranked"": 4, ""brain_available"": true, ""signals_scanned"": 4, ""signals_approved"": 0, ""signals_excellent"": 0, ""invariant_breaches"": 0, ""trace_nodes_logged"": [""unknown"", ""cleanup"", ""pre_flight"", ""rank"", ""scan"", ""upsert"", ""snapshot"", ""state"", ""gate"", ""invariants""]}}",2026-07-16 23:54:08.40061+00
377,2026-07-16 23:59:17.096842+00,OK,,8648,2,0,"{""result"": {""status"": ""OK"", ""run_time"": ""2026-07-16T23:59:08.426369+00:00"", ""upserted"": 0, ""signals_ranked"": 4, ""brain_available"": true, ""signals_scanned"": 2, ""signals_approved"": 0, ""signals_excellent"": 0, ""invariant_breaches"": 0, ""trace_nodes_logged"": [""unknown"", ""cleanup"", ""pre_flight"", ""rank"", ""scan"", ""upsert"", ""snapshot"", ""state"", ""gate"", ""invariants""]}}",2026-07-16 23:59:17.09701+00
378,2026-07-17 00:04:24.788248+00,OK,,7650,2,0,"{""result"": {""status"": ""OK"", ""run_time"": ""2026-07-17T00:04:17.123415+00:00"", ""upserted"": 0, ""signals_ranked"": 4, ""brain_available"": true, ""signals_scanned"": 2, ""signals_approved"": 0, ""signals_excellent"": 0, ""invariant_breaches"": 0, ""trace_nodes_logged"": [""unknown"", ""cleanup"", ""pre_flight"", ""rank"", ""scan"", ""upsert"", ""snapshot"", ""state"", ""gate"", ""invariants""]}}",2026-07-17 00:04:24.788388+00
379,2026-07-17 00:09:33.101743+00,OK,,8278,2,0,"{""result"": {""status"": ""OK"", ""run_time"": ""2026-07-17T00:09:24.807278+00:00"", ""upserted"": 0, ""signals_ranked"": 4, ""brain_available"": true, ""signals_scanned"": 2, ""signals_approved"": 0, ""signals_excellent"": 0, ""invariant_breaches"": 0, ""trace_nodes_logged"": [""unknown"", ""cleanup"", ""pre_flight"", ""rank"", ""scan"", ""upsert"", ""snapshot"", ""state"", ""gate"", ""invariants""]}}",2026-07-17 00:09:33.101885+00
380,2026-07-17 00:14:42.119665+00,OK,,8981,2,0,"{""result"": {""status"": ""OK"", ""run_time"": ""2026-07-17T00:14:33.118469+00:00"", ""upserted"": 0, ""signals_ranked"": 3, ""brain_available"": true, ""signals_scanned"": 2, ""signals_approved"": 0, ""signals_excellent"": 0, ""invariant_breaches"": 0, ""trace_nodes_logged"": [""unknown"", ""cleanup"", ""pre_flight"", ""rank"", ""scan"", ""upsert"", ""snapshot"", ""state"", ""gate"", ""invariants""]}}",2026-07-17 00:14:42.119831+00
381,2026-07-17 00:19:50.585158+00,OK,,8417,2,0,"{""result"": {""status"": ""OK"", ""run_time"": ""2026-07-17T00:19:42.148939+00:00"", ""upserted"": 0, ""signals_ranked"": 3, ""brain_available"": true, ""signals_scanned"": 2, ""signals_approved"": 0, ""signals_excellent"": 0, ""invariant_breaches"": 0, ""trace_nodes_logged"": [""unknown"", ""cleanup"", ""pre_flight"", ""rank"", ""scan"", ""upsert"", ""snapshot"", ""state"", ""gate"", ""invariants""]}}",2026-07-17 00:19:50.585338+00
382,2026-07-17 00:24:59.434229+00,OK,,8803,2,0,"{""result"": {""status"": ""OK"", ""run_time"": ""2026-07-17T00:24:50.609611+00:00"", ""upserted"": 0, ""signals_ranked"": 3, ""brain_available"": true, ""signals_scanned"": 2, ""signals_approved"": 0, ""signals_excellent"": 0, ""invariant_breaches"": 0, ""trace_nodes_logged"": [""unknown"", ""cleanup"", ""pre_flight"", ""rank"", ""scan"", ""upsert"", ""snapshot"", ""state"", ""gate"", ""invariants""]}}",2026-07-17 00:24:59.434401+00
383,2026-07-17 00:30:08.009871+00,OK,,8531,2,0,"{""result"": {""status"": ""OK"", ""run_time"": ""2026-07-17T00:29:59.459577+00:00"", ""upserted"": 0, ""signals_ranked"": 3, ""brain_available"": true, ""signals_scanned"": 2, ""signals_approved"": 0, ""signals_excellent"": 0, ""invariant_breaches"": 0, ""trace_nodes_logged"": [""unknown"", ""cleanup"", ""pre_flight"", ""rank"", ""scan"", ""upsert"", ""snapshot"", ""state"", ""gate"", ""invariants""]}}",2026-07-17 00:30:08.010062+00
384,2026-07-17 00:35:16.737517+00,OK,,8681,3,0,"{""result"": {""status"": ""OK"", ""run_time"": ""2026-07-17T00:35:08.036041+00:00"", ""upserted"": 0, ""signals_ranked"": 3, ""brain_available"": true, ""signals_scanned"": 3, ""signals_approved"": 0, ""signals_excellent"": 0, ""invariant_breaches"": 0, ""trace_nodes_logged"": [""unknown"", ""cleanup"", ""pre_flight"", ""rank"", ""scan"", ""upsert"", ""snapshot"", ""state"", ""gate"", ""invariants""]}}",2026-07-17 00:35:16.73769+00
385,2026-07-17 00:40:24.626579+00,OK,,7842,3,0,"{""result"": {""status"": ""OK"", ""run_time"": ""2026-07-17T00:40:16.761504+00:00"", ""upserted"": 0, ""signals_ranked"": 4, ""brain_available"": true, ""signals_scanned"": 3, ""signals_approved"": 0, ""signals_excellent"": 0, ""invariant_breaches"": 0, ""trace_nodes_logged"": [""unknown"", ""cleanup"", ""pre_flight"", ""rank"", ""scan"", ""upsert"", ""snapshot"", ""state"", ""gate"", ""invariants""]}}",2026-07-17 00:40:24.626759+00
386,2026-07-17 00:45:32.61922+00,OK,,7947,3,0,"{""result"": {""status"": ""OK"", ""run_time"": ""2026-07-17T00:45:24.652420+00:00"", ""upserted"": 0, ""signals_ranked"": 4, ""brain_available"": true, ""signals_scanned"": 3, ""signals_approved"": 0, ""signals_excellent"": 0, ""invariant_breaches"": 0, ""trace_nodes_logged"": [""unknown"", ""cleanup"", ""pre_flight"", ""rank"", ""scan"", ""upsert"", ""snapshot"", ""state"", ""gate"", ""invariants""]}}",2026-07-17 00:45:32.619394+00
387,2026-07-17 00:50:40.712254+00,OK,,8053,3,0,"{""result"": {""status"": ""OK"", ""run_time"": ""2026-07-17T00:50:32.643441+00:00"", ""upserted"": 0, ""signals_ranked"": 4, ""brain_available"": true, ""signals_scanned"": 3, ""signals_approved"": 0, ""signals_excellent"": 0, ""invariant_breaches"": 0, ""trace_nodes_logged"": [""unknown"", ""cleanup"", ""pre_flight"", ""rank"", ""scan"", ""upsert"", ""snapshot"", ""state"", ""gate"", ""invariants""]}}",2026-07-17 00:50:40.712394+00
388,2026-07-17 00:55:48.568565+00,OK,,7824,3,1,"{""result"": {""status"": ""OK"", ""run_time"": ""2026-07-17T00:55:40.729855+00:00"", ""upserted"": 1, ""signals_ranked"": 3, ""brain_available"": true, ""signals_scanned"": 3, ""signals_approved"": 1, ""signals_excellent"": 0, ""invariant_breaches"": 0, ""trace_nodes_logged"": [""unknown"", ""cleanup"", ""pre_flight"", ""rank"", ""scan"", ""upsert"", ""snapshot"", ""state"", ""gate"", ""invariants""]}}",2026-07-17 00:55:48.568707+00
389,2026-07-17 01:00:58.398106+00,OK,,9790,3,0,"{""result"": {""status"": ""OK"", ""run_time"": ""2026-07-17T01:00:48.585817+00:00"", ""upserted"": 0, ""signals_ranked"": 3, ""brain_available"": true, ""signals_scanned"": 3, ""signals_approved"": 0, ""signals_excellent"": 0, ""invariant_breaches"": 0, ""trace_nodes_logged"": [""unknown"", ""cleanup"", ""pre_flight"", ""rank"", ""scan"", ""upsert"", ""snapshot"", ""state"", ""gate"", ""invariants""]}}",2026-07-17 01:00:58.398282+00
390,2026-07-17 01:06:05.939314+00,OK,,7499,3,0,"{""result"": {""status"": ""OK"", ""run_time"": ""2026-07-17T01:05:58.425342+00:00"", ""upserted"": 0, ""signals_ranked"": 3, ""brain_available"": true, ""signals_scanned"": 3, ""signals_approved"": 0, ""signals_excellent"": 0, ""invariant_breaches"": 0, ""trace_nodes_logged"": [""unknown"", ""cleanup"", ""pre_flight"", ""rank"", ""scan"", ""upsert"", ""snapshot"", ""state"", ""gate"", ""invariants""]}}",2026-07-17 01:06:05.939456+00
391,2026-07-17 01:11:15.715542+00,OK,,9741,3,0,"{""result"": {""status"": ""OK"", ""run_time"": ""2026-07-17T01:11:05.955959+00:00"", ""upserted"": 0, ""signals_ranked"": 3, ""brain_available"": true, ""signals_scanned"": 3, ""signals_approved"": 0, ""signals_excellent"": 0, ""invariant_breaches"": 0, ""trace_nodes_logged"": [""unknown"", ""cleanup"", ""pre_flight"", ""rank"", ""scan"", ""upsert"", ""snapshot"", ""state"", ""gate"", ""invariants""]}}",2026-07-17 01:11:15.715713+00
392,2026-07-17 01:16:25.562313+00,OK,,9799,0,0,"{""result"": {""status"": ""OK"", ""run_time"": ""2026-07-17T01:16:15.741975+00:00"", ""upserted"": 0, ""signals_ranked"": 3, ""brain_available"": true, ""signals_scanned"": 0, ""signals_approved"": 0, ""signals_excellent"": 0, ""invariant_breaches"": 0, ""trace_nodes_logged"": [""unknown"", ""cleanup"", ""pre_flight"", ""rank"", ""scan"", ""upsert"", ""snapshot"", ""state"", ""gate"", ""invariants""]}}",2026-07-17 01:16:25.562488+00
393,2026-07-17 01:21:34.254108+00,OK,,8650,0,0,"{""result"": {""status"": ""OK"", ""run_time"": ""2026-07-17T01:21:25.589193+00:00"", ""upserted"": 0, ""signals_ranked"": 3, ""brain_available"": true, ""signals_scanned"": 0, ""signals_approved"": 0, ""signals_excellent"": 0, ""invariant_breaches"": 0, ""trace_nodes_logged"": [""unknown"", ""cleanup"", ""pre_flight"", ""rank"", ""scan"", ""upsert"", ""snapshot"", ""state"", ""gate"", ""invariants""]}}",2026-07-17 01:21:34.254246+00
394,2026-07-17 01:26:43.820375+00,OK,,9525,0,0,"{""result"": {""status"": ""OK"", ""run_time"": ""2026-07-17T01:26:34.276749+00:00"", ""upserted"": 0, ""signals_ranked"": 3, ""brain_available"": true, ""signals_scanned"": 0, ""signals_approved"": 0, ""signals_excellent"": 0, ""invariant_breaches"": 0, ""trace_nodes_logged"": [""unknown"", ""cleanup"", ""pre_flight"", ""rank"", ""scan"", ""upsert"", ""snapshot"", ""state"", ""gate"", ""invariants""]}}",2026-07-17 01:26:43.820548+00
395,2026-07-17 01:31:54.095431+00,OK,,10233,0,0,"{""result"": {""status"": ""OK"", ""run_time"": ""2026-07-17T01:31:43.845855+00:00"", ""upserted"": 0, ""signals_ranked"": 3, ""brain_available"": true, ""signals_scanned"": 0, ""signals_approved"": 0, ""signals_excellent"": 0, ""invariant_breaches"": 0, ""trace_nodes_logged"": [""unknown"", ""cleanup"", ""pre_flight"", ""rank"", ""scan"", ""upsert"", ""snapshot"", ""state"", ""gate"", ""invariants""]}}",2026-07-17 01:31:54.09558+00
396,2026-07-17 01:37:02.465919+00,OK,,8329,2,0,"{""result"": {""status"": ""OK"", ""run_time"": ""2026-07-17T01:36:54.121538+00:00"", ""upserted"": 0, ""signals_ranked"": 2, ""brain_available"": true, ""signals_scanned"": 2, ""signals_approved"": 0, ""signals_excellent"": 0, ""invariant_breaches"": 0, ""trace_nodes_logged"": [""unknown"", ""cleanup"", ""pre_flight"", ""rank"", ""scan"", ""upsert"", ""snapshot"", ""state"", ""gate"", ""invariants""]}}",2026-07-17 01:37:02.466096+00
397,2026-07-17 01:42:12.247619+00,OK,,9739,2,0,"{""result"": {""status"": ""OK"", ""run_time"": ""2026-07-17T01:42:02.488973+00:00"", ""upserted"": 0, ""signals_ranked"": 2, ""brain_available"": true, ""signals_scanned"": 2, ""signals_approved"": 0, ""signals_excellent"": 0, ""invariant_breaches"": 0, ""trace_nodes_logged"": [""unknown"", ""cleanup"", ""pre_flight"", ""rank"", ""scan"", ""upsert"", ""snapshot"", ""state"", ""gate"", ""invariants""]}}",2026-07-17 01:42:12.247791+00
398,2026-07-17 01:47:20.770637+00,OK,,8481,2,0,"{""result"": {""status"": ""OK"", ""run_time"": ""2026-07-17T01:47:12.274451+00:00"", ""upserted"": 0, ""signals_ranked"": 2, ""brain_available"": true, ""signals_scanned"": 2, ""signals_approved"": 0, ""signals_excellent"": 0, ""invariant_breaches"": 0, ""trace_nodes_logged"": [""unknown"", ""cleanup"", ""pre_flight"", ""rank"", ""scan"", ""upsert"", ""snapshot"", ""state"", ""gate"", ""invariants""]}}",2026-07-17 01:47:20.770778+00
399,2026-07-17 01:52:30.338439+00,OK,,9526,1,0,"{""result"": {""status"": ""OK"", ""run_time"": ""2026-07-17T01:52:20.790302+00:00"", ""upserted"": 0, ""signals_ranked"": 1, ""brain_available"": true, ""signals_scanned"": 1, ""signals_approved"": 0, ""signals_excellent"": 0, ""invariant_breaches"": 0, ""trace_nodes_logged"": [""unknown"", ""cleanup"", ""pre_flight"", ""rank"", ""scan"", ""upsert"", ""snapshot"", ""state"", ""gate"", ""invariants""]}}",2026-07-17 01:52:30.338612+00
400,2026-07-17 01:57:38.845848+00,OK,,8462,1,0,"{""result"": {""status"": ""OK"", ""run_time"": ""2026-07-17T01:57:30.363107+00:00"", ""upserted"": 0, ""signals_ranked"": 2, ""brain_available"": true, ""signals_scanned"": 1, ""signals_approved"": 0, ""signals_excellent"": 0, ""invariant_breaches"": 0, ""trace_nodes_logged"": [""unknown"", ""cleanup"", ""pre_flight"", ""rank"", ""scan"", ""upsert"", ""snapshot"", ""state"", ""gate"", ""invariants""]}}",2026-07-17 01:57:38.84602+00
401,2026-07-17 02:02:48.543432+00,OK,,9651,1,0,"{""result"": {""status"": ""OK"", ""run_time"": ""2026-07-17T02:02:38.872615+00:00"", ""upserted"": 0, ""signals_ranked"": 2, ""brain_available"": true, ""signals_scanned"": 1, ""signals_approved"": 0, ""signals_excellent"": 0, ""invariant_breaches"": 0, ""trace_nodes_logged"": [""unknown"", ""cleanup"", ""pre_flight"", ""rank"", ""scan"", ""upsert"", ""snapshot"", ""state"", ""gate"", ""invariants""]}}",2026-07-17 02:02:48.543605+00
402,2026-07-17 02:07:57.874128+00,OK,,9282,1,0,"{""result"": {""status"": ""OK"", ""run_time"": ""2026-07-17T02:07:48.570824+00:00"", ""upserted"": 0, ""signals_ranked"": 2, ""brain_available"": true, ""signals_scanned"": 1, ""signals_approved"": 0, ""signals_excellent"": 0, ""invariant_breaches"": 0, ""trace_nodes_logged"": [""unknown"", ""cleanup"", ""pre_flight"", ""rank"", ""scan"", ""upsert"", ""snapshot"", ""state"", ""gate"", ""invariants""]}}",2026-07-17 02:07:57.874308+00
403,2026-07-17 02:13:04.945371+00,OK,,7020,3,1,"{""result"": {""status"": ""OK"", ""run_time"": ""2026-07-17T02:12:57.901025+00:00"", ""upserted"": 1, ""signals_ranked"": 2, ""brain_available"": true, ""signals_scanned"": 3, ""signals_approved"": 1, ""signals_excellent"": 0, ""invariant_breaches"": 0, ""trace_nodes_logged"": [""unknown"", ""cleanup"", ""pre_flight"", ""rank"", ""scan"", ""upsert"", ""snapshot"", ""state"", ""gate"", ""invariants""]}}",2026-07-17 02:13:04.945552+00
404,2026-07-17 02:18:14.53875+00,OK,,9549,3,0,"{""result"": {""status"": ""OK"", ""run_time"": ""2026-07-17T02:18:04.970970+00:00"", ""upserted"": 0, ""signals_ranked"": 2, ""brain_available"": true, ""signals_scanned"": 3, ""signals_approved"": 0, ""signals_excellent"": 0, ""invariant_breaches"": 0, ""trace_nodes_logged"": [""unknown"", ""cleanup"", ""pre_flight"", ""rank"", ""scan"", ""upsert"", ""snapshot"", ""state"", ""gate"", ""invariants""]}}",2026-07-17 02:18:14.538922+00
405,2026-07-17 02:23:23.191493+00,OK,,8606,3,0,"{""result"": {""status"": ""OK"", ""run_time"": ""2026-07-17T02:23:14.565254+00:00"", ""upserted"": 0, ""signals_ranked"": 2, ""brain_available"": true, ""signals_scanned"": 3, ""signals_approved"": 0, ""signals_excellent"": 0, ""invariant_breaches"": 0, ""trace_nodes_logged"": [""unknown"", ""cleanup"", ""pre_flight"", ""rank"", ""scan"", ""upsert"", ""snapshot"", ""state"", ""gate"", ""invariants""]}}",2026-07-17 02:23:23.19167+00
406,2026-07-17 02:28:32.432358+00,OK,,9191,3,0,"{""result"": {""status"": ""OK"", ""run_time"": ""2026-07-17T02:28:23.216411+00:00"", ""upserted"": 0, ""signals_ranked"": 2, ""brain_available"": true, ""signals_scanned"": 3, ""signals_approved"": 0, ""signals_excellent"": 0, ""invariant_breaches"": 0, ""trace_nodes_logged"": [""unknown"", ""cleanup"", ""pre_flight"", ""rank"", ""scan"", ""upsert"", ""snapshot"", ""state"", ""gate"", ""invariants""]}}",2026-07-17 02:28:32.432547+00
407,2026-07-17 02:33:42.025217+00,OK,,9546,3,0,"{""result"": {""status"": ""OK"", ""run_time"": ""2026-07-17T02:33:32.459409+00:00"", ""upserted"": 0, ""signals_ranked"": 3, ""brain_available"": true, ""signals_scanned"": 3, ""signals_approved"": 0, ""signals_excellent"": 0, ""invariant_breaches"": 0, ""trace_nodes_logged"": [""unknown"", ""cleanup"", ""pre_flight"", ""rank"", ""scan"", ""upsert"", ""snapshot"", ""state"", ""gate"", ""invariants""]}}",2026-07-17 02:33:42.025386+00
408,2026-07-17 02:38:50.802743+00,OK,,8733,3,0,"{""result"": {""status"": ""OK"", ""run_time"": ""2026-07-17T02:38:42.050083+00:00"", ""upserted"": 0, ""signals_ranked"": 3, ""brain_available"": true, ""signals_scanned"": 3, ""signals_approved"": 0, ""signals_excellent"": 0, ""invariant_breaches"": 0, ""trace_nodes_logged"": [""unknown"", ""cleanup"", ""pre_flight"", ""rank"", ""scan"", ""upsert"", ""snapshot"", ""state"", ""gate"", ""invariants""]}}",2026-07-17 02:38:50.802914+00
409,2026-07-17 02:43:58.31003+00,OK,,7457,3,0,"{""result"": {""status"": ""OK"", ""run_time"": ""2026-07-17T02:43:50.832574+00:00"", ""upserted"": 0, ""signals_ranked"": 3, ""brain_available"": true, ""signals_scanned"": 3, ""signals_approved"": 0, ""signals_excellent"": 0, ""invariant_breaches"": 0, ""trace_nodes_logged"": [""unknown"", ""cleanup"", ""pre_flight"", ""rank"", ""scan"", ""upsert"", ""snapshot"", ""state"", ""gate"", ""invariants""]}}",2026-07-17 02:43:58.310214+00
410,2026-07-17 02:49:06.949734+00,OK,,8592,3,0,"{""result"": {""status"": ""OK"", ""run_time"": ""2026-07-17T02:48:58.337001+00:00"", ""upserted"": 0, ""signals_ranked"": 3, ""brain_available"": true, ""signals_scanned"": 3, ""signals_approved"": 0, ""signals_excellent"": 0, ""invariant_breaches"": 0, ""trace_nodes_logged"": [""unknown"", ""cleanup"", ""pre_flight"", ""rank"", ""scan"", ""upsert"", ""snapshot"", ""state"", ""gate"", ""invariants""]}}",2026-07-17 02:49:06.949903+00
411,2026-07-17 02:54:14.774105+00,OK,,7778,3,0,"{""result"": {""status"": ""OK"", ""run_time"": ""2026-07-17T02:54:06.974887+00:00"", ""upserted"": 0, ""signals_ranked"": 3, ""brain_available"": true, ""signals_scanned"": 3, ""signals_approved"": 0, ""signals_excellent"": 0, ""invariant_breaches"": 0, ""trace_nodes_logged"": [""unknown"", ""cleanup"", ""pre_flight"", ""rank"", ""scan"", ""upsert"", ""snapshot"", ""state"", ""gate"", ""invariants""]}}",2026-07-17 02:54:14.774275+00
412,2026-07-17 02:59:21.777153+00,OK,,6956,3,0,"{""result"": {""status"": ""OK"", ""run_time"": ""2026-07-17T02:59:14.801822+00:00"", ""upserted"": 0, ""signals_ranked"": 3, ""brain_available"": true, ""signals_scanned"": 3, ""signals_approved"": 0, ""signals_excellent"": 0, ""invariant_breaches"": 0, ""trace_nodes_logged"": [""unknown"", ""cleanup"", ""pre_flight"", ""rank"", ""scan"", ""upsert"", ""snapshot"", ""state"", ""gate"", ""invariants""]}}",2026-07-17 02:59:21.777327+00
413,2026-07-17 03:04:29.616405+00,OK,,7793,3,0,"{""result"": {""status"": ""OK"", ""run_time"": ""2026-07-17T03:04:21.803257+00:00"", ""upserted"": 0, ""signals_ranked"": 3, ""brain_available"": true, ""signals_scanned"": 3, ""signals_approved"": 0, ""signals_excellent"": 0, ""invariant_breaches"": 0, ""trace_nodes_logged"": [""unknown"", ""cleanup"", ""pre_flight"", ""rank"", ""scan"", ""upsert"", ""snapshot"", ""state"", ""gate"", ""invariants""]}}",2026-07-17 03:04:29.616573+00
414,2026-07-17 03:09:36.450753+00,OK,,6790,0,0,"{""result"": {""status"": ""OK"", ""run_time"": ""2026-07-17T03:09:29.642318+00:00"", ""upserted"": 0, ""signals_ranked"": 3, ""brain_available"": true, ""signals_scanned"": 0, ""signals_approved"": 0, ""signals_excellent"": 0, ""invariant_breaches"": 0, ""trace_nodes_logged"": [""unknown"", ""cleanup"", ""pre_flight"", ""rank"", ""scan"", ""upsert"", ""snapshot"", ""state"", ""gate"", ""invariants""]}}",2026-07-17 03:09:36.450947+00
415,2026-07-17 03:14:44.998786+00,OK,,8510,0,0,"{""result"": {""status"": ""OK"", ""run_time"": ""2026-07-17T03:14:36.468331+00:00"", ""upserted"": 0, ""signals_ranked"": 3, ""brain_available"": true, ""signals_scanned"": 0, ""signals_approved"": 0, ""signals_excellent"": 0, ""invariant_breaches"": 0, ""trace_nodes_logged"": [""unknown"", ""cleanup"", ""pre_flight"", ""rank"", ""scan"", ""upsert"", ""snapshot"", ""state"", ""gate"", ""invariants""]}}",2026-07-17 03:14:44.998959+00
416,2026-07-17 03:19:53.851445+00,OK,,8808,0,0,"{""result"": {""status"": ""OK"", ""run_time"": ""2026-07-17T03:19:45.024086+00:00"", ""upserted"": 0, ""signals_ranked"": 3, ""brain_available"": true, ""signals_scanned"": 0, ""signals_approved"": 0, ""signals_excellent"": 0, ""invariant_breaches"": 0, ""trace_nodes_logged"": [""unknown"", ""cleanup"", ""pre_flight"", ""rank"", ""scan"", ""upsert"", ""snapshot"", ""state"", ""gate"", ""invariants""]}}",2026-07-17 03:19:53.851615+00
417,2026-07-17 03:25:01.823004+00,OK,,7926,0,0,"{""result"": {""status"": ""OK"", ""run_time"": ""2026-07-17T03:24:53.876905+00:00"", ""upserted"": 0, ""signals_ranked"": 3, ""brain_available"": true, ""signals_scanned"": 0, ""signals_approved"": 0, ""signals_excellent"": 0, ""invariant_breaches"": 0, ""trace_nodes_logged"": [""unknown"", ""cleanup"", ""pre_flight"", ""rank"", ""scan"", ""upsert"", ""snapshot"", ""state"", ""gate"", ""invariants""]}}",2026-07-17 03:25:01.823193+00
418,2026-07-17 03:30:10.315586+00,OK,,8453,0,0,"{""result"": {""status"": ""OK"", ""run_time"": ""2026-07-17T03:30:01.846963+00:00"", ""upserted"": 0, ""signals_ranked"": 3, ""brain_available"": true, ""signals_scanned"": 0, ""signals_approved"": 0, ""signals_excellent"": 0, ""invariant_breaches"": 0, ""trace_nodes_logged"": [""unknown"", ""cleanup"", ""pre_flight"", ""rank"", ""scan"", ""upsert"", ""snapshot"", ""state"", ""gate"", ""invariants""]}}",2026-07-17 03:30:10.315726+00
419,2026-07-17 03:35:18.831143+00,OK,,8477,0,0,"{""result"": {""status"": ""OK"", ""run_time"": ""2026-07-17T03:35:10.332417+00:00"", ""upserted"": 0, ""signals_ranked"": 3, ""brain_available"": true, ""signals_scanned"": 0, ""signals_approved"": 0, ""signals_excellent"": 0, ""invariant_breaches"": 0, ""trace_nodes_logged"": [""unknown"", ""cleanup"", ""pre_flight"", ""rank"", ""scan"", ""upsert"", ""snapshot"", ""state"", ""gate"", ""invariants""]}}",2026-07-17 03:35:18.831339+00
420,2026-07-17 03:40:26.945532+00,OK,,8067,0,0,"{""result"": {""status"": ""OK"", ""run_time"": ""2026-07-17T03:40:18.858602+00:00"", ""upserted"": 0, ""signals_ranked"": 3, ""brain_available"": true, ""signals_scanned"": 0, ""signals_approved"": 0, ""signals_excellent"": 0, ""invariant_breaches"": 0, ""trace_nodes_logged"": [""unknown"", ""cleanup"", ""pre_flight"", ""rank"", ""scan"", ""upsert"", ""snapshot"", ""state"", ""gate"", ""invariants""]}}",2026-07-17 03:40:26.94572+00
421,2026-07-17 03:45:34.116016+00,OK,,7127,0,0,"{""result"": {""status"": ""OK"", ""run_time"": ""2026-07-17T03:45:26.970152+00:00"", ""upserted"": 0, ""signals_ranked"": 3, ""brain_available"": true, ""signals_scanned"": 0, ""signals_approved"": 0, ""signals_excellent"": 0, ""invariant_breaches"": 0, ""trace_nodes_logged"": [""unknown"", ""cleanup"", ""pre_flight"", ""rank"", ""scan"", ""upsert"", ""snapshot"", ""state"", ""gate"", ""invariants""]}}",2026-07-17 03:45:34.116202+00
422,2026-07-17 03:50:40.566235+00,OK,,6403,3,1,"{""result"": {""status"": ""OK"", ""run_time"": ""2026-07-17T03:50:34.141745+00:00"", ""upserted"": 1, ""signals_ranked"": 3, ""brain_available"": true, ""signals_scanned"": 3, ""signals_approved"": 1, ""signals_excellent"": 0, ""invariant_breaches"": 0, ""trace_nodes_logged"": [""unknown"", ""cleanup"", ""pre_flight"", ""rank"", ""scan"", ""upsert"", ""snapshot"", ""state"", ""gate"", ""invariants""]}}",2026-07-17 03:50:40.566413+00
423,2026-07-17 03:55:49.501759+00,OK,,8895,3,0,"{""result"": {""status"": ""OK"", ""run_time"": ""2026-07-17T03:55:40.591716+00:00"", ""upserted"": 0, ""signals_ranked"": 3, ""brain_available"": true, ""signals_scanned"": 3, ""signals_approved"": 0, ""signals_excellent"": 0, ""invariant_breaches"": 0, ""trace_nodes_logged"": [""unknown"", ""cleanup"", ""pre_flight"", ""rank"", ""scan"", ""upsert"", ""snapshot"", ""state"", ""gate"", ""invariants""]}}",2026-07-17 03:55:49.501898+00
424,2026-07-17 04:00:58.577027+00,OK,,9045,3,0,"{""result"": {""status"": ""OK"", ""run_time"": ""2026-07-17T04:00:49.518801+00:00"", ""upserted"": 0, ""signals_ranked"": 3, ""brain_available"": true, ""signals_scanned"": 3, ""signals_approved"": 0, ""signals_excellent"": 0, ""invariant_breaches"": 0, ""trace_nodes_logged"": [""unknown"", ""cleanup"", ""pre_flight"", ""rank"", ""scan"", ""upsert"", ""snapshot"", ""state"", ""gate"", ""invariants""]}}",2026-07-17 04:00:58.577177+00
425,2026-07-17 04:06:06.135985+00,OK,,7522,1,0,"{""result"": {""status"": ""OK"", ""run_time"": ""2026-07-17T04:05:58.594995+00:00"", ""upserted"": 0, ""signals_ranked"": 2, ""brain_available"": true, ""signals_scanned"": 1, ""signals_approved"": 0, ""signals_excellent"": 0, ""invariant_breaches"": 0, ""trace_nodes_logged"": [""unknown"", ""cleanup"", ""pre_flight"", ""rank"", ""scan"", ""upsert"", ""snapshot"", ""state"", ""gate"", ""invariants""]}}",2026-07-17 04:06:06.136169+00
426,2026-07-17 04:11:14.574446+00,OK,,8399,1,0,"{""result"": {""status"": ""OK"", ""run_time"": ""2026-07-17T04:11:06.160132+00:00"", ""upserted"": 0, ""signals_ranked"": 2, ""brain_available"": true, ""signals_scanned"": 1, ""signals_approved"": 0, ""signals_excellent"": 0, ""invariant_breaches"": 0, ""trace_nodes_logged"": [""unknown"", ""cleanup"", ""pre_flight"", ""rank"", ""scan"", ""upsert"", ""snapshot"", ""state"", ""gate"", ""invariants""]}}",2026-07-17 04:11:14.574586+00
427,2026-07-17 04:16:23.284222+00,OK,,8676,1,0,"{""result"": {""status"": ""OK"", ""run_time"": ""2026-07-17T04:16:14.592243+00:00"", ""upserted"": 0, ""signals_ranked"": 2, ""brain_available"": true, ""signals_scanned"": 1, ""signals_approved"": 0, ""signals_excellent"": 0, ""invariant_breaches"": 0, ""trace_nodes_logged"": [""unknown"", ""cleanup"", ""pre_flight"", ""rank"", ""scan"", ""upsert"", ""snapshot"", ""state"", ""gate"", ""invariants""]}}",2026-07-17 04:16:23.284358+00
428,2026-07-17 04:21:32.717561+00,OK,,9394,1,0,"{""result"": {""status"": ""OK"", ""run_time"": ""2026-07-17T04:21:23.302080+00:00"", ""upserted"": 0, ""signals_ranked"": 2, ""brain_available"": true, ""signals_scanned"": 1, ""signals_approved"": 0, ""signals_excellent"": 0, ""invariant_breaches"": 0, ""trace_nodes_logged"": [""unknown"", ""cleanup"", ""pre_flight"", ""rank"", ""scan"", ""upsert"", ""snapshot"", ""state"", ""gate"", ""invariants""]}}",2026-07-17 04:21:32.717738+00
429,2026-07-17 04:26:41.719137+00,OK,,8956,1,0,"{""result"": {""status"": ""OK"", ""run_time"": ""2026-07-17T04:26:32.743710+00:00"", ""upserted"": 0, ""signals_ranked"": 2, ""brain_available"": true, ""signals_scanned"": 1, ""signals_approved"": 0, ""signals_excellent"": 0, ""invariant_breaches"": 0, ""trace_nodes_logged"": [""unknown"", ""cleanup"", ""pre_flight"", ""rank"", ""scan"", ""upsert"", ""snapshot"", ""state"", ""gate"", ""invariants""]}}",2026-07-17 04:26:41.719312+00
430,2026-07-17 04:31:51.427294+00,OK,,9662,1,0,"{""result"": {""status"": ""OK"", ""run_time"": ""2026-07-17T04:31:41.743921+00:00"", ""upserted"": 0, ""signals_ranked"": 2, ""brain_available"": true, ""signals_scanned"": 1, ""signals_approved"": 0, ""signals_excellent"": 0, ""invariant_breaches"": 0, ""trace_nodes_logged"": [""unknown"", ""cleanup"", ""pre_flight"", ""rank"", ""scan"", ""upsert"", ""snapshot"", ""state"", ""gate"", ""invariants""]}}",2026-07-17 04:31:51.427461+00
431,2026-07-17 04:37:00.681394+00,OK,,9207,1,0,"{""result"": {""status"": ""OK"", ""run_time"": ""2026-07-17T04:36:51.452405+00:00"", ""upserted"": 0, ""signals_ranked"": 2, ""brain_available"": true, ""signals_scanned"": 1, ""signals_approved"": 0, ""signals_excellent"": 0, ""invariant_breaches"": 0, ""trace_nodes_logged"": [""unknown"", ""cleanup"", ""pre_flight"", ""rank"", ""scan"", ""upsert"", ""snapshot"", ""state"", ""gate"", ""invariants""]}}",2026-07-17 04:37:00.68157+00
432,2026-07-17 04:42:09.3023+00,OK,,8576,1,0,"{""result"": {""status"": ""OK"", ""run_time"": ""2026-07-17T04:42:00.706515+00:00"", ""upserted"": 0, ""signals_ranked"": 2, ""brain_available"": true, ""signals_scanned"": 1, ""signals_approved"": 0, ""signals_excellent"": 0, ""invariant_breaches"": 0, ""trace_nodes_logged"": [""unknown"", ""cleanup"", ""pre_flight"", ""rank"", ""scan"", ""upsert"", ""snapshot"", ""state"", ""gate"", ""invariants""]}}",2026-07-17 04:42:09.302469+00
433,2026-07-17 04:47:18.032097+00,OK,,8687,3,0,"{""result"": {""status"": ""OK"", ""run_time"": ""2026-07-17T04:47:09.326353+00:00"", ""upserted"": 0, ""signals_ranked"": 3, ""brain_available"": true, ""signals_scanned"": 3, ""signals_approved"": 0, ""signals_excellent"": 0, ""invariant_breaches"": 0, ""trace_nodes_logged"": [""unknown"", ""cleanup"", ""pre_flight"", ""rank"", ""scan"", ""upsert"", ""snapshot"", ""state"", ""gate"", ""invariants""]}}",2026-07-17 04:47:18.032272+00
434,2026-07-17 04:52:27.265955+00,OK,,9187,3,0,"{""result"": {""status"": ""OK"", ""run_time"": ""2026-07-17T04:52:18.057443+00:00"", ""upserted"": 0, ""signals_ranked"": 3, ""brain_available"": true, ""signals_scanned"": 3, ""signals_approved"": 0, ""signals_excellent"": 0, ""invariant_breaches"": 0, ""trace_nodes_logged"": [""unknown"", ""cleanup"", ""pre_flight"", ""rank"", ""scan"", ""upsert"", ""snapshot"", ""state"", ""gate"", ""invariants""]}}",2026-07-17 04:52:27.266146+00
435,2026-07-17 04:57:35.820173+00,OK,,8506,3,0,"{""result"": {""status"": ""OK"", ""run_time"": ""2026-07-17T04:57:27.292263+00:00"", ""upserted"": 0, ""signals_ranked"": 3, ""brain_available"": true, ""signals_scanned"": 3, ""signals_approved"": 0, ""signals_excellent"": 0, ""invariant_breaches"": 0, ""trace_nodes_logged"": [""unknown"", ""cleanup"", ""pre_flight"", ""rank"", ""scan"", ""upsert"", ""snapshot"", ""state"", ""gate"", ""invariants""]}}",2026-07-17 04:57:35.820342+00
436,2026-07-17 05:02:44.605752+00,OK,,8741,3,0,"{""result"": {""status"": ""OK"", ""run_time"": ""2026-07-17T05:02:35.843998+00:00"", ""upserted"": 0, ""signals_ranked"": 3, ""brain_available"": true, ""signals_scanned"": 3, ""signals_approved"": 0, ""signals_excellent"": 0, ""invariant_breaches"": 0, ""trace_nodes_logged"": [""unknown"", ""cleanup"", ""pre_flight"", ""rank"", ""scan"", ""upsert"", ""snapshot"", ""state"", ""gate"", ""invariants""]}}",2026-07-17 05:02:44.605921+00
437,2026-07-17 05:07:52.115761+00,OK,,7469,3,0,"{""result"": {""status"": ""OK"", ""run_time"": ""2026-07-17T05:07:44.630956+00:00"", ""upserted"": 0, ""signals_ranked"": 4, ""brain_available"": true, ""signals_scanned"": 3, ""signals_approved"": 0, ""signals_excellent"": 0, ""invariant_breaches"": 0, ""trace_nodes_logged"": [""unknown"", ""cleanup"", ""pre_flight"", ""rank"", ""scan"", ""upsert"", ""snapshot"", ""state"", ""gate"", ""invariants""]}}",2026-07-17 05:07:52.115916+00
438,2026-07-17 05:13:00.433644+00,OK,,8279,3,0,"{""result"": {""status"": ""OK"", ""run_time"": ""2026-07-17T05:12:52.135161+00:00"", ""upserted"": 0, ""signals_ranked"": 4, ""brain_available"": true, ""signals_scanned"": 3, ""signals_approved"": 0, ""signals_excellent"": 0, ""invariant_breaches"": 0, ""trace_nodes_logged"": [""unknown"", ""cleanup"", ""pre_flight"", ""rank"", ""scan"", ""upsert"", ""snapshot"", ""state"", ""gate"", ""invariants""]}}",2026-07-17 05:13:00.433818+00
439,2026-07-17 05:18:09.225209+00,OK,,8752,3,0,"{""result"": {""status"": ""OK"", ""run_time"": ""2026-07-17T05:18:00.457997+00:00"", ""upserted"": 0, ""signals_ranked"": 4, ""brain_available"": true, ""signals_scanned"": 3, ""signals_approved"": 0, ""signals_excellent"": 0, ""invariant_breaches"": 0, ""trace_nodes_logged"": [""unknown"", ""cleanup"", ""pre_flight"", ""rank"", ""scan"", ""upsert"", ""snapshot"", ""state"", ""gate"", ""invariants""]}}",2026-07-17 05:18:09.22535+00
440,2026-07-17 05:23:18.226204+00,OK,,8963,0,0,"{""result"": {""status"": ""OK"", ""run_time"": ""2026-07-17T05:23:09.244134+00:00"", ""upserted"": 0, ""signals_ranked"": 4, ""brain_available"": true, ""signals_scanned"": 0, ""signals_approved"": 0, ""signals_excellent"": 0, ""invariant_breaches"": 0, ""trace_nodes_logged"": [""unknown"", ""cleanup"", ""pre_flight"", ""rank"", ""scan"", ""upsert"", ""snapshot"", ""state"", ""gate"", ""invariants""]}}",2026-07-17 05:23:18.226377+00
441,2026-07-17 05:28:28.009582+00,OK,,9740,0,0,"{""result"": {""status"": ""OK"", ""run_time"": ""2026-07-17T05:28:18.250163+00:00"", ""upserted"": 0, ""signals_ranked"": 4, ""brain_available"": true, ""signals_scanned"": 0, ""signals_approved"": 0, ""signals_excellent"": 0, ""invariant_breaches"": 0, ""trace_nodes_logged"": [""unknown"", ""cleanup"", ""pre_flight"", ""rank"", ""scan"", ""upsert"", ""snapshot"", ""state"", ""gate"", ""invariants""]}}",2026-07-17 05:28:28.009758+00
442,2026-07-17 05:33:37.64456+00,OK,,9587,0,0,"{""result"": {""status"": ""OK"", ""run_time"": ""2026-07-17T05:33:28.035765+00:00"", ""upserted"": 0, ""signals_ranked"": 4, ""brain_available"": true, ""signals_scanned"": 0, ""signals_approved"": 0, ""signals_excellent"": 0, ""invariant_breaches"": 0, ""trace_nodes_logged"": [""unknown"", ""cleanup"", ""pre_flight"", ""rank"", ""scan"", ""upsert"", ""snapshot"", ""state"", ""gate"", ""invariants""]}}",2026-07-17 05:33:37.644733+00
443,2026-07-17 05:38:45.620195+00,OK,,7928,0,0,"{""result"": {""status"": ""OK"", ""run_time"": ""2026-07-17T05:38:37.671423+00:00"", ""upserted"": 0, ""signals_ranked"": 4, ""brain_available"": true, ""signals_scanned"": 0, ""signals_approved"": 0, ""signals_excellent"": 0, ""invariant_breaches"": 0, ""trace_nodes_logged"": [""unknown"", ""cleanup"", ""pre_flight"", ""rank"", ""scan"", ""upsert"", ""snapshot"", ""state"", ""gate"", ""invariants""]}}",2026-07-17 05:38:45.620366+00
444,2026-07-17 05:43:54.411095+00,OK,,8744,3,0,"{""result"": {""status"": ""OK"", ""run_time"": ""2026-07-17T05:43:45.646763+00:00"", ""upserted"": 0, ""signals_ranked"": 3, ""brain_available"": true, ""signals_scanned"": 3, ""signals_approved"": 0, ""signals_excellent"": 0, ""invariant_breaches"": 0, ""trace_nodes_logged"": [""unknown"", ""cleanup"", ""pre_flight"", ""rank"", ""scan"", ""upsert"", ""snapshot"", ""state"", ""gate"", ""invariants""]}}",2026-07-17 05:43:54.411271+00
445,2026-07-17 05:49:02.03953+00,OK,,7585,3,1,"{""result"": {""status"": ""OK"", ""run_time"": ""2026-07-17T05:48:54.439244+00:00"", ""upserted"": 1, ""signals_ranked"": 3, ""brain_available"": true, ""signals_scanned"": 3, ""signals_approved"": 1, ""signals_excellent"": 0, ""invariant_breaches"": 0, ""trace_nodes_logged"": [""unknown"", ""cleanup"", ""pre_flight"", ""rank"", ""scan"", ""upsert"", ""snapshot"", ""state"", ""gate"", ""invariants""]}}",2026-07-17 05:49:02.039673+00
446,2026-07-17 05:54:11.853424+00,OK,,9775,3,0,"{""result"": {""status"": ""OK"", ""run_time"": ""2026-07-17T05:54:02.058867+00:00"", ""upserted"": 0, ""signals_ranked"": 3, ""brain_available"": true, ""signals_scanned"": 3, ""signals_approved"": 0, ""signals_excellent"": 0, ""invariant_breaches"": 0, ""trace_nodes_logged"": [""unknown"", ""cleanup"", ""pre_flight"", ""rank"", ""scan"", ""upsert"", ""snapshot"", ""state"", ""gate"", ""invariants""]}}",2026-07-17 05:54:11.853655+00
447,2026-07-17 05:59:19.239935+00,OK,,7342,3,0,"{""result"": {""status"": ""OK"", ""run_time"": ""2026-07-17T05:59:11.882463+00:00"", ""upserted"": 0, ""signals_ranked"": 3, ""brain_available"": true, ""signals_scanned"": 3, ""signals_approved"": 0, ""signals_excellent"": 0, ""invariant_breaches"": 0, ""trace_nodes_logged"": [""unknown"", ""cleanup"", ""pre_flight"", ""rank"", ""scan"", ""upsert"", ""snapshot"", ""state"", ""gate"", ""invariants""]}}",2026-07-17 05:59:19.240112+00
448,2026-07-17 06:04:28.415448+00,OK,,9136,3,0,"{""result"": {""status"": ""OK"", ""run_time"": ""2026-07-17T06:04:19.256621+00:00"", ""upserted"": 0, ""signals_ranked"": 2, ""brain_available"": true, ""signals_scanned"": 3, ""signals_approved"": 0, ""signals_excellent"": 0, ""invariant_breaches"": 0, ""trace_nodes_logged"": [""unknown"", ""cleanup"", ""pre_flight"", ""rank"", ""scan"", ""upsert"", ""snapshot"", ""state"", ""gate"", ""invariants""]}}",2026-07-17 06:04:28.415624+00
449,2026-07-17 06:09:36.706138+00,OK,,8246,3,0,"{""result"": {""status"": ""OK"", ""run_time"": ""2026-07-17T06:09:28.440999+00:00"", ""upserted"": 0, ""signals_ranked"": 2, ""brain_available"": true, ""signals_scanned"": 3, ""signals_approved"": 0, ""signals_excellent"": 0, ""invariant_breaches"": 0, ""trace_nodes_logged"": [""unknown"", ""cleanup"", ""pre_flight"", ""rank"", ""scan"", ""upsert"", ""snapshot"", ""state"", ""gate"", ""invariants""]}}",2026-07-17 06:09:36.706316+00
450,2026-07-17 06:14:46.631645+00,OK,,9877,3,0,"{""result"": {""status"": ""OK"", ""run_time"": ""2026-07-17T06:14:36.732272+00:00"", ""upserted"": 0, ""signals_ranked"": 2, ""brain_available"": true, ""signals_scanned"": 3, ""signals_approved"": 0, ""signals_excellent"": 0, ""invariant_breaches"": 0, ""trace_nodes_logged"": [""unknown"", ""cleanup"", ""pre_flight"", ""rank"", ""scan"", ""upsert"", ""snapshot"", ""state"", ""gate"", ""invariants""]}}",2026-07-17 06:14:46.631817+00
451,2026-07-17 06:19:55.725354+00,OK,,9050,3,1,"{""result"": {""status"": ""OK"", ""run_time"": ""2026-07-17T06:19:46.657675+00:00"", ""upserted"": 1, ""signals_ranked"": 1, ""brain_available"": true, ""signals_scanned"": 3, ""signals_approved"": 1, ""signals_excellent"": 0, ""invariant_breaches"": 0, ""trace_nodes_logged"": [""unknown"", ""cleanup"", ""pre_flight"", ""rank"", ""scan"", ""upsert"", ""snapshot"", ""state"", ""gate"", ""invariants""]}}",2026-07-17 06:19:55.725519+00
452,2026-07-17 06:25:05.509811+00,OK,,9745,3,0,"{""result"": {""status"": ""OK"", ""run_time"": ""2026-07-17T06:24:55.743802+00:00"", ""upserted"": 0, ""signals_ranked"": 1, ""brain_available"": true, ""signals_scanned"": 3, ""signals_approved"": 0, ""signals_excellent"": 0, ""invariant_breaches"": 0, ""trace_nodes_logged"": [""unknown"", ""cleanup"", ""pre_flight"", ""rank"", ""scan"", ""upsert"", ""snapshot"", ""state"", ""gate"", ""invariants""]}}",2026-07-17 06:25:05.509989+00
453,2026-07-17 06:30:14.89642+00,OK,,9338,3,0,"{""result"": {""status"": ""OK"", ""run_time"": ""2026-07-17T06:30:05.536283+00:00"", ""upserted"": 0, ""signals_ranked"": 1, ""brain_available"": true, ""signals_scanned"": 3, ""signals_approved"": 0, ""signals_excellent"": 0, ""invariant_breaches"": 0, ""trace_nodes_logged"": [""unknown"", ""cleanup"", ""pre_flight"", ""rank"", ""scan"", ""upsert"", ""snapshot"", ""state"", ""gate"", ""invariants""]}}",2026-07-17 06:30:14.896599+00
454,2026-07-17 06:35:24.44039+00,OK,,9495,3,0,"{""result"": {""status"": ""OK"", ""run_time"": ""2026-07-17T06:35:14.923388+00:00"", ""upserted"": 0, ""signals_ranked"": 1, ""brain_available"": true, ""signals_scanned"": 3, ""signals_approved"": 0, ""signals_excellent"": 0, ""invariant_breaches"": 0, ""trace_nodes_logged"": [""unknown"", ""cleanup"", ""pre_flight"", ""rank"", ""scan"", ""upsert"", ""snapshot"", ""state"", ""gate"", ""invariants""]}}",2026-07-17 06:35:24.440917+00
455,2026-07-17 06:40:32.818684+00,OK,,8338,3,0,"{""result"": {""status"": ""OK"", ""run_time"": ""2026-07-17T06:40:24.464819+00:00"", ""upserted"": 0, ""signals_ranked"": 2, ""brain_available"": true, ""signals_scanned"": 3, ""signals_approved"": 0, ""signals_excellent"": 0, ""invariant_breaches"": 0, ""trace_nodes_logged"": [""unknown"", ""cleanup"", ""pre_flight"", ""rank"", ""scan"", ""upsert"", ""snapshot"", ""state"", ""gate"", ""invariants""]}}",2026-07-17 06:40:32.818826+00
456,2026-07-17 06:45:42.336612+00,OK,,9478,3,0,"{""result"": {""status"": ""OK"", ""run_time"": ""2026-07-17T06:45:32.837101+00:00"", ""upserted"": 0, ""signals_ranked"": 2, ""brain_available"": true, ""signals_scanned"": 3, ""signals_approved"": 0, ""signals_excellent"": 0, ""invariant_breaches"": 0, ""trace_nodes_logged"": [""unknown"", ""cleanup"", ""pre_flight"", ""rank"", ""scan"", ""upsert"", ""snapshot"", ""state"", ""gate"", ""invariants""]}}",2026-07-17 06:45:42.336791+00
457,2026-07-17 06:50:50.007446+00,OK,,7627,3,0,"{""result"": {""status"": ""OK"", ""run_time"": ""2026-07-17T06:50:42.361161+00:00"", ""upserted"": 0, ""signals_ranked"": 2, ""brain_available"": true, ""signals_scanned"": 3, ""signals_approved"": 0, ""signals_excellent"": 0, ""invariant_breaches"": 0, ""trace_nodes_logged"": [""unknown"", ""cleanup"", ""pre_flight"", ""rank"", ""scan"", ""upsert"", ""snapshot"", ""state"", ""gate"", ""invariants""]}}",2026-07-17 06:50:50.007619+00
458,2026-07-17 06:55:57.79749+00,OK,,7747,3,0,"{""result"": {""status"": ""OK"", ""run_time"": ""2026-07-17T06:55:50.030977+00:00"", ""upserted"": 0, ""signals_ranked"": 2, ""brain_available"": true, ""signals_scanned"": 3, ""signals_approved"": 0, ""signals_excellent"": 0, ""invariant_breaches"": 0, ""trace_nodes_logged"": [""unknown"", ""cleanup"", ""pre_flight"", ""rank"", ""scan"", ""upsert"", ""snapshot"", ""state"", ""gate"", ""invariants""]}}",2026-07-17 06:55:57.797659+00
459,2026-07-17 07:01:06.546396+00,OK,,8704,3,0,"{""result"": {""status"": ""OK"", ""run_time"": ""2026-07-17T07:00:57.822875+00:00"", ""upserted"": 0, ""signals_ranked"": 2, ""brain_available"": true, ""signals_scanned"": 3, ""signals_approved"": 0, ""signals_excellent"": 0, ""invariant_breaches"": 0, ""trace_nodes_logged"": [""unknown"", ""cleanup"", ""pre_flight"", ""rank"", ""scan"", ""upsert"", ""snapshot"", ""state"", ""gate"", ""invariants""]}}",2026-07-17 07:01:06.54657+00
460,2026-07-17 07:06:15.200321+00,OK,,8606,3,0,"{""result"": {""status"": ""OK"", ""run_time"": ""2026-07-17T07:06:06.572770+00:00"", ""upserted"": 0, ""signals_ranked"": 2, ""brain_available"": true, ""signals_scanned"": 3, ""signals_approved"": 0, ""signals_excellent"": 0, ""invariant_breaches"": 0, ""trace_nodes_logged"": [""unknown"", ""cleanup"", ""pre_flight"", ""rank"", ""scan"", ""upsert"", ""snapshot"", ""state"", ""gate"", ""invariants""]}}",2026-07-17 07:06:15.200498+00
461,2026-07-17 07:11:22.141269+00,OK,,6892,3,0,"{""result"": {""status"": ""OK"", ""run_time"": ""2026-07-17T07:11:15.228056+00:00"", ""upserted"": 0, ""signals_ranked"": 2, ""brain_available"": true, ""signals_scanned"": 3, ""signals_approved"": 0, ""signals_excellent"": 0, ""invariant_breaches"": 0, ""trace_nodes_logged"": [""unknown"", ""cleanup"", ""pre_flight"", ""rank"", ""scan"", ""upsert"", ""snapshot"", ""state"", ""gate"", ""invariants""]}}",2026-07-17 07:11:22.141439+00
462,2026-07-17 07:16:31.151148+00,OK,,8968,3,0,"{""result"": {""status"": ""OK"", ""run_time"": ""2026-07-17T07:16:22.166274+00:00"", ""upserted"": 0, ""signals_ranked"": 2, ""brain_available"": true, ""signals_scanned"": 3, ""signals_approved"": 0, ""signals_excellent"": 0, ""invariant_breaches"": 0, ""trace_nodes_logged"": [""unknown"", ""cleanup"", ""pre_flight"", ""rank"", ""scan"", ""upsert"", ""snapshot"", ""state"", ""gate"", ""invariants""]}}",2026-07-17 07:16:31.151302+00
463,2026-07-17 07:21:39.527079+00,OK,,8341,3,0,"{""result"": {""status"": ""OK"", ""run_time"": ""2026-07-17T07:21:31.170020+00:00"", ""upserted"": 0, ""signals_ranked"": 2, ""brain_available"": true, ""signals_scanned"": 3, ""signals_approved"": 0, ""signals_excellent"": 0, ""invariant_breaches"": 0, ""trace_nodes_logged"": [""unknown"", ""cleanup"", ""pre_flight"", ""rank"", ""scan"", ""upsert"", ""snapshot"", ""state"", ""gate"", ""invariants""]}}",2026-07-17 07:21:39.527224+00
464,2026-07-17 07:26:48.07165+00,OK,,8506,3,0,"{""result"": {""status"": ""OK"", ""run_time"": ""2026-07-17T07:26:39.545845+00:00"", ""upserted"": 0, ""signals_ranked"": 2, ""brain_available"": true, ""signals_scanned"": 3, ""signals_approved"": 0, ""signals_excellent"": 0, ""invariant_breaches"": 0, ""trace_nodes_logged"": [""unknown"", ""cleanup"", ""pre_flight"", ""rank"", ""scan"", ""upsert"", ""snapshot"", ""state"", ""gate"", ""invariants""]}}",2026-07-17 07:26:48.071825+00
465,2026-07-17 07:31:55.391696+00,OK,,7279,3,0,"{""result"": {""status"": ""OK"", ""run_time"": ""2026-07-17T07:31:48.096675+00:00"", ""upserted"": 0, ""signals_ranked"": 2, ""brain_available"": true, ""signals_scanned"": 3, ""signals_approved"": 0, ""signals_excellent"": 0, ""invariant_breaches"": 0, ""trace_nodes_logged"": [""unknown"", ""cleanup"", ""pre_flight"", ""rank"", ""scan"", ""upsert"", ""snapshot"", ""state"", ""gate"", ""invariants""]}}",2026-07-17 07:31:55.391839+00
466,2026-07-17 07:37:04.294828+00,OK,,8866,2,0,"{""result"": {""status"": ""OK"", ""run_time"": ""2026-07-17T07:36:55.408187+00:00"", ""upserted"": 0, ""signals_ranked"": 3, ""brain_available"": true, ""signals_scanned"": 2, ""signals_approved"": 0, ""signals_excellent"": 0, ""invariant_breaches"": 0, ""trace_nodes_logged"": [""unknown"", ""cleanup"", ""pre_flight"", ""rank"", ""scan"", ""upsert"", ""snapshot"", ""state"", ""gate"", ""invariants""]}}",2026-07-17 07:37:04.295004+00
467,2026-07-17 07:42:12.247453+00,OK,,7905,2,0,"{""result"": {""status"": ""OK"", ""run_time"": ""2026-07-17T07:42:04.321732+00:00"", ""upserted"": 0, ""signals_ranked"": 3, ""brain_available"": true, ""signals_scanned"": 2, ""signals_approved"": 0, ""signals_excellent"": 0, ""invariant_breaches"": 0, ""trace_nodes_logged"": [""unknown"", ""cleanup"", ""pre_flight"", ""rank"", ""scan"", ""upsert"", ""snapshot"", ""state"", ""gate"", ""invariants""]}}",2026-07-17 07:42:12.247625+00
468,2026-07-17 07:47:20.682036+00,OK,,8391,2,0,"{""result"": {""status"": ""OK"", ""run_time"": ""2026-07-17T07:47:12.272381+00:00"", ""upserted"": 0, ""signals_ranked"": 3, ""brain_available"": true, ""signals_scanned"": 2, ""signals_approved"": 0, ""signals_excellent"": 0, ""invariant_breaches"": 0, ""trace_nodes_logged"": [""unknown"", ""cleanup"", ""pre_flight"", ""rank"", ""scan"", ""upsert"", ""snapshot"", ""state"", ""gate"", ""invariants""]}}",2026-07-17 07:47:20.682222+00
469,2026-07-17 07:52:28.456251+00,OK,,7727,2,0,"{""result"": {""status"": ""OK"", ""run_time"": ""2026-07-17T07:52:20.708373+00:00"", ""upserted"": 0, ""signals_ranked"": 3, ""brain_available"": true, ""signals_scanned"": 2, ""signals_approved"": 0, ""signals_excellent"": 0, ""invariant_breaches"": 0, ""trace_nodes_logged"": [""unknown"", ""cleanup"", ""pre_flight"", ""rank"", ""scan"", ""upsert"", ""snapshot"", ""state"", ""gate"", ""invariants""]}}",2026-07-17 07:52:28.456425+00
470,2026-07-17 07:57:36.579295+00,OK,,8078,0,0,"{""result"": {""status"": ""OK"", ""run_time"": ""2026-07-17T07:57:28.481246+00:00"", ""upserted"": 0, ""signals_ranked"": 3, ""brain_available"": true, ""signals_scanned"": 0, ""signals_approved"": 0, ""signals_excellent"": 0, ""invariant_breaches"": 0, ""trace_nodes_logged"": [""unknown"", ""cleanup"", ""pre_flight"", ""rank"", ""scan"", ""upsert"", ""snapshot"", ""state"", ""gate"", ""invariants""]}}",2026-07-17 07:57:36.579474+00
471,2026-07-17 08:02:45.210446+00,OK,,8585,0,0,"{""result"": {""status"": ""OK"", ""run_time"": ""2026-07-17T08:02:36.605588+00:00"", ""upserted"": 0, ""signals_ranked"": 3, ""brain_available"": true, ""signals_scanned"": 0, ""signals_approved"": 0, ""signals_excellent"": 0, ""invariant_breaches"": 0, ""trace_nodes_logged"": [""unknown"", ""cleanup"", ""pre_flight"", ""rank"", ""scan"", ""upsert"", ""snapshot"", ""state"", ""gate"", ""invariants""]}}",2026-07-17 08:02:45.210619+00
472,2026-07-17 08:07:53.9703+00,OK,,8714,0,0,"{""result"": {""status"": ""OK"", ""run_time"": ""2026-07-17T08:07:45.237341+00:00"", ""upserted"": 0, ""signals_ranked"": 3, ""brain_available"": true, ""signals_scanned"": 0, ""signals_approved"": 0, ""signals_excellent"": 0, ""invariant_breaches"": 0, ""trace_nodes_logged"": [""unknown"", ""cleanup"", ""pre_flight"", ""rank"", ""scan"", ""upsert"", ""snapshot"", ""state"", ""gate"", ""invariants""]}}",2026-07-17 08:07:53.970474+00
473,2026-07-17 08:13:02.35975+00,OK,,8348,0,0,"{""result"": {""status"": ""OK"", ""run_time"": ""2026-07-17T08:12:53.995587+00:00"", ""upserted"": 0, ""signals_ranked"": 3, ""brain_available"": true, ""signals_scanned"": 0, ""signals_approved"": 0, ""signals_excellent"": 0, ""invariant_breaches"": 0, ""trace_nodes_logged"": [""unknown"", ""cleanup"", ""pre_flight"", ""rank"", ""scan"", ""upsert"", ""snapshot"", ""state"", ""gate"", ""invariants""]}}",2026-07-17 08:13:02.359903+00
474,2026-07-17 08:18:09.453116+00,OK,,7054,5,0,"{""result"": {""status"": ""OK"", ""run_time"": ""2026-07-17T08:18:02.378000+00:00"", ""upserted"": 0, ""signals_ranked"": 5, ""brain_available"": true, ""signals_scanned"": 5, ""signals_approved"": 0, ""signals_excellent"": 0, ""invariant_breaches"": 0, ""trace_nodes_logged"": [""unknown"", ""cleanup"", ""pre_flight"", ""rank"", ""scan"", ""upsert"", ""snapshot"", ""state"", ""gate"", ""invariants""]}}",2026-07-17 08:18:09.453297+00
475,2026-07-17 08:23:17.98291+00,OK,,8483,5,0,"{""result"": {""status"": ""OK"", ""run_time"": ""2026-07-17T08:23:09.479617+00:00"", ""upserted"": 0, ""signals_ranked"": 5, ""brain_available"": true, ""signals_scanned"": 5, ""signals_approved"": 0, ""signals_excellent"": 0, ""invariant_breaches"": 0, ""trace_nodes_logged"": [""unknown"", ""cleanup"", ""pre_flight"", ""rank"", ""scan"", ""upsert"", ""snapshot"", ""state"", ""gate"", ""invariants""]}}",2026-07-17 08:23:17.983092+00
476,2026-07-17 08:28:24.225981+00,OK,,6201,5,0,"{""result"": {""status"": ""OK"", ""run_time"": ""2026-07-17T08:28:18.007257+00:00"", ""upserted"": 0, ""signals_ranked"": 5, ""brain_available"": true, ""signals_scanned"": 5, ""signals_approved"": 0, ""signals_excellent"": 0, ""invariant_breaches"": 0, ""trace_nodes_logged"": [""unknown"", ""cleanup"", ""pre_flight"", ""rank"", ""scan"", ""upsert"", ""snapshot"", ""state"", ""gate"", ""invariants""]}}",2026-07-17 08:28:24.226217+00
477,2026-07-17 08:33:33.273465+00,OK,,9012,3,0,"{""result"": {""status"": ""OK"", ""run_time"": ""2026-07-17T08:33:24.242225+00:00"", ""upserted"": 0, ""signals_ranked"": 5, ""brain_available"": true, ""signals_scanned"": 3, ""signals_approved"": 0, ""signals_excellent"": 0, ""invariant_breaches"": 0, ""trace_nodes_logged"": [""unknown"", ""cleanup"", ""pre_flight"", ""rank"", ""scan"", ""upsert"", ""snapshot"", ""state"", ""gate"", ""invariants""]}}",2026-07-17 08:33:33.273644+00
478,2026-07-17 08:38:41.389547+00,OK,,8068,3,0,"{""result"": {""status"": ""OK"", ""run_time"": ""2026-07-17T08:38:33.299996+00:00"", ""upserted"": 0, ""signals_ranked"": 5, ""brain_available"": true, ""signals_scanned"": 3, ""signals_approved"": 0, ""signals_excellent"": 0, ""invariant_breaches"": 0, ""trace_nodes_logged"": [""unknown"", ""cleanup"", ""pre_flight"", ""rank"", ""scan"", ""upsert"", ""snapshot"", ""state"", ""gate"", ""invariants""]}}",2026-07-17 08:38:41.389731+00
479,2026-07-17 08:43:49.828352+00,OK,,8388,3,0,"{""result"": {""status"": ""OK"", ""run_time"": ""2026-07-17T08:43:41.420191+00:00"", ""upserted"": 0, ""signals_ranked"": 5, ""brain_available"": true, ""signals_scanned"": 3, ""signals_approved"": 0, ""signals_excellent"": 0, ""invariant_breaches"": 0, ""trace_nodes_logged"": [""unknown"", ""cleanup"", ""pre_flight"", ""rank"", ""scan"", ""upsert"", ""snapshot"", ""state"", ""gate"", ""invariants""]}}",2026-07-17 08:43:49.82853+00
480,2026-07-17 08:48:58.451156+00,OK,,8580,3,0,"{""result"": {""status"": ""OK"", ""run_time"": ""2026-07-17T08:48:49.856549+00:00"", ""upserted"": 0, ""signals_ranked"": 5, ""brain_available"": true, ""signals_scanned"": 3, ""signals_approved"": 0, ""signals_excellent"": 0, ""invariant_breaches"": 0, ""trace_nodes_logged"": [""unknown"", ""cleanup"", ""pre_flight"", ""rank"", ""scan"", ""upsert"", ""snapshot"", ""state"", ""gate"", ""invariants""]}}",2026-07-17 08:48:58.451293+00
481,2026-07-17 08:54:04.936579+00,OK,,6444,1,0,"{""result"": {""status"": ""OK"", ""run_time"": ""2026-07-17T08:53:58.474664+00:00"", ""upserted"": 0, ""signals_ranked"": 5, ""brain_available"": true, ""signals_scanned"": 1, ""signals_approved"": 0, ""signals_excellent"": 0, ""invariant_breaches"": 0, ""trace_nodes_logged"": [""unknown"", ""cleanup"", ""pre_flight"", ""rank"", ""scan"", ""upsert"", ""snapshot"", ""state"", ""gate"", ""invariants""]}}",2026-07-17 08:54:04.936766+00
482,2026-07-17 08:59:13.205862+00,OK,,8237,1,0,"{""result"": {""status"": ""OK"", ""run_time"": ""2026-07-17T08:59:04.953197+00:00"", ""upserted"": 0, ""signals_ranked"": 5, ""brain_available"": true, ""signals_scanned"": 1, ""signals_approved"": 0, ""signals_excellent"": 0, ""invariant_breaches"": 0, ""trace_nodes_logged"": [""unknown"", ""cleanup"", ""pre_flight"", ""rank"", ""scan"", ""upsert"", ""snapshot"", ""state"", ""gate"", ""invariants""]}}",2026-07-17 08:59:13.206016+00
483,2026-07-17 09:04:21.245261+00,OK,,8003,1,0,"{""result"": {""status"": ""OK"", ""run_time"": ""2026-07-17T09:04:13.222995+00:00"", ""upserted"": 0, ""signals_ranked"": 5, ""brain_available"": true, ""signals_scanned"": 1, ""signals_approved"": 0, ""signals_excellent"": 0, ""invariant_breaches"": 0, ""trace_nodes_logged"": [""unknown"", ""cleanup"", ""pre_flight"", ""rank"", ""scan"", ""upsert"", ""snapshot"", ""state"", ""gate"", ""invariants""]}}",2026-07-17 09:04:21.245428+00
484,2026-07-17 09:09:28.226096+00,OK,,6937,1,0,"{""result"": {""status"": ""OK"", ""run_time"": ""2026-07-17T09:09:21.270098+00:00"", ""upserted"": 0, ""signals_ranked"": 5, ""brain_available"": true, ""signals_scanned"": 1, ""signals_approved"": 0, ""signals_excellent"": 0, ""invariant_breaches"": 0, ""trace_nodes_logged"": [""unknown"", ""cleanup"", ""pre_flight"", ""rank"", ""scan"", ""upsert"", ""snapshot"", ""state"", ""gate"", ""invariants""]}}",2026-07-17 09:09:28.226269+00
485,2026-07-17 09:14:37.201672+00,OK,,8931,3,0,"{""result"": {""status"": ""OK"", ""run_time"": ""2026-07-17T09:14:28.251818+00:00"", ""upserted"": 0, ""signals_ranked"": 5, ""brain_available"": true, ""signals_scanned"": 3, ""signals_approved"": 0, ""signals_excellent"": 0, ""invariant_breaches"": 0, ""trace_nodes_logged"": [""unknown"", ""cleanup"", ""pre_flight"", ""rank"", ""scan"", ""upsert"", ""snapshot"", ""state"", ""gate"", ""invariants""]}}",2026-07-17 09:14:37.201841+00
486,2026-07-17 09:19:44.111395+00,OK,,6868,3,0,"{""result"": {""status"": ""OK"", ""run_time"": ""2026-07-17T09:19:37.227013+00:00"", ""upserted"": 0, ""signals_ranked"": 5, ""brain_available"": true, ""signals_scanned"": 3, ""signals_approved"": 0, ""signals_excellent"": 0, ""invariant_breaches"": 0, ""trace_nodes_logged"": [""unknown"", ""cleanup"", ""pre_flight"", ""rank"", ""scan"", ""upsert"", ""snapshot"", ""state"", ""gate"", ""invariants""]}}",2026-07-17 09:19:44.111538+00
487,2026-07-17 09:24:51.939119+00,OK,,7794,3,0,"{""result"": {""status"": ""OK"", ""run_time"": ""2026-07-17T09:24:44.129591+00:00"", ""upserted"": 0, ""signals_ranked"": 5, ""brain_available"": true, ""signals_scanned"": 3, ""signals_approved"": 0, ""signals_excellent"": 0, ""invariant_breaches"": 0, ""trace_nodes_logged"": [""unknown"", ""cleanup"", ""pre_flight"", ""rank"", ""scan"", ""upsert"", ""snapshot"", ""state"", ""gate"", ""invariants""]}}",2026-07-17 09:24:51.93928+00
488,2026-07-17 09:30:00.505332+00,OK,,8526,3,0,"{""result"": {""status"": ""OK"", ""run_time"": ""2026-07-17T09:29:51.958308+00:00"", ""upserted"": 0, ""signals_ranked"": 5, ""brain_available"": true, ""signals_scanned"": 3, ""signals_approved"": 0, ""signals_excellent"": 0, ""invariant_breaches"": 0, ""trace_nodes_logged"": [""unknown"", ""cleanup"", ""pre_flight"", ""rank"", ""scan"", ""upsert"", ""snapshot"", ""state"", ""gate"", ""invariants""]}}",2026-07-17 09:30:00.505503+00
489,2026-07-17 09:35:08.605233+00,OK,,8053,3,1,"{""result"": {""status"": ""OK"", ""run_time"": ""2026-07-17T09:35:00.530452+00:00"", ""upserted"": 1, ""signals_ranked"": 4, ""brain_available"": true, ""signals_scanned"": 3, ""signals_approved"": 1, ""signals_excellent"": 0, ""invariant_breaches"": 0, ""trace_nodes_logged"": [""unknown"", ""cleanup"", ""pre_flight"", ""rank"", ""scan"", ""upsert"", ""snapshot"", ""state"", ""gate"", ""invariants""]}}",2026-07-17 09:35:08.605407+00
490,2026-07-17 09:40:18.492322+00,OK,,9839,3,0,"{""result"": {""status"": ""OK"", ""run_time"": ""2026-07-17T09:40:08.633396+00:00"", ""upserted"": 0, ""signals_ranked"": 4, ""brain_available"": true, ""signals_scanned"": 3, ""signals_approved"": 0, ""signals_excellent"": 0, ""invariant_breaches"": 0, ""trace_nodes_logged"": [""unknown"", ""cleanup"", ""pre_flight"", ""rank"", ""scan"", ""upsert"", ""snapshot"", ""state"", ""gate"", ""invariants""]}}",2026-07-17 09:40:18.492496+00
491,2026-07-17 09:45:27.137203+00,OK,,8600,3,0,"{""result"": {""status"": ""OK"", ""run_time"": ""2026-07-17T09:45:18.517083+00:00"", ""upserted"": 0, ""signals_ranked"": 4, ""brain_available"": true, ""signals_scanned"": 3, ""signals_approved"": 0, ""signals_excellent"": 0, ""invariant_breaches"": 0, ""trace_nodes_logged"": [""unknown"", ""cleanup"", ""pre_flight"", ""rank"", ""scan"", ""upsert"", ""snapshot"", ""state"", ""gate"", ""invariants""]}}",2026-07-17 09:45:27.137376+00
492,2026-07-17 09:50:36.74067+00,OK,,9565,1,0,"{""result"": {""status"": ""OK"", ""run_time"": ""2026-07-17T09:50:27.162366+00:00"", ""upserted"": 0, ""signals_ranked"": 4, ""brain_available"": true, ""signals_scanned"": 1, ""signals_approved"": 0, ""signals_excellent"": 0, ""invariant_breaches"": 0, ""trace_nodes_logged"": [""unknown"", ""cleanup"", ""pre_flight"", ""rank"", ""scan"", ""upsert"", ""snapshot"", ""state"", ""gate"", ""invariants""]}}",2026-07-17 09:50:36.740803+00
493,2026-07-17 09:55:46.472756+00,OK,,9699,1,1,"{""result"": {""status"": ""OK"", ""run_time"": ""2026-07-17T09:55:36.758467+00:00"", ""upserted"": 1, ""signals_ranked"": 4, ""brain_available"": true, ""signals_scanned"": 1, ""signals_approved"": 1, ""signals_excellent"": 0, ""invariant_breaches"": 0, ""trace_nodes_logged"": [""unknown"", ""cleanup"", ""pre_flight"", ""rank"", ""scan"", ""upsert"", ""snapshot"", ""state"", ""gate"", ""invariants""]}}",2026-07-17 09:55:46.472896+00
494,2026-07-17 10:00:56.680093+00,OK,,10167,1,0,"{""result"": {""status"": ""OK"", ""run_time"": ""2026-07-17T10:00:46.491876+00:00"", ""upserted"": 0, ""signals_ranked"": 4, ""brain_available"": true, ""signals_scanned"": 1, ""signals_approved"": 0, ""signals_excellent"": 0, ""invariant_breaches"": 0, ""trace_nodes_logged"": [""unknown"", ""cleanup"", ""pre_flight"", ""rank"", ""scan"", ""upsert"", ""snapshot"", ""state"", ""gate"", ""invariants""]}}",2026-07-17 10:00:56.680271+00
495,2026-07-17 10:06:07.625265+00,OK,,10902,1,0,"{""result"": {""status"": ""OK"", ""run_time"": ""2026-07-17T10:05:56.704081+00:00"", ""upserted"": 0, ""signals_ranked"": 4, ""brain_available"": true, ""signals_scanned"": 1, ""signals_approved"": 0, ""signals_excellent"": 0, ""invariant_breaches"": 0, ""trace_nodes_logged"": [""unknown"", ""cleanup"", ""pre_flight"", ""rank"", ""scan"", ""upsert"", ""snapshot"", ""state"", ""gate"", ""invariants""]}}",2026-07-17 10:06:07.625435+00
496,2026-07-17 10:11:18.629373+00,OK,,10954,3,0,"{""result"": {""status"": ""OK"", ""run_time"": ""2026-07-17T10:11:07.650618+00:00"", ""upserted"": 0, ""signals_ranked"": 3, ""brain_available"": true, ""signals_scanned"": 3, ""signals_approved"": 0, ""signals_excellent"": 0, ""invariant_breaches"": 0, ""trace_nodes_logged"": [""unknown"", ""cleanup"", ""pre_flight"", ""rank"", ""scan"", ""upsert"", ""snapshot"", ""state"", ""gate"", ""invariants""]}}",2026-07-17 10:11:18.629577+00
497,2026-07-17 10:16:28.394237+00,OK,,9721,3,0,"{""result"": {""status"": ""OK"", ""run_time"": ""2026-07-17T10:16:18.657251+00:00"", ""upserted"": 0, ""signals_ranked"": 3, ""brain_available"": true, ""signals_scanned"": 3, ""signals_approved"": 0, ""signals_excellent"": 0, ""invariant_breaches"": 0, ""trace_nodes_logged"": [""unknown"", ""cleanup"", ""pre_flight"", ""rank"", ""scan"", ""upsert"", ""snapshot"", ""state"", ""gate"", ""invariants""]}}",2026-07-17 10:16:28.394379+00
498,2026-07-17 10:21:37.877901+00,OK,,9447,3,0,"{""result"": {""status"": ""OK"", ""run_time"": ""2026-07-17T10:21:28.412515+00:00"", ""upserted"": 0, ""signals_ranked"": 3, ""brain_available"": true, ""signals_scanned"": 3, ""signals_approved"": 0, ""signals_excellent"": 0, ""invariant_breaches"": 0, ""trace_nodes_logged"": [""unknown"", ""cleanup"", ""pre_flight"", ""rank"", ""scan"", ""upsert"", ""snapshot"", ""state"", ""gate"", ""invariants""]}}",2026-07-17 10:21:37.87808+00
499,2026-07-17 10:26:48.810148+00,OK,,10886,3,0,"{""result"": {""status"": ""OK"", ""run_time"": ""2026-07-17T10:26:37.904999+00:00"", ""upserted"": 0, ""signals_ranked"": 3, ""brain_available"": true, ""signals_scanned"": 3, ""signals_approved"": 0, ""signals_excellent"": 0, ""invariant_breaches"": 0, ""trace_nodes_logged"": [""unknown"", ""cleanup"", ""pre_flight"", ""rank"", ""scan"", ""upsert"", ""snapshot"", ""state"", ""gate"", ""invariants""]}}",2026-07-17 10:26:48.810324+00
500,2026-07-17 10:31:56.847421+00,OK,,7999,4,0,"{""result"": {""status"": ""OK"", ""run_time"": ""2026-07-17T10:31:48.834311+00:00"", ""upserted"": 0, ""signals_ranked"": 5, ""brain_available"": true, ""signals_scanned"": 4, ""signals_approved"": 0, ""signals_excellent"": 0, ""invariant_breaches"": 0, ""trace_nodes_logged"": [""unknown"", ""cleanup"", ""pre_flight"", ""rank"", ""scan"", ""upsert"", ""snapshot"", ""state"", ""gate"", ""invariants""]}}",2026-07-17 10:31:56.847554+00
501,2026-07-17 10:37:07.149072+00,OK,,10265,4,0,"{""result"": {""status"": ""OK"", ""run_time"": ""2026-07-17T10:36:56.865076+00:00"", ""upserted"": 0, ""signals_ranked"": 5, ""brain_available"": true, ""signals_scanned"": 4, ""signals_approved"": 0, ""signals_excellent"": 0, ""invariant_breaches"": 0, ""trace_nodes_logged"": [""unknown"", ""cleanup"", ""pre_flight"", ""rank"", ""scan"", ""upsert"", ""snapshot"", ""state"", ""gate"", ""invariants""]}}",2026-07-17 10:37:07.149251+00
502,2026-07-17 10:42:17.872105+00,OK,,10684,4,0,"{""result"": {""status"": ""OK"", ""run_time"": ""2026-07-17T10:42:07.173248+00:00"", ""upserted"": 0, ""signals_ranked"": 5, ""brain_available"": true, ""signals_scanned"": 4, ""signals_approved"": 0, ""signals_excellent"": 0, ""invariant_breaches"": 0, ""trace_nodes_logged"": [""unknown"", ""cleanup"", ""pre_flight"", ""rank"", ""scan"", ""upsert"", ""snapshot"", ""state"", ""gate"", ""invariants""]}}",2026-07-17 10:42:17.872247+00
503,2026-07-17 10:47:29.720491+00,OK,,11806,4,0,"{""result"": {""status"": ""OK"", ""run_time"": ""2026-07-17T10:47:17.889760+00:00"", ""upserted"": 0, ""signals_ranked"": 5, ""brain_available"": true, ""signals_scanned"": 4, ""signals_approved"": 0, ""signals_excellent"": 0, ""invariant_breaches"": 0, ""trace_nodes_logged"": [""unknown"", ""cleanup"", ""pre_flight"", ""rank"", ""scan"", ""upsert"", ""snapshot"", ""state"", ""gate"", ""invariants""]}}",2026-07-17 10:47:29.720707+00
504,2026-07-17 10:52:39.817647+00,OK,,10048,4,0,"{""result"": {""status"": ""OK"", ""run_time"": ""2026-07-17T10:52:29.748073+00:00"", ""upserted"": 0, ""signals_ranked"": 5, ""brain_available"": true, ""signals_scanned"": 4, ""signals_approved"": 0, ""signals_excellent"": 0, ""invariant_breaches"": 0, ""trace_nodes_logged"": [""unknown"", ""cleanup"", ""pre_flight"", ""rank"", ""scan"", ""upsert"", ""snapshot"", ""state"", ""gate"", ""invariants""]}}",2026-07-17 10:52:39.817823+00
505,2026-07-17 10:57:49.506872+00,OK,,9643,4,0,"{""result"": {""status"": ""OK"", ""run_time"": ""2026-07-17T10:57:39.844379+00:00"", ""upserted"": 0, ""signals_ranked"": 5, ""brain_available"": true, ""signals_scanned"": 4, ""signals_approved"": 0, ""signals_excellent"": 0, ""invariant_breaches"": 0, ""trace_nodes_logged"": [""unknown"", ""cleanup"", ""pre_flight"", ""rank"", ""scan"", ""upsert"", ""snapshot"", ""state"", ""gate"", ""invariants""]}}",2026-07-17 10:57:49.507063+00
506,2026-07-17 11:02:59.557337+00,OK,,10006,4,0,"{""result"": {""status"": ""OK"", ""run_time"": ""2026-07-17T11:02:49.532300+00:00"", ""upserted"": 0, ""signals_ranked"": 5, ""brain_available"": true, ""signals_scanned"": 4, ""signals_approved"": 0, ""signals_excellent"": 0, ""invariant_breaches"": 0, ""trace_nodes_logged"": [""unknown"", ""cleanup"", ""pre_flight"", ""rank"", ""scan"", ""upsert"", ""snapshot"", ""state"", ""gate"", ""invariants""]}}",2026-07-17 11:02:59.557505+00
507,2026-07-17 11:08:10.092801+00,OK,,10491,2,0,"{""result"": {""status"": ""OK"", ""run_time"": ""2026-07-17T11:07:59.583999+00:00"", ""upserted"": 0, ""signals_ranked"": 3, ""brain_available"": true, ""signals_scanned"": 2, ""signals_approved"": 0, ""signals_excellent"": 0, ""invariant_breaches"": 0, ""trace_nodes_logged"": [""unknown"", ""cleanup"", ""pre_flight"", ""rank"", ""scan"", ""upsert"", ""snapshot"", ""state"", ""gate"", ""invariants""]}}",2026-07-17 11:08:10.092953+00
508,2026-07-17 11:13:20.615335+00,OK,,10486,2,0,"{""result"": {""status"": ""OK"", ""run_time"": ""2026-07-17T11:13:10.109991+00:00"", ""upserted"": 0, ""signals_ranked"": 3, ""brain_available"": true, ""signals_scanned"": 2, ""signals_approved"": 0, ""signals_excellent"": 0, ""invariant_breaches"": 0, ""trace_nodes_logged"": [""unknown"", ""cleanup"", ""pre_flight"", ""rank"", ""scan"", ""upsert"", ""snapshot"", ""state"", ""gate"", ""invariants""]}}",2026-07-17 11:13:20.615506+00
509,2026-07-17 11:18:29.905631+00,OK,,9244,2,0,"{""result"": {""status"": ""OK"", ""run_time"": ""2026-07-17T11:18:20.641815+00:00"", ""upserted"": 0, ""signals_ranked"": 3, ""brain_available"": true, ""signals_scanned"": 2, ""signals_approved"": 0, ""signals_excellent"": 0, ""invariant_breaches"": 0, ""trace_nodes_logged"": [""unknown"", ""cleanup"", ""pre_flight"", ""rank"", ""scan"", ""upsert"", ""snapshot"", ""state"", ""gate"", ""invariants""]}}",2026-07-17 11:18:29.905802+00
510,2026-07-17 11:23:39.236807+00,OK,,9290,2,0,"{""result"": {""status"": ""OK"", ""run_time"": ""2026-07-17T11:23:29.931330+00:00"", ""upserted"": 0, ""signals_ranked"": 3, ""brain_available"": true, ""signals_scanned"": 2, ""signals_approved"": 0, ""signals_excellent"": 0, ""invariant_breaches"": 0, ""trace_nodes_logged"": [""unknown"", ""cleanup"", ""pre_flight"", ""rank"", ""scan"", ""upsert"", ""snapshot"", ""state"", ""gate"", ""invariants""]}}",2026-07-17 11:23:39.236949+00
511,2026-07-17 11:28:48.632166+00,OK,,9360,2,0,"{""result"": {""status"": ""OK"", ""run_time"": ""2026-07-17T11:28:39.253338+00:00"", ""upserted"": 0, ""signals_ranked"": 3, ""brain_available"": true, ""signals_scanned"": 2, ""signals_approved"": 0, ""signals_excellent"": 0, ""invariant_breaches"": 0, ""trace_nodes_logged"": [""unknown"", ""cleanup"", ""pre_flight"", ""rank"", ""scan"", ""upsert"", ""snapshot"", ""state"", ""gate"", ""invariants""]}}",2026-07-17 11:28:48.632338+00
512,2026-07-17 11:33:57.554953+00,OK,,8879,2,0,"{""result"": {""status"": ""OK"", ""run_time"": ""2026-07-17T11:33:48.656579+00:00"", ""upserted"": 0, ""signals_ranked"": 3, ""brain_available"": true, ""signals_scanned"": 2, ""signals_approved"": 0, ""signals_excellent"": 0, ""invariant_breaches"": 0, ""trace_nodes_logged"": [""unknown"", ""cleanup"", ""pre_flight"", ""rank"", ""scan"", ""upsert"", ""snapshot"", ""state"", ""gate"", ""invariants""]}}",2026-07-17 11:33:57.555138+00
513,2026-07-17 11:39:06.786377+00,OK,,9186,2,0,"{""result"": {""status"": ""OK"", ""run_time"": ""2026-07-17T11:38:57.580408+00:00"", ""upserted"": 0, ""signals_ranked"": 3, ""brain_available"": true, ""signals_scanned"": 2, ""signals_approved"": 0, ""signals_excellent"": 0, ""invariant_breaches"": 0, ""trace_nodes_logged"": [""unknown"", ""cleanup"", ""pre_flight"", ""rank"", ""scan"", ""upsert"", ""snapshot"", ""state"", ""gate"", ""invariants""]}}",2026-07-17 11:39:06.786547+00
514,2026-07-17 11:44:17.415485+00,OK,,10585,2,0,"{""result"": {""status"": ""OK"", ""run_time"": ""2026-07-17T11:44:06.811856+00:00"", ""upserted"": 0, ""signals_ranked"": 3, ""brain_available"": true, ""signals_scanned"": 2, ""signals_approved"": 0, ""signals_excellent"": 0, ""invariant_breaches"": 0, ""trace_nodes_logged"": [""unknown"", ""cleanup"", ""pre_flight"", ""rank"", ""scan"", ""upsert"", ""snapshot"", ""state"", ""gate"", ""invariants""]}}",2026-07-17 11:44:17.415661+00
515,2026-07-17 11:49:26.837781+00,OK,,9376,2,1,"{""result"": {""status"": ""OK"", ""run_time"": ""2026-07-17T11:49:17.441467+00:00"", ""upserted"": 1, ""signals_ranked"": 3, ""brain_available"": true, ""signals_scanned"": 2, ""signals_approved"": 1, ""signals_excellent"": 0, ""invariant_breaches"": 0, ""trace_nodes_logged"": [""unknown"", ""cleanup"", ""pre_flight"", ""rank"", ""scan"", ""upsert"", ""snapshot"", ""state"", ""gate"", ""invariants""]}}",2026-07-17 11:49:26.837958+00
516,2026-07-17 11:54:36.930679+00,OK,,10049,2,1,"{""result"": {""status"": ""OK"", ""run_time"": ""2026-07-17T11:54:26.862848+00:00"", ""upserted"": 1, ""signals_ranked"": 3, ""brain_available"": true, ""signals_scanned"": 2, ""signals_approved"": 1, ""signals_excellent"": 0, ""invariant_breaches"": 0, ""trace_nodes_logged"": [""unknown"", ""cleanup"", ""pre_flight"", ""rank"", ""scan"", ""upsert"", ""snapshot"", ""state"", ""gate"", ""invariants""]}}",2026-07-17 11:54:36.930853+00
517,2026-07-17 11:59:46.791376+00,OK,,9813,2,1,"{""result"": {""status"": ""OK"", ""run_time"": ""2026-07-17T11:59:36.954748+00:00"", ""upserted"": 1, ""signals_ranked"": 3, ""brain_available"": true, ""signals_scanned"": 2, ""signals_approved"": 1, ""signals_excellent"": 0, ""invariant_breaches"": 0, ""trace_nodes_logged"": [""unknown"", ""cleanup"", ""pre_flight"", ""rank"", ""scan"", ""upsert"", ""snapshot"", ""state"", ""gate"", ""invariants""]}}",2026-07-17 11:59:46.791566+00
518,2026-07-17 12:04:57.684549+00,OK,,10845,1,1,"{""result"": {""status"": ""OK"", ""run_time"": ""2026-07-17T12:04:46.817563+00:00"", ""upserted"": 1, ""signals_ranked"": 3, ""brain_available"": true, ""signals_scanned"": 1, ""signals_approved"": 1, ""signals_excellent"": 0, ""invariant_breaches"": 0, ""trace_nodes_logged"": [""unknown"", ""cleanup"", ""pre_flight"", ""rank"", ""scan"", ""upsert"", ""snapshot"", ""state"", ""gate"", ""invariants""]}}",2026-07-17 12:04:57.68477+00
519,2026-07-17 12:10:07.492394+00,OK,,9763,0,1,"{""result"": {""status"": ""OK"", ""run_time"": ""2026-07-17T12:09:57.710739+00:00"", ""upserted"": 1, ""signals_ranked"": 3, ""brain_available"": true, ""signals_scanned"": 0, ""signals_approved"": 1, ""signals_excellent"": 0, ""invariant_breaches"": 0, ""trace_nodes_logged"": [""unknown"", ""cleanup"", ""pre_flight"", ""rank"", ""scan"", ""upsert"", ""snapshot"", ""state"", ""gate"", ""invariants""]}}",2026-07-17 12:10:07.492598+00
520,2026-07-17 12:15:16.622657+00,OK,,9099,0,1,"{""result"": {""status"": ""OK"", ""run_time"": ""2026-07-17T12:15:07.508845+00:00"", ""upserted"": 1, ""signals_ranked"": 3, ""brain_available"": true, ""signals_scanned"": 0, ""signals_approved"": 1, ""signals_excellent"": 0, ""invariant_breaches"": 0, ""trace_nodes_logged"": [""unknown"", ""cleanup"", ""pre_flight"", ""rank"", ""scan"", ""upsert"", ""snapshot"", ""state"", ""gate"", ""invariants""]}}",2026-07-17 12:15:16.6228+00
521,2026-07-17 12:20:27.124066+00,OK,,10464,0,1,"{""result"": {""status"": ""OK"", ""run_time"": ""2026-07-17T12:20:16.639726+00:00"", ""upserted"": 1, ""signals_ranked"": 3, ""brain_available"": true, ""signals_scanned"": 0, ""signals_approved"": 1, ""signals_excellent"": 0, ""invariant_breaches"": 0, ""trace_nodes_logged"": [""unknown"", ""cleanup"", ""pre_flight"", ""rank"", ""scan"", ""upsert"", ""snapshot"", ""state"", ""gate"", ""invariants""]}}",2026-07-17 12:20:27.124242+00
522,2026-07-17 12:25:35.647332+00,OK,,8477,0,1,"{""result"": {""status"": ""OK"", ""run_time"": ""2026-07-17T12:25:27.150592+00:00"", ""upserted"": 1, ""signals_ranked"": 3, ""brain_available"": true, ""signals_scanned"": 0, ""signals_approved"": 1, ""signals_excellent"": 0, ""invariant_breaches"": 0, ""trace_nodes_logged"": [""unknown"", ""cleanup"", ""pre_flight"", ""rank"", ""scan"", ""upsert"", ""snapshot"", ""state"", ""gate"", ""invariants""]}}",2026-07-17 12:25:35.6475+00
523,2026-07-17 12:30:46.156514+00,OK,,10470,0,1,"{""result"": {""status"": ""OK"", ""run_time"": ""2026-07-17T12:30:35.673447+00:00"", ""upserted"": 1, ""signals_ranked"": 3, ""brain_available"": true, ""signals_scanned"": 0, ""signals_approved"": 1, ""signals_excellent"": 0, ""invariant_breaches"": 0, ""trace_nodes_logged"": [""unknown"", ""cleanup"", ""pre_flight"", ""rank"", ""scan"", ""upsert"", ""snapshot"", ""state"", ""gate"", ""invariants""]}}",2026-07-17 12:30:46.156648+00
524,2026-07-17 12:35:54.247102+00,OK,,8055,0,1,"{""result"": {""status"": ""OK"", ""run_time"": ""2026-07-17T12:35:46.172724+00:00"", ""upserted"": 1, ""signals_ranked"": 3, ""brain_available"": true, ""signals_scanned"": 0, ""signals_approved"": 1, ""signals_excellent"": 0, ""invariant_breaches"": 0, ""trace_nodes_logged"": [""unknown"", ""cleanup"", ""pre_flight"", ""rank"", ""scan"", ""upsert"", ""snapshot"", ""state"", ""gate"", ""invariants""]}}",2026-07-17 12:35:54.247279+00
525,2026-07-17 12:41:04.15844+00,OK,,9867,0,1,"{""result"": {""status"": ""OK"", ""run_time"": ""2026-07-17T12:40:54.271577+00:00"", ""upserted"": 1, ""signals_ranked"": 3, ""brain_available"": true, ""signals_scanned"": 0, ""signals_approved"": 1, ""signals_excellent"": 0, ""invariant_breaches"": 0, ""trace_nodes_logged"": [""unknown"", ""cleanup"", ""pre_flight"", ""rank"", ""scan"", ""upsert"", ""snapshot"", ""state"", ""gate"", ""invariants""]}}",2026-07-17 12:41:04.158573+00
526,2026-07-17 12:46:13.540241+00,OK,,9342,0,1,"{""result"": {""status"": ""OK"", ""run_time"": ""2026-07-17T12:46:04.177075+00:00"", ""upserted"": 1, ""signals_ranked"": 3, ""brain_available"": true, ""signals_scanned"": 0, ""signals_approved"": 1, ""signals_excellent"": 0, ""invariant_breaches"": 0, ""trace_nodes_logged"": [""unknown"", ""cleanup"", ""pre_flight"", ""rank"", ""scan"", ""upsert"", ""snapshot"", ""state"", ""gate"", ""invariants""]}}",2026-07-17 12:46:13.540412+00
527,2026-07-17 12:51:21.869359+00,OK,,8281,0,1,"{""result"": {""status"": ""OK"", ""run_time"": ""2026-07-17T12:51:13.565621+00:00"", ""upserted"": 1, ""signals_ranked"": 3, ""brain_available"": true, ""signals_scanned"": 0, ""signals_approved"": 1, ""signals_excellent"": 0, ""invariant_breaches"": 0, ""trace_nodes_logged"": [""unknown"", ""cleanup"", ""pre_flight"", ""rank"", ""scan"", ""upsert"", ""snapshot"", ""state"", ""gate"", ""invariants""]}}",2026-07-17 12:51:21.869527+00
528,2026-07-17 12:56:29.783119+00,OK,,7873,0,1,"{""result"": {""status"": ""OK"", ""run_time"": ""2026-07-17T12:56:21.894626+00:00"", ""upserted"": 1, ""signals_ranked"": 3, ""brain_available"": true, ""signals_scanned"": 0, ""signals_approved"": 1, ""signals_excellent"": 0, ""invariant_breaches"": 0, ""trace_nodes_logged"": [""unknown"", ""cleanup"", ""pre_flight"", ""rank"", ""scan"", ""upsert"", ""snapshot"", ""state"", ""gate"", ""invariants""]}}",2026-07-17 12:56:29.783259+00
529,2026-07-17 13:01:41.009478+00,OK,,11181,0,1,"{""result"": {""status"": ""OK"", ""run_time"": ""2026-07-17T13:01:29.800015+00:00"", ""upserted"": 1, ""signals_ranked"": 3, ""brain_available"": true, ""signals_scanned"": 0, ""signals_approved"": 1, ""signals_excellent"": 0, ""invariant_breaches"": 1, ""trace_nodes_logged"": [""unknown"", ""cleanup"", ""pre_flight"", ""rank"", ""scan"", ""upsert"", ""snapshot"", ""state"", ""gate"", ""invariants""]}}",2026-07-17 13:01:41.009684+00
530,2026-07-17 13:06:50.863213+00,OK,,9807,1,0,"{""result"": {""status"": ""OK"", ""run_time"": ""2026-07-17T13:06:41.036726+00:00"", ""upserted"": 0, ""signals_ranked"": 1, ""brain_available"": true, ""signals_scanned"": 1, ""signals_approved"": 0, ""signals_excellent"": 0, ""invariant_breaches"": 0, ""trace_nodes_logged"": [""unknown"", ""cleanup"", ""pre_flight"", ""rank"", ""scan"", ""upsert"", ""snapshot"", ""state"", ""gate"", ""invariants""]}}",2026-07-17 13:06:50.863387+00
531,2026-07-17 13:11:58.420299+00,OK,,7507,1,0,"{""result"": {""status"": ""OK"", ""run_time"": ""2026-07-17T13:11:50.893526+00:00"", ""upserted"": 0, ""signals_ranked"": 1, ""brain_available"": true, ""signals_scanned"": 1, ""signals_approved"": 0, ""signals_excellent"": 0, ""invariant_breaches"": 0, ""trace_nodes_logged"": [""unknown"", ""cleanup"", ""pre_flight"", ""rank"", ""scan"", ""upsert"", ""snapshot"", ""state"", ""gate"", ""invariants""]}}",2026-07-17 13:11:58.420472+00
532,2026-07-17 13:17:04.974388+00,OK,,6508,1,0,"{""result"": {""status"": ""OK"", ""run_time"": ""2026-07-17T13:16:58.445971+00:00"", ""upserted"": 0, ""signals_ranked"": 1, ""brain_available"": true, ""signals_scanned"": 1, ""signals_approved"": 0, ""signals_excellent"": 0, ""invariant_breaches"": 0, ""trace_nodes_logged"": [""unknown"", ""cleanup"", ""pre_flight"", ""rank"", ""scan"", ""upsert"", ""snapshot"", ""state"", ""gate"", ""invariants""]}}",2026-07-17 13:17:04.974559+00
533,2026-07-17 13:22:12.165068+00,OK,,7145,1,0,"{""result"": {""status"": ""OK"", ""run_time"": ""2026-07-17T13:22:05.001197+00:00"", ""upserted"": 0, ""signals_ranked"": 1, ""brain_available"": true, ""signals_scanned"": 1, ""signals_approved"": 0, ""signals_excellent"": 0, ""invariant_breaches"": 0, ""trace_nodes_logged"": [""unknown"", ""cleanup"", ""pre_flight"", ""rank"", ""scan"", ""upsert"", ""snapshot"", ""state"", ""gate"", ""invariants""]}}",2026-07-17 13:22:12.165272+00
534,2026-07-17 13:27:18.84138+00,OK,,6633,1,0,"{""result"": {""status"": ""OK"", ""run_time"": ""2026-07-17T13:27:12.187572+00:00"", ""upserted"": 0, ""signals_ranked"": 1, ""brain_available"": true, ""signals_scanned"": 1, ""signals_approved"": 0, ""signals_excellent"": 0, ""invariant_breaches"": 0, ""trace_nodes_logged"": [""unknown"", ""cleanup"", ""pre_flight"", ""rank"", ""scan"", ""upsert"", ""snapshot"", ""state"", ""gate"", ""invariants""]}}",2026-07-17 13:27:18.841553+00
535,2026-07-17 13:32:25.495351+00,OK,,6607,1,0,"{""result"": {""status"": ""OK"", ""run_time"": ""2026-07-17T13:32:18.866683+00:00"", ""upserted"": 0, ""signals_ranked"": 1, ""brain_available"": true, ""signals_scanned"": 1, ""signals_approved"": 0, ""signals_excellent"": 0, ""invariant_breaches"": 0, ""trace_nodes_logged"": [""unknown"", ""cleanup"", ""pre_flight"", ""rank"", ""scan"", ""upsert"", ""snapshot"", ""state"", ""gate"", ""invariants""]}}",2026-07-17 13:32:25.495531+00
536,2026-07-17 13:37:31.022746+00,OK,,5481,1,1,"{""result"": {""status"": ""OK"", ""run_time"": ""2026-07-17T13:37:25.522820+00:00"", ""upserted"": 1, ""signals_ranked"": 1, ""brain_available"": true, ""signals_scanned"": 1, ""signals_approved"": 1, ""signals_excellent"": 0, ""invariant_breaches"": 0, ""trace_nodes_logged"": [""unknown"", ""cleanup"", ""pre_flight"", ""rank"", ""scan"", ""upsert"", ""snapshot"", ""state"", ""gate"", ""invariants""]}}",2026-07-17 13:37:31.022918+00
537,2026-07-17 13:42:36.828271+00,OK,,5760,5,1,"{""result"": {""status"": ""OK"", ""run_time"": ""2026-07-17T13:42:31.047783+00:00"", ""upserted"": 1, ""signals_ranked"": 4, ""brain_available"": true, ""signals_scanned"": 5, ""signals_approved"": 1, ""signals_excellent"": 0, ""invariant_breaches"": 1, ""trace_nodes_logged"": [""unknown"", ""cleanup"", ""pre_flight"", ""rank"", ""scan"", ""upsert"", ""snapshot"", ""state"", ""gate"", ""invariants""]}}",2026-07-17 13:42:36.828443+00
538,2026-07-17 13:47:44.19107+00,OK,,7320,5,0,"{""result"": {""status"": ""OK"", ""run_time"": ""2026-07-17T13:47:36.854154+00:00"", ""upserted"": 0, ""signals_ranked"": 4, ""brain_available"": true, ""signals_scanned"": 5, ""signals_approved"": 0, ""signals_excellent"": 0, ""invariant_breaches"": 0, ""trace_nodes_logged"": [""unknown"", ""cleanup"", ""pre_flight"", ""rank"", ""scan"", ""upsert"", ""snapshot"", ""state"", ""gate"", ""invariants""]}}",2026-07-17 13:47:44.191227+00
539,2026-07-17 13:52:51.643357+00,OK,,7417,5,0,"{""result"": {""status"": ""OK"", ""run_time"": ""2026-07-17T13:52:44.209174+00:00"", ""upserted"": 0, ""signals_ranked"": 4, ""brain_available"": true, ""signals_scanned"": 5, ""signals_approved"": 0, ""signals_excellent"": 0, ""invariant_breaches"": 0, ""trace_nodes_logged"": [""unknown"", ""cleanup"", ""pre_flight"", ""rank"", ""scan"", ""upsert"", ""snapshot"", ""state"", ""gate"", ""invariants""]}}",2026-07-17 13:52:51.64349+00
540,2026-07-17 13:57:57.566019+00,OK,,5887,5,0,"{""result"": {""status"": ""OK"", ""run_time"": ""2026-07-17T13:57:51.660072+00:00"", ""upserted"": 0, ""signals_ranked"": 4, ""brain_available"": true, ""signals_scanned"": 5, ""signals_approved"": 0, ""signals_excellent"": 0, ""invariant_breaches"": 0, ""trace_nodes_logged"": [""unknown"", ""cleanup"", ""pre_flight"", ""rank"", ""scan"", ""upsert"", ""snapshot"", ""state"", ""gate"", ""invariants""]}}",2026-07-17 13:57:57.566206+00
541,2026-07-17 14:03:04.180374+00,OK,,6568,3,0,"{""result"": {""status"": ""OK"", ""run_time"": ""2026-07-17T14:02:57.591628+00:00"", ""upserted"": 0, ""signals_ranked"": 4, ""brain_available"": true, ""signals_scanned"": 3, ""signals_approved"": 0, ""signals_excellent"": 0, ""invariant_breaches"": 0, ""trace_nodes_logged"": [""unknown"", ""cleanup"", ""pre_flight"", ""rank"", ""scan"", ""upsert"", ""snapshot"", ""state"", ""gate"", ""invariants""]}}",2026-07-17 14:03:04.180553+00
542,2026-07-17 14:08:09.774391+00,OK,,5548,2,0,"{""result"": {""status"": ""OK"", ""run_time"": ""2026-07-17T14:08:04.206939+00:00"", ""upserted"": 0, ""signals_ranked"": 4, ""brain_available"": true, ""signals_scanned"": 2, ""signals_approved"": 0, ""signals_excellent"": 0, ""invariant_breaches"": 0, ""trace_nodes_logged"": [""unknown"", ""cleanup"", ""pre_flight"", ""rank"", ""scan"", ""upsert"", ""snapshot"", ""state"", ""gate"", ""invariants""]}}",2026-07-17 14:08:09.774565+00
543,2026-07-17 14:13:13.918801+00,OK,,4101,2,0,"{""result"": {""status"": ""OK"", ""run_time"": ""2026-07-17T14:13:09.797944+00:00"", ""upserted"": 0, ""signals_ranked"": 4, ""brain_available"": true, ""signals_scanned"": 2, ""signals_approved"": 0, ""signals_excellent"": 0, ""invariant_breaches"": 0, ""trace_nodes_logged"": [""unknown"", ""cleanup"", ""pre_flight"", ""rank"", ""scan"", ""upsert"", ""snapshot"", ""state"", ""gate"", ""invariants""]}}",2026-07-17 14:13:13.918972+00
544,2026-07-17 14:18:19.469123+00,OK,,5509,1,0,"{""result"": {""status"": ""OK"", ""run_time"": ""2026-07-17T14:18:13.942811+00:00"", ""upserted"": 0, ""signals_ranked"": 4, ""brain_available"": true, ""signals_scanned"": 1, ""signals_approved"": 0, ""signals_excellent"": 0, ""invariant_breaches"": 0, ""trace_nodes_logged"": [""unknown"", ""cleanup"", ""pre_flight"", ""rank"", ""scan"", ""upsert"", ""snapshot"", ""state"", ""gate"", ""invariants""]}}",2026-07-17 14:18:19.469279+00
545,2026-07-17 14:23:25.108328+00,OK,,5602,0,0,"{""result"": {""status"": ""OK"", ""run_time"": ""2026-07-17T14:23:19.487301+00:00"", ""upserted"": 0, ""signals_ranked"": 4, ""brain_available"": true, ""signals_scanned"": 0, ""signals_approved"": 0, ""signals_excellent"": 0, ""invariant_breaches"": 0, ""trace_nodes_logged"": [""unknown"", ""cleanup"", ""pre_flight"", ""rank"", ""scan"", ""upsert"", ""snapshot"", ""state"", ""gate"", ""invariants""]}}",2026-07-17 14:23:25.108502+00
546,2026-07-17 14:28:30.714324+00,OK,,5553,0,0,"{""result"": {""status"": ""OK"", ""run_time"": ""2026-07-17T14:28:25.140593+00:00"", ""upserted"": 0, ""signals_ranked"": 4, ""brain_available"": true, ""signals_scanned"": 0, ""signals_approved"": 0, ""signals_excellent"": 0, ""invariant_breaches"": 0, ""trace_nodes_logged"": [""unknown"", ""cleanup"", ""pre_flight"", ""rank"", ""scan"", ""upsert"", ""snapshot"", ""state"", ""gate"", ""invariants""]}}",2026-07-17 14:28:30.714498+00
547,2026-07-17 14:33:36.316388+00,OK,,5557,0,0,"{""result"": {""status"": ""OK"", ""run_time"": ""2026-07-17T14:33:30.740000+00:00"", ""upserted"": 0, ""signals_ranked"": 4, ""brain_available"": true, ""signals_scanned"": 0, ""signals_approved"": 0, ""signals_excellent"": 0, ""invariant_breaches"": 0, ""trace_nodes_logged"": [""unknown"", ""cleanup"", ""pre_flight"", ""rank"", ""scan"", ""upsert"", ""snapshot"", ""state"", ""gate"", ""invariants""]}}",2026-07-17 14:33:36.316552+00
548,2026-07-17 14:38:42.191999+00,OK,,5824,0,0,"{""result"": {""status"": ""OK"", ""run_time"": ""2026-07-17T14:38:36.343167+00:00"", ""upserted"": 0, ""signals_ranked"": 4, ""brain_available"": true, ""signals_scanned"": 0, ""signals_approved"": 0, ""signals_excellent"": 0, ""invariant_breaches"": 0, ""trace_nodes_logged"": [""unknown"", ""cleanup"", ""pre_flight"", ""rank"", ""scan"", ""upsert"", ""snapshot"", ""state"", ""gate"", ""invariants""]}}",2026-07-17 14:38:42.192223+00
549,2026-07-17 14:43:47.827347+00,OK,,5580,0,0,"{""result"": {""status"": ""OK"", ""run_time"": ""2026-07-17T14:43:42.227980+00:00"", ""upserted"": 0, ""signals_ranked"": 4, ""brain_available"": true, ""signals_scanned"": 0, ""signals_approved"": 0, ""signals_excellent"": 0, ""invariant_breaches"": 0, ""trace_nodes_logged"": [""unknown"", ""cleanup"", ""pre_flight"", ""rank"", ""scan"", ""upsert"", ""snapshot"", ""state"", ""gate"", ""invariants""]}}",2026-07-17 14:43:47.827521+00
550,2026-07-17 14:48:53.479512+00,OK,,5607,0,0,"{""result"": {""status"": ""OK"", ""run_time"": ""2026-07-17T14:48:47.852928+00:00"", ""upserted"": 0, ""signals_ranked"": 4, ""brain_available"": true, ""signals_scanned"": 0, ""signals_approved"": 0, ""signals_excellent"": 0, ""invariant_breaches"": 0, ""trace_nodes_logged"": [""unknown"", ""cleanup"", ""pre_flight"", ""rank"", ""scan"", ""upsert"", ""snapshot"", ""state"", ""gate"", ""invariants""]}}",2026-07-17 14:48:53.479679+00
551,2026-07-17 14:53:58.509451+00,OK,,4986,0,0,"{""result"": {""status"": ""OK"", ""run_time"": ""2026-07-17T14:53:53.503759+00:00"", ""upserted"": 0, ""signals_ranked"": 4, ""brain_available"": true, ""signals_scanned"": 0, ""signals_approved"": 0, ""signals_excellent"": 0, ""invariant_breaches"": 0, ""trace_nodes_logged"": [""unknown"", ""cleanup"", ""pre_flight"", ""rank"", ""scan"", ""upsert"", ""snapshot"", ""state"", ""gate"", ""invariants""]}}",2026-07-17 14:53:58.509628+00
552,2026-07-17 14:59:04.140722+00,OK,,5587,2,0,"{""result"": {""status"": ""OK"", ""run_time"": ""2026-07-17T14:58:58.534313+00:00"", ""upserted"": 0, ""signals_ranked"": 5, ""brain_available"": true, ""signals_scanned"": 2, ""signals_approved"": 0, ""signals_excellent"": 0, ""invariant_breaches"": 0, ""trace_nodes_logged"": [""unknown"", ""cleanup"", ""pre_flight"", ""rank"", ""scan"", ""upsert"", ""snapshot"", ""state"", ""gate"", ""invariants""]}}",2026-07-17 14:59:04.140897+00
553,2026-07-17 15:04:09.975218+00,OK,,5791,2,0,"{""result"": {""status"": ""OK"", ""run_time"": ""2026-07-17T15:04:04.166362+00:00"", ""upserted"": 0, ""signals_ranked"": 5, ""brain_available"": true, ""signals_scanned"": 2, ""signals_approved"": 0, ""signals_excellent"": 0, ""invariant_breaches"": 0, ""trace_nodes_logged"": [""unknown"", ""cleanup"", ""pre_flight"", ""rank"", ""scan"", ""upsert"", ""snapshot"", ""state"", ""gate"", ""invariants""]}}",2026-07-17 15:04:09.975408+00
554,2026-07-17 15:09:15.666278+00,OK,,5653,2,0,"{""result"": {""status"": ""OK"", ""run_time"": ""2026-07-17T15:09:09.991552+00:00"", ""upserted"": 0, ""signals_ranked"": 5, ""brain_available"": true, ""signals_scanned"": 2, ""signals_approved"": 0, ""signals_excellent"": 0, ""invariant_breaches"": 0, ""trace_nodes_logged"": [""unknown"", ""cleanup"", ""pre_flight"", ""rank"", ""scan"", ""upsert"", ""snapshot"", ""state"", ""gate"", ""invariants""]}}",2026-07-17 15:09:15.666447+00
555,2026-07-17 15:14:21.304458+00,OK,,5595,2,0,"{""result"": {""status"": ""OK"", ""run_time"": ""2026-07-17T15:14:15.690230+00:00"", ""upserted"": 0, ""signals_ranked"": 5, ""brain_available"": true, ""signals_scanned"": 2, ""signals_approved"": 0, ""signals_excellent"": 0, ""invariant_breaches"": 0, ""trace_nodes_logged"": [""unknown"", ""cleanup"", ""pre_flight"", ""rank"", ""scan"", ""upsert"", ""snapshot"", ""state"", ""gate"", ""invariants""]}}",2026-07-17 15:14:21.304629+00
556,2026-07-17 15:19:26.751718+00,OK,,5400,2,0,"{""result"": {""status"": ""OK"", ""run_time"": ""2026-07-17T15:19:21.329631+00:00"", ""upserted"": 0, ""signals_ranked"": 5, ""brain_available"": true, ""signals_scanned"": 2, ""signals_approved"": 0, ""signals_excellent"": 0, ""invariant_breaches"": 0, ""trace_nodes_logged"": [""unknown"", ""cleanup"", ""pre_flight"", ""rank"", ""scan"", ""upsert"", ""snapshot"", ""state"", ""gate"", ""invariants""]}}",2026-07-17 15:19:26.751896+00
557,2026-07-17 15:24:30.912224+00,OK,,4113,2,0,"{""result"": {""status"": ""OK"", ""run_time"": ""2026-07-17T15:24:26.776556+00:00"", ""upserted"": 0, ""signals_ranked"": 5, ""brain_available"": true, ""signals_scanned"": 2, ""signals_approved"": 0, ""signals_excellent"": 0, ""invariant_breaches"": 0, ""trace_nodes_logged"": [""unknown"", ""cleanup"", ""pre_flight"", ""rank"", ""scan"", ""upsert"", ""snapshot"", ""state"", ""gate"", ""invariants""]}}",2026-07-17 15:24:30.912399+00
558,2026-07-17 15:29:36.474275+00,OK,,5518,2,0,"{""result"": {""status"": ""OK"", ""run_time"": ""2026-07-17T15:29:30.937137+00:00"", ""upserted"": 0, ""signals_ranked"": 5, ""brain_available"": true, ""signals_scanned"": 2, ""signals_approved"": 0, ""signals_excellent"": 0, ""invariant_breaches"": 0, ""trace_nodes_logged"": [""unknown"", ""cleanup"", ""pre_flight"", ""rank"", ""scan"", ""upsert"", ""snapshot"", ""state"", ""gate"", ""invariants""]}}",2026-07-17 15:29:36.474444+00
559,2026-07-17 15:34:42.203799+00,OK,,5683,1,0,"{""result"": {""status"": ""OK"", ""run_time"": ""2026-07-17T15:34:36.501059+00:00"", ""upserted"": 0, ""signals_ranked"": 5, ""brain_available"": true, ""signals_scanned"": 1, ""signals_approved"": 0, ""signals_excellent"": 0, ""invariant_breaches"": 0, ""trace_nodes_logged"": [""unknown"", ""cleanup"", ""pre_flight"", ""rank"", ""scan"", ""upsert"", ""snapshot"", ""state"", ""gate"", ""invariants""]}}",2026-07-17 15:34:42.203976+00
560,2026-07-17 15:39:47.400199+00,OK,,5151,3,0,"{""result"": {""status"": ""OK"", ""run_time"": ""2026-07-17T15:39:42.229841+00:00"", ""upserted"": 0, ""signals_ranked"": 4, ""brain_available"": true, ""signals_scanned"": 3, ""signals_approved"": 0, ""signals_excellent"": 0, ""invariant_breaches"": 0, ""trace_nodes_logged"": [""unknown"", ""cleanup"", ""pre_flight"", ""rank"", ""scan"", ""upsert"", ""snapshot"", ""state"", ""gate"", ""invariants""]}}",2026-07-17 15:39:47.400371+00
561,2026-07-17 15:44:52.89434+00,OK,,5448,3,0,"{""result"": {""status"": ""OK"", ""run_time"": ""2026-07-17T15:44:47.426672+00:00"", ""upserted"": 0, ""signals_ranked"": 4, ""brain_available"": true, ""signals_scanned"": 3, ""signals_approved"": 0, ""signals_excellent"": 0, ""invariant_breaches"": 0, ""trace_nodes_logged"": [""unknown"", ""cleanup"", ""pre_flight"", ""rank"", ""scan"", ""upsert"", ""snapshot"", ""state"", ""gate"", ""invariants""]}}",2026-07-17 15:44:52.894507+00
562,2026-07-17 15:49:58.604091+00,OK,,5662,3,0,"{""result"": {""status"": ""OK"", ""run_time"": ""2026-07-17T15:49:52.920055+00:00"", ""upserted"": 0, ""signals_ranked"": 4, ""brain_available"": true, ""signals_scanned"": 3, ""signals_approved"": 0, ""signals_excellent"": 0, ""invariant_breaches"": 0, ""trace_nodes_logged"": [""unknown"", ""cleanup"", ""pre_flight"", ""rank"", ""scan"", ""upsert"", ""snapshot"", ""state"", ""gate"", ""invariants""]}}",2026-07-17 15:49:58.60428+00
563,2026-07-17 15:55:04.738191+00,OK,,6089,0,0,"{""result"": {""status"": ""OK"", ""run_time"": ""2026-07-17T15:54:58.629532+00:00"", ""upserted"": 0, ""signals_ranked"": 4, ""brain_available"": true, ""signals_scanned"": 0, ""signals_approved"": 0, ""signals_excellent"": 0, ""invariant_breaches"": 0, ""trace_nodes_logged"": [""unknown"", ""cleanup"", ""pre_flight"", ""rank"", ""scan"", ""upsert"", ""snapshot"", ""state"", ""gate"", ""invariants""]}}",2026-07-17 15:55:04.738378+00
564,2026-07-17 16:00:09.578698+00,OK,,4796,0,0,"{""result"": {""status"": ""OK"", ""run_time"": ""2026-07-17T16:00:04.763800+00:00"", ""upserted"": 0, ""signals_ranked"": 4, ""brain_available"": true, ""signals_scanned"": 0, ""signals_approved"": 0, ""signals_excellent"": 0, ""invariant_breaches"": 0, ""trace_nodes_logged"": [""unknown"", ""cleanup"", ""pre_flight"", ""rank"", ""scan"", ""upsert"", ""snapshot"", ""state"", ""gate"", ""invariants""]}}",2026-07-17 16:00:09.578866+00
565,2026-07-17 16:05:15.173517+00,OK,,5551,0,0,"{""result"": {""status"": ""OK"", ""run_time"": ""2026-07-17T16:05:09.603080+00:00"", ""upserted"": 0, ""signals_ranked"": 3, ""brain_available"": true, ""signals_scanned"": 0, ""signals_approved"": 0, ""signals_excellent"": 0, ""invariant_breaches"": 0, ""trace_nodes_logged"": [""unknown"", ""cleanup"", ""pre_flight"", ""rank"", ""scan"", ""upsert"", ""snapshot"", ""state"", ""gate"", ""invariants""]}}",2026-07-17 16:05:15.173691+00
566,2026-07-17 16:10:20.825728+00,OK,,5608,0,0,"{""result"": {""status"": ""OK"", ""run_time"": ""2026-07-17T16:10:15.198026+00:00"", ""upserted"": 0, ""signals_ranked"": 3, ""brain_available"": true, ""signals_scanned"": 0, ""signals_approved"": 0, ""signals_excellent"": 0, ""invariant_breaches"": 0, ""trace_nodes_logged"": [""unknown"", ""cleanup"", ""pre_flight"", ""rank"", ""scan"", ""upsert"", ""snapshot"", ""state"", ""gate"", ""invariants""]}}",2026-07-17 16:10:20.825902+00
567,2026-07-17 16:15:26.28295+00,OK,,5407,2,0,"{""result"": {""status"": ""OK"", ""run_time"": ""2026-07-17T16:15:20.853503+00:00"", ""upserted"": 0, ""signals_ranked"": 3, ""brain_available"": true, ""signals_scanned"": 2, ""signals_approved"": 0, ""signals_excellent"": 0, ""invariant_breaches"": 0, ""trace_nodes_logged"": [""unknown"", ""cleanup"", ""pre_flight"", ""rank"", ""scan"", ""upsert"", ""snapshot"", ""state"", ""gate"", ""invariants""]}}",2026-07-17 16:15:26.283154+00
568,2026-07-17 16:20:31.129529+00,OK,,4800,2,0,"{""result"": {""status"": ""OK"", ""run_time"": ""2026-07-17T16:20:26.310067+00:00"", ""upserted"": 0, ""signals_ranked"": 3, ""brain_available"": true, ""signals_scanned"": 2, ""signals_approved"": 0, ""signals_excellent"": 0, ""invariant_breaches"": 0, ""trace_nodes_logged"": [""unknown"", ""cleanup"", ""pre_flight"", ""rank"", ""scan"", ""upsert"", ""snapshot"", ""state"", ""gate"", ""invariants""]}}",2026-07-17 16:20:31.129702+00
569,2026-07-17 16:25:36.527407+00,OK,,5353,2,0,"{""result"": {""status"": ""OK"", ""run_time"": ""2026-07-17T16:25:31.154884+00:00"", ""upserted"": 0, ""signals_ranked"": 3, ""brain_available"": true, ""signals_scanned"": 2, ""signals_approved"": 0, ""signals_excellent"": 0, ""invariant_breaches"": 0, ""trace_nodes_logged"": [""unknown"", ""cleanup"", ""pre_flight"", ""rank"", ""scan"", ""upsert"", ""snapshot"", ""state"", ""gate"", ""invariants""]}}",2026-07-17 16:25:36.527577+00
570,2026-07-17 16:30:41.654128+00,OK,,5079,2,0,"{""result"": {""status"": ""OK"", ""run_time"": ""2026-07-17T16:30:36.554165+00:00"", ""upserted"": 0, ""signals_ranked"": 3, ""brain_available"": true, ""signals_scanned"": 2, ""signals_approved"": 0, ""signals_excellent"": 0, ""invariant_breaches"": 0, ""trace_nodes_logged"": [""unknown"", ""cleanup"", ""pre_flight"", ""rank"", ""scan"", ""upsert"", ""snapshot"", ""state"", ""gate"", ""invariants""]}}",2026-07-17 16:30:41.654301+00
571,2026-07-17 16:35:45.744329+00,OK,,4044,1,0,"{""result"": {""status"": ""OK"", ""run_time"": ""2026-07-17T16:35:41.680664+00:00"", ""upserted"": 0, ""signals_ranked"": 3, ""brain_available"": true, ""signals_scanned"": 1, ""signals_approved"": 0, ""signals_excellent"": 0, ""invariant_breaches"": 0, ""trace_nodes_logged"": [""unknown"", ""cleanup"", ""pre_flight"", ""rank"", ""scan"", ""upsert"", ""snapshot"", ""state"", ""gate"", ""invariants""]}}",2026-07-17 16:35:45.744503+00
572,2026-07-17 16:40:50.877494+00,OK,,5088,1,0,"{""result"": {""status"": ""OK"", ""run_time"": ""2026-07-17T16:40:45.770966+00:00"", ""upserted"": 0, ""signals_ranked"": 3, ""brain_available"": true, ""signals_scanned"": 1, ""signals_approved"": 0, ""signals_excellent"": 0, ""invariant_breaches"": 0, ""trace_nodes_logged"": [""unknown"", ""cleanup"", ""pre_flight"", ""rank"", ""scan"", ""upsert"", ""snapshot"", ""state"", ""gate"", ""invariants""]}}",2026-07-17 16:40:50.877667+00
573,2026-07-17 16:45:55.95756+00,OK,,5035,1,0,"{""result"": {""status"": ""OK"", ""run_time"": ""2026-07-17T16:45:50.903415+00:00"", ""upserted"": 0, ""signals_ranked"": 3, ""brain_available"": true, ""signals_scanned"": 1, ""signals_approved"": 0, ""signals_excellent"": 0, ""invariant_breaches"": 0, ""trace_nodes_logged"": [""unknown"", ""cleanup"", ""pre_flight"", ""rank"", ""scan"", ""upsert"", ""snapshot"", ""state"", ""gate"", ""invariants""]}}",2026-07-17 16:45:55.957729+00
574,2026-07-17 16:51:00.470768+00,OK,,4466,1,0,"{""result"": {""status"": ""OK"", ""run_time"": ""2026-07-17T16:50:55.984033+00:00"", ""upserted"": 0, ""signals_ranked"": 3, ""brain_available"": true, ""signals_scanned"": 1, ""signals_approved"": 0, ""signals_excellent"": 0, ""invariant_breaches"": 0, ""trace_nodes_logged"": [""unknown"", ""cleanup"", ""pre_flight"", ""rank"", ""scan"", ""upsert"", ""snapshot"", ""state"", ""gate"", ""invariants""]}}",2026-07-17 16:51:00.470964+00
575,2026-07-17 16:56:04.97898+00,OK,,4462,0,0,"{""result"": {""status"": ""OK"", ""run_time"": ""2026-07-17T16:56:00.496261+00:00"", ""upserted"": 0, ""signals_ranked"": 3, ""brain_available"": true, ""signals_scanned"": 0, ""signals_approved"": 0, ""signals_excellent"": 0, ""invariant_breaches"": 0, ""trace_nodes_logged"": [""unknown"", ""cleanup"", ""pre_flight"", ""rank"", ""scan"", ""upsert"", ""snapshot"", ""state"", ""gate"", ""invariants""]}}",2026-07-17 16:56:04.979172+00
576,2026-07-17 17:01:09.506578+00,OK,,4482,0,0,"{""result"": {""status"": ""OK"", ""run_time"": ""2026-07-17T17:01:05.003092+00:00"", ""upserted"": 0, ""signals_ranked"": 3, ""brain_available"": true, ""signals_scanned"": 0, ""signals_approved"": 0, ""signals_excellent"": 0, ""invariant_breaches"": 0, ""trace_nodes_logged"": [""unknown"", ""cleanup"", ""pre_flight"", ""rank"", ""scan"", ""upsert"", ""snapshot"", ""state"", ""gate"", ""invariants""]}}",2026-07-17 17:01:09.506762+00
577,2026-07-17 17:06:14.094911+00,OK,,4543,0,0,"{""result"": {""status"": ""OK"", ""run_time"": ""2026-07-17T17:06:09.532058+00:00"", ""upserted"": 0, ""signals_ranked"": 3, ""brain_available"": true, ""signals_scanned"": 0, ""signals_approved"": 0, ""signals_excellent"": 0, ""invariant_breaches"": 0, ""trace_nodes_logged"": [""unknown"", ""cleanup"", ""pre_flight"", ""rank"", ""scan"", ""upsert"", ""snapshot"", ""state"", ""gate"", ""invariants""]}}",2026-07-17 17:06:14.095107+00
578,2026-07-17 17:11:19.186181+00,OK,,5051,0,0,"{""result"": {""status"": ""OK"", ""run_time"": ""2026-07-17T17:11:14.118660+00:00"", ""upserted"": 0, ""signals_ranked"": 3, ""brain_available"": true, ""signals_scanned"": 0, ""signals_approved"": 0, ""signals_excellent"": 0, ""invariant_breaches"": 0, ""trace_nodes_logged"": [""unknown"", ""cleanup"", ""pre_flight"", ""rank"", ""scan"", ""upsert"", ""snapshot"", ""state"", ""gate"", ""invariants""]}}",2026-07-17 17:11:19.18632+00
579,2026-07-17 17:16:22.533489+00,OK,,3301,1,0,"{""result"": {""status"": ""OK"", ""run_time"": ""2026-07-17T17:16:19.212421+00:00"", ""upserted"": 0, ""signals_ranked"": 3, ""brain_available"": true, ""signals_scanned"": 1, ""signals_approved"": 0, ""signals_excellent"": 0, ""invariant_breaches"": 0, ""trace_nodes_logged"": [""unknown"", ""cleanup"", ""pre_flight"", ""rank"", ""scan"", ""upsert"", ""snapshot"", ""state"", ""gate"", ""invariants""]}}",2026-07-17 17:16:22.533662+00
580,2026-07-17 17:21:26.498184+00,OK,,3922,1,0,"{""result"": {""status"": ""OK"", ""run_time"": ""2026-07-17T17:21:22.557487+00:00"", ""upserted"": 0, ""signals_ranked"": 3, ""brain_available"": true, ""signals_scanned"": 1, ""signals_approved"": 0, ""signals_excellent"": 0, ""invariant_breaches"": 0, ""trace_nodes_logged"": [""unknown"", ""cleanup"", ""pre_flight"", ""rank"", ""scan"", ""upsert"", ""snapshot"", ""state"", ""gate"", ""invariants""]}}",2026-07-17 17:21:26.498358+00
581,2026-07-17 17:26:30.997987+00,OK,,4455,1,0,"{""result"": {""status"": ""OK"", ""run_time"": ""2026-07-17T17:26:26.522630+00:00"", ""upserted"": 0, ""signals_ranked"": 3, ""brain_available"": true, ""signals_scanned"": 1, ""signals_approved"": 0, ""signals_excellent"": 0, ""invariant_breaches"": 0, ""trace_nodes_logged"": [""unknown"", ""cleanup"", ""pre_flight"", ""rank"", ""scan"", ""upsert"", ""snapshot"", ""state"", ""gate"", ""invariants""]}}",2026-07-17 17:26:30.998185+00
582,2026-07-17 17:31:34.593681+00,OK,,3552,2,0,"{""result"": {""status"": ""OK"", ""run_time"": ""2026-07-17T17:31:31.022161+00:00"", ""upserted"": 0, ""signals_ranked"": 4, ""brain_available"": true, ""signals_scanned"": 2, ""signals_approved"": 0, ""signals_excellent"": 0, ""invariant_breaches"": 0, ""trace_nodes_logged"": [""unknown"", ""cleanup"", ""pre_flight"", ""rank"", ""scan"", ""upsert"", ""snapshot"", ""state"", ""gate"", ""invariants""]}}",2026-07-17 17:31:34.593852+00
583,2026-07-17 17:36:39.132192+00,OK,,4497,2,0,"{""result"": {""status"": ""OK"", ""run_time"": ""2026-07-17T17:36:34.619041+00:00"", ""upserted"": 0, ""signals_ranked"": 4, ""brain_available"": true, ""signals_scanned"": 2, ""signals_approved"": 0, ""signals_excellent"": 0, ""invariant_breaches"": 0, ""trace_nodes_logged"": [""unknown"", ""cleanup"", ""pre_flight"", ""rank"", ""scan"", ""upsert"", ""snapshot"", ""state"", ""gate"", ""invariants""]}}",2026-07-17 17:36:39.132331+00
584,2026-07-17 17:41:43.699471+00,OK,,4529,2,0,"{""result"": {""status"": ""OK"", ""run_time"": ""2026-07-17T17:41:39.150074+00:00"", ""upserted"": 0, ""signals_ranked"": 4, ""brain_available"": true, ""signals_scanned"": 2, ""signals_approved"": 0, ""signals_excellent"": 0, ""invariant_breaches"": 0, ""trace_nodes_logged"": [""unknown"", ""cleanup"", ""pre_flight"", ""rank"", ""scan"", ""upsert"", ""snapshot"", ""state"", ""gate"", ""invariants""]}}",2026-07-17 17:41:43.699641+00
585,2026-07-17 17:46:48.310741+00,OK,,4568,2,0,"{""result"": {""status"": ""OK"", ""run_time"": ""2026-07-17T17:46:43.723496+00:00"", ""upserted"": 0, ""signals_ranked"": 4, ""brain_available"": true, ""signals_scanned"": 2, ""signals_approved"": 0, ""signals_excellent"": 0, ""invariant_breaches"": 0, ""trace_nodes_logged"": [""unknown"", ""cleanup"", ""pre_flight"", ""rank"", ""scan"", ""upsert"", ""snapshot"", ""state"", ""gate"", ""invariants""]}}",2026-07-17 17:46:48.310911+00
586,2026-07-17 17:51:52.262237+00,OK,,3905,0,0,"{""result"": {""status"": ""OK"", ""run_time"": ""2026-07-17T17:51:48.337783+00:00"", ""upserted"": 0, ""signals_ranked"": 3, ""brain_available"": true, ""signals_scanned"": 0, ""signals_approved"": 0, ""signals_excellent"": 0, ""invariant_breaches"": 0, ""trace_nodes_logged"": [""unknown"", ""cleanup"", ""pre_flight"", ""rank"", ""scan"", ""upsert"", ""snapshot"", ""state"", ""gate"", ""invariants""]}}",2026-07-17 17:51:52.262407+00
587,2026-07-17 17:56:56.186403+00,OK,,3879,0,0,"{""result"": {""status"": ""OK"", ""run_time"": ""2026-07-17T17:56:52.287990+00:00"", ""upserted"": 0, ""signals_ranked"": 3, ""brain_available"": true, ""signals_scanned"": 0, ""signals_approved"": 0, ""signals_excellent"": 0, ""invariant_breaches"": 0, ""trace_nodes_logged"": [""unknown"", ""cleanup"", ""pre_flight"", ""rank"", ""scan"", ""upsert"", ""snapshot"", ""state"", ""gate"", ""invariants""]}}",2026-07-17 17:56:56.186571+00
588,2026-07-17 18:01:59.975483+00,OK,,3747,0,0,"{""result"": {""status"": ""OK"", ""run_time"": ""2026-07-17T18:01:56.213294+00:00"", ""upserted"": 0, ""signals_ranked"": 3, ""brain_available"": true, ""signals_scanned"": 0, ""signals_approved"": 0, ""signals_excellent"": 0, ""invariant_breaches"": 0, ""trace_nodes_logged"": [""unknown"", ""cleanup"", ""pre_flight"", ""rank"", ""scan"", ""upsert"", ""snapshot"", ""state"", ""gate"", ""invariants""]}}",2026-07-17 18:01:59.975623+00
589,2026-07-17 18:07:04.526016+00,OK,,4514,0,0,"{""result"": {""status"": ""OK"", ""run_time"": ""2026-07-17T18:06:59.992192+00:00"", ""upserted"": 0, ""signals_ranked"": 3, ""brain_available"": true, ""signals_scanned"": 0, ""signals_approved"": 0, ""signals_excellent"": 0, ""invariant_breaches"": 0, ""trace_nodes_logged"": [""unknown"", ""cleanup"", ""pre_flight"", ""rank"", ""scan"", ""upsert"", ""snapshot"", ""state"", ""gate"", ""invariants""]}}",2026-07-17 18:07:04.526204+00
590,2026-07-17 18:12:09.002122+00,OK,,4433,0,0,"{""result"": {""status"": ""OK"", ""run_time"": ""2026-07-17T18:12:04.550350+00:00"", ""upserted"": 0, ""signals_ranked"": 3, ""brain_available"": true, ""signals_scanned"": 0, ""signals_approved"": 0, ""signals_excellent"": 0, ""invariant_breaches"": 0, ""trace_nodes_logged"": [""unknown"", ""cleanup"", ""pre_flight"", ""rank"", ""scan"", ""upsert"", ""snapshot"", ""state"", ""gate"", ""invariants""]}}",2026-07-17 18:12:09.002296+00
591,2026-07-17 18:17:12.987486+00,OK,,3942,0,0,"{""result"": {""status"": ""OK"", ""run_time"": ""2026-07-17T18:17:09.026252+00:00"", ""upserted"": 0, ""signals_ranked"": 3, ""brain_available"": true, ""signals_scanned"": 0, ""signals_approved"": 0, ""signals_excellent"": 0, ""invariant_breaches"": 0, ""trace_nodes_logged"": [""unknown"", ""cleanup"", ""pre_flight"", ""rank"", ""scan"", ""upsert"", ""snapshot"", ""state"", ""gate"", ""invariants""]}}",2026-07-17 18:17:12.987659+00
592,2026-07-17 18:22:17.536604+00,OK,,4503,0,0,"{""result"": {""status"": ""OK"", ""run_time"": ""2026-07-17T18:22:13.014443+00:00"", ""upserted"": 0, ""signals_ranked"": 3, ""brain_available"": true, ""signals_scanned"": 0, ""signals_approved"": 0, ""signals_excellent"": 0, ""invariant_breaches"": 0, ""trace_nodes_logged"": [""unknown"", ""cleanup"", ""pre_flight"", ""rank"", ""scan"", ""upsert"", ""snapshot"", ""state"", ""gate"", ""invariants""]}}",2026-07-17 18:22:17.536777+00
593,2026-07-17 18:27:21.986331+00,OK,,4403,0,0,"{""result"": {""status"": ""OK"", ""run_time"": ""2026-07-17T18:27:17.562807+00:00"", ""upserted"": 0, ""signals_ranked"": 3, ""brain_available"": true, ""signals_scanned"": 0, ""signals_approved"": 0, ""signals_excellent"": 0, ""invariant_breaches"": 0, ""trace_nodes_logged"": [""unknown"", ""cleanup"", ""pre_flight"", ""rank"", ""scan"", ""upsert"", ""snapshot"", ""state"", ""gate"", ""invariants""]}}",2026-07-17 18:27:21.986497+00
594,2026-07-17 18:32:26.39166+00,OK,,4357,2,0,"{""result"": {""status"": ""OK"", ""run_time"": ""2026-07-17T18:32:22.011964+00:00"", ""upserted"": 0, ""signals_ranked"": 2, ""brain_available"": true, ""signals_scanned"": 2, ""signals_approved"": 0, ""signals_excellent"": 0, ""invariant_breaches"": 0, ""trace_nodes_logged"": [""unknown"", ""cleanup"", ""pre_flight"", ""rank"", ""scan"", ""upsert"", ""snapshot"", ""state"", ""gate"", ""invariants""]}}",2026-07-17 18:32:26.391833+00
595,2026-07-17 18:37:30.860734+00,OK,,4424,2,0,"{""result"": {""status"": ""OK"", ""run_time"": ""2026-07-17T18:37:26.417312+00:00"", ""upserted"": 0, ""signals_ranked"": 2, ""brain_available"": true, ""signals_scanned"": 2, ""signals_approved"": 0, ""signals_excellent"": 0, ""invariant_breaches"": 0, ""trace_nodes_logged"": [""unknown"", ""cleanup"", ""pre_flight"", ""rank"", ""scan"", ""upsert"", ""snapshot"", ""state"", ""gate"", ""invariants""]}}",2026-07-17 18:37:30.860909+00
596,2026-07-17 18:42:34.742098+00,OK,,3837,2,0,"{""result"": {""status"": ""OK"", ""run_time"": ""2026-07-17T18:42:30.885755+00:00"", ""upserted"": 0, ""signals_ranked"": 2, ""brain_available"": true, ""signals_scanned"": 2, ""signals_approved"": 0, ""signals_excellent"": 0, ""invariant_breaches"": 0, ""trace_nodes_logged"": [""unknown"", ""cleanup"", ""pre_flight"", ""rank"", ""scan"", ""upsert"", ""snapshot"", ""state"", ""gate"", ""invariants""]}}",2026-07-17 18:42:34.742274+00
597,2026-07-17 18:47:39.399255+00,OK,,4609,2,0,"{""result"": {""status"": ""OK"", ""run_time"": ""2026-07-17T18:47:34.766624+00:00"", ""upserted"": 0, ""signals_ranked"": 3, ""brain_available"": true, ""signals_scanned"": 2, ""signals_approved"": 0, ""signals_excellent"": 0, ""invariant_breaches"": 0, ""trace_nodes_logged"": [""unknown"", ""cleanup"", ""pre_flight"", ""rank"", ""scan"", ""upsert"", ""snapshot"", ""state"", ""gate"", ""invariants""]}}",2026-07-17 18:47:39.399488+00
598,2026-07-17 18:52:43.23089+00,OK,,3790,2,0,"{""result"": {""status"": ""OK"", ""run_time"": ""2026-07-17T18:52:39.425513+00:00"", ""upserted"": 0, ""signals_ranked"": 2, ""brain_available"": true, ""signals_scanned"": 2, ""signals_approved"": 0, ""signals_excellent"": 0, ""invariant_breaches"": 0, ""trace_nodes_logged"": [""unknown"", ""cleanup"", ""pre_flight"", ""rank"", ""scan"", ""upsert"", ""snapshot"", ""state"", ""gate"", ""invariants""]}}",2026-07-17 18:52:43.231043+00
599,2026-07-17 18:57:47.841916+00,OK,,4574,2,0,"{""result"": {""status"": ""OK"", ""run_time"": ""2026-07-17T18:57:43.248938+00:00"", ""upserted"": 0, ""signals_ranked"": 2, ""brain_available"": true, ""signals_scanned"": 2, ""signals_approved"": 0, ""signals_excellent"": 0, ""invariant_breaches"": 0, ""trace_nodes_logged"": [""unknown"", ""cleanup"", ""pre_flight"", ""rank"", ""scan"", ""upsert"", ""snapshot"", ""state"", ""gate"", ""invariants""]}}",2026-07-17 18:57:47.842101+00
600,2026-07-17 19:02:52.310036+00,OK,,4422,2,0,"{""result"": {""status"": ""OK"", ""run_time"": ""2026-07-17T19:02:47.866552+00:00"", ""upserted"": 0, ""signals_ranked"": 2, ""brain_available"": true, ""signals_scanned"": 2, ""signals_approved"": 0, ""signals_excellent"": 0, ""invariant_breaches"": 0, ""trace_nodes_logged"": [""unknown"", ""cleanup"", ""pre_flight"", ""rank"", ""scan"", ""upsert"", ""snapshot"", ""state"", ""gate"", ""invariants""]}}",2026-07-17 19:02:52.31023+00
601,2026-07-17 19:07:56.604319+00,OK,,4249,0,0,"{""result"": {""status"": ""OK"", ""run_time"": ""2026-07-17T19:07:52.335647+00:00"", ""upserted"": 0, ""signals_ranked"": 2, ""brain_available"": true, ""signals_scanned"": 0, ""signals_approved"": 0, ""signals_excellent"": 0, ""invariant_breaches"": 0, ""trace_nodes_logged"": [""unknown"", ""cleanup"", ""pre_flight"", ""rank"", ""scan"", ""upsert"", ""snapshot"", ""state"", ""gate"", ""invariants""]}}",2026-07-17 19:07:56.604492+00
602,2026-07-17 19:13:00.955376+00,OK,,4306,0,0,"{""result"": {""status"": ""OK"", ""run_time"": ""2026-07-17T19:12:56.629519+00:00"", ""upserted"": 0, ""signals_ranked"": 2, ""brain_available"": true, ""signals_scanned"": 0, ""signals_approved"": 0, ""signals_excellent"": 0, ""invariant_breaches"": 0, ""trace_nodes_logged"": [""unknown"", ""cleanup"", ""pre_flight"", ""rank"", ""scan"", ""upsert"", ""snapshot"", ""state"", ""gate"", ""invariants""]}}",2026-07-17 19:13:00.955549+00
603,2026-07-17 19:18:04.850621+00,OK,,3852,0,0,"{""result"": {""status"": ""OK"", ""run_time"": ""2026-07-17T19:18:00.980637+00:00"", ""upserted"": 0, ""signals_ranked"": 2, ""brain_available"": true, ""signals_scanned"": 0, ""signals_approved"": 0, ""signals_excellent"": 0, ""invariant_breaches"": 0, ""trace_nodes_logged"": [""unknown"", ""cleanup"", ""pre_flight"", ""rank"", ""scan"", ""upsert"", ""snapshot"", ""state"", ""gate"", ""invariants""]}}",2026-07-17 19:18:04.850806+00
604,2026-07-17 19:23:09.390496+00,OK,,4497,0,0,"{""result"": {""status"": ""OK"", ""run_time"": ""2026-07-17T19:23:04.873153+00:00"", ""upserted"": 0, ""signals_ranked"": 2, ""brain_available"": true, ""signals_scanned"": 0, ""signals_approved"": 0, ""signals_excellent"": 0, ""invariant_breaches"": 0, ""trace_nodes_logged"": [""unknown"", ""cleanup"", ""pre_flight"", ""rank"", ""scan"", ""upsert"", ""snapshot"", ""state"", ""gate"", ""invariants""]}}",2026-07-17 19:23:09.390691+00
605,2026-07-17 19:28:13.981904+00,OK,,4543,1,0,"{""result"": {""status"": ""OK"", ""run_time"": ""2026-07-17T19:28:09.419250+00:00"", ""upserted"": 0, ""signals_ranked"": 2, ""brain_available"": true, ""signals_scanned"": 1, ""signals_approved"": 0, ""signals_excellent"": 0, ""invariant_breaches"": 0, ""trace_nodes_logged"": [""unknown"", ""cleanup"", ""pre_flight"", ""rank"", ""scan"", ""upsert"", ""snapshot"", ""state"", ""gate"", ""invariants""]}}",2026-07-17 19:28:13.982089+00
606,2026-07-17 19:33:18.564319+00,OK,,4538,1,0,"{""result"": {""status"": ""OK"", ""run_time"": ""2026-07-17T19:33:14.005434+00:00"", ""upserted"": 0, ""signals_ranked"": 2, ""brain_available"": true, ""signals_scanned"": 1, ""signals_approved"": 0, ""signals_excellent"": 0, ""invariant_breaches"": 0, ""trace_nodes_logged"": [""unknown"", ""cleanup"", ""pre_flight"", ""rank"", ""scan"", ""upsert"", ""snapshot"", ""state"", ""gate"", ""invariants""]}}",2026-07-17 19:33:18.564487+00
607,2026-07-17 19:38:22.95921+00,OK,,4347,1,0,"{""result"": {""status"": ""OK"", ""run_time"": ""2026-07-17T19:38:18.591518+00:00"", ""upserted"": 0, ""signals_ranked"": 2, ""brain_available"": true, ""signals_scanned"": 1, ""signals_approved"": 0, ""signals_excellent"": 0, ""invariant_breaches"": 0, ""trace_nodes_logged"": [""unknown"", ""cleanup"", ""pre_flight"", ""rank"", ""scan"", ""upsert"", ""snapshot"", ""state"", ""gate"", ""invariants""]}}",2026-07-17 19:38:22.959382+00
608,2026-07-17 19:43:27.539389+00,OK,,4536,1,0,"{""result"": {""status"": ""OK"", ""run_time"": ""2026-07-17T19:43:22.984281+00:00"", ""upserted"": 0, ""signals_ranked"": 2, ""brain_available"": true, ""signals_scanned"": 1, ""signals_approved"": 0, ""signals_excellent"": 0, ""invariant_breaches"": 0, ""trace_nodes_logged"": [""unknown"", ""cleanup"", ""pre_flight"", ""rank"", ""scan"", ""upsert"", ""snapshot"", ""state"", ""gate"", ""invariants""]}}",2026-07-17 19:43:27.539557+00
609,2026-07-17 19:48:31.865355+00,OK,,4282,1,0,"{""result"": {""status"": ""OK"", ""run_time"": ""2026-07-17T19:48:27.564002+00:00"", ""upserted"": 0, ""signals_ranked"": 2, ""brain_available"": true, ""signals_scanned"": 1, ""signals_approved"": 0, ""signals_excellent"": 0, ""invariant_breaches"": 0, ""trace_nodes_logged"": [""unknown"", ""cleanup"", ""pre_flight"", ""rank"", ""scan"", ""upsert"", ""snapshot"", ""state"", ""gate"", ""invariants""]}}",2026-07-17 19:48:31.865525+00
610,2026-07-17 19:53:36.258548+00,OK,,4348,1,0,"{""result"": {""status"": ""OK"", ""run_time"": ""2026-07-17T19:53:31.890750+00:00"", ""upserted"": 0, ""signals_ranked"": 2, ""brain_available"": true, ""signals_scanned"": 1, ""signals_approved"": 0, ""signals_excellent"": 0, ""invariant_breaches"": 0, ""trace_nodes_logged"": [""unknown"", ""cleanup"", ""pre_flight"", ""rank"", ""scan"", ""upsert"", ""snapshot"", ""state"", ""gate"", ""invariants""]}}",2026-07-17 19:53:36.258716+00
611,2026-07-17 19:58:40.305532+00,OK,,4007,1,0,"{""result"": {""status"": ""OK"", ""run_time"": ""2026-07-17T19:58:36.283003+00:00"", ""upserted"": 0, ""signals_ranked"": 2, ""brain_available"": true, ""signals_scanned"": 1, ""signals_approved"": 0, ""signals_excellent"": 0, ""invariant_breaches"": 0, ""trace_nodes_logged"": [""unknown"", ""cleanup"", ""pre_flight"", ""rank"", ""scan"", ""upsert"", ""snapshot"", ""state"", ""gate"", ""invariants""]}}",2026-07-17 19:58:40.305674+00
612,2026-07-17 20:03:44.949973+00,OK,,4602,1,0,"{""result"": {""status"": ""OK"", ""run_time"": ""2026-07-17T20:03:40.324081+00:00"", ""upserted"": 0, ""signals_ranked"": 3, ""brain_available"": true, ""signals_scanned"": 1, ""signals_approved"": 0, ""signals_excellent"": 0, ""invariant_breaches"": 0, ""trace_nodes_logged"": [""unknown"", ""cleanup"", ""pre_flight"", ""rank"", ""scan"", ""upsert"", ""snapshot"", ""state"", ""gate"", ""invariants""]}}",2026-07-17 20:03:44.950177+00
613,2026-07-17 20:08:49.368901+00,OK,,4367,1,0,"{""result"": {""status"": ""OK"", ""run_time"": ""2026-07-17T20:08:44.979928+00:00"", ""upserted"": 0, ""signals_ranked"": 3, ""brain_available"": true, ""signals_scanned"": 1, ""signals_approved"": 0, ""signals_excellent"": 0, ""invariant_breaches"": 0, ""trace_nodes_logged"": [""unknown"", ""cleanup"", ""pre_flight"", ""rank"", ""scan"", ""upsert"", ""snapshot"", ""state"", ""gate"", ""invariants""]}}",2026-07-17 20:08:49.369085+00
614,2026-07-17 20:13:53.802248+00,OK,,4391,1,0,"{""result"": {""status"": ""OK"", ""run_time"": ""2026-07-17T20:13:49.393159+00:00"", ""upserted"": 0, ""signals_ranked"": 3, ""brain_available"": true, ""signals_scanned"": 1, ""signals_approved"": 0, ""signals_excellent"": 0, ""invariant_breaches"": 0, ""trace_nodes_logged"": [""unknown"", ""cleanup"", ""pre_flight"", ""rank"", ""scan"", ""upsert"", ""snapshot"", ""state"", ""gate"", ""invariants""]}}",2026-07-17 20:13:53.802441+00
615,2026-07-17 20:18:58.191421+00,OK,,4352,1,0,"{""result"": {""status"": ""OK"", ""run_time"": ""2026-07-17T20:18:53.820649+00:00"", ""upserted"": 0, ""signals_ranked"": 3, ""brain_available"": true, ""signals_scanned"": 1, ""signals_approved"": 0, ""signals_excellent"": 0, ""invariant_breaches"": 0, ""trace_nodes_logged"": [""unknown"", ""cleanup"", ""pre_flight"", ""rank"", ""scan"", ""upsert"", ""snapshot"", ""state"", ""gate"", ""invariants""]}}",2026-07-17 20:18:58.191591+00
616,2026-07-17 20:24:02.607664+00,OK,,4369,0,0,"{""result"": {""status"": ""OK"", ""run_time"": ""2026-07-17T20:23:58.216152+00:00"", ""upserted"": 0, ""signals_ranked"": 3, ""brain_available"": true, ""signals_scanned"": 0, ""signals_approved"": 0, ""signals_excellent"": 0, ""invariant_breaches"": 0, ""trace_nodes_logged"": [""unknown"", ""cleanup"", ""pre_flight"", ""rank"", ""scan"", ""upsert"", ""snapshot"", ""state"", ""gate"", ""invariants""]}}",2026-07-17 20:24:02.607837+00
617,2026-07-17 20:29:07.142579+00,OK,,4495,0,0,"{""result"": {""status"": ""OK"", ""run_time"": ""2026-07-17T20:29:02.633896+00:00"", ""upserted"": 0, ""signals_ranked"": 3, ""brain_available"": true, ""signals_scanned"": 0, ""signals_approved"": 0, ""signals_excellent"": 0, ""invariant_breaches"": 0, ""trace_nodes_logged"": [""unknown"", ""cleanup"", ""pre_flight"", ""rank"", ""scan"", ""upsert"", ""snapshot"", ""state"", ""gate"", ""invariants""]}}",2026-07-17 20:29:07.14271+00
618,2026-07-17 20:34:11.643973+00,OK,,4464,0,0,"{""result"": {""status"": ""OK"", ""run_time"": ""2026-07-17T20:34:07.160873+00:00"", ""upserted"": 0, ""signals_ranked"": 3, ""brain_available"": true, ""signals_scanned"": 0, ""signals_approved"": 0, ""signals_excellent"": 0, ""invariant_breaches"": 0, ""trace_nodes_logged"": [""unknown"", ""cleanup"", ""pre_flight"", ""rank"", ""scan"", ""upsert"", ""snapshot"", ""state"", ""gate"", ""invariants""]}}",2026-07-17 20:34:11.644158+00
619,2026-07-17 20:39:16.238566+00,OK,,4550,0,0,"{""result"": {""status"": ""OK"", ""run_time"": ""2026-07-17T20:39:11.669607+00:00"", ""upserted"": 0, ""signals_ranked"": 3, ""brain_available"": true, ""signals_scanned"": 0, ""signals_approved"": 0, ""signals_excellent"": 0, ""invariant_breaches"": 0, ""trace_nodes_logged"": [""unknown"", ""cleanup"", ""pre_flight"", ""rank"", ""scan"", ""upsert"", ""snapshot"", ""state"", ""gate"", ""invariants""]}}",2026-07-17 20:39:16.238738+00
620,2026-07-17 20:44:20.811886+00,OK,,4522,0,0,"{""result"": {""status"": ""OK"", ""run_time"": ""2026-07-17T20:44:16.263247+00:00"", ""upserted"": 0, ""signals_ranked"": 2, ""brain_available"": true, ""signals_scanned"": 0, ""signals_approved"": 0, ""signals_excellent"": 0, ""invariant_breaches"": 0, ""trace_nodes_logged"": [""unknown"", ""cleanup"", ""pre_flight"", ""rank"", ""scan"", ""upsert"", ""snapshot"", ""state"", ""gate"", ""invariants""]}}",2026-07-17 20:44:20.812069+00
621,2026-07-17 20:49:25.212124+00,OK,,4349,0,0,"{""result"": {""status"": ""OK"", ""run_time"": ""2026-07-17T20:49:20.841278+00:00"", ""upserted"": 0, ""signals_ranked"": 2, ""brain_available"": true, ""signals_scanned"": 0, ""signals_approved"": 0, ""signals_excellent"": 0, ""invariant_breaches"": 0, ""trace_nodes_logged"": [""unknown"", ""cleanup"", ""pre_flight"", ""rank"", ""scan"", ""upsert"", ""snapshot"", ""state"", ""gate"", ""invariants""]}}",2026-07-17 20:49:25.212296+00
622,2026-07-17 20:54:29.822284+00,OK,,4563,0,0,"{""result"": {""status"": ""OK"", ""run_time"": ""2026-07-17T20:54:25.238755+00:00"", ""upserted"": 0, ""signals_ranked"": 2, ""brain_available"": true, ""signals_scanned"": 0, ""signals_approved"": 0, ""signals_excellent"": 0, ""invariant_breaches"": 0, ""trace_nodes_logged"": [""unknown"", ""cleanup"", ""pre_flight"", ""rank"", ""scan"", ""upsert"", ""snapshot"", ""state"", ""gate"", ""invariants""]}}",2026-07-17 20:54:29.822459+00
623,2026-07-17 20:59:34.082948+00,OK,,4220,0,0,"{""result"": {""status"": ""OK"", ""run_time"": ""2026-07-17T20:59:29.847449+00:00"", ""upserted"": 0, ""signals_ranked"": 2, ""brain_available"": true, ""signals_scanned"": 0, ""signals_approved"": 0, ""signals_excellent"": 0, ""invariant_breaches"": 0, ""trace_nodes_logged"": [""unknown"", ""cleanup"", ""pre_flight"", ""rank"", ""scan"", ""upsert"", ""snapshot"", ""state"", ""gate"", ""invariants""]}}",2026-07-17 20:59:34.083122+00
624,2026-07-17 21:04:38.472562+00,OK,,4353,2,0,"{""result"": {""status"": ""OK"", ""run_time"": ""2026-07-17T21:04:34.099830+00:00"", ""upserted"": 0, ""signals_ranked"": 2, ""brain_available"": true, ""signals_scanned"": 2, ""signals_approved"": 0, ""signals_excellent"": 0, ""invariant_breaches"": 0, ""trace_nodes_logged"": [""unknown"", ""cleanup"", ""pre_flight"", ""rank"", ""scan"", ""upsert"", ""snapshot"", ""state"", ""gate"", ""invariants""]}}",2026-07-17 21:04:38.472732+00
625,2026-07-17 21:09:43.013641+00,OK,,4502,2,0,"{""result"": {""status"": ""OK"", ""run_time"": ""2026-07-17T21:09:38.497707+00:00"", ""upserted"": 0, ""signals_ranked"": 2, ""brain_available"": true, ""signals_scanned"": 2, ""signals_approved"": 0, ""signals_excellent"": 0, ""invariant_breaches"": 0, ""trace_nodes_logged"": [""unknown"", ""cleanup"", ""pre_flight"", ""rank"", ""scan"", ""upsert"", ""snapshot"", ""state"", ""gate"", ""invariants""]}}",2026-07-17 21:09:43.013824+00
626,2026-07-17 21:14:47.198449+00,OK,,4140,2,0,"{""result"": {""status"": ""OK"", ""run_time"": ""2026-07-17T21:14:43.038523+00:00"", ""upserted"": 0, ""signals_ranked"": 2, ""brain_available"": true, ""signals_scanned"": 2, ""signals_approved"": 0, ""signals_excellent"": 0, ""invariant_breaches"": 0, ""trace_nodes_logged"": [""unknown"", ""cleanup"", ""pre_flight"", ""rank"", ""scan"", ""upsert"", ""snapshot"", ""state"", ""gate"", ""invariants""]}}",2026-07-17 21:14:47.198618+00
627,2026-07-17 21:19:52.193301+00,OK,,4955,1,0,"{""result"": {""status"": ""OK"", ""run_time"": ""2026-07-17T21:19:47.222662+00:00"", ""upserted"": 0, ""signals_ranked"": 2, ""brain_available"": true, ""signals_scanned"": 1, ""signals_approved"": 0, ""signals_excellent"": 0, ""invariant_breaches"": 0, ""trace_nodes_logged"": [""unknown"", ""cleanup"", ""pre_flight"", ""rank"", ""scan"", ""upsert"", ""snapshot"", ""state"", ""gate"", ""invariants""]}}",2026-07-17 21:19:52.193478+00
628,2026-07-17 21:24:56.581008+00,OK,,4348,0,0,"{""result"": {""status"": ""OK"", ""run_time"": ""2026-07-17T21:24:52.212485+00:00"", ""upserted"": 0, ""signals_ranked"": 2, ""brain_available"": true, ""signals_scanned"": 0, ""signals_approved"": 0, ""signals_excellent"": 0, ""invariant_breaches"": 0, ""trace_nodes_logged"": [""unknown"", ""cleanup"", ""pre_flight"", ""rank"", ""scan"", ""upsert"", ""snapshot"", ""state"", ""gate"", ""invariants""]}}",2026-07-17 21:24:56.581197+00
629,2026-07-17 21:30:01.120857+00,OK,,4497,0,0,"{""result"": {""status"": ""OK"", ""run_time"": ""2026-07-17T21:29:56.604892+00:00"", ""upserted"": 0, ""signals_ranked"": 2, ""brain_available"": true, ""signals_scanned"": 0, ""signals_approved"": 0, ""signals_excellent"": 0, ""invariant_breaches"": 0, ""trace_nodes_logged"": [""unknown"", ""cleanup"", ""pre_flight"", ""rank"", ""scan"", ""upsert"", ""snapshot"", ""state"", ""gate"", ""invariants""]}}",2026-07-17 21:30:01.121042+00
630,2026-07-17 21:35:05.327127+00,OK,,4160,0,0,"{""result"": {""status"": ""OK"", ""run_time"": ""2026-07-17T21:35:01.145975+00:00"", ""upserted"": 0, ""signals_ranked"": 2, ""brain_available"": true, ""signals_scanned"": 0, ""signals_approved"": 0, ""signals_excellent"": 0, ""invariant_breaches"": 0, ""trace_nodes_logged"": [""unknown"", ""cleanup"", ""pre_flight"", ""rank"", ""scan"", ""upsert"", ""snapshot"", ""state"", ""gate"", ""invariants""]}}",2026-07-17 21:35:05.327303+00
631,2026-07-17 21:40:10.254454+00,OK,,4888,1,0,"{""result"": {""status"": ""OK"", ""run_time"": ""2026-07-17T21:40:05.351297+00:00"", ""upserted"": 0, ""signals_ranked"": 2, ""brain_available"": true, ""signals_scanned"": 1, ""signals_approved"": 0, ""signals_excellent"": 0, ""invariant_breaches"": 0, ""trace_nodes_logged"": [""unknown"", ""cleanup"", ""pre_flight"", ""rank"", ""scan"", ""upsert"", ""snapshot"", ""state"", ""gate"", ""invariants""]}}",2026-07-17 21:40:10.254654+00
632,2026-07-17 21:45:14.902775+00,OK,,4596,1,0,"{""result"": {""status"": ""OK"", ""run_time"": ""2026-07-17T21:45:10.272216+00:00"", ""upserted"": 0, ""signals_ranked"": 2, ""brain_available"": true, ""signals_scanned"": 1, ""signals_approved"": 0, ""signals_excellent"": 0, ""invariant_breaches"": 0, ""trace_nodes_logged"": [""unknown"", ""cleanup"", ""pre_flight"", ""rank"", ""scan"", ""upsert"", ""snapshot"", ""state"", ""gate"", ""invariants""]}}",2026-07-17 21:45:14.902963+00
633,2026-07-17 21:50:18.918739+00,OK,,3970,1,0,"{""result"": {""status"": ""OK"", ""run_time"": ""2026-07-17T21:50:14.930562+00:00"", ""upserted"": 0, ""signals_ranked"": 2, ""brain_available"": true, ""signals_scanned"": 1, ""signals_approved"": 0, ""signals_excellent"": 0, ""invariant_breaches"": 0, ""trace_nodes_logged"": [""unknown"", ""cleanup"", ""pre_flight"", ""rank"", ""scan"", ""upsert"", ""snapshot"", ""state"", ""gate"", ""invariants""]}}",2026-07-17 21:50:18.918943+00
634,2026-07-17 21:55:23.495234+00,OK,,4537,1,0,"{""result"": {""status"": ""OK"", ""run_time"": ""2026-07-17T21:55:18.937405+00:00"", ""upserted"": 0, ""signals_ranked"": 2, ""brain_available"": true, ""signals_scanned"": 1, ""signals_approved"": 0, ""signals_excellent"": 0, ""invariant_breaches"": 0, ""trace_nodes_logged"": [""unknown"", ""cleanup"", ""pre_flight"", ""rank"", ""scan"", ""upsert"", ""snapshot"", ""state"", ""gate"", ""invariants""]}}",2026-07-17 21:55:23.49541+00
635,2026-07-17 22:00:26.809533+00,OK,,3267,0,0,"{""result"": {""status"": ""OK"", ""run_time"": ""2026-07-17T22:00:23.522078+00:00"", ""upserted"": 0, ""signals_ranked"": 2, ""brain_available"": true, ""signals_scanned"": 0, ""signals_approved"": 0, ""signals_excellent"": 0, ""invariant_breaches"": 0, ""trace_nodes_logged"": [""unknown"", ""cleanup"", ""pre_flight"", ""rank"", ""scan"", ""upsert"", ""snapshot"", ""state"", ""gate"", ""invariants""]}}",2026-07-17 22:00:26.809696+00
636,2026-07-17 22:05:31.41648+00,OK,,4561,0,0,"{""result"": {""status"": ""OK"", ""run_time"": ""2026-07-17T22:05:26.835153+00:00"", ""upserted"": 0, ""signals_ranked"": 2, ""brain_available"": true, ""signals_scanned"": 0, ""signals_approved"": 0, ""signals_excellent"": 0, ""invariant_breaches"": 0, ""trace_nodes_logged"": [""unknown"", ""cleanup"", ""pre_flight"", ""rank"", ""scan"", ""upsert"", ""snapshot"", ""state"", ""gate"", ""invariants""]}}",2026-07-17 22:05:31.416662+00
637,2026-07-17 22:10:36.012819+00,OK,,4551,0,0,"{""result"": {""status"": ""OK"", ""run_time"": ""2026-07-17T22:10:31.442466+00:00"", ""upserted"": 0, ""signals_ranked"": 2, ""brain_available"": true, ""signals_scanned"": 0, ""signals_approved"": 0, ""signals_excellent"": 0, ""invariant_breaches"": 0, ""trace_nodes_logged"": [""unknown"", ""cleanup"", ""pre_flight"", ""rank"", ""scan"", ""upsert"", ""snapshot"", ""state"", ""gate"", ""invariants""]}}",2026-07-17 22:10:36.01299+00
638,2026-07-17 22:15:40.631389+00,OK,,4571,0,0,"{""result"": {""status"": ""OK"", ""run_time"": ""2026-07-17T22:15:36.039299+00:00"", ""upserted"": 0, ""signals_ranked"": 2, ""brain_available"": true, ""signals_scanned"": 0, ""signals_approved"": 0, ""signals_excellent"": 0, ""invariant_breaches"": 0, ""trace_nodes_logged"": [""unknown"", ""cleanup"", ""pre_flight"", ""rank"", ""scan"", ""upsert"", ""snapshot"", ""state"", ""gate"", ""invariants""]}}",2026-07-17 22:15:40.631569+00
639,2026-07-17 22:20:44.669123+00,OK,,3993,1,0,"{""result"": {""status"": ""OK"", ""run_time"": ""2026-07-17T22:20:40.656427+00:00"", ""upserted"": 0, ""signals_ranked"": 2, ""brain_available"": true, ""signals_scanned"": 1, ""signals_approved"": 0, ""signals_excellent"": 0, ""invariant_breaches"": 0, ""trace_nodes_logged"": [""unknown"", ""cleanup"", ""pre_flight"", ""rank"", ""scan"", ""upsert"", ""snapshot"", ""state"", ""gate"", ""invariants""]}}",2026-07-17 22:20:44.669302+00
640,2026-07-17 22:25:48.815442+00,OK,,4102,1,0,"{""result"": {""status"": ""OK"", ""run_time"": ""2026-07-17T22:25:44.693167+00:00"", ""upserted"": 0, ""signals_ranked"": 2, ""brain_available"": true, ""signals_scanned"": 1, ""signals_approved"": 0, ""signals_excellent"": 0, ""invariant_breaches"": 0, ""trace_nodes_logged"": [""unknown"", ""cleanup"", ""pre_flight"", ""rank"", ""scan"", ""upsert"", ""snapshot"", ""state"", ""gate"", ""invariants""]}}",2026-07-17 22:25:48.815614+00
641,2026-07-17 22:30:53.089022+00,OK,,4232,1,0,"{""result"": {""status"": ""OK"", ""run_time"": ""2026-07-17T22:30:48.841026+00:00"", ""upserted"": 0, ""signals_ranked"": 2, ""brain_available"": true, ""signals_scanned"": 1, ""signals_approved"": 0, ""signals_excellent"": 0, ""invariant_breaches"": 0, ""trace_nodes_logged"": [""unknown"", ""cleanup"", ""pre_flight"", ""rank"", ""scan"", ""upsert"", ""snapshot"", ""state"", ""gate"", ""invariants""]}}",2026-07-17 22:30:53.089186+00
642,2026-07-17 22:35:57.588155+00,OK,,4459,1,0,"{""result"": {""status"": ""OK"", ""run_time"": ""2026-07-17T22:35:53.107337+00:00"", ""upserted"": 0, ""signals_ranked"": 2, ""brain_available"": true, ""signals_scanned"": 1, ""signals_approved"": 0, ""signals_excellent"": 0, ""invariant_breaches"": 0, ""trace_nodes_logged"": [""unknown"", ""cleanup"", ""pre_flight"", ""rank"", ""scan"", ""upsert"", ""snapshot"", ""state"", ""gate"", ""invariants""]}}",2026-07-17 22:35:57.588327+00
643,2026-07-17 22:41:02.053962+00,OK,,4422,0,0,"{""result"": {""status"": ""OK"", ""run_time"": ""2026-07-17T22:40:57.612698+00:00"", ""upserted"": 0, ""signals_ranked"": 2, ""brain_available"": true, ""signals_scanned"": 0, ""signals_approved"": 0, ""signals_excellent"": 0, ""invariant_breaches"": 0, ""trace_nodes_logged"": [""unknown"", ""cleanup"", ""pre_flight"", ""rank"", ""scan"", ""upsert"", ""snapshot"", ""state"", ""gate"", ""invariants""]}}",2026-07-17 22:41:02.054152+00
644,2026-07-17 22:46:06.364062+00,OK,,4264,0,0,"{""result"": {""status"": ""OK"", ""run_time"": ""2026-07-17T22:46:02.079022+00:00"", ""upserted"": 0, ""signals_ranked"": 2, ""brain_available"": true, ""signals_scanned"": 0, ""signals_approved"": 0, ""signals_excellent"": 0, ""invariant_breaches"": 0, ""trace_nodes_logged"": [""unknown"", ""cleanup"", ""pre_flight"", ""rank"", ""scan"", ""upsert"", ""snapshot"", ""state"", ""gate"", ""invariants""]}}",2026-07-17 22:46:06.364242+00
645,2026-07-17 22:51:10.821123+00,OK,,4413,0,0,"{""result"": {""status"": ""OK"", ""run_time"": ""2026-07-17T22:51:06.389080+00:00"", ""upserted"": 0, ""signals_ranked"": 2, ""brain_available"": true, ""signals_scanned"": 0, ""signals_approved"": 0, ""signals_excellent"": 0, ""invariant_breaches"": 0, ""trace_nodes_logged"": [""unknown"", ""cleanup"", ""pre_flight"", ""rank"", ""scan"", ""upsert"", ""snapshot"", ""state"", ""gate"", ""invariants""]}}",2026-07-17 22:51:10.821305+00
646,2026-07-17 22:56:15.451435+00,OK,,4587,0,0,"{""result"": {""status"": ""OK"", ""run_time"": ""2026-07-17T22:56:10.847727+00:00"", ""upserted"": 0, ""signals_ranked"": 2, ""brain_available"": true, ""signals_scanned"": 0, ""signals_approved"": 0, ""signals_excellent"": 0, ""invariant_breaches"": 0, ""trace_nodes_logged"": [""unknown"", ""cleanup"", ""pre_flight"", ""rank"", ""scan"", ""upsert"", ""snapshot"", ""state"", ""gate"", ""invariants""]}}",2026-07-17 22:56:15.451582+00
647,2026-07-17 23:01:19.81995+00,OK,,4332,0,0,"{""result"": {""status"": ""OK"", ""run_time"": ""2026-07-17T23:01:15.471811+00:00"", ""upserted"": 0, ""signals_ranked"": 2, ""brain_available"": true, ""signals_scanned"": 0, ""signals_approved"": 0, ""signals_excellent"": 0, ""invariant_breaches"": 0, ""trace_nodes_logged"": [""unknown"", ""cleanup"", ""pre_flight"", ""rank"", ""scan"", ""upsert"", ""snapshot"", ""state"", ""gate"", ""invariants""]}}",2026-07-17 23:01:19.820121+00
648,2026-07-17 23:06:24.387313+00,OK,,4529,0,0,"{""result"": {""status"": ""OK"", ""run_time"": ""2026-07-17T23:06:19.838688+00:00"", ""upserted"": 0, ""signals_ranked"": 2, ""brain_available"": true, ""signals_scanned"": 0, ""signals_approved"": 0, ""signals_excellent"": 0, ""invariant_breaches"": 0, ""trace_nodes_logged"": [""unknown"", ""cleanup"", ""pre_flight"", ""rank"", ""scan"", ""upsert"", ""snapshot"", ""state"", ""gate"", ""invariants""]}}",2026-07-17 23:06:24.387489+00
649,2026-07-17 23:11:27.878773+00,OK,,3445,0,0,"{""result"": {""status"": ""OK"", ""run_time"": ""2026-07-17T23:11:24.412331+00:00"", ""upserted"": 0, ""signals_ranked"": 2, ""brain_available"": true, ""signals_scanned"": 0, ""signals_approved"": 0, ""signals_excellent"": 0, ""invariant_breaches"": 0, ""trace_nodes_logged"": [""unknown"", ""cleanup"", ""pre_flight"", ""rank"", ""scan"", ""upsert"", ""snapshot"", ""state"", ""gate"", ""invariants""]}}",2026-07-17 23:11:27.878947+00
650,2026-07-17 23:16:32.315327+00,OK,,4392,0,0,"{""result"": {""status"": ""OK"", ""run_time"": ""2026-07-17T23:16:27.903912+00:00"", ""upserted"": 0, ""signals_ranked"": 2, ""brain_available"": true, ""signals_scanned"": 0, ""signals_approved"": 0, ""signals_excellent"": 0, ""invariant_breaches"": 0, ""trace_nodes_logged"": [""unknown"", ""cleanup"", ""pre_flight"", ""rank"", ""scan"", ""upsert"", ""snapshot"", ""state"", ""gate"", ""invariants""]}}",2026-07-17 23:16:32.315495+00
651,2026-07-17 23:21:36.818476+00,OK,,4457,0,0,"{""result"": {""status"": ""OK"", ""run_time"": ""2026-07-17T23:21:32.342250+00:00"", ""upserted"": 0, ""signals_ranked"": 1, ""brain_available"": true, ""signals_scanned"": 0, ""signals_approved"": 0, ""signals_excellent"": 0, ""invariant_breaches"": 0, ""trace_nodes_logged"": [""unknown"", ""cleanup"", ""pre_flight"", ""rank"", ""scan"", ""upsert"", ""snapshot"", ""state"", ""gate"", ""invariants""]}}",2026-07-17 23:21:36.818651+00
652,2026-07-17 23:26:41.184626+00,OK,,4323,0,0,"{""result"": {""status"": ""OK"", ""run_time"": ""2026-07-17T23:26:36.842768+00:00"", ""upserted"": 0, ""signals_ranked"": 1, ""brain_available"": true, ""signals_scanned"": 0, ""signals_approved"": 0, ""signals_excellent"": 0, ""invariant_breaches"": 0, ""trace_nodes_logged"": [""unknown"", ""cleanup"", ""pre_flight"", ""rank"", ""scan"", ""upsert"", ""snapshot"", ""state"", ""gate"", ""invariants""]}}",2026-07-17 23:26:41.184801+00
653,2026-07-17 23:31:45.69952+00,OK,,4471,0,0,"{""result"": {""status"": ""OK"", ""run_time"": ""2026-07-17T23:31:41.208973+00:00"", ""upserted"": 0, ""signals_ranked"": 1, ""brain_available"": true, ""signals_scanned"": 0, ""signals_approved"": 0, ""signals_excellent"": 0, ""invariant_breaches"": 0, ""trace_nodes_logged"": [""unknown"", ""cleanup"", ""pre_flight"", ""rank"", ""scan"", ""upsert"", ""snapshot"", ""state"", ""gate"", ""invariants""]}}",2026-07-17 23:31:45.699693+00
654,2026-07-17 23:36:50.111574+00,OK,,4368,0,0,"{""result"": {""status"": ""OK"", ""run_time"": ""2026-07-17T23:36:45.723861+00:00"", ""upserted"": 0, ""signals_ranked"": 1, ""brain_available"": true, ""signals_scanned"": 0, ""signals_approved"": 0, ""signals_excellent"": 0, ""invariant_breaches"": 0, ""trace_nodes_logged"": [""unknown"", ""cleanup"", ""pre_flight"", ""rank"", ""scan"", ""upsert"", ""snapshot"", ""state"", ""gate"", ""invariants""]}}",2026-07-17 23:36:50.11175+00
655,2026-07-17 23:41:54.13668+00,OK,,3987,0,0,"{""result"": {""status"": ""OK"", ""run_time"": ""2026-07-17T23:41:50.136393+00:00"", ""upserted"": 0, ""signals_ranked"": 1, ""brain_available"": true, ""signals_scanned"": 0, ""signals_approved"": 0, ""signals_excellent"": 0, ""invariant_breaches"": 0, ""trace_nodes_logged"": [""unknown"", ""cleanup"", ""pre_flight"", ""rank"", ""scan"", ""upsert"", ""snapshot"", ""state"", ""gate"", ""invariants""]}}",2026-07-17 23:41:54.136811+00
656,2026-07-17 23:46:58.609744+00,OK,,4435,0,0,"{""result"": {""status"": ""OK"", ""run_time"": ""2026-07-17T23:46:54.155298+00:00"", ""upserted"": 0, ""signals_ranked"": 1, ""brain_available"": true, ""signals_scanned"": 0, ""signals_approved"": 0, ""signals_excellent"": 0, ""invariant_breaches"": 0, ""trace_nodes_logged"": [""unknown"", ""cleanup"", ""pre_flight"", ""rank"", ""scan"", ""upsert"", ""snapshot"", ""state"", ""gate"", ""invariants""]}}",2026-07-17 23:46:58.609923+00
657,2026-07-17 23:52:02.919686+00,OK,,4264,0,0,"{""result"": {""status"": ""OK"", ""run_time"": ""2026-07-17T23:51:58.639459+00:00"", ""upserted"": 0, ""signals_ranked"": 1, ""brain_available"": true, ""signals_scanned"": 0, ""signals_approved"": 0, ""signals_excellent"": 0, ""invariant_breaches"": 0, ""trace_nodes_logged"": [""unknown"", ""cleanup"", ""pre_flight"", ""rank"", ""scan"", ""upsert"", ""snapshot"", ""state"", ""gate"", ""invariants""]}}",2026-07-17 23:52:02.919826+00
658,2026-07-17 23:57:06.980697+00,OK,,4023,0,0,"{""result"": {""status"": ""OK"", ""run_time"": ""2026-07-17T23:57:02.937861+00:00"", ""upserted"": 0, ""signals_ranked"": 1, ""brain_available"": true, ""signals_scanned"": 0, ""signals_approved"": 0, ""signals_excellent"": 0, ""invariant_breaches"": 0, ""trace_nodes_logged"": [""unknown"", ""cleanup"", ""pre_flight"", ""rank"", ""scan"", ""upsert"", ""snapshot"", ""state"", ""gate"", ""invariants""]}}",2026-07-17 23:57:06.980866+00
659,2026-07-18 00:02:11.522491+00,OK,,4494,0,0,"{""result"": {""status"": ""OK"", ""run_time"": ""2026-07-18T00:02:07.007211+00:00"", ""upserted"": 0, ""signals_ranked"": 1, ""brain_available"": true, ""signals_scanned"": 0, ""signals_approved"": 0, ""signals_excellent"": 0, ""invariant_breaches"": 0, ""trace_nodes_logged"": [""unknown"", ""cleanup"", ""pre_flight"", ""rank"", ""scan"", ""upsert"", ""snapshot"", ""state"", ""gate"", ""invariants""]}}",2026-07-18 00:02:11.522663+00
660,2026-07-18 00:07:16.108437+00,OK,,4542,0,0,"{""result"": {""status"": ""OK"", ""run_time"": ""2026-07-18T00:07:11.546830+00:00"", ""upserted"": 0, ""signals_ranked"": 1, ""brain_available"": true, ""signals_scanned"": 0, ""signals_approved"": 0, ""signals_excellent"": 0, ""invariant_breaches"": 0, ""trace_nodes_logged"": [""unknown"", ""cleanup"", ""pre_flight"", ""rank"", ""scan"", ""upsert"", ""snapshot"", ""state"", ""gate"", ""invariants""]}}",2026-07-18 00:07:16.108615+00
661,2026-07-18 00:12:20.379654+00,OK,,4226,0,0,"{""result"": {""status"": ""OK"", ""run_time"": ""2026-07-18T00:12:16.134504+00:00"", ""upserted"": 0, ""signals_ranked"": 1, ""brain_available"": true, ""signals_scanned"": 0, ""signals_approved"": 0, ""signals_excellent"": 0, ""invariant_breaches"": 0, ""trace_nodes_logged"": [""unknown"", ""cleanup"", ""pre_flight"", ""rank"", ""scan"", ""upsert"", ""snapshot"", ""state"", ""gate"", ""invariants""]}}",2026-07-18 00:12:20.37995+00
662,2026-07-18 00:17:24.938686+00,OK,,4516,0,0,"{""result"": {""status"": ""OK"", ""run_time"": ""2026-07-18T00:17:20.403533+00:00"", ""upserted"": 0, ""signals_ranked"": 1, ""brain_available"": true, ""signals_scanned"": 0, ""signals_approved"": 0, ""signals_excellent"": 0, ""invariant_breaches"": 0, ""trace_nodes_logged"": [""unknown"", ""cleanup"", ""pre_flight"", ""rank"", ""scan"", ""upsert"", ""snapshot"", ""state"", ""gate"", ""invariants""]}}",2026-07-18 00:17:24.938857+00
663,2026-07-18 00:22:29.176912+00,OK,,4196,0,0,"{""result"": {""status"": ""OK"", ""run_time"": ""2026-07-18T00:22:24.963020+00:00"", ""upserted"": 0, ""signals_ranked"": 1, ""brain_available"": true, ""signals_scanned"": 0, ""signals_approved"": 0, ""signals_excellent"": 0, ""invariant_breaches"": 0, ""trace_nodes_logged"": [""unknown"", ""cleanup"", ""pre_flight"", ""rank"", ""scan"", ""upsert"", ""snapshot"", ""state"", ""gate"", ""invariants""]}}",2026-07-18 00:22:29.177118+00
664,2026-07-18 00:27:33.419206+00,OK,,4203,0,0,"{""result"": {""status"": ""OK"", ""run_time"": ""2026-07-18T00:27:29.194795+00:00"", ""upserted"": 0, ""signals_ranked"": 1, ""brain_available"": true, ""signals_scanned"": 0, ""signals_approved"": 0, ""signals_excellent"": 0, ""invariant_breaches"": 0, ""trace_nodes_logged"": [""unknown"", ""cleanup"", ""pre_flight"", ""rank"", ""scan"", ""upsert"", ""snapshot"", ""state"", ""gate"", ""invariants""]}}",2026-07-18 00:27:33.419387+00
665,2026-07-18 00:32:37.344953+00,OK,,3885,0,0,"{""result"": {""status"": ""OK"", ""run_time"": ""2026-07-18T00:32:33.444338+00:00"", ""upserted"": 0, ""signals_ranked"": 1, ""brain_available"": true, ""signals_scanned"": 0, ""signals_approved"": 0, ""signals_excellent"": 0, ""invariant_breaches"": 0, ""trace_nodes_logged"": [""unknown"", ""cleanup"", ""pre_flight"", ""rank"", ""scan"", ""upsert"", ""snapshot"", ""state"", ""gate"", ""invariants""]}}",2026-07-18 00:32:37.345129+00
666,2026-07-18 00:37:41.195285+00,OK,,3812,0,0,"{""result"": {""status"": ""OK"", ""run_time"": ""2026-07-18T00:37:37.361570+00:00"", ""upserted"": 0, ""signals_ranked"": 0, ""brain_available"": true, ""signals_scanned"": 0, ""signals_approved"": 0, ""signals_excellent"": 0, ""invariant_breaches"": 0, ""trace_nodes_logged"": [""unknown"", ""cleanup"", ""pre_flight"", ""rank"", ""scan"", ""upsert"", ""snapshot"", ""state"", ""gate"", ""invariants""]}}",2026-07-18 00:37:41.195469+00
667,2026-07-18 00:42:45.711002+00,OK,,4463,0,0,"{""result"": {""status"": ""OK"", ""run_time"": ""2026-07-18T00:42:41.220986+00:00"", ""upserted"": 0, ""signals_ranked"": 0, ""brain_available"": true, ""signals_scanned"": 0, ""signals_approved"": 0, ""signals_excellent"": 0, ""invariant_breaches"": 0, ""trace_nodes_logged"": [""unknown"", ""cleanup"", ""pre_flight"", ""rank"", ""scan"", ""upsert"", ""snapshot"", ""state"", ""gate"", ""invariants""]}}",2026-07-18 00:42:45.71366+00
668,2026-07-18 00:47:50.178438+00,OK,,4424,0,0,"{""result"": {""status"": ""OK"", ""run_time"": ""2026-07-18T00:47:45.735218+00:00"", ""upserted"": 0, ""signals_ranked"": 0, ""brain_available"": true, ""signals_scanned"": 0, ""signals_approved"": 0, ""signals_excellent"": 0, ""invariant_breaches"": 0, ""trace_nodes_logged"": [""unknown"", ""cleanup"", ""pre_flight"", ""rank"", ""scan"", ""upsert"", ""snapshot"", ""state"", ""gate"", ""invariants""]}}",2026-07-18 00:47:50.178608+00
669,2026-07-18 00:52:54.755171+00,OK,,4531,0,0,"{""result"": {""status"": ""OK"", ""run_time"": ""2026-07-18T00:52:50.203435+00:00"", ""upserted"": 0, ""signals_ranked"": 0, ""brain_available"": true, ""signals_scanned"": 0, ""signals_approved"": 0, ""signals_excellent"": 0, ""invariant_breaches"": 0, ""trace_nodes_logged"": [""unknown"", ""cleanup"", ""pre_flight"", ""rank"", ""scan"", ""upsert"", ""snapshot"", ""state"", ""gate"", ""invariants""]}}",2026-07-18 00:52:54.755345+00
670,2026-07-18 00:57:59.152196+00,OK,,4351,0,0,"{""result"": {""status"": ""OK"", ""run_time"": ""2026-07-18T00:57:54.780177+00:00"", ""upserted"": 0, ""signals_ranked"": 0, ""brain_available"": true, ""signals_scanned"": 0, ""signals_approved"": 0, ""signals_excellent"": 0, ""invariant_breaches"": 0, ""trace_nodes_logged"": [""unknown"", ""cleanup"", ""pre_flight"", ""rank"", ""scan"", ""upsert"", ""snapshot"", ""state"", ""gate"", ""invariants""]}}",2026-07-18 00:57:59.154359+00
671,2026-07-18 01:03:03.496532+00,OK,,4302,0,0,"{""result"": {""status"": ""OK"", ""run_time"": ""2026-07-18T01:02:59.179720+00:00"", ""upserted"": 0, ""signals_ranked"": 0, ""brain_available"": true, ""signals_scanned"": 0, ""signals_approved"": 0, ""signals_excellent"": 0, ""invariant_breaches"": 0, ""trace_nodes_logged"": [""unknown"", ""cleanup"", ""pre_flight"", ""rank"", ""scan"", ""upsert"", ""snapshot"", ""state"", ""gate"", ""invariants""]}}",2026-07-18 01:03:03.496669+00
672,2026-07-18 01:08:07.734008+00,OK,,4188,0,0,"{""result"": {""status"": ""OK"", ""run_time"": ""2026-07-18T01:08:03.523278+00:00"", ""upserted"": 0, ""signals_ranked"": 0, ""brain_available"": true, ""signals_scanned"": 0, ""signals_approved"": 0, ""signals_excellent"": 0, ""invariant_breaches"": 0, ""trace_nodes_logged"": [""unknown"", ""cleanup"", ""pre_flight"", ""rank"", ""scan"", ""upsert"", ""snapshot"", ""state"", ""gate"", ""invariants""]}}",2026-07-18 01:08:07.7342+00
673,2026-07-18 01:13:12.233172+00,OK,,4454,0,0,"{""result"": {""status"": ""OK"", ""run_time"": ""2026-07-18T01:13:07.758087+00:00"", ""upserted"": 0, ""signals_ranked"": 0, ""brain_available"": true, ""signals_scanned"": 0, ""signals_approved"": 0, ""signals_excellent"": 0, ""invariant_breaches"": 0, ""trace_nodes_logged"": [""unknown"", ""cleanup"", ""pre_flight"", ""rank"", ""scan"", ""upsert"", ""snapshot"", ""state"", ""gate"", ""invariants""]}}",2026-07-18 01:13:12.233339+00
674,2026-07-18 01:18:16.87102+00,OK,,4592,0,0,"{""result"": {""status"": ""OK"", ""run_time"": ""2026-07-18T01:18:12.257044+00:00"", ""upserted"": 0, ""signals_ranked"": 0, ""brain_available"": true, ""signals_scanned"": 0, ""signals_approved"": 0, ""signals_excellent"": 0, ""invariant_breaches"": 0, ""trace_nodes_logged"": [""unknown"", ""cleanup"", ""pre_flight"", ""rank"", ""scan"", ""upsert"", ""snapshot"", ""state"", ""gate"", ""invariants""]}}",2026-07-18 01:18:16.871212+00
675,2026-07-18 01:23:21.143854+00,OK,,4224,0,0,"{""result"": {""status"": ""OK"", ""run_time"": ""2026-07-18T01:23:16.899491+00:00"", ""upserted"": 0, ""signals_ranked"": 0, ""brain_available"": true, ""signals_scanned"": 0, ""signals_approved"": 0, ""signals_excellent"": 0, ""invariant_breaches"": 0, ""trace_nodes_logged"": [""unknown"", ""cleanup"", ""pre_flight"", ""rank"", ""scan"", ""upsert"", ""snapshot"", ""state"", ""gate"", ""invariants""]}}",2026-07-18 01:23:21.144025+00
676,2026-07-18 01:28:25.060426+00,OK,,3871,0,0,"{""result"": {""status"": ""OK"", ""run_time"": ""2026-07-18T01:28:21.169375+00:00"", ""upserted"": 0, ""signals_ranked"": 0, ""brain_available"": true, ""signals_scanned"": 0, ""signals_approved"": 0, ""signals_excellent"": 0, ""invariant_breaches"": 0, ""trace_nodes_logged"": [""unknown"", ""cleanup"", ""pre_flight"", ""rank"", ""scan"", ""upsert"", ""snapshot"", ""state"", ""gate"", ""invariants""]}}",2026-07-18 01:28:25.060597+00
677,2026-07-18 01:33:29.273933+00,OK,,4166,0,0,"{""result"": {""status"": ""OK"", ""run_time"": ""2026-07-18T01:33:25.088039+00:00"", ""upserted"": 0, ""signals_ranked"": 0, ""brain_available"": true, ""signals_scanned"": 0, ""signals_approved"": 0, ""signals_excellent"": 0, ""invariant_breaches"": 0, ""trace_nodes_logged"": [""unknown"", ""cleanup"", ""pre_flight"", ""rank"", ""scan"", ""upsert"", ""snapshot"", ""state"", ""gate"", ""invariants""]}}",2026-07-18 01:33:29.274118+00
678,2026-07-18 01:38:33.157226+00,OK,,3843,0,0,"{""result"": {""status"": ""OK"", ""run_time"": ""2026-07-18T01:38:29.298741+00:00"", ""upserted"": 0, ""signals_ranked"": 0, ""brain_available"": true, ""signals_scanned"": 0, ""signals_approved"": 0, ""signals_excellent"": 0, ""invariant_breaches"": 0, ""trace_nodes_logged"": [""unknown"", ""cleanup"", ""pre_flight"", ""rank"", ""scan"", ""upsert"", ""snapshot"", ""state"", ""gate"", ""invariants""]}}",2026-07-18 01:38:33.157365+00
679,2026-07-18 01:43:36.502317+00,OK,,3307,0,0,"{""result"": {""status"": ""OK"", ""run_time"": ""2026-07-18T01:43:33.173984+00:00"", ""upserted"": 0, ""signals_ranked"": 0, ""brain_available"": true, ""signals_scanned"": 0, ""signals_approved"": 0, ""signals_excellent"": 0, ""invariant_breaches"": 0, ""trace_nodes_logged"": [""unknown"", ""cleanup"", ""pre_flight"", ""rank"", ""scan"", ""upsert"", ""snapshot"", ""state"", ""gate"", ""invariants""]}}",2026-07-18 01:43:36.502486+00
680,2026-07-18 01:48:41.005543+00,OK,,4458,0,0,"{""result"": {""status"": ""OK"", ""run_time"": ""2026-07-18T01:48:36.527707+00:00"", ""upserted"": 0, ""signals_ranked"": 0, ""brain_available"": true, ""signals_scanned"": 0, ""signals_approved"": 0, ""signals_excellent"": 0, ""invariant_breaches"": 0, ""trace_nodes_logged"": [""unknown"", ""cleanup"", ""pre_flight"", ""rank"", ""scan"", ""upsert"", ""snapshot"", ""state"", ""gate"", ""invariants""]}}",2026-07-18 01:48:41.005715+00
681,2026-07-18 01:53:45.262584+00,OK,,4214,0,0,"{""result"": {""status"": ""OK"", ""run_time"": ""2026-07-18T01:53:41.029552+00:00"", ""upserted"": 0, ""signals_ranked"": 0, ""brain_available"": true, ""signals_scanned"": 0, ""signals_approved"": 0, ""signals_excellent"": 0, ""invariant_breaches"": 0, ""trace_nodes_logged"": [""unknown"", ""cleanup"", ""pre_flight"", ""rank"", ""scan"", ""upsert"", ""snapshot"", ""state"", ""gate"", ""invariants""]}}",2026-07-18 01:53:45.262756+00
682,2026-07-18 01:58:49.600566+00,OK,,4287,0,0,"{""result"": {""status"": ""OK"", ""run_time"": ""2026-07-18T01:58:45.289075+00:00"", ""upserted"": 0, ""signals_ranked"": 0, ""brain_available"": true, ""signals_scanned"": 0, ""signals_approved"": 0, ""signals_excellent"": 0, ""invariant_breaches"": 0, ""trace_nodes_logged"": [""unknown"", ""cleanup"", ""pre_flight"", ""rank"", ""scan"", ""upsert"", ""snapshot"", ""state"", ""gate"", ""invariants""]}}",2026-07-18 01:58:49.600741+00
683,2026-07-18 02:03:54.91446+00,OK,,5269,0,0,"{""result"": {""status"": ""OK"", ""run_time"": ""2026-07-18T02:03:49.626266+00:00"", ""upserted"": 0, ""signals_ranked"": 0, ""brain_available"": true, ""signals_scanned"": 0, ""signals_approved"": 0, ""signals_excellent"": 0, ""invariant_breaches"": 0, ""trace_nodes_logged"": [""unknown"", ""cleanup"", ""pre_flight"", ""rank"", ""scan"", ""upsert"", ""snapshot"", ""state"", ""gate"", ""invariants""]}}",2026-07-18 02:03:54.914628+00
684,2026-07-18 02:08:59.259669+00,OK,,4307,0,0,"{""result"": {""status"": ""OK"", ""run_time"": ""2026-07-18T02:08:54.939044+00:00"", ""upserted"": 0, ""signals_ranked"": 0, ""brain_available"": true, ""signals_scanned"": 0, ""signals_approved"": 0, ""signals_excellent"": 0, ""invariant_breaches"": 0, ""trace_nodes_logged"": [""unknown"", ""cleanup"", ""pre_flight"", ""rank"", ""scan"", ""upsert"", ""snapshot"", ""state"", ""gate"", ""invariants""]}}",2026-07-18 02:08:59.259803+00
685,2026-07-18 02:14:04.254337+00,OK,,4954,0,0,"{""result"": {""status"": ""OK"", ""run_time"": ""2026-07-18T02:13:59.277812+00:00"", ""upserted"": 0, ""signals_ranked"": 0, ""brain_available"": true, ""signals_scanned"": 0, ""signals_approved"": 0, ""signals_excellent"": 0, ""invariant_breaches"": 0, ""trace_nodes_logged"": [""unknown"", ""cleanup"", ""pre_flight"", ""rank"", ""scan"", ""upsert"", ""snapshot"", ""state"", ""gate"", ""invariants""]}}",2026-07-18 02:14:04.254521+00
686,2026-07-18 02:19:08.816749+00,OK,,4520,0,0,"{""result"": {""status"": ""OK"", ""run_time"": ""2026-07-18T02:19:04.281547+00:00"", ""upserted"": 0, ""signals_ranked"": 0, ""brain_available"": true, ""signals_scanned"": 0, ""signals_approved"": 0, ""signals_excellent"": 0, ""invariant_breaches"": 0, ""trace_nodes_logged"": [""unknown"", ""cleanup"", ""pre_flight"", ""rank"", ""scan"", ""upsert"", ""snapshot"", ""state"", ""gate"", ""invariants""]}}",2026-07-18 02:19:08.816891+00
687,2026-07-18 02:24:14.294852+00,OK,,5438,0,0,"{""result"": {""status"": ""OK"", ""run_time"": ""2026-07-18T02:24:08.836861+00:00"", ""upserted"": 0, ""signals_ranked"": 0, ""brain_available"": true, ""signals_scanned"": 0, ""signals_approved"": 0, ""signals_excellent"": 0, ""invariant_breaches"": 0, ""trace_nodes_logged"": [""unknown"", ""cleanup"", ""pre_flight"", ""rank"", ""scan"", ""upsert"", ""snapshot"", ""state"", ""gate"", ""invariants""]}}",2026-07-18 02:24:14.295025+00
688,2026-07-18 02:29:19.37872+00,OK,,5042,1,1,"{""result"": {""status"": ""OK"", ""run_time"": ""2026-07-18T02:29:14.320236+00:00"", ""upserted"": 1, ""signals_ranked"": 1, ""brain_available"": true, ""signals_scanned"": 1, ""signals_approved"": 1, ""signals_excellent"": 0, ""invariant_breaches"": 0, ""trace_nodes_logged"": [""unknown"", ""cleanup"", ""pre_flight"", ""rank"", ""scan"", ""upsert"", ""snapshot"", ""state"", ""gate"", ""invariants""]}}",2026-07-18 02:29:19.378862+00
689,2026-07-18 02:34:26.740902+00,OK,,7325,1,0,"{""result"": {""status"": ""OK"", ""run_time"": ""2026-07-18T02:34:19.397178+00:00"", ""upserted"": 0, ""signals_ranked"": 1, ""brain_available"": true, ""signals_scanned"": 1, ""signals_approved"": 0, ""signals_excellent"": 0, ""invariant_breaches"": 0, ""trace_nodes_logged"": [""unknown"", ""cleanup"", ""pre_flight"", ""rank"", ""scan"", ""upsert"", ""snapshot"", ""state"", ""gate"", ""invariants""]}}",2026-07-18 02:34:26.741087+00
690,2026-07-18 02:39:33.435802+00,OK,,6650,1,0,"{""result"": {""status"": ""OK"", ""run_time"": ""2026-07-18T02:39:26.765907+00:00"", ""upserted"": 0, ""signals_ranked"": 1, ""brain_available"": true, ""signals_scanned"": 1, ""signals_approved"": 0, ""signals_excellent"": 0, ""invariant_breaches"": 0, ""trace_nodes_logged"": [""unknown"", ""cleanup"", ""pre_flight"", ""rank"", ""scan"", ""upsert"", ""snapshot"", ""state"", ""gate"", ""invariants""]}}",2026-07-18 02:39:33.435973+00
691,2026-07-18 02:44:40.023112+00,OK,,6542,1,0,"{""result"": {""status"": ""OK"", ""run_time"": ""2026-07-18T02:44:33.459272+00:00"", ""upserted"": 0, ""signals_ranked"": 1, ""brain_available"": true, ""signals_scanned"": 1, ""signals_approved"": 0, ""signals_excellent"": 0, ""invariant_breaches"": 0, ""trace_nodes_logged"": [""unknown"", ""cleanup"", ""pre_flight"", ""rank"", ""scan"", ""upsert"", ""snapshot"", ""state"", ""gate"", ""invariants""]}}",2026-07-18 02:44:40.023289+00
692,2026-07-18 02:49:46.564382+00,OK,,6495,2,0,"{""result"": {""status"": ""OK"", ""run_time"": ""2026-07-18T02:49:40.048433+00:00"", ""upserted"": 0, ""signals_ranked"": 2, ""brain_available"": true, ""signals_scanned"": 2, ""signals_approved"": 0, ""signals_excellent"": 0, ""invariant_breaches"": 0, ""trace_nodes_logged"": [""unknown"", ""cleanup"", ""pre_flight"", ""rank"", ""scan"", ""upsert"", ""snapshot"", ""state"", ""gate"", ""invariants""]}}",2026-07-18 02:49:46.564551+00
693,2026-07-18 02:54:52.438665+00,OK,,5829,2,0,"{""result"": {""status"": ""OK"", ""run_time"": ""2026-07-18T02:54:46.590357+00:00"", ""upserted"": 0, ""signals_ranked"": 2, ""brain_available"": true, ""signals_scanned"": 2, ""signals_approved"": 0, ""signals_excellent"": 0, ""invariant_breaches"": 0, ""trace_nodes_logged"": [""unknown"", ""cleanup"", ""pre_flight"", ""rank"", ""scan"", ""upsert"", ""snapshot"", ""state"", ""gate"", ""invariants""]}}",2026-07-18 02:54:52.438835+00
694,2026-07-18 02:59:58.870878+00,OK,,6388,2,0,"{""result"": {""status"": ""OK"", ""run_time"": ""2026-07-18T02:59:52.463779+00:00"", ""upserted"": 0, ""signals_ranked"": 2, ""brain_available"": true, ""signals_scanned"": 2, ""signals_approved"": 0, ""signals_excellent"": 0, ""invariant_breaches"": 0, ""trace_nodes_logged"": [""unknown"", ""cleanup"", ""pre_flight"", ""rank"", ""scan"", ""upsert"", ""snapshot"", ""state"", ""gate"", ""invariants""]}}",2026-07-18 02:59:58.871076+00
695,2026-07-18 03:05:04.853277+00,OK,,5941,0,0,"{""result"": {""status"": ""OK"", ""run_time"": ""2026-07-18T03:04:58.896083+00:00"", ""upserted"": 0, ""signals_ranked"": 2, ""brain_available"": true, ""signals_scanned"": 0, ""signals_approved"": 0, ""signals_excellent"": 0, ""invariant_breaches"": 0, ""trace_nodes_logged"": [""unknown"", ""cleanup"", ""pre_flight"", ""rank"", ""scan"", ""upsert"", ""snapshot"", ""state"", ""gate"", ""invariants""]}}",2026-07-18 03:05:04.85342+00
696,2026-07-18 03:10:10.584495+00,OK,,5697,0,0,"{""result"": {""status"": ""OK"", ""run_time"": ""2026-07-18T03:10:04.872064+00:00"", ""upserted"": 0, ""signals_ranked"": 2, ""brain_available"": true, ""signals_scanned"": 0, ""signals_approved"": 0, ""signals_excellent"": 0, ""invariant_breaches"": 0, ""trace_nodes_logged"": [""unknown"", ""cleanup"", ""pre_flight"", ""rank"", ""scan"", ""upsert"", ""snapshot"", ""state"", ""gate"", ""invariants""]}}",2026-07-18 03:10:10.584636+00
697,2026-07-18 03:15:16.373332+00,OK,,5757,0,0,"{""result"": {""status"": ""OK"", ""run_time"": ""2026-07-18T03:15:10.601680+00:00"", ""upserted"": 0, ""signals_ranked"": 2, ""brain_available"": true, ""signals_scanned"": 0, ""signals_approved"": 0, ""signals_excellent"": 0, ""invariant_breaches"": 0, ""trace_nodes_logged"": [""unknown"", ""cleanup"", ""pre_flight"", ""rank"", ""scan"", ""upsert"", ""snapshot"", ""state"", ""gate"", ""invariants""]}}",2026-07-18 03:15:16.373475+00
698,2026-07-18 03:20:22.479155+00,OK,,6067,0,0,"{""result"": {""status"": ""OK"", ""run_time"": ""2026-07-18T03:20:16.391990+00:00"", ""upserted"": 0, ""signals_ranked"": 2, ""brain_available"": true, ""signals_scanned"": 0, ""signals_approved"": 0, ""signals_excellent"": 0, ""invariant_breaches"": 0, ""trace_nodes_logged"": [""unknown"", ""cleanup"", ""pre_flight"", ""rank"", ""scan"", ""upsert"", ""snapshot"", ""state"", ""gate"", ""invariants""]}}",2026-07-18 03:20:22.479333+00
699,2026-07-18 03:25:27.596059+00,OK,,5072,1,0,"{""result"": {""status"": ""OK"", ""run_time"": ""2026-07-18T03:25:22.505552+00:00"", ""upserted"": 0, ""signals_ranked"": 2, ""brain_available"": true, ""signals_scanned"": 1, ""signals_approved"": 0, ""signals_excellent"": 0, ""invariant_breaches"": 0, ""trace_nodes_logged"": [""unknown"", ""cleanup"", ""pre_flight"", ""rank"", ""scan"", ""upsert"", ""snapshot"", ""state"", ""gate"", ""invariants""]}}",2026-07-18 03:25:27.596235+00
700,2026-07-18 03:30:34.23874+00,OK,,6598,1,0,"{""result"": {""status"": ""OK"", ""run_time"": ""2026-07-18T03:30:27.621853+00:00"", ""upserted"": 0, ""signals_ranked"": 2, ""brain_available"": true, ""signals_scanned"": 1, ""signals_approved"": 0, ""signals_excellent"": 0, ""invariant_breaches"": 0, ""trace_nodes_logged"": [""unknown"", ""cleanup"", ""pre_flight"", ""rank"", ""scan"", ""upsert"", ""snapshot"", ""state"", ""gate"", ""invariants""]}}",2026-07-18 03:30:34.238914+00
701,2026-07-18 03:35:40.909567+00,OK,,6625,1,0,"{""result"": {""status"": ""OK"", ""run_time"": ""2026-07-18T03:35:34.265188+00:00"", ""upserted"": 0, ""signals_ranked"": 2, ""brain_available"": true, ""signals_scanned"": 1, ""signals_approved"": 0, ""signals_excellent"": 0, ""invariant_breaches"": 0, ""trace_nodes_logged"": [""unknown"", ""cleanup"", ""pre_flight"", ""rank"", ""scan"", ""upsert"", ""snapshot"", ""state"", ""gate"", ""invariants""]}}",2026-07-18 03:35:40.909735+00
702,2026-07-18 03:40:46.661529+00,OK,,5704,1,0,"{""result"": {""status"": ""OK"", ""run_time"": ""2026-07-18T03:40:40.934814+00:00"", ""upserted"": 0, ""signals_ranked"": 2, ""brain_available"": true, ""signals_scanned"": 1, ""signals_approved"": 0, ""signals_excellent"": 0, ""invariant_breaches"": 0, ""trace_nodes_logged"": [""unknown"", ""cleanup"", ""pre_flight"", ""rank"", ""scan"", ""upsert"", ""snapshot"", ""state"", ""gate"", ""invariants""]}}",2026-07-18 03:40:46.661698+00
703,2026-07-18 03:45:52.974367+00,OK,,6268,0,0,"{""result"": {""status"": ""OK"", ""run_time"": ""2026-07-18T03:45:46.686952+00:00"", ""upserted"": 0, ""signals_ranked"": 2, ""brain_available"": true, ""signals_scanned"": 0, ""signals_approved"": 0, ""signals_excellent"": 0, ""invariant_breaches"": 0, ""trace_nodes_logged"": [""unknown"", ""cleanup"", ""pre_flight"", ""rank"", ""scan"", ""upsert"", ""snapshot"", ""state"", ""gate"", ""invariants""]}}",2026-07-18 03:45:52.974655+00
704,2026-07-18 03:50:59.630039+00,OK,,6612,0,0,"{""result"": {""status"": ""OK"", ""run_time"": ""2026-07-18T03:50:52.998399+00:00"", ""upserted"": 0, ""signals_ranked"": 2, ""brain_available"": true, ""signals_scanned"": 0, ""signals_approved"": 0, ""signals_excellent"": 0, ""invariant_breaches"": 0, ""trace_nodes_logged"": [""unknown"", ""cleanup"", ""pre_flight"", ""rank"", ""scan"", ""upsert"", ""snapshot"", ""state"", ""gate"", ""invariants""]}}",2026-07-18 03:50:59.63023+00
705,2026-07-18 03:56:06.15908+00,OK,,6483,0,0,"{""result"": {""status"": ""OK"", ""run_time"": ""2026-07-18T03:55:59.655274+00:00"", ""upserted"": 0, ""signals_ranked"": 2, ""brain_available"": true, ""signals_scanned"": 0, ""signals_approved"": 0, ""signals_excellent"": 0, ""invariant_breaches"": 0, ""trace_nodes_logged"": [""unknown"", ""cleanup"", ""pre_flight"", ""rank"", ""scan"", ""upsert"", ""snapshot"", ""state"", ""gate"", ""invariants""]}}",2026-07-18 03:56:06.159253+00
706,2026-07-18 04:01:12.625285+00,OK,,6418,0,0,"{""result"": {""status"": ""OK"", ""run_time"": ""2026-07-18T04:01:06.186071+00:00"", ""upserted"": 0, ""signals_ranked"": 2, ""brain_available"": true, ""signals_scanned"": 0, ""signals_approved"": 0, ""signals_excellent"": 0, ""invariant_breaches"": 0, ""trace_nodes_logged"": [""unknown"", ""cleanup"", ""pre_flight"", ""rank"", ""scan"", ""upsert"", ""snapshot"", ""state"", ""gate"", ""invariants""]}}",2026-07-18 04:01:12.625455+00
707,2026-07-18 04:06:18.966411+00,OK,,6296,1,0,"{""result"": {""status"": ""OK"", ""run_time"": ""2026-07-18T04:06:12.650394+00:00"", ""upserted"": 0, ""signals_ranked"": 2, ""brain_available"": true, ""signals_scanned"": 1, ""signals_approved"": 0, ""signals_excellent"": 0, ""invariant_breaches"": 0, ""trace_nodes_logged"": [""unknown"", ""cleanup"", ""pre_flight"", ""rank"", ""scan"", ""upsert"", ""snapshot"", ""state"", ""gate"", ""invariants""]}}",2026-07-18 04:06:18.966581+00
708,2026-07-18 04:11:23.966526+00,OK,,4953,1,0,"{""result"": {""status"": ""OK"", ""run_time"": ""2026-07-18T04:11:18.991371+00:00"", ""upserted"": 0, ""signals_ranked"": 2, ""brain_available"": true, ""signals_scanned"": 1, ""signals_approved"": 0, ""signals_excellent"": 0, ""invariant_breaches"": 0, ""trace_nodes_logged"": [""unknown"", ""cleanup"", ""pre_flight"", ""rank"", ""scan"", ""upsert"", ""snapshot"", ""state"", ""gate"", ""invariants""]}}",2026-07-18 04:11:23.966696+00
709,2026-07-18 04:16:30.611662+00,OK,,6600,1,0,"{""result"": {""status"": ""OK"", ""run_time"": ""2026-07-18T04:16:23.991420+00:00"", ""upserted"": 0, ""signals_ranked"": 2, ""brain_available"": true, ""signals_scanned"": 1, ""signals_approved"": 0, ""signals_excellent"": 0, ""invariant_breaches"": 0, ""trace_nodes_logged"": [""unknown"", ""cleanup"", ""pre_flight"", ""rank"", ""scan"", ""upsert"", ""snapshot"", ""state"", ""gate"", ""invariants""]}}",2026-07-18 04:16:30.611836+00
710,2026-07-18 04:21:36.679717+00,OK,,6028,0,0,"{""result"": {""status"": ""OK"", ""run_time"": ""2026-07-18T04:21:30.636730+00:00"", ""upserted"": 0, ""signals_ranked"": 2, ""brain_available"": true, ""signals_scanned"": 0, ""signals_approved"": 0, ""signals_excellent"": 0, ""invariant_breaches"": 0, ""trace_nodes_logged"": [""unknown"", ""cleanup"", ""pre_flight"", ""rank"", ""scan"", ""upsert"", ""snapshot"", ""state"", ""gate"", ""invariants""]}}",2026-07-18 04:21:36.679873+00
711,2026-07-18 04:26:41.585081+00,OK,,4873,0,0,"{""result"": {""status"": ""OK"", ""run_time"": ""2026-07-18T04:26:36.696434+00:00"", ""upserted"": 0, ""signals_ranked"": 2, ""brain_available"": true, ""signals_scanned"": 0, ""signals_approved"": 0, ""signals_excellent"": 0, ""invariant_breaches"": 0, ""trace_nodes_logged"": [""unknown"", ""cleanup"", ""pre_flight"", ""rank"", ""scan"", ""upsert"", ""snapshot"", ""state"", ""gate"", ""invariants""]}}",2026-07-18 04:26:41.585225+00
712,2026-07-18 04:31:48.128437+00,OK,,6504,0,0,"{""result"": {""status"": ""OK"", ""run_time"": ""2026-07-18T04:31:41.604725+00:00"", ""upserted"": 0, ""signals_ranked"": 2, ""brain_available"": true, ""signals_scanned"": 0, ""signals_approved"": 0, ""signals_excellent"": 0, ""invariant_breaches"": 0, ""trace_nodes_logged"": [""unknown"", ""cleanup"", ""pre_flight"", ""rank"", ""scan"", ""upsert"", ""snapshot"", ""state"", ""gate"", ""invariants""]}}",2026-07-18 04:31:48.128609+00
713,2026-07-18 04:36:54.556311+00,OK,,6379,0,0,"{""result"": {""status"": ""OK"", ""run_time"": ""2026-07-18T04:36:48.154185+00:00"", ""upserted"": 0, ""signals_ranked"": 2, ""brain_available"": true, ""signals_scanned"": 0, ""signals_approved"": 0, ""signals_excellent"": 0, ""invariant_breaches"": 0, ""trace_nodes_logged"": [""unknown"", ""cleanup"", ""pre_flight"", ""rank"", ""scan"", ""upsert"", ""snapshot"", ""state"", ""gate"", ""invariants""]}}",2026-07-18 04:36:54.556483+00
714,2026-07-18 04:42:00.585481+00,OK,,5983,2,0,"{""result"": {""status"": ""OK"", ""run_time"": ""2026-07-18T04:41:54.582446+00:00"", ""upserted"": 0, ""signals_ranked"": 3, ""brain_available"": true, ""signals_scanned"": 2, ""signals_approved"": 0, ""signals_excellent"": 0, ""invariant_breaches"": 0, ""trace_nodes_logged"": [""unknown"", ""cleanup"", ""pre_flight"", ""rank"", ""scan"", ""upsert"", ""snapshot"", ""state"", ""gate"", ""invariants""]}}",2026-07-18 04:42:00.585694+00
715,2026-07-18 04:47:07.189206+00,OK,,6558,2,0,"{""result"": {""status"": ""OK"", ""run_time"": ""2026-07-18T04:47:00.609902+00:00"", ""upserted"": 0, ""signals_ranked"": 3, ""brain_available"": true, ""signals_scanned"": 2, ""signals_approved"": 0, ""signals_excellent"": 0, ""invariant_breaches"": 0, ""trace_nodes_logged"": [""unknown"", ""cleanup"", ""pre_flight"", ""rank"", ""scan"", ""upsert"", ""snapshot"", ""state"", ""gate"", ""invariants""]}}",2026-07-18 04:47:07.189382+00
716,2026-07-18 04:52:13.494854+00,OK,,6266,2,0,"{""result"": {""status"": ""OK"", ""run_time"": ""2026-07-18T04:52:07.213393+00:00"", ""upserted"": 0, ""signals_ranked"": 3, ""brain_available"": true, ""signals_scanned"": 2, ""signals_approved"": 0, ""signals_excellent"": 0, ""invariant_breaches"": 0, ""trace_nodes_logged"": [""unknown"", ""cleanup"", ""pre_flight"", ""rank"", ""scan"", ""upsert"", ""snapshot"", ""state"", ""gate"", ""invariants""]}}",2026-07-18 04:52:13.495008+00
717,2026-07-18 04:57:20.235131+00,OK,,6697,2,0,"{""result"": {""status"": ""OK"", ""run_time"": ""2026-07-18T04:57:13.512973+00:00"", ""upserted"": 0, ""signals_ranked"": 3, ""brain_available"": true, ""signals_scanned"": 2, ""signals_approved"": 0, ""signals_excellent"": 0, ""invariant_breaches"": 0, ""trace_nodes_logged"": [""unknown"", ""cleanup"", ""pre_flight"", ""rank"", ""scan"", ""upsert"", ""snapshot"", ""state"", ""gate"", ""invariants""]}}",2026-07-18 04:57:20.235308+00
718,2026-07-18 05:02:26.770354+00,OK,,6490,0,0,"{""result"": {""status"": ""OK"", ""run_time"": ""2026-07-18T05:02:20.261079+00:00"", ""upserted"": 0, ""signals_ranked"": 3, ""brain_available"": true, ""signals_scanned"": 0, ""signals_approved"": 0, ""signals_excellent"": 0, ""invariant_breaches"": 0, ""trace_nodes_logged"": [""unknown"", ""cleanup"", ""pre_flight"", ""rank"", ""scan"", ""upsert"", ""snapshot"", ""state"", ""gate"", ""invariants""]}}",2026-07-18 05:02:26.770524+00
719,2026-07-18 05:07:33.398068+00,OK,,6583,0,0,"{""result"": {""status"": ""OK"", ""run_time"": ""2026-07-18T05:07:26.795645+00:00"", ""upserted"": 0, ""signals_ranked"": 3, ""brain_available"": true, ""signals_scanned"": 0, ""signals_approved"": 0, ""signals_excellent"": 0, ""invariant_breaches"": 0, ""trace_nodes_logged"": [""unknown"", ""cleanup"", ""pre_flight"", ""rank"", ""scan"", ""upsert"", ""snapshot"", ""state"", ""gate"", ""invariants""]}}",2026-07-18 05:07:33.398247+00
720,2026-07-18 05:12:40.055893+00,OK,,6613,0,0,"{""result"": {""status"": ""OK"", ""run_time"": ""2026-07-18T05:12:33.423475+00:00"", ""upserted"": 0, ""signals_ranked"": 3, ""brain_available"": true, ""signals_scanned"": 0, ""signals_approved"": 0, ""signals_excellent"": 0, ""invariant_breaches"": 0, ""trace_nodes_logged"": [""unknown"", ""cleanup"", ""pre_flight"", ""rank"", ""scan"", ""upsert"", ""snapshot"", ""state"", ""gate"", ""invariants""]}}",2026-07-18 05:12:40.056087+00
721,2026-07-18 05:17:44.98962+00,OK,,4893,0,0,"{""result"": {""status"": ""OK"", ""run_time"": ""2026-07-18T05:17:40.081073+00:00"", ""upserted"": 0, ""signals_ranked"": 3, ""brain_available"": true, ""signals_scanned"": 0, ""signals_approved"": 0, ""signals_excellent"": 0, ""invariant_breaches"": 0, ""trace_nodes_logged"": [""unknown"", ""cleanup"", ""pre_flight"", ""rank"", ""scan"", ""upsert"", ""snapshot"", ""state"", ""gate"", ""invariants""]}}",2026-07-18 05:17:44.989818+00
722,2026-07-18 05:22:51.783724+00,OK,,6739,0,0,"{""result"": {""status"": ""OK"", ""run_time"": ""2026-07-18T05:22:45.008569+00:00"", ""upserted"": 0, ""signals_ranked"": 3, ""brain_available"": true, ""signals_scanned"": 0, ""signals_approved"": 0, ""signals_excellent"": 0, ""invariant_breaches"": 0, ""trace_nodes_logged"": [""unknown"", ""cleanup"", ""pre_flight"", ""rank"", ""scan"", ""upsert"", ""snapshot"", ""state"", ""gate"", ""invariants""]}}",2026-07-18 05:22:51.784489+00
723,2026-07-18 05:27:57.580451+00,OK,,5743,0,0,"{""result"": {""status"": ""OK"", ""run_time"": ""2026-07-18T05:27:51.816369+00:00"", ""upserted"": 0, ""signals_ranked"": 3, ""brain_available"": true, ""signals_scanned"": 0, ""signals_approved"": 0, ""signals_excellent"": 0, ""invariant_breaches"": 0, ""trace_nodes_logged"": [""unknown"", ""cleanup"", ""pre_flight"", ""rank"", ""scan"", ""upsert"", ""snapshot"", ""state"", ""gate"", ""invariants""]}}",2026-07-18 05:27:57.580624+00
724,2026-07-18 05:33:04.201628+00,OK,,6575,0,0,"{""result"": {""status"": ""OK"", ""run_time"": ""2026-07-18T05:32:57.606956+00:00"", ""upserted"": 0, ""signals_ranked"": 3, ""brain_available"": true, ""signals_scanned"": 0, ""signals_approved"": 0, ""signals_excellent"": 0, ""invariant_breaches"": 0, ""trace_nodes_logged"": [""unknown"", ""cleanup"", ""pre_flight"", ""rank"", ""scan"", ""upsert"", ""snapshot"", ""state"", ""gate"", ""invariants""]}}",2026-07-18 05:33:04.201797+00
725,2026-07-18 05:38:10.304454+00,OK,,6059,1,0,"{""result"": {""status"": ""OK"", ""run_time"": ""2026-07-18T05:38:04.225784+00:00"", ""upserted"": 0, ""signals_ranked"": 2, ""brain_available"": true, ""signals_scanned"": 1, ""signals_approved"": 0, ""signals_excellent"": 0, ""invariant_breaches"": 0, ""trace_nodes_logged"": [""unknown"", ""cleanup"", ""pre_flight"", ""rank"", ""scan"", ""upsert"", ""snapshot"", ""state"", ""gate"", ""invariants""]}}",2026-07-18 05:38:10.304625+00
726,2026-07-18 05:43:15.203649+00,OK,,4854,0,0,"{""result"": {""status"": ""OK"", ""run_time"": ""2026-07-18T05:43:10.329443+00:00"", ""upserted"": 0, ""signals_ranked"": 1, ""brain_available"": true, ""signals_scanned"": 0, ""signals_approved"": 0, ""signals_excellent"": 0, ""invariant_breaches"": 0, ""trace_nodes_logged"": [""unknown"", ""cleanup"", ""pre_flight"", ""rank"", ""scan"", ""upsert"", ""snapshot"", ""state"", ""gate"", ""invariants""]}}",2026-07-18 05:43:15.203826+00
727,2026-07-18 05:48:20.799811+00,OK,,5551,0,0,"{""result"": {""status"": ""OK"", ""run_time"": ""2026-07-18T05:48:15.229897+00:00"", ""upserted"": 0, ""signals_ranked"": 1, ""brain_available"": true, ""signals_scanned"": 0, ""signals_approved"": 0, ""signals_excellent"": 0, ""invariant_breaches"": 0, ""trace_nodes_logged"": [""unknown"", ""cleanup"", ""pre_flight"", ""rank"", ""scan"", ""upsert"", ""snapshot"", ""state"", ""gate"", ""invariants""]}}",2026-07-18 05:48:20.79998+00
728,2026-07-18 05:53:25.393296+00,OK,,4548,0,0,"{""result"": {""status"": ""OK"", ""run_time"": ""2026-07-18T05:53:20.824885+00:00"", ""upserted"": 0, ""signals_ranked"": 1, ""brain_available"": true, ""signals_scanned"": 0, ""signals_approved"": 0, ""signals_excellent"": 0, ""invariant_breaches"": 0, ""trace_nodes_logged"": [""unknown"", ""cleanup"", ""pre_flight"", ""rank"", ""scan"", ""upsert"", ""snapshot"", ""state"", ""gate"", ""invariants""]}}",2026-07-18 05:53:25.393472+00
729,2026-07-18 05:58:30.577625+00,OK,,5141,0,0,"{""result"": {""status"": ""OK"", ""run_time"": ""2026-07-18T05:58:25.418135+00:00"", ""upserted"": 0, ""signals_ranked"": 1, ""brain_available"": true, ""signals_scanned"": 0, ""signals_approved"": 0, ""signals_excellent"": 0, ""invariant_breaches"": 0, ""trace_nodes_logged"": [""unknown"", ""cleanup"", ""pre_flight"", ""rank"", ""scan"", ""upsert"", ""snapshot"", ""state"", ""gate"", ""invariants""]}}",2026-07-18 05:58:30.577797+00
730,2026-07-18 06:03:36.34978+00,OK,,5728,2,1,"{""result"": {""status"": ""OK"", ""run_time"": ""2026-07-18T06:03:30.602554+00:00"", ""upserted"": 1, ""signals_ranked"": 2, ""brain_available"": true, ""signals_scanned"": 2, ""signals_approved"": 1, ""signals_excellent"": 0, ""invariant_breaches"": 0, ""trace_nodes_logged"": [""unknown"", ""cleanup"", ""pre_flight"", ""rank"", ""scan"", ""upsert"", ""snapshot"", ""state"", ""gate"", ""invariants""]}}",2026-07-18 06:03:36.34995+00
731,2026-07-18 06:08:42.989715+00,OK,,6594,2,0,"{""result"": {""status"": ""OK"", ""run_time"": ""2026-07-18T06:08:36.374264+00:00"", ""upserted"": 0, ""signals_ranked"": 2, ""brain_available"": true, ""signals_scanned"": 2, ""signals_approved"": 0, ""signals_excellent"": 0, ""invariant_breaches"": 0, ""trace_nodes_logged"": [""unknown"", ""cleanup"", ""pre_flight"", ""rank"", ""scan"", ""upsert"", ""snapshot"", ""state"", ""gate"", ""invariants""]}}",2026-07-18 06:08:42.989902+00
732,2026-07-18 06:13:48.552474+00,OK,,5518,2,0,"{""result"": {""status"": ""OK"", ""run_time"": ""2026-07-18T06:13:43.014401+00:00"", ""upserted"": 0, ""signals_ranked"": 2, ""brain_available"": true, ""signals_scanned"": 2, ""signals_approved"": 0, ""signals_excellent"": 0, ""invariant_breaches"": 0, ""trace_nodes_logged"": [""unknown"", ""cleanup"", ""pre_flight"", ""rank"", ""scan"", ""upsert"", ""snapshot"", ""state"", ""gate"", ""invariants""]}}",2026-07-18 06:13:48.552648+00
733,2026-07-18 06:18:55.255192+00,OK,,6656,1,0,"{""result"": {""status"": ""OK"", ""run_time"": ""2026-07-18T06:18:48.577657+00:00"", ""upserted"": 0, ""signals_ranked"": 2, ""brain_available"": true, ""signals_scanned"": 1, ""signals_approved"": 0, ""signals_excellent"": 0, ""invariant_breaches"": 0, ""trace_nodes_logged"": [""unknown"", ""cleanup"", ""pre_flight"", ""rank"", ""scan"", ""upsert"", ""snapshot"", ""state"", ""gate"", ""invariants""]}}",2026-07-18 06:18:55.255363+00
734,2026-07-18 06:24:01.864166+00,OK,,6563,1,0,"{""result"": {""status"": ""OK"", ""run_time"": ""2026-07-18T06:23:55.280212+00:00"", ""upserted"": 0, ""signals_ranked"": 2, ""brain_available"": true, ""signals_scanned"": 1, ""signals_approved"": 0, ""signals_excellent"": 0, ""invariant_breaches"": 0, ""trace_nodes_logged"": [""unknown"", ""cleanup"", ""pre_flight"", ""rank"", ""scan"", ""upsert"", ""snapshot"", ""state"", ""gate"", ""invariants""]}}",2026-07-18 06:24:01.864354+00
735,2026-07-18 06:29:08.169324+00,OK,,6255,1,0,"{""result"": {""status"": ""OK"", ""run_time"": ""2026-07-18T06:29:01.893469+00:00"", ""upserted"": 0, ""signals_ranked"": 2, ""brain_available"": true, ""signals_scanned"": 1, ""signals_approved"": 0, ""signals_excellent"": 0, ""invariant_breaches"": 0, ""trace_nodes_logged"": [""unknown"", ""cleanup"", ""pre_flight"", ""rank"", ""scan"", ""upsert"", ""snapshot"", ""state"", ""gate"", ""invariants""]}}",2026-07-18 06:29:08.169492+00
736,2026-07-18 06:34:14.465279+00,OK,,6254,1,0,"{""result"": {""status"": ""OK"", ""run_time"": ""2026-07-18T06:34:08.196016+00:00"", ""upserted"": 0, ""signals_ranked"": 2, ""brain_available"": true, ""signals_scanned"": 1, ""signals_approved"": 0, ""signals_excellent"": 0, ""invariant_breaches"": 0, ""trace_nodes_logged"": [""unknown"", ""cleanup"", ""pre_flight"", ""rank"", ""scan"", ""upsert"", ""snapshot"", ""state"", ""gate"", ""invariants""]}}",2026-07-18 06:34:14.465447+00
737,2026-07-18 06:39:21.143794+00,OK,,6640,0,0,"{""result"": {""status"": ""OK"", ""run_time"": ""2026-07-18T06:39:14.482980+00:00"", ""upserted"": 0, ""signals_ranked"": 2, ""brain_available"": true, ""signals_scanned"": 0, ""signals_approved"": 0, ""signals_excellent"": 0, ""invariant_breaches"": 0, ""trace_nodes_logged"": [""unknown"", ""cleanup"", ""pre_flight"", ""rank"", ""scan"", ""upsert"", ""snapshot"", ""state"", ""gate"", ""invariants""]}}",2026-07-18 06:39:21.143971+00
738,2026-07-18 06:44:26.710905+00,OK,,5525,0,0,"{""result"": {""status"": ""OK"", ""run_time"": ""2026-07-18T06:44:21.170355+00:00"", ""upserted"": 0, ""signals_ranked"": 2, ""brain_available"": true, ""signals_scanned"": 0, ""signals_approved"": 0, ""signals_excellent"": 0, ""invariant_breaches"": 0, ""trace_nodes_logged"": [""unknown"", ""cleanup"", ""pre_flight"", ""rank"", ""scan"", ""upsert"", ""snapshot"", ""state"", ""gate"", ""invariants""]}}",2026-07-18 06:44:26.711074+00
739,2026-07-18 06:49:33.32446+00,OK,,6573,0,0,"{""result"": {""status"": ""OK"", ""run_time"": ""2026-07-18T06:49:26.729881+00:00"", ""upserted"": 0, ""signals_ranked"": 2, ""brain_available"": true, ""signals_scanned"": 0, ""signals_approved"": 0, ""signals_excellent"": 0, ""invariant_breaches"": 0, ""trace_nodes_logged"": [""unknown"", ""cleanup"", ""pre_flight"", ""rank"", ""scan"", ""upsert"", ""snapshot"", ""state"", ""gate"", ""invariants""]}}",2026-07-18 06:49:33.324646+00
740,2026-07-18 06:54:40.59861+00,OK,,7227,0,0,"{""result"": {""status"": ""OK"", ""run_time"": ""2026-07-18T06:54:33.349547+00:00"", ""upserted"": 0, ""signals_ranked"": 2, ""brain_available"": true, ""signals_scanned"": 0, ""signals_approved"": 0, ""signals_excellent"": 0, ""invariant_breaches"": 0, ""trace_nodes_logged"": [""unknown"", ""cleanup"", ""pre_flight"", ""rank"", ""scan"", ""upsert"", ""snapshot"", ""state"", ""gate"", ""invariants""]}}",2026-07-18 06:54:40.598791+00
741,2026-07-18 06:59:46.793325+00,OK,,6146,0,0,"{""result"": {""status"": ""OK"", ""run_time"": ""2026-07-18T06:59:40.627940+00:00"", ""upserted"": 0, ""signals_ranked"": 2, ""brain_available"": true, ""signals_scanned"": 0, ""signals_approved"": 0, ""signals_excellent"": 0, ""invariant_breaches"": 0, ""trace_nodes_logged"": [""unknown"", ""cleanup"", ""pre_flight"", ""rank"", ""scan"", ""upsert"", ""snapshot"", ""state"", ""gate"", ""invariants""]}}",2026-07-18 06:59:46.793503+00
742,2026-07-18 07:04:53.111204+00,OK,,6274,0,0,"{""result"": {""status"": ""OK"", ""run_time"": ""2026-07-18T07:04:46.821842+00:00"", ""upserted"": 0, ""signals_ranked"": 2, ""brain_available"": true, ""signals_scanned"": 0, ""signals_approved"": 0, ""signals_excellent"": 0, ""invariant_breaches"": 0, ""trace_nodes_logged"": [""unknown"", ""cleanup"", ""pre_flight"", ""rank"", ""scan"", ""upsert"", ""snapshot"", ""state"", ""gate"", ""invariants""]}}",2026-07-18 07:04:53.111351+00
743,2026-07-18 07:09:59.670491+00,OK,,6522,0,0,"{""result"": {""status"": ""OK"", ""run_time"": ""2026-07-18T07:09:53.129258+00:00"", ""upserted"": 0, ""signals_ranked"": 2, ""brain_available"": true, ""signals_scanned"": 0, ""signals_approved"": 0, ""signals_excellent"": 0, ""invariant_breaches"": 0, ""trace_nodes_logged"": [""unknown"", ""cleanup"", ""pre_flight"", ""rank"", ""scan"", ""upsert"", ""snapshot"", ""state"", ""gate"", ""invariants""]}}",2026-07-18 07:09:59.670664+00
744,2026-07-18 07:15:05.357588+00,OK,,5643,1,1,"{""result"": {""status"": ""OK"", ""run_time"": ""2026-07-18T07:14:59.695371+00:00"", ""upserted"": 1, ""signals_ranked"": 2, ""brain_available"": true, ""signals_scanned"": 1, ""signals_approved"": 1, ""signals_excellent"": 0, ""invariant_breaches"": 0, ""trace_nodes_logged"": [""unknown"", ""cleanup"", ""pre_flight"", ""rank"", ""scan"", ""upsert"", ""snapshot"", ""state"", ""gate"", ""invariants""]}}",2026-07-18 07:15:05.35776+00
745,2026-07-18 07:20:12.999396+00,OK,,7590,1,0,"{""result"": {""status"": ""OK"", ""run_time"": ""2026-07-18T07:20:05.382631+00:00"", ""upserted"": 0, ""signals_ranked"": 1, ""brain_available"": true, ""signals_scanned"": 1, ""signals_approved"": 0, ""signals_excellent"": 0, ""invariant_breaches"": 0, ""trace_nodes_logged"": [""unknown"", ""cleanup"", ""pre_flight"", ""rank"", ""scan"", ""upsert"", ""snapshot"", ""state"", ""gate"", ""invariants""]}}",2026-07-18 07:20:12.999582+00
746,2026-07-18 07:25:20.69771+00,OK,,7653,1,0,"{""result"": {""status"": ""OK"", ""run_time"": ""2026-07-18T07:25:13.025266+00:00"", ""upserted"": 0, ""signals_ranked"": 1, ""brain_available"": true, ""signals_scanned"": 1, ""signals_approved"": 0, ""signals_excellent"": 0, ""invariant_breaches"": 0, ""trace_nodes_logged"": [""unknown"", ""cleanup"", ""pre_flight"", ""rank"", ""scan"", ""upsert"", ""snapshot"", ""state"", ""gate"", ""invariants""]}}",2026-07-18 07:25:20.697884+00
747,2026-07-18 07:30:28.445634+00,OK,,7700,1,0,"{""result"": {""status"": ""OK"", ""run_time"": ""2026-07-18T07:30:20.723488+00:00"", ""upserted"": 0, ""signals_ranked"": 1, ""brain_available"": true, ""signals_scanned"": 1, ""signals_approved"": 0, ""signals_excellent"": 0, ""invariant_breaches"": 0, ""trace_nodes_logged"": [""unknown"", ""cleanup"", ""pre_flight"", ""rank"", ""scan"", ""upsert"", ""snapshot"", ""state"", ""gate"", ""invariants""]}}",2026-07-18 07:30:28.445801+00
748,2026-07-18 07:35:35.594668+00,OK,,7102,2,0,"{""result"": {""status"": ""OK"", ""run_time"": ""2026-07-18T07:35:28.471234+00:00"", ""upserted"": 0, ""signals_ranked"": 1, ""brain_available"": true, ""signals_scanned"": 2, ""signals_approved"": 0, ""signals_excellent"": 0, ""invariant_breaches"": 0, ""trace_nodes_logged"": [""unknown"", ""cleanup"", ""pre_flight"", ""rank"", ""scan"", ""upsert"", ""snapshot"", ""state"", ""gate"", ""invariants""]}}",2026-07-18 07:35:35.594842+00
749,2026-07-18 07:40:42.661936+00,OK,,7026,2,0,"{""result"": {""status"": ""OK"", ""run_time"": ""2026-07-18T07:40:35.619744+00:00"", ""upserted"": 0, ""signals_ranked"": 1, ""brain_available"": true, ""signals_scanned"": 2, ""signals_approved"": 0, ""signals_excellent"": 0, ""invariant_breaches"": 0, ""trace_nodes_logged"": [""unknown"", ""cleanup"", ""pre_flight"", ""rank"", ""scan"", ""upsert"", ""snapshot"", ""state"", ""gate"", ""invariants""]}}",2026-07-18 07:40:42.662105+00
750,2026-07-18 07:45:49.122636+00,OK,,6421,2,0,"{""result"": {""status"": ""OK"", ""run_time"": ""2026-07-18T07:45:42.679912+00:00"", ""upserted"": 0, ""signals_ranked"": 1, ""brain_available"": true, ""signals_scanned"": 2, ""signals_approved"": 0, ""signals_excellent"": 0, ""invariant_breaches"": 0, ""trace_nodes_logged"": [""unknown"", ""cleanup"", ""pre_flight"", ""rank"", ""scan"", ""upsert"", ""snapshot"", ""state"", ""gate"", ""invariants""]}}",2026-07-18 07:45:49.122815+00
751,2026-07-18 07:50:56.385083+00,OK,,7218,2,0,"{""result"": {""status"": ""OK"", ""run_time"": ""2026-07-18T07:50:49.147992+00:00"", ""upserted"": 0, ""signals_ranked"": 1, ""brain_available"": true, ""signals_scanned"": 2, ""signals_approved"": 0, ""signals_excellent"": 0, ""invariant_breaches"": 0, ""trace_nodes_logged"": [""unknown"", ""cleanup"", ""pre_flight"", ""rank"", ""scan"", ""upsert"", ""snapshot"", ""state"", ""gate"", ""invariants""]}}",2026-07-18 07:50:56.385259+00
752,2026-07-18 07:56:03.168691+00,OK,,6735,0,0,"{""result"": {""status"": ""OK"", ""run_time"": ""2026-07-18T07:55:56.410076+00:00"", ""upserted"": 0, ""signals_ranked"": 1, ""brain_available"": true, ""signals_scanned"": 0, ""signals_approved"": 0, ""signals_excellent"": 0, ""invariant_breaches"": 0, ""trace_nodes_logged"": [""unknown"", ""cleanup"", ""pre_flight"", ""rank"", ""scan"", ""upsert"", ""snapshot"", ""state"", ""gate"", ""invariants""]}}",2026-07-18 07:56:03.168909+00
753,2026-07-18 08:01:10.18509+00,OK,,6973,0,0,"{""result"": {""status"": ""OK"", ""run_time"": ""2026-07-18T08:01:03.195491+00:00"", ""upserted"": 0, ""signals_ranked"": 1, ""brain_available"": true, ""signals_scanned"": 0, ""signals_approved"": 0, ""signals_excellent"": 0, ""invariant_breaches"": 0, ""trace_nodes_logged"": [""unknown"", ""cleanup"", ""pre_flight"", ""rank"", ""scan"", ""upsert"", ""snapshot"", ""state"", ""gate"", ""invariants""]}}",2026-07-18 08:01:10.185233+00
754,2026-07-18 08:06:16.881142+00,OK,,6656,0,0,"{""result"": {""status"": ""OK"", ""run_time"": ""2026-07-18T08:06:10.204151+00:00"", ""upserted"": 0, ""signals_ranked"": 1, ""brain_available"": true, ""signals_scanned"": 0, ""signals_approved"": 0, ""signals_excellent"": 0, ""invariant_breaches"": 0, ""trace_nodes_logged"": [""unknown"", ""cleanup"", ""pre_flight"", ""rank"", ""scan"", ""upsert"", ""snapshot"", ""state"", ""gate"", ""invariants""]}}",2026-07-18 08:06:16.88132+00
755,2026-07-18 08:11:24.87232+00,OK,,7935,1,0,"{""result"": {""status"": ""OK"", ""run_time"": ""2026-07-18T08:11:16.906085+00:00"", ""upserted"": 0, ""signals_ranked"": 1, ""brain_available"": true, ""signals_scanned"": 1, ""signals_approved"": 0, ""signals_excellent"": 0, ""invariant_breaches"": 0, ""trace_nodes_logged"": [""unknown"", ""cleanup"", ""pre_flight"", ""rank"", ""scan"", ""upsert"", ""snapshot"", ""state"", ""gate"", ""invariants""]}}",2026-07-18 08:11:24.872472+00
756,2026-07-18 08:16:32.381261+00,OK,,7462,1,0,"{""result"": {""status"": ""OK"", ""run_time"": ""2026-07-18T08:16:24.899839+00:00"", ""upserted"": 0, ""signals_ranked"": 1, ""brain_available"": true, ""signals_scanned"": 1, ""signals_approved"": 0, ""signals_excellent"": 0, ""invariant_breaches"": 0, ""trace_nodes_logged"": [""unknown"", ""cleanup"", ""pre_flight"", ""rank"", ""scan"", ""upsert"", ""snapshot"", ""state"", ""gate"", ""invariants""]}}",2026-07-18 08:16:32.381434+00
757,2026-07-18 08:21:38.932624+00,OK,,6506,1,0,"{""result"": {""status"": ""OK"", ""run_time"": ""2026-07-18T08:21:32.407870+00:00"", ""upserted"": 0, ""signals_ranked"": 1, ""brain_available"": true, ""signals_scanned"": 1, ""signals_approved"": 0, ""signals_excellent"": 0, ""invariant_breaches"": 0, ""trace_nodes_logged"": [""unknown"", ""cleanup"", ""pre_flight"", ""rank"", ""scan"", ""upsert"", ""snapshot"", ""state"", ""gate"", ""invariants""]}}",2026-07-18 08:21:38.932797+00
758,2026-07-18 08:26:46.234106+00,OK,,7257,1,0,"{""result"": {""status"": ""OK"", ""run_time"": ""2026-07-18T08:26:38.958273+00:00"", ""upserted"": 0, ""signals_ranked"": 1, ""brain_available"": true, ""signals_scanned"": 1, ""signals_approved"": 0, ""signals_excellent"": 0, ""invariant_breaches"": 0, ""trace_nodes_logged"": [""unknown"", ""cleanup"", ""pre_flight"", ""rank"", ""scan"", ""upsert"", ""snapshot"", ""state"", ""gate"", ""invariants""]}}",2026-07-18 08:26:46.234283+00
759,2026-07-18 08:31:52.809793+00,OK,,6535,1,0,"{""result"": {""status"": ""OK"", ""run_time"": ""2026-07-18T08:31:46.259486+00:00"", ""upserted"": 0, ""signals_ranked"": 2, ""brain_available"": true, ""signals_scanned"": 1, ""signals_approved"": 0, ""signals_excellent"": 0, ""invariant_breaches"": 0, ""trace_nodes_logged"": [""unknown"", ""cleanup"", ""pre_flight"", ""rank"", ""scan"", ""upsert"", ""snapshot"", ""state"", ""gate"", ""invariants""]}}",2026-07-18 08:31:52.809935+00
760,2026-07-18 08:37:00.51171+00,OK,,7665,1,0,"{""result"": {""status"": ""OK"", ""run_time"": ""2026-07-18T08:36:52.827515+00:00"", ""upserted"": 0, ""signals_ranked"": 2, ""brain_available"": true, ""signals_scanned"": 1, ""signals_approved"": 0, ""signals_excellent"": 0, ""invariant_breaches"": 0, ""trace_nodes_logged"": [""unknown"", ""cleanup"", ""pre_flight"", ""rank"", ""scan"", ""upsert"", ""snapshot"", ""state"", ""gate"", ""invariants""]}}",2026-07-18 08:37:00.511877+00
761,2026-07-18 08:42:06.724069+00,OK,,6172,1,0,"{""result"": {""status"": ""OK"", ""run_time"": ""2026-07-18T08:42:00.537320+00:00"", ""upserted"": 0, ""signals_ranked"": 2, ""brain_available"": true, ""signals_scanned"": 1, ""signals_approved"": 0, ""signals_excellent"": 0, ""invariant_breaches"": 0, ""trace_nodes_logged"": [""unknown"", ""cleanup"", ""pre_flight"", ""rank"", ""scan"", ""upsert"", ""snapshot"", ""state"", ""gate"", ""invariants""]}}",2026-07-18 08:42:06.724214+00
762,2026-07-18 08:47:14.192778+00,OK,,7431,1,0,"{""result"": {""status"": ""OK"", ""run_time"": ""2026-07-18T08:47:06.742267+00:00"", ""upserted"": 0, ""signals_ranked"": 2, ""brain_available"": true, ""signals_scanned"": 1, ""signals_approved"": 0, ""signals_excellent"": 0, ""invariant_breaches"": 0, ""trace_nodes_logged"": [""unknown"", ""cleanup"", ""pre_flight"", ""rank"", ""scan"", ""upsert"", ""snapshot"", ""state"", ""gate"", ""invariants""]}}",2026-07-18 08:47:14.192945+00
763,2026-07-18 08:52:19.795946+00,OK,,5558,0,0,"{""result"": {""status"": ""OK"", ""run_time"": ""2026-07-18T08:52:14.218586+00:00"", ""upserted"": 0, ""signals_ranked"": 2, ""brain_available"": true, ""signals_scanned"": 0, ""signals_approved"": 0, ""signals_excellent"": 0, ""invariant_breaches"": 0, ""trace_nodes_logged"": [""unknown"", ""cleanup"", ""pre_flight"", ""rank"", ""scan"", ""upsert"", ""snapshot"", ""state"", ""gate"", ""invariants""]}}",2026-07-18 08:52:19.79613+00
764,2026-07-18 08:57:26.525146+00,OK,,6682,0,0,"{""result"": {""status"": ""OK"", ""run_time"": ""2026-07-18T08:57:19.820071+00:00"", ""upserted"": 0, ""signals_ranked"": 2, ""brain_available"": true, ""signals_scanned"": 0, ""signals_approved"": 0, ""signals_excellent"": 0, ""invariant_breaches"": 0, ""trace_nodes_logged"": [""unknown"", ""cleanup"", ""pre_flight"", ""rank"", ""scan"", ""upsert"", ""snapshot"", ""state"", ""gate"", ""invariants""]}}",2026-07-18 08:57:26.525498+00
765,2026-07-18 09:02:33.878882+00,OK,,7304,0,0,"{""result"": {""status"": ""OK"", ""run_time"": ""2026-07-18T09:02:26.552876+00:00"", ""upserted"": 0, ""signals_ranked"": 2, ""brain_available"": true, ""signals_scanned"": 0, ""signals_approved"": 0, ""signals_excellent"": 0, ""invariant_breaches"": 0, ""trace_nodes_logged"": [""unknown"", ""cleanup"", ""pre_flight"", ""rank"", ""scan"", ""upsert"", ""snapshot"", ""state"", ""gate"", ""invariants""]}}",2026-07-18 09:02:33.879066+00
766,2026-07-18 09:07:41.111426+00,OK,,7185,0,0,"{""result"": {""status"": ""OK"", ""run_time"": ""2026-07-18T09:07:33.906168+00:00"", ""upserted"": 0, ""signals_ranked"": 2, ""brain_available"": true, ""signals_scanned"": 0, ""signals_approved"": 0, ""signals_excellent"": 0, ""invariant_breaches"": 0, ""trace_nodes_logged"": [""unknown"", ""cleanup"", ""pre_flight"", ""rank"", ""scan"", ""upsert"", ""snapshot"", ""state"", ""gate"", ""invariants""]}}",2026-07-18 09:07:41.111596+00
767,2026-07-18 09:12:47.846188+00,OK,,6689,1,0,"{""result"": {""status"": ""OK"", ""run_time"": ""2026-07-18T09:12:41.137087+00:00"", ""upserted"": 0, ""signals_ranked"": 2, ""brain_available"": true, ""signals_scanned"": 1, ""signals_approved"": 0, ""signals_excellent"": 0, ""invariant_breaches"": 0, ""trace_nodes_logged"": [""unknown"", ""cleanup"", ""pre_flight"", ""rank"", ""scan"", ""upsert"", ""snapshot"", ""state"", ""gate"", ""invariants""]}}",2026-07-18 09:12:47.846358+00
768,2026-07-18 09:17:55.415194+00,OK,,7528,1,0,"{""result"": {""status"": ""OK"", ""run_time"": ""2026-07-18T09:17:47.871440+00:00"", ""upserted"": 0, ""signals_ranked"": 2, ""brain_available"": true, ""signals_scanned"": 1, ""signals_approved"": 0, ""signals_excellent"": 0, ""invariant_breaches"": 0, ""trace_nodes_logged"": [""unknown"", ""cleanup"", ""pre_flight"", ""rank"", ""scan"", ""upsert"", ""snapshot"", ""state"", ""gate"", ""invariants""]}}",2026-07-18 09:17:55.415338+00
769,2026-07-18 09:23:02.425479+00,OK,,6971,1,0,"{""result"": {""status"": ""OK"", ""run_time"": ""2026-07-18T09:22:55.433518+00:00"", ""upserted"": 0, ""signals_ranked"": 2, ""brain_available"": true, ""signals_scanned"": 1, ""signals_approved"": 0, ""signals_excellent"": 0, ""invariant_breaches"": 0, ""trace_nodes_logged"": [""unknown"", ""cleanup"", ""pre_flight"", ""rank"", ""scan"", ""upsert"", ""snapshot"", ""state"", ""gate"", ""invariants""]}}",2026-07-18 09:23:02.425692+00
770,2026-07-18 09:28:10.512638+00,OK,,8042,1,0,"{""result"": {""status"": ""OK"", ""run_time"": ""2026-07-18T09:28:02.454022+00:00"", ""upserted"": 0, ""signals_ranked"": 2, ""brain_available"": true, ""signals_scanned"": 1, ""signals_approved"": 0, ""signals_excellent"": 0, ""invariant_breaches"": 0, ""trace_nodes_logged"": [""unknown"", ""cleanup"", ""pre_flight"", ""rank"", ""scan"", ""upsert"", ""snapshot"", ""state"", ""gate"", ""invariants""]}}",2026-07-18 09:28:10.512784+00
771,2026-07-18 09:33:17.962562+00,OK,,7411,1,0,"{""result"": {""status"": ""OK"", ""run_time"": ""2026-07-18T09:33:10.530347+00:00"", ""upserted"": 0, ""signals_ranked"": 2, ""brain_available"": true, ""signals_scanned"": 1, ""signals_approved"": 0, ""signals_excellent"": 0, ""invariant_breaches"": 0, ""trace_nodes_logged"": [""unknown"", ""cleanup"", ""pre_flight"", ""rank"", ""scan"", ""upsert"", ""snapshot"", ""state"", ""gate"", ""invariants""]}}",2026-07-18 09:33:17.962734+00
772,2026-07-18 09:38:25.64145+00,OK,,7632,1,0,"{""result"": {""status"": ""OK"", ""run_time"": ""2026-07-18T09:38:17.988079+00:00"", ""upserted"": 0, ""signals_ranked"": 2, ""brain_available"": true, ""signals_scanned"": 1, ""signals_approved"": 0, ""signals_excellent"": 0, ""invariant_breaches"": 0, ""trace_nodes_logged"": [""unknown"", ""cleanup"", ""pre_flight"", ""rank"", ""scan"", ""upsert"", ""snapshot"", ""state"", ""gate"", ""invariants""]}}",2026-07-18 09:38:25.641626+00
773,2026-07-18 09:43:31.079159+00,OK,,5397,1,0,"{""result"": {""status"": ""OK"", ""run_time"": ""2026-07-18T09:43:25.667273+00:00"", ""upserted"": 0, ""signals_ranked"": 2, ""brain_available"": true, ""signals_scanned"": 1, ""signals_approved"": 0, ""signals_excellent"": 0, ""invariant_breaches"": 0, ""trace_nodes_logged"": [""unknown"", ""cleanup"", ""pre_flight"", ""rank"", ""scan"", ""upsert"", ""snapshot"", ""state"", ""gate"", ""invariants""]}}",2026-07-18 09:43:31.079297+00
774,2026-07-18 09:48:37.630401+00,OK,,6507,1,0,"{""result"": {""status"": ""OK"", ""run_time"": ""2026-07-18T09:48:31.103437+00:00"", ""upserted"": 0, ""signals_ranked"": 2, ""brain_available"": true, ""signals_scanned"": 1, ""signals_approved"": 0, ""signals_excellent"": 0, ""invariant_breaches"": 0, ""trace_nodes_logged"": [""unknown"", ""cleanup"", ""pre_flight"", ""rank"", ""scan"", ""upsert"", ""snapshot"", ""state"", ""gate"", ""invariants""]}}",2026-07-18 09:48:37.630575+00
775,2026-07-18 09:53:44.372297+00,OK,,6694,1,0,"{""result"": {""status"": ""OK"", ""run_time"": ""2026-07-18T09:53:37.657082+00:00"", ""upserted"": 0, ""signals_ranked"": 2, ""brain_available"": true, ""signals_scanned"": 1, ""signals_approved"": 0, ""signals_excellent"": 0, ""invariant_breaches"": 0, ""trace_nodes_logged"": [""unknown"", ""cleanup"", ""pre_flight"", ""rank"", ""scan"", ""upsert"", ""snapshot"", ""state"", ""gate"", ""invariants""]}}",2026-07-18 09:53:44.372471+00
776,2026-07-18 09:58:50.468153+00,OK,,6056,1,0,"{""result"": {""status"": ""OK"", ""run_time"": ""2026-07-18T09:58:44.396530+00:00"", ""upserted"": 0, ""signals_ranked"": 2, ""brain_available"": true, ""signals_scanned"": 1, ""signals_approved"": 0, ""signals_excellent"": 0, ""invariant_breaches"": 0, ""trace_nodes_logged"": [""unknown"", ""cleanup"", ""pre_flight"", ""rank"", ""scan"", ""upsert"", ""snapshot"", ""state"", ""gate"", ""invariants""]}}",2026-07-18 09:58:50.468295+00
777,2026-07-18 10:03:58.154934+00,OK,,7648,1,0,"{""result"": {""status"": ""OK"", ""run_time"": ""2026-07-18T10:03:50.487405+00:00"", ""upserted"": 0, ""signals_ranked"": 2, ""brain_available"": true, ""signals_scanned"": 1, ""signals_approved"": 0, ""signals_excellent"": 0, ""invariant_breaches"": 0, ""trace_nodes_logged"": [""unknown"", ""cleanup"", ""pre_flight"", ""rank"", ""scan"", ""upsert"", ""snapshot"", ""state"", ""gate"", ""invariants""]}}",2026-07-18 10:03:58.155126+00
778,2026-07-18 10:09:05.647097+00,OK,,7448,0,0,"{""result"": {""status"": ""OK"", ""run_time"": ""2026-07-18T10:08:58.184316+00:00"", ""upserted"": 0, ""signals_ranked"": 2, ""brain_available"": true, ""signals_scanned"": 0, ""signals_approved"": 0, ""signals_excellent"": 0, ""invariant_breaches"": 0, ""trace_nodes_logged"": [""unknown"", ""cleanup"", ""pre_flight"", ""rank"", ""scan"", ""upsert"", ""snapshot"", ""state"", ""gate"", ""invariants""]}}",2026-07-18 10:09:05.647242+00
779,2026-07-18 10:14:13.136842+00,OK,,7454,0,0,"{""result"": {""status"": ""OK"", ""run_time"": ""2026-07-18T10:14:05.664739+00:00"", ""upserted"": 0, ""signals_ranked"": 2, ""brain_available"": true, ""signals_scanned"": 0, ""signals_approved"": 0, ""signals_excellent"": 0, ""invariant_breaches"": 0, ""trace_nodes_logged"": [""unknown"", ""cleanup"", ""pre_flight"", ""rank"", ""scan"", ""upsert"", ""snapshot"", ""state"", ""gate"", ""invariants""]}}",2026-07-18 10:14:13.137062+00
780,2026-07-18 10:19:20.626566+00,OK,,7451,0,0,"{""result"": {""status"": ""OK"", ""run_time"": ""2026-07-18T10:19:13.155067+00:00"", ""upserted"": 0, ""signals_ranked"": 2, ""brain_available"": true, ""signals_scanned"": 0, ""signals_approved"": 0, ""signals_excellent"": 0, ""invariant_breaches"": 0, ""trace_nodes_logged"": [""unknown"", ""cleanup"", ""pre_flight"", ""rank"", ""scan"", ""upsert"", ""snapshot"", ""state"", ""gate"", ""invariants""]}}",2026-07-18 10:19:20.626736+00
781,2026-07-18 10:24:26.838827+00,OK,,6166,0,0,"{""result"": {""status"": ""OK"", ""run_time"": ""2026-07-18T10:24:20.651698+00:00"", ""upserted"": 0, ""signals_ranked"": 2, ""brain_available"": true, ""signals_scanned"": 0, ""signals_approved"": 0, ""signals_excellent"": 0, ""invariant_breaches"": 0, ""trace_nodes_logged"": [""unknown"", ""cleanup"", ""pre_flight"", ""rank"", ""scan"", ""upsert"", ""snapshot"", ""state"", ""gate"", ""invariants""]}}",2026-07-18 10:24:26.839001+00
782,2026-07-18 10:29:34.046396+00,OK,,7161,1,0,"{""result"": {""status"": ""OK"", ""run_time"": ""2026-07-18T10:29:26.865563+00:00"", ""upserted"": 0, ""signals_ranked"": 1, ""brain_available"": true, ""signals_scanned"": 1, ""signals_approved"": 0, ""signals_excellent"": 0, ""invariant_breaches"": 0, ""trace_nodes_logged"": [""unknown"", ""cleanup"", ""pre_flight"", ""rank"", ""scan"", ""upsert"", ""snapshot"", ""state"", ""gate"", ""invariants""]}}",2026-07-18 10:29:34.046563+00
783,2026-07-18 10:34:41.535403+00,OK,,7439,1,0,"{""result"": {""status"": ""OK"", ""run_time"": ""2026-07-18T10:34:34.071836+00:00"", ""upserted"": 0, ""signals_ranked"": 1, ""brain_available"": true, ""signals_scanned"": 1, ""signals_approved"": 0, ""signals_excellent"": 0, ""invariant_breaches"": 0, ""trace_nodes_logged"": [""unknown"", ""cleanup"", ""pre_flight"", ""rank"", ""scan"", ""upsert"", ""snapshot"", ""state"", ""gate"", ""invariants""]}}",2026-07-18 10:34:41.535591+00
784,2026-07-18 10:39:47.883178+00,OK,,6303,1,0,"{""result"": {""status"": ""OK"", ""run_time"": ""2026-07-18T10:39:41.561008+00:00"", ""upserted"": 0, ""signals_ranked"": 1, ""brain_available"": true, ""signals_scanned"": 1, ""signals_approved"": 0, ""signals_excellent"": 0, ""invariant_breaches"": 0, ""trace_nodes_logged"": [""unknown"", ""cleanup"", ""pre_flight"", ""rank"", ""scan"", ""upsert"", ""snapshot"", ""state"", ""gate"", ""invariants""]}}",2026-07-18 10:39:47.883347+00
785,2026-07-18 10:44:56.454523+00,OK,,8532,1,0,"{""result"": {""status"": ""OK"", ""run_time"": ""2026-07-18T10:44:47.907134+00:00"", ""upserted"": 0, ""signals_ranked"": 1, ""brain_available"": true, ""signals_scanned"": 1, ""signals_approved"": 0, ""signals_excellent"": 0, ""invariant_breaches"": 0, ""trace_nodes_logged"": [""unknown"", ""cleanup"", ""pre_flight"", ""rank"", ""scan"", ""upsert"", ""snapshot"", ""state"", ""gate"", ""invariants""]}}",2026-07-18 10:44:56.4547+00
786,2026-07-18 10:50:03.665322+00,OK,,7170,0,0,"{""result"": {""status"": ""OK"", ""run_time"": ""2026-07-18T10:49:56.473547+00:00"", ""upserted"": 0, ""signals_ranked"": 1, ""brain_available"": true, ""signals_scanned"": 0, ""signals_approved"": 0, ""signals_excellent"": 0, ""invariant_breaches"": 0, ""trace_nodes_logged"": [""unknown"", ""cleanup"", ""pre_flight"", ""rank"", ""scan"", ""upsert"", ""snapshot"", ""state"", ""gate"", ""invariants""]}}",2026-07-18 10:50:03.665498+00
787,2026-07-18 10:55:10.744213+00,OK,,7033,0,0,"{""result"": {""status"": ""OK"", ""run_time"": ""2026-07-18T10:55:03.689360+00:00"", ""upserted"": 0, ""signals_ranked"": 1, ""brain_available"": true, ""signals_scanned"": 0, ""signals_approved"": 0, ""signals_excellent"": 0, ""invariant_breaches"": 0, ""trace_nodes_logged"": [""unknown"", ""cleanup"", ""pre_flight"", ""rank"", ""scan"", ""upsert"", ""snapshot"", ""state"", ""gate"", ""invariants""]}}",2026-07-18 10:55:10.74439+00
788,2026-07-18 11:00:18.262323+00,OK,,7469,0,0,"{""result"": {""status"": ""OK"", ""run_time"": ""2026-07-18T11:00:10.771231+00:00"", ""upserted"": 0, ""signals_ranked"": 1, ""brain_available"": true, ""signals_scanned"": 0, ""signals_approved"": 0, ""signals_excellent"": 0, ""invariant_breaches"": 0, ""trace_nodes_logged"": [""unknown"", ""cleanup"", ""pre_flight"", ""rank"", ""scan"", ""upsert"", ""snapshot"", ""state"", ""gate"", ""invariants""]}}",2026-07-18 11:00:18.262497+00
789,2026-07-18 11:05:26.164029+00,OK,,7855,0,0,"{""result"": {""status"": ""OK"", ""run_time"": ""2026-07-18T11:05:18.287851+00:00"", ""upserted"": 0, ""signals_ranked"": 1, ""brain_available"": true, ""signals_scanned"": 0, ""signals_approved"": 0, ""signals_excellent"": 0, ""invariant_breaches"": 0, ""trace_nodes_logged"": [""unknown"", ""cleanup"", ""pre_flight"", ""rank"", ""scan"", ""upsert"", ""snapshot"", ""state"", ""gate"", ""invariants""]}}",2026-07-18 11:05:26.164232+00
790,2026-07-18 11:10:33.74735+00,OK,,7535,0,0,"{""result"": {""status"": ""OK"", ""run_time"": ""2026-07-18T11:10:26.191252+00:00"", ""upserted"": 0, ""signals_ranked"": 1, ""brain_available"": true, ""signals_scanned"": 0, ""signals_approved"": 0, ""signals_excellent"": 0, ""invariant_breaches"": 0, ""trace_nodes_logged"": [""unknown"", ""cleanup"", ""pre_flight"", ""rank"", ""scan"", ""upsert"", ""snapshot"", ""state"", ""gate"", ""invariants""]}}",2026-07-18 11:10:33.747523+00
791,2026-07-18 11:15:40.956874+00,OK,,7170,0,0,"{""result"": {""status"": ""OK"", ""run_time"": ""2026-07-18T11:15:33.771379+00:00"", ""upserted"": 0, ""signals_ranked"": 1, ""brain_available"": true, ""signals_scanned"": 0, ""signals_approved"": 0, ""signals_excellent"": 0, ""invariant_breaches"": 0, ""trace_nodes_logged"": [""unknown"", ""cleanup"", ""pre_flight"", ""rank"", ""scan"", ""upsert"", ""snapshot"", ""state"", ""gate"", ""invariants""]}}",2026-07-18 11:15:40.957029+00
792,2026-07-18 11:20:48.352465+00,OK,,7361,0,0,"{""result"": {""status"": ""OK"", ""run_time"": ""2026-07-18T11:20:40.975242+00:00"", ""upserted"": 0, ""signals_ranked"": 1, ""brain_available"": true, ""signals_scanned"": 0, ""signals_approved"": 0, ""signals_excellent"": 0, ""invariant_breaches"": 0, ""trace_nodes_logged"": [""unknown"", ""cleanup"", ""pre_flight"", ""rank"", ""scan"", ""upsert"", ""snapshot"", ""state"", ""gate"", ""invariants""]}}",2026-07-18 11:20:48.352606+00
793,2026-07-18 11:25:55.57933+00,OK,,7190,3,0,"{""result"": {""status"": ""OK"", ""run_time"": ""2026-07-18T11:25:48.370434+00:00"", ""upserted"": 0, ""signals_ranked"": 2, ""brain_available"": true, ""signals_scanned"": 3, ""signals_approved"": 0, ""signals_excellent"": 0, ""invariant_breaches"": 0, ""trace_nodes_logged"": [""unknown"", ""cleanup"", ""pre_flight"", ""rank"", ""scan"", ""upsert"", ""snapshot"", ""state"", ""gate"", ""invariants""]}}",2026-07-18 11:25:55.579548+00
794,2026-07-18 11:31:01.319032+00,OK,,5694,3,0,"{""result"": {""status"": ""OK"", ""run_time"": ""2026-07-18T11:30:55.606143+00:00"", ""upserted"": 0, ""signals_ranked"": 2, ""brain_available"": true, ""signals_scanned"": 3, ""signals_approved"": 0, ""signals_excellent"": 0, ""invariant_breaches"": 0, ""trace_nodes_logged"": [""unknown"", ""cleanup"", ""pre_flight"", ""rank"", ""scan"", ""upsert"", ""snapshot"", ""state"", ""gate"", ""invariants""]}}",2026-07-18 11:31:01.31922+00
795,2026-07-18 11:36:08.513231+00,OK,,7150,3,0,"{""result"": {""status"": ""OK"", ""run_time"": ""2026-07-18T11:36:01.344529+00:00"", ""upserted"": 0, ""signals_ranked"": 2, ""brain_available"": true, ""signals_scanned"": 3, ""signals_approved"": 0, ""signals_excellent"": 0, ""invariant_breaches"": 0, ""trace_nodes_logged"": [""unknown"", ""cleanup"", ""pre_flight"", ""rank"", ""scan"", ""upsert"", ""snapshot"", ""state"", ""gate"", ""invariants""]}}",2026-07-18 11:36:08.5134+00
796,2026-07-18 11:41:16.154713+00,OK,,7604,3,0,"{""result"": {""status"": ""OK"", ""run_time"": ""2026-07-18T11:41:08.537471+00:00"", ""upserted"": 0, ""signals_ranked"": 2, ""brain_available"": true, ""signals_scanned"": 3, ""signals_approved"": 0, ""signals_excellent"": 0, ""invariant_breaches"": 0, ""trace_nodes_logged"": [""unknown"", ""cleanup"", ""pre_flight"", ""rank"", ""scan"", ""upsert"", ""snapshot"", ""state"", ""gate"", ""invariants""]}}",2026-07-18 11:41:16.154842+00
797,2026-07-18 11:46:22.584546+00,OK,,6398,2,0,"{""result"": {""status"": ""OK"", ""run_time"": ""2026-07-18T11:46:16.171715+00:00"", ""upserted"": 0, ""signals_ranked"": 2, ""brain_available"": true, ""signals_scanned"": 2, ""signals_approved"": 0, ""signals_excellent"": 0, ""invariant_breaches"": 0, ""trace_nodes_logged"": [""unknown"", ""cleanup"", ""pre_flight"", ""rank"", ""scan"", ""upsert"", ""snapshot"", ""state"", ""gate"", ""invariants""]}}",2026-07-18 11:46:22.584686+00
798,2026-07-18 11:51:30.098003+00,OK,,7475,2,0,"{""result"": {""status"": ""OK"", ""run_time"": ""2026-07-18T11:51:22.601076+00:00"", ""upserted"": 0, ""signals_ranked"": 2, ""brain_available"": true, ""signals_scanned"": 2, ""signals_approved"": 0, ""signals_excellent"": 0, ""invariant_breaches"": 0, ""trace_nodes_logged"": [""unknown"", ""cleanup"", ""pre_flight"", ""rank"", ""scan"", ""upsert"", ""snapshot"", ""state"", ""gate"", ""invariants""]}}",2026-07-18 11:51:30.098225+00
799,2026-07-18 11:56:37.237574+00,OK,,7094,2,0,"{""result"": {""status"": ""OK"", ""run_time"": ""2026-07-18T11:56:30.124272+00:00"", ""upserted"": 0, ""signals_ranked"": 2, ""brain_available"": true, ""signals_scanned"": 2, ""signals_approved"": 0, ""signals_excellent"": 0, ""invariant_breaches"": 0, ""trace_nodes_logged"": [""unknown"", ""cleanup"", ""pre_flight"", ""rank"", ""scan"", ""upsert"", ""snapshot"", ""state"", ""gate"", ""invariants""]}}",2026-07-18 11:56:37.237744+00
800,2026-07-18 12:01:45.617671+00,OK,,8322,2,0,"{""result"": {""status"": ""OK"", ""run_time"": ""2026-07-18T12:01:37.263292+00:00"", ""upserted"": 0, ""signals_ranked"": 2, ""brain_available"": true, ""signals_scanned"": 2, ""signals_approved"": 0, ""signals_excellent"": 0, ""invariant_breaches"": 0, ""trace_nodes_logged"": [""unknown"", ""cleanup"", ""pre_flight"", ""rank"", ""scan"", ""upsert"", ""snapshot"", ""state"", ""gate"", ""invariants""]}}",2026-07-18 12:01:45.61791+00
801,2026-07-18 12:06:53.061872+00,OK,,7405,2,2,"{""result"": {""status"": ""OK"", ""run_time"": ""2026-07-18T12:06:45.641756+00:00"", ""upserted"": 2, ""signals_ranked"": 2, ""brain_available"": true, ""signals_scanned"": 2, ""signals_approved"": 2, ""signals_excellent"": 0, ""invariant_breaches"": 0, ""trace_nodes_logged"": [""unknown"", ""cleanup"", ""pre_flight"", ""rank"", ""scan"", ""upsert"", ""snapshot"", ""state"", ""gate"", ""invariants""]}}",2026-07-18 12:06:53.06203+00
802,2026-07-18 12:12:02.999301+00,OK,,9900,2,0,"{""result"": {""status"": ""OK"", ""run_time"": ""2026-07-18T12:11:53.079958+00:00"", ""upserted"": 0, ""signals_ranked"": 2, ""brain_available"": true, ""signals_scanned"": 2, ""signals_approved"": 0, ""signals_excellent"": 0, ""invariant_breaches"": 0, ""trace_nodes_logged"": [""unknown"", ""cleanup"", ""pre_flight"", ""rank"", ""scan"", ""upsert"", ""snapshot"", ""state"", ""gate"", ""invariants""]}}",2026-07-18 12:12:02.999473+00
803,2026-07-18 12:17:12.866338+00,OK,,9823,2,0,"{""result"": {""status"": ""OK"", ""run_time"": ""2026-07-18T12:17:03.024344+00:00"", ""upserted"": 0, ""signals_ranked"": 2, ""brain_available"": true, ""signals_scanned"": 2, ""signals_approved"": 0, ""signals_excellent"": 0, ""invariant_breaches"": 0, ""trace_nodes_logged"": [""unknown"", ""cleanup"", ""pre_flight"", ""rank"", ""scan"", ""upsert"", ""snapshot"", ""state"", ""gate"", ""invariants""]}}",2026-07-18 12:17:12.86651+00
804,2026-07-18 12:22:22.163796+00,OK,,9253,0,0,"{""result"": {""status"": ""OK"", ""run_time"": ""2026-07-18T12:22:12.892694+00:00"", ""upserted"": 0, ""signals_ranked"": 2, ""brain_available"": true, ""signals_scanned"": 0, ""signals_approved"": 0, ""signals_excellent"": 0, ""invariant_breaches"": 0, ""trace_nodes_logged"": [""unknown"", ""cleanup"", ""pre_flight"", ""rank"", ""scan"", ""upsert"", ""snapshot"", ""state"", ""gate"", ""invariants""]}}",2026-07-18 12:22:22.163986+00
805,2026-07-18 12:27:31.609531+00,OK,,9408,0,0,"{""result"": {""status"": ""OK"", ""run_time"": ""2026-07-18T12:27:22.181457+00:00"", ""upserted"": 0, ""signals_ranked"": 2, ""brain_available"": true, ""signals_scanned"": 0, ""signals_approved"": 0, ""signals_excellent"": 0, ""invariant_breaches"": 0, ""trace_nodes_logged"": [""unknown"", ""cleanup"", ""pre_flight"", ""rank"", ""scan"", ""upsert"", ""snapshot"", ""state"", ""gate"", ""invariants""]}}",2026-07-18 12:27:31.609709+00
806,2026-07-18 12:32:39.893738+00,OK,,8243,0,0,"{""result"": {""status"": ""OK"", ""run_time"": ""2026-07-18T12:32:31.635527+00:00"", ""upserted"": 0, ""signals_ranked"": 2, ""brain_available"": true, ""signals_scanned"": 0, ""signals_approved"": 0, ""signals_excellent"": 0, ""invariant_breaches"": 0, ""trace_nodes_logged"": [""unknown"", ""cleanup"", ""pre_flight"", ""rank"", ""scan"", ""upsert"", ""snapshot"", ""state"", ""gate"", ""invariants""]}}",2026-07-18 12:32:39.893882+00
807,2026-07-18 12:37:49.432373+00,OK,,9496,0,0,"{""result"": {""status"": ""OK"", ""run_time"": ""2026-07-18T12:37:39.914686+00:00"", ""upserted"": 0, ""signals_ranked"": 2, ""brain_available"": true, ""signals_scanned"": 0, ""signals_approved"": 0, ""signals_excellent"": 0, ""invariant_breaches"": 0, ""trace_nodes_logged"": [""unknown"", ""cleanup"", ""pre_flight"", ""rank"", ""scan"", ""upsert"", ""snapshot"", ""state"", ""gate"", ""invariants""]}}",2026-07-18 12:37:49.432544+00
808,2026-07-18 12:42:58.664404+00,OK,,9193,0,0,"{""result"": {""status"": ""OK"", ""run_time"": ""2026-07-18T12:42:49.456473+00:00"", ""upserted"": 0, ""signals_ranked"": 2, ""brain_available"": true, ""signals_scanned"": 0, ""signals_approved"": 0, ""signals_excellent"": 0, ""invariant_breaches"": 0, ""trace_nodes_logged"": [""unknown"", ""cleanup"", ""pre_flight"", ""rank"", ""scan"", ""upsert"", ""snapshot"", ""state"", ""gate"", ""invariants""]}}",2026-07-18 12:42:58.664546+00
809,2026-07-18 12:48:08.131298+00,OK,,9429,0,0,"{""result"": {""status"": ""OK"", ""run_time"": ""2026-07-18T12:47:58.682207+00:00"", ""upserted"": 0, ""signals_ranked"": 2, ""brain_available"": true, ""signals_scanned"": 0, ""signals_approved"": 0, ""signals_excellent"": 0, ""invariant_breaches"": 0, ""trace_nodes_logged"": [""unknown"", ""cleanup"", ""pre_flight"", ""rank"", ""scan"", ""upsert"", ""snapshot"", ""state"", ""gate"", ""invariants""]}}",2026-07-18 12:48:08.131473+00
810,2026-07-18 12:53:17.54093+00,OK,,9366,0,0,"{""result"": {""status"": ""OK"", ""run_time"": ""2026-07-18T12:53:08.156862+00:00"", ""upserted"": 0, ""signals_ranked"": 2, ""brain_available"": true, ""signals_scanned"": 0, ""signals_approved"": 0, ""signals_excellent"": 0, ""invariant_breaches"": 0, ""trace_nodes_logged"": [""unknown"", ""cleanup"", ""pre_flight"", ""rank"", ""scan"", ""upsert"", ""snapshot"", ""state"", ""gate"", ""invariants""]}}",2026-07-18 12:53:17.541092+00
811,2026-07-18 12:58:24.712297+00,OK,,7134,0,0,"{""result"": {""status"": ""OK"", ""run_time"": ""2026-07-18T12:58:17.557964+00:00"", ""upserted"": 0, ""signals_ranked"": 2, ""brain_available"": true, ""signals_scanned"": 0, ""signals_approved"": 0, ""signals_excellent"": 0, ""invariant_breaches"": 0, ""trace_nodes_logged"": [""unknown"", ""cleanup"", ""pre_flight"", ""rank"", ""scan"", ""upsert"", ""snapshot"", ""state"", ""gate"", ""invariants""]}}",2026-07-18 12:58:24.71247+00
812,2026-07-18 13:03:33.914352+00,OK,,9157,1,0,"{""result"": {""status"": ""OK"", ""run_time"": ""2026-07-18T13:03:24.737290+00:00"", ""upserted"": 0, ""signals_ranked"": 2, ""brain_available"": true, ""signals_scanned"": 1, ""signals_approved"": 0, ""signals_excellent"": 0, ""invariant_breaches"": 0, ""trace_nodes_logged"": [""unknown"", ""cleanup"", ""pre_flight"", ""rank"", ""scan"", ""upsert"", ""snapshot"", ""state"", ""gate"", ""invariants""]}}",2026-07-18 13:03:33.91452+00
813,2026-07-18 13:08:43.599976+00,OK,,9640,1,0,"{""result"": {""status"": ""OK"", ""run_time"": ""2026-07-18T13:08:33.940621+00:00"", ""upserted"": 0, ""signals_ranked"": 2, ""brain_available"": true, ""signals_scanned"": 1, ""signals_approved"": 0, ""signals_excellent"": 0, ""invariant_breaches"": 0, ""trace_nodes_logged"": [""unknown"", ""cleanup"", ""pre_flight"", ""rank"", ""scan"", ""upsert"", ""snapshot"", ""state"", ""gate"", ""invariants""]}}",2026-07-18 13:08:43.600166+00
814,2026-07-18 13:13:52.487416+00,OK,,8843,1,0,"{""result"": {""status"": ""OK"", ""run_time"": ""2026-07-18T13:13:43.625574+00:00"", ""upserted"": 0, ""signals_ranked"": 2, ""brain_available"": true, ""signals_scanned"": 1, ""signals_approved"": 0, ""signals_excellent"": 0, ""invariant_breaches"": 0, ""trace_nodes_logged"": [""unknown"", ""cleanup"", ""pre_flight"", ""rank"", ""scan"", ""upsert"", ""snapshot"", ""state"", ""gate"", ""invariants""]}}",2026-07-18 13:13:52.487586+00
815,2026-07-18 13:19:01.794532+00,OK,,9260,1,1,"{""result"": {""status"": ""OK"", ""run_time"": ""2026-07-18T13:18:52.514597+00:00"", ""upserted"": 1, ""signals_ranked"": 3, ""brain_available"": true, ""signals_scanned"": 1, ""signals_approved"": 1, ""signals_excellent"": 0, ""invariant_breaches"": 0, ""trace_nodes_logged"": [""unknown"", ""cleanup"", ""pre_flight"", ""rank"", ""scan"", ""upsert"", ""snapshot"", ""state"", ""gate"", ""invariants""]}}",2026-07-18 13:19:01.794678+00
816,2026-07-18 13:24:09.152427+00,OK,,7318,1,0,"{""result"": {""status"": ""OK"", ""run_time"": ""2026-07-18T13:24:01.814580+00:00"", ""upserted"": 0, ""signals_ranked"": 3, ""brain_available"": true, ""signals_scanned"": 1, ""signals_approved"": 0, ""signals_excellent"": 0, ""invariant_breaches"": 0, ""trace_nodes_logged"": [""unknown"", ""cleanup"", ""pre_flight"", ""rank"", ""scan"", ""upsert"", ""snapshot"", ""state"", ""gate"", ""invariants""]}}",2026-07-18 13:24:09.152609+00
817,2026-07-18 13:29:17.140067+00,OK,,7943,1,0,"{""result"": {""status"": ""OK"", ""run_time"": ""2026-07-18T13:29:09.176844+00:00"", ""upserted"": 0, ""signals_ranked"": 3, ""brain_available"": true, ""signals_scanned"": 1, ""signals_approved"": 0, ""signals_excellent"": 0, ""invariant_breaches"": 0, ""trace_nodes_logged"": [""unknown"", ""cleanup"", ""pre_flight"", ""rank"", ""scan"", ""upsert"", ""snapshot"", ""state"", ""gate"", ""invariants""]}}",2026-07-18 13:29:17.140246+00
818,2026-07-18 13:34:25.170883+00,OK,,7990,1,0,"{""result"": {""status"": ""OK"", ""run_time"": ""2026-07-18T13:34:17.165805+00:00"", ""upserted"": 0, ""signals_ranked"": 3, ""brain_available"": true, ""signals_scanned"": 1, ""signals_approved"": 0, ""signals_excellent"": 0, ""invariant_breaches"": 0, ""trace_nodes_logged"": [""unknown"", ""cleanup"", ""pre_flight"", ""rank"", ""scan"", ""upsert"", ""snapshot"", ""state"", ""gate"", ""invariants""]}}",2026-07-18 13:34:25.171036+00
819,2026-07-18 13:39:33.735939+00,OK,,8528,1,0,"{""result"": {""status"": ""OK"", ""run_time"": ""2026-07-18T13:39:25.188696+00:00"", ""upserted"": 0, ""signals_ranked"": 3, ""brain_available"": true, ""signals_scanned"": 1, ""signals_approved"": 0, ""signals_excellent"": 0, ""invariant_breaches"": 0, ""trace_nodes_logged"": [""unknown"", ""cleanup"", ""pre_flight"", ""rank"", ""scan"", ""upsert"", ""snapshot"", ""state"", ""gate"", ""invariants""]}}",2026-07-18 13:39:33.736122+00
820,2026-07-18 13:44:42.350433+00,OK,,8568,0,0,"{""result"": {""status"": ""OK"", ""run_time"": ""2026-07-18T13:44:33.761446+00:00"", ""upserted"": 0, ""signals_ranked"": 3, ""brain_available"": true, ""signals_scanned"": 0, ""signals_approved"": 0, ""signals_excellent"": 0, ""invariant_breaches"": 0, ""trace_nodes_logged"": [""unknown"", ""cleanup"", ""pre_flight"", ""rank"", ""scan"", ""upsert"", ""snapshot"", ""state"", ""gate"", ""invariants""]}}",2026-07-18 13:44:42.35061+00
821,2026-07-18 13:49:49.622572+00,OK,,7231,0,0,"{""result"": {""status"": ""OK"", ""run_time"": ""2026-07-18T13:49:42.375793+00:00"", ""upserted"": 0, ""signals_ranked"": 3, ""brain_available"": true, ""signals_scanned"": 0, ""signals_approved"": 0, ""signals_excellent"": 0, ""invariant_breaches"": 0, ""trace_nodes_logged"": [""unknown"", ""cleanup"", ""pre_flight"", ""rank"", ""scan"", ""upsert"", ""snapshot"", ""state"", ""gate"", ""invariants""]}}",2026-07-18 13:49:49.622713+00
822,2026-07-18 13:54:58.209461+00,OK,,8550,0,0,"{""result"": {""status"": ""OK"", ""run_time"": ""2026-07-18T13:54:49.640493+00:00"", ""upserted"": 0, ""signals_ranked"": 3, ""brain_available"": true, ""signals_scanned"": 0, ""signals_approved"": 0, ""signals_excellent"": 0, ""invariant_breaches"": 0, ""trace_nodes_logged"": [""unknown"", ""cleanup"", ""pre_flight"", ""rank"", ""scan"", ""upsert"", ""snapshot"", ""state"", ""gate"", ""invariants""]}}",2026-07-18 13:54:58.209634+00
823,2026-07-18 14:00:06.146306+00,OK,,7892,1,0,"{""result"": {""status"": ""OK"", ""run_time"": ""2026-07-18T13:59:58.236164+00:00"", ""upserted"": 0, ""signals_ranked"": 3, ""brain_available"": true, ""signals_scanned"": 1, ""signals_approved"": 0, ""signals_excellent"": 0, ""invariant_breaches"": 0, ""trace_nodes_logged"": [""unknown"", ""cleanup"", ""pre_flight"", ""rank"", ""scan"", ""upsert"", ""snapshot"", ""state"", ""gate"", ""invariants""]}}",2026-07-18 14:00:06.146496+00
824,2026-07-18 14:05:13.904073+00,OK,,7722,1,0,"{""result"": {""status"": ""OK"", ""run_time"": ""2026-07-18T14:05:06.162768+00:00"", ""upserted"": 0, ""signals_ranked"": 3, ""brain_available"": true, ""signals_scanned"": 1, ""signals_approved"": 0, ""signals_excellent"": 0, ""invariant_breaches"": 0, ""trace_nodes_logged"": [""unknown"", ""cleanup"", ""pre_flight"", ""rank"", ""scan"", ""upsert"", ""snapshot"", ""state"", ""gate"", ""invariants""]}}",2026-07-18 14:05:13.904248+00
825,2026-07-18 14:10:22.696202+00,OK,,8746,1,0,"{""result"": {""status"": ""OK"", ""run_time"": ""2026-07-18T14:10:13.928406+00:00"", ""upserted"": 0, ""signals_ranked"": 3, ""brain_available"": true, ""signals_scanned"": 1, ""signals_approved"": 0, ""signals_excellent"": 0, ""invariant_breaches"": 0, ""trace_nodes_logged"": [""unknown"", ""cleanup"", ""pre_flight"", ""rank"", ""scan"", ""upsert"", ""snapshot"", ""state"", ""gate"", ""invariants""]}}",2026-07-18 14:10:22.69638+00
826,2026-07-18 14:15:29.601769+00,OK,,6861,1,0,"{""result"": {""status"": ""OK"", ""run_time"": ""2026-07-18T14:15:22.721772+00:00"", ""upserted"": 0, ""signals_ranked"": 3, ""brain_available"": true, ""signals_scanned"": 1, ""signals_approved"": 0, ""signals_excellent"": 0, ""invariant_breaches"": 0, ""trace_nodes_logged"": [""unknown"", ""cleanup"", ""pre_flight"", ""rank"", ""scan"", ""upsert"", ""snapshot"", ""state"", ""gate"", ""invariants""]}}",2026-07-18 14:15:29.601942+00
827,2026-07-18 14:20:37.164366+00,OK,,7516,0,0,"{""result"": {""status"": ""OK"", ""run_time"": ""2026-07-18T14:20:29.627160+00:00"", ""upserted"": 0, ""signals_ranked"": 2, ""brain_available"": true, ""signals_scanned"": 0, ""signals_approved"": 0, ""signals_excellent"": 0, ""invariant_breaches"": 0, ""trace_nodes_logged"": [""unknown"", ""cleanup"", ""pre_flight"", ""rank"", ""scan"", ""upsert"", ""snapshot"", ""state"", ""gate"", ""invariants""]}}",2026-07-18 14:20:37.164537+00
828,2026-07-18 14:25:45.60663+00,OK,,8392,0,0,"{""result"": {""status"": ""OK"", ""run_time"": ""2026-07-18T14:25:37.194073+00:00"", ""upserted"": 0, ""signals_ranked"": 2, ""brain_available"": true, ""signals_scanned"": 0, ""signals_approved"": 0, ""signals_excellent"": 0, ""invariant_breaches"": 0, ""trace_nodes_logged"": [""unknown"", ""cleanup"", ""pre_flight"", ""rank"", ""scan"", ""upsert"", ""snapshot"", ""state"", ""gate"", ""invariants""]}}",2026-07-18 14:25:45.606805+00
829,2026-07-18 14:30:54.047714+00,OK,,8397,0,0,"{""result"": {""status"": ""OK"", ""run_time"": ""2026-07-18T14:30:45.632080+00:00"", ""upserted"": 0, ""signals_ranked"": 2, ""brain_available"": true, ""signals_scanned"": 0, ""signals_approved"": 0, ""signals_excellent"": 0, ""invariant_breaches"": 0, ""trace_nodes_logged"": [""unknown"", ""cleanup"", ""pre_flight"", ""rank"", ""scan"", ""upsert"", ""snapshot"", ""state"", ""gate"", ""invariants""]}}",2026-07-18 14:30:54.047888+00
830,2026-07-18 14:36:03.064813+00,OK,,8974,0,0,"{""result"": {""status"": ""OK"", ""run_time"": ""2026-07-18T14:35:54.071722+00:00"", ""upserted"": 0, ""signals_ranked"": 2, ""brain_available"": true, ""signals_scanned"": 0, ""signals_approved"": 0, ""signals_excellent"": 0, ""invariant_breaches"": 0, ""trace_nodes_logged"": [""unknown"", ""cleanup"", ""pre_flight"", ""rank"", ""scan"", ""upsert"", ""snapshot"", ""state"", ""gate"", ""invariants""]}}",2026-07-18 14:36:03.065003+00
831,2026-07-18 14:41:11.2235+00,OK,,8110,0,0,"{""result"": {""status"": ""OK"", ""run_time"": ""2026-07-18T14:41:03.093821+00:00"", ""upserted"": 0, ""signals_ranked"": 2, ""brain_available"": true, ""signals_scanned"": 0, ""signals_approved"": 0, ""signals_excellent"": 0, ""invariant_breaches"": 0, ""trace_nodes_logged"": [""unknown"", ""cleanup"", ""pre_flight"", ""rank"", ""scan"", ""upsert"", ""snapshot"", ""state"", ""gate"", ""invariants""]}}",2026-07-18 14:41:11.223675+00
832,2026-07-18 14:46:19.811221+00,OK,,8544,0,0,"{""result"": {""status"": ""OK"", ""run_time"": ""2026-07-18T14:46:11.248268+00:00"", ""upserted"": 0, ""signals_ranked"": 2, ""brain_available"": true, ""signals_scanned"": 0, ""signals_approved"": 0, ""signals_excellent"": 0, ""invariant_breaches"": 0, ""trace_nodes_logged"": [""unknown"", ""cleanup"", ""pre_flight"", ""rank"", ""scan"", ""upsert"", ""snapshot"", ""state"", ""gate"", ""invariants""]}}",2026-07-18 14:46:19.811393+00
833,2026-07-18 14:51:27.171336+00,OK,,7316,0,0,"{""result"": {""status"": ""OK"", ""run_time"": ""2026-07-18T14:51:19.839576+00:00"", ""upserted"": 0, ""signals_ranked"": 2, ""brain_available"": true, ""signals_scanned"": 0, ""signals_approved"": 0, ""signals_excellent"": 0, ""invariant_breaches"": 0, ""trace_nodes_logged"": [""unknown"", ""cleanup"", ""pre_flight"", ""rank"", ""scan"", ""upsert"", ""snapshot"", ""state"", ""gate"", ""invariants""]}}",2026-07-18 14:51:27.171474+00
834,2026-07-18 14:56:34.910165+00,OK,,7701,0,0,"{""result"": {""status"": ""OK"", ""run_time"": ""2026-07-18T14:56:27.187975+00:00"", ""upserted"": 0, ""signals_ranked"": 2, ""brain_available"": true, ""signals_scanned"": 0, ""signals_approved"": 0, ""signals_excellent"": 0, ""invariant_breaches"": 0, ""trace_nodes_logged"": [""unknown"", ""cleanup"", ""pre_flight"", ""rank"", ""scan"", ""upsert"", ""snapshot"", ""state"", ""gate"", ""invariants""]}}",2026-07-18 14:56:34.910339+00
835,2026-07-18 15:01:42.616792+00,OK,,7661,0,0,"{""result"": {""status"": ""OK"", ""run_time"": ""2026-07-18T15:01:34.936157+00:00"", ""upserted"": 0, ""signals_ranked"": 2, ""brain_available"": true, ""signals_scanned"": 0, ""signals_approved"": 0, ""signals_excellent"": 0, ""invariant_breaches"": 0, ""trace_nodes_logged"": [""unknown"", ""cleanup"", ""pre_flight"", ""rank"", ""scan"", ""upsert"", ""snapshot"", ""state"", ""gate"", ""invariants""]}}",2026-07-18 15:01:42.616963+00
836,2026-07-18 15:06:49.517781+00,OK,,6861,0,0,"{""result"": {""status"": ""OK"", ""run_time"": ""2026-07-18T15:06:42.642482+00:00"", ""upserted"": 0, ""signals_ranked"": 2, ""brain_available"": true, ""signals_scanned"": 0, ""signals_approved"": 0, ""signals_excellent"": 0, ""invariant_breaches"": 0, ""trace_nodes_logged"": [""unknown"", ""cleanup"", ""pre_flight"", ""rank"", ""scan"", ""upsert"", ""snapshot"", ""state"", ""gate"", ""invariants""]}}",2026-07-18 15:06:49.517916+00
837,2026-07-18 15:11:57.731344+00,OK,,8176,0,0,"{""result"": {""status"": ""OK"", ""run_time"": ""2026-07-18T15:11:49.535521+00:00"", ""upserted"": 0, ""signals_ranked"": 2, ""brain_available"": true, ""signals_scanned"": 0, ""signals_approved"": 0, ""signals_excellent"": 0, ""invariant_breaches"": 0, ""trace_nodes_logged"": [""unknown"", ""cleanup"", ""pre_flight"", ""rank"", ""scan"", ""upsert"", ""snapshot"", ""state"", ""gate"", ""invariants""]}}",2026-07-18 15:11:57.731513+00
838,2026-07-18 15:17:04.918777+00,OK,,7146,0,0,"{""result"": {""status"": ""OK"", ""run_time"": ""2026-07-18T15:16:57.757394+00:00"", ""upserted"": 0, ""signals_ranked"": 1, ""brain_available"": true, ""signals_scanned"": 0, ""signals_approved"": 0, ""signals_excellent"": 0, ""invariant_breaches"": 0, ""trace_nodes_logged"": [""unknown"", ""cleanup"", ""pre_flight"", ""rank"", ""scan"", ""upsert"", ""snapshot"", ""state"", ""gate"", ""invariants""]}}",2026-07-18 15:17:04.918936+00
839,2026-07-18 15:22:13.121398+00,OK,,8160,0,0,"{""result"": {""status"": ""OK"", ""run_time"": ""2026-07-18T15:22:04.941076+00:00"", ""upserted"": 0, ""signals_ranked"": 1, ""brain_available"": true, ""signals_scanned"": 0, ""signals_approved"": 0, ""signals_excellent"": 0, ""invariant_breaches"": 0, ""trace_nodes_logged"": [""unknown"", ""cleanup"", ""pre_flight"", ""rank"", ""scan"", ""upsert"", ""snapshot"", ""state"", ""gate"", ""invariants""]}}",2026-07-18 15:22:13.121572+00
840,2026-07-18 15:27:22.048444+00,OK,,8881,0,0,"{""result"": {""status"": ""OK"", ""run_time"": ""2026-07-18T15:27:13.147369+00:00"", ""upserted"": 0, ""signals_ranked"": 1, ""brain_available"": true, ""signals_scanned"": 0, ""signals_approved"": 0, ""signals_excellent"": 0, ""invariant_breaches"": 0, ""trace_nodes_logged"": [""unknown"", ""cleanup"", ""pre_flight"", ""rank"", ""scan"", ""upsert"", ""snapshot"", ""state"", ""gate"", ""invariants""]}}",2026-07-18 15:27:22.048614+00
841,2026-07-18 15:32:30.779288+00,OK,,8686,0,0,"{""result"": {""status"": ""OK"", ""run_time"": ""2026-07-18T15:32:22.073855+00:00"", ""upserted"": 0, ""signals_ranked"": 1, ""brain_available"": true, ""signals_scanned"": 0, ""signals_approved"": 0, ""signals_excellent"": 0, ""invariant_breaches"": 0, ""trace_nodes_logged"": [""unknown"", ""cleanup"", ""pre_flight"", ""rank"", ""scan"", ""upsert"", ""snapshot"", ""state"", ""gate"", ""invariants""]}}",2026-07-18 15:32:30.779461+00
842,2026-07-18 15:37:38.857519+00,OK,,8033,0,0,"{""result"": {""status"": ""OK"", ""run_time"": ""2026-07-18T15:37:30.803367+00:00"", ""upserted"": 0, ""signals_ranked"": 1, ""brain_available"": true, ""signals_scanned"": 0, ""signals_approved"": 0, ""signals_excellent"": 0, ""invariant_breaches"": 0, ""trace_nodes_logged"": [""unknown"", ""cleanup"", ""pre_flight"", ""rank"", ""scan"", ""upsert"", ""snapshot"", ""state"", ""gate"", ""invariants""]}}",2026-07-18 15:37:38.857694+00
843,2026-07-18 15:42:46.916757+00,OK,,8018,0,0,"{""result"": {""status"": ""OK"", ""run_time"": ""2026-07-18T15:42:38.883025+00:00"", ""upserted"": 0, ""signals_ranked"": 1, ""brain_available"": true, ""signals_scanned"": 0, ""signals_approved"": 0, ""signals_excellent"": 0, ""invariant_breaches"": 0, ""trace_nodes_logged"": [""unknown"", ""cleanup"", ""pre_flight"", ""rank"", ""scan"", ""upsert"", ""snapshot"", ""state"", ""gate"", ""invariants""]}}",2026-07-18 15:42:46.916898+00
844,2026-07-18 15:47:54.901771+00,OK,,7946,0,0,"{""result"": {""status"": ""OK"", ""run_time"": ""2026-07-18T15:47:46.933279+00:00"", ""upserted"": 0, ""signals_ranked"": 1, ""brain_available"": true, ""signals_scanned"": 0, ""signals_approved"": 0, ""signals_excellent"": 0, ""invariant_breaches"": 0, ""trace_nodes_logged"": [""unknown"", ""cleanup"", ""pre_flight"", ""rank"", ""scan"", ""upsert"", ""snapshot"", ""state"", ""gate"", ""invariants""]}}",2026-07-18 15:47:54.901938+00
845,2026-07-18 15:53:02.690281+00,OK,,7745,1,0,"{""result"": {""status"": ""OK"", ""run_time"": ""2026-07-18T15:52:54.927044+00:00"", ""upserted"": 0, ""signals_ranked"": 1, ""brain_available"": true, ""signals_scanned"": 1, ""signals_approved"": 0, ""signals_excellent"": 0, ""invariant_breaches"": 0, ""trace_nodes_logged"": [""unknown"", ""cleanup"", ""pre_flight"", ""rank"", ""scan"", ""upsert"", ""snapshot"", ""state"", ""gate"", ""invariants""]}}",2026-07-18 15:53:02.690481+00
846,2026-07-18 15:58:10.869725+00,OK,,8146,1,0,"{""result"": {""status"": ""OK"", ""run_time"": ""2026-07-18T15:58:02.707923+00:00"", ""upserted"": 0, ""signals_ranked"": 1, ""brain_available"": true, ""signals_scanned"": 1, ""signals_approved"": 0, ""signals_excellent"": 0, ""invariant_breaches"": 0, ""trace_nodes_logged"": [""unknown"", ""cleanup"", ""pre_flight"", ""rank"", ""scan"", ""upsert"", ""snapshot"", ""state"", ""gate"", ""invariants""]}}",2026-07-18 15:58:10.869867+00
847,2026-07-18 16:03:19.651088+00,OK,,8744,1,0,"{""result"": {""status"": ""OK"", ""run_time"": ""2026-07-18T16:03:10.887506+00:00"", ""upserted"": 0, ""signals_ranked"": 1, ""brain_available"": true, ""signals_scanned"": 1, ""signals_approved"": 0, ""signals_excellent"": 0, ""invariant_breaches"": 0, ""trace_nodes_logged"": [""unknown"", ""cleanup"", ""pre_flight"", ""rank"", ""scan"", ""upsert"", ""snapshot"", ""state"", ""gate"", ""invariants""]}}",2026-07-18 16:03:19.651269+00
848,2026-07-18 16:08:28.351068+00,OK,,8650,1,0,"{""result"": {""status"": ""OK"", ""run_time"": ""2026-07-18T16:08:19.681417+00:00"", ""upserted"": 0, ""signals_ranked"": 1, ""brain_available"": true, ""signals_scanned"": 1, ""signals_approved"": 0, ""signals_excellent"": 0, ""invariant_breaches"": 0, ""trace_nodes_logged"": [""unknown"", ""cleanup"", ""pre_flight"", ""rank"", ""scan"", ""upsert"", ""snapshot"", ""state"", ""gate"", ""invariants""]}}",2026-07-18 16:08:28.351236+00
849,2026-07-18 16:13:35.094782+00,OK,,6697,0,0,"{""result"": {""status"": ""OK"", ""run_time"": ""2026-07-18T16:13:28.378078+00:00"", ""upserted"": 0, ""signals_ranked"": 1, ""brain_available"": true, ""signals_scanned"": 0, ""signals_approved"": 0, ""signals_excellent"": 0, ""invariant_breaches"": 0, ""trace_nodes_logged"": [""unknown"", ""cleanup"", ""pre_flight"", ""rank"", ""scan"", ""upsert"", ""snapshot"", ""state"", ""gate"", ""invariants""]}}",2026-07-18 16:13:35.094956+00
850,2026-07-18 16:18:43.797964+00,OK,,8655,0,0,"{""result"": {""status"": ""OK"", ""run_time"": ""2026-07-18T16:18:35.119783+00:00"", ""upserted"": 0, ""signals_ranked"": 1, ""brain_available"": true, ""signals_scanned"": 0, ""signals_approved"": 0, ""signals_excellent"": 0, ""invariant_breaches"": 0, ""trace_nodes_logged"": [""unknown"", ""cleanup"", ""pre_flight"", ""rank"", ""scan"", ""upsert"", ""snapshot"", ""state"", ""gate"", ""invariants""]}}",2026-07-18 16:18:43.798158+00
851,2026-07-18 16:23:51.407583+00,OK,,7553,0,0,"{""result"": {""status"": ""OK"", ""run_time"": ""2026-07-18T16:23:43.831571+00:00"", ""upserted"": 0, ""signals_ranked"": 1, ""brain_available"": true, ""signals_scanned"": 0, ""signals_approved"": 0, ""signals_excellent"": 0, ""invariant_breaches"": 0, ""trace_nodes_logged"": [""unknown"", ""cleanup"", ""pre_flight"", ""rank"", ""scan"", ""upsert"", ""snapshot"", ""state"", ""gate"", ""invariants""]}}",2026-07-18 16:23:51.407779+00
852,2026-07-18 16:28:59.437963+00,OK,,7981,0,0,"{""result"": {""status"": ""OK"", ""run_time"": ""2026-07-18T16:28:51.437296+00:00"", ""upserted"": 0, ""signals_ranked"": 1, ""brain_available"": true, ""signals_scanned"": 0, ""signals_approved"": 0, ""signals_excellent"": 0, ""invariant_breaches"": 0, ""trace_nodes_logged"": [""unknown"", ""cleanup"", ""pre_flight"", ""rank"", ""scan"", ""upsert"", ""snapshot"", ""state"", ""gate"", ""invariants""]}}",2026-07-18 16:28:59.43815+00
853,2026-07-18 16:34:07.005304+00,OK,,7521,0,0,"{""result"": {""status"": ""OK"", ""run_time"": ""2026-07-18T16:33:59.463183+00:00"", ""upserted"": 0, ""signals_ranked"": 1, ""brain_available"": true, ""signals_scanned"": 0, ""signals_approved"": 0, ""signals_excellent"": 0, ""invariant_breaches"": 0, ""trace_nodes_logged"": [""unknown"", ""cleanup"", ""pre_flight"", ""rank"", ""scan"", ""upsert"", ""snapshot"", ""state"", ""gate"", ""invariants""]}}",2026-07-18 16:34:07.005472+00
854,2026-07-18 16:39:14.630383+00,OK,,7580,0,0,"{""result"": {""status"": ""OK"", ""run_time"": ""2026-07-18T16:39:07.030578+00:00"", ""upserted"": 0, ""signals_ranked"": 1, ""brain_available"": true, ""signals_scanned"": 0, ""signals_approved"": 0, ""signals_excellent"": 0, ""invariant_breaches"": 0, ""trace_nodes_logged"": [""unknown"", ""cleanup"", ""pre_flight"", ""rank"", ""scan"", ""upsert"", ""snapshot"", ""state"", ""gate"", ""invariants""]}}",2026-07-18 16:39:14.630554+00
855,2026-07-18 16:44:24.395424+00,OK,,9719,0,0,"{""result"": {""status"": ""OK"", ""run_time"": ""2026-07-18T16:44:14.654989+00:00"", ""upserted"": 0, ""signals_ranked"": 1, ""brain_available"": true, ""signals_scanned"": 0, ""signals_approved"": 0, ""signals_excellent"": 0, ""invariant_breaches"": 0, ""trace_nodes_logged"": [""unknown"", ""cleanup"", ""pre_flight"", ""rank"", ""scan"", ""upsert"", ""snapshot"", ""state"", ""gate"", ""invariants""]}}",2026-07-18 16:44:24.395609+00
856,2026-07-18 16:49:33.778606+00,OK,,9336,0,0,"{""result"": {""status"": ""OK"", ""run_time"": ""2026-07-18T16:49:24.421366+00:00"", ""upserted"": 0, ""signals_ranked"": 1, ""brain_available"": true, ""signals_scanned"": 0, ""signals_approved"": 0, ""signals_excellent"": 0, ""invariant_breaches"": 0, ""trace_nodes_logged"": [""unknown"", ""cleanup"", ""pre_flight"", ""rank"", ""scan"", ""upsert"", ""snapshot"", ""state"", ""gate"", ""invariants""]}}",2026-07-18 16:49:33.778792+00
857,2026-07-18 16:54:41.39689+00,OK,,7578,0,0,"{""result"": {""status"": ""OK"", ""run_time"": ""2026-07-18T16:54:33.804851+00:00"", ""upserted"": 0, ""signals_ranked"": 1, ""brain_available"": true, ""signals_scanned"": 0, ""signals_approved"": 0, ""signals_excellent"": 0, ""invariant_breaches"": 0, ""trace_nodes_logged"": [""unknown"", ""cleanup"", ""pre_flight"", ""rank"", ""scan"", ""upsert"", ""snapshot"", ""state"", ""gate"", ""invariants""]}}",2026-07-18 16:54:41.397033+00
858,2026-07-18 16:59:53.022281+00,OK,,11576,0,0,"{""result"": {""status"": ""OK"", ""run_time"": ""2026-07-18T16:59:41.418868+00:00"", ""upserted"": 0, ""signals_ranked"": 1, ""brain_available"": true, ""signals_scanned"": 0, ""signals_approved"": 0, ""signals_excellent"": 0, ""invariant_breaches"": 0, ""trace_nodes_logged"": [""unknown"", ""cleanup"", ""pre_flight"", ""rank"", ""scan"", ""upsert"", ""snapshot"", ""state"", ""gate"", ""invariants""]}}",2026-07-18 16:59:53.02252+00
859,2026-07-18 17:05:04.784181+00,OK,,11699,0,0,"{""result"": {""status"": ""OK"", ""run_time"": ""2026-07-18T17:04:53.055657+00:00"", ""upserted"": 0, ""signals_ranked"": 1, ""brain_available"": true, ""signals_scanned"": 0, ""signals_approved"": 0, ""signals_excellent"": 0, ""invariant_breaches"": 0, ""trace_nodes_logged"": [""unknown"", ""cleanup"", ""pre_flight"", ""rank"", ""scan"", ""upsert"", ""snapshot"", ""state"", ""gate"", ""invariants""]}}",2026-07-18 17:05:04.785842+00
860,2026-07-18 17:10:16.16815+00,OK,,11308,0,0,"{""result"": {""status"": ""OK"", ""run_time"": ""2026-07-18T17:10:04.820323+00:00"", ""upserted"": 0, ""signals_ranked"": 1, ""brain_available"": true, ""signals_scanned"": 0, ""signals_approved"": 0, ""signals_excellent"": 0, ""invariant_breaches"": 0, ""trace_nodes_logged"": [""unknown"", ""cleanup"", ""pre_flight"", ""rank"", ""scan"", ""upsert"", ""snapshot"", ""state"", ""gate"", ""invariants""]}}",2026-07-18 17:10:16.168318+00
861,2026-07-18 17:15:26.188848+00,OK,,9967,0,0,"{""result"": {""status"": ""OK"", ""run_time"": ""2026-07-18T17:15:16.203431+00:00"", ""upserted"": 0, ""signals_ranked"": 1, ""brain_available"": true, ""signals_scanned"": 0, ""signals_approved"": 0, ""signals_excellent"": 0, ""invariant_breaches"": 0, ""trace_nodes_logged"": [""unknown"", ""cleanup"", ""pre_flight"", ""rank"", ""scan"", ""upsert"", ""snapshot"", ""state"", ""gate"", ""invariants""]}}",2026-07-18 17:15:26.189002+00
862,2026-07-18 17:20:35.096705+00,OK,,8856,0,0,"{""result"": {""status"": ""OK"", ""run_time"": ""2026-07-18T17:20:26.211166+00:00"", ""upserted"": 0, ""signals_ranked"": 1, ""brain_available"": true, ""signals_scanned"": 0, ""signals_approved"": 0, ""signals_excellent"": 0, ""invariant_breaches"": 0, ""trace_nodes_logged"": [""unknown"", ""cleanup"", ""pre_flight"", ""rank"", ""scan"", ""upsert"", ""snapshot"", ""state"", ""gate"", ""invariants""]}}",2026-07-18 17:20:35.096894+00
863,2026-07-18 17:25:43.334453+00,OK,,8184,0,0,"{""result"": {""status"": ""OK"", ""run_time"": ""2026-07-18T17:25:35.130648+00:00"", ""upserted"": 0, ""signals_ranked"": 1, ""brain_available"": true, ""signals_scanned"": 0, ""signals_approved"": 0, ""signals_excellent"": 0, ""invariant_breaches"": 0, ""trace_nodes_logged"": [""unknown"", ""cleanup"", ""pre_flight"", ""rank"", ""scan"", ""upsert"", ""snapshot"", ""state"", ""gate"", ""invariants""]}}",2026-07-18 17:25:43.334643+00
864,2026-07-18 17:30:51.61992+00,OK,,8240,0,0,"{""result"": {""status"": ""OK"", ""run_time"": ""2026-07-18T17:30:43.359925+00:00"", ""upserted"": 0, ""signals_ranked"": 1, ""brain_available"": true, ""signals_scanned"": 0, ""signals_approved"": 0, ""signals_excellent"": 0, ""invariant_breaches"": 0, ""trace_nodes_logged"": [""unknown"", ""cleanup"", ""pre_flight"", ""rank"", ""scan"", ""upsert"", ""snapshot"", ""state"", ""gate"", ""invariants""]}}",2026-07-18 17:30:51.620127+00
865,2026-07-18 17:36:01.040376+00,OK,,9345,0,0,"{""result"": {""status"": ""OK"", ""run_time"": ""2026-07-18T17:35:51.645275+00:00"", ""upserted"": 0, ""signals_ranked"": 1, ""brain_available"": true, ""signals_scanned"": 0, ""signals_approved"": 0, ""signals_excellent"": 0, ""invariant_breaches"": 0, ""trace_nodes_logged"": [""unknown"", ""cleanup"", ""pre_flight"", ""rank"", ""scan"", ""upsert"", ""snapshot"", ""state"", ""gate"", ""invariants""]}}",2026-07-18 17:36:01.040576+00
866,2026-07-18 17:41:08.913681+00,OK,,7820,0,0,"{""result"": {""status"": ""OK"", ""run_time"": ""2026-07-18T17:41:01.072058+00:00"", ""upserted"": 0, ""signals_ranked"": 1, ""brain_available"": true, ""signals_scanned"": 0, ""signals_approved"": 0, ""signals_excellent"": 0, ""invariant_breaches"": 0, ""trace_nodes_logged"": [""unknown"", ""cleanup"", ""pre_flight"", ""rank"", ""scan"", ""upsert"", ""snapshot"", ""state"", ""gate"", ""invariants""]}}",2026-07-18 17:41:08.913849+00
867,2026-07-18 17:46:16.355019+00,OK,,7388,2,1,"{""result"": {""status"": ""OK"", ""run_time"": ""2026-07-18T17:46:08.940825+00:00"", ""upserted"": 1, ""signals_ranked"": 2, ""brain_available"": true, ""signals_scanned"": 2, ""signals_approved"": 1, ""signals_excellent"": 0, ""invariant_breaches"": 0, ""trace_nodes_logged"": [""unknown"", ""cleanup"", ""pre_flight"", ""rank"", ""scan"", ""upsert"", ""snapshot"", ""state"", ""gate"", ""invariants""]}}",2026-07-18 17:46:16.355218+00
868,2026-07-18 17:51:24.965559+00,OK,,8560,2,0,"{""result"": {""status"": ""OK"", ""run_time"": ""2026-07-18T17:51:16.382617+00:00"", ""upserted"": 0, ""signals_ranked"": 2, ""brain_available"": true, ""signals_scanned"": 2, ""signals_approved"": 0, ""signals_excellent"": 0, ""invariant_breaches"": 0, ""trace_nodes_logged"": [""unknown"", ""cleanup"", ""pre_flight"", ""rank"", ""scan"", ""upsert"", ""snapshot"", ""state"", ""gate"", ""invariants""]}}",2026-07-18 17:51:24.965756+00
869,2026-07-18 17:56:37.403116+00,OK,,12381,2,0,"{""result"": {""status"": ""OK"", ""run_time"": ""2026-07-18T17:56:24.992852+00:00"", ""upserted"": 0, ""signals_ranked"": 2, ""brain_available"": true, ""signals_scanned"": 2, ""signals_approved"": 0, ""signals_excellent"": 0, ""invariant_breaches"": 0, ""trace_nodes_logged"": [""unknown"", ""cleanup"", ""pre_flight"", ""rank"", ""scan"", ""upsert"", ""snapshot"", ""state"", ""gate"", ""invariants""]}}",2026-07-18 17:56:37.403577+00
870,2026-07-18 18:01:50.137536+00,OK,,12666,2,0,"{""result"": {""status"": ""OK"", ""run_time"": ""2026-07-18T18:01:37.438225+00:00"", ""upserted"": 0, ""signals_ranked"": 2, ""brain_available"": true, ""signals_scanned"": 2, ""signals_approved"": 0, ""signals_excellent"": 0, ""invariant_breaches"": 0, ""trace_nodes_logged"": [""unknown"", ""cleanup"", ""pre_flight"", ""rank"", ""scan"", ""upsert"", ""snapshot"", ""state"", ""gate"", ""invariants""]}}",2026-07-18 18:01:50.137731+00
871,2026-07-18 18:07:02.445871+00,OK,,12242,2,0,"{""result"": {""status"": ""OK"", ""run_time"": ""2026-07-18T18:06:50.171814+00:00"", ""upserted"": 0, ""signals_ranked"": 2, ""brain_available"": true, ""signals_scanned"": 2, ""signals_approved"": 0, ""signals_excellent"": 0, ""invariant_breaches"": 0, ""trace_nodes_logged"": [""unknown"", ""cleanup"", ""pre_flight"", ""rank"", ""scan"", ""upsert"", ""snapshot"", ""state"", ""gate"", ""invariants""]}}",2026-07-18 18:07:02.446041+00
872,2026-07-18 18:12:09.926431+00,OK,,7423,2,0,"{""result"": {""status"": ""OK"", ""run_time"": ""2026-07-18T18:12:02.482547+00:00"", ""upserted"": 0, ""signals_ranked"": 3, ""brain_available"": true, ""signals_scanned"": 2, ""signals_approved"": 0, ""signals_excellent"": 0, ""invariant_breaches"": 0, ""trace_nodes_logged"": [""unknown"", ""cleanup"", ""pre_flight"", ""rank"", ""scan"", ""upsert"", ""snapshot"", ""state"", ""gate"", ""invariants""]}}",2026-07-18 18:12:09.926603+00
873,2026-07-18 18:17:18.265036+00,OK,,8292,2,0,"{""result"": {""status"": ""OK"", ""run_time"": ""2026-07-18T18:17:09.951700+00:00"", ""upserted"": 0, ""signals_ranked"": 3, ""brain_available"": true, ""signals_scanned"": 2, ""signals_approved"": 0, ""signals_excellent"": 0, ""invariant_breaches"": 0, ""trace_nodes_logged"": [""unknown"", ""cleanup"", ""pre_flight"", ""rank"", ""scan"", ""upsert"", ""snapshot"", ""state"", ""gate"", ""invariants""]}}",2026-07-18 18:17:18.265273+00
874,2026-07-18 18:22:25.678482+00,OK,,7367,2,0,"{""result"": {""status"": ""OK"", ""run_time"": ""2026-07-18T18:22:18.291370+00:00"", ""upserted"": 0, ""signals_ranked"": 3, ""brain_available"": true, ""signals_scanned"": 2, ""signals_approved"": 0, ""signals_excellent"": 0, ""invariant_breaches"": 0, ""trace_nodes_logged"": [""unknown"", ""cleanup"", ""pre_flight"", ""rank"", ""scan"", ""upsert"", ""snapshot"", ""state"", ""gate"", ""invariants""]}}",2026-07-18 18:22:25.678655+00
875,2026-07-18 18:27:34.090352+00,OK,,8364,2,0,"{""result"": {""status"": ""OK"", ""run_time"": ""2026-07-18T18:27:25.702992+00:00"", ""upserted"": 0, ""signals_ranked"": 3, ""brain_available"": true, ""signals_scanned"": 2, ""signals_approved"": 0, ""signals_excellent"": 0, ""invariant_breaches"": 0, ""trace_nodes_logged"": [""unknown"", ""cleanup"", ""pre_flight"", ""rank"", ""scan"", ""upsert"", ""snapshot"", ""state"", ""gate"", ""invariants""]}}",2026-07-18 18:27:34.090544+00
876,2026-07-18 18:32:42.784623+00,OK,,8643,3,1,"{""result"": {""status"": ""OK"", ""run_time"": ""2026-07-18T18:32:34.120095+00:00"", ""upserted"": 1, ""signals_ranked"": 3, ""brain_available"": true, ""signals_scanned"": 3, ""signals_approved"": 1, ""signals_excellent"": 0, ""invariant_breaches"": 0, ""trace_nodes_logged"": [""unknown"", ""cleanup"", ""pre_flight"", ""rank"", ""scan"", ""upsert"", ""snapshot"", ""state"", ""gate"", ""invariants""]}}",2026-07-18 18:32:42.784828+00
877,2026-07-18 18:37:52.28218+00,OK,,9448,3,0,"{""result"": {""status"": ""OK"", ""run_time"": ""2026-07-18T18:37:42.812757+00:00"", ""upserted"": 0, ""signals_ranked"": 4, ""brain_available"": true, ""signals_scanned"": 3, ""signals_approved"": 0, ""signals_excellent"": 0, ""invariant_breaches"": 0, ""trace_nodes_logged"": [""unknown"", ""cleanup"", ""pre_flight"", ""rank"", ""scan"", ""upsert"", ""snapshot"", ""state"", ""gate"", ""invariants""]}}",2026-07-18 18:37:52.282356+00
878,2026-07-18 18:43:01.200723+00,OK,,8868,3,0,"{""result"": {""status"": ""OK"", ""run_time"": ""2026-07-18T18:42:52.313955+00:00"", ""upserted"": 0, ""signals_ranked"": 4, ""brain_available"": true, ""signals_scanned"": 3, ""signals_approved"": 0, ""signals_excellent"": 0, ""invariant_breaches"": 0, ""trace_nodes_logged"": [""unknown"", ""cleanup"", ""pre_flight"", ""rank"", ""scan"", ""upsert"", ""snapshot"", ""state"", ""gate"", ""invariants""]}}",2026-07-18 18:43:01.200915+00
879,2026-07-18 18:48:10.18099+00,OK,,8937,3,0,"{""result"": {""status"": ""OK"", ""run_time"": ""2026-07-18T18:48:01.220323+00:00"", ""upserted"": 0, ""signals_ranked"": 4, ""brain_available"": true, ""signals_scanned"": 3, ""signals_approved"": 0, ""signals_excellent"": 0, ""invariant_breaches"": 0, ""trace_nodes_logged"": [""unknown"", ""cleanup"", ""pre_flight"", ""rank"", ""scan"", ""upsert"", ""snapshot"", ""state"", ""gate"", ""invariants""]}}",2026-07-18 18:48:10.181185+00
880,2026-07-18 18:53:20.172428+00,OK,,9943,2,0,"{""result"": {""status"": ""OK"", ""run_time"": ""2026-07-18T18:53:10.210382+00:00"", ""upserted"": 0, ""signals_ranked"": 4, ""brain_available"": true, ""signals_scanned"": 2, ""signals_approved"": 0, ""signals_excellent"": 0, ""invariant_breaches"": 0, ""trace_nodes_logged"": [""unknown"", ""cleanup"", ""pre_flight"", ""rank"", ""scan"", ""upsert"", ""snapshot"", ""state"", ""gate"", ""invariants""]}}",2026-07-18 18:53:20.172586+00
881,2026-07-18 18:58:28.954207+00,OK,,8740,2,0,"{""result"": {""status"": ""OK"", ""run_time"": ""2026-07-18T18:58:20.192492+00:00"", ""upserted"": 0, ""signals_ranked"": 4, ""brain_available"": true, ""signals_scanned"": 2, ""signals_approved"": 0, ""signals_excellent"": 0, ""invariant_breaches"": 0, ""trace_nodes_logged"": [""unknown"", ""cleanup"", ""pre_flight"", ""rank"", ""scan"", ""upsert"", ""snapshot"", ""state"", ""gate"", ""invariants""]}}",2026-07-18 18:58:28.95438+00
882,2026-07-18 19:03:37.261547+00,OK,,8264,2,0,"{""result"": {""status"": ""OK"", ""run_time"": ""2026-07-18T19:03:28.981632+00:00"", ""upserted"": 0, ""signals_ranked"": 4, ""brain_available"": true, ""signals_scanned"": 2, ""signals_approved"": 0, ""signals_excellent"": 0, ""invariant_breaches"": 0, ""trace_nodes_logged"": [""unknown"", ""cleanup"", ""pre_flight"", ""rank"", ""scan"", ""upsert"", ""snapshot"", ""state"", ""gate"", ""invariants""]}}",2026-07-18 19:03:37.261687+00
883,2026-07-18 19:08:46.07139+00,OK,,8768,2,0,"{""result"": {""status"": ""OK"", ""run_time"": ""2026-07-18T19:08:37.280373+00:00"", ""upserted"": 0, ""signals_ranked"": 4, ""brain_available"": true, ""signals_scanned"": 2, ""signals_approved"": 0, ""signals_excellent"": 0, ""invariant_breaches"": 0, ""trace_nodes_logged"": [""unknown"", ""cleanup"", ""pre_flight"", ""rank"", ""scan"", ""upsert"", ""snapshot"", ""state"", ""gate"", ""invariants""]}}",2026-07-18 19:08:46.071565+00
884,2026-07-18 19:13:56.063121+00,OK,,9938,2,0,"{""result"": {""status"": ""OK"", ""run_time"": ""2026-07-18T19:13:46.097445+00:00"", ""upserted"": 0, ""signals_ranked"": 4, ""brain_available"": true, ""signals_scanned"": 2, ""signals_approved"": 0, ""signals_excellent"": 0, ""invariant_breaches"": 0, ""trace_nodes_logged"": [""unknown"", ""cleanup"", ""pre_flight"", ""rank"", ""scan"", ""upsert"", ""snapshot"", ""state"", ""gate"", ""invariants""]}}",2026-07-18 19:13:56.063329+00
885,2026-07-18 19:19:05.504435+00,OK,,9393,3,1,"{""result"": {""status"": ""OK"", ""run_time"": ""2026-07-18T19:18:56.090083+00:00"", ""upserted"": 1, ""signals_ranked"": 4, ""brain_available"": true, ""signals_scanned"": 3, ""signals_approved"": 1, ""signals_excellent"": 0, ""invariant_breaches"": 0, ""trace_nodes_logged"": [""unknown"", ""cleanup"", ""pre_flight"", ""rank"", ""scan"", ""upsert"", ""snapshot"", ""state"", ""gate"", ""invariants""]}}",2026-07-18 19:19:05.504613+00
886,2026-07-18 19:24:15.259316+00,OK,,9708,3,0,"{""result"": {""status"": ""OK"", ""run_time"": ""2026-07-18T19:24:05.530480+00:00"", ""upserted"": 0, ""signals_ranked"": 4, ""brain_available"": true, ""signals_scanned"": 3, ""signals_approved"": 0, ""signals_excellent"": 0, ""invariant_breaches"": 0, ""trace_nodes_logged"": [""unknown"", ""cleanup"", ""pre_flight"", ""rank"", ""scan"", ""upsert"", ""snapshot"", ""state"", ""gate"", ""invariants""]}}",2026-07-18 19:24:15.259512+00
887,2026-07-18 19:29:24.669301+00,OK,,9362,3,0,"{""result"": {""status"": ""OK"", ""run_time"": ""2026-07-18T19:29:15.284574+00:00"", ""upserted"": 0, ""signals_ranked"": 4, ""brain_available"": true, ""signals_scanned"": 3, ""signals_approved"": 0, ""signals_excellent"": 0, ""invariant_breaches"": 0, ""trace_nodes_logged"": [""unknown"", ""cleanup"", ""pre_flight"", ""rank"", ""scan"", ""upsert"", ""snapshot"", ""state"", ""gate"", ""invariants""]}}",2026-07-18 19:29:24.66948+00
888,2026-07-18 19:34:32.688017+00,OK,,7968,3,0,"{""result"": {""status"": ""OK"", ""run_time"": ""2026-07-18T19:34:24.697469+00:00"", ""upserted"": 0, ""signals_ranked"": 4, ""brain_available"": true, ""signals_scanned"": 3, ""signals_approved"": 0, ""signals_excellent"": 0, ""invariant_breaches"": 0, ""trace_nodes_logged"": [""unknown"", ""cleanup"", ""pre_flight"", ""rank"", ""scan"", ""upsert"", ""snapshot"", ""state"", ""gate"", ""invariants""]}}",2026-07-18 19:34:32.688208+00
889,2026-07-18 19:39:42.949708+00,OK,,10213,3,0,"{""result"": {""status"": ""OK"", ""run_time"": ""2026-07-18T19:39:32.716016+00:00"", ""upserted"": 0, ""signals_ranked"": 4, ""brain_available"": true, ""signals_scanned"": 3, ""signals_approved"": 0, ""signals_excellent"": 0, ""invariant_breaches"": 0, ""trace_nodes_logged"": [""unknown"", ""cleanup"", ""pre_flight"", ""rank"", ""scan"", ""upsert"", ""snapshot"", ""state"", ""gate"", ""invariants""]}}",2026-07-18 19:39:42.949882+00
890,2026-07-18 19:44:53.391349+00,OK,,10394,3,0,"{""result"": {""status"": ""OK"", ""run_time"": ""2026-07-18T19:44:42.977160+00:00"", ""upserted"": 0, ""signals_ranked"": 4, ""brain_available"": true, ""signals_scanned"": 3, ""signals_approved"": 0, ""signals_excellent"": 0, ""invariant_breaches"": 0, ""trace_nodes_logged"": [""unknown"", ""cleanup"", ""pre_flight"", ""rank"", ""scan"", ""upsert"", ""snapshot"", ""state"", ""gate"", ""invariants""]}}",2026-07-18 19:44:53.391524+00
891,2026-07-18 19:50:03.506296+00,OK,,10069,3,0,"{""result"": {""status"": ""OK"", ""run_time"": ""2026-07-18T19:49:53.415646+00:00"", ""upserted"": 0, ""signals_ranked"": 4, ""brain_available"": true, ""signals_scanned"": 3, ""signals_approved"": 0, ""signals_excellent"": 0, ""invariant_breaches"": 0, ""trace_nodes_logged"": [""unknown"", ""cleanup"", ""pre_flight"", ""rank"", ""scan"", ""upsert"", ""snapshot"", ""state"", ""gate"", ""invariants""]}}",2026-07-18 19:50:03.50647+00
892,2026-07-18 19:55:12.766328+00,OK,,9212,3,0,"{""result"": {""status"": ""OK"", ""run_time"": ""2026-07-18T19:55:03.535071+00:00"", ""upserted"": 0, ""signals_ranked"": 4, ""brain_available"": true, ""signals_scanned"": 3, ""signals_approved"": 0, ""signals_excellent"": 0, ""invariant_breaches"": 0, ""trace_nodes_logged"": [""unknown"", ""cleanup"", ""pre_flight"", ""rank"", ""scan"", ""upsert"", ""snapshot"", ""state"", ""gate"", ""invariants""]}}",2026-07-18 19:55:12.7665+00
893,2026-07-18 20:00:20.551764+00,OK,,7746,1,0,"{""result"": {""status"": ""OK"", ""run_time"": ""2026-07-18T20:00:12.792253+00:00"", ""upserted"": 0, ""signals_ranked"": 4, ""brain_available"": true, ""signals_scanned"": 1, ""signals_approved"": 0, ""signals_excellent"": 0, ""invariant_breaches"": 0, ""trace_nodes_logged"": [""unknown"", ""cleanup"", ""pre_flight"", ""rank"", ""scan"", ""upsert"", ""snapshot"", ""state"", ""gate"", ""invariants""]}}",2026-07-18 20:00:20.551896+00
894,2026-07-18 20:05:30.684627+00,OK,,10096,1,0,"{""result"": {""status"": ""OK"", ""run_time"": ""2026-07-18T20:05:20.570348+00:00"", ""upserted"": 0, ""signals_ranked"": 4, ""brain_available"": true, ""signals_scanned"": 1, ""signals_approved"": 0, ""signals_excellent"": 0, ""invariant_breaches"": 0, ""trace_nodes_logged"": [""unknown"", ""cleanup"", ""pre_flight"", ""rank"", ""scan"", ""upsert"", ""snapshot"", ""state"", ""gate"", ""invariants""]}}",2026-07-18 20:05:30.684816+00
895,2026-07-18 20:10:40.454851+00,OK,,9734,1,0,"{""result"": {""status"": ""OK"", ""run_time"": ""2026-07-18T20:10:30.704213+00:00"", ""upserted"": 0, ""signals_ranked"": 4, ""brain_available"": true, ""signals_scanned"": 1, ""signals_approved"": 0, ""signals_excellent"": 0, ""invariant_breaches"": 0, ""trace_nodes_logged"": [""unknown"", ""cleanup"", ""pre_flight"", ""rank"", ""scan"", ""upsert"", ""snapshot"", ""state"", ""gate"", ""invariants""]}}",2026-07-18 20:10:40.455032+00
896,2026-07-18 20:15:48.358317+00,OK,,7865,4,0,"{""result"": {""status"": ""OK"", ""run_time"": ""2026-07-18T20:15:40.474683+00:00"", ""upserted"": 0, ""signals_ranked"": 4, ""brain_available"": true, ""signals_scanned"": 4, ""signals_approved"": 0, ""signals_excellent"": 0, ""invariant_breaches"": 0, ""trace_nodes_logged"": [""unknown"", ""cleanup"", ""pre_flight"", ""rank"", ""scan"", ""upsert"", ""snapshot"", ""state"", ""gate"", ""invariants""]}}",2026-07-18 20:15:48.358521+00
897,2026-07-18 20:20:57.706305+00,OK,,9307,4,0,"{""result"": {""status"": ""OK"", ""run_time"": ""2026-07-18T20:20:48.378080+00:00"", ""upserted"": 0, ""signals_ranked"": 4, ""brain_available"": true, ""signals_scanned"": 4, ""signals_approved"": 0, ""signals_excellent"": 0, ""invariant_breaches"": 0, ""trace_nodes_logged"": [""unknown"", ""cleanup"", ""pre_flight"", ""rank"", ""scan"", ""upsert"", ""snapshot"", ""state"", ""gate"", ""invariants""]}}",2026-07-18 20:20:57.706498+00
898,2026-07-18 20:26:06.921972+00,OK,,9170,4,0,"{""result"": {""status"": ""OK"", ""run_time"": ""2026-07-18T20:25:57.735025+00:00"", ""upserted"": 0, ""signals_ranked"": 4, ""brain_available"": true, ""signals_scanned"": 4, ""signals_approved"": 0, ""signals_excellent"": 0, ""invariant_breaches"": 0, ""trace_nodes_logged"": [""unknown"", ""cleanup"", ""pre_flight"", ""rank"", ""scan"", ""upsert"", ""snapshot"", ""state"", ""gate"", ""invariants""]}}",2026-07-18 20:26:06.922139+00
899,2026-07-18 20:31:15.751092+00,OK,,8790,4,0,"{""result"": {""status"": ""OK"", ""run_time"": ""2026-07-18T20:31:06.941320+00:00"", ""upserted"": 0, ""signals_ranked"": 4, ""brain_available"": true, ""signals_scanned"": 4, ""signals_approved"": 0, ""signals_excellent"": 0, ""invariant_breaches"": 0, ""trace_nodes_logged"": [""unknown"", ""cleanup"", ""pre_flight"", ""rank"", ""scan"", ""upsert"", ""snapshot"", ""state"", ""gate"", ""invariants""]}}",2026-07-18 20:31:15.751366+00
900,2026-07-18 20:36:25.419292+00,OK,,9607,3,0,"{""result"": {""status"": ""OK"", ""run_time"": ""2026-07-18T20:36:15.777882+00:00"", ""upserted"": 0, ""signals_ranked"": 4, ""brain_available"": true, ""signals_scanned"": 3, ""signals_approved"": 0, ""signals_excellent"": 0, ""invariant_breaches"": 0, ""trace_nodes_logged"": [""unknown"", ""cleanup"", ""pre_flight"", ""rank"", ""scan"", ""upsert"", ""snapshot"", ""state"", ""gate"", ""invariants""]}}",2026-07-18 20:36:25.420561+00
901,2026-07-18 20:41:34.383086+00,OK,,8896,2,0,"{""result"": {""status"": ""OK"", ""run_time"": ""2026-07-18T20:41:25.469316+00:00"", ""upserted"": 0, ""signals_ranked"": 4, ""brain_available"": true, ""signals_scanned"": 2, ""signals_approved"": 0, ""signals_excellent"": 0, ""invariant_breaches"": 0, ""trace_nodes_logged"": [""unknown"", ""cleanup"", ""pre_flight"", ""rank"", ""scan"", ""upsert"", ""snapshot"", ""state"", ""gate"", ""invariants""]}}",2026-07-18 20:41:34.383242+00
902,2026-07-18 20:46:43.440588+00,OK,,9014,2,0,"{""result"": {""status"": ""OK"", ""run_time"": ""2026-07-18T20:46:34.405322+00:00"", ""upserted"": 0, ""signals_ranked"": 4, ""brain_available"": true, ""signals_scanned"": 2, ""signals_approved"": 0, ""signals_excellent"": 0, ""invariant_breaches"": 0, ""trace_nodes_logged"": [""unknown"", ""cleanup"", ""pre_flight"", ""rank"", ""scan"", ""upsert"", ""snapshot"", ""state"", ""gate"", ""invariants""]}}",2026-07-18 20:46:43.440765+00
903,2026-07-18 20:51:52.179643+00,OK,,8691,2,0,"{""result"": {""status"": ""OK"", ""run_time"": ""2026-07-18T20:51:43.467775+00:00"", ""upserted"": 0, ""signals_ranked"": 4, ""brain_available"": true, ""signals_scanned"": 2, ""signals_approved"": 0, ""signals_excellent"": 0, ""invariant_breaches"": 0, ""trace_nodes_logged"": [""unknown"", ""cleanup"", ""pre_flight"", ""rank"", ""scan"", ""upsert"", ""snapshot"", ""state"", ""gate"", ""invariants""]}}",2026-07-18 20:51:52.179817+00
904,2026-07-18 20:57:01.48319+00,OK,,9258,2,0,"{""result"": {""status"": ""OK"", ""run_time"": ""2026-07-18T20:56:52.204390+00:00"", ""upserted"": 0, ""signals_ranked"": 4, ""brain_available"": true, ""signals_scanned"": 2, ""signals_approved"": 0, ""signals_excellent"": 0, ""invariant_breaches"": 0, ""trace_nodes_logged"": [""unknown"", ""cleanup"", ""pre_flight"", ""rank"", ""scan"", ""upsert"", ""snapshot"", ""state"", ""gate"", ""invariants""]}}",2026-07-18 20:57:01.483633+00
905,2026-07-18 21:02:10.872609+00,OK,,9340,2,0,"{""result"": {""status"": ""OK"", ""run_time"": ""2026-07-18T21:02:01.510189+00:00"", ""upserted"": 0, ""signals_ranked"": 4, ""brain_available"": true, ""signals_scanned"": 2, ""signals_approved"": 0, ""signals_excellent"": 0, ""invariant_breaches"": 0, ""trace_nodes_logged"": [""unknown"", ""cleanup"", ""pre_flight"", ""rank"", ""scan"", ""upsert"", ""snapshot"", ""state"", ""gate"", ""invariants""]}}",2026-07-18 21:02:10.872782+00
906,2026-07-18 21:07:19.983619+00,OK,,9064,2,0,"{""result"": {""status"": ""OK"", ""run_time"": ""2026-07-18T21:07:10.897823+00:00"", ""upserted"": 0, ""signals_ranked"": 4, ""brain_available"": true, ""signals_scanned"": 2, ""signals_approved"": 0, ""signals_excellent"": 0, ""invariant_breaches"": 0, ""trace_nodes_logged"": [""unknown"", ""cleanup"", ""pre_flight"", ""rank"", ""scan"", ""upsert"", ""snapshot"", ""state"", ""gate"", ""invariants""]}}",2026-07-18 21:07:19.983798+00
907,2026-07-18 21:12:27.982646+00,OK,,7949,2,0,"{""result"": {""status"": ""OK"", ""run_time"": ""2026-07-18T21:12:20.010682+00:00"", ""upserted"": 0, ""signals_ranked"": 4, ""brain_available"": true, ""signals_scanned"": 2, ""signals_approved"": 0, ""signals_excellent"": 0, ""invariant_breaches"": 0, ""trace_nodes_logged"": [""unknown"", ""cleanup"", ""pre_flight"", ""rank"", ""scan"", ""upsert"", ""snapshot"", ""state"", ""gate"", ""invariants""]}}",2026-07-18 21:12:27.982815+00
908,2026-07-18 21:17:37.39202+00,OK,,9365,2,0,"{""result"": {""status"": ""OK"", ""run_time"": ""2026-07-18T21:17:28.009025+00:00"", ""upserted"": 0, ""signals_ranked"": 4, ""brain_available"": true, ""signals_scanned"": 2, ""signals_approved"": 0, ""signals_excellent"": 0, ""invariant_breaches"": 0, ""trace_nodes_logged"": [""unknown"", ""cleanup"", ""pre_flight"", ""rank"", ""scan"", ""upsert"", ""snapshot"", ""state"", ""gate"", ""invariants""]}}",2026-07-18 21:17:37.392253+00
909,2026-07-18 21:22:46.305905+00,OK,,8869,3,0,"{""result"": {""status"": ""OK"", ""run_time"": ""2026-07-18T21:22:37.413378+00:00"", ""upserted"": 0, ""signals_ranked"": 4, ""brain_available"": true, ""signals_scanned"": 3, ""signals_approved"": 0, ""signals_excellent"": 0, ""invariant_breaches"": 0, ""trace_nodes_logged"": [""unknown"", ""cleanup"", ""pre_flight"", ""rank"", ""scan"", ""upsert"", ""snapshot"", ""state"", ""gate"", ""invariants""]}}",2026-07-18 21:22:46.306095+00
910,2026-07-18 21:27:55.401335+00,OK,,9051,3,0,"{""result"": {""status"": ""OK"", ""run_time"": ""2026-07-18T21:27:46.334074+00:00"", ""upserted"": 0, ""signals_ranked"": 4, ""brain_available"": true, ""signals_scanned"": 3, ""signals_approved"": 0, ""signals_excellent"": 0, ""invariant_breaches"": 0, ""trace_nodes_logged"": [""unknown"", ""cleanup"", ""pre_flight"", ""rank"", ""scan"", ""upsert"", ""snapshot"", ""state"", ""gate"", ""invariants""]}}",2026-07-18 21:27:55.401476+00
911,2026-07-18 21:33:02.948254+00,OK,,7509,3,0,"{""result"": {""status"": ""OK"", ""run_time"": ""2026-07-18T21:32:55.421807+00:00"", ""upserted"": 0, ""signals_ranked"": 4, ""brain_available"": true, ""signals_scanned"": 3, ""signals_approved"": 0, ""signals_excellent"": 0, ""invariant_breaches"": 0, ""trace_nodes_logged"": [""unknown"", ""cleanup"", ""pre_flight"", ""rank"", ""scan"", ""upsert"", ""snapshot"", ""state"", ""gate"", ""invariants""]}}",2026-07-18 21:33:02.948394+00
912,2026-07-18 21:38:11.550523+00,OK,,8560,0,0,"{""result"": {""status"": ""OK"", ""run_time"": ""2026-07-18T21:38:02.968928+00:00"", ""upserted"": 0, ""signals_ranked"": 4, ""brain_available"": true, ""signals_scanned"": 0, ""signals_approved"": 0, ""signals_excellent"": 0, ""invariant_breaches"": 0, ""trace_nodes_logged"": [""unknown"", ""cleanup"", ""pre_flight"", ""rank"", ""scan"", ""upsert"", ""snapshot"", ""state"", ""gate"", ""invariants""]}}",2026-07-18 21:38:11.550698+00
913,2026-07-18 21:43:19.861366+00,OK,,8253,0,0,"{""result"": {""status"": ""OK"", ""run_time"": ""2026-07-18T21:43:11.584078+00:00"", ""upserted"": 0, ""signals_ranked"": 4, ""brain_available"": true, ""signals_scanned"": 0, ""signals_approved"": 0, ""signals_excellent"": 0, ""invariant_breaches"": 0, ""trace_nodes_logged"": [""unknown"", ""cleanup"", ""pre_flight"", ""rank"", ""scan"", ""upsert"", ""snapshot"", ""state"", ""gate"", ""invariants""]}}",2026-07-18 21:43:19.861552+00
914,2026-07-18 21:48:28.723598+00,OK,,8812,0,0,"{""result"": {""status"": ""OK"", ""run_time"": ""2026-07-18T21:48:19.888476+00:00"", ""upserted"": 0, ""signals_ranked"": 4, ""brain_available"": true, ""signals_scanned"": 0, ""signals_approved"": 0, ""signals_excellent"": 0, ""invariant_breaches"": 0, ""trace_nodes_logged"": [""unknown"", ""cleanup"", ""pre_flight"", ""rank"", ""scan"", ""upsert"", ""snapshot"", ""state"", ""gate"", ""invariants""]}}",2026-07-18 21:48:28.723776+00
915,2026-07-18 21:53:37.029495+00,OK,,8261,0,0,"{""result"": {""status"": ""OK"", ""run_time"": ""2026-07-18T21:53:28.750786+00:00"", ""upserted"": 0, ""signals_ranked"": 4, ""brain_available"": true, ""signals_scanned"": 0, ""signals_approved"": 0, ""signals_excellent"": 0, ""invariant_breaches"": 0, ""trace_nodes_logged"": [""unknown"", ""cleanup"", ""pre_flight"", ""rank"", ""scan"", ""upsert"", ""snapshot"", ""state"", ""gate"", ""invariants""]}}",2026-07-18 21:53:37.029635+00
916,2026-07-18 21:58:46.010919+00,OK,,8946,0,0,"{""result"": {""status"": ""OK"", ""run_time"": ""2026-07-18T21:58:37.047397+00:00"", ""upserted"": 0, ""signals_ranked"": 4, ""brain_available"": true, ""signals_scanned"": 0, ""signals_approved"": 0, ""signals_excellent"": 0, ""invariant_breaches"": 0, ""trace_nodes_logged"": [""unknown"", ""cleanup"", ""pre_flight"", ""rank"", ""scan"", ""upsert"", ""snapshot"", ""state"", ""gate"", ""invariants""]}}",2026-07-18 21:58:46.011071+00
917,2026-07-18 22:03:55.065483+00,OK,,9009,1,0,"{""result"": {""status"": ""OK"", ""run_time"": ""2026-07-18T22:03:46.036136+00:00"", ""upserted"": 0, ""signals_ranked"": 4, ""brain_available"": true, ""signals_scanned"": 1, ""signals_approved"": 0, ""signals_excellent"": 0, ""invariant_breaches"": 0, ""trace_nodes_logged"": [""unknown"", ""cleanup"", ""pre_flight"", ""rank"", ""scan"", ""upsert"", ""snapshot"", ""state"", ""gate"", ""invariants""]}}",2026-07-18 22:03:55.065655+00
918,2026-07-18 22:09:04.010368+00,OK,,8901,1,0,"{""result"": {""status"": ""OK"", ""run_time"": ""2026-07-18T22:08:55.092978+00:00"", ""upserted"": 0, ""signals_ranked"": 4, ""brain_available"": true, ""signals_scanned"": 1, ""signals_approved"": 0, ""signals_excellent"": 0, ""invariant_breaches"": 0, ""trace_nodes_logged"": [""unknown"", ""cleanup"", ""pre_flight"", ""rank"", ""scan"", ""upsert"", ""snapshot"", ""state"", ""gate"", ""invariants""]}}",2026-07-18 22:09:04.010507+00
919,2026-07-18 22:14:11.671892+00,OK,,7622,1,0,"{""result"": {""status"": ""OK"", ""run_time"": ""2026-07-18T22:14:04.029455+00:00"", ""upserted"": 0, ""signals_ranked"": 4, ""brain_available"": true, ""signals_scanned"": 1, ""signals_approved"": 0, ""signals_excellent"": 0, ""invariant_breaches"": 0, ""trace_nodes_logged"": [""unknown"", ""cleanup"", ""pre_flight"", ""rank"", ""scan"", ""upsert"", ""snapshot"", ""state"", ""gate"", ""invariants""]}}",2026-07-18 22:14:11.672078+00
920,2026-07-18 22:19:21.520324+00,OK,,9794,3,0,"{""result"": {""status"": ""OK"", ""run_time"": ""2026-07-18T22:19:11.703087+00:00"", ""upserted"": 0, ""signals_ranked"": 4, ""brain_available"": true, ""signals_scanned"": 3, ""signals_approved"": 0, ""signals_excellent"": 0, ""invariant_breaches"": 0, ""trace_nodes_logged"": [""unknown"", ""cleanup"", ""pre_flight"", ""rank"", ""scan"", ""upsert"", ""snapshot"", ""state"", ""gate"", ""invariants""]}}",2026-07-18 22:19:21.520522+00
921,2026-07-18 22:24:30.028973+00,OK,,8456,2,0,"{""result"": {""status"": ""OK"", ""run_time"": ""2026-07-18T22:24:21.550513+00:00"", ""upserted"": 0, ""signals_ranked"": 4, ""brain_available"": true, ""signals_scanned"": 2, ""signals_approved"": 0, ""signals_excellent"": 0, ""invariant_breaches"": 0, ""trace_nodes_logged"": [""unknown"", ""cleanup"", ""pre_flight"", ""rank"", ""scan"", ""upsert"", ""snapshot"", ""state"", ""gate"", ""invariants""]}}",2026-07-18 22:24:30.029172+00
922,2026-07-18 22:29:38.899853+00,OK,,8820,2,0,"{""result"": {""status"": ""OK"", ""run_time"": ""2026-07-18T22:29:30.057192+00:00"", ""upserted"": 0, ""signals_ranked"": 4, ""brain_available"": true, ""signals_scanned"": 2, ""signals_approved"": 0, ""signals_excellent"": 0, ""invariant_breaches"": 0, ""trace_nodes_logged"": [""unknown"", ""cleanup"", ""pre_flight"", ""rank"", ""scan"", ""upsert"", ""snapshot"", ""state"", ""gate"", ""invariants""]}}",2026-07-18 22:29:38.900023+00
923,2026-07-18 22:34:47.80941+00,OK,,8866,2,0,"{""result"": {""status"": ""OK"", ""run_time"": ""2026-07-18T22:34:38.926197+00:00"", ""upserted"": 0, ""signals_ranked"": 4, ""brain_available"": true, ""signals_scanned"": 2, ""signals_approved"": 0, ""signals_excellent"": 0, ""invariant_breaches"": 0, ""trace_nodes_logged"": [""unknown"", ""cleanup"", ""pre_flight"", ""rank"", ""scan"", ""upsert"", ""snapshot"", ""state"", ""gate"", ""invariants""]}}",2026-07-18 22:34:47.811093+00
924,2026-07-18 22:39:56.897686+00,OK,,9040,2,0,"{""result"": {""status"": ""OK"", ""run_time"": ""2026-07-18T22:39:47.836013+00:00"", ""upserted"": 0, ""signals_ranked"": 4, ""brain_available"": true, ""signals_scanned"": 2, ""signals_approved"": 0, ""signals_excellent"": 0, ""invariant_breaches"": 0, ""trace_nodes_logged"": [""unknown"", ""cleanup"", ""pre_flight"", ""rank"", ""scan"", ""upsert"", ""snapshot"", ""state"", ""gate"", ""invariants""]}}",2026-07-18 22:39:56.897903+00
925,2026-07-18 22:45:06.220586+00,OK,,9276,1,1,"{""result"": {""status"": ""OK"", ""run_time"": ""2026-07-18T22:44:56.924589+00:00"", ""upserted"": 1, ""signals_ranked"": 4, ""brain_available"": true, ""signals_scanned"": 1, ""signals_approved"": 1, ""signals_excellent"": 0, ""invariant_breaches"": 0, ""trace_nodes_logged"": [""unknown"", ""cleanup"", ""pre_flight"", ""rank"", ""scan"", ""upsert"", ""snapshot"", ""state"", ""gate"", ""invariants""]}}",2026-07-18 22:45:06.220762+00
926,2026-07-18 22:50:16.526651+00,OK,,10257,1,0,"{""result"": {""status"": ""OK"", ""run_time"": ""2026-07-18T22:50:06.246500+00:00"", ""upserted"": 0, ""signals_ranked"": 4, ""brain_available"": true, ""signals_scanned"": 1, ""signals_approved"": 0, ""signals_excellent"": 0, ""invariant_breaches"": 0, ""trace_nodes_logged"": [""unknown"", ""cleanup"", ""pre_flight"", ""rank"", ""scan"", ""upsert"", ""snapshot"", ""state"", ""gate"", ""invariants""]}}",2026-07-18 22:50:16.52682+00
927,2026-07-18 22:55:26.803664+00,OK,,10229,1,0,"{""result"": {""status"": ""OK"", ""run_time"": ""2026-07-18T22:55:16.553044+00:00"", ""upserted"": 0, ""signals_ranked"": 4, ""brain_available"": true, ""signals_scanned"": 1, ""signals_approved"": 0, ""signals_excellent"": 0, ""invariant_breaches"": 0, ""trace_nodes_logged"": [""unknown"", ""cleanup"", ""pre_flight"", ""rank"", ""scan"", ""upsert"", ""snapshot"", ""state"", ""gate"", ""invariants""]}}",2026-07-18 22:55:26.803902+00
928,2026-07-18 23:00:36.255761+00,OK,,9408,1,0,"{""result"": {""status"": ""OK"", ""run_time"": ""2026-07-18T23:00:26.830142+00:00"", ""upserted"": 0, ""signals_ranked"": 4, ""brain_available"": true, ""signals_scanned"": 1, ""signals_approved"": 0, ""signals_excellent"": 0, ""invariant_breaches"": 0, ""trace_nodes_logged"": [""unknown"", ""cleanup"", ""pre_flight"", ""rank"", ""scan"", ""upsert"", ""snapshot"", ""state"", ""gate"", ""invariants""]}}",2026-07-18 23:00:36.255915+00
929,2026-07-18 23:05:44.303625+00,OK,,8007,4,0,"{""result"": {""status"": ""OK"", ""run_time"": ""2026-07-18T23:05:36.273675+00:00"", ""upserted"": 0, ""signals_ranked"": 2, ""brain_available"": true, ""signals_scanned"": 4, ""signals_approved"": 0, ""signals_excellent"": 0, ""invariant_breaches"": 0, ""trace_nodes_logged"": [""unknown"", ""cleanup"", ""pre_flight"", ""rank"", ""scan"", ""upsert"", ""snapshot"", ""state"", ""gate"", ""invariants""]}}",2026-07-18 23:05:44.3038+00
930,2026-07-18 23:10:53.230871+00,OK,,8879,4,0,"{""result"": {""status"": ""OK"", ""run_time"": ""2026-07-18T23:10:44.329014+00:00"", ""upserted"": 0, ""signals_ranked"": 2, ""brain_available"": true, ""signals_scanned"": 4, ""signals_approved"": 0, ""signals_excellent"": 0, ""invariant_breaches"": 0, ""trace_nodes_logged"": [""unknown"", ""cleanup"", ""pre_flight"", ""rank"", ""scan"", ""upsert"", ""snapshot"", ""state"", ""gate"", ""invariants""]}}",2026-07-18 23:10:53.231041+00
931,2026-07-18 23:16:03.084408+00,OK,,9807,4,0,"{""result"": {""status"": ""OK"", ""run_time"": ""2026-07-18T23:15:53.256690+00:00"", ""upserted"": 0, ""signals_ranked"": 2, ""brain_available"": true, ""signals_scanned"": 4, ""signals_approved"": 0, ""signals_excellent"": 0, ""invariant_breaches"": 0, ""trace_nodes_logged"": [""unknown"", ""cleanup"", ""pre_flight"", ""rank"", ""scan"", ""upsert"", ""snapshot"", ""state"", ""gate"", ""invariants""]}}",2026-07-18 23:16:03.08458+00
932,2026-07-18 23:21:12.700984+00,OK,,9571,4,0,"{""result"": {""status"": ""OK"", ""run_time"": ""2026-07-18T23:21:03.111687+00:00"", ""upserted"": 0, ""signals_ranked"": 2, ""brain_available"": true, ""signals_scanned"": 4, ""signals_approved"": 0, ""signals_excellent"": 0, ""invariant_breaches"": 0, ""trace_nodes_logged"": [""unknown"", ""cleanup"", ""pre_flight"", ""rank"", ""scan"", ""upsert"", ""snapshot"", ""state"", ""gate"", ""invariants""]}}",2026-07-18 23:21:12.701149+00
933,2026-07-18 23:26:22.764427+00,OK,,10028,1,0,"{""result"": {""status"": ""OK"", ""run_time"": ""2026-07-18T23:26:12.719877+00:00"", ""upserted"": 0, ""signals_ranked"": 2, ""brain_available"": true, ""signals_scanned"": 1, ""signals_approved"": 0, ""signals_excellent"": 0, ""invariant_breaches"": 0, ""trace_nodes_logged"": [""unknown"", ""cleanup"", ""pre_flight"", ""rank"", ""scan"", ""upsert"", ""snapshot"", ""state"", ""gate"", ""invariants""]}}",2026-07-18 23:26:22.764568+00
934,2026-07-18 23:31:32.520469+00,OK,,9715,1,0,"{""result"": {""status"": ""OK"", ""run_time"": ""2026-07-18T23:31:22.783753+00:00"", ""upserted"": 0, ""signals_ranked"": 2, ""brain_available"": true, ""signals_scanned"": 1, ""signals_approved"": 0, ""signals_excellent"": 0, ""invariant_breaches"": 0, ""trace_nodes_logged"": [""unknown"", ""cleanup"", ""pre_flight"", ""rank"", ""scan"", ""upsert"", ""snapshot"", ""state"", ""gate"", ""invariants""]}}",2026-07-18 23:31:32.52064+00
935,2026-07-18 23:36:42.392793+00,OK,,9825,1,0,"{""result"": {""status"": ""OK"", ""run_time"": ""2026-07-18T23:36:32.547075+00:00"", ""upserted"": 0, ""signals_ranked"": 2, ""brain_available"": true, ""signals_scanned"": 1, ""signals_approved"": 0, ""signals_excellent"": 0, ""invariant_breaches"": 0, ""trace_nodes_logged"": [""unknown"", ""cleanup"", ""pre_flight"", ""rank"", ""scan"", ""upsert"", ""snapshot"", ""state"", ""gate"", ""invariants""]}}",2026-07-18 23:36:42.392966+00
936,2026-07-18 23:41:53.391144+00,OK,,10950,1,0,"{""result"": {""status"": ""OK"", ""run_time"": ""2026-07-18T23:41:42.418943+00:00"", ""upserted"": 0, ""signals_ranked"": 2, ""brain_available"": true, ""signals_scanned"": 1, ""signals_approved"": 0, ""signals_excellent"": 0, ""invariant_breaches"": 0, ""trace_nodes_logged"": [""unknown"", ""cleanup"", ""pre_flight"", ""rank"", ""scan"", ""upsert"", ""snapshot"", ""state"", ""gate"", ""invariants""]}}",2026-07-18 23:41:53.39133+00
937,2026-07-18 23:47:02.639161+00,OK,,9199,1,0,"{""result"": {""status"": ""OK"", ""run_time"": ""2026-07-18T23:46:53.417643+00:00"", ""upserted"": 0, ""signals_ranked"": 2, ""brain_available"": true, ""signals_scanned"": 1, ""signals_approved"": 0, ""signals_excellent"": 0, ""invariant_breaches"": 0, ""trace_nodes_logged"": [""unknown"", ""cleanup"", ""pre_flight"", ""rank"", ""scan"", ""upsert"", ""snapshot"", ""state"", ""gate"", ""invariants""]}}",2026-07-18 23:47:02.639365+00
938,2026-07-18 23:52:11.721905+00,OK,,9038,1,0,"{""result"": {""status"": ""OK"", ""run_time"": ""2026-07-18T23:52:02.663360+00:00"", ""upserted"": 0, ""signals_ranked"": 2, ""brain_available"": true, ""signals_scanned"": 1, ""signals_approved"": 0, ""signals_excellent"": 0, ""invariant_breaches"": 0, ""trace_nodes_logged"": [""unknown"", ""cleanup"", ""pre_flight"", ""rank"", ""scan"", ""upsert"", ""snapshot"", ""state"", ""gate"", ""invariants""]}}",2026-07-18 23:52:11.722089+00
939,2026-07-18 23:57:20.488773+00,OK,,8724,1,0,"{""result"": {""status"": ""OK"", ""run_time"": ""2026-07-18T23:57:11.746919+00:00"", ""upserted"": 0, ""signals_ranked"": 2, ""brain_available"": true, ""signals_scanned"": 1, ""signals_approved"": 0, ""signals_excellent"": 0, ""invariant_breaches"": 0, ""trace_nodes_logged"": [""unknown"", ""cleanup"", ""pre_flight"", ""rank"", ""scan"", ""upsert"", ""snapshot"", ""state"", ""gate"", ""invariants""]}}",2026-07-18 23:57:20.488941+00
940,2026-07-19 00:02:29.971959+00,OK,,9443,1,0,"{""result"": {""status"": ""OK"", ""run_time"": ""2026-07-19T00:02:20.508726+00:00"", ""upserted"": 0, ""signals_ranked"": 2, ""brain_available"": true, ""signals_scanned"": 1, ""signals_approved"": 0, ""signals_excellent"": 0, ""invariant_breaches"": 0, ""trace_nodes_logged"": [""unknown"", ""cleanup"", ""pre_flight"", ""rank"", ""scan"", ""upsert"", ""snapshot"", ""state"", ""gate"", ""invariants""]}}",2026-07-19 00:02:29.972259+00
941,2026-07-19 00:07:40.158287+00,OK,,10138,3,0,"{""result"": {""status"": ""OK"", ""run_time"": ""2026-07-19T00:07:29.998421+00:00"", ""upserted"": 0, ""signals_ranked"": 2, ""brain_available"": true, ""signals_scanned"": 3, ""signals_approved"": 0, ""signals_excellent"": 0, ""invariant_breaches"": 0, ""trace_nodes_logged"": [""unknown"", ""cleanup"", ""pre_flight"", ""rank"", ""scan"", ""upsert"", ""snapshot"", ""state"", ""gate"", ""invariants""]}}",2026-07-19 00:07:40.158463+00
942,2026-07-19 00:12:49.408561+00,OK,,9201,3,0,"{""result"": {""status"": ""OK"", ""run_time"": ""2026-07-19T00:12:40.186229+00:00"", ""upserted"": 0, ""signals_ranked"": 2, ""brain_available"": true, ""signals_scanned"": 3, ""signals_approved"": 0, ""signals_excellent"": 0, ""invariant_breaches"": 0, ""trace_nodes_logged"": [""unknown"", ""cleanup"", ""pre_flight"", ""rank"", ""scan"", ""upsert"", ""snapshot"", ""state"", ""gate"", ""invariants""]}}",2026-07-19 00:12:49.408733+00
943,2026-07-19 00:17:59.474236+00,OK,,10021,3,0,"{""result"": {""status"": ""OK"", ""run_time"": ""2026-07-19T00:17:49.434695+00:00"", ""upserted"": 0, ""signals_ranked"": 2, ""brain_available"": true, ""signals_scanned"": 3, ""signals_approved"": 0, ""signals_excellent"": 0, ""invariant_breaches"": 0, ""trace_nodes_logged"": [""unknown"", ""cleanup"", ""pre_flight"", ""rank"", ""scan"", ""upsert"", ""snapshot"", ""state"", ""gate"", ""invariants""]}}",2026-07-19 00:17:59.474377+00
944,2026-07-19 00:23:09.45848+00,OK,,9943,3,0,"{""result"": {""status"": ""OK"", ""run_time"": ""2026-07-19T00:22:59.495896+00:00"", ""upserted"": 0, ""signals_ranked"": 2, ""brain_available"": true, ""signals_scanned"": 3, ""signals_approved"": 0, ""signals_excellent"": 0, ""invariant_breaches"": 0, ""trace_nodes_logged"": [""unknown"", ""cleanup"", ""pre_flight"", ""rank"", ""scan"", ""upsert"", ""snapshot"", ""state"", ""gate"", ""invariants""]}}",2026-07-19 00:23:09.458802+00
945,2026-07-19 00:28:19.848392+00,OK,,10344,1,0,"{""result"": {""status"": ""OK"", ""run_time"": ""2026-07-19T00:28:09.483769+00:00"", ""upserted"": 0, ""signals_ranked"": 1, ""brain_available"": true, ""signals_scanned"": 1, ""signals_approved"": 0, ""signals_excellent"": 0, ""invariant_breaches"": 0, ""trace_nodes_logged"": [""unknown"", ""cleanup"", ""pre_flight"", ""rank"", ""scan"", ""upsert"", ""snapshot"", ""state"", ""gate"", ""invariants""]}}",2026-07-19 00:28:19.848524+00
946,2026-07-19 00:33:29.487219+00,OK,,9587,1,0,"{""result"": {""status"": ""OK"", ""run_time"": ""2026-07-19T00:33:19.876225+00:00"", ""upserted"": 0, ""signals_ranked"": 1, ""brain_available"": true, ""signals_scanned"": 1, ""signals_approved"": 0, ""signals_excellent"": 0, ""invariant_breaches"": 0, ""trace_nodes_logged"": [""unknown"", ""cleanup"", ""pre_flight"", ""rank"", ""scan"", ""upsert"", ""snapshot"", ""state"", ""gate"", ""invariants""]}}",2026-07-19 00:33:29.487403+00
947,2026-07-19 00:38:39.333645+00,OK,,9800,1,0,"{""result"": {""status"": ""OK"", ""run_time"": ""2026-07-19T00:38:29.512123+00:00"", ""upserted"": 0, ""signals_ranked"": 1, ""brain_available"": true, ""signals_scanned"": 1, ""signals_approved"": 0, ""signals_excellent"": 0, ""invariant_breaches"": 0, ""trace_nodes_logged"": [""unknown"", ""cleanup"", ""pre_flight"", ""rank"", ""scan"", ""upsert"", ""snapshot"", ""state"", ""gate"", ""invariants""]}}",2026-07-19 00:38:39.333815+00
948,2026-07-19 00:43:49.392204+00,OK,,10012,1,0,"{""result"": {""status"": ""OK"", ""run_time"": ""2026-07-19T00:43:39.359502+00:00"", ""upserted"": 0, ""signals_ranked"": 1, ""brain_available"": true, ""signals_scanned"": 1, ""signals_approved"": 0, ""signals_excellent"": 0, ""invariant_breaches"": 0, ""trace_nodes_logged"": [""unknown"", ""cleanup"", ""pre_flight"", ""rank"", ""scan"", ""upsert"", ""snapshot"", ""state"", ""gate"", ""invariants""]}}",2026-07-19 00:43:49.393007+00
949,2026-07-19 00:48:58.422678+00,OK,,8982,1,0,"{""result"": {""status"": ""OK"", ""run_time"": ""2026-07-19T00:48:49.418758+00:00"", ""upserted"": 0, ""signals_ranked"": 2, ""brain_available"": true, ""signals_scanned"": 1, ""signals_approved"": 0, ""signals_excellent"": 0, ""invariant_breaches"": 0, ""trace_nodes_logged"": [""unknown"", ""cleanup"", ""pre_flight"", ""rank"", ""scan"", ""upsert"", ""snapshot"", ""state"", ""gate"", ""invariants""]}}",2026-07-19 00:48:58.42285+00
950,2026-07-19 00:54:08.696851+00,OK,,10230,1,0,"{""result"": {""status"": ""OK"", ""run_time"": ""2026-07-19T00:53:58.447436+00:00"", ""upserted"": 0, ""signals_ranked"": 2, ""brain_available"": true, ""signals_scanned"": 1, ""signals_approved"": 0, ""signals_excellent"": 0, ""invariant_breaches"": 0, ""trace_nodes_logged"": [""unknown"", ""cleanup"", ""pre_flight"", ""rank"", ""scan"", ""upsert"", ""snapshot"", ""state"", ""gate"", ""invariants""]}}",2026-07-19 00:54:08.697026+00
951,2026-07-19 00:59:18.616487+00,OK,,9867,1,0,"{""result"": {""status"": ""OK"", ""run_time"": ""2026-07-19T00:59:08.724621+00:00"", ""upserted"": 0, ""signals_ranked"": 2, ""brain_available"": true, ""signals_scanned"": 1, ""signals_approved"": 0, ""signals_excellent"": 0, ""invariant_breaches"": 0, ""trace_nodes_logged"": [""unknown"", ""cleanup"", ""pre_flight"", ""rank"", ""scan"", ""upsert"", ""snapshot"", ""state"", ""gate"", ""invariants""]}}",2026-07-19 00:59:18.616662+00
952,2026-07-19 01:04:27.793921+00,OK,,9132,1,0,"{""result"": {""status"": ""OK"", ""run_time"": ""2026-07-19T01:04:18.642320+00:00"", ""upserted"": 0, ""signals_ranked"": 2, ""brain_available"": true, ""signals_scanned"": 1, ""signals_approved"": 0, ""signals_excellent"": 0, ""invariant_breaches"": 0, ""trace_nodes_logged"": [""unknown"", ""cleanup"", ""pre_flight"", ""rank"", ""scan"", ""upsert"", ""snapshot"", ""state"", ""gate"", ""invariants""]}}",2026-07-19 01:04:27.794109+00
953,2026-07-19 01:09:37.782599+00,OK,,9939,2,0,"{""result"": {""status"": ""OK"", ""run_time"": ""2026-07-19T01:09:27.819721+00:00"", ""upserted"": 0, ""signals_ranked"": 3, ""brain_available"": true, ""signals_scanned"": 2, ""signals_approved"": 0, ""signals_excellent"": 0, ""invariant_breaches"": 0, ""trace_nodes_logged"": [""unknown"", ""cleanup"", ""pre_flight"", ""rank"", ""scan"", ""upsert"", ""snapshot"", ""state"", ""gate"", ""invariants""]}}",2026-07-19 01:09:37.782789+00
954,2026-07-19 01:14:46.777787+00,OK,,8946,2,0,"{""result"": {""status"": ""OK"", ""run_time"": ""2026-07-19T01:14:37.811086+00:00"", ""upserted"": 0, ""signals_ranked"": 3, ""brain_available"": true, ""signals_scanned"": 2, ""signals_approved"": 0, ""signals_excellent"": 0, ""invariant_breaches"": 0, ""trace_nodes_logged"": [""unknown"", ""cleanup"", ""pre_flight"", ""rank"", ""scan"", ""upsert"", ""snapshot"", ""state"", ""gate"", ""invariants""]}}",2026-07-19 01:14:46.777961+00
955,2026-07-19 01:19:56.578407+00,OK,,9750,2,0,"{""result"": {""status"": ""OK"", ""run_time"": ""2026-07-19T01:19:46.804915+00:00"", ""upserted"": 0, ""signals_ranked"": 3, ""brain_available"": true, ""signals_scanned"": 2, ""signals_approved"": 0, ""signals_excellent"": 0, ""invariant_breaches"": 0, ""trace_nodes_logged"": [""unknown"", ""cleanup"", ""pre_flight"", ""rank"", ""scan"", ""upsert"", ""snapshot"", ""state"", ""gate"", ""invariants""]}}",2026-07-19 01:19:56.578583+00
956,2026-07-19 01:25:05.955776+00,OK,,9325,2,0,"{""result"": {""status"": ""OK"", ""run_time"": ""2026-07-19T01:24:56.604994+00:00"", ""upserted"": 0, ""signals_ranked"": 3, ""brain_available"": true, ""signals_scanned"": 2, ""signals_approved"": 0, ""signals_excellent"": 0, ""invariant_breaches"": 0, ""trace_nodes_logged"": [""unknown"", ""cleanup"", ""pre_flight"", ""rank"", ""scan"", ""upsert"", ""snapshot"", ""state"", ""gate"", ""invariants""]}}",2026-07-19 01:25:05.955952+00
957,2026-07-19 01:30:16.07321+00,OK,,10058,2,0,"{""result"": {""status"": ""OK"", ""run_time"": ""2026-07-19T01:30:05.982979+00:00"", ""upserted"": 0, ""signals_ranked"": 3, ""brain_available"": true, ""signals_scanned"": 2, ""signals_approved"": 0, ""signals_excellent"": 0, ""invariant_breaches"": 0, ""trace_nodes_logged"": [""unknown"", ""cleanup"", ""pre_flight"", ""rank"", ""scan"", ""upsert"", ""snapshot"", ""state"", ""gate"", ""invariants""]}}",2026-07-19 01:30:16.073521+00
958,2026-07-19 01:35:26.443267+00,OK,,10317,2,0,"{""result"": {""status"": ""OK"", ""run_time"": ""2026-07-19T01:35:16.107242+00:00"", ""upserted"": 0, ""signals_ranked"": 3, ""brain_available"": true, ""signals_scanned"": 2, ""signals_approved"": 0, ""signals_excellent"": 0, ""invariant_breaches"": 0, ""trace_nodes_logged"": [""unknown"", ""cleanup"", ""pre_flight"", ""rank"", ""scan"", ""upsert"", ""snapshot"", ""state"", ""gate"", ""invariants""]}}",2026-07-19 01:35:26.443447+00
959,2026-07-19 01:40:35.497505+00,OK,,9005,2,0,"{""result"": {""status"": ""OK"", ""run_time"": ""2026-07-19T01:40:26.470135+00:00"", ""upserted"": 0, ""signals_ranked"": 3, ""brain_available"": true, ""signals_scanned"": 2, ""signals_approved"": 0, ""signals_excellent"": 0, ""invariant_breaches"": 0, ""trace_nodes_logged"": [""unknown"", ""cleanup"", ""pre_flight"", ""rank"", ""scan"", ""upsert"", ""snapshot"", ""state"", ""gate"", ""invariants""]}}",2026-07-19 01:40:35.497707+00
960,2026-07-19 01:45:44.275548+00,OK,,8734,2,0,"{""result"": {""status"": ""OK"", ""run_time"": ""2026-07-19T01:45:35.524561+00:00"", ""upserted"": 0, ""signals_ranked"": 3, ""brain_available"": true, ""signals_scanned"": 2, ""signals_approved"": 0, ""signals_excellent"": 0, ""invariant_breaches"": 0, ""trace_nodes_logged"": [""unknown"", ""cleanup"", ""pre_flight"", ""rank"", ""scan"", ""upsert"", ""snapshot"", ""state"", ""gate"", ""invariants""]}}",2026-07-19 01:45:44.275688+00
961,2026-07-19 01:50:53.016179+00,OK,,8703,2,0,"{""result"": {""status"": ""OK"", ""run_time"": ""2026-07-19T01:50:44.292948+00:00"", ""upserted"": 0, ""signals_ranked"": 2, ""brain_available"": true, ""signals_scanned"": 2, ""signals_approved"": 0, ""signals_excellent"": 0, ""invariant_breaches"": 0, ""trace_nodes_logged"": [""unknown"", ""cleanup"", ""pre_flight"", ""rank"", ""scan"", ""upsert"", ""snapshot"", ""state"", ""gate"", ""invariants""]}}",2026-07-19 01:50:53.016349+00
962,2026-07-19 01:56:01.981128+00,OK,,8924,2,0,"{""result"": {""status"": ""OK"", ""run_time"": ""2026-07-19T01:55:53.040870+00:00"", ""upserted"": 0, ""signals_ranked"": 2, ""brain_available"": true, ""signals_scanned"": 2, ""signals_approved"": 0, ""signals_excellent"": 0, ""invariant_breaches"": 0, ""trace_nodes_logged"": [""unknown"", ""cleanup"", ""pre_flight"", ""rank"", ""scan"", ""upsert"", ""snapshot"", ""state"", ""gate"", ""invariants""]}}",2026-07-19 01:56:01.981272+00
963,2026-07-19 02:01:11.760425+00,OK,,9744,2,0,"{""result"": {""status"": ""OK"", ""run_time"": ""2026-07-19T02:01:01.999711+00:00"", ""upserted"": 0, ""signals_ranked"": 2, ""brain_available"": true, ""signals_scanned"": 2, ""signals_approved"": 0, ""signals_excellent"": 0, ""invariant_breaches"": 0, ""trace_nodes_logged"": [""unknown"", ""cleanup"", ""pre_flight"", ""rank"", ""scan"", ""upsert"", ""snapshot"", ""state"", ""gate"", ""invariants""]}}",2026-07-19 02:01:11.76056+00
964,2026-07-19 02:06:21.752626+00,OK,,9954,2,0,"{""result"": {""status"": ""OK"", ""run_time"": ""2026-07-19T02:06:11.777979+00:00"", ""upserted"": 0, ""signals_ranked"": 2, ""brain_available"": true, ""signals_scanned"": 2, ""signals_approved"": 0, ""signals_excellent"": 0, ""invariant_breaches"": 0, ""trace_nodes_logged"": [""unknown"", ""cleanup"", ""pre_flight"", ""rank"", ""scan"", ""upsert"", ""snapshot"", ""state"", ""gate"", ""invariants""]}}",2026-07-19 02:06:21.752794+00
965,2026-07-19 02:11:30.489879+00,OK,,8685,1,0,"{""result"": {""status"": ""OK"", ""run_time"": ""2026-07-19T02:11:21.787501+00:00"", ""upserted"": 0, ""signals_ranked"": 2, ""brain_available"": true, ""signals_scanned"": 1, ""signals_approved"": 0, ""signals_excellent"": 0, ""invariant_breaches"": 0, ""trace_nodes_logged"": [""unknown"", ""cleanup"", ""pre_flight"", ""rank"", ""scan"", ""upsert"", ""snapshot"", ""state"", ""gate"", ""invariants""]}}",2026-07-19 02:11:30.490035+00
966,2026-07-19 02:16:40.859118+00,OK,,10329,1,0,"{""result"": {""status"": ""OK"", ""run_time"": ""2026-07-19T02:16:30.508695+00:00"", ""upserted"": 0, ""signals_ranked"": 2, ""brain_available"": true, ""signals_scanned"": 1, ""signals_approved"": 0, ""signals_excellent"": 0, ""invariant_breaches"": 0, ""trace_nodes_logged"": [""unknown"", ""cleanup"", ""pre_flight"", ""rank"", ""scan"", ""upsert"", ""snapshot"", ""state"", ""gate"", ""invariants""]}}",2026-07-19 02:16:40.859295+00
967,2026-07-19 02:21:50.753281+00,OK,,9844,1,0,"{""result"": {""status"": ""OK"", ""run_time"": ""2026-07-19T02:21:40.888299+00:00"", ""upserted"": 0, ""signals_ranked"": 2, ""brain_available"": true, ""signals_scanned"": 1, ""signals_approved"": 0, ""signals_excellent"": 0, ""invariant_breaches"": 0, ""trace_nodes_logged"": [""unknown"", ""cleanup"", ""pre_flight"", ""rank"", ""scan"", ""upsert"", ""snapshot"", ""state"", ""gate"", ""invariants""]}}",2026-07-19 02:21:50.753451+00
968,2026-07-19 02:27:00.608271+00,OK,,9808,1,0,"{""result"": {""status"": ""OK"", ""run_time"": ""2026-07-19T02:26:50.779441+00:00"", ""upserted"": 0, ""signals_ranked"": 1, ""brain_available"": true, ""signals_scanned"": 1, ""signals_approved"": 0, ""signals_excellent"": 0, ""invariant_breaches"": 0, ""trace_nodes_logged"": [""unknown"", ""cleanup"", ""pre_flight"", ""rank"", ""scan"", ""upsert"", ""snapshot"", ""state"", ""gate"", ""invariants""]}}",2026-07-19 02:27:00.608442+00
969,2026-07-19 02:32:10.384568+00,OK,,9727,1,0,"{""result"": {""status"": ""OK"", ""run_time"": ""2026-07-19T02:32:00.634906+00:00"", ""upserted"": 0, ""signals_ranked"": 1, ""brain_available"": true, ""signals_scanned"": 1, ""signals_approved"": 0, ""signals_excellent"": 0, ""invariant_breaches"": 0, ""trace_nodes_logged"": [""unknown"", ""cleanup"", ""pre_flight"", ""rank"", ""scan"", ""upsert"", ""snapshot"", ""state"", ""gate"", ""invariants""]}}",2026-07-19 02:32:10.384746+00
970,2026-07-19 02:37:18.240012+00,OK,,7809,1,1,"{""result"": {""status"": ""OK"", ""run_time"": ""2026-07-19T02:37:10.411041+00:00"", ""upserted"": 1, ""signals_ranked"": 1, ""brain_available"": true, ""signals_scanned"": 1, ""signals_approved"": 1, ""signals_excellent"": 0, ""invariant_breaches"": 0, ""trace_nodes_logged"": [""unknown"", ""cleanup"", ""pre_flight"", ""rank"", ""scan"", ""upsert"", ""snapshot"", ""state"", ""gate"", ""invariants""]}}",2026-07-19 02:37:18.240203+00
971,2026-07-19 02:42:25.799843+00,OK,,7508,1,0,"{""result"": {""status"": ""OK"", ""run_time"": ""2026-07-19T02:42:18.268033+00:00"", ""upserted"": 0, ""signals_ranked"": 1, ""brain_available"": true, ""signals_scanned"": 1, ""signals_approved"": 0, ""signals_excellent"": 0, ""invariant_breaches"": 0, ""trace_nodes_logged"": [""unknown"", ""cleanup"", ""pre_flight"", ""rank"", ""scan"", ""upsert"", ""snapshot"", ""state"", ""gate"", ""invariants""]}}",2026-07-19 02:42:25.80001+00
972,2026-07-19 02:47:33.567253+00,OK,,7719,1,0,"{""result"": {""status"": ""OK"", ""run_time"": ""2026-07-19T02:47:25.828355+00:00"", ""upserted"": 0, ""signals_ranked"": 1, ""brain_available"": true, ""signals_scanned"": 1, ""signals_approved"": 0, ""signals_excellent"": 0, ""invariant_breaches"": 0, ""trace_nodes_logged"": [""unknown"", ""cleanup"", ""pre_flight"", ""rank"", ""scan"", ""upsert"", ""snapshot"", ""state"", ""gate"", ""invariants""]}}",2026-07-19 02:47:33.567431+00
973,2026-07-19 02:52:39.80251+00,OK,,6193,1,0,"{""result"": {""status"": ""OK"", ""run_time"": ""2026-07-19T02:52:33.592483+00:00"", ""upserted"": 0, ""signals_ranked"": 2, ""brain_available"": true, ""signals_scanned"": 1, ""signals_approved"": 0, ""signals_excellent"": 0, ""invariant_breaches"": 0, ""trace_nodes_logged"": [""unknown"", ""cleanup"", ""pre_flight"", ""rank"", ""scan"", ""upsert"", ""snapshot"", ""state"", ""gate"", ""invariants""]}}",2026-07-19 02:52:39.802644+00
974,2026-07-19 02:57:47.562575+00,OK,,7722,1,0,"{""result"": {""status"": ""OK"", ""run_time"": ""2026-07-19T02:57:39.821382+00:00"", ""upserted"": 0, ""signals_ranked"": 2, ""brain_available"": true, ""signals_scanned"": 1, ""signals_approved"": 0, ""signals_excellent"": 0, ""invariant_breaches"": 0, ""trace_nodes_logged"": [""unknown"", ""cleanup"", ""pre_flight"", ""rank"", ""scan"", ""upsert"", ""snapshot"", ""state"", ""gate"", ""invariants""]}}",2026-07-19 02:57:47.562748+00
975,2026-07-19 03:02:55.524305+00,OK,,7917,1,0,"{""result"": {""status"": ""OK"", ""run_time"": ""2026-07-19T03:02:47.590017+00:00"", ""upserted"": 0, ""signals_ranked"": 2, ""brain_available"": true, ""signals_scanned"": 1, ""signals_approved"": 0, ""signals_excellent"": 0, ""invariant_breaches"": 0, ""trace_nodes_logged"": [""unknown"", ""cleanup"", ""pre_flight"", ""rank"", ""scan"", ""upsert"", ""snapshot"", ""state"", ""gate"", ""invariants""]}}",2026-07-19 03:02:55.524443+00
976,2026-07-19 03:08:02.194243+00,OK,,6630,1,0,"{""result"": {""status"": ""OK"", ""run_time"": ""2026-07-19T03:07:55.543531+00:00"", ""upserted"": 0, ""signals_ranked"": 2, ""brain_available"": true, ""signals_scanned"": 1, ""signals_approved"": 0, ""signals_excellent"": 0, ""invariant_breaches"": 0, ""trace_nodes_logged"": [""unknown"", ""cleanup"", ""pre_flight"", ""rank"", ""scan"", ""upsert"", ""snapshot"", ""state"", ""gate"", ""invariants""]}}",2026-07-19 03:08:02.19443+00
977,2026-07-19 03:13:10.383345+00,OK,,8142,2,0,"{""result"": {""status"": ""OK"", ""run_time"": ""2026-07-19T03:13:02.220967+00:00"", ""upserted"": 0, ""signals_ranked"": 3, ""brain_available"": true, ""signals_scanned"": 2, ""signals_approved"": 0, ""signals_excellent"": 0, ""invariant_breaches"": 0, ""trace_nodes_logged"": [""unknown"", ""cleanup"", ""pre_flight"", ""rank"", ""scan"", ""upsert"", ""snapshot"", ""state"", ""gate"", ""invariants""]}}",2026-07-19 03:13:10.383517+00
978,2026-07-19 03:18:17.631979+00,OK,,7196,2,0,"{""result"": {""status"": ""OK"", ""run_time"": ""2026-07-19T03:18:10.411505+00:00"", ""upserted"": 0, ""signals_ranked"": 3, ""brain_available"": true, ""signals_scanned"": 2, ""signals_approved"": 0, ""signals_excellent"": 0, ""invariant_breaches"": 0, ""trace_nodes_logged"": [""unknown"", ""cleanup"", ""pre_flight"", ""rank"", ""scan"", ""upsert"", ""snapshot"", ""state"", ""gate"", ""invariants""]}}",2026-07-19 03:18:17.632273+00
979,2026-07-19 03:23:25.706736+00,OK,,8027,2,0,"{""result"": {""status"": ""OK"", ""run_time"": ""2026-07-19T03:23:17.659595+00:00"", ""upserted"": 0, ""signals_ranked"": 3, ""brain_available"": true, ""signals_scanned"": 2, ""signals_approved"": 0, ""signals_excellent"": 0, ""invariant_breaches"": 0, ""trace_nodes_logged"": [""unknown"", ""cleanup"", ""pre_flight"", ""rank"", ""scan"", ""upsert"", ""snapshot"", ""state"", ""gate"", ""invariants""]}}",2026-07-19 03:23:25.706904+00
980,2026-07-19 03:28:33.674276+00,OK,,7920,2,0,"{""result"": {""status"": ""OK"", ""run_time"": ""2026-07-19T03:28:25.731589+00:00"", ""upserted"": 0, ""signals_ranked"": 3, ""brain_available"": true, ""signals_scanned"": 2, ""signals_approved"": 0, ""signals_excellent"": 0, ""invariant_breaches"": 0, ""trace_nodes_logged"": [""unknown"", ""cleanup"", ""pre_flight"", ""rank"", ""scan"", ""upsert"", ""snapshot"", ""state"", ""gate"", ""invariants""]}}",2026-07-19 03:28:33.674451+00
981,2026-07-19 03:33:40.808396+00,OK,,7086,1,0,"{""result"": {""status"": ""OK"", ""run_time"": ""2026-07-19T03:33:33.700950+00:00"", ""upserted"": 0, ""signals_ranked"": 3, ""brain_available"": true, ""signals_scanned"": 1, ""signals_approved"": 0, ""signals_excellent"": 0, ""invariant_breaches"": 0, ""trace_nodes_logged"": [""unknown"", ""cleanup"", ""pre_flight"", ""rank"", ""scan"", ""upsert"", ""snapshot"", ""state"", ""gate"", ""invariants""]}}",2026-07-19 03:33:40.808567+00
982,2026-07-19 03:38:48.833187+00,OK,,7984,1,0,"{""result"": {""status"": ""OK"", ""run_time"": ""2026-07-19T03:38:40.833065+00:00"", ""upserted"": 0, ""signals_ranked"": 3, ""brain_available"": true, ""signals_scanned"": 1, ""signals_approved"": 0, ""signals_excellent"": 0, ""invariant_breaches"": 0, ""trace_nodes_logged"": [""unknown"", ""cleanup"", ""pre_flight"", ""rank"", ""scan"", ""upsert"", ""snapshot"", ""state"", ""gate"", ""invariants""]}}",2026-07-19 03:38:48.833327+00
983,2026-07-19 03:43:56.673753+00,OK,,7792,1,0,"{""result"": {""status"": ""OK"", ""run_time"": ""2026-07-19T03:43:48.858834+00:00"", ""upserted"": 0, ""signals_ranked"": 3, ""brain_available"": true, ""signals_scanned"": 1, ""signals_approved"": 0, ""signals_excellent"": 0, ""invariant_breaches"": 0, ""trace_nodes_logged"": [""unknown"", ""cleanup"", ""pre_flight"", ""rank"", ""scan"", ""upsert"", ""snapshot"", ""state"", ""gate"", ""invariants""]}}",2026-07-19 03:43:56.673972+00
984,2026-07-19 03:49:04.487588+00,OK,,7766,1,0,"{""result"": {""status"": ""OK"", ""run_time"": ""2026-07-19T03:48:56.702390+00:00"", ""upserted"": 0, ""signals_ranked"": 3, ""brain_available"": true, ""signals_scanned"": 1, ""signals_approved"": 0, ""signals_excellent"": 0, ""invariant_breaches"": 0, ""trace_nodes_logged"": [""unknown"", ""cleanup"", ""pre_flight"", ""rank"", ""scan"", ""upsert"", ""snapshot"", ""state"", ""gate"", ""invariants""]}}",2026-07-19 03:49:04.487761+00
985,2026-07-19 03:54:11.461635+00,OK,,6929,0,0,"{""result"": {""status"": ""OK"", ""run_time"": ""2026-07-19T03:54:04.511907+00:00"", ""upserted"": 0, ""signals_ranked"": 3, ""brain_available"": true, ""signals_scanned"": 0, ""signals_approved"": 0, ""signals_excellent"": 0, ""invariant_breaches"": 0, ""trace_nodes_logged"": [""unknown"", ""cleanup"", ""pre_flight"", ""rank"", ""scan"", ""upsert"", ""snapshot"", ""state"", ""gate"", ""invariants""]}}",2026-07-19 03:54:11.461805+00
986,2026-07-19 03:59:18.052155+00,OK,,6541,0,0,"{""result"": {""status"": ""OK"", ""run_time"": ""2026-07-19T03:59:11.489081+00:00"", ""upserted"": 0, ""signals_ranked"": 3, ""brain_available"": true, ""signals_scanned"": 0, ""signals_approved"": 0, ""signals_excellent"": 0, ""invariant_breaches"": 0, ""trace_nodes_logged"": [""unknown"", ""cleanup"", ""pre_flight"", ""rank"", ""scan"", ""upsert"", ""snapshot"", ""state"", ""gate"", ""invariants""]}}",2026-07-19 03:59:18.052326+00
987,2026-07-19 04:04:25.153426+00,OK,,7059,0,0,"{""result"": {""status"": ""OK"", ""run_time"": ""2026-07-19T04:04:18.076754+00:00"", ""upserted"": 0, ""signals_ranked"": 3, ""brain_available"": true, ""signals_scanned"": 0, ""signals_approved"": 0, ""signals_excellent"": 0, ""invariant_breaches"": 0, ""trace_nodes_logged"": [""unknown"", ""cleanup"", ""pre_flight"", ""rank"", ""scan"", ""upsert"", ""snapshot"", ""state"", ""gate"", ""invariants""]}}",2026-07-19 04:04:25.153611+00
988,2026-07-19 04:09:32.211394+00,OK,,7017,0,0,"{""result"": {""status"": ""OK"", ""run_time"": ""2026-07-19T04:09:25.173819+00:00"", ""upserted"": 0, ""signals_ranked"": 3, ""brain_available"": true, ""signals_scanned"": 0, ""signals_approved"": 0, ""signals_excellent"": 0, ""invariant_breaches"": 0, ""trace_nodes_logged"": [""unknown"", ""cleanup"", ""pre_flight"", ""rank"", ""scan"", ""upsert"", ""snapshot"", ""state"", ""gate"", ""invariants""]}}",2026-07-19 04:09:32.211569+00
989,2026-07-19 04:14:39.706168+00,OK,,7450,1,0,"{""result"": {""status"": ""OK"", ""run_time"": ""2026-07-19T04:14:32.238752+00:00"", ""upserted"": 0, ""signals_ranked"": 2, ""brain_available"": true, ""signals_scanned"": 1, ""signals_approved"": 0, ""signals_excellent"": 0, ""invariant_breaches"": 0, ""trace_nodes_logged"": [""unknown"", ""cleanup"", ""pre_flight"", ""rank"", ""scan"", ""upsert"", ""snapshot"", ""state"", ""gate"", ""invariants""]}}",2026-07-19 04:14:39.706305+00
990,2026-07-19 04:19:45.347669+00,OK,,5597,1,0,"{""result"": {""status"": ""OK"", ""run_time"": ""2026-07-19T04:19:39.730756+00:00"", ""upserted"": 0, ""signals_ranked"": 2, ""brain_available"": true, ""signals_scanned"": 1, ""signals_approved"": 0, ""signals_excellent"": 0, ""invariant_breaches"": 0, ""trace_nodes_logged"": [""unknown"", ""cleanup"", ""pre_flight"", ""rank"", ""scan"", ""upsert"", ""snapshot"", ""state"", ""gate"", ""invariants""]}}",2026-07-19 04:19:45.34784+00
991,2026-07-19 04:24:51.426007+00,OK,,6036,1,0,"{""result"": {""status"": ""OK"", ""run_time"": ""2026-07-19T04:24:45.373313+00:00"", ""upserted"": 0, ""signals_ranked"": 2, ""brain_available"": true, ""signals_scanned"": 1, ""signals_approved"": 0, ""signals_excellent"": 0, ""invariant_breaches"": 0, ""trace_nodes_logged"": [""unknown"", ""cleanup"", ""pre_flight"", ""rank"", ""scan"", ""upsert"", ""snapshot"", ""state"", ""gate"", ""invariants""]}}",2026-07-19 04:24:51.426169+00
992,2026-07-19 04:30:02.28084+00,OK,,10808,1,0,"{""result"": {""status"": ""OK"", ""run_time"": ""2026-07-19T04:29:51.446542+00:00"", ""upserted"": 0, ""signals_ranked"": 2, ""brain_available"": true, ""signals_scanned"": 1, ""signals_approved"": 0, ""signals_excellent"": 0, ""invariant_breaches"": 0, ""trace_nodes_logged"": [""unknown"", ""cleanup"", ""pre_flight"", ""rank"", ""scan"", ""upsert"", ""snapshot"", ""state"", ""gate"", ""invariants""]}}",2026-07-19 04:30:02.281257+00
993,2026-07-19 04:35:12.547716+00,OK,,10218,1,0,"{""result"": {""status"": ""OK"", ""run_time"": ""2026-07-19T04:35:02.309431+00:00"", ""upserted"": 0, ""signals_ranked"": 2, ""brain_available"": true, ""signals_scanned"": 1, ""signals_approved"": 0, ""signals_excellent"": 0, ""invariant_breaches"": 0, ""trace_nodes_logged"": [""unknown"", ""cleanup"", ""pre_flight"", ""rank"", ""scan"", ""upsert"", ""snapshot"", ""state"", ""gate"", ""invariants""]}}",2026-07-19 04:35:12.547947+00
994,2026-07-19 04:40:19.903742+00,OK,,7309,0,0,"{""result"": {""status"": ""OK"", ""run_time"": ""2026-07-19T04:40:12.575254+00:00"", ""upserted"": 0, ""signals_ranked"": 2, ""brain_available"": true, ""signals_scanned"": 0, ""signals_approved"": 0, ""signals_excellent"": 0, ""invariant_breaches"": 0, ""trace_nodes_logged"": [""unknown"", ""cleanup"", ""pre_flight"", ""rank"", ""scan"", ""upsert"", ""snapshot"", ""state"", ""gate"", ""invariants""]}}",2026-07-19 04:40:19.903912+00
995,2026-07-19 04:45:26.9794+00,OK,,7028,0,0,"{""result"": {""status"": ""OK"", ""run_time"": ""2026-07-19T04:45:19.929915+00:00"", ""upserted"": 0, ""signals_ranked"": 2, ""brain_available"": true, ""signals_scanned"": 0, ""signals_approved"": 0, ""signals_excellent"": 0, ""invariant_breaches"": 0, ""trace_nodes_logged"": [""unknown"", ""cleanup"", ""pre_flight"", ""rank"", ""scan"", ""upsert"", ""snapshot"", ""state"", ""gate"", ""invariants""]}}",2026-07-19 04:45:26.979571+00
996,2026-07-19 04:50:33.576319+00,OK,,6551,0,0,"{""result"": {""status"": ""OK"", ""run_time"": ""2026-07-19T04:50:27.004616+00:00"", ""upserted"": 0, ""signals_ranked"": 2, ""brain_available"": true, ""signals_scanned"": 0, ""signals_approved"": 0, ""signals_excellent"": 0, ""invariant_breaches"": 0, ""trace_nodes_logged"": [""unknown"", ""cleanup"", ""pre_flight"", ""rank"", ""scan"", ""upsert"", ""snapshot"", ""state"", ""gate"", ""invariants""]}}",2026-07-19 04:50:33.576485+00
997,2026-07-19 04:55:40.546441+00,OK,,6921,0,0,"{""result"": {""status"": ""OK"", ""run_time"": ""2026-07-19T04:55:33.604431+00:00"", ""upserted"": 0, ""signals_ranked"": 2, ""brain_available"": true, ""signals_scanned"": 0, ""signals_approved"": 0, ""signals_excellent"": 0, ""invariant_breaches"": 0, ""trace_nodes_logged"": [""unknown"", ""cleanup"", ""pre_flight"", ""rank"", ""scan"", ""upsert"", ""snapshot"", ""state"", ""gate"", ""invariants""]}}",2026-07-19 04:55:40.547087+00
998,2026-07-19 05:00:46.391702+00,OK,,5798,0,0,"{""result"": {""status"": ""OK"", ""run_time"": ""2026-07-19T05:00:40.574473+00:00"", ""upserted"": 0, ""signals_ranked"": 2, ""brain_available"": true, ""signals_scanned"": 0, ""signals_approved"": 0, ""signals_excellent"": 0, ""invariant_breaches"": 0, ""trace_nodes_logged"": [""unknown"", ""cleanup"", ""pre_flight"", ""rank"", ""scan"", ""upsert"", ""snapshot"", ""state"", ""gate"", ""invariants""]}}",2026-07-19 05:00:46.391893+00
999,2026-07-19 05:05:52.769612+00,OK,,6333,0,0,"{""result"": {""status"": ""OK"", ""run_time"": ""2026-07-19T05:05:46.408754+00:00"", ""upserted"": 0, ""signals_ranked"": 2, ""brain_available"": true, ""signals_scanned"": 0, ""signals_approved"": 0, ""signals_excellent"": 0, ""invariant_breaches"": 0, ""trace_nodes_logged"": [""unknown"", ""cleanup"", ""pre_flight"", ""rank"", ""scan"", ""upsert"", ""snapshot"", ""state"", ""gate"", ""invariants""]}}",2026-07-19 05:05:52.769785+00
1000,2026-07-19 05:11:00.076648+00,OK,,7259,0,0,"{""result"": {""status"": ""OK"", ""run_time"": ""2026-07-19T05:10:52.794621+00:00"", ""upserted"": 0, ""signals_ranked"": 1, ""brain_available"": true, ""signals_scanned"": 0, ""signals_approved"": 0, ""signals_excellent"": 0, ""invariant_breaches"": 0, ""trace_nodes_logged"": [""unknown"", ""cleanup"", ""pre_flight"", ""rank"", ""scan"", ""upsert"", ""snapshot"", ""state"", ""gate"", ""invariants""]}}",2026-07-19 05:11:00.076823+00
1001,2026-07-19 05:16:06.423705+00,OK,,6296,0,0,"{""result"": {""status"": ""OK"", ""run_time"": ""2026-07-19T05:16:00.103946+00:00"", ""upserted"": 0, ""signals_ranked"": 1, ""brain_available"": true, ""signals_scanned"": 0, ""signals_approved"": 0, ""signals_excellent"": 0, ""invariant_breaches"": 0, ""trace_nodes_logged"": [""unknown"", ""cleanup"", ""pre_flight"", ""rank"", ""scan"", ""upsert"", ""snapshot"", ""state"", ""gate"", ""invariants""]}}",2026-07-19 05:16:06.423898+00
1002,2026-07-19 05:21:12.776943+00,OK,,6300,0,0,"{""result"": {""status"": ""OK"", ""run_time"": ""2026-07-19T05:21:06.453299+00:00"", ""upserted"": 0, ""signals_ranked"": 1, ""brain_available"": true, ""signals_scanned"": 0, ""signals_approved"": 0, ""signals_excellent"": 0, ""invariant_breaches"": 0, ""trace_nodes_logged"": [""unknown"", ""cleanup"", ""pre_flight"", ""rank"", ""scan"", ""upsert"", ""snapshot"", ""state"", ""gate"", ""invariants""]}}",2026-07-19 05:21:12.777156+00
1003,2026-07-19 05:26:19.484255+00,OK,,6659,0,0,"{""result"": {""status"": ""OK"", ""run_time"": ""2026-07-19T05:26:12.802519+00:00"", ""upserted"": 0, ""signals_ranked"": 1, ""brain_available"": true, ""signals_scanned"": 0, ""signals_approved"": 0, ""signals_excellent"": 0, ""invariant_breaches"": 0, ""trace_nodes_logged"": [""unknown"", ""cleanup"", ""pre_flight"", ""rank"", ""scan"", ""upsert"", ""snapshot"", ""state"", ""gate"", ""invariants""]}}",2026-07-19 05:26:19.484425+00
1004,2026-07-19 05:31:26.493079+00,OK,,6958,0,0,"{""result"": {""status"": ""OK"", ""run_time"": ""2026-07-19T05:31:19.511768+00:00"", ""upserted"": 0, ""signals_ranked"": 0, ""brain_available"": true, ""signals_scanned"": 0, ""signals_approved"": 0, ""signals_excellent"": 0, ""invariant_breaches"": 0, ""trace_nodes_logged"": [""unknown"", ""cleanup"", ""pre_flight"", ""rank"", ""scan"", ""upsert"", ""snapshot"", ""state"", ""gate"", ""invariants""]}}",2026-07-19 05:31:26.493249+00
1005,2026-07-19 05:36:33.229582+00,OK,,6690,0,0,"{""result"": {""status"": ""OK"", ""run_time"": ""2026-07-19T05:36:26.520086+00:00"", ""upserted"": 0, ""signals_ranked"": 0, ""brain_available"": true, ""signals_scanned"": 0, ""signals_approved"": 0, ""signals_excellent"": 0, ""invariant_breaches"": 0, ""trace_nodes_logged"": [""unknown"", ""cleanup"", ""pre_flight"", ""rank"", ""scan"", ""upsert"", ""snapshot"", ""state"", ""gate"", ""invariants""]}}",2026-07-19 05:36:33.229755+00
1006,2026-07-19 05:41:40.096373+00,OK,,6820,0,0,"{""result"": {""status"": ""OK"", ""run_time"": ""2026-07-19T05:41:33.254083+00:00"", ""upserted"": 0, ""signals_ranked"": 0, ""brain_available"": true, ""signals_scanned"": 0, ""signals_approved"": 0, ""signals_excellent"": 0, ""invariant_breaches"": 0, ""trace_nodes_logged"": [""unknown"", ""cleanup"", ""pre_flight"", ""rank"", ""scan"", ""upsert"", ""snapshot"", ""state"", ""gate"", ""invariants""]}}",2026-07-19 05:41:40.096544+00
1007,2026-07-19 05:46:46.951916+00,OK,,6807,0,0,"{""result"": {""status"": ""OK"", ""run_time"": ""2026-07-19T05:46:40.124029+00:00"", ""upserted"": 0, ""signals_ranked"": 0, ""brain_available"": true, ""signals_scanned"": 0, ""signals_approved"": 0, ""signals_excellent"": 0, ""invariant_breaches"": 0, ""trace_nodes_logged"": [""unknown"", ""cleanup"", ""pre_flight"", ""rank"", ""scan"", ""upsert"", ""snapshot"", ""state"", ""gate"", ""invariants""]}}",2026-07-19 05:46:46.952102+00
1008,2026-07-19 05:51:53.340171+00,OK,,6341,0,0,"{""result"": {""status"": ""OK"", ""run_time"": ""2026-07-19T05:51:46.979509+00:00"", ""upserted"": 0, ""signals_ranked"": 0, ""brain_available"": true, ""signals_scanned"": 0, ""signals_approved"": 0, ""signals_excellent"": 0, ""invariant_breaches"": 0, ""trace_nodes_logged"": [""unknown"", ""cleanup"", ""pre_flight"", ""rank"", ""scan"", ""upsert"", ""snapshot"", ""state"", ""gate"", ""invariants""]}}",2026-07-19 05:51:53.340331+00
1009,2026-07-19 05:56:59.624382+00,OK,,6242,0,0,"{""result"": {""status"": ""OK"", ""run_time"": ""2026-07-19T05:56:53.358676+00:00"", ""upserted"": 0, ""signals_ranked"": 0, ""brain_available"": true, ""signals_scanned"": 0, ""signals_approved"": 0, ""signals_excellent"": 0, ""invariant_breaches"": 0, ""trace_nodes_logged"": [""unknown"", ""cleanup"", ""pre_flight"", ""rank"", ""scan"", ""upsert"", ""snapshot"", ""state"", ""gate"", ""invariants""]}}",2026-07-19 05:56:59.624594+00
1010,2026-07-19 06:02:06.210709+00,OK,,6545,0,0,"{""result"": {""status"": ""OK"", ""run_time"": ""2026-07-19T06:01:59.645924+00:00"", ""upserted"": 0, ""signals_ranked"": 0, ""brain_available"": true, ""signals_scanned"": 0, ""signals_approved"": 0, ""signals_excellent"": 0, ""invariant_breaches"": 0, ""trace_nodes_logged"": [""unknown"", ""cleanup"", ""pre_flight"", ""rank"", ""scan"", ""upsert"", ""snapshot"", ""state"", ""gate"", ""invariants""]}}",2026-07-19 06:02:06.210875+00
1011,2026-07-19 06:07:12.866222+00,OK,,6608,0,0,"{""result"": {""status"": ""OK"", ""run_time"": ""2026-07-19T06:07:06.236689+00:00"", ""upserted"": 0, ""signals_ranked"": 0, ""brain_available"": true, ""signals_scanned"": 0, ""signals_approved"": 0, ""signals_excellent"": 0, ""invariant_breaches"": 0, ""trace_nodes_logged"": [""unknown"", ""cleanup"", ""pre_flight"", ""rank"", ""scan"", ""upsert"", ""snapshot"", ""state"", ""gate"", ""invariants""]}}",2026-07-19 06:07:12.866408+00
1012,2026-07-19 06:12:19.801566+00,OK,,6887,0,0,"{""result"": {""status"": ""OK"", ""run_time"": ""2026-07-19T06:12:12.893274+00:00"", ""upserted"": 0, ""signals_ranked"": 0, ""brain_available"": true, ""signals_scanned"": 0, ""signals_approved"": 0, ""signals_excellent"": 0, ""invariant_breaches"": 0, ""trace_nodes_logged"": [""unknown"", ""cleanup"", ""pre_flight"", ""rank"", ""scan"", ""upsert"", ""snapshot"", ""state"", ""gate"", ""invariants""]}}",2026-07-19 06:12:19.801735+00
1013,2026-07-19 06:17:26.692197+00,OK,,6845,0,0,"{""result"": {""status"": ""OK"", ""run_time"": ""2026-07-19T06:17:19.827793+00:00"", ""upserted"": 0, ""signals_ranked"": 0, ""brain_available"": true, ""signals_scanned"": 0, ""signals_approved"": 0, ""signals_excellent"": 0, ""invariant_breaches"": 0, ""trace_nodes_logged"": [""unknown"", ""cleanup"", ""pre_flight"", ""rank"", ""scan"", ""upsert"", ""snapshot"", ""state"", ""gate"", ""invariants""]}}",2026-07-19 06:17:26.692368+00
1014,2026-07-19 06:22:34.203897+00,OK,,7466,0,0,"{""result"": {""status"": ""OK"", ""run_time"": ""2026-07-19T06:22:26.717655+00:00"", ""upserted"": 0, ""signals_ranked"": 0, ""brain_available"": true, ""signals_scanned"": 0, ""signals_approved"": 0, ""signals_excellent"": 0, ""invariant_breaches"": 0, ""trace_nodes_logged"": [""unknown"", ""cleanup"", ""pre_flight"", ""rank"", ""scan"", ""upsert"", ""snapshot"", ""state"", ""gate"", ""invariants""]}}",2026-07-19 06:22:34.204106+00
1015,2026-07-19 06:27:40.820879+00,OK,,6567,0,0,"{""result"": {""status"": ""OK"", ""run_time"": ""2026-07-19T06:27:34.230392+00:00"", ""upserted"": 0, ""signals_ranked"": 0, ""brain_available"": true, ""signals_scanned"": 0, ""signals_approved"": 0, ""signals_excellent"": 0, ""invariant_breaches"": 0, ""trace_nodes_logged"": [""unknown"", ""cleanup"", ""pre_flight"", ""rank"", ""scan"", ""upsert"", ""snapshot"", ""state"", ""gate"", ""invariants""]}}",2026-07-19 06:27:40.821071+00
1016,2026-07-19 06:32:46.750093+00,OK,,5878,0,0,"{""result"": {""status"": ""OK"", ""run_time"": ""2026-07-19T06:32:40.848173+00:00"", ""upserted"": 0, ""signals_ranked"": 0, ""brain_available"": true, ""signals_scanned"": 0, ""signals_approved"": 0, ""signals_excellent"": 0, ""invariant_breaches"": 0, ""trace_nodes_logged"": [""unknown"", ""cleanup"", ""pre_flight"", ""rank"", ""scan"", ""upsert"", ""snapshot"", ""state"", ""gate"", ""invariants""]}}",2026-07-19 06:32:46.750289+00
1017,2026-07-19 06:37:52.413405+00,OK,,5618,0,0,"{""result"": {""status"": ""OK"", ""run_time"": ""2026-07-19T06:37:46.778022+00:00"", ""upserted"": 0, ""signals_ranked"": 0, ""brain_available"": true, ""signals_scanned"": 0, ""signals_approved"": 0, ""signals_excellent"": 0, ""invariant_breaches"": 0, ""trace_nodes_logged"": [""unknown"", ""cleanup"", ""pre_flight"", ""rank"", ""scan"", ""upsert"", ""snapshot"", ""state"", ""gate"", ""invariants""]}}",2026-07-19 06:37:52.41356+00
1018,2026-07-19 06:42:58.803231+00,OK,,6345,0,0,"{""result"": {""status"": ""OK"", ""run_time"": ""2026-07-19T06:42:52.433478+00:00"", ""upserted"": 0, ""signals_ranked"": 0, ""brain_available"": true, ""signals_scanned"": 0, ""signals_approved"": 0, ""signals_excellent"": 0, ""invariant_breaches"": 0, ""trace_nodes_logged"": [""unknown"", ""cleanup"", ""pre_flight"", ""rank"", ""scan"", ""upsert"", ""snapshot"", ""state"", ""gate"", ""invariants""]}}",2026-07-19 06:42:58.803405+00
1019,2026-07-19 06:48:05.787233+00,OK,,6938,0,0,"{""result"": {""status"": ""OK"", ""run_time"": ""2026-07-19T06:47:58.827676+00:00"", ""upserted"": 0, ""signals_ranked"": 0, ""brain_available"": true, ""signals_scanned"": 0, ""signals_approved"": 0, ""signals_excellent"": 0, ""invariant_breaches"": 0, ""trace_nodes_logged"": [""unknown"", ""cleanup"", ""pre_flight"", ""rank"", ""scan"", ""upsert"", ""snapshot"", ""state"", ""gate"", ""invariants""]}}",2026-07-19 06:48:05.787404+00
1020,2026-07-19 06:53:12.176378+00,OK,,6339,0,0,"{""result"": {""status"": ""OK"", ""run_time"": ""2026-07-19T06:53:05.813812+00:00"", ""upserted"": 0, ""signals_ranked"": 0, ""brain_available"": true, ""signals_scanned"": 0, ""signals_approved"": 0, ""signals_excellent"": 0, ""invariant_breaches"": 0, ""trace_nodes_logged"": [""unknown"", ""cleanup"", ""pre_flight"", ""rank"", ""scan"", ""upsert"", ""snapshot"", ""state"", ""gate"", ""invariants""]}}",2026-07-19 06:53:12.176553+00
1021,2026-07-19 06:58:19.085209+00,OK,,6867,0,0,"{""result"": {""status"": ""OK"", ""run_time"": ""2026-07-19T06:58:12.201423+00:00"", ""upserted"": 0, ""signals_ranked"": 0, ""brain_available"": true, ""signals_scanned"": 0, ""signals_approved"": 0, ""signals_excellent"": 0, ""invariant_breaches"": 0, ""trace_nodes_logged"": [""unknown"", ""cleanup"", ""pre_flight"", ""rank"", ""scan"", ""upsert"", ""snapshot"", ""state"", ""gate"", ""invariants""]}}",2026-07-19 06:58:19.085341+00
1022,2026-07-19 07:03:26.377691+00,OK,,7252,1,0,"{""result"": {""status"": ""OK"", ""run_time"": ""2026-07-19T07:03:19.103724+00:00"", ""upserted"": 0, ""signals_ranked"": 1, ""brain_available"": true, ""signals_scanned"": 1, ""signals_approved"": 0, ""signals_excellent"": 0, ""invariant_breaches"": 0, ""trace_nodes_logged"": [""unknown"", ""cleanup"", ""pre_flight"", ""rank"", ""scan"", ""upsert"", ""snapshot"", ""state"", ""gate"", ""invariants""]}}",2026-07-19 07:03:26.377891+00
1023,2026-07-19 07:08:33.393491+00,OK,,6966,1,0,"{""result"": {""status"": ""OK"", ""run_time"": ""2026-07-19T07:08:26.406918+00:00"", ""upserted"": 0, ""signals_ranked"": 1, ""brain_available"": true, ""signals_scanned"": 1, ""signals_approved"": 0, ""signals_excellent"": 0, ""invariant_breaches"": 0, ""trace_nodes_logged"": [""unknown"", ""cleanup"", ""pre_flight"", ""rank"", ""scan"", ""upsert"", ""snapshot"", ""state"", ""gate"", ""invariants""]}}",2026-07-19 07:08:33.393669+00
1024,2026-07-19 07:13:39.945635+00,OK,,6501,1,0,"{""result"": {""status"": ""OK"", ""run_time"": ""2026-07-19T07:13:33.421350+00:00"", ""upserted"": 0, ""signals_ranked"": 1, ""brain_available"": true, ""signals_scanned"": 1, ""signals_approved"": 0, ""signals_excellent"": 0, ""invariant_breaches"": 0, ""trace_nodes_logged"": [""unknown"", ""cleanup"", ""pre_flight"", ""rank"", ""scan"", ""upsert"", ""snapshot"", ""state"", ""gate"", ""invariants""]}}",2026-07-19 07:13:39.94581+00
1025,2026-07-19 07:18:45.819902+00,OK,,5827,1,0,"{""result"": {""status"": ""OK"", ""run_time"": ""2026-07-19T07:18:39.972510+00:00"", ""upserted"": 0, ""signals_ranked"": 1, ""brain_available"": true, ""signals_scanned"": 1, ""signals_approved"": 0, ""signals_excellent"": 0, ""invariant_breaches"": 0, ""trace_nodes_logged"": [""unknown"", ""cleanup"", ""pre_flight"", ""rank"", ""scan"", ""upsert"", ""snapshot"", ""state"", ""gate"", ""invariants""]}}",2026-07-19 07:18:45.820121+00
1026,2026-07-19 07:23:53.213755+00,OK,,7351,1,0,"{""result"": {""status"": ""OK"", ""run_time"": ""2026-07-19T07:23:45.846159+00:00"", ""upserted"": 0, ""signals_ranked"": 1, ""brain_available"": true, ""signals_scanned"": 1, ""signals_approved"": 0, ""signals_excellent"": 0, ""invariant_breaches"": 0, ""trace_nodes_logged"": [""unknown"", ""cleanup"", ""pre_flight"", ""rank"", ""scan"", ""upsert"", ""snapshot"", ""state"", ""gate"", ""invariants""]}}",2026-07-19 07:23:53.2139+00
1027,2026-07-19 07:29:00.289969+00,OK,,7036,1,0,"{""result"": {""status"": ""OK"", ""run_time"": ""2026-07-19T07:28:53.232580+00:00"", ""upserted"": 0, ""signals_ranked"": 1, ""brain_available"": true, ""signals_scanned"": 1, ""signals_approved"": 0, ""signals_excellent"": 0, ""invariant_breaches"": 0, ""trace_nodes_logged"": [""unknown"", ""cleanup"", ""pre_flight"", ""rank"", ""scan"", ""upsert"", ""snapshot"", ""state"", ""gate"", ""invariants""]}}",2026-07-19 07:29:00.290155+00
1028,2026-07-19 07:34:07.27048+00,OK,,6934,1,0,"{""result"": {""status"": ""OK"", ""run_time"": ""2026-07-19T07:34:00.315615+00:00"", ""upserted"": 0, ""signals_ranked"": 1, ""brain_available"": true, ""signals_scanned"": 1, ""signals_approved"": 0, ""signals_excellent"": 0, ""invariant_breaches"": 0, ""trace_nodes_logged"": [""unknown"", ""cleanup"", ""pre_flight"", ""rank"", ""scan"", ""upsert"", ""snapshot"", ""state"", ""gate"", ""invariants""]}}",2026-07-19 07:34:07.270656+00
1029,2026-07-19 07:39:13.595164+00,OK,,6273,1,0,"{""result"": {""status"": ""OK"", ""run_time"": ""2026-07-19T07:39:07.298804+00:00"", ""upserted"": 0, ""signals_ranked"": 1, ""brain_available"": true, ""signals_scanned"": 1, ""signals_approved"": 0, ""signals_excellent"": 0, ""invariant_breaches"": 0, ""trace_nodes_logged"": [""unknown"", ""cleanup"", ""pre_flight"", ""rank"", ""scan"", ""upsert"", ""snapshot"", ""state"", ""gate"", ""invariants""]}}",2026-07-19 07:39:13.595433+00
1030,2026-07-19 07:44:20.418448+00,OK,,6774,1,0,"{""result"": {""status"": ""OK"", ""run_time"": ""2026-07-19T07:44:13.622716+00:00"", ""upserted"": 0, ""signals_ranked"": 1, ""brain_available"": true, ""signals_scanned"": 1, ""signals_approved"": 0, ""signals_excellent"": 0, ""invariant_breaches"": 0, ""trace_nodes_logged"": [""unknown"", ""cleanup"", ""pre_flight"", ""rank"", ""scan"", ""upsert"", ""snapshot"", ""state"", ""gate"", ""invariants""]}}",2026-07-19 07:44:20.418619+00
1031,2026-07-19 07:49:26.605773+00,OK,,6139,1,1,"{""result"": {""status"": ""OK"", ""run_time"": ""2026-07-19T07:49:20.445413+00:00"", ""upserted"": 1, ""signals_ranked"": 2, ""brain_available"": true, ""signals_scanned"": 1, ""signals_approved"": 1, ""signals_excellent"": 0, ""invariant_breaches"": 0, ""trace_nodes_logged"": [""unknown"", ""cleanup"", ""pre_flight"", ""rank"", ""scan"", ""upsert"", ""snapshot"", ""state"", ""gate"", ""invariants""]}}",2026-07-19 07:49:26.605946+00
1032,2026-07-19 07:54:33.527473+00,OK,,6871,1,0,"{""result"": {""status"": ""OK"", ""run_time"": ""2026-07-19T07:54:26.634939+00:00"", ""upserted"": 0, ""signals_ranked"": 2, ""brain_available"": true, ""signals_scanned"": 1, ""signals_approved"": 0, ""signals_excellent"": 0, ""invariant_breaches"": 0, ""trace_nodes_logged"": [""unknown"", ""cleanup"", ""pre_flight"", ""rank"", ""scan"", ""upsert"", ""snapshot"", ""state"", ""gate"", ""invariants""]}}",2026-07-19 07:54:33.527642+00
1033,2026-07-19 07:59:41.201881+00,OK,,7632,1,0,"{""result"": {""status"": ""OK"", ""run_time"": ""2026-07-19T07:59:33.553646+00:00"", ""upserted"": 0, ""signals_ranked"": 2, ""brain_available"": true, ""signals_scanned"": 1, ""signals_approved"": 0, ""signals_excellent"": 0, ""invariant_breaches"": 0, ""trace_nodes_logged"": [""unknown"", ""cleanup"", ""pre_flight"", ""rank"", ""scan"", ""upsert"", ""snapshot"", ""state"", ""gate"", ""invariants""]}}",2026-07-19 07:59:41.202037+00
1034,2026-07-19 08:04:49.223035+00,OK,,7978,0,0,"{""result"": {""status"": ""OK"", ""run_time"": ""2026-07-19T08:04:41.222302+00:00"", ""upserted"": 0, ""signals_ranked"": 2, ""brain_available"": true, ""signals_scanned"": 0, ""signals_approved"": 0, ""signals_excellent"": 0, ""invariant_breaches"": 0, ""trace_nodes_logged"": [""unknown"", ""cleanup"", ""pre_flight"", ""rank"", ""scan"", ""upsert"", ""snapshot"", ""state"", ""gate"", ""invariants""]}}",2026-07-19 08:04:49.22322+00
1035,2026-07-19 08:09:55.973403+00,OK,,6705,0,0,"{""result"": {""status"": ""OK"", ""run_time"": ""2026-07-19T08:09:49.251079+00:00"", ""upserted"": 0, ""signals_ranked"": 2, ""brain_available"": true, ""signals_scanned"": 0, ""signals_approved"": 0, ""signals_excellent"": 0, ""invariant_breaches"": 0, ""trace_nodes_logged"": [""unknown"", ""cleanup"", ""pre_flight"", ""rank"", ""scan"", ""upsert"", ""snapshot"", ""state"", ""gate"", ""invariants""]}}",2026-07-19 08:09:55.973541+00
1036,2026-07-19 08:15:03.861884+00,OK,,7847,0,0,"{""result"": {""status"": ""OK"", ""run_time"": ""2026-07-19T08:14:55.992228+00:00"", ""upserted"": 0, ""signals_ranked"": 2, ""brain_available"": true, ""signals_scanned"": 0, ""signals_approved"": 0, ""signals_excellent"": 0, ""invariant_breaches"": 0, ""trace_nodes_logged"": [""unknown"", ""cleanup"", ""pre_flight"", ""rank"", ""scan"", ""upsert"", ""snapshot"", ""state"", ""gate"", ""invariants""]}}",2026-07-19 08:15:03.862067+00
1037,2026-07-19 08:20:11.599366+00,OK,,7691,0,0,"{""result"": {""status"": ""OK"", ""run_time"": ""2026-07-19T08:20:03.890082+00:00"", ""upserted"": 0, ""signals_ranked"": 2, ""brain_available"": true, ""signals_scanned"": 0, ""signals_approved"": 0, ""signals_excellent"": 0, ""invariant_breaches"": 0, ""trace_nodes_logged"": [""unknown"", ""cleanup"", ""pre_flight"", ""rank"", ""scan"", ""upsert"", ""snapshot"", ""state"", ""gate"", ""invariants""]}}",2026-07-19 08:20:11.59956+00
1038,2026-07-19 08:25:19.147795+00,OK,,7500,0,0,"{""result"": {""status"": ""OK"", ""run_time"": ""2026-07-19T08:25:11.622366+00:00"", ""upserted"": 0, ""signals_ranked"": 2, ""brain_available"": true, ""signals_scanned"": 0, ""signals_approved"": 0, ""signals_excellent"": 0, ""invariant_breaches"": 0, ""trace_nodes_logged"": [""unknown"", ""cleanup"", ""pre_flight"", ""rank"", ""scan"", ""upsert"", ""snapshot"", ""state"", ""gate"", ""invariants""]}}",2026-07-19 08:25:19.147978+00
1039,2026-07-19 08:30:26.665035+00,OK,,7472,0,0,"{""result"": {""status"": ""OK"", ""run_time"": ""2026-07-19T08:30:19.176317+00:00"", ""upserted"": 0, ""signals_ranked"": 2, ""brain_available"": true, ""signals_scanned"": 0, ""signals_approved"": 0, ""signals_excellent"": 0, ""invariant_breaches"": 0, ""trace_nodes_logged"": [""unknown"", ""cleanup"", ""pre_flight"", ""rank"", ""scan"", ""upsert"", ""snapshot"", ""state"", ""gate"", ""invariants""]}}",2026-07-19 08:30:26.665223+00
1040,2026-07-19 08:35:34.600896+00,OK,,7893,0,0,"{""result"": {""status"": ""OK"", ""run_time"": ""2026-07-19T08:35:26.683738+00:00"", ""upserted"": 0, ""signals_ranked"": 2, ""brain_available"": true, ""signals_scanned"": 0, ""signals_approved"": 0, ""signals_excellent"": 0, ""invariant_breaches"": 0, ""trace_nodes_logged"": [""unknown"", ""cleanup"", ""pre_flight"", ""rank"", ""scan"", ""upsert"", ""snapshot"", ""state"", ""gate"", ""invariants""]}}",2026-07-19 08:35:34.601087+00
1041,2026-07-19 08:40:41.609284+00,OK,,6957,0,0,"{""result"": {""status"": ""OK"", ""run_time"": ""2026-07-19T08:40:34.631219+00:00"", ""upserted"": 0, ""signals_ranked"": 2, ""brain_available"": true, ""signals_scanned"": 0, ""signals_approved"": 0, ""signals_excellent"": 0, ""invariant_breaches"": 0, ""trace_nodes_logged"": [""unknown"", ""cleanup"", ""pre_flight"", ""rank"", ""scan"", ""upsert"", ""snapshot"", ""state"", ""gate"", ""invariants""]}}",2026-07-19 08:40:41.609448+00
1042,2026-07-19 08:45:50.316604+00,OK,,8657,0,0,"{""result"": {""status"": ""OK"", ""run_time"": ""2026-07-19T08:45:41.635851+00:00"", ""upserted"": 0, ""signals_ranked"": 2, ""brain_available"": true, ""signals_scanned"": 0, ""signals_approved"": 0, ""signals_excellent"": 0, ""invariant_breaches"": 0, ""trace_nodes_logged"": [""unknown"", ""cleanup"", ""pre_flight"", ""rank"", ""scan"", ""upsert"", ""snapshot"", ""state"", ""gate"", ""invariants""]}}",2026-07-19 08:45:50.316781+00
1043,2026-07-19 08:50:58.330803+00,OK,,7964,1,0,"{""result"": {""status"": ""OK"", ""run_time"": ""2026-07-19T08:50:50.344031+00:00"", ""upserted"": 0, ""signals_ranked"": 2, ""brain_available"": true, ""signals_scanned"": 1, ""signals_approved"": 0, ""signals_excellent"": 0, ""invariant_breaches"": 0, ""trace_nodes_logged"": [""unknown"", ""cleanup"", ""pre_flight"", ""rank"", ""scan"", ""upsert"", ""snapshot"", ""state"", ""gate"", ""invariants""]}}",2026-07-19 08:50:58.330984+00
1044,2026-07-19 08:56:05.660295+00,OK,,7279,1,0,"{""result"": {""status"": ""OK"", ""run_time"": ""2026-07-19T08:55:58.360318+00:00"", ""upserted"": 0, ""signals_ranked"": 2, ""brain_available"": true, ""signals_scanned"": 1, ""signals_approved"": 0, ""signals_excellent"": 0, ""invariant_breaches"": 0, ""trace_nodes_logged"": [""unknown"", ""cleanup"", ""pre_flight"", ""rank"", ""scan"", ""upsert"", ""snapshot"", ""state"", ""gate"", ""invariants""]}}",2026-07-19 08:56:05.660489+00
1045,2026-07-19 09:01:13.715593+00,OK,,8008,1,0,"{""result"": {""status"": ""OK"", ""run_time"": ""2026-07-19T09:01:05.686438+00:00"", ""upserted"": 0, ""signals_ranked"": 2, ""brain_available"": true, ""signals_scanned"": 1, ""signals_approved"": 0, ""signals_excellent"": 0, ""invariant_breaches"": 0, ""trace_nodes_logged"": [""unknown"", ""cleanup"", ""pre_flight"", ""rank"", ""scan"", ""upsert"", ""snapshot"", ""state"", ""gate"", ""invariants""]}}",2026-07-19 09:01:13.715763+00
1046,2026-07-19 09:06:20.835557+00,OK,,7074,1,0,"{""result"": {""status"": ""OK"", ""run_time"": ""2026-07-19T09:06:13.741607+00:00"", ""upserted"": 0, ""signals_ranked"": 2, ""brain_available"": true, ""signals_scanned"": 1, ""signals_approved"": 0, ""signals_excellent"": 0, ""invariant_breaches"": 0, ""trace_nodes_logged"": [""unknown"", ""cleanup"", ""pre_flight"", ""rank"", ""scan"", ""upsert"", ""snapshot"", ""state"", ""gate"", ""invariants""]}}",2026-07-19 09:06:20.835731+00
1047,2026-07-19 09:11:28.183988+00,OK,,7303,1,0,"{""result"": {""status"": ""OK"", ""run_time"": ""2026-07-19T09:11:20.860890+00:00"", ""upserted"": 0, ""signals_ranked"": 2, ""brain_available"": true, ""signals_scanned"": 1, ""signals_approved"": 0, ""signals_excellent"": 0, ""invariant_breaches"": 0, ""trace_nodes_logged"": [""unknown"", ""cleanup"", ""pre_flight"", ""rank"", ""scan"", ""upsert"", ""snapshot"", ""state"", ""gate"", ""invariants""]}}",2026-07-19 09:11:28.184189+00
1048,2026-07-19 09:16:36.104415+00,OK,,7869,1,0,"{""result"": {""status"": ""OK"", ""run_time"": ""2026-07-19T09:16:28.211504+00:00"", ""upserted"": 0, ""signals_ranked"": 2, ""brain_available"": true, ""signals_scanned"": 1, ""signals_approved"": 0, ""signals_excellent"": 0, ""invariant_breaches"": 0, ""trace_nodes_logged"": [""unknown"", ""cleanup"", ""pre_flight"", ""rank"", ""scan"", ""upsert"", ""snapshot"", ""state"", ""gate"", ""invariants""]}}",2026-07-19 09:16:36.10459+00
1049,2026-07-19 09:21:42.680121+00,OK,,6531,1,1,"{""result"": {""status"": ""OK"", ""run_time"": ""2026-07-19T09:21:36.132079+00:00"", ""upserted"": 1, ""signals_ranked"": 2, ""brain_available"": true, ""signals_scanned"": 1, ""signals_approved"": 1, ""signals_excellent"": 0, ""invariant_breaches"": 0, ""trace_nodes_logged"": [""unknown"", ""cleanup"", ""pre_flight"", ""rank"", ""scan"", ""upsert"", ""snapshot"", ""state"", ""gate"", ""invariants""]}}",2026-07-19 09:21:42.680259+00
1050,2026-07-19 09:26:50.707591+00,OK,,7977,1,1,"{""result"": {""status"": ""OK"", ""run_time"": ""2026-07-19T09:26:42.697604+00:00"", ""upserted"": 1, ""signals_ranked"": 2, ""brain_available"": true, ""signals_scanned"": 1, ""signals_approved"": 1, ""signals_excellent"": 0, ""invariant_breaches"": 0, ""trace_nodes_logged"": [""unknown"", ""cleanup"", ""pre_flight"", ""rank"", ""scan"", ""upsert"", ""snapshot"", ""state"", ""gate"", ""invariants""]}}",2026-07-19 09:26:50.70778+00
1051,2026-07-19 09:32:03.445449+00,OK,,12671,1,0,"{""result"": {""status"": ""OK"", ""run_time"": ""2026-07-19T09:31:50.743282+00:00"", ""upserted"": 0, ""signals_ranked"": 2, ""brain_available"": true, ""signals_scanned"": 1, ""signals_approved"": 0, ""signals_excellent"": 0, ""invariant_breaches"": 0, ""trace_nodes_logged"": [""unknown"", ""cleanup"", ""pre_flight"", ""rank"", ""scan"", ""upsert"", ""snapshot"", ""state"", ""gate"", ""invariants""]}}",2026-07-19 09:32:03.44571+00
1052,2026-07-19 09:37:15.697739+00,OK,,12173,1,0,"{""result"": {""status"": ""OK"", ""run_time"": ""2026-07-19T09:37:03.480110+00:00"", ""upserted"": 0, ""signals_ranked"": 2, ""brain_available"": true, ""signals_scanned"": 1, ""signals_approved"": 0, ""signals_excellent"": 0, ""invariant_breaches"": 0, ""trace_nodes_logged"": [""unknown"", ""cleanup"", ""pre_flight"", ""rank"", ""scan"", ""upsert"", ""snapshot"", ""state"", ""gate"", ""invariants""]}}",2026-07-19 09:37:15.697941+00
1053,2026-07-19 09:42:27.664959+00,OK,,11874,1,0,"{""result"": {""status"": ""OK"", ""run_time"": ""2026-07-19T09:42:15.732542+00:00"", ""upserted"": 0, ""signals_ranked"": 2, ""brain_available"": true, ""signals_scanned"": 1, ""signals_approved"": 0, ""signals_excellent"": 0, ""invariant_breaches"": 0, ""trace_nodes_logged"": [""unknown"", ""cleanup"", ""pre_flight"", ""rank"", ""scan"", ""upsert"", ""snapshot"", ""state"", ""gate"", ""invariants""]}}",2026-07-19 09:42:27.665218+00
1054,2026-07-19 09:47:40.8487+00,OK,,13061,1,0,"{""result"": {""status"": ""OK"", ""run_time"": ""2026-07-19T09:47:27.753501+00:00"", ""upserted"": 0, ""signals_ranked"": 2, ""brain_available"": true, ""signals_scanned"": 1, ""signals_approved"": 0, ""signals_excellent"": 0, ""invariant_breaches"": 0, ""trace_nodes_logged"": [""unknown"", ""cleanup"", ""pre_flight"", ""rank"", ""scan"", ""upsert"", ""snapshot"", ""state"", ""gate"", ""invariants""]}}",2026-07-19 09:47:40.848913+00
1055,2026-07-19 09:52:53.905605+00,OK,,12991,1,0,"{""result"": {""status"": ""OK"", ""run_time"": ""2026-07-19T09:52:40.887701+00:00"", ""upserted"": 0, ""signals_ranked"": 2, ""brain_available"": true, ""signals_scanned"": 1, ""signals_approved"": 0, ""signals_excellent"": 0, ""invariant_breaches"": 0, ""trace_nodes_logged"": [""unknown"", ""cleanup"", ""pre_flight"", ""rank"", ""scan"", ""upsert"", ""snapshot"", ""state"", ""gate"", ""invariants""]}}",2026-07-19 09:52:53.905794+00
1056,2026-07-19 09:58:02.55014+00,OK,,8575,1,0,"{""result"": {""status"": ""OK"", ""run_time"": ""2026-07-19T09:57:53.949360+00:00"", ""upserted"": 0, ""signals_ranked"": 2, ""brain_available"": true, ""signals_scanned"": 1, ""signals_approved"": 0, ""signals_excellent"": 0, ""invariant_breaches"": 0, ""trace_nodes_logged"": [""unknown"", ""cleanup"", ""pre_flight"", ""rank"", ""scan"", ""upsert"", ""snapshot"", ""state"", ""gate"", ""invariants""]}}",2026-07-19 09:58:02.550354+00
1057,2026-07-19 10:03:10.524565+00,OK,,7929,0,0,"{""result"": {""status"": ""OK"", ""run_time"": ""2026-07-19T10:03:02.579356+00:00"", ""upserted"": 0, ""signals_ranked"": 2, ""brain_available"": true, ""signals_scanned"": 0, ""signals_approved"": 0, ""signals_excellent"": 0, ""invariant_breaches"": 0, ""trace_nodes_logged"": [""unknown"", ""cleanup"", ""pre_flight"", ""rank"", ""scan"", ""upsert"", ""snapshot"", ""state"", ""gate"", ""invariants""]}}",2026-07-19 10:03:10.524707+00
1058,2026-07-19 10:08:19.300554+00,OK,,8717,0,0,"{""result"": {""status"": ""OK"", ""run_time"": ""2026-07-19T10:08:10.546567+00:00"", ""upserted"": 0, ""signals_ranked"": 2, ""brain_available"": true, ""signals_scanned"": 0, ""signals_approved"": 0, ""signals_excellent"": 0, ""invariant_breaches"": 0, ""trace_nodes_logged"": [""unknown"", ""cleanup"", ""pre_flight"", ""rank"", ""scan"", ""upsert"", ""snapshot"", ""state"", ""gate"", ""invariants""]}}",2026-07-19 10:08:19.300912+00
1059,2026-07-19 10:13:27.771474+00,OK,,8417,0,0,"{""result"": {""status"": ""OK"", ""run_time"": ""2026-07-19T10:13:19.335832+00:00"", ""upserted"": 0, ""signals_ranked"": 2, ""brain_available"": true, ""signals_scanned"": 0, ""signals_approved"": 0, ""signals_excellent"": 0, ""invariant_breaches"": 0, ""trace_nodes_logged"": [""unknown"", ""cleanup"", ""pre_flight"", ""rank"", ""scan"", ""upsert"", ""snapshot"", ""state"", ""gate"", ""invariants""]}}",2026-07-19 10:13:27.771608+00
1060,2026-07-19 10:18:37.664514+00,OK,,9856,0,0,"{""result"": {""status"": ""OK"", ""run_time"": ""2026-07-19T10:18:27.788523+00:00"", ""upserted"": 0, ""signals_ranked"": 2, ""brain_available"": true, ""signals_scanned"": 0, ""signals_approved"": 0, ""signals_excellent"": 0, ""invariant_breaches"": 0, ""trace_nodes_logged"": [""unknown"", ""cleanup"", ""pre_flight"", ""rank"", ""scan"", ""upsert"", ""snapshot"", ""state"", ""gate"", ""invariants""]}}",2026-07-19 10:18:37.664691+00
1061,2026-07-19 10:23:51.464338+00,OK,,13740,0,0,"{""result"": {""status"": ""OK"", ""run_time"": ""2026-07-19T10:23:37.691019+00:00"", ""upserted"": 0, ""signals_ranked"": 2, ""brain_available"": true, ""signals_scanned"": 0, ""signals_approved"": 0, ""signals_excellent"": 0, ""invariant_breaches"": 0, ""trace_nodes_logged"": [""unknown"", ""cleanup"", ""pre_flight"", ""rank"", ""scan"", ""upsert"", ""snapshot"", ""state"", ""gate"", ""invariants""]}}",2026-07-19 10:23:51.464487+00
1062,2026-07-19 10:29:09.956344+00,OK,,18400,0,0,"{""result"": {""status"": ""OK"", ""run_time"": ""2026-07-19T10:28:51.500901+00:00"", ""upserted"": 0, ""signals_ranked"": 2, ""brain_available"": true, ""signals_scanned"": 0, ""signals_approved"": 0, ""signals_excellent"": 0, ""invariant_breaches"": 0, ""trace_nodes_logged"": [""unknown"", ""cleanup"", ""pre_flight"", ""rank"", ""scan"", ""upsert"", ""snapshot"", ""state"", ""gate"", ""invariants""]}}",2026-07-19 10:29:09.956579+00
1063,2026-07-19 10:34:30.34399+00,OK,,20297,0,0,"{""result"": {""status"": ""OK"", ""run_time"": ""2026-07-19T10:34:10.008142+00:00"", ""upserted"": 0, ""signals_ranked"": 2, ""brain_available"": true, ""signals_scanned"": 0, ""signals_approved"": 0, ""signals_excellent"": 0, ""invariant_breaches"": 0, ""trace_nodes_logged"": [""unknown"", ""cleanup"", ""pre_flight"", ""rank"", ""scan"", ""upsert"", ""snapshot"", ""state"", ""gate"", ""invariants""]}}",2026-07-19 10:34:30.346094+00
1064,2026-07-19 10:39:46.494199+00,OK,,16071,0,0,"{""result"": {""status"": ""OK"", ""run_time"": ""2026-07-19T10:39:30.386472+00:00"", ""upserted"": 0, ""signals_ranked"": 2, ""brain_available"": true, ""signals_scanned"": 0, ""signals_approved"": 0, ""signals_excellent"": 0, ""invariant_breaches"": 0, ""trace_nodes_logged"": [""unknown"", ""cleanup"", ""pre_flight"", ""rank"", ""scan"", ""upsert"", ""snapshot"", ""state"", ""gate"", ""invariants""]}}",2026-07-19 10:39:46.494378+00
1065,2026-07-19 10:45:01.520191+00,OK,,14938,0,0,"{""result"": {""status"": ""OK"", ""run_time"": ""2026-07-19T10:44:46.535739+00:00"", ""upserted"": 0, ""signals_ranked"": 2, ""brain_available"": true, ""signals_scanned"": 0, ""signals_approved"": 0, ""signals_excellent"": 0, ""invariant_breaches"": 0, ""trace_nodes_logged"": [""unknown"", ""cleanup"", ""pre_flight"", ""rank"", ""scan"", ""upsert"", ""snapshot"", ""state"", ""gate"", ""invariants""]}}",2026-07-19 10:45:01.520455+00
1066,2026-07-19 10:50:16.736717+00,OK,,15102,0,0,"{""result"": {""status"": ""OK"", ""run_time"": ""2026-07-19T10:50:01.575744+00:00"", ""upserted"": 0, ""signals_ranked"": 2, ""brain_available"": true, ""signals_scanned"": 0, ""signals_approved"": 0, ""signals_excellent"": 0, ""invariant_breaches"": 0, ""trace_nodes_logged"": [""unknown"", ""cleanup"", ""pre_flight"", ""rank"", ""scan"", ""upsert"", ""snapshot"", ""state"", ""gate"", ""invariants""]}}",2026-07-19 10:50:16.737075+00
1067,2026-07-19 10:55:27.009723+00,OK,,10211,0,0,"{""result"": {""status"": ""OK"", ""run_time"": ""2026-07-19T10:55:16.777095+00:00"", ""upserted"": 0, ""signals_ranked"": 2, ""brain_available"": true, ""signals_scanned"": 0, ""signals_approved"": 0, ""signals_excellent"": 0, ""invariant_breaches"": 0, ""trace_nodes_logged"": [""unknown"", ""cleanup"", ""pre_flight"", ""rank"", ""scan"", ""upsert"", ""snapshot"", ""state"", ""gate"", ""invariants""]}}",2026-07-19 10:55:27.009898+00
1068,2026-07-19 11:00:53.485776+00,OK,,26397,0,0,"{""result"": {""status"": ""OK"", ""run_time"": ""2026-07-19T11:00:27.038463+00:00"", ""upserted"": 0, ""signals_ranked"": 2, ""brain_available"": true, ""signals_scanned"": 0, ""signals_approved"": 0, ""signals_excellent"": 0, ""invariant_breaches"": 0, ""trace_nodes_logged"": [""unknown"", ""cleanup"", ""pre_flight"", ""rank"", ""scan"", ""upsert"", ""snapshot"", ""state"", ""gate"", ""invariants""]}}",2026-07-19 11:00:53.487131+00
1069,2026-07-19 11:06:14.126923+00,OK,,20503,0,0,"{""result"": {""status"": ""OK"", ""run_time"": ""2026-07-19T11:05:53.570203+00:00"", ""upserted"": 0, ""signals_ranked"": 2, ""brain_available"": true, ""signals_scanned"": 0, ""signals_approved"": 0, ""signals_excellent"": 0, ""invariant_breaches"": 0, ""trace_nodes_logged"": [""unknown"", ""cleanup"", ""pre_flight"", ""rank"", ""scan"", ""upsert"", ""snapshot"", ""state"", ""gate"", ""invariants""]}}",2026-07-19 11:06:14.128096+00
1070,2026-07-19 11:11:25.985885+00,OK,,11768,0,0,"{""result"": {""status"": ""OK"", ""run_time"": ""2026-07-19T11:11:14.184564+00:00"", ""upserted"": 0, ""signals_ranked"": 2, ""brain_available"": true, ""signals_scanned"": 0, ""signals_approved"": 0, ""signals_excellent"": 0, ""invariant_breaches"": 0, ""trace_nodes_logged"": [""unknown"", ""cleanup"", ""pre_flight"", ""rank"", ""scan"", ""upsert"", ""snapshot"", ""state"", ""gate"", ""invariants""]}}",2026-07-19 11:11:25.988158+00
1071,2026-07-19 11:16:34.615501+00,OK,,8586,1,0,"{""result"": {""status"": ""OK"", ""run_time"": ""2026-07-19T11:16:26.014468+00:00"", ""upserted"": 0, ""signals_ranked"": 2, ""brain_available"": true, ""signals_scanned"": 1, ""signals_approved"": 0, ""signals_excellent"": 0, ""invariant_breaches"": 0, ""trace_nodes_logged"": [""unknown"", ""cleanup"", ""pre_flight"", ""rank"", ""scan"", ""upsert"", ""snapshot"", ""state"", ""gate"", ""invariants""]}}",2026-07-19 11:16:34.615634+00
1072,2026-07-19 11:21:47.052534+00,OK,,12391,2,0,"{""result"": {""status"": ""OK"", ""run_time"": ""2026-07-19T11:21:34.635824+00:00"", ""upserted"": 0, ""signals_ranked"": 3, ""brain_available"": true, ""signals_scanned"": 2, ""signals_approved"": 0, ""signals_excellent"": 0, ""invariant_breaches"": 0, ""trace_nodes_logged"": [""unknown"", ""cleanup"", ""pre_flight"", ""rank"", ""scan"", ""upsert"", ""snapshot"", ""state"", ""gate"", ""invariants""]}}",2026-07-19 11:21:47.052731+00
1073,2026-07-19 11:26:54.647404+00,OK,,7551,2,0,"{""result"": {""status"": ""OK"", ""run_time"": ""2026-07-19T11:26:47.079260+00:00"", ""upserted"": 0, ""signals_ranked"": 3, ""brain_available"": true, ""signals_scanned"": 2, ""signals_approved"": 0, ""signals_excellent"": 0, ""invariant_breaches"": 0, ""trace_nodes_logged"": [""unknown"", ""cleanup"", ""pre_flight"", ""rank"", ""scan"", ""upsert"", ""snapshot"", ""state"", ""gate"", ""invariants""]}}",2026-07-19 11:26:54.647545+00
1074,2026-07-19 11:32:08.5339+00,OK,,13832,2,0,"{""result"": {""status"": ""OK"", ""run_time"": ""2026-07-19T11:31:54.666800+00:00"", ""upserted"": 0, ""signals_ranked"": 3, ""brain_available"": true, ""signals_scanned"": 2, ""signals_approved"": 0, ""signals_excellent"": 0, ""invariant_breaches"": 0, ""trace_nodes_logged"": [""unknown"", ""cleanup"", ""pre_flight"", ""rank"", ""scan"", ""upsert"", ""snapshot"", ""state"", ""gate"", ""invariants""]}}",2026-07-19 11:32:08.534131+00
1075,2026-07-19 11:37:15.43387+00,OK,,6822,2,0,"{""result"": {""status"": ""OK"", ""run_time"": ""2026-07-19T11:37:08.573363+00:00"", ""upserted"": 0, ""signals_ranked"": 3, ""brain_available"": true, ""signals_scanned"": 2, ""signals_approved"": 0, ""signals_excellent"": 0, ""invariant_breaches"": 0, ""trace_nodes_logged"": [""unknown"", ""cleanup"", ""pre_flight"", ""rank"", ""scan"", ""upsert"", ""snapshot"", ""state"", ""gate"", ""invariants""]}}",2026-07-19 11:37:15.434106+00
1076,2026-07-19 11:42:28.556144+00,OK,,13063,2,0,"{""result"": {""status"": ""OK"", ""run_time"": ""2026-07-19T11:42:15.459618+00:00"", ""upserted"": 0, ""signals_ranked"": 3, ""brain_available"": true, ""signals_scanned"": 2, ""signals_approved"": 0, ""signals_excellent"": 0, ""invariant_breaches"": 0, ""trace_nodes_logged"": [""unknown"", ""cleanup"", ""pre_flight"", ""rank"", ""scan"", ""upsert"", ""snapshot"", ""state"", ""gate"", ""invariants""]}}",2026-07-19 11:42:28.556336+00
1077,2026-07-19 11:47:35.822115+00,OK,,7211,0,0,"{""result"": {""status"": ""OK"", ""run_time"": ""2026-07-19T11:47:28.591508+00:00"", ""upserted"": 0, ""signals_ranked"": 3, ""brain_available"": true, ""signals_scanned"": 0, ""signals_approved"": 0, ""signals_excellent"": 0, ""invariant_breaches"": 0, ""trace_nodes_logged"": [""unknown"", ""cleanup"", ""pre_flight"", ""rank"", ""scan"", ""upsert"", ""snapshot"", ""state"", ""gate"", ""invariants""]}}",2026-07-19 11:47:35.823123+00
1078,2026-07-19 11:52:45.911523+00,OK,,10035,0,0,"{""result"": {""status"": ""OK"", ""run_time"": ""2026-07-19T11:52:35.852726+00:00"", ""upserted"": 0, ""signals_ranked"": 3, ""brain_available"": true, ""signals_scanned"": 0, ""signals_approved"": 0, ""signals_excellent"": 0, ""invariant_breaches"": 0, ""trace_nodes_logged"": [""unknown"", ""cleanup"", ""pre_flight"", ""rank"", ""scan"", ""upsert"", ""snapshot"", ""state"", ""gate"", ""invariants""]}}",2026-07-19 11:52:45.911888+00
1079,2026-07-19 11:57:56.963137+00,OK,,10986,0,0,"{""result"": {""status"": ""OK"", ""run_time"": ""2026-07-19T11:57:45.946666+00:00"", ""upserted"": 0, ""signals_ranked"": 3, ""brain_available"": true, ""signals_scanned"": 0, ""signals_approved"": 0, ""signals_excellent"": 0, ""invariant_breaches"": 0, ""trace_nodes_logged"": [""unknown"", ""cleanup"", ""pre_flight"", ""rank"", ""scan"", ""upsert"", ""snapshot"", ""state"", ""gate"", ""invariants""]}}",2026-07-19 11:57:56.963351+00
1080,2026-07-19 12:03:08.832331+00,OK,,11810,0,0,"{""result"": {""status"": ""OK"", ""run_time"": ""2026-07-19T12:02:56.994502+00:00"", ""upserted"": 0, ""signals_ranked"": 2, ""brain_available"": true, ""signals_scanned"": 0, ""signals_approved"": 0, ""signals_excellent"": 0, ""invariant_breaches"": 0, ""trace_nodes_logged"": [""unknown"", ""cleanup"", ""pre_flight"", ""rank"", ""scan"", ""upsert"", ""snapshot"", ""state"", ""gate"", ""invariants""]}}",2026-07-19 12:03:08.832577+00
1081,2026-07-19 12:08:16.245135+00,OK,,7363,0,0,"{""result"": {""status"": ""OK"", ""run_time"": ""2026-07-19T12:08:08.864936+00:00"", ""upserted"": 0, ""signals_ranked"": 2, ""brain_available"": true, ""signals_scanned"": 0, ""signals_approved"": 0, ""signals_excellent"": 0, ""invariant_breaches"": 0, ""trace_nodes_logged"": [""unknown"", ""cleanup"", ""pre_flight"", ""rank"", ""scan"", ""upsert"", ""snapshot"", ""state"", ""gate"", ""invariants""]}}",2026-07-19 12:08:16.245279+00
1082,2026-07-19 12:13:23.793694+00,OK,,7512,0,0,"{""result"": {""status"": ""OK"", ""run_time"": ""2026-07-19T12:13:16.264621+00:00"", ""upserted"": 0, ""signals_ranked"": 2, ""brain_available"": true, ""signals_scanned"": 0, ""signals_approved"": 0, ""signals_excellent"": 0, ""invariant_breaches"": 0, ""trace_nodes_logged"": [""unknown"", ""cleanup"", ""pre_flight"", ""rank"", ""scan"", ""upsert"", ""snapshot"", ""state"", ""gate"", ""invariants""]}}",2026-07-19 12:13:23.79385+00
1083,2026-07-19 12:18:31.376883+00,OK,,7539,0,0,"{""result"": {""status"": ""OK"", ""run_time"": ""2026-07-19T12:18:23.813546+00:00"", ""upserted"": 0, ""signals_ranked"": 2, ""brain_available"": true, ""signals_scanned"": 0, ""signals_approved"": 0, ""signals_excellent"": 0, ""invariant_breaches"": 0, ""trace_nodes_logged"": [""unknown"", ""cleanup"", ""pre_flight"", ""rank"", ""scan"", ""upsert"", ""snapshot"", ""state"", ""gate"", ""invariants""]}}",2026-07-19 12:18:31.377078+00
1084,2026-07-19 12:23:38.349997+00,OK,,6926,0,0,"{""result"": {""status"": ""OK"", ""run_time"": ""2026-07-19T12:23:31.402979+00:00"", ""upserted"": 0, ""signals_ranked"": 2, ""brain_available"": true, ""signals_scanned"": 0, ""signals_approved"": 0, ""signals_excellent"": 0, ""invariant_breaches"": 0, ""trace_nodes_logged"": [""unknown"", ""cleanup"", ""pre_flight"", ""rank"", ""scan"", ""upsert"", ""snapshot"", ""state"", ""gate"", ""invariants""]}}",2026-07-19 12:23:38.350187+00
1085,2026-07-19 12:28:44.101088+00,OK,,5693,0,0,"{""result"": {""status"": ""OK"", ""run_time"": ""2026-07-19T12:28:38.384690+00:00"", ""upserted"": 0, ""signals_ranked"": 2, ""brain_available"": true, ""signals_scanned"": 0, ""signals_approved"": 0, ""signals_excellent"": 0, ""invariant_breaches"": 0, ""trace_nodes_logged"": [""unknown"", ""cleanup"", ""pre_flight"", ""rank"", ""scan"", ""upsert"", ""snapshot"", ""state"", ""gate"", ""invariants""]}}",2026-07-19 12:28:44.101289+00
1086,2026-07-19 12:33:55.902654+00,OK,,11745,0,0,"{""result"": {""status"": ""OK"", ""run_time"": ""2026-07-19T12:33:44.126328+00:00"", ""upserted"": 0, ""signals_ranked"": 2, ""brain_available"": true, ""signals_scanned"": 0, ""signals_approved"": 0, ""signals_excellent"": 0, ""invariant_breaches"": 0, ""trace_nodes_logged"": [""unknown"", ""cleanup"", ""pre_flight"", ""rank"", ""scan"", ""upsert"", ""snapshot"", ""state"", ""gate"", ""invariants""]}}",2026-07-19 12:33:55.902882+00
1087,2026-07-19 12:39:07.579947+00,OK,,11614,0,0,"{""result"": {""status"": ""OK"", ""run_time"": ""2026-07-19T12:38:55.936360+00:00"", ""upserted"": 0, ""signals_ranked"": 2, ""brain_available"": true, ""signals_scanned"": 0, ""signals_approved"": 0, ""signals_excellent"": 0, ""invariant_breaches"": 0, ""trace_nodes_logged"": [""unknown"", ""cleanup"", ""pre_flight"", ""rank"", ""scan"", ""upsert"", ""snapshot"", ""state"", ""gate"", ""invariants""]}}",2026-07-19 12:39:07.580274+00
1088,2026-07-19 12:44:19.371416+00,OK,,11728,0,0,"{""result"": {""status"": ""OK"", ""run_time"": ""2026-07-19T12:44:07.613078+00:00"", ""upserted"": 0, ""signals_ranked"": 2, ""brain_available"": true, ""signals_scanned"": 0, ""signals_approved"": 0, ""signals_excellent"": 0, ""invariant_breaches"": 0, ""trace_nodes_logged"": [""unknown"", ""cleanup"", ""pre_flight"", ""rank"", ""scan"", ""upsert"", ""snapshot"", ""state"", ""gate"", ""invariants""]}}",2026-07-19 12:44:19.371645+00
1089,2026-07-19 12:49:26.31189+00,OK,,6893,1,0,"{""result"": {""status"": ""OK"", ""run_time"": ""2026-07-19T12:49:19.398133+00:00"", ""upserted"": 0, ""signals_ranked"": 2, ""brain_available"": true, ""signals_scanned"": 1, ""signals_approved"": 0, ""signals_excellent"": 0, ""invariant_breaches"": 0, ""trace_nodes_logged"": [""unknown"", ""cleanup"", ""pre_flight"", ""rank"", ""scan"", ""upsert"", ""snapshot"", ""state"", ""gate"", ""invariants""]}}",2026-07-19 12:49:26.312107+00
1090,2026-07-19 12:54:32.924294+00,OK,,6563,1,0,"{""result"": {""status"": ""OK"", ""run_time"": ""2026-07-19T12:54:26.339282+00:00"", ""upserted"": 0, ""signals_ranked"": 2, ""brain_available"": true, ""signals_scanned"": 1, ""signals_approved"": 0, ""signals_excellent"": 0, ""invariant_breaches"": 0, ""trace_nodes_logged"": [""unknown"", ""cleanup"", ""pre_flight"", ""rank"", ""scan"", ""upsert"", ""snapshot"", ""state"", ""gate"", ""invariants""]}}",2026-07-19 12:54:32.924484+00
1091,2026-07-19 12:59:44.353472+00,OK,,11376,1,0,"{""result"": {""status"": ""OK"", ""run_time"": ""2026-07-19T12:59:32.952473+00:00"", ""upserted"": 0, ""signals_ranked"": 2, ""brain_available"": true, ""signals_scanned"": 1, ""signals_approved"": 0, ""signals_excellent"": 0, ""invariant_breaches"": 0, ""trace_nodes_logged"": [""unknown"", ""cleanup"", ""pre_flight"", ""rank"", ""scan"", ""upsert"", ""snapshot"", ""state"", ""gate"", ""invariants""]}}",2026-07-19 12:59:44.353724+00
1092,2026-07-19 13:04:57.058369+00,OK,,12611,1,0,"{""result"": {""status"": ""OK"", ""run_time"": ""2026-07-19T13:04:44.396118+00:00"", ""upserted"": 0, ""signals_ranked"": 2, ""brain_available"": true, ""signals_scanned"": 1, ""signals_approved"": 0, ""signals_excellent"": 0, ""invariant_breaches"": 0, ""trace_nodes_logged"": [""unknown"", ""cleanup"", ""pre_flight"", ""rank"", ""scan"", ""upsert"", ""snapshot"", ""state"", ""gate"", ""invariants""]}}",2026-07-19 13:04:57.058588+00
1093,2026-07-19 13:10:11.738478+00,OK,,14589,1,0,"{""result"": {""status"": ""OK"", ""run_time"": ""2026-07-19T13:09:57.091938+00:00"", ""upserted"": 0, ""signals_ranked"": 2, ""brain_available"": true, ""signals_scanned"": 1, ""signals_approved"": 0, ""signals_excellent"": 0, ""invariant_breaches"": 0, ""trace_nodes_logged"": [""unknown"", ""cleanup"", ""pre_flight"", ""rank"", ""scan"", ""upsert"", ""snapshot"", ""state"", ""gate"", ""invariants""]}}",2026-07-19 13:10:11.738731+00
1094,2026-07-19 13:15:23.599544+00,OK,,11736,0,0,"{""result"": {""status"": ""OK"", ""run_time"": ""2026-07-19T13:15:11.781283+00:00"", ""upserted"": 0, ""signals_ranked"": 2, ""brain_available"": true, ""signals_scanned"": 0, ""signals_approved"": 0, ""signals_excellent"": 0, ""invariant_breaches"": 0, ""trace_nodes_logged"": [""unknown"", ""cleanup"", ""pre_flight"", ""rank"", ""scan"", ""upsert"", ""snapshot"", ""state"", ""gate"", ""invariants""]}}",2026-07-19 13:15:23.599748+00
1095,2026-07-19 13:20:31.477598+00,OK,,7806,0,0,"{""result"": {""status"": ""OK"", ""run_time"": ""2026-07-19T13:20:23.651584+00:00"", ""upserted"": 0, ""signals_ranked"": 2, ""brain_available"": true, ""signals_scanned"": 0, ""signals_approved"": 0, ""signals_excellent"": 0, ""invariant_breaches"": 0, ""trace_nodes_logged"": [""unknown"", ""cleanup"", ""pre_flight"", ""rank"", ""scan"", ""upsert"", ""snapshot"", ""state"", ""gate"", ""invariants""]}}",2026-07-19 13:20:31.477772+00
1096,2026-07-19 13:25:53.833679+00,OK,,21947,0,0,"{""result"": {""status"": ""OK"", ""run_time"": ""2026-07-19T13:25:31.505154+00:00"", ""upserted"": 0, ""signals_ranked"": 2, ""brain_available"": true, ""signals_scanned"": 0, ""signals_approved"": 0, ""signals_excellent"": 0, ""invariant_breaches"": 0, ""trace_nodes_logged"": [""unknown"", ""cleanup"", ""pre_flight"", ""rank"", ""scan"", ""upsert"", ""snapshot"", ""state"", ""gate"", ""invariants""]}}",2026-07-19 13:25:53.834974+00
1097,2026-07-19 13:31:11.21216+00,OK,,17141,0,0,"{""result"": {""status"": ""OK"", ""run_time"": ""2026-07-19T13:30:54.001639+00:00"", ""upserted"": 0, ""signals_ranked"": 2, ""brain_available"": true, ""signals_scanned"": 0, ""signals_approved"": 0, ""signals_excellent"": 0, ""invariant_breaches"": 0, ""trace_nodes_logged"": [""unknown"", ""cleanup"", ""pre_flight"", ""rank"", ""scan"", ""upsert"", ""snapshot"", ""state"", ""gate"", ""invariants""]}}",2026-07-19 13:31:11.212883+00
1098,2026-07-19 13:36:21.30319+00,OK,,10010,0,0,"{""result"": {""status"": ""OK"", ""run_time"": ""2026-07-19T13:36:11.275860+00:00"", ""upserted"": 0, ""signals_ranked"": 2, ""brain_available"": true, ""signals_scanned"": 0, ""signals_approved"": 0, ""signals_excellent"": 0, ""invariant_breaches"": 0, ""trace_nodes_logged"": [""unknown"", ""cleanup"", ""pre_flight"", ""rank"", ""scan"", ""upsert"", ""snapshot"", ""state"", ""gate"", ""invariants""]}}",2026-07-19 13:36:21.303662+00
1099,2026-07-19 13:41:29.403555+00,OK,,8057,0,0,"{""result"": {""status"": ""OK"", ""run_time"": ""2026-07-19T13:41:21.322639+00:00"", ""upserted"": 0, ""signals_ranked"": 2, ""brain_available"": true, ""signals_scanned"": 0, ""signals_approved"": 0, ""signals_excellent"": 0, ""invariant_breaches"": 0, ""trace_nodes_logged"": [""unknown"", ""cleanup"", ""pre_flight"", ""rank"", ""scan"", ""upsert"", ""snapshot"", ""state"", ""gate"", ""invariants""]}}",2026-07-19 13:41:29.403698+00
1100,2026-07-19 13:46:36.897123+00,OK,,7447,0,0,"{""result"": {""status"": ""OK"", ""run_time"": ""2026-07-19T13:46:29.429856+00:00"", ""upserted"": 0, ""signals_ranked"": 1, ""brain_available"": true, ""signals_scanned"": 0, ""signals_approved"": 0, ""signals_excellent"": 0, ""invariant_breaches"": 0, ""trace_nodes_logged"": [""unknown"", ""cleanup"", ""pre_flight"", ""rank"", ""scan"", ""upsert"", ""snapshot"", ""state"", ""gate"", ""invariants""]}}",2026-07-19 13:46:36.897298+00
1101,2026-07-19 13:51:44.856404+00,OK,,7910,1,1,"{""result"": {""status"": ""OK"", ""run_time"": ""2026-07-19T13:51:36.924585+00:00"", ""upserted"": 1, ""signals_ranked"": 1, ""brain_available"": true, ""signals_scanned"": 1, ""signals_approved"": 1, ""signals_excellent"": 0, ""invariant_breaches"": 0, ""trace_nodes_logged"": [""unknown"", ""cleanup"", ""pre_flight"", ""rank"", ""scan"", ""upsert"", ""snapshot"", ""state"", ""gate"", ""invariants""]}}",2026-07-19 13:51:44.856578+00
1102,2026-07-19 13:56:53.489956+00,OK,,8582,1,0,"{""result"": {""status"": ""OK"", ""run_time"": ""2026-07-19T13:56:44.891688+00:00"", ""upserted"": 0, ""signals_ranked"": 1, ""brain_available"": true, ""signals_scanned"": 1, ""signals_approved"": 0, ""signals_excellent"": 0, ""invariant_breaches"": 0, ""trace_nodes_logged"": [""unknown"", ""cleanup"", ""pre_flight"", ""rank"", ""scan"", ""upsert"", ""snapshot"", ""state"", ""gate"", ""invariants""]}}",2026-07-19 13:56:53.490153+00
1103,2026-07-19 14:02:05.086784+00,OK,,11542,1,0,"{""result"": {""status"": ""OK"", ""run_time"": ""2026-07-19T14:01:53.512859+00:00"", ""upserted"": 0, ""signals_ranked"": 1, ""brain_available"": true, ""signals_scanned"": 1, ""signals_approved"": 0, ""signals_excellent"": 0, ""invariant_breaches"": 0, ""trace_nodes_logged"": [""unknown"", ""cleanup"", ""pre_flight"", ""rank"", ""scan"", ""upsert"", ""snapshot"", ""state"", ""gate"", ""invariants""]}}",2026-07-19 14:02:05.086999+00
1104,2026-07-19 14:07:13.779044+00,OK,,8640,1,0,"{""result"": {""status"": ""OK"", ""run_time"": ""2026-07-19T14:07:05.121031+00:00"", ""upserted"": 0, ""signals_ranked"": 1, ""brain_available"": true, ""signals_scanned"": 1, ""signals_approved"": 0, ""signals_excellent"": 0, ""invariant_breaches"": 0, ""trace_nodes_logged"": [""unknown"", ""cleanup"", ""pre_flight"", ""rank"", ""scan"", ""upsert"", ""snapshot"", ""state"", ""gate"", ""invariants""]}}",2026-07-19 14:07:13.779223+00
1105,2026-07-19 14:12:23.515042+00,OK,,9688,1,0,"{""result"": {""status"": ""OK"", ""run_time"": ""2026-07-19T14:12:13.800947+00:00"", ""upserted"": 0, ""signals_ranked"": 1, ""brain_available"": true, ""signals_scanned"": 1, ""signals_approved"": 0, ""signals_excellent"": 0, ""invariant_breaches"": 0, ""trace_nodes_logged"": [""unknown"", ""cleanup"", ""pre_flight"", ""rank"", ""scan"", ""upsert"", ""snapshot"", ""state"", ""gate"", ""invariants""]}}",2026-07-19 14:12:23.51524+00
1106,2026-07-19 14:17:34.560759+00,OK,,10990,1,0,"{""result"": {""status"": ""OK"", ""run_time"": ""2026-07-19T14:17:23.543208+00:00"", ""upserted"": 0, ""signals_ranked"": 1, ""brain_available"": true, ""signals_scanned"": 1, ""signals_approved"": 0, ""signals_excellent"": 0, ""invariant_breaches"": 0, ""trace_nodes_logged"": [""unknown"", ""cleanup"", ""pre_flight"", ""rank"", ""scan"", ""upsert"", ""snapshot"", ""state"", ""gate"", ""invariants""]}}",2026-07-19 14:17:34.56095+00
1107,2026-07-19 14:22:48.145211+00,OK,,13501,1,0,"{""result"": {""status"": ""OK"", ""run_time"": ""2026-07-19T14:22:34.609609+00:00"", ""upserted"": 0, ""signals_ranked"": 1, ""brain_available"": true, ""signals_scanned"": 1, ""signals_approved"": 0, ""signals_excellent"": 0, ""invariant_breaches"": 0, ""trace_nodes_logged"": [""unknown"", ""cleanup"", ""pre_flight"", ""rank"", ""scan"", ""upsert"", ""snapshot"", ""state"", ""gate"", ""invariants""]}}",2026-07-19 14:22:48.145425+00
1108,2026-07-19 14:28:45.375206+00,OK,,57096,1,0,"{""result"": {""status"": ""OK"", ""run_time"": ""2026-07-19T14:27:48.188695+00:00"", ""upserted"": 0, ""signals_ranked"": 1, ""brain_available"": true, ""signals_scanned"": 1, ""signals_approved"": 0, ""signals_excellent"": 0, ""invariant_breaches"": 0, ""trace_nodes_logged"": [""unknown"", ""cleanup"", ""pre_flight"", ""rank"", ""scan"", ""upsert"", ""snapshot"", ""state"", ""gate"", ""invariants""]}}",2026-07-19 14:28:45.375393+00
1109,2026-07-19 15:40:00.901549+00,ABORTED,pre_flight_failed,1024,0,0,"{""result"": {""reason"": ""pre_flight_failed"", ""status"": ""ABORTED""}}",2026-07-19 15:40:00.902213+00
1110,2026-07-19 15:49:36.472139+00,OK,,275398,2,1,"{""result"": {""status"": ""OK"", ""run_time"": ""2026-07-19T15:45:00.980883+00:00"", ""upserted"": 1, ""signals_ranked"": 2, ""brain_available"": true, ""signals_scanned"": 2, ""signals_approved"": 1, ""signals_excellent"": 0, ""invariant_breaches"": 0, ""trace_nodes_logged"": [""state"", ""pre_flight"", ""rank"", ""unknown"", ""upsert"", ""invariants"", ""snapshot"", ""scan"", ""gate"", ""cleanup""]}}",2026-07-19 15:49:36.474112+00
1111,2026-07-19 15:55:05.935221+00,ERROR,,29154,0,0,"{""result"": {""reason"": ""connection to server at \""vlthr-postgres\"" (172.18.0.4), port 6543 failed: Connection refused\n\tIs the server running on that host and accepting TCP/IP connections?\n"", ""status"": ""ERROR""}}",2026-07-19 15:55:05.936155+00
1112,2026-07-19 16:04:17.798457+00,OK,,251043,2,0,"{""result"": {""status"": ""OK"", ""run_time"": ""2026-07-19T16:00:06.335012+00:00"", ""upserted"": 0, ""signals_ranked"": 2, ""brain_available"": true, ""signals_scanned"": 2, ""signals_approved"": 0, ""signals_excellent"": 0, ""invariant_breaches"": 0, ""trace_nodes_logged"": [""state"", ""pre_flight"", ""rank"", ""unknown"", ""upsert"", ""invariants"", ""snapshot"", ""scan"", ""gate"", ""cleanup""]}}",2026-07-19 16:04:17.801504+00
1113,2026-07-19 16:22:42.644633+00,ABORTED,pre_flight_failed,1171,0,0,"{""result"": {""reason"": ""pre_flight_failed"", ""status"": ""ABORTED""}}",2026-07-19 16:22:42.6456+00
1114,2026-07-19 16:27:43.495269+00,ABORTED,pre_flight_failed,740,0,0,"{""result"": {""reason"": ""pre_flight_failed"", ""status"": ""ABORTED""}}",2026-07-19 16:27:43.515204+00
1115,2026-07-19 16:32:43.767073+00,ABORTED,pre_flight_failed,202,0,0,"{""result"": {""reason"": ""pre_flight_failed"", ""status"": ""ABORTED""}}",2026-07-19 16:32:43.767273+00
1116,2026-07-19 16:37:44.154364+00,ABORTED,pre_flight_failed,326,0,0,"{""result"": {""reason"": ""pre_flight_failed"", ""status"": ""ABORTED""}}",2026-07-19 16:37:44.154528+00
1117,2026-07-19 16:42:44.62616+00,ABORTED,pre_flight_failed,407,0,0,"{""result"": {""reason"": ""pre_flight_failed"", ""status"": ""ABORTED""}}",2026-07-19 16:42:44.629745+00
1118,2026-07-19 16:47:45.05061+00,ABORTED,pre_flight_failed,325,0,0,"{""result"": {""reason"": ""pre_flight_failed"", ""status"": ""ABORTED""}}",2026-07-19 16:47:45.056209+00
1119,2026-07-19 16:52:45.438276+00,ABORTED,pre_flight_failed,311,0,0,"{""result"": {""reason"": ""pre_flight_failed"", ""status"": ""ABORTED""}}",2026-07-19 16:52:45.438512+00
1120,2026-07-19 16:58:13.225731+00,ABORTED,pre_flight_failed,800,0,0,"{""result"": {""reason"": ""pre_flight_failed"", ""status"": ""ABORTED""}}",2026-07-19 16:58:13.226004+00
1121,2026-07-19 17:03:13.627964+00,ABORTED,pre_flight_failed,288,0,0,"{""result"": {""reason"": ""pre_flight_failed"", ""status"": ""ABORTED""}}",2026-07-19 17:03:13.628187+00
1122,2026-07-19 17:08:14.750349+00,ABORTED,pre_flight_failed,1012,0,0,"{""result"": {""reason"": ""pre_flight_failed"", ""status"": ""ABORTED""}}",2026-07-19 17:08:14.754489+00
1123,2026-07-19 17:13:15.029095+00,ABORTED,pre_flight_failed,210,0,0,"{""result"": {""reason"": ""pre_flight_failed"", ""status"": ""ABORTED""}}",2026-07-19 17:13:15.032705+00
1124,2026-07-19 17:18:15.523428+00,ABORTED,pre_flight_failed,420,0,0,"{""result"": {""reason"": ""pre_flight_failed"", ""status"": ""ABORTED""}}",2026-07-19 17:18:15.525069+00
1125,2026-07-19 17:23:15.836079+00,ABORTED,pre_flight_failed,233,0,0,"{""result"": {""reason"": ""pre_flight_failed"", ""status"": ""ABORTED""}}",2026-07-19 17:23:15.837845+00
1126,2026-07-19 17:28:16.149142+00,ABORTED,pre_flight_failed,226,0,0,"{""result"": {""reason"": ""pre_flight_failed"", ""status"": ""ABORTED""}}",2026-07-19 17:28:16.151049+00
1127,2026-07-19 17:33:16.622392+00,ABORTED,pre_flight_failed,397,0,0,"{""result"": {""reason"": ""pre_flight_failed"", ""status"": ""ABORTED""}}",2026-07-19 17:33:16.624564+00
1128,2026-07-19 17:38:17.101568+00,ABORTED,pre_flight_failed,368,0,0,"{""result"": {""reason"": ""pre_flight_failed"", ""status"": ""ABORTED""}}",2026-07-19 17:38:17.103857+00
1129,2026-07-19 17:43:48.175685+00,OK,,30978,0,0,"{""result"": {""status"": ""OK"", ""run_time"": ""2026-07-19T17:43:17.154375+00:00"", ""upserted"": 0, ""signals_ranked"": 2, ""brain_available"": true, ""signals_scanned"": 0, ""signals_approved"": 0, ""signals_excellent"": 0, ""invariant_breaches"": 0, ""trace_nodes_logged"": [""pre_flight"", ""snapshot"", ""cleanup"", ""state"", ""rank"", ""upsert"", ""scan"", ""gate"", ""unknown"", ""invariants""]}}",2026-07-19 17:43:48.178312+00
1130,2026-07-20 11:18:12.309631+00,OK,,13804,1,0,"{""result"": {""status"": ""OK"", ""run_time"": ""2026-07-20T11:17:58.460656+00:00"", ""upserted"": 0, ""signals_ranked"": 1, ""brain_available"": true, ""signals_scanned"": 1, ""signals_approved"": 0, ""signals_excellent"": 0, ""invariant_breaches"": 0, ""trace_nodes_logged"": [""snapshot"", ""pre_flight"", ""scan"", ""gate"", ""state"", ""unknown"", ""upsert"", ""invariants"", ""cleanup"", ""rank""]}}",2026-07-20 11:18:12.309864+00
1131,2026-07-20 11:23:26.202829+00,OK,,13767,1,0,"{""result"": {""status"": ""OK"", ""run_time"": ""2026-07-20T11:23:12.400765+00:00"", ""upserted"": 0, ""signals_ranked"": 1, ""brain_available"": true, ""signals_scanned"": 1, ""signals_approved"": 0, ""signals_excellent"": 0, ""invariant_breaches"": 0, ""trace_nodes_logged"": [""snapshot"", ""pre_flight"", ""scan"", ""gate"", ""state"", ""unknown"", ""upsert"", ""invariants"", ""cleanup"", ""rank""]}}",2026-07-20 11:23:26.206848+00
1132,2026-07-20 11:28:40.581518+00,OK,,14292,2,1,"{""result"": {""status"": ""OK"", ""run_time"": ""2026-07-20T11:28:26.252096+00:00"", ""upserted"": 1, ""signals_ranked"": 2, ""brain_available"": true, ""signals_scanned"": 2, ""signals_approved"": 1, ""signals_excellent"": 0, ""invariant_breaches"": 0, ""trace_nodes_logged"": [""snapshot"", ""pre_flight"", ""scan"", ""gate"", ""state"", ""unknown"", ""upsert"", ""invariants"", ""cleanup"", ""rank""]}}",2026-07-20 11:28:40.583855+00
1133,2026-07-20 11:33:58.945029+00,OK,,18299,2,0,"{""result"": {""status"": ""OK"", ""run_time"": ""2026-07-20T11:33:40.611389+00:00"", ""upserted"": 0, ""signals_ranked"": 2, ""brain_available"": true, ""signals_scanned"": 2, ""signals_approved"": 0, ""signals_excellent"": 0, ""invariant_breaches"": 0, ""trace_nodes_logged"": [""snapshot"", ""pre_flight"", ""scan"", ""gate"", ""state"", ""unknown"", ""upsert"", ""invariants"", ""cleanup"", ""rank""]}}",2026-07-20 11:33:58.945252+00
1134,2026-07-20 11:39:15.0617+00,OK,,16033,2,0,"{""result"": {""status"": ""OK"", ""run_time"": ""2026-07-20T11:38:58.994520+00:00"", ""upserted"": 0, ""signals_ranked"": 3, ""brain_available"": true, ""signals_scanned"": 2, ""signals_approved"": 0, ""signals_excellent"": 0, ""invariant_breaches"": 0, ""trace_nodes_logged"": [""snapshot"", ""pre_flight"", ""scan"", ""gate"", ""state"", ""unknown"", ""upsert"", ""invariants"", ""cleanup"", ""rank""]}}",2026-07-20 11:39:15.061952+00
1135,2026-07-20 11:44:30.554017+00,OK,,15425,2,1,"{""result"": {""status"": ""OK"", ""run_time"": ""2026-07-20T11:44:15.088644+00:00"", ""upserted"": 1, ""signals_ranked"": 3, ""brain_available"": true, ""signals_scanned"": 2, ""signals_approved"": 1, ""signals_excellent"": 0, ""invariant_breaches"": 0, ""trace_nodes_logged"": [""snapshot"", ""pre_flight"", ""scan"", ""gate"", ""state"", ""unknown"", ""upsert"", ""invariants"", ""cleanup"", ""rank""]}}",2026-07-20 11:44:30.554899+00
1136,2026-07-20 11:49:49.762879+00,OK,,19140,1,0,"{""result"": {""status"": ""OK"", ""run_time"": ""2026-07-20T11:49:30.595724+00:00"", ""upserted"": 0, ""signals_ranked"": 3, ""brain_available"": true, ""signals_scanned"": 1, ""signals_approved"": 0, ""signals_excellent"": 0, ""invariant_breaches"": 0, ""trace_nodes_logged"": [""snapshot"", ""pre_flight"", ""scan"", ""gate"", ""state"", ""unknown"", ""upsert"", ""invariants"", ""cleanup"", ""rank""]}}",2026-07-20 11:49:49.763082+00
1137,2026-07-20 11:55:06.794497+00,OK,,16959,1,0,"{""result"": {""status"": ""OK"", ""run_time"": ""2026-07-20T11:54:49.793294+00:00"", ""upserted"": 0, ""signals_ranked"": 3, ""brain_available"": true, ""signals_scanned"": 1, ""signals_approved"": 0, ""signals_excellent"": 0, ""invariant_breaches"": 0, ""trace_nodes_logged"": [""snapshot"", ""pre_flight"", ""scan"", ""gate"", ""state"", ""unknown"", ""upsert"", ""invariants"", ""cleanup"", ""rank""]}}",2026-07-20 11:55:06.794709+00
1138,2026-07-20 12:00:24.957936+00,OK,,18074,2,0,"{""result"": {""status"": ""OK"", ""run_time"": ""2026-07-20T12:00:06.846847+00:00"", ""upserted"": 0, ""signals_ranked"": 3, ""brain_available"": true, ""signals_scanned"": 2, ""signals_approved"": 0, ""signals_excellent"": 0, ""invariant_breaches"": 0, ""trace_nodes_logged"": [""snapshot"", ""pre_flight"", ""scan"", ""gate"", ""state"", ""unknown"", ""upsert"", ""invariants"", ""cleanup"", ""rank""]}}",2026-07-20 12:00:24.960864+00
1139,2026-07-20 12:05:42.889667+00,OK,,17856,2,0,"{""result"": {""status"": ""OK"", ""run_time"": ""2026-07-20T12:05:24.999723+00:00"", ""upserted"": 0, ""signals_ranked"": 3, ""brain_available"": true, ""signals_scanned"": 2, ""signals_approved"": 0, ""signals_excellent"": 0, ""invariant_breaches"": 0, ""trace_nodes_logged"": [""snapshot"", ""pre_flight"", ""scan"", ""gate"", ""state"", ""unknown"", ""upsert"", ""invariants"", ""cleanup"", ""rank""]}}",2026-07-20 12:05:42.891752+00
1140,2026-07-20 12:10:59.922756+00,OK,,16935,2,0,"{""result"": {""status"": ""OK"", ""run_time"": ""2026-07-20T12:10:42.941733+00:00"", ""upserted"": 0, ""signals_ranked"": 3, ""brain_available"": true, ""signals_scanned"": 2, ""signals_approved"": 0, ""signals_excellent"": 0, ""invariant_breaches"": 0, ""trace_nodes_logged"": [""snapshot"", ""pre_flight"", ""scan"", ""gate"", ""state"", ""unknown"", ""upsert"", ""invariants"", ""cleanup"", ""rank""]}}",2026-07-20 12:10:59.92495+00
1141,2026-07-20 12:16:17.028417+00,OK,,17025,2,0,"{""result"": {""status"": ""OK"", ""run_time"": ""2026-07-20T12:15:59.973664+00:00"", ""upserted"": 0, ""signals_ranked"": 3, ""brain_available"": true, ""signals_scanned"": 2, ""signals_approved"": 0, ""signals_excellent"": 0, ""invariant_breaches"": 0, ""trace_nodes_logged"": [""snapshot"", ""pre_flight"", ""scan"", ""gate"", ""state"", ""unknown"", ""upsert"", ""invariants"", ""cleanup"", ""rank""]}}",2026-07-20 12:16:17.028613+00
1142,2026-07-20 12:21:34.3461+00,OK,,17245,2,0,"{""result"": {""status"": ""OK"", ""run_time"": ""2026-07-20T12:21:17.061942+00:00"", ""upserted"": 0, ""signals_ranked"": 3, ""brain_available"": true, ""signals_scanned"": 2, ""signals_approved"": 0, ""signals_excellent"": 0, ""invariant_breaches"": 0, ""trace_nodes_logged"": [""snapshot"", ""pre_flight"", ""scan"", ""gate"", ""state"", ""unknown"", ""upsert"", ""invariants"", ""cleanup"", ""rank""]}}",2026-07-20 12:21:34.348855+00
1143,2026-07-20 12:26:52.20135+00,OK,,17763,2,0,"{""result"": {""status"": ""OK"", ""run_time"": ""2026-07-20T12:26:34.400581+00:00"", ""upserted"": 0, ""signals_ranked"": 3, ""brain_available"": true, ""signals_scanned"": 2, ""signals_approved"": 0, ""signals_excellent"": 0, ""invariant_breaches"": 0, ""trace_nodes_logged"": [""snapshot"", ""pre_flight"", ""scan"", ""gate"", ""state"", ""unknown"", ""upsert"", ""invariants"", ""cleanup"", ""rank""]}}",2026-07-20 12:26:52.203849+00
1144,2026-07-20 12:32:10.692481+00,OK,,18400,2,0,"{""result"": {""status"": ""OK"", ""run_time"": ""2026-07-20T12:31:52.258640+00:00"", ""upserted"": 0, ""signals_ranked"": 3, ""brain_available"": true, ""signals_scanned"": 2, ""signals_approved"": 0, ""signals_excellent"": 0, ""invariant_breaches"": 0, ""trace_nodes_logged"": [""snapshot"", ""pre_flight"", ""scan"", ""gate"", ""state"", ""unknown"", ""upsert"", ""invariants"", ""cleanup"", ""rank""]}}",2026-07-20 12:32:10.692691+00
1145,2026-07-20 12:37:28.727953+00,OK,,17977,2,0,"{""result"": {""status"": ""OK"", ""run_time"": ""2026-07-20T12:37:10.722360+00:00"", ""upserted"": 0, ""signals_ranked"": 3, ""brain_available"": true, ""signals_scanned"": 2, ""signals_approved"": 0, ""signals_excellent"": 0, ""invariant_breaches"": 0, ""trace_nodes_logged"": [""snapshot"", ""pre_flight"", ""scan"", ""gate"", ""state"", ""unknown"", ""upsert"", ""invariants"", ""cleanup"", ""rank""]}}",2026-07-20 12:37:28.728736+00
1146,2026-07-20 12:42:46.788906+00,OK,,17986,2,0,"{""result"": {""status"": ""OK"", ""run_time"": ""2026-07-20T12:42:28.762414+00:00"", ""upserted"": 0, ""signals_ranked"": 3, ""brain_available"": true, ""signals_scanned"": 2, ""signals_approved"": 0, ""signals_excellent"": 0, ""invariant_breaches"": 0, ""trace_nodes_logged"": [""snapshot"", ""pre_flight"", ""scan"", ""gate"", ""state"", ""unknown"", ""upsert"", ""invariants"", ""cleanup"", ""rank""]}}",2026-07-20 12:42:46.789116+00
1147,2026-07-20 12:48:03.291555+00,OK,,16417,1,0,"{""result"": {""status"": ""OK"", ""run_time"": ""2026-07-20T12:47:46.844222+00:00"", ""upserted"": 0, ""signals_ranked"": 4, ""brain_available"": true, ""signals_scanned"": 1, ""signals_approved"": 0, ""signals_excellent"": 0, ""invariant_breaches"": 0, ""trace_nodes_logged"": [""snapshot"", ""pre_flight"", ""scan"", ""gate"", ""state"", ""unknown"", ""upsert"", ""invariants"", ""cleanup"", ""rank""]}}",2026-07-20 12:48:03.297859+00
1148,2026-07-20 12:53:21.447583+00,OK,,18039,1,0,"{""result"": {""status"": ""OK"", ""run_time"": ""2026-07-20T12:53:03.369543+00:00"", ""upserted"": 0, ""signals_ranked"": 4, ""brain_available"": true, ""signals_scanned"": 1, ""signals_approved"": 0, ""signals_excellent"": 0, ""invariant_breaches"": 0, ""trace_nodes_logged"": [""snapshot"", ""pre_flight"", ""scan"", ""gate"", ""state"", ""unknown"", ""upsert"", ""invariants"", ""cleanup"", ""rank""]}}",2026-07-20 12:53:21.447845+00
1149,2026-07-20 12:58:38.611955+00,OK,,17087,1,0,"{""result"": {""status"": ""OK"", ""run_time"": ""2026-07-20T12:58:21.490081+00:00"", ""upserted"": 0, ""signals_ranked"": 4, ""brain_available"": true, ""signals_scanned"": 1, ""signals_approved"": 0, ""signals_excellent"": 0, ""invariant_breaches"": 0, ""trace_nodes_logged"": [""snapshot"", ""pre_flight"", ""scan"", ""gate"", ""state"", ""unknown"", ""upsert"", ""invariants"", ""cleanup"", ""rank""]}}",2026-07-20 12:58:38.612449+00
1150,2026-07-20 13:03:55.682558+00,OK,,16972,1,0,"{""result"": {""status"": ""OK"", ""run_time"": ""2026-07-20T13:03:38.679422+00:00"", ""upserted"": 0, ""signals_ranked"": 4, ""brain_available"": true, ""signals_scanned"": 1, ""signals_approved"": 0, ""signals_excellent"": 0, ""invariant_breaches"": 0, ""trace_nodes_logged"": [""snapshot"", ""pre_flight"", ""scan"", ""gate"", ""state"", ""unknown"", ""upsert"", ""invariants"", ""cleanup"", ""rank""]}}",2026-07-20 13:03:55.682753+00
1151,2026-07-20 13:09:11.357202+00,OK,,15599,1,0,"{""result"": {""status"": ""OK"", ""run_time"": ""2026-07-20T13:08:55.729281+00:00"", ""upserted"": 0, ""signals_ranked"": 4, ""brain_available"": true, ""signals_scanned"": 1, ""signals_approved"": 0, ""signals_excellent"": 0, ""invariant_breaches"": 0, ""trace_nodes_logged"": [""snapshot"", ""pre_flight"", ""scan"", ""gate"", ""state"", ""unknown"", ""upsert"", ""invariants"", ""cleanup"", ""rank""]}}",2026-07-20 13:09:11.357416+00
1152,2026-07-20 13:14:28.520873+00,OK,,17087,1,0,"{""result"": {""status"": ""OK"", ""run_time"": ""2026-07-20T13:14:11.396761+00:00"", ""upserted"": 0, ""signals_ranked"": 4, ""brain_available"": true, ""signals_scanned"": 1, ""signals_approved"": 0, ""signals_excellent"": 0, ""invariant_breaches"": 0, ""trace_nodes_logged"": [""snapshot"", ""pre_flight"", ""scan"", ""gate"", ""state"", ""unknown"", ""upsert"", ""invariants"", ""cleanup"", ""rank""]}}",2026-07-20 13:14:28.522974+00
1153,2026-07-20 13:19:45.594014+00,OK,,16999,1,0,"{""result"": {""status"": ""OK"", ""run_time"": ""2026-07-20T13:19:28.567135+00:00"", ""upserted"": 0, ""signals_ranked"": 4, ""brain_available"": true, ""signals_scanned"": 1, ""signals_approved"": 0, ""signals_excellent"": 0, ""invariant_breaches"": 0, ""trace_nodes_logged"": [""snapshot"", ""pre_flight"", ""scan"", ""gate"", ""state"", ""unknown"", ""upsert"", ""invariants"", ""cleanup"", ""rank""]}}",2026-07-20 13:19:45.594263+00
1154,2026-07-20 13:25:03.823188+00,OK,,18115,1,0,"{""result"": {""status"": ""OK"", ""run_time"": ""2026-07-20T13:24:45.662705+00:00"", ""upserted"": 0, ""signals_ranked"": 4, ""brain_available"": true, ""signals_scanned"": 1, ""signals_approved"": 0, ""signals_excellent"": 0, ""invariant_breaches"": 0, ""trace_nodes_logged"": [""snapshot"", ""pre_flight"", ""scan"", ""gate"", ""state"", ""unknown"", ""upsert"", ""invariants"", ""cleanup"", ""rank""]}}",2026-07-20 13:25:03.823394+00
1155,2026-07-20 13:30:22.690895+00,OK,,18758,1,0,"{""result"": {""status"": ""OK"", ""run_time"": ""2026-07-20T13:30:03.897849+00:00"", ""upserted"": 0, ""signals_ranked"": 4, ""brain_available"": true, ""signals_scanned"": 1, ""signals_approved"": 0, ""signals_excellent"": 0, ""invariant_breaches"": 0, ""trace_nodes_logged"": [""snapshot"", ""pre_flight"", ""scan"", ""gate"", ""state"", ""unknown"", ""upsert"", ""invariants"", ""cleanup"", ""rank""]}}",2026-07-20 13:30:22.691113+00
1156,2026-07-20 13:35:40.916964+00,OK,,18110,1,0,"{""result"": {""status"": ""OK"", ""run_time"": ""2026-07-20T13:35:22.758311+00:00"", ""upserted"": 0, ""signals_ranked"": 3, ""brain_available"": true, ""signals_scanned"": 1, ""signals_approved"": 0, ""signals_excellent"": 0, ""invariant_breaches"": 0, ""trace_nodes_logged"": [""snapshot"", ""pre_flight"", ""scan"", ""gate"", ""state"", ""unknown"", ""upsert"", ""invariants"", ""cleanup"", ""rank""]}}",2026-07-20 13:35:40.917187+00
1157,2026-07-20 13:40:57.96739+00,OK,,16921,1,0,"{""result"": {""status"": ""OK"", ""run_time"": ""2026-07-20T13:40:40.994197+00:00"", ""upserted"": 0, ""signals_ranked"": 3, ""brain_available"": true, ""signals_scanned"": 1, ""signals_approved"": 0, ""signals_excellent"": 0, ""invariant_breaches"": 0, ""trace_nodes_logged"": [""snapshot"", ""pre_flight"", ""scan"", ""gate"", ""state"", ""unknown"", ""upsert"", ""invariants"", ""cleanup"", ""rank""]}}",2026-07-20 13:40:57.96762+00
1158,2026-07-20 13:46:16.360845+00,OK,,18293,1,0,"{""result"": {""status"": ""OK"", ""run_time"": ""2026-07-20T13:45:58.039268+00:00"", ""upserted"": 0, ""signals_ranked"": 3, ""brain_available"": true, ""signals_scanned"": 1, ""signals_approved"": 0, ""signals_excellent"": 0, ""invariant_breaches"": 0, ""trace_nodes_logged"": [""snapshot"", ""pre_flight"", ""scan"", ""gate"", ""state"", ""unknown"", ""upsert"", ""invariants"", ""cleanup"", ""rank""]}}",2026-07-20 13:46:16.361029+00
1159,2026-07-20 13:51:34.024298+00,OK,,17574,3,0,"{""result"": {""status"": ""OK"", ""run_time"": ""2026-07-20T13:51:16.402840+00:00"", ""upserted"": 0, ""signals_ranked"": 4, ""brain_available"": true, ""signals_scanned"": 3, ""signals_approved"": 0, ""signals_excellent"": 0, ""invariant_breaches"": 0, ""trace_nodes_logged"": [""snapshot"", ""pre_flight"", ""scan"", ""gate"", ""state"", ""unknown"", ""upsert"", ""invariants"", ""cleanup"", ""rank""]}}",2026-07-20 13:51:34.024524+00
1160,2026-07-20 13:56:51.209666+00,OK,,17111,3,0,"{""result"": {""status"": ""OK"", ""run_time"": ""2026-07-20T13:56:34.058840+00:00"", ""upserted"": 0, ""signals_ranked"": 4, ""brain_available"": true, ""signals_scanned"": 3, ""signals_approved"": 0, ""signals_excellent"": 0, ""invariant_breaches"": 0, ""trace_nodes_logged"": [""snapshot"", ""pre_flight"", ""scan"", ""gate"", ""state"", ""unknown"", ""upsert"", ""invariants"", ""cleanup"", ""rank""]}}",2026-07-20 13:56:51.209893+00
1161,2026-07-20 14:02:09.888876+00,OK,,18606,2,0,"{""result"": {""status"": ""OK"", ""run_time"": ""2026-07-20T14:01:51.249668+00:00"", ""upserted"": 0, ""signals_ranked"": 4, ""brain_available"": true, ""signals_scanned"": 2, ""signals_approved"": 0, ""signals_excellent"": 0, ""invariant_breaches"": 0, ""trace_nodes_logged"": [""snapshot"", ""pre_flight"", ""scan"", ""gate"", ""state"", ""unknown"", ""upsert"", ""invariants"", ""cleanup"", ""rank""]}}",2026-07-20 14:02:09.889079+00
1162,2026-07-20 14:07:26.120542+00,OK,,16109,2,0,"{""result"": {""status"": ""OK"", ""run_time"": ""2026-07-20T14:07:09.972758+00:00"", ""upserted"": 0, ""signals_ranked"": 3, ""brain_available"": true, ""signals_scanned"": 2, ""signals_approved"": 0, ""signals_excellent"": 0, ""invariant_breaches"": 0, ""trace_nodes_logged"": [""snapshot"", ""pre_flight"", ""scan"", ""gate"", ""state"", ""unknown"", ""upsert"", ""invariants"", ""cleanup"", ""rank""]}}",2026-07-20 14:07:26.120777+00
1163,2026-07-20 14:12:40.776313+00,OK,,14560,2,0,"{""result"": {""status"": ""OK"", ""run_time"": ""2026-07-20T14:12:26.184049+00:00"", ""upserted"": 0, ""signals_ranked"": 3, ""brain_available"": true, ""signals_scanned"": 2, ""signals_approved"": 0, ""signals_excellent"": 0, ""invariant_breaches"": 0, ""trace_nodes_logged"": [""snapshot"", ""pre_flight"", ""scan"", ""gate"", ""state"", ""unknown"", ""upsert"", ""invariants"", ""cleanup"", ""rank""]}}",2026-07-20 14:12:40.77654+00
1164,2026-07-20 14:17:57.342762+00,OK,,16500,2,0,"{""result"": {""status"": ""OK"", ""run_time"": ""2026-07-20T14:17:40.818165+00:00"", ""upserted"": 0, ""signals_ranked"": 3, ""brain_available"": true, ""signals_scanned"": 2, ""signals_approved"": 0, ""signals_excellent"": 0, ""invariant_breaches"": 0, ""trace_nodes_logged"": [""snapshot"", ""pre_flight"", ""scan"", ""gate"", ""state"", ""unknown"", ""upsert"", ""invariants"", ""cleanup"", ""rank""]}}",2026-07-20 14:17:57.342988+00
1165,2026-07-20 14:23:13.960645+00,OK,,16547,2,0,"{""result"": {""status"": ""OK"", ""run_time"": ""2026-07-20T14:22:57.379156+00:00"", ""upserted"": 0, ""signals_ranked"": 3, ""brain_available"": true, ""signals_scanned"": 2, ""signals_approved"": 0, ""signals_excellent"": 0, ""invariant_breaches"": 0, ""trace_nodes_logged"": [""snapshot"", ""pre_flight"", ""scan"", ""gate"", ""state"", ""unknown"", ""upsert"", ""invariants"", ""cleanup"", ""rank""]}}",2026-07-20 14:23:13.962173+00
1166,2026-07-20 14:28:29.32049+00,OK,,15249,2,0,"{""result"": {""status"": ""OK"", ""run_time"": ""2026-07-20T14:28:14.025876+00:00"", ""upserted"": 0, ""signals_ranked"": 3, ""brain_available"": true, ""signals_scanned"": 2, ""signals_approved"": 0, ""signals_excellent"": 0, ""invariant_breaches"": 0, ""trace_nodes_logged"": [""snapshot"", ""pre_flight"", ""scan"", ""gate"", ""state"", ""unknown"", ""upsert"", ""invariants"", ""cleanup"", ""rank""]}}",2026-07-20 14:28:29.322112+00
1167,2026-07-20 14:33:45.200949+00,OK,,15767,2,0,"{""result"": {""status"": ""OK"", ""run_time"": ""2026-07-20T14:33:29.386858+00:00"", ""upserted"": 0, ""signals_ranked"": 3, ""brain_available"": true, ""signals_scanned"": 2, ""signals_approved"": 0, ""signals_excellent"": 0, ""invariant_breaches"": 0, ""trace_nodes_logged"": [""snapshot"", ""pre_flight"", ""scan"", ""gate"", ""state"", ""unknown"", ""upsert"", ""invariants"", ""cleanup"", ""rank""]}}",2026-07-20 14:33:45.201288+00
1168,2026-07-20 14:39:01.164374+00,OK,,15852,2,0,"{""result"": {""status"": ""OK"", ""run_time"": ""2026-07-20T14:38:45.268035+00:00"", ""upserted"": 0, ""signals_ranked"": 3, ""brain_available"": true, ""signals_scanned"": 2, ""signals_approved"": 0, ""signals_excellent"": 0, ""invariant_breaches"": 0, ""trace_nodes_logged"": [""snapshot"", ""pre_flight"", ""scan"", ""gate"", ""state"", ""unknown"", ""upsert"", ""invariants"", ""cleanup"", ""rank""]}}",2026-07-20 14:39:01.164571+00
1169,2026-07-20 14:44:15.631011+00,OK,,14346,2,0,"{""result"": {""status"": ""OK"", ""run_time"": ""2026-07-20T14:44:01.241892+00:00"", ""upserted"": 0, ""signals_ranked"": 2, ""brain_available"": true, ""signals_scanned"": 2, ""signals_approved"": 0, ""signals_excellent"": 0, ""invariant_breaches"": 0, ""trace_nodes_logged"": [""snapshot"", ""pre_flight"", ""scan"", ""gate"", ""state"", ""unknown"", ""upsert"", ""invariants"", ""cleanup"", ""rank""]}}",2026-07-20 14:44:15.631866+00
1170,2026-07-20 14:49:31.509205+00,OK,,15788,2,0,"{""result"": {""status"": ""OK"", ""run_time"": ""2026-07-20T14:49:15.686467+00:00"", ""upserted"": 0, ""signals_ranked"": 2, ""brain_available"": true, ""signals_scanned"": 2, ""signals_approved"": 0, ""signals_excellent"": 0, ""invariant_breaches"": 0, ""trace_nodes_logged"": [""snapshot"", ""pre_flight"", ""scan"", ""gate"", ""state"", ""unknown"", ""upsert"", ""invariants"", ""cleanup"", ""rank""]}}",2026-07-20 14:49:31.513898+00
1171,2026-07-20 14:54:49.418715+00,OK,,17834,2,0,"{""result"": {""status"": ""OK"", ""run_time"": ""2026-07-20T14:54:31.556777+00:00"", ""upserted"": 0, ""signals_ranked"": 2, ""brain_available"": true, ""signals_scanned"": 2, ""signals_approved"": 0, ""signals_excellent"": 0, ""invariant_breaches"": 0, ""trace_nodes_logged"": [""snapshot"", ""pre_flight"", ""scan"", ""gate"", ""state"", ""unknown"", ""upsert"", ""invariants"", ""cleanup"", ""rank""]}}",2026-07-20 14:54:49.419053+00
1172,2026-07-20 15:00:05.885159+00,OK,,16392,0,0,"{""result"": {""status"": ""OK"", ""run_time"": ""2026-07-20T14:59:49.465274+00:00"", ""upserted"": 0, ""signals_ranked"": 2, ""brain_available"": true, ""signals_scanned"": 0, ""signals_approved"": 0, ""signals_excellent"": 0, ""invariant_breaches"": 0, ""trace_nodes_logged"": [""snapshot"", ""pre_flight"", ""scan"", ""gate"", ""state"", ""unknown"", ""upsert"", ""invariants"", ""cleanup"", ""rank""]}}",2026-07-20 15:00:05.885417+00
1173,2026-07-20 15:05:22.697599+00,OK,,16732,0,0,"{""result"": {""status"": ""OK"", ""run_time"": ""2026-07-20T15:05:05.930846+00:00"", ""upserted"": 0, ""signals_ranked"": 2, ""brain_available"": true, ""signals_scanned"": 0, ""signals_approved"": 0, ""signals_excellent"": 0, ""invariant_breaches"": 0, ""trace_nodes_logged"": [""snapshot"", ""pre_flight"", ""scan"", ""gate"", ""state"", ""unknown"", ""upsert"", ""invariants"", ""cleanup"", ""rank""]}}",2026-07-20 15:05:22.697839+00
1174,2026-07-20 15:10:38.539106+00,OK,,15768,0,0,"{""result"": {""status"": ""OK"", ""run_time"": ""2026-07-20T15:10:22.728272+00:00"", ""upserted"": 0, ""signals_ranked"": 2, ""brain_available"": true, ""signals_scanned"": 0, ""signals_approved"": 0, ""signals_excellent"": 0, ""invariant_breaches"": 0, ""trace_nodes_logged"": [""snapshot"", ""pre_flight"", ""scan"", ""gate"", ""state"", ""unknown"", ""upsert"", ""invariants"", ""cleanup"", ""rank""]}}",2026-07-20 15:10:38.5393+00
1175,2026-07-20 15:15:54.19549+00,OK,,15589,0,0,"{""result"": {""status"": ""OK"", ""run_time"": ""2026-07-20T15:15:38.572522+00:00"", ""upserted"": 0, ""signals_ranked"": 2, ""brain_available"": true, ""signals_scanned"": 0, ""signals_approved"": 0, ""signals_excellent"": 0, ""invariant_breaches"": 0, ""trace_nodes_logged"": [""snapshot"", ""pre_flight"", ""scan"", ""gate"", ""state"", ""unknown"", ""upsert"", ""invariants"", ""cleanup"", ""rank""]}}",2026-07-20 15:15:54.195684+00
1176,2026-07-20 15:21:10.68703+00,OK,,16406,0,0,"{""result"": {""status"": ""OK"", ""run_time"": ""2026-07-20T15:20:54.240977+00:00"", ""upserted"": 0, ""signals_ranked"": 2, ""brain_available"": true, ""signals_scanned"": 0, ""signals_approved"": 0, ""signals_excellent"": 0, ""invariant_breaches"": 0, ""trace_nodes_logged"": [""snapshot"", ""pre_flight"", ""scan"", ""gate"", ""state"", ""unknown"", ""upsert"", ""invariants"", ""cleanup"", ""rank""]}}",2026-07-20 15:21:10.688978+00
1177,2026-07-20 15:26:26.116939+00,OK,,15352,0,0,"{""result"": {""status"": ""OK"", ""run_time"": ""2026-07-20T15:26:10.717165+00:00"", ""upserted"": 0, ""signals_ranked"": 2, ""brain_available"": true, ""signals_scanned"": 0, ""signals_approved"": 0, ""signals_excellent"": 0, ""invariant_breaches"": 0, ""trace_nodes_logged"": [""snapshot"", ""pre_flight"", ""scan"", ""gate"", ""state"", ""unknown"", ""upsert"", ""invariants"", ""cleanup"", ""rank""]}}",2026-07-20 15:26:26.120576+00
1178,2026-07-20 15:31:41.841054+00,OK,,15615,0,0,"{""result"": {""status"": ""OK"", ""run_time"": ""2026-07-20T15:31:26.188824+00:00"", ""upserted"": 0, ""signals_ranked"": 2, ""brain_available"": true, ""signals_scanned"": 0, ""signals_approved"": 0, ""signals_excellent"": 0, ""invariant_breaches"": 0, ""trace_nodes_logged"": [""snapshot"", ""pre_flight"", ""scan"", ""gate"", ""state"", ""unknown"", ""upsert"", ""invariants"", ""cleanup"", ""rank""]}}",2026-07-20 15:31:41.841856+00
1179,2026-07-20 15:36:58.393952+00,OK,,16451,0,0,"{""result"": {""status"": ""OK"", ""run_time"": ""2026-07-20T15:36:41.889290+00:00"", ""upserted"": 0, ""signals_ranked"": 2, ""brain_available"": true, ""signals_scanned"": 0, ""signals_approved"": 0, ""signals_excellent"": 0, ""invariant_breaches"": 0, ""trace_nodes_logged"": [""snapshot"", ""pre_flight"", ""scan"", ""gate"", ""state"", ""unknown"", ""upsert"", ""invariants"", ""cleanup"", ""rank""]}}",2026-07-20 15:36:58.394186+00
1180,2026-07-20 15:42:14.140951+00,OK,,15647,0,0,"{""result"": {""status"": ""OK"", ""run_time"": ""2026-07-20T15:41:58.448854+00:00"", ""upserted"": 0, ""signals_ranked"": 2, ""brain_available"": true, ""signals_scanned"": 0, ""signals_approved"": 0, ""signals_excellent"": 0, ""invariant_breaches"": 0, ""trace_nodes_logged"": [""snapshot"", ""pre_flight"", ""scan"", ""gate"", ""state"", ""unknown"", ""upsert"", ""invariants"", ""cleanup"", ""rank""]}}",2026-07-20 15:42:14.141183+00
1181,2026-07-20 15:47:29.727661+00,OK,,15485,0,0,"{""result"": {""status"": ""OK"", ""run_time"": ""2026-07-20T15:47:14.202273+00:00"", ""upserted"": 0, ""signals_ranked"": 2, ""brain_available"": true, ""signals_scanned"": 0, ""signals_approved"": 0, ""signals_excellent"": 0, ""invariant_breaches"": 0, ""trace_nodes_logged"": [""snapshot"", ""pre_flight"", ""scan"", ""gate"", ""state"", ""unknown"", ""upsert"", ""invariants"", ""cleanup"", ""rank""]}}",2026-07-20 15:47:29.727881+00
1182,2026-07-20 15:52:45.241398+00,OK,,15429,0,0,"{""result"": {""status"": ""OK"", ""run_time"": ""2026-07-20T15:52:29.786426+00:00"", ""upserted"": 0, ""signals_ranked"": 2, ""brain_available"": true, ""signals_scanned"": 0, ""signals_approved"": 0, ""signals_excellent"": 0, ""invariant_breaches"": 0, ""trace_nodes_logged"": [""snapshot"", ""pre_flight"", ""scan"", ""gate"", ""state"", ""unknown"", ""upsert"", ""invariants"", ""cleanup"", ""rank""]}}",2026-07-20 15:52:45.241622+00
1183,2026-07-20 15:58:01.67448+00,OK,,16363,0,0,"{""result"": {""status"": ""OK"", ""run_time"": ""2026-07-20T15:57:45.272238+00:00"", ""upserted"": 0, ""signals_ranked"": 1, ""brain_available"": true, ""signals_scanned"": 0, ""signals_approved"": 0, ""signals_excellent"": 0, ""invariant_breaches"": 0, ""trace_nodes_logged"": [""snapshot"", ""pre_flight"", ""scan"", ""gate"", ""state"", ""unknown"", ""upsert"", ""invariants"", ""cleanup"", ""rank""]}}",2026-07-20 15:58:01.674679+00
1184,2026-07-20 16:03:16.921332+00,OK,,15164,0,0,"{""result"": {""status"": ""OK"", ""run_time"": ""2026-07-20T16:03:01.719329+00:00"", ""upserted"": 0, ""signals_ranked"": 1, ""brain_available"": true, ""signals_scanned"": 0, ""signals_approved"": 0, ""signals_excellent"": 0, ""invariant_breaches"": 0, ""trace_nodes_logged"": [""snapshot"", ""pre_flight"", ""scan"", ""gate"", ""state"", ""unknown"", ""upsert"", ""invariants"", ""cleanup"", ""rank""]}}",2026-07-20 16:03:16.923858+00
1185,2026-07-20 16:08:32.159396+00,OK,,15151,1,0,"{""result"": {""status"": ""OK"", ""run_time"": ""2026-07-20T16:08:16.960562+00:00"", ""upserted"": 0, ""signals_ranked"": 2, ""brain_available"": true, ""signals_scanned"": 1, ""signals_approved"": 0, ""signals_excellent"": 0, ""invariant_breaches"": 0, ""trace_nodes_logged"": [""snapshot"", ""pre_flight"", ""scan"", ""gate"", ""state"", ""unknown"", ""upsert"", ""invariants"", ""cleanup"", ""rank""]}}",2026-07-20 16:08:32.160901+00
1186,2026-07-20 16:13:50.233949+00,OK,,17995,2,0,"{""result"": {""status"": ""OK"", ""run_time"": ""2026-07-20T16:13:32.205859+00:00"", ""upserted"": 0, ""signals_ranked"": 2, ""brain_available"": true, ""signals_scanned"": 2, ""signals_approved"": 0, ""signals_excellent"": 0, ""invariant_breaches"": 0, ""trace_nodes_logged"": [""snapshot"", ""pre_flight"", ""scan"", ""gate"", ""state"", ""unknown"", ""upsert"", ""invariants"", ""cleanup"", ""rank""]}}",2026-07-20 16:13:50.23888+00
1187,2026-07-20 16:19:09.721586+00,OK,,19350,2,0,"{""result"": {""status"": ""OK"", ""run_time"": ""2026-07-20T16:18:50.326845+00:00"", ""upserted"": 0, ""signals_ranked"": 2, ""brain_available"": true, ""signals_scanned"": 2, ""signals_approved"": 0, ""signals_excellent"": 0, ""invariant_breaches"": 0, ""trace_nodes_logged"": [""snapshot"", ""pre_flight"", ""scan"", ""gate"", ""state"", ""unknown"", ""upsert"", ""invariants"", ""cleanup"", ""rank""]}}",2026-07-20 16:19:09.721782+00
1188,2026-07-20 16:24:26.267051+00,OK,,16465,2,0,"{""result"": {""status"": ""OK"", ""run_time"": ""2026-07-20T16:24:09.763701+00:00"", ""upserted"": 0, ""signals_ranked"": 2, ""brain_available"": true, ""signals_scanned"": 2, ""signals_approved"": 0, ""signals_excellent"": 0, ""invariant_breaches"": 0, ""trace_nodes_logged"": [""snapshot"", ""pre_flight"", ""scan"", ""gate"", ""state"", ""unknown"", ""upsert"", ""invariants"", ""cleanup"", ""rank""]}}",2026-07-20 16:24:26.267251+00
1189,2026-07-20 16:29:43.268605+00,OK,,16901,2,0,"{""result"": {""status"": ""OK"", ""run_time"": ""2026-07-20T16:29:26.322624+00:00"", ""upserted"": 0, ""signals_ranked"": 2, ""brain_available"": true, ""signals_scanned"": 2, ""signals_approved"": 0, ""signals_excellent"": 0, ""invariant_breaches"": 0, ""trace_nodes_logged"": [""snapshot"", ""pre_flight"", ""scan"", ""gate"", ""state"", ""unknown"", ""upsert"", ""invariants"", ""cleanup"", ""rank""]}}",2026-07-20 16:29:43.268831+00
1190,2026-07-20 16:35:00.23279+00,OK,,16852,2,0,"{""result"": {""status"": ""OK"", ""run_time"": ""2026-07-20T16:34:43.346295+00:00"", ""upserted"": 0, ""signals_ranked"": 2, ""brain_available"": true, ""signals_scanned"": 2, ""signals_approved"": 0, ""signals_excellent"": 0, ""invariant_breaches"": 0, ""trace_nodes_logged"": [""snapshot"", ""pre_flight"", ""scan"", ""gate"", ""state"", ""unknown"", ""upsert"", ""invariants"", ""cleanup"", ""rank""]}}",2026-07-20 16:35:00.23585+00
1191,2026-07-20 16:40:16.437935+00,OK,,16122,2,0,"{""result"": {""status"": ""OK"", ""run_time"": ""2026-07-20T16:40:00.277857+00:00"", ""upserted"": 0, ""signals_ranked"": 2, ""brain_available"": true, ""signals_scanned"": 2, ""signals_approved"": 0, ""signals_excellent"": 0, ""invariant_breaches"": 0, ""trace_nodes_logged"": [""snapshot"", ""pre_flight"", ""scan"", ""gate"", ""state"", ""unknown"", ""upsert"", ""invariants"", ""cleanup"", ""rank""]}}",2026-07-20 16:40:16.439192+00
1192,2026-07-20 16:45:31.884112+00,OK,,15357,2,0,"{""result"": {""status"": ""OK"", ""run_time"": ""2026-07-20T16:45:16.489132+00:00"", ""upserted"": 0, ""signals_ranked"": 2, ""brain_available"": true, ""signals_scanned"": 2, ""signals_approved"": 0, ""signals_excellent"": 0, ""invariant_breaches"": 0, ""trace_nodes_logged"": [""snapshot"", ""pre_flight"", ""scan"", ""gate"", ""state"", ""unknown"", ""upsert"", ""invariants"", ""cleanup"", ""rank""]}}",2026-07-20 16:45:31.884305+00
1193,2026-07-20 16:50:46.67339+00,OK,,14724,2,0,"{""result"": {""status"": ""OK"", ""run_time"": ""2026-07-20T16:50:31.914252+00:00"", ""upserted"": 0, ""signals_ranked"": 2, ""brain_available"": true, ""signals_scanned"": 2, ""signals_approved"": 0, ""signals_excellent"": 0, ""invariant_breaches"": 0, ""trace_nodes_logged"": [""snapshot"", ""pre_flight"", ""scan"", ""gate"", ""state"", ""unknown"", ""upsert"", ""invariants"", ""cleanup"", ""rank""]}}",2026-07-20 16:50:46.673838+00
1194,2026-07-20 16:56:01.691501+00,OK,,14917,2,0,"{""result"": {""status"": ""OK"", ""run_time"": ""2026-07-20T16:55:46.730338+00:00"", ""upserted"": 0, ""signals_ranked"": 2, ""brain_available"": true, ""signals_scanned"": 2, ""signals_approved"": 0, ""signals_excellent"": 0, ""invariant_breaches"": 0, ""trace_nodes_logged"": [""snapshot"", ""pre_flight"", ""scan"", ""gate"", ""state"", ""unknown"", ""upsert"", ""invariants"", ""cleanup"", ""rank""]}}",2026-07-20 16:56:01.691726+00
1195,2026-07-20 17:01:16.969138+00,OK,,15180,2,0,"{""result"": {""status"": ""OK"", ""run_time"": ""2026-07-20T17:01:01.741980+00:00"", ""upserted"": 0, ""signals_ranked"": 2, ""brain_available"": true, ""signals_scanned"": 2, ""signals_approved"": 0, ""signals_excellent"": 0, ""invariant_breaches"": 0, ""trace_nodes_logged"": [""snapshot"", ""pre_flight"", ""scan"", ""gate"", ""state"", ""unknown"", ""upsert"", ""invariants"", ""cleanup"", ""rank""]}}",2026-07-20 17:01:16.96933+00
1196,2026-07-20 17:06:31.444797+00,OK,,14368,2,0,"{""result"": {""status"": ""OK"", ""run_time"": ""2026-07-20T17:06:17.029418+00:00"", ""upserted"": 0, ""signals_ranked"": 2, ""brain_available"": true, ""signals_scanned"": 2, ""signals_approved"": 0, ""signals_excellent"": 0, ""invariant_breaches"": 0, ""trace_nodes_logged"": [""snapshot"", ""pre_flight"", ""scan"", ""gate"", ""state"", ""unknown"", ""upsert"", ""invariants"", ""cleanup"", ""rank""]}}",2026-07-20 17:06:31.445036+00
1197,2026-07-20 17:11:46.505218+00,OK,,14969,1,0,"{""result"": {""status"": ""OK"", ""run_time"": ""2026-07-20T17:11:31.494451+00:00"", ""upserted"": 0, ""signals_ranked"": 2, ""brain_available"": true, ""signals_scanned"": 1, ""signals_approved"": 0, ""signals_excellent"": 0, ""invariant_breaches"": 0, ""trace_nodes_logged"": [""snapshot"", ""pre_flight"", ""scan"", ""gate"", ""state"", ""unknown"", ""upsert"", ""invariants"", ""cleanup"", ""rank""]}}",2026-07-20 17:11:46.505436+00
1198,2026-07-20 17:17:00.631301+00,OK,,14046,0,0,"{""result"": {""status"": ""OK"", ""run_time"": ""2026-07-20T17:16:46.559492+00:00"", ""upserted"": 0, ""signals_ranked"": 2, ""brain_available"": true, ""signals_scanned"": 0, ""signals_approved"": 0, ""signals_excellent"": 0, ""invariant_breaches"": 0, ""trace_nodes_logged"": [""snapshot"", ""pre_flight"", ""scan"", ""gate"", ""state"", ""unknown"", ""upsert"", ""invariants"", ""cleanup"", ""rank""]}}",2026-07-20 17:17:00.631509+00
1199,2026-07-20 17:22:15.137503+00,OK,,14428,0,0,"{""result"": {""status"": ""OK"", ""run_time"": ""2026-07-20T17:22:00.661846+00:00"", ""upserted"": 0, ""signals_ranked"": 2, ""brain_available"": true, ""signals_scanned"": 0, ""signals_approved"": 0, ""signals_excellent"": 0, ""invariant_breaches"": 0, ""trace_nodes_logged"": [""snapshot"", ""pre_flight"", ""scan"", ""gate"", ""state"", ""unknown"", ""upsert"", ""invariants"", ""cleanup"", ""rank""]}}",2026-07-20 17:22:15.13772+00
1200,2026-07-20 17:27:29.808936+00,OK,,14597,0,0,"{""result"": {""status"": ""OK"", ""run_time"": ""2026-07-20T17:27:15.179898+00:00"", ""upserted"": 0, ""signals_ranked"": 2, ""brain_available"": true, ""signals_scanned"": 0, ""signals_approved"": 0, ""signals_excellent"": 0, ""invariant_breaches"": 0, ""trace_nodes_logged"": [""snapshot"", ""pre_flight"", ""scan"", ""gate"", ""state"", ""unknown"", ""upsert"", ""invariants"", ""cleanup"", ""rank""]}}",2026-07-20 17:27:29.811849+00
1201,2026-07-20 17:32:44.899677+00,OK,,15009,0,0,"{""result"": {""status"": ""OK"", ""run_time"": ""2026-07-20T17:32:29.851507+00:00"", ""upserted"": 0, ""signals_ranked"": 2, ""brain_available"": true, ""signals_scanned"": 0, ""signals_approved"": 0, ""signals_excellent"": 0, ""invariant_breaches"": 0, ""trace_nodes_logged"": [""snapshot"", ""pre_flight"", ""scan"", ""gate"", ""state"", ""unknown"", ""upsert"", ""invariants"", ""cleanup"", ""rank""]}}",2026-07-20 17:32:44.899913+00
1202,2026-07-20 17:37:59.849531+00,OK,,14877,0,0,"{""result"": {""status"": ""OK"", ""run_time"": ""2026-07-20T17:37:44.945849+00:00"", ""upserted"": 0, ""signals_ranked"": 2, ""brain_available"": true, ""signals_scanned"": 0, ""signals_approved"": 0, ""signals_excellent"": 0, ""invariant_breaches"": 0, ""trace_nodes_logged"": [""snapshot"", ""pre_flight"", ""scan"", ""gate"", ""state"", ""unknown"", ""upsert"", ""invariants"", ""cleanup"", ""rank""]}}",2026-07-20 17:37:59.849721+00
1203,2026-07-20 17:43:15.26526+00,OK,,15352,0,0,"{""result"": {""status"": ""OK"", ""run_time"": ""2026-07-20T17:42:59.880273+00:00"", ""upserted"": 0, ""signals_ranked"": 2, ""brain_available"": true, ""signals_scanned"": 0, ""signals_approved"": 0, ""signals_excellent"": 0, ""invariant_breaches"": 0, ""trace_nodes_logged"": [""snapshot"", ""pre_flight"", ""scan"", ""gate"", ""state"", ""unknown"", ""upsert"", ""invariants"", ""cleanup"", ""rank""]}}",2026-07-20 17:43:15.265501+00
1204,2026-07-20 17:48:29.785271+00,OK,,14452,0,0,"{""result"": {""status"": ""OK"", ""run_time"": ""2026-07-20T17:48:15.304105+00:00"", ""upserted"": 0, ""signals_ranked"": 2, ""brain_available"": true, ""signals_scanned"": 0, ""signals_approved"": 0, ""signals_excellent"": 0, ""invariant_breaches"": 0, ""trace_nodes_logged"": [""snapshot"", ""pre_flight"", ""scan"", ""gate"", ""state"", ""unknown"", ""upsert"", ""invariants"", ""cleanup"", ""rank""]}}",2026-07-20 17:48:29.785472+00
1205,2026-07-20 17:53:44.742401+00,OK,,14881,0,0,"{""result"": {""status"": ""OK"", ""run_time"": ""2026-07-20T17:53:29.816498+00:00"", ""upserted"": 0, ""signals_ranked"": 2, ""brain_available"": true, ""signals_scanned"": 0, ""signals_approved"": 0, ""signals_excellent"": 0, ""invariant_breaches"": 0, ""trace_nodes_logged"": [""snapshot"", ""pre_flight"", ""scan"", ""gate"", ""state"", ""unknown"", ""upsert"", ""invariants"", ""cleanup"", ""rank""]}}",2026-07-20 17:53:44.742608+00
1206,2026-07-20 17:58:57.522712+00,OK,,12706,0,1,"{""result"": {""status"": ""OK"", ""run_time"": ""2026-07-20T17:58:44.782572+00:00"", ""upserted"": 1, ""signals_ranked"": 2, ""brain_available"": true, ""signals_scanned"": 0, ""signals_approved"": 1, ""signals_excellent"": 0, ""invariant_breaches"": 0, ""trace_nodes_logged"": [""snapshot"", ""pre_flight"", ""scan"", ""gate"", ""state"", ""unknown"", ""upsert"", ""invariants"", ""cleanup"", ""rank""]}}",2026-07-20 17:58:57.525118+00
1207,2026-07-20 18:04:14.001593+00,OK,,16392,0,0,"{""result"": {""status"": ""OK"", ""run_time"": ""2026-07-20T18:03:57.563189+00:00"", ""upserted"": 0, ""signals_ranked"": 2, ""brain_available"": true, ""signals_scanned"": 0, ""signals_approved"": 0, ""signals_excellent"": 0, ""invariant_breaches"": 0, ""trace_nodes_logged"": [""snapshot"", ""pre_flight"", ""scan"", ""gate"", ""state"", ""unknown"", ""upsert"", ""invariants"", ""cleanup"", ""rank""]}}",2026-07-20 18:04:14.005934+00
1208,2026-07-20 18:09:29.658446+00,OK,,15542,0,0,"{""result"": {""status"": ""OK"", ""run_time"": ""2026-07-20T18:09:14.076533+00:00"", ""upserted"": 0, ""signals_ranked"": 2, ""brain_available"": true, ""signals_scanned"": 0, ""signals_approved"": 0, ""signals_excellent"": 0, ""invariant_breaches"": 0, ""trace_nodes_logged"": [""snapshot"", ""pre_flight"", ""scan"", ""gate"", ""state"", ""unknown"", ""upsert"", ""invariants"", ""cleanup"", ""rank""]}}",2026-07-20 18:09:29.658631+00
1209,2026-07-20 18:14:45.633956+00,OK,,15902,0,0,"{""result"": {""status"": ""OK"", ""run_time"": ""2026-07-20T18:14:29.694675+00:00"", ""upserted"": 0, ""signals_ranked"": 2, ""brain_available"": true, ""signals_scanned"": 0, ""signals_approved"": 0, ""signals_excellent"": 0, ""invariant_breaches"": 0, ""trace_nodes_logged"": [""snapshot"", ""pre_flight"", ""scan"", ""gate"", ""state"", ""unknown"", ""upsert"", ""invariants"", ""cleanup"", ""rank""]}}",2026-07-20 18:14:45.634181+00
1210,2026-07-20 18:19:59.512328+00,OK,,13772,1,0,"{""result"": {""status"": ""OK"", ""run_time"": ""2026-07-20T18:19:45.693941+00:00"", ""upserted"": 0, ""signals_ranked"": 3, ""brain_available"": true, ""signals_scanned"": 1, ""signals_approved"": 0, ""signals_excellent"": 0, ""invariant_breaches"": 0, ""trace_nodes_logged"": [""snapshot"", ""pre_flight"", ""scan"", ""gate"", ""state"", ""unknown"", ""upsert"", ""invariants"", ""cleanup"", ""rank""]}}",2026-07-20 18:19:59.512527+00
1211,2026-07-20 18:25:15.497675+00,OK,,15914,1,0,"{""result"": {""status"": ""OK"", ""run_time"": ""2026-07-20T18:24:59.539192+00:00"", ""upserted"": 0, ""signals_ranked"": 3, ""brain_available"": true, ""signals_scanned"": 1, ""signals_approved"": 0, ""signals_excellent"": 0, ""invariant_breaches"": 0, ""trace_nodes_logged"": [""snapshot"", ""pre_flight"", ""scan"", ""gate"", ""state"", ""unknown"", ""upsert"", ""invariants"", ""cleanup"", ""rank""]}}",2026-07-20 18:25:15.497969+00
1212,2026-07-20 18:30:31.493663+00,OK,,15909,1,0,"{""result"": {""status"": ""OK"", ""run_time"": ""2026-07-20T18:30:15.549151+00:00"", ""upserted"": 0, ""signals_ranked"": 3, ""brain_available"": true, ""signals_scanned"": 1, ""signals_approved"": 0, ""signals_excellent"": 0, ""invariant_breaches"": 0, ""trace_nodes_logged"": [""snapshot"", ""pre_flight"", ""scan"", ""gate"", ""state"", ""unknown"", ""upsert"", ""invariants"", ""cleanup"", ""rank""]}}",2026-07-20 18:30:31.493914+00
1213,2026-07-20 18:35:47.256063+00,OK,,15685,1,0,"{""result"": {""status"": ""OK"", ""run_time"": ""2026-07-20T18:35:31.536243+00:00"", ""upserted"": 0, ""signals_ranked"": 3, ""brain_available"": true, ""signals_scanned"": 1, ""signals_approved"": 0, ""signals_excellent"": 0, ""invariant_breaches"": 0, ""trace_nodes_logged"": [""snapshot"", ""pre_flight"", ""scan"", ""gate"", ""state"", ""unknown"", ""upsert"", ""invariants"", ""cleanup"", ""rank""]}}",2026-07-20 18:35:47.257884+00
1214,2026-07-20 18:41:01.289004+00,OK,,13954,1,0,"{""result"": {""status"": ""OK"", ""run_time"": ""2026-07-20T18:40:47.302458+00:00"", ""upserted"": 0, ""signals_ranked"": 3, ""brain_available"": true, ""signals_scanned"": 1, ""signals_approved"": 0, ""signals_excellent"": 0, ""invariant_breaches"": 0, ""trace_nodes_logged"": [""snapshot"", ""pre_flight"", ""scan"", ""gate"", ""state"", ""unknown"", ""upsert"", ""invariants"", ""cleanup"", ""rank""]}}",2026-07-20 18:41:01.289223+00
1215,2026-07-20 18:46:17.432001+00,OK,,16083,1,0,"{""result"": {""status"": ""OK"", ""run_time"": ""2026-07-20T18:46:01.318093+00:00"", ""upserted"": 0, ""signals_ranked"": 3, ""brain_available"": true, ""signals_scanned"": 1, ""signals_approved"": 0, ""signals_excellent"": 0, ""invariant_breaches"": 0, ""trace_nodes_logged"": [""snapshot"", ""pre_flight"", ""scan"", ""gate"", ""state"", ""unknown"", ""upsert"", ""invariants"", ""cleanup"", ""rank""]}}",2026-07-20 18:46:17.432203+00
1216,2026-07-20 18:51:32.659489+00,OK,,15149,1,0,"{""result"": {""status"": ""OK"", ""run_time"": ""2026-07-20T18:51:17.461793+00:00"", ""upserted"": 0, ""signals_ranked"": 3, ""brain_available"": true, ""signals_scanned"": 1, ""signals_approved"": 0, ""signals_excellent"": 0, ""invariant_breaches"": 0, ""trace_nodes_logged"": [""snapshot"", ""pre_flight"", ""scan"", ""gate"", ""state"", ""unknown"", ""upsert"", ""invariants"", ""cleanup"", ""rank""]}}",2026-07-20 18:51:32.659682+00
1217,2026-07-20 18:56:48.296052+00,OK,,15581,1,0,"{""result"": {""status"": ""OK"", ""run_time"": ""2026-07-20T18:56:32.692048+00:00"", ""upserted"": 0, ""signals_ranked"": 3, ""brain_available"": true, ""signals_scanned"": 1, ""signals_approved"": 0, ""signals_excellent"": 0, ""invariant_breaches"": 0, ""trace_nodes_logged"": [""snapshot"", ""pre_flight"", ""scan"", ""gate"", ""state"", ""unknown"", ""upsert"", ""invariants"", ""cleanup"", ""rank""]}}",2026-07-20 18:56:48.296256+00
1218,2026-07-20 19:02:03.73593+00,OK,,15366,1,0,"{""result"": {""status"": ""OK"", ""run_time"": ""2026-07-20T19:01:48.329083+00:00"", ""upserted"": 0, ""signals_ranked"": 3, ""brain_available"": true, ""signals_scanned"": 1, ""signals_approved"": 0, ""signals_excellent"": 0, ""invariant_breaches"": 0, ""trace_nodes_logged"": [""snapshot"", ""pre_flight"", ""scan"", ""gate"", ""state"", ""unknown"", ""upsert"", ""invariants"", ""cleanup"", ""rank""]}}",2026-07-20 19:02:03.737849+00
1219,2026-07-20 19:07:19.262297+00,OK,,15443,1,0,"{""result"": {""status"": ""OK"", ""run_time"": ""2026-07-20T19:07:03.778851+00:00"", ""upserted"": 0, ""signals_ranked"": 2, ""brain_available"": true, ""signals_scanned"": 1, ""signals_approved"": 0, ""signals_excellent"": 0, ""invariant_breaches"": 1, ""trace_nodes_logged"": [""snapshot"", ""pre_flight"", ""scan"", ""gate"", ""state"", ""unknown"", ""upsert"", ""invariants"", ""cleanup"", ""rank""]}}",2026-07-20 19:07:19.262842+00
1220,2026-07-20 19:12:34.98853+00,OK,,15639,1,0,"{""result"": {""status"": ""OK"", ""run_time"": ""2026-07-20T19:12:19.311429+00:00"", ""upserted"": 0, ""signals_ranked"": 1, ""brain_available"": true, ""signals_scanned"": 1, ""signals_approved"": 0, ""signals_excellent"": 0, ""invariant_breaches"": 0, ""trace_nodes_logged"": [""snapshot"", ""pre_flight"", ""scan"", ""gate"", ""state"", ""unknown"", ""upsert"", ""invariants"", ""cleanup"", ""rank""]}}",2026-07-20 19:12:34.98875+00
1221,2026-07-20 19:17:50.570794+00,OK,,15494,1,0,"{""result"": {""status"": ""OK"", ""run_time"": ""2026-07-20T19:17:35.036616+00:00"", ""upserted"": 0, ""signals_ranked"": 1, ""brain_available"": true, ""signals_scanned"": 1, ""signals_approved"": 0, ""signals_excellent"": 0, ""invariant_breaches"": 0, ""trace_nodes_logged"": [""snapshot"", ""pre_flight"", ""scan"", ""gate"", ""state"", ""unknown"", ""upsert"", ""invariants"", ""cleanup"", ""rank""]}}",2026-07-20 19:17:50.571123+00
1222,2026-07-20 19:23:04.304053+00,OK,,13641,1,0,"{""result"": {""status"": ""OK"", ""run_time"": ""2026-07-20T19:22:50.635414+00:00"", ""upserted"": 0, ""signals_ranked"": 1, ""brain_available"": true, ""signals_scanned"": 1, ""signals_approved"": 0, ""signals_excellent"": 0, ""invariant_breaches"": 0, ""trace_nodes_logged"": [""snapshot"", ""pre_flight"", ""scan"", ""gate"", ""state"", ""unknown"", ""upsert"", ""invariants"", ""cleanup"", ""rank""]}}",2026-07-20 19:23:04.304252+00
1223,2026-07-20 19:28:18.812595+00,OK,,14428,1,0,"{""result"": {""status"": ""OK"", ""run_time"": ""2026-07-20T19:28:04.342030+00:00"", ""upserted"": 0, ""signals_ranked"": 1, ""brain_available"": true, ""signals_scanned"": 1, ""signals_approved"": 0, ""signals_excellent"": 0, ""invariant_breaches"": 0, ""trace_nodes_logged"": [""snapshot"", ""pre_flight"", ""scan"", ""gate"", ""state"", ""unknown"", ""upsert"", ""invariants"", ""cleanup"", ""rank""]}}",2026-07-20 19:28:18.816847+00
1224,2026-07-20 19:33:33.97476+00,OK,,15049,1,0,"{""result"": {""status"": ""OK"", ""run_time"": ""2026-07-20T19:33:18.859988+00:00"", ""upserted"": 0, ""signals_ranked"": 1, ""brain_available"": true, ""signals_scanned"": 1, ""signals_approved"": 0, ""signals_excellent"": 0, ""invariant_breaches"": 0, ""trace_nodes_logged"": [""snapshot"", ""pre_flight"", ""scan"", ""gate"", ""state"", ""unknown"", ""upsert"", ""invariants"", ""cleanup"", ""rank""]}}",2026-07-20 19:33:33.975043+00
1225,2026-07-20 19:38:50.349643+00,OK,,16303,1,0,"{""result"": {""status"": ""OK"", ""run_time"": ""2026-07-20T19:38:34.012850+00:00"", ""upserted"": 0, ""signals_ranked"": 1, ""brain_available"": true, ""signals_scanned"": 1, ""signals_approved"": 0, ""signals_excellent"": 0, ""invariant_breaches"": 0, ""trace_nodes_logged"": [""snapshot"", ""pre_flight"", ""scan"", ""gate"", ""state"", ""unknown"", ""upsert"", ""invariants"", ""cleanup"", ""rank""]}}",2026-07-20 19:38:50.349875+00
1226,2026-07-20 19:44:07.238998+00,OK,,16818,1,0,"{""result"": {""status"": ""OK"", ""run_time"": ""2026-07-20T19:43:50.390770+00:00"", ""upserted"": 0, ""signals_ranked"": 1, ""brain_available"": true, ""signals_scanned"": 1, ""signals_approved"": 0, ""signals_excellent"": 0, ""invariant_breaches"": 0, ""trace_nodes_logged"": [""snapshot"", ""pre_flight"", ""scan"", ""gate"", ""state"", ""unknown"", ""upsert"", ""invariants"", ""cleanup"", ""rank""]}}",2026-07-20 19:44:07.239211+00
1227,2026-07-20 19:49:23.2531+00,OK,,15903,1,0,"{""result"": {""status"": ""OK"", ""run_time"": ""2026-07-20T19:49:07.279849+00:00"", ""upserted"": 0, ""signals_ranked"": 1, ""brain_available"": true, ""signals_scanned"": 1, ""signals_approved"": 0, ""signals_excellent"": 0, ""invariant_breaches"": 0, ""trace_nodes_logged"": [""snapshot"", ""pre_flight"", ""scan"", ""gate"", ""state"", ""unknown"", ""upsert"", ""invariants"", ""cleanup"", ""rank""]}}",2026-07-20 19:49:23.253343+00
1228,2026-07-20 19:54:38.284682+00,OK,,14936,1,0,"{""result"": {""status"": ""OK"", ""run_time"": ""2026-07-20T19:54:23.315610+00:00"", ""upserted"": 0, ""signals_ranked"": 1, ""brain_available"": true, ""signals_scanned"": 1, ""signals_approved"": 0, ""signals_excellent"": 0, ""invariant_breaches"": 0, ""trace_nodes_logged"": [""snapshot"", ""pre_flight"", ""scan"", ""gate"", ""state"", ""unknown"", ""upsert"", ""invariants"", ""cleanup"", ""rank""]}}",2026-07-20 19:54:38.284945+00
1229,2026-07-20 19:59:55.219843+00,OK,,16800,1,0,"{""result"": {""status"": ""OK"", ""run_time"": ""2026-07-20T19:59:38.337283+00:00"", ""upserted"": 0, ""signals_ranked"": 1, ""brain_available"": true, ""signals_scanned"": 1, ""signals_approved"": 0, ""signals_excellent"": 0, ""invariant_breaches"": 0, ""trace_nodes_logged"": [""snapshot"", ""pre_flight"", ""scan"", ""gate"", ""state"", ""unknown"", ""upsert"", ""invariants"", ""cleanup"", ""rank""]}}",2026-07-20 19:59:55.220845+00
1230,2026-07-20 20:05:13.424889+00,OK,,18099,1,0,"{""result"": {""status"": ""OK"", ""run_time"": ""2026-07-20T20:04:55.285690+00:00"", ""upserted"": 0, ""signals_ranked"": 1, ""brain_available"": true, ""signals_scanned"": 1, ""signals_approved"": 0, ""signals_excellent"": 0, ""invariant_breaches"": 0, ""trace_nodes_logged"": [""snapshot"", ""pre_flight"", ""scan"", ""gate"", ""state"", ""unknown"", ""upsert"", ""invariants"", ""cleanup"", ""rank""]}}",2026-07-20 20:05:13.428848+00
1231,2026-07-20 20:10:27.55359+00,OK,,13974,1,0,"{""result"": {""status"": ""OK"", ""run_time"": ""2026-07-20T20:10:13.529894+00:00"", ""upserted"": 0, ""signals_ranked"": 1, ""brain_available"": true, ""signals_scanned"": 1, ""signals_approved"": 0, ""signals_excellent"": 0, ""invariant_breaches"": 0, ""trace_nodes_logged"": [""snapshot"", ""pre_flight"", ""scan"", ""gate"", ""state"", ""unknown"", ""upsert"", ""invariants"", ""cleanup"", ""rank""]}}",2026-07-20 20:10:27.553848+00
1232,2026-07-20 20:15:42.538707+00,OK,,14908,1,0,"{""result"": {""status"": ""OK"", ""run_time"": ""2026-07-20T20:15:27.595639+00:00"", ""upserted"": 0, ""signals_ranked"": 1, ""brain_available"": true, ""signals_scanned"": 1, ""signals_approved"": 0, ""signals_excellent"": 0, ""invariant_breaches"": 0, ""trace_nodes_logged"": [""snapshot"", ""pre_flight"", ""scan"", ""gate"", ""state"", ""unknown"", ""upsert"", ""invariants"", ""cleanup"", ""rank""]}}",2026-07-20 20:15:42.541005+00
1233,2026-07-20 20:20:58.261167+00,OK,,15642,1,0,"{""result"": {""status"": ""OK"", ""run_time"": ""2026-07-20T20:20:42.583974+00:00"", ""upserted"": 0, ""signals_ranked"": 1, ""brain_available"": true, ""signals_scanned"": 1, ""signals_approved"": 0, ""signals_excellent"": 0, ""invariant_breaches"": 0, ""trace_nodes_logged"": [""snapshot"", ""pre_flight"", ""scan"", ""gate"", ""state"", ""unknown"", ""upsert"", ""invariants"", ""cleanup"", ""rank""]}}",2026-07-20 20:20:58.261358+00
1234,2026-07-20 20:26:12.518532+00,OK,,14175,1,0,"{""result"": {""status"": ""OK"", ""run_time"": ""2026-07-20T20:25:58.301849+00:00"", ""upserted"": 0, ""signals_ranked"": 1, ""brain_available"": true, ""signals_scanned"": 1, ""signals_approved"": 0, ""signals_excellent"": 0, ""invariant_breaches"": 0, ""trace_nodes_logged"": [""snapshot"", ""pre_flight"", ""scan"", ""gate"", ""state"", ""unknown"", ""upsert"", ""invariants"", ""cleanup"", ""rank""]}}",2026-07-20 20:26:12.518739+00
1235,2026-07-20 20:31:28.471659+00,OK,,15873,2,1,"{""result"": {""status"": ""OK"", ""run_time"": ""2026-07-20T20:31:12.562116+00:00"", ""upserted"": 1, ""signals_ranked"": 2, ""brain_available"": true, ""signals_scanned"": 2, ""signals_approved"": 1, ""signals_excellent"": 0, ""invariant_breaches"": 0, ""trace_nodes_logged"": [""snapshot"", ""pre_flight"", ""scan"", ""gate"", ""state"", ""unknown"", ""upsert"", ""invariants"", ""cleanup"", ""rank""]}}",2026-07-20 20:31:28.471874+00
1236,2026-07-20 20:36:46.709669+00,OK,,18176,2,0,"{""result"": {""status"": ""OK"", ""run_time"": ""2026-07-20T20:36:28.509622+00:00"", ""upserted"": 0, ""signals_ranked"": 2, ""brain_available"": true, ""signals_scanned"": 2, ""signals_approved"": 0, ""signals_excellent"": 0, ""invariant_breaches"": 0, ""trace_nodes_logged"": [""snapshot"", ""pre_flight"", ""scan"", ""gate"", ""state"", ""unknown"", ""upsert"", ""invariants"", ""cleanup"", ""rank""]}}",2026-07-20 20:36:46.709885+00
1237,2026-07-20 20:42:04.01176+00,OK,,17230,2,0,"{""result"": {""status"": ""OK"", ""run_time"": ""2026-07-20T20:41:46.737015+00:00"", ""upserted"": 0, ""signals_ranked"": 2, ""brain_available"": true, ""signals_scanned"": 2, ""signals_approved"": 0, ""signals_excellent"": 0, ""invariant_breaches"": 0, ""trace_nodes_logged"": [""snapshot"", ""pre_flight"", ""scan"", ""gate"", ""state"", ""unknown"", ""upsert"", ""invariants"", ""cleanup"", ""rank""]}}",2026-07-20 20:42:04.012862+00
1238,2026-07-20 20:47:20.868381+00,OK,,16771,2,0,"{""result"": {""status"": ""OK"", ""run_time"": ""2026-07-20T20:47:04.054846+00:00"", ""upserted"": 0, ""signals_ranked"": 2, ""brain_available"": true, ""signals_scanned"": 2, ""signals_approved"": 0, ""signals_excellent"": 0, ""invariant_breaches"": 0, ""trace_nodes_logged"": [""snapshot"", ""pre_flight"", ""scan"", ""gate"", ""state"", ""unknown"", ""upsert"", ""invariants"", ""cleanup"", ""rank""]}}",2026-07-20 20:47:20.868568+00
1239,2026-07-20 20:52:37.449442+00,OK,,16398,2,0,"{""result"": {""status"": ""OK"", ""run_time"": ""2026-07-20T20:52:20.998487+00:00"", ""upserted"": 0, ""signals_ranked"": 2, ""brain_available"": true, ""signals_scanned"": 2, ""signals_approved"": 0, ""signals_excellent"": 0, ""invariant_breaches"": 0, ""trace_nodes_logged"": [""snapshot"", ""pre_flight"", ""scan"", ""gate"", ""state"", ""unknown"", ""upsert"", ""invariants"", ""cleanup"", ""rank""]}}",2026-07-20 20:52:37.451851+00
1240,2026-07-20 20:57:53.028914+00,OK,,15486,2,0,"{""result"": {""status"": ""OK"", ""run_time"": ""2026-07-20T20:57:37.509851+00:00"", ""upserted"": 0, ""signals_ranked"": 2, ""brain_available"": true, ""signals_scanned"": 2, ""signals_approved"": 0, ""signals_excellent"": 0, ""invariant_breaches"": 0, ""trace_nodes_logged"": [""snapshot"", ""pre_flight"", ""scan"", ""gate"", ""state"", ""unknown"", ""upsert"", ""invariants"", ""cleanup"", ""rank""]}}",2026-07-20 20:57:53.029132+00
1241,2026-07-20 21:03:10.363306+00,OK,,17246,2,0,"{""result"": {""status"": ""OK"", ""run_time"": ""2026-07-20T21:02:53.061140+00:00"", ""upserted"": 0, ""signals_ranked"": 2, ""brain_available"": true, ""signals_scanned"": 2, ""signals_approved"": 0, ""signals_excellent"": 0, ""invariant_breaches"": 0, ""trace_nodes_logged"": [""snapshot"", ""pre_flight"", ""scan"", ""gate"", ""state"", ""unknown"", ""upsert"", ""invariants"", ""cleanup"", ""rank""]}}",2026-07-20 21:03:10.365643+00
1242,2026-07-20 21:08:26.410955+00,OK,,15922,2,0,"{""result"": {""status"": ""OK"", ""run_time"": ""2026-07-20T21:08:10.456817+00:00"", ""upserted"": 0, ""signals_ranked"": 2, ""brain_available"": true, ""signals_scanned"": 2, ""signals_approved"": 0, ""signals_excellent"": 0, ""invariant_breaches"": 0, ""trace_nodes_logged"": [""snapshot"", ""pre_flight"", ""scan"", ""gate"", ""state"", ""unknown"", ""upsert"", ""invariants"", ""cleanup"", ""rank""]}}",2026-07-20 21:08:26.412849+00
1243,2026-07-20 21:13:44.001833+00,OK,,17516,2,0,"{""result"": {""status"": ""OK"", ""run_time"": ""2026-07-20T21:13:26.452677+00:00"", ""upserted"": 0, ""signals_ranked"": 2, ""brain_available"": true, ""signals_scanned"": 2, ""signals_approved"": 0, ""signals_excellent"": 0, ""invariant_breaches"": 0, ""trace_nodes_logged"": [""snapshot"", ""pre_flight"", ""scan"", ""gate"", ""state"", ""unknown"", ""upsert"", ""invariants"", ""cleanup"", ""rank""]}}",2026-07-20 21:13:44.002851+00
1244,2026-07-20 21:19:00.622453+00,OK,,16510,2,0,"{""result"": {""status"": ""OK"", ""run_time"": ""2026-07-20T21:18:44.052846+00:00"", ""upserted"": 0, ""signals_ranked"": 2, ""brain_available"": true, ""signals_scanned"": 2, ""signals_approved"": 0, ""signals_excellent"": 0, ""invariant_breaches"": 0, ""trace_nodes_logged"": [""snapshot"", ""pre_flight"", ""scan"", ""gate"", ""state"", ""unknown"", ""upsert"", ""invariants"", ""cleanup"", ""rank""]}}",2026-07-20 21:19:00.622681+00
1245,2026-07-20 21:24:17.695691+00,OK,,16961,2,0,"{""result"": {""status"": ""OK"", ""run_time"": ""2026-07-20T21:24:00.686342+00:00"", ""upserted"": 0, ""signals_ranked"": 2, ""brain_available"": true, ""signals_scanned"": 2, ""signals_approved"": 0, ""signals_excellent"": 0, ""invariant_breaches"": 0, ""trace_nodes_logged"": [""snapshot"", ""pre_flight"", ""scan"", ""gate"", ""state"", ""unknown"", ""upsert"", ""invariants"", ""cleanup"", ""rank""]}}",2026-07-20 21:24:17.69607+00
1246,2026-07-20 21:29:34.383291+00,OK,,16585,2,0,"{""result"": {""status"": ""OK"", ""run_time"": ""2026-07-20T21:29:17.750744+00:00"", ""upserted"": 0, ""signals_ranked"": 1, ""brain_available"": true, ""signals_scanned"": 2, ""signals_approved"": 0, ""signals_excellent"": 0, ""invariant_breaches"": 0, ""trace_nodes_logged"": [""snapshot"", ""pre_flight"", ""scan"", ""gate"", ""state"", ""unknown"", ""upsert"", ""invariants"", ""cleanup"", ""rank""]}}",2026-07-20 21:29:34.384863+00
1247,2026-07-20 21:34:51.264442+00,OK,,16779,1,0,"{""result"": {""status"": ""OK"", ""run_time"": ""2026-07-20T21:34:34.433185+00:00"", ""upserted"": 0, ""signals_ranked"": 1, ""brain_available"": true, ""signals_scanned"": 1, ""signals_approved"": 0, ""signals_excellent"": 0, ""invariant_breaches"": 0, ""trace_nodes_logged"": [""snapshot"", ""pre_flight"", ""scan"", ""gate"", ""state"", ""unknown"", ""upsert"", ""invariants"", ""cleanup"", ""rank""]}}",2026-07-20 21:34:51.26465+00
1248,2026-07-20 21:40:08.28194+00,OK,,16933,1,0,"{""result"": {""status"": ""OK"", ""run_time"": ""2026-07-20T21:39:51.319582+00:00"", ""upserted"": 0, ""signals_ranked"": 1, ""brain_available"": true, ""signals_scanned"": 1, ""signals_approved"": 0, ""signals_excellent"": 0, ""invariant_breaches"": 0, ""trace_nodes_logged"": [""snapshot"", ""pre_flight"", ""scan"", ""gate"", ""state"", ""unknown"", ""upsert"", ""invariants"", ""cleanup"", ""rank""]}}",2026-07-20 21:40:08.282165+00
1249,2026-07-20 21:45:25.647366+00,OK,,17275,1,0,"{""result"": {""status"": ""OK"", ""run_time"": ""2026-07-20T21:45:08.325632+00:00"", ""upserted"": 0, ""signals_ranked"": 1, ""brain_available"": true, ""signals_scanned"": 1, ""signals_approved"": 0, ""signals_excellent"": 0, ""invariant_breaches"": 0, ""trace_nodes_logged"": [""snapshot"", ""pre_flight"", ""scan"", ""gate"", ""state"", ""unknown"", ""upsert"", ""invariants"", ""cleanup"", ""rank""]}}",2026-07-20 21:45:25.647581+00
1250,2026-07-20 21:50:44.115948+00,OK,,18374,1,0,"{""result"": {""status"": ""OK"", ""run_time"": ""2026-07-20T21:50:25.697847+00:00"", ""upserted"": 0, ""signals_ranked"": 1, ""brain_available"": true, ""signals_scanned"": 1, ""signals_approved"": 0, ""signals_excellent"": 0, ""invariant_breaches"": 0, ""trace_nodes_logged"": [""snapshot"", ""pre_flight"", ""scan"", ""gate"", ""state"", ""unknown"", ""upsert"", ""invariants"", ""cleanup"", ""rank""]}}",2026-07-20 21:50:44.116172+00
1251,2026-07-20 21:56:00.303843+00,OK,,16094,1,0,"{""result"": {""status"": ""OK"", ""run_time"": ""2026-07-20T21:55:44.164920+00:00"", ""upserted"": 0, ""signals_ranked"": 1, ""brain_available"": true, ""signals_scanned"": 1, ""signals_approved"": 0, ""signals_excellent"": 0, ""invariant_breaches"": 0, ""trace_nodes_logged"": [""snapshot"", ""pre_flight"", ""scan"", ""gate"", ""state"", ""unknown"", ""upsert"", ""invariants"", ""cleanup"", ""rank""]}}",2026-07-20 21:56:00.304056+00
1252,2026-07-20 22:01:18.054572+00,OK,,17649,1,0,"{""result"": {""status"": ""OK"", ""run_time"": ""2026-07-20T22:01:00.349873+00:00"", ""upserted"": 0, ""signals_ranked"": 1, ""brain_available"": true, ""signals_scanned"": 1, ""signals_approved"": 0, ""signals_excellent"": 0, ""invariant_breaches"": 0, ""trace_nodes_logged"": [""snapshot"", ""pre_flight"", ""scan"", ""gate"", ""state"", ""unknown"", ""upsert"", ""invariants"", ""cleanup"", ""rank""]}}",2026-07-20 22:01:18.055249+00
1253,2026-07-20 22:06:36.011225+00,OK,,17858,1,0,"{""result"": {""status"": ""OK"", ""run_time"": ""2026-07-20T22:06:18.102850+00:00"", ""upserted"": 0, ""signals_ranked"": 1, ""brain_available"": true, ""signals_scanned"": 1, ""signals_approved"": 0, ""signals_excellent"": 0, ""invariant_breaches"": 0, ""trace_nodes_logged"": [""snapshot"", ""pre_flight"", ""scan"", ""gate"", ""state"", ""unknown"", ""upsert"", ""invariants"", ""cleanup"", ""rank""]}}",2026-07-20 22:06:36.013854+00
1254,2026-07-20 22:11:53.730611+00,OK,,17633,1,0,"{""result"": {""status"": ""OK"", ""run_time"": ""2026-07-20T22:11:36.066026+00:00"", ""upserted"": 0, ""signals_ranked"": 1, ""brain_available"": true, ""signals_scanned"": 1, ""signals_approved"": 0, ""signals_excellent"": 0, ""invariant_breaches"": 0, ""trace_nodes_logged"": [""snapshot"", ""pre_flight"", ""scan"", ""gate"", ""state"", ""unknown"", ""upsert"", ""invariants"", ""cleanup"", ""rank""]}}",2026-07-20 22:11:53.730817+00
1255,2026-07-20 22:17:09.784972+00,OK,,15984,1,0,"{""result"": {""status"": ""OK"", ""run_time"": ""2026-07-20T22:16:53.756171+00:00"", ""upserted"": 0, ""signals_ranked"": 1, ""brain_available"": true, ""signals_scanned"": 1, ""signals_approved"": 0, ""signals_excellent"": 0, ""invariant_breaches"": 0, ""trace_nodes_logged"": [""snapshot"", ""pre_flight"", ""scan"", ""gate"", ""state"", ""unknown"", ""upsert"", ""invariants"", ""cleanup"", ""rank""]}}",2026-07-20 22:17:09.785197+00
1256,2026-07-20 22:22:25.946822+00,OK,,16079,1,0,"{""result"": {""status"": ""OK"", ""run_time"": ""2026-07-20T22:22:09.828874+00:00"", ""upserted"": 0, ""signals_ranked"": 1, ""brain_available"": true, ""signals_scanned"": 1, ""signals_approved"": 0, ""signals_excellent"": 0, ""invariant_breaches"": 0, ""trace_nodes_logged"": [""snapshot"", ""pre_flight"", ""scan"", ""gate"", ""state"", ""unknown"", ""upsert"", ""invariants"", ""cleanup"", ""rank""]}}",2026-07-20 22:22:25.947043+00
1257,2026-07-20 22:27:41.438899+00,OK,,15423,1,0,"{""result"": {""status"": ""OK"", ""run_time"": ""2026-07-20T22:27:25.976358+00:00"", ""upserted"": 0, ""signals_ranked"": 1, ""brain_available"": true, ""signals_scanned"": 1, ""signals_approved"": 0, ""signals_excellent"": 0, ""invariant_breaches"": 0, ""trace_nodes_logged"": [""snapshot"", ""pre_flight"", ""scan"", ""gate"", ""state"", ""unknown"", ""upsert"", ""invariants"", ""cleanup"", ""rank""]}}",2026-07-20 22:27:41.44242+00
1258,2026-07-20 22:32:56.507068+00,OK,,14962,0,0,"{""result"": {""status"": ""OK"", ""run_time"": ""2026-07-20T22:32:41.508712+00:00"", ""upserted"": 0, ""signals_ranked"": 1, ""brain_available"": true, ""signals_scanned"": 0, ""signals_approved"": 0, ""signals_excellent"": 0, ""invariant_breaches"": 0, ""trace_nodes_logged"": [""snapshot"", ""pre_flight"", ""scan"", ""gate"", ""state"", ""unknown"", ""upsert"", ""invariants"", ""cleanup"", ""rank""]}}",2026-07-20 22:32:56.507283+00
1259,2026-07-20 22:38:12.695706+00,OK,,16118,0,0,"{""result"": {""status"": ""OK"", ""run_time"": ""2026-07-20T22:37:56.536850+00:00"", ""upserted"": 0, ""signals_ranked"": 1, ""brain_available"": true, ""signals_scanned"": 0, ""signals_approved"": 0, ""signals_excellent"": 0, ""invariant_breaches"": 0, ""trace_nodes_logged"": [""snapshot"", ""pre_flight"", ""scan"", ""gate"", ""state"", ""unknown"", ""upsert"", ""invariants"", ""cleanup"", ""rank""]}}",2026-07-20 22:38:12.700859+00
1260,2026-07-20 22:43:29.421537+00,OK,,16630,0,0,"{""result"": {""status"": ""OK"", ""run_time"": ""2026-07-20T22:43:12.755531+00:00"", ""upserted"": 0, ""signals_ranked"": 1, ""brain_available"": true, ""signals_scanned"": 0, ""signals_approved"": 0, ""signals_excellent"": 0, ""invariant_breaches"": 0, ""trace_nodes_logged"": [""snapshot"", ""pre_flight"", ""scan"", ""gate"", ""state"", ""unknown"", ""upsert"", ""invariants"", ""cleanup"", ""rank""]}}",2026-07-20 22:43:29.421731+00
1261,2026-07-20 22:48:45.255762+00,OK,,15727,0,0,"{""result"": {""status"": ""OK"", ""run_time"": ""2026-07-20T22:48:29.459783+00:00"", ""upserted"": 0, ""signals_ranked"": 1, ""brain_available"": true, ""signals_scanned"": 0, ""signals_approved"": 0, ""signals_excellent"": 0, ""invariant_breaches"": 0, ""trace_nodes_logged"": [""snapshot"", ""pre_flight"", ""scan"", ""gate"", ""state"", ""unknown"", ""upsert"", ""invariants"", ""cleanup"", ""rank""]}}",2026-07-20 22:48:45.257464+00
1262,2026-07-20 22:54:00.499907+00,OK,,15172,0,0,"{""result"": {""status"": ""OK"", ""run_time"": ""2026-07-20T22:53:45.294797+00:00"", ""upserted"": 0, ""signals_ranked"": 1, ""brain_available"": true, ""signals_scanned"": 0, ""signals_approved"": 0, ""signals_excellent"": 0, ""invariant_breaches"": 0, ""trace_nodes_logged"": [""snapshot"", ""pre_flight"", ""scan"", ""gate"", ""state"", ""unknown"", ""upsert"", ""invariants"", ""cleanup"", ""rank""]}}",2026-07-20 22:54:00.500124+00
1263,2026-07-20 22:59:16.547204+00,OK,,15955,0,0,"{""result"": {""status"": ""OK"", ""run_time"": ""2026-07-20T22:59:00.545380+00:00"", ""upserted"": 0, ""signals_ranked"": 1, ""brain_available"": true, ""signals_scanned"": 0, ""signals_approved"": 0, ""signals_excellent"": 0, ""invariant_breaches"": 0, ""trace_nodes_logged"": [""snapshot"", ""pre_flight"", ""scan"", ""gate"", ""state"", ""unknown"", ""upsert"", ""invariants"", ""cleanup"", ""rank""]}}",2026-07-20 22:59:16.547558+00
1264,2026-07-20 23:04:33.613985+00,OK,,16994,0,0,"{""result"": {""status"": ""OK"", ""run_time"": ""2026-07-20T23:04:16.589579+00:00"", ""upserted"": 0, ""signals_ranked"": 1, ""brain_available"": true, ""signals_scanned"": 0, ""signals_approved"": 0, ""signals_excellent"": 0, ""invariant_breaches"": 0, ""trace_nodes_logged"": [""snapshot"", ""pre_flight"", ""scan"", ""gate"", ""state"", ""unknown"", ""upsert"", ""invariants"", ""cleanup"", ""rank""]}}",2026-07-20 23:04:33.614558+00
1265,2026-07-20 23:09:50.683748+00,OK,,16989,0,0,"{""result"": {""status"": ""OK"", ""run_time"": ""2026-07-20T23:09:33.663856+00:00"", ""upserted"": 0, ""signals_ranked"": 1, ""brain_available"": true, ""signals_scanned"": 0, ""signals_approved"": 0, ""signals_excellent"": 0, ""invariant_breaches"": 0, ""trace_nodes_logged"": [""snapshot"", ""pre_flight"", ""scan"", ""gate"", ""state"", ""unknown"", ""upsert"", ""invariants"", ""cleanup"", ""rank""]}}",2026-07-20 23:09:50.683962+00
1266,2026-07-20 23:15:06.511877+00,OK,,15731,0,0,"{""result"": {""status"": ""OK"", ""run_time"": ""2026-07-20T23:14:50.725844+00:00"", ""upserted"": 0, ""signals_ranked"": 1, ""brain_available"": true, ""signals_scanned"": 0, ""signals_approved"": 0, ""signals_excellent"": 0, ""invariant_breaches"": 0, ""trace_nodes_logged"": [""snapshot"", ""pre_flight"", ""scan"", ""gate"", ""state"", ""unknown"", ""upsert"", ""invariants"", ""cleanup"", ""rank""]}}",2026-07-20 23:15:06.512104+00
1267,2026-07-20 23:20:24.047471+00,OK,,17453,0,0,"{""result"": {""status"": ""OK"", ""run_time"": ""2026-07-20T23:20:06.574195+00:00"", ""upserted"": 0, ""signals_ranked"": 1, ""brain_available"": true, ""signals_scanned"": 0, ""signals_approved"": 0, ""signals_excellent"": 0, ""invariant_breaches"": 0, ""trace_nodes_logged"": [""snapshot"", ""pre_flight"", ""scan"", ""gate"", ""state"", ""unknown"", ""upsert"", ""invariants"", ""cleanup"", ""rank""]}}",2026-07-20 23:20:24.047671+00
1268,2026-07-20 23:25:39.744935+00,OK,,15624,0,0,"{""result"": {""status"": ""OK"", ""run_time"": ""2026-07-20T23:25:24.075848+00:00"", ""upserted"": 0, ""signals_ranked"": 1, ""brain_available"": true, ""signals_scanned"": 0, ""signals_approved"": 0, ""signals_excellent"": 0, ""invariant_breaches"": 0, ""trace_nodes_logged"": [""snapshot"", ""pre_flight"", ""scan"", ""gate"", ""state"", ""unknown"", ""upsert"", ""invariants"", ""cleanup"", ""rank""]}}",2026-07-20 23:25:39.745157+00
1269,2026-07-20 23:30:55.491776+00,OK,,15658,0,0,"{""result"": {""status"": ""OK"", ""run_time"": ""2026-07-20T23:30:39.791870+00:00"", ""upserted"": 0, ""signals_ranked"": 0, ""brain_available"": true, ""signals_scanned"": 0, ""signals_approved"": 0, ""signals_excellent"": 0, ""invariant_breaches"": 0, ""trace_nodes_logged"": [""snapshot"", ""pre_flight"", ""scan"", ""gate"", ""state"", ""unknown"", ""upsert"", ""invariants"", ""cleanup"", ""rank""]}}",2026-07-20 23:30:55.492963+00
1270,2026-07-20 23:36:11.393747+00,OK,,15817,0,0,"{""result"": {""status"": ""OK"", ""run_time"": ""2026-07-20T23:35:55.536845+00:00"", ""upserted"": 0, ""signals_ranked"": 0, ""brain_available"": true, ""signals_scanned"": 0, ""signals_approved"": 0, ""signals_excellent"": 0, ""invariant_breaches"": 0, ""trace_nodes_logged"": [""snapshot"", ""pre_flight"", ""scan"", ""gate"", ""state"", ""unknown"", ""upsert"", ""invariants"", ""cleanup"", ""rank""]}}",2026-07-20 23:36:11.393973+00
1271,2026-07-20 23:41:27.28641+00,OK,,15821,0,0,"{""result"": {""status"": ""OK"", ""run_time"": ""2026-07-20T23:41:11.434402+00:00"", ""upserted"": 0, ""signals_ranked"": 0, ""brain_available"": true, ""signals_scanned"": 0, ""signals_approved"": 0, ""signals_excellent"": 0, ""invariant_breaches"": 0, ""trace_nodes_logged"": [""snapshot"", ""pre_flight"", ""scan"", ""gate"", ""state"", ""unknown"", ""upsert"", ""invariants"", ""cleanup"", ""rank""]}}",2026-07-20 23:41:27.286599+00
1272,2026-07-20 23:46:44.586288+00,OK,,17224,0,0,"{""result"": {""status"": ""OK"", ""run_time"": ""2026-07-20T23:46:27.324296+00:00"", ""upserted"": 0, ""signals_ranked"": 0, ""brain_available"": true, ""signals_scanned"": 0, ""signals_approved"": 0, ""signals_excellent"": 0, ""invariant_breaches"": 0, ""trace_nodes_logged"": [""snapshot"", ""pre_flight"", ""scan"", ""gate"", ""state"", ""unknown"", ""upsert"", ""invariants"", ""cleanup"", ""rank""]}}",2026-07-20 23:46:44.588851+00
1273,2026-07-20 23:52:01.322467+00,OK,,16634,0,0,"{""result"": {""status"": ""OK"", ""run_time"": ""2026-07-20T23:51:44.635822+00:00"", ""upserted"": 0, ""signals_ranked"": 0, ""brain_available"": true, ""signals_scanned"": 0, ""signals_approved"": 0, ""signals_excellent"": 0, ""invariant_breaches"": 0, ""trace_nodes_logged"": [""snapshot"", ""pre_flight"", ""scan"", ""gate"", ""state"", ""unknown"", ""upsert"", ""invariants"", ""cleanup"", ""rank""]}}",2026-07-20 23:52:01.322678+00
1274,2026-07-20 23:57:18.032388+00,OK,,16605,0,0,"{""result"": {""status"": ""OK"", ""run_time"": ""2026-07-20T23:57:01.378232+00:00"", ""upserted"": 0, ""signals_ranked"": 0, ""brain_available"": true, ""signals_scanned"": 0, ""signals_approved"": 0, ""signals_excellent"": 0, ""invariant_breaches"": 0, ""trace_nodes_logged"": [""snapshot"", ""pre_flight"", ""scan"", ""gate"", ""state"", ""unknown"", ""upsert"", ""invariants"", ""cleanup"", ""rank""]}}",2026-07-20 23:57:18.034875+00
1275,2026-07-21 00:02:34.557703+00,OK,,16440,0,0,"{""result"": {""status"": ""OK"", ""run_time"": ""2026-07-21T00:02:18.080607+00:00"", ""upserted"": 0, ""signals_ranked"": 0, ""brain_available"": true, ""signals_scanned"": 0, ""signals_approved"": 0, ""signals_excellent"": 0, ""invariant_breaches"": 0, ""trace_nodes_logged"": [""snapshot"", ""pre_flight"", ""scan"", ""gate"", ""state"", ""unknown"", ""upsert"", ""invariants"", ""cleanup"", ""rank""]}}",2026-07-21 00:02:34.557937+00
1276,2026-07-21 00:07:50.478169+00,OK,,15836,0,0,"{""result"": {""status"": ""OK"", ""run_time"": ""2026-07-21T00:07:34.599861+00:00"", ""upserted"": 0, ""signals_ranked"": 0, ""brain_available"": true, ""signals_scanned"": 0, ""signals_approved"": 0, ""signals_excellent"": 0, ""invariant_breaches"": 0, ""trace_nodes_logged"": [""snapshot"", ""pre_flight"", ""scan"", ""gate"", ""state"", ""unknown"", ""upsert"", ""invariants"", ""cleanup"", ""rank""]}}",2026-07-21 00:07:50.480295+00
1277,2026-07-21 00:13:08.472552+00,OK,,17860,0,0,"{""result"": {""status"": ""OK"", ""run_time"": ""2026-07-21T00:12:50.566802+00:00"", ""upserted"": 0, ""signals_ranked"": 0, ""brain_available"": true, ""signals_scanned"": 0, ""signals_approved"": 0, ""signals_excellent"": 0, ""invariant_breaches"": 0, ""trace_nodes_logged"": [""snapshot"", ""pre_flight"", ""scan"", ""gate"", ""state"", ""unknown"", ""upsert"", ""invariants"", ""cleanup"", ""rank""]}}",2026-07-21 00:13:08.472754+00
1278,2026-07-21 00:18:26.002089+00,OK,,17440,0,0,"{""result"": {""status"": ""OK"", ""run_time"": ""2026-07-21T00:18:08.528318+00:00"", ""upserted"": 0, ""signals_ranked"": 0, ""brain_available"": true, ""signals_scanned"": 0, ""signals_approved"": 0, ""signals_excellent"": 0, ""invariant_breaches"": 0, ""trace_nodes_logged"": [""snapshot"", ""pre_flight"", ""scan"", ""gate"", ""state"", ""unknown"", ""upsert"", ""invariants"", ""cleanup"", ""rank""]}}",2026-07-21 00:18:26.002287+00
1279,2026-07-21 00:23:45.289648+00,OK,,19168,0,0,"{""result"": {""status"": ""OK"", ""run_time"": ""2026-07-21T00:23:26.045535+00:00"", ""upserted"": 0, ""signals_ranked"": 0, ""brain_available"": true, ""signals_scanned"": 0, ""signals_approved"": 0, ""signals_excellent"": 0, ""invariant_breaches"": 0, ""trace_nodes_logged"": [""snapshot"", ""pre_flight"", ""scan"", ""gate"", ""state"", ""unknown"", ""upsert"", ""invariants"", ""cleanup"", ""rank""]}}",2026-07-21 00:23:45.289894+00
1280,2026-07-21 00:29:03.914932+00,OK,,18537,0,0,"{""result"": {""status"": ""OK"", ""run_time"": ""2026-07-21T00:28:45.347860+00:00"", ""upserted"": 0, ""signals_ranked"": 0, ""brain_available"": true, ""signals_scanned"": 0, ""signals_approved"": 0, ""signals_excellent"": 0, ""invariant_breaches"": 0, ""trace_nodes_logged"": [""snapshot"", ""pre_flight"", ""scan"", ""gate"", ""state"", ""unknown"", ""upsert"", ""invariants"", ""cleanup"", ""rank""]}}",2026-07-21 00:29:03.915147+00
1281,2026-07-21 00:34:22.193973+00,OK,,18201,0,0,"{""result"": {""status"": ""OK"", ""run_time"": ""2026-07-21T00:34:03.957313+00:00"", ""upserted"": 0, ""signals_ranked"": 0, ""brain_available"": true, ""signals_scanned"": 0, ""signals_approved"": 0, ""signals_excellent"": 0, ""invariant_breaches"": 0, ""trace_nodes_logged"": [""snapshot"", ""pre_flight"", ""scan"", ""gate"", ""state"", ""unknown"", ""upsert"", ""invariants"", ""cleanup"", ""rank""]}}",2026-07-21 00:34:22.194198+00
1282,2026-07-21 00:39:41.194936+00,OK,,18915,0,0,"{""result"": {""status"": ""OK"", ""run_time"": ""2026-07-21T00:39:22.250453+00:00"", ""upserted"": 0, ""signals_ranked"": 0, ""brain_available"": true, ""signals_scanned"": 0, ""signals_approved"": 0, ""signals_excellent"": 0, ""invariant_breaches"": 0, ""trace_nodes_logged"": [""snapshot"", ""pre_flight"", ""scan"", ""gate"", ""state"", ""unknown"", ""upsert"", ""invariants"", ""cleanup"", ""rank""]}}",2026-07-21 00:39:41.195971+00
1283,2026-07-21 00:44:58.880109+00,OK,,17605,0,0,"{""result"": {""status"": ""OK"", ""run_time"": ""2026-07-21T00:44:41.236012+00:00"", ""upserted"": 0, ""signals_ranked"": 0, ""brain_available"": true, ""signals_scanned"": 0, ""signals_approved"": 0, ""signals_excellent"": 0, ""invariant_breaches"": 0, ""trace_nodes_logged"": [""snapshot"", ""pre_flight"", ""scan"", ""gate"", ""state"", ""unknown"", ""upsert"", ""invariants"", ""cleanup"", ""rank""]}}",2026-07-21 00:44:58.880426+00
1284,2026-07-21 00:50:16.772411+00,OK,,17817,0,0,"{""result"": {""status"": ""OK"", ""run_time"": ""2026-07-21T00:49:58.909915+00:00"", ""upserted"": 0, ""signals_ranked"": 0, ""brain_available"": true, ""signals_scanned"": 0, ""signals_approved"": 0, ""signals_excellent"": 0, ""invariant_breaches"": 0, ""trace_nodes_logged"": [""snapshot"", ""pre_flight"", ""scan"", ""gate"", ""state"", ""unknown"", ""upsert"", ""invariants"", ""cleanup"", ""rank""]}}",2026-07-21 00:50:16.772795+00
1285,2026-07-21 00:55:33.665258+00,OK,,16792,0,0,"{""result"": {""status"": ""OK"", ""run_time"": ""2026-07-21T00:55:16.837350+00:00"", ""upserted"": 0, ""signals_ranked"": 0, ""brain_available"": true, ""signals_scanned"": 0, ""signals_approved"": 0, ""signals_excellent"": 0, ""invariant_breaches"": 0, ""trace_nodes_logged"": [""snapshot"", ""pre_flight"", ""scan"", ""gate"", ""state"", ""unknown"", ""upsert"", ""invariants"", ""cleanup"", ""rank""]}}",2026-07-21 00:55:33.665468+00
1286,2026-07-21 01:00:52.824489+00,OK,,19104,0,0,"{""result"": {""status"": ""OK"", ""run_time"": ""2026-07-21T01:00:33.691573+00:00"", ""upserted"": 0, ""signals_ranked"": 0, ""brain_available"": true, ""signals_scanned"": 0, ""signals_approved"": 0, ""signals_excellent"": 0, ""invariant_breaches"": 0, ""trace_nodes_logged"": [""snapshot"", ""pre_flight"", ""scan"", ""gate"", ""state"", ""unknown"", ""upsert"", ""invariants"", ""cleanup"", ""rank""]}}",2026-07-21 01:00:52.82469+00
1287,2026-07-21 01:06:10.171648+00,OK,,17254,0,0,"{""result"": {""status"": ""OK"", ""run_time"": ""2026-07-21T01:05:52.854363+00:00"", ""upserted"": 0, ""signals_ranked"": 0, ""brain_available"": true, ""signals_scanned"": 0, ""signals_approved"": 0, ""signals_excellent"": 0, ""invariant_breaches"": 0, ""trace_nodes_logged"": [""snapshot"", ""pre_flight"", ""scan"", ""gate"", ""state"", ""unknown"", ""upsert"", ""invariants"", ""cleanup"", ""rank""]}}",2026-07-21 01:06:10.171935+00
1288,2026-07-21 01:11:28.341659+00,OK,,18073,0,0,"{""result"": {""status"": ""OK"", ""run_time"": ""2026-07-21T01:11:10.238456+00:00"", ""upserted"": 0, ""signals_ranked"": 0, ""brain_available"": true, ""signals_scanned"": 0, ""signals_approved"": 0, ""signals_excellent"": 0, ""invariant_breaches"": 0, ""trace_nodes_logged"": [""snapshot"", ""pre_flight"", ""scan"", ""gate"", ""state"", ""unknown"", ""upsert"", ""invariants"", ""cleanup"", ""rank""]}}",2026-07-21 01:11:28.342434+00
1289,2026-07-21 01:16:45.501638+00,OK,,17061,0,0,"{""result"": {""status"": ""OK"", ""run_time"": ""2026-07-21T01:16:28.407701+00:00"", ""upserted"": 0, ""signals_ranked"": 0, ""brain_available"": true, ""signals_scanned"": 0, ""signals_approved"": 0, ""signals_excellent"": 0, ""invariant_breaches"": 0, ""trace_nodes_logged"": [""snapshot"", ""pre_flight"", ""scan"", ""gate"", ""state"", ""unknown"", ""upsert"", ""invariants"", ""cleanup"", ""rank""]}}",2026-07-21 01:16:45.501861+00
1290,2026-07-21 01:22:02.43512+00,OK,,16859,0,0,"{""result"": {""status"": ""OK"", ""run_time"": ""2026-07-21T01:21:45.540132+00:00"", ""upserted"": 0, ""signals_ranked"": 0, ""brain_available"": true, ""signals_scanned"": 0, ""signals_approved"": 0, ""signals_excellent"": 0, ""invariant_breaches"": 0, ""trace_nodes_logged"": [""snapshot"", ""pre_flight"", ""scan"", ""gate"", ""state"", ""unknown"", ""upsert"", ""invariants"", ""cleanup"", ""rank""]}}",2026-07-21 01:22:02.436864+00
1291,2026-07-21 01:27:18.401699+00,OK,,15870,0,0,"{""result"": {""status"": ""OK"", ""run_time"": ""2026-07-21T01:27:02.489256+00:00"", ""upserted"": 0, ""signals_ranked"": 0, ""brain_available"": true, ""signals_scanned"": 0, ""signals_approved"": 0, ""signals_excellent"": 0, ""invariant_breaches"": 0, ""trace_nodes_logged"": [""snapshot"", ""pre_flight"", ""scan"", ""gate"", ""state"", ""unknown"", ""upsert"", ""invariants"", ""cleanup"", ""rank""]}}",2026-07-21 01:27:18.402872+00
1292,2026-07-21 01:32:35.56871+00,OK,,17071,0,0,"{""result"": {""status"": ""OK"", ""run_time"": ""2026-07-21T01:32:18.455322+00:00"", ""upserted"": 0, ""signals_ranked"": 0, ""brain_available"": true, ""signals_scanned"": 0, ""signals_approved"": 0, ""signals_excellent"": 0, ""invariant_breaches"": 0, ""trace_nodes_logged"": [""snapshot"", ""pre_flight"", ""scan"", ""gate"", ""state"", ""unknown"", ""upsert"", ""invariants"", ""cleanup"", ""rank""]}}",2026-07-21 01:32:35.569039+00
1293,2026-07-21 01:37:52.680702+00,OK,,17005,0,0,"{""result"": {""status"": ""OK"", ""run_time"": ""2026-07-21T01:37:35.640269+00:00"", ""upserted"": 0, ""signals_ranked"": 0, ""brain_available"": true, ""signals_scanned"": 0, ""signals_approved"": 0, ""signals_excellent"": 0, ""invariant_breaches"": 0, ""trace_nodes_logged"": [""snapshot"", ""pre_flight"", ""scan"", ""gate"", ""state"", ""unknown"", ""upsert"", ""invariants"", ""cleanup"", ""rank""]}}",2026-07-21 01:37:52.683624+00
1294,2026-07-21 01:43:08.652627+00,OK,,15841,0,0,"{""result"": {""status"": ""OK"", ""run_time"": ""2026-07-21T01:42:52.718851+00:00"", ""upserted"": 0, ""signals_ranked"": 0, ""brain_available"": true, ""signals_scanned"": 0, ""signals_approved"": 0, ""signals_excellent"": 0, ""invariant_breaches"": 0, ""trace_nodes_logged"": [""snapshot"", ""pre_flight"", ""scan"", ""gate"", ""state"", ""unknown"", ""upsert"", ""invariants"", ""cleanup"", ""rank""]}}",2026-07-21 01:43:08.652861+00
1295,2026-07-21 01:48:26.121836+00,OK,,17341,0,0,"{""result"": {""status"": ""OK"", ""run_time"": ""2026-07-21T01:48:08.745666+00:00"", ""upserted"": 0, ""signals_ranked"": 0, ""brain_available"": true, ""signals_scanned"": 0, ""signals_approved"": 0, ""signals_excellent"": 0, ""invariant_breaches"": 0, ""trace_nodes_logged"": [""snapshot"", ""pre_flight"", ""scan"", ""gate"", ""state"", ""unknown"", ""upsert"", ""invariants"", ""cleanup"", ""rank""]}}",2026-07-21 01:48:26.124855+00
1296,2026-07-21 01:53:43.399404+00,OK,,17190,0,0,"{""result"": {""status"": ""OK"", ""run_time"": ""2026-07-21T01:53:26.164254+00:00"", ""upserted"": 0, ""signals_ranked"": 0, ""brain_available"": true, ""signals_scanned"": 0, ""signals_approved"": 0, ""signals_excellent"": 0, ""invariant_breaches"": 0, ""trace_nodes_logged"": [""snapshot"", ""pre_flight"", ""scan"", ""gate"", ""state"", ""unknown"", ""upsert"", ""invariants"", ""cleanup"", ""rank""]}}",2026-07-21 01:53:43.400272+00
1297,2026-07-21 01:59:01.37283+00,OK,,17883,0,0,"{""result"": {""status"": ""OK"", ""run_time"": ""2026-07-21T01:58:43.460848+00:00"", ""upserted"": 0, ""signals_ranked"": 0, ""brain_available"": true, ""signals_scanned"": 0, ""signals_approved"": 0, ""signals_excellent"": 0, ""invariant_breaches"": 0, ""trace_nodes_logged"": [""snapshot"", ""pre_flight"", ""scan"", ""gate"", ""state"", ""unknown"", ""upsert"", ""invariants"", ""cleanup"", ""rank""]}}",2026-07-21 01:59:01.373066+00
1298,2026-07-21 02:04:18.725275+00,OK,,17292,0,0,"{""result"": {""status"": ""OK"", ""run_time"": ""2026-07-21T02:04:01.402016+00:00"", ""upserted"": 0, ""signals_ranked"": 0, ""brain_available"": true, ""signals_scanned"": 0, ""signals_approved"": 0, ""signals_excellent"": 0, ""invariant_breaches"": 0, ""trace_nodes_logged"": [""snapshot"", ""pre_flight"", ""scan"", ""gate"", ""state"", ""unknown"", ""upsert"", ""invariants"", ""cleanup"", ""rank""]}}",2026-07-21 02:04:18.725467+00
1299,2026-07-21 02:09:38.003025+00,OK,,19194,0,0,"{""result"": {""status"": ""OK"", ""run_time"": ""2026-07-21T02:09:18.764035+00:00"", ""upserted"": 0, ""signals_ranked"": 0, ""brain_available"": true, ""signals_scanned"": 0, ""signals_approved"": 0, ""signals_excellent"": 0, ""invariant_breaches"": 0, ""trace_nodes_logged"": [""snapshot"", ""pre_flight"", ""scan"", ""gate"", ""state"", ""unknown"", ""upsert"", ""invariants"", ""cleanup"", ""rank""]}}",2026-07-21 02:09:38.003247+00
1300,2026-07-21 02:14:55.297649+00,OK,,17191,0,0,"{""result"": {""status"": ""OK"", ""run_time"": ""2026-07-21T02:14:38.049851+00:00"", ""upserted"": 0, ""signals_ranked"": 0, ""brain_available"": true, ""signals_scanned"": 0, ""signals_approved"": 0, ""signals_excellent"": 0, ""invariant_breaches"": 0, ""trace_nodes_logged"": [""snapshot"", ""pre_flight"", ""scan"", ""gate"", ""state"", ""unknown"", ""upsert"", ""invariants"", ""cleanup"", ""rank""]}}",2026-07-21 02:14:55.297856+00
1301,2026-07-21 02:20:12.032181+00,OK,,16634,0,0,"{""result"": {""status"": ""OK"", ""run_time"": ""2026-07-21T02:19:55.357847+00:00"", ""upserted"": 0, ""signals_ranked"": 0, ""brain_available"": true, ""signals_scanned"": 0, ""signals_approved"": 0, ""signals_excellent"": 0, ""invariant_breaches"": 0, ""trace_nodes_logged"": [""snapshot"", ""pre_flight"", ""scan"", ""gate"", ""state"", ""unknown"", ""upsert"", ""invariants"", ""cleanup"", ""rank""]}}",2026-07-21 02:20:12.041161+00
1302,2026-07-21 02:25:28.636518+00,OK,,16512,0,0,"{""result"": {""status"": ""OK"", ""run_time"": ""2026-07-21T02:25:12.087510+00:00"", ""upserted"": 0, ""signals_ranked"": 0, ""brain_available"": true, ""signals_scanned"": 0, ""signals_approved"": 0, ""signals_excellent"": 0, ""invariant_breaches"": 0, ""trace_nodes_logged"": [""snapshot"", ""pre_flight"", ""scan"", ""gate"", ""state"", ""unknown"", ""upsert"", ""invariants"", ""cleanup"", ""rank""]}}",2026-07-21 02:25:28.636783+00
1303,2026-07-21 02:30:46.205132+00,OK,,17495,0,0,"{""result"": {""status"": ""OK"", ""run_time"": ""2026-07-21T02:30:28.673233+00:00"", ""upserted"": 0, ""signals_ranked"": 0, ""brain_available"": true, ""signals_scanned"": 0, ""signals_approved"": 0, ""signals_excellent"": 0, ""invariant_breaches"": 0, ""trace_nodes_logged"": [""snapshot"", ""pre_flight"", ""scan"", ""gate"", ""state"", ""unknown"", ""upsert"", ""invariants"", ""cleanup"", ""rank""]}}",2026-07-21 02:30:46.205369+00
1304,2026-07-21 02:36:03.86361+00,OK,,17582,0,0,"{""result"": {""status"": ""OK"", ""run_time"": ""2026-07-21T02:35:46.246365+00:00"", ""upserted"": 0, ""signals_ranked"": 0, ""brain_available"": true, ""signals_scanned"": 0, ""signals_approved"": 0, ""signals_excellent"": 0, ""invariant_breaches"": 0, ""trace_nodes_logged"": [""snapshot"", ""pre_flight"", ""scan"", ""gate"", ""state"", ""unknown"", ""upsert"", ""invariants"", ""cleanup"", ""rank""]}}",2026-07-21 02:36:03.863857+00
1305,2026-07-21 02:41:21.518302+00,OK,,17577,0,0,"{""result"": {""status"": ""OK"", ""run_time"": ""2026-07-21T02:41:03.903856+00:00"", ""upserted"": 0, ""signals_ranked"": 0, ""brain_available"": true, ""signals_scanned"": 0, ""signals_approved"": 0, ""signals_excellent"": 0, ""invariant_breaches"": 0, ""trace_nodes_logged"": [""snapshot"", ""pre_flight"", ""scan"", ""gate"", ""state"", ""unknown"", ""upsert"", ""invariants"", ""cleanup"", ""rank""]}}",2026-07-21 02:41:21.518534+00
1306,2026-07-21 02:46:38.641947+00,OK,,17007,0,0,"{""result"": {""status"": ""OK"", ""run_time"": ""2026-07-21T02:46:21.591304+00:00"", ""upserted"": 0, ""signals_ranked"": 0, ""brain_available"": true, ""signals_scanned"": 0, ""signals_approved"": 0, ""signals_excellent"": 0, ""invariant_breaches"": 0, ""trace_nodes_logged"": [""snapshot"", ""pre_flight"", ""scan"", ""gate"", ""state"", ""unknown"", ""upsert"", ""invariants"", ""cleanup"", ""rank""]}}",2026-07-21 02:46:38.642171+00
1307,2026-07-21 02:51:55.208696+00,OK,,16477,0,0,"{""result"": {""status"": ""OK"", ""run_time"": ""2026-07-21T02:51:38.681981+00:00"", ""upserted"": 0, ""signals_ranked"": 0, ""brain_available"": true, ""signals_scanned"": 0, ""signals_approved"": 0, ""signals_excellent"": 0, ""invariant_breaches"": 0, ""trace_nodes_logged"": [""snapshot"", ""pre_flight"", ""scan"", ""gate"", ""state"", ""unknown"", ""upsert"", ""invariants"", ""cleanup"", ""rank""]}}",2026-07-21 02:51:55.211856+00
1308,2026-07-21 02:57:12.058516+00,OK,,16755,0,0,"{""result"": {""status"": ""OK"", ""run_time"": ""2026-07-21T02:56:55.261331+00:00"", ""upserted"": 0, ""signals_ranked"": 0, ""brain_available"": true, ""signals_scanned"": 0, ""signals_approved"": 0, ""signals_excellent"": 0, ""invariant_breaches"": 0, ""trace_nodes_logged"": [""snapshot"", ""pre_flight"", ""scan"", ""gate"", ""state"", ""unknown"", ""upsert"", ""invariants"", ""cleanup"", ""rank""]}}",2026-07-21 02:57:12.05872+00
1309,2026-07-21 03:02:30.951391+00,OK,,18810,0,0,"{""result"": {""status"": ""OK"", ""run_time"": ""2026-07-21T03:02:12.110266+00:00"", ""upserted"": 0, ""signals_ranked"": 0, ""brain_available"": true, ""signals_scanned"": 0, ""signals_approved"": 0, ""signals_excellent"": 0, ""invariant_breaches"": 0, ""trace_nodes_logged"": [""snapshot"", ""pre_flight"", ""scan"", ""gate"", ""state"", ""unknown"", ""upsert"", ""invariants"", ""cleanup"", ""rank""]}}",2026-07-21 03:02:30.9516+00
1310,2026-07-21 03:07:49.438662+00,OK,,18404,0,0,"{""result"": {""status"": ""OK"", ""run_time"": ""2026-07-21T03:07:30.989139+00:00"", ""upserted"": 0, ""signals_ranked"": 0, ""brain_available"": true, ""signals_scanned"": 0, ""signals_approved"": 0, ""signals_excellent"": 0, ""invariant_breaches"": 0, ""trace_nodes_logged"": [""snapshot"", ""pre_flight"", ""scan"", ""gate"", ""state"", ""unknown"", ""upsert"", ""invariants"", ""cleanup"", ""rank""]}}",2026-07-21 03:07:49.440982+00
1311,2026-07-21 03:13:07.871428+00,OK,,18329,0,0,"{""result"": {""status"": ""OK"", ""run_time"": ""2026-07-21T03:12:49.510889+00:00"", ""upserted"": 0, ""signals_ranked"": 0, ""brain_available"": true, ""signals_scanned"": 0, ""signals_approved"": 0, ""signals_excellent"": 0, ""invariant_breaches"": 0, ""trace_nodes_logged"": [""snapshot"", ""pre_flight"", ""scan"", ""gate"", ""state"", ""unknown"", ""upsert"", ""invariants"", ""cleanup"", ""rank""]}}",2026-07-21 03:13:07.871638+00
1312,2026-07-21 03:18:25.087943+00,OK,,17111,0,0,"{""result"": {""status"": ""OK"", ""run_time"": ""2026-07-21T03:18:07.922427+00:00"", ""upserted"": 0, ""signals_ranked"": 0, ""brain_available"": true, ""signals_scanned"": 0, ""signals_approved"": 0, ""signals_excellent"": 0, ""invariant_breaches"": 0, ""trace_nodes_logged"": [""snapshot"", ""pre_flight"", ""scan"", ""gate"", ""state"", ""unknown"", ""upsert"", ""invariants"", ""cleanup"", ""rank""]}}",2026-07-21 03:18:25.088181+00
1313,2026-07-21 03:23:44.262137+00,OK,,19092,0,0,"{""result"": {""status"": ""OK"", ""run_time"": ""2026-07-21T03:23:25.129615+00:00"", ""upserted"": 0, ""signals_ranked"": 0, ""brain_available"": true, ""signals_scanned"": 0, ""signals_approved"": 0, ""signals_excellent"": 0, ""invariant_breaches"": 0, ""trace_nodes_logged"": [""snapshot"", ""pre_flight"", ""scan"", ""gate"", ""state"", ""unknown"", ""upsert"", ""invariants"", ""cleanup"", ""rank""]}}",2026-07-21 03:23:44.263852+00
1314,2026-07-21 03:29:01.875135+00,OK,,17515,0,0,"{""result"": {""status"": ""OK"", ""run_time"": ""2026-07-21T03:28:44.310076+00:00"", ""upserted"": 0, ""signals_ranked"": 0, ""brain_available"": true, ""signals_scanned"": 0, ""signals_approved"": 0, ""signals_excellent"": 0, ""invariant_breaches"": 0, ""trace_nodes_logged"": [""snapshot"", ""pre_flight"", ""scan"", ""gate"", ""state"", ""unknown"", ""upsert"", ""invariants"", ""cleanup"", ""rank""]}}",2026-07-21 03:29:01.875347+00
1315,2026-07-21 03:34:19.863782+00,OK,,17917,0,0,"{""result"": {""status"": ""OK"", ""run_time"": ""2026-07-21T03:34:01.914318+00:00"", ""upserted"": 0, ""signals_ranked"": 0, ""brain_available"": true, ""signals_scanned"": 0, ""signals_approved"": 0, ""signals_excellent"": 0, ""invariant_breaches"": 0, ""trace_nodes_logged"": [""snapshot"", ""pre_flight"", ""scan"", ""gate"", ""state"", ""unknown"", ""upsert"", ""invariants"", ""cleanup"", ""rank""]}}",2026-07-21 03:34:19.864129+00
1316,2026-07-21 03:39:38.061613+00,OK,,18121,0,0,"{""result"": {""status"": ""OK"", ""run_time"": ""2026-07-21T03:39:19.905466+00:00"", ""upserted"": 0, ""signals_ranked"": 0, ""brain_available"": true, ""signals_scanned"": 0, ""signals_approved"": 0, ""signals_excellent"": 0, ""invariant_breaches"": 0, ""trace_nodes_logged"": [""snapshot"", ""pre_flight"", ""scan"", ""gate"", ""state"", ""unknown"", ""upsert"", ""invariants"", ""cleanup"", ""rank""]}}",2026-07-21 03:39:38.062841+00
1317,2026-07-21 03:44:54.717159+00,OK,,16576,1,0,"{""result"": {""status"": ""OK"", ""run_time"": ""2026-07-21T03:44:38.096370+00:00"", ""upserted"": 0, ""signals_ranked"": 1, ""brain_available"": true, ""signals_scanned"": 1, ""signals_approved"": 0, ""signals_excellent"": 0, ""invariant_breaches"": 0, ""trace_nodes_logged"": [""snapshot"", ""pre_flight"", ""scan"", ""gate"", ""state"", ""unknown"", ""upsert"", ""invariants"", ""cleanup"", ""rank""]}}",2026-07-21 03:44:54.717382+00
1318,2026-07-21 03:50:11.690716+00,OK,,16902,3,0,"{""result"": {""status"": ""OK"", ""run_time"": ""2026-07-21T03:49:54.763857+00:00"", ""upserted"": 0, ""signals_ranked"": 3, ""brain_available"": true, ""signals_scanned"": 3, ""signals_approved"": 0, ""signals_excellent"": 0, ""invariant_breaches"": 0, ""trace_nodes_logged"": [""snapshot"", ""pre_flight"", ""scan"", ""gate"", ""state"", ""unknown"", ""upsert"", ""invariants"", ""cleanup"", ""rank""]}}",2026-07-21 03:50:11.690942+00
1319,2026-07-21 03:55:27.971958+00,OK,,16185,4,0,"{""result"": {""status"": ""OK"", ""run_time"": ""2026-07-21T03:55:11.732585+00:00"", ""upserted"": 0, ""signals_ranked"": 4, ""brain_available"": true, ""signals_scanned"": 4, ""signals_approved"": 0, ""signals_excellent"": 0, ""invariant_breaches"": 0, ""trace_nodes_logged"": [""snapshot"", ""pre_flight"", ""scan"", ""gate"", ""state"", ""unknown"", ""upsert"", ""invariants"", ""cleanup"", ""rank""]}}",2026-07-21 03:55:27.972634+00
1320,2026-07-21 04:00:47.895108+00,OK,,19818,2,0,"{""result"": {""status"": ""OK"", ""run_time"": ""2026-07-21T04:00:28.032504+00:00"", ""upserted"": 0, ""signals_ranked"": 4, ""brain_available"": true, ""signals_scanned"": 2, ""signals_approved"": 0, ""signals_excellent"": 0, ""invariant_breaches"": 0, ""trace_nodes_logged"": [""snapshot"", ""pre_flight"", ""scan"", ""gate"", ""state"", ""unknown"", ""upsert"", ""invariants"", ""cleanup"", ""rank""]}}",2026-07-21 04:00:47.895328+00
1321,2026-07-21 04:06:05.72377+00,OK,,17754,2,0,"{""result"": {""status"": ""OK"", ""run_time"": ""2026-07-21T04:05:47.934543+00:00"", ""upserted"": 0, ""signals_ranked"": 4, ""brain_available"": true, ""signals_scanned"": 2, ""signals_approved"": 0, ""signals_excellent"": 0, ""invariant_breaches"": 0, ""trace_nodes_logged"": [""snapshot"", ""pre_flight"", ""scan"", ""gate"", ""state"", ""unknown"", ""upsert"", ""invariants"", ""cleanup"", ""rank""]}}",2026-07-21 04:06:05.72401+00
1322,2026-07-21 04:11:23.748948+00,OK,,17956,2,0,"{""result"": {""status"": ""OK"", ""run_time"": ""2026-07-21T04:11:05.754525+00:00"", ""upserted"": 0, ""signals_ranked"": 4, ""brain_available"": true, ""signals_scanned"": 2, ""signals_approved"": 0, ""signals_excellent"": 0, ""invariant_breaches"": 0, ""trace_nodes_logged"": [""snapshot"", ""pre_flight"", ""scan"", ""gate"", ""state"", ""unknown"", ""upsert"", ""invariants"", ""cleanup"", ""rank""]}}",2026-07-21 04:11:23.75182+00
1323,2026-07-21 04:16:40.626722+00,OK,,16766,2,0,"{""result"": {""status"": ""OK"", ""run_time"": ""2026-07-21T04:16:23.825438+00:00"", ""upserted"": 0, ""signals_ranked"": 4, ""brain_available"": true, ""signals_scanned"": 2, ""signals_approved"": 0, ""signals_excellent"": 0, ""invariant_breaches"": 0, ""trace_nodes_logged"": [""snapshot"", ""pre_flight"", ""scan"", ""gate"", ""state"", ""unknown"", ""upsert"", ""invariants"", ""cleanup"", ""rank""]}}",2026-07-21 04:16:40.632032+00
1324,2026-07-21 04:21:57.017958+00,OK,,16279,2,0,"{""result"": {""status"": ""OK"", ""run_time"": ""2026-07-21T04:21:40.676108+00:00"", ""upserted"": 0, ""signals_ranked"": 4, ""brain_available"": true, ""signals_scanned"": 2, ""signals_approved"": 0, ""signals_excellent"": 0, ""invariant_breaches"": 0, ""trace_nodes_logged"": [""snapshot"", ""pre_flight"", ""scan"", ""gate"", ""state"", ""unknown"", ""upsert"", ""invariants"", ""cleanup"", ""rank""]}}",2026-07-21 04:21:57.01959+00
1325,2026-07-21 04:27:13.96594+00,OK,,16859,2,0,"{""result"": {""status"": ""OK"", ""run_time"": ""2026-07-21T04:26:57.076567+00:00"", ""upserted"": 0, ""signals_ranked"": 4, ""brain_available"": true, ""signals_scanned"": 2, ""signals_approved"": 0, ""signals_excellent"": 0, ""invariant_breaches"": 0, ""trace_nodes_logged"": [""snapshot"", ""pre_flight"", ""scan"", ""gate"", ""state"", ""unknown"", ""upsert"", ""invariants"", ""cleanup"", ""rank""]}}",2026-07-21 04:27:13.966172+00
1326,2026-07-21 04:32:31.284411+00,OK,,17228,2,0,"{""result"": {""status"": ""OK"", ""run_time"": ""2026-07-21T04:32:14.012848+00:00"", ""upserted"": 0, ""signals_ranked"": 4, ""brain_available"": true, ""signals_scanned"": 2, ""signals_approved"": 0, ""signals_excellent"": 0, ""invariant_breaches"": 0, ""trace_nodes_logged"": [""snapshot"", ""pre_flight"", ""scan"", ""gate"", ""state"", ""unknown"", ""upsert"", ""invariants"", ""cleanup"", ""rank""]}}",2026-07-21 04:32:31.284619+00
1327,2026-07-21 04:37:48.553156+00,OK,,17183,2,0,"{""result"": {""status"": ""OK"", ""run_time"": ""2026-07-21T04:37:31.335272+00:00"", ""upserted"": 0, ""signals_ranked"": 4, ""brain_available"": true, ""signals_scanned"": 2, ""signals_approved"": 0, ""signals_excellent"": 0, ""invariant_breaches"": 0, ""trace_nodes_logged"": [""snapshot"", ""pre_flight"", ""scan"", ""gate"", ""state"", ""unknown"", ""upsert"", ""invariants"", ""cleanup"", ""rank""]}}",2026-07-21 04:37:48.553369+00
1328,2026-07-21 04:43:05.404304+00,OK,,16762,2,0,"{""result"": {""status"": ""OK"", ""run_time"": ""2026-07-21T04:42:48.594143+00:00"", ""upserted"": 0, ""signals_ranked"": 4, ""brain_available"": true, ""signals_scanned"": 2, ""signals_approved"": 0, ""signals_excellent"": 0, ""invariant_breaches"": 0, ""trace_nodes_logged"": [""snapshot"", ""pre_flight"", ""scan"", ""gate"", ""state"", ""unknown"", ""upsert"", ""invariants"", ""cleanup"", ""rank""]}}",2026-07-21 04:43:05.404548+00
1329,2026-07-21 04:48:21.851617+00,OK,,16351,2,0,"{""result"": {""status"": ""OK"", ""run_time"": ""2026-07-21T04:48:05.473855+00:00"", ""upserted"": 0, ""signals_ranked"": 4, ""brain_available"": true, ""signals_scanned"": 2, ""signals_approved"": 0, ""signals_excellent"": 0, ""invariant_breaches"": 0, ""trace_nodes_logged"": [""snapshot"", ""pre_flight"", ""scan"", ""gate"", ""state"", ""unknown"", ""upsert"", ""invariants"", ""cleanup"", ""rank""]}}",2026-07-21 04:48:21.851827+00
1330,2026-07-21 04:53:37.147377+00,OK,,15237,0,0,"{""result"": {""status"": ""OK"", ""run_time"": ""2026-07-21T04:53:21.881850+00:00"", ""upserted"": 0, ""signals_ranked"": 4, ""brain_available"": true, ""signals_scanned"": 0, ""signals_approved"": 0, ""signals_excellent"": 0, ""invariant_breaches"": 0, ""trace_nodes_logged"": [""snapshot"", ""pre_flight"", ""scan"", ""gate"", ""state"", ""unknown"", ""upsert"", ""invariants"", ""cleanup"", ""rank""]}}",2026-07-21 04:53:37.147598+00
1331,2026-07-21 04:58:54.015491+00,OK,,16789,0,0,"{""result"": {""status"": ""OK"", ""run_time"": ""2026-07-21T04:58:37.178681+00:00"", ""upserted"": 0, ""signals_ranked"": 4, ""brain_available"": true, ""signals_scanned"": 0, ""signals_approved"": 0, ""signals_excellent"": 0, ""invariant_breaches"": 0, ""trace_nodes_logged"": [""snapshot"", ""pre_flight"", ""scan"", ""gate"", ""state"", ""unknown"", ""upsert"", ""invariants"", ""cleanup"", ""rank""]}}",2026-07-21 04:58:54.015682+00
1332,2026-07-21 05:04:14.660611+00,OK,,20561,0,0,"{""result"": {""status"": ""OK"", ""run_time"": ""2026-07-21T05:03:54.065861+00:00"", ""upserted"": 0, ""signals_ranked"": 4, ""brain_available"": true, ""signals_scanned"": 0, ""signals_approved"": 0, ""signals_excellent"": 0, ""invariant_breaches"": 0, ""trace_nodes_logged"": [""snapshot"", ""pre_flight"", ""scan"", ""gate"", ""state"", ""unknown"", ""upsert"", ""invariants"", ""cleanup"", ""rank""]}}",2026-07-21 05:04:14.660793+00
1333,2026-07-21 05:09:34.325214+00,OK,,19588,0,0,"{""result"": {""status"": ""OK"", ""run_time"": ""2026-07-21T05:09:14.703851+00:00"", ""upserted"": 0, ""signals_ranked"": 4, ""brain_available"": true, ""signals_scanned"": 0, ""signals_approved"": 0, ""signals_excellent"": 0, ""invariant_breaches"": 0, ""trace_nodes_logged"": [""snapshot"", ""pre_flight"", ""scan"", ""gate"", ""state"", ""unknown"", ""upsert"", ""invariants"", ""cleanup"", ""rank""]}}",2026-07-21 05:09:34.325492+00
1334,2026-07-21 05:14:51.041449+00,OK,,16632,0,0,"{""result"": {""status"": ""OK"", ""run_time"": ""2026-07-21T05:14:34.378458+00:00"", ""upserted"": 0, ""signals_ranked"": 4, ""brain_available"": true, ""signals_scanned"": 0, ""signals_approved"": 0, ""signals_excellent"": 0, ""invariant_breaches"": 0, ""trace_nodes_logged"": [""snapshot"", ""pre_flight"", ""scan"", ""gate"", ""state"", ""unknown"", ""upsert"", ""invariants"", ""cleanup"", ""rank""]}}",2026-07-21 05:14:51.04485+00
1335,2026-07-21 05:20:10.500602+00,OK,,19362,0,0,"{""result"": {""status"": ""OK"", ""run_time"": ""2026-07-21T05:19:51.089147+00:00"", ""upserted"": 0, ""signals_ranked"": 4, ""brain_available"": true, ""signals_scanned"": 0, ""signals_approved"": 0, ""signals_excellent"": 0, ""invariant_breaches"": 0, ""trace_nodes_logged"": [""snapshot"", ""pre_flight"", ""scan"", ""gate"", ""state"", ""unknown"", ""upsert"", ""invariants"", ""cleanup"", ""rank""]}}",2026-07-21 05:20:10.500836+00
1336,2026-07-21 05:25:31.273387+00,OK,,20679,0,0,"{""result"": {""status"": ""OK"", ""run_time"": ""2026-07-21T05:25:10.542148+00:00"", ""upserted"": 0, ""signals_ranked"": 4, ""brain_available"": true, ""signals_scanned"": 0, ""signals_approved"": 0, ""signals_excellent"": 0, ""invariant_breaches"": 0, ""trace_nodes_logged"": [""snapshot"", ""pre_flight"", ""scan"", ""gate"", ""state"", ""unknown"", ""upsert"", ""invariants"", ""cleanup"", ""rank""]}}",2026-07-21 05:25:31.273608+00
1337,2026-07-21 05:30:48.090081+00,OK,,16744,0,0,"{""result"": {""status"": ""OK"", ""run_time"": ""2026-07-21T05:30:31.311853+00:00"", ""upserted"": 0, ""signals_ranked"": 4, ""brain_available"": true, ""signals_scanned"": 0, ""signals_approved"": 0, ""signals_excellent"": 0, ""invariant_breaches"": 0, ""trace_nodes_logged"": [""snapshot"", ""pre_flight"", ""scan"", ""gate"", ""state"", ""unknown"", ""upsert"", ""invariants"", ""cleanup"", ""rank""]}}",2026-07-21 05:30:48.090868+00
1338,2026-07-21 05:36:04.643291+00,OK,,16479,0,0,"{""result"": {""status"": ""OK"", ""run_time"": ""2026-07-21T05:35:48.120183+00:00"", ""upserted"": 0, ""signals_ranked"": 4, ""brain_available"": true, ""signals_scanned"": 0, ""signals_approved"": 0, ""signals_excellent"": 0, ""invariant_breaches"": 0, ""trace_nodes_logged"": [""snapshot"", ""pre_flight"", ""scan"", ""gate"", ""state"", ""unknown"", ""upsert"", ""invariants"", ""cleanup"", ""rank""]}}",2026-07-21 05:36:04.643484+00
1339,2026-07-21 05:41:22.47396+00,OK,,17751,0,0,"{""result"": {""status"": ""OK"", ""run_time"": ""2026-07-21T05:41:04.675163+00:00"", ""upserted"": 0, ""signals_ranked"": 4, ""brain_available"": true, ""signals_scanned"": 0, ""signals_approved"": 0, ""signals_excellent"": 0, ""invariant_breaches"": 0, ""trace_nodes_logged"": [""snapshot"", ""pre_flight"", ""scan"", ""gate"", ""state"", ""unknown"", ""upsert"", ""invariants"", ""cleanup"", ""rank""]}}",2026-07-21 05:41:22.476875+00
1340,2026-07-21 05:46:40.876121+00,OK,,18270,0,0,"{""result"": {""status"": ""OK"", ""run_time"": ""2026-07-21T05:46:22.558588+00:00"", ""upserted"": 0, ""signals_ranked"": 4, ""brain_available"": true, ""signals_scanned"": 0, ""signals_approved"": 0, ""signals_excellent"": 0, ""invariant_breaches"": 0, ""trace_nodes_logged"": [""snapshot"", ""pre_flight"", ""scan"", ""gate"", ""state"", ""unknown"", ""upsert"", ""invariants"", ""cleanup"", ""rank""]}}",2026-07-21 05:46:40.876295+00
1341,2026-07-21 05:51:58.670586+00,OK,,17716,1,0,"{""result"": {""status"": ""OK"", ""run_time"": ""2026-07-21T05:51:40.916157+00:00"", ""upserted"": 0, ""signals_ranked"": 4, ""brain_available"": true, ""signals_scanned"": 1, ""signals_approved"": 0, ""signals_excellent"": 0, ""invariant_breaches"": 0, ""trace_nodes_logged"": [""snapshot"", ""pre_flight"", ""scan"", ""gate"", ""state"", ""unknown"", ""upsert"", ""invariants"", ""cleanup"", ""rank""]}}",2026-07-21 05:51:58.670798+00
1342,2026-07-21 05:57:16.79083+00,OK,,18047,1,0,"{""result"": {""status"": ""OK"", ""run_time"": ""2026-07-21T05:56:58.707329+00:00"", ""upserted"": 0, ""signals_ranked"": 2, ""brain_available"": true, ""signals_scanned"": 1, ""signals_approved"": 0, ""signals_excellent"": 0, ""invariant_breaches"": 0, ""trace_nodes_logged"": [""snapshot"", ""pre_flight"", ""scan"", ""gate"", ""state"", ""unknown"", ""upsert"", ""invariants"", ""cleanup"", ""rank""]}}",2026-07-21 05:57:16.791059+00
1343,2026-07-21 06:02:34.890399+00,OK,,18019,1,0,"{""result"": {""status"": ""OK"", ""run_time"": ""2026-07-21T06:02:16.835420+00:00"", ""upserted"": 0, ""signals_ranked"": 2, ""brain_available"": true, ""signals_scanned"": 1, ""signals_approved"": 0, ""signals_excellent"": 0, ""invariant_breaches"": 0, ""trace_nodes_logged"": [""snapshot"", ""pre_flight"", ""scan"", ""gate"", ""state"", ""unknown"", ""upsert"", ""invariants"", ""cleanup"", ""rank""]}}",2026-07-21 06:02:34.890592+00
1344,2026-07-21 06:07:51.427687+00,OK,,16436,2,0,"{""result"": {""status"": ""OK"", ""run_time"": ""2026-07-21T06:07:34.937113+00:00"", ""upserted"": 0, ""signals_ranked"": 3, ""brain_available"": true, ""signals_scanned"": 2, ""signals_approved"": 0, ""signals_excellent"": 0, ""invariant_breaches"": 0, ""trace_nodes_logged"": [""snapshot"", ""pre_flight"", ""scan"", ""gate"", ""state"", ""unknown"", ""upsert"", ""invariants"", ""cleanup"", ""rank""]}}",2026-07-21 06:07:51.427955+00
1345,2026-07-21 06:13:09.011369+00,OK,,17470,2,0,"{""result"": {""status"": ""OK"", ""run_time"": ""2026-07-21T06:12:51.495859+00:00"", ""upserted"": 0, ""signals_ranked"": 3, ""brain_available"": true, ""signals_scanned"": 2, ""signals_approved"": 0, ""signals_excellent"": 0, ""invariant_breaches"": 0, ""trace_nodes_logged"": [""snapshot"", ""pre_flight"", ""scan"", ""gate"", ""state"", ""unknown"", ""upsert"", ""invariants"", ""cleanup"", ""rank""]}}",2026-07-21 06:13:09.011598+00
1346,2026-07-21 06:18:26.510348+00,OK,,17376,2,0,"{""result"": {""status"": ""OK"", ""run_time"": ""2026-07-21T06:18:09.044220+00:00"", ""upserted"": 0, ""signals_ranked"": 3, ""brain_available"": true, ""signals_scanned"": 2, ""signals_approved"": 0, ""signals_excellent"": 0, ""invariant_breaches"": 0, ""trace_nodes_logged"": [""snapshot"", ""pre_flight"", ""scan"", ""gate"", ""state"", ""unknown"", ""upsert"", ""invariants"", ""cleanup"", ""rank""]}}",2026-07-21 06:18:26.511491+00
1347,2026-07-21 06:23:47.10735+00,OK,,20501,2,0,"{""result"": {""status"": ""OK"", ""run_time"": ""2026-07-21T06:23:26.580014+00:00"", ""upserted"": 0, ""signals_ranked"": 3, ""brain_available"": true, ""signals_scanned"": 2, ""signals_approved"": 0, ""signals_excellent"": 0, ""invariant_breaches"": 0, ""trace_nodes_logged"": [""snapshot"", ""pre_flight"", ""scan"", ""gate"", ""state"", ""unknown"", ""upsert"", ""invariants"", ""cleanup"", ""rank""]}}",2026-07-21 06:23:47.107552+00
1348,2026-07-21 06:29:05.4078+00,OK,,18218,2,0,"{""result"": {""status"": ""OK"", ""run_time"": ""2026-07-21T06:28:47.146575+00:00"", ""upserted"": 0, ""signals_ranked"": 3, ""brain_available"": true, ""signals_scanned"": 2, ""signals_approved"": 0, ""signals_excellent"": 0, ""invariant_breaches"": 0, ""trace_nodes_logged"": [""snapshot"", ""pre_flight"", ""scan"", ""gate"", ""state"", ""unknown"", ""upsert"", ""invariants"", ""cleanup"", ""rank""]}}",2026-07-21 06:29:05.408347+00
1349,2026-07-21 06:34:24.434258+00,OK,,18955,2,0,"{""result"": {""status"": ""OK"", ""run_time"": ""2026-07-21T06:34:05.451842+00:00"", ""upserted"": 0, ""signals_ranked"": 3, ""brain_available"": true, ""signals_scanned"": 2, ""signals_approved"": 0, ""signals_excellent"": 0, ""invariant_breaches"": 0, ""trace_nodes_logged"": [""snapshot"", ""pre_flight"", ""scan"", ""gate"", ""state"", ""unknown"", ""upsert"", ""invariants"", ""cleanup"", ""rank""]}}",2026-07-21 06:34:24.435113+00
1350,2026-07-21 06:39:43.332616+00,OK,,18819,2,0,"{""result"": {""status"": ""OK"", ""run_time"": ""2026-07-21T06:39:24.467308+00:00"", ""upserted"": 0, ""signals_ranked"": 3, ""brain_available"": true, ""signals_scanned"": 2, ""signals_approved"": 0, ""signals_excellent"": 0, ""invariant_breaches"": 0, ""trace_nodes_logged"": [""snapshot"", ""pre_flight"", ""scan"", ""gate"", ""state"", ""unknown"", ""upsert"", ""invariants"", ""cleanup"", ""rank""]}}",2026-07-21 06:39:43.332868+00
1351,2026-07-21 06:44:59.644121+00,OK,,16236,2,0,"{""result"": {""status"": ""OK"", ""run_time"": ""2026-07-21T06:44:43.367993+00:00"", ""upserted"": 0, ""signals_ranked"": 3, ""brain_available"": true, ""signals_scanned"": 2, ""signals_approved"": 0, ""signals_excellent"": 0, ""invariant_breaches"": 0, ""trace_nodes_logged"": [""snapshot"", ""pre_flight"", ""scan"", ""gate"", ""state"", ""unknown"", ""upsert"", ""invariants"", ""cleanup"", ""rank""]}}",2026-07-21 06:44:59.646851+00
1352,2026-07-21 06:50:17.135489+00,OK,,17400,2,0,"{""result"": {""status"": ""OK"", ""run_time"": ""2026-07-21T06:49:59.696847+00:00"", ""upserted"": 0, ""signals_ranked"": 2, ""brain_available"": true, ""signals_scanned"": 2, ""signals_approved"": 0, ""signals_excellent"": 0, ""invariant_breaches"": 0, ""trace_nodes_logged"": [""snapshot"", ""pre_flight"", ""scan"", ""gate"", ""state"", ""unknown"", ""upsert"", ""invariants"", ""cleanup"", ""rank""]}}",2026-07-21 06:50:17.135706+00
1353,2026-07-21 06:55:34.887957+00,OK,,17679,2,0,"{""result"": {""status"": ""OK"", ""run_time"": ""2026-07-21T06:55:17.178142+00:00"", ""upserted"": 0, ""signals_ranked"": 2, ""brain_available"": true, ""signals_scanned"": 2, ""signals_approved"": 0, ""signals_excellent"": 0, ""invariant_breaches"": 0, ""trace_nodes_logged"": [""snapshot"", ""pre_flight"", ""scan"", ""gate"", ""state"", ""unknown"", ""upsert"", ""invariants"", ""cleanup"", ""rank""]}}",2026-07-21 06:55:34.88931+00
1354,2026-07-21 07:00:51.013768+00,OK,,16006,1,0,"{""result"": {""status"": ""OK"", ""run_time"": ""2026-07-21T07:00:34.960499+00:00"", ""upserted"": 0, ""signals_ranked"": 2, ""brain_available"": true, ""signals_scanned"": 1, ""signals_approved"": 0, ""signals_excellent"": 0, ""invariant_breaches"": 0, ""trace_nodes_logged"": [""snapshot"", ""pre_flight"", ""scan"", ""gate"", ""state"", ""unknown"", ""upsert"", ""invariants"", ""cleanup"", ""rank""]}}",2026-07-21 07:00:51.014635+00
1355,2026-07-21 07:06:07.410655+00,OK,,16279,1,0,"{""result"": {""status"": ""OK"", ""run_time"": ""2026-07-21T07:05:51.090978+00:00"", ""upserted"": 0, ""signals_ranked"": 2, ""brain_available"": true, ""signals_scanned"": 1, ""signals_approved"": 0, ""signals_excellent"": 0, ""invariant_breaches"": 0, ""trace_nodes_logged"": [""snapshot"", ""pre_flight"", ""scan"", ""gate"", ""state"", ""unknown"", ""upsert"", ""invariants"", ""cleanup"", ""rank""]}}",2026-07-21 07:06:07.410935+00
1356,2026-07-21 07:11:24.82721+00,OK,,17339,1,0,"{""result"": {""status"": ""OK"", ""run_time"": ""2026-07-21T07:11:07.451793+00:00"", ""upserted"": 0, ""signals_ranked"": 2, ""brain_available"": true, ""signals_scanned"": 1, ""signals_approved"": 0, ""signals_excellent"": 0, ""invariant_breaches"": 0, ""trace_nodes_logged"": [""snapshot"", ""pre_flight"", ""scan"", ""gate"", ""state"", ""unknown"", ""upsert"", ""invariants"", ""cleanup"", ""rank""]}}",2026-07-21 07:11:24.827427+00
1357,2026-07-21 07:16:42.631951+00,OK,,17694,1,0,"{""result"": {""status"": ""OK"", ""run_time"": ""2026-07-21T07:16:24.882952+00:00"", ""upserted"": 0, ""signals_ranked"": 2, ""brain_available"": true, ""signals_scanned"": 1, ""signals_approved"": 0, ""signals_excellent"": 0, ""invariant_breaches"": 0, ""trace_nodes_logged"": [""snapshot"", ""pre_flight"", ""scan"", ""gate"", ""state"", ""unknown"", ""upsert"", ""invariants"", ""cleanup"", ""rank""]}}",2026-07-21 07:16:42.63217+00
1358,2026-07-21 07:22:00.190027+00,OK,,17443,1,0,"{""result"": {""status"": ""OK"", ""run_time"": ""2026-07-21T07:21:42.695874+00:00"", ""upserted"": 0, ""signals_ranked"": 2, ""brain_available"": true, ""signals_scanned"": 1, ""signals_approved"": 0, ""signals_excellent"": 0, ""invariant_breaches"": 0, ""trace_nodes_logged"": [""snapshot"", ""pre_flight"", ""scan"", ""gate"", ""state"", ""unknown"", ""upsert"", ""invariants"", ""cleanup"", ""rank""]}}",2026-07-21 07:22:00.192845+00
1359,2026-07-21 07:27:16.785127+00,OK,,16534,1,0,"{""result"": {""status"": ""OK"", ""run_time"": ""2026-07-21T07:27:00.227853+00:00"", ""upserted"": 0, ""signals_ranked"": 2, ""brain_available"": true, ""signals_scanned"": 1, ""signals_approved"": 0, ""signals_excellent"": 0, ""invariant_breaches"": 0, ""trace_nodes_logged"": [""snapshot"", ""pre_flight"", ""scan"", ""gate"", ""state"", ""unknown"", ""upsert"", ""invariants"", ""cleanup"", ""rank""]}}",2026-07-21 07:27:16.785324+00
1360,2026-07-21 07:32:34.734966+00,OK,,17866,1,0,"{""result"": {""status"": ""OK"", ""run_time"": ""2026-07-21T07:32:16.814001+00:00"", ""upserted"": 0, ""signals_ranked"": 2, ""brain_available"": true, ""signals_scanned"": 1, ""signals_approved"": 0, ""signals_excellent"": 0, ""invariant_breaches"": 0, ""trace_nodes_logged"": [""snapshot"", ""pre_flight"", ""scan"", ""gate"", ""state"", ""unknown"", ""upsert"", ""invariants"", ""cleanup"", ""rank""]}}",2026-07-21 07:32:34.735228+00
1361,2026-07-21 07:37:51.037579+00,OK,,16222,1,0,"{""result"": {""status"": ""OK"", ""run_time"": ""2026-07-21T07:37:34.784142+00:00"", ""upserted"": 0, ""signals_ranked"": 2, ""brain_available"": true, ""signals_scanned"": 1, ""signals_approved"": 0, ""signals_excellent"": 0, ""invariant_breaches"": 0, ""trace_nodes_logged"": [""snapshot"", ""pre_flight"", ""scan"", ""gate"", ""state"", ""unknown"", ""upsert"", ""invariants"", ""cleanup"", ""rank""]}}",2026-07-21 07:37:51.037785+00
1362,2026-07-21 07:43:08.577863+00,OK,,17469,1,0,"{""result"": {""status"": ""OK"", ""run_time"": ""2026-07-21T07:42:51.068300+00:00"", ""upserted"": 0, ""signals_ranked"": 2, ""brain_available"": true, ""signals_scanned"": 1, ""signals_approved"": 0, ""signals_excellent"": 0, ""invariant_breaches"": 0, ""trace_nodes_logged"": [""snapshot"", ""pre_flight"", ""scan"", ""gate"", ""state"", ""unknown"", ""upsert"", ""invariants"", ""cleanup"", ""rank""]}}",2026-07-21 07:43:08.578487+00
1363,2026-07-21 07:48:26.518645+00,OK,,17839,1,0,"{""result"": {""status"": ""OK"", ""run_time"": ""2026-07-21T07:48:08.636254+00:00"", ""upserted"": 0, ""signals_ranked"": 2, ""brain_available"": true, ""signals_scanned"": 1, ""signals_approved"": 0, ""signals_excellent"": 0, ""invariant_breaches"": 0, ""trace_nodes_logged"": [""snapshot"", ""pre_flight"", ""scan"", ""gate"", ""state"", ""unknown"", ""upsert"", ""invariants"", ""cleanup"", ""rank""]}}",2026-07-21 07:48:26.518889+00
1364,2026-07-21 07:53:44.060236+00,OK,,17463,1,0,"{""result"": {""status"": ""OK"", ""run_time"": ""2026-07-21T07:53:26.561852+00:00"", ""upserted"": 0, ""signals_ranked"": 2, ""brain_available"": true, ""signals_scanned"": 1, ""signals_approved"": 0, ""signals_excellent"": 0, ""invariant_breaches"": 0, ""trace_nodes_logged"": [""snapshot"", ""pre_flight"", ""scan"", ""gate"", ""state"", ""unknown"", ""upsert"", ""invariants"", ""cleanup"", ""rank""]}}",2026-07-21 07:53:44.061+00
1365,2026-07-21 07:59:01.043036+00,OK,,16895,1,0,"{""result"": {""status"": ""OK"", ""run_time"": ""2026-07-21T07:58:44.107844+00:00"", ""upserted"": 0, ""signals_ranked"": 2, ""brain_available"": true, ""signals_scanned"": 1, ""signals_approved"": 0, ""signals_excellent"": 0, ""invariant_breaches"": 1, ""trace_nodes_logged"": [""snapshot"", ""pre_flight"", ""scan"", ""gate"", ""state"", ""unknown"", ""upsert"", ""invariants"", ""cleanup"", ""rank""]}}",2026-07-21 07:59:01.043259+00
1366,2026-07-21 08:04:15.916176+00,OK,,14792,3,0,"{""result"": {""status"": ""OK"", ""run_time"": ""2026-07-21T08:04:01.085849+00:00"", ""upserted"": 0, ""signals_ranked"": 4, ""brain_available"": true, ""signals_scanned"": 3, ""signals_approved"": 0, ""signals_excellent"": 0, ""invariant_breaches"": 0, ""trace_nodes_logged"": [""snapshot"", ""pre_flight"", ""scan"", ""gate"", ""state"", ""unknown"", ""upsert"", ""invariants"", ""cleanup"", ""rank""]}}",2026-07-21 08:04:15.918847+00
1367,2026-07-21 08:09:31.232082+00,OK,,15203,3,0,"{""result"": {""status"": ""OK"", ""run_time"": ""2026-07-21T08:09:15.991662+00:00"", ""upserted"": 0, ""signals_ranked"": 4, ""brain_available"": true, ""signals_scanned"": 3, ""signals_approved"": 0, ""signals_excellent"": 0, ""invariant_breaches"": 0, ""trace_nodes_logged"": [""snapshot"", ""pre_flight"", ""scan"", ""gate"", ""state"", ""unknown"", ""upsert"", ""invariants"", ""cleanup"", ""rank""]}}",2026-07-21 08:09:31.232317+00
1368,2026-07-21 08:14:46.432042+00,OK,,15118,3,0,"{""result"": {""status"": ""OK"", ""run_time"": ""2026-07-21T08:14:31.278794+00:00"", ""upserted"": 0, ""signals_ranked"": 4, ""brain_available"": true, ""signals_scanned"": 3, ""signals_approved"": 0, ""signals_excellent"": 0, ""invariant_breaches"": 0, ""trace_nodes_logged"": [""snapshot"", ""pre_flight"", ""scan"", ""gate"", ""state"", ""unknown"", ""upsert"", ""invariants"", ""cleanup"", ""rank""]}}",2026-07-21 08:14:46.432251+00
1369,2026-07-21 08:20:01.889902+00,OK,,15376,3,0,"{""result"": {""status"": ""OK"", ""run_time"": ""2026-07-21T08:19:46.481321+00:00"", ""upserted"": 0, ""signals_ranked"": 4, ""brain_available"": true, ""signals_scanned"": 3, ""signals_approved"": 0, ""signals_excellent"": 0, ""invariant_breaches"": 0, ""trace_nodes_logged"": [""snapshot"", ""pre_flight"", ""scan"", ""gate"", ""state"", ""unknown"", ""upsert"", ""invariants"", ""cleanup"", ""rank""]}}",2026-07-21 08:20:01.890111+00
1370,2026-07-21 08:25:22.100467+00,OK,,20131,3,0,"{""result"": {""status"": ""OK"", ""run_time"": ""2026-07-21T08:25:01.928860+00:00"", ""upserted"": 0, ""signals_ranked"": 4, ""brain_available"": true, ""signals_scanned"": 3, ""signals_approved"": 0, ""signals_excellent"": 0, ""invariant_breaches"": 0, ""trace_nodes_logged"": [""snapshot"", ""pre_flight"", ""scan"", ""gate"", ""state"", ""unknown"", ""upsert"", ""invariants"", ""cleanup"", ""rank""]}}",2026-07-21 08:25:22.101276+00
1371,2026-07-21 08:30:37.501202+00,OK,,15313,3,0,"{""result"": {""status"": ""OK"", ""run_time"": ""2026-07-21T08:30:22.151037+00:00"", ""upserted"": 0, ""signals_ranked"": 4, ""brain_available"": true, ""signals_scanned"": 3, ""signals_approved"": 0, ""signals_excellent"": 0, ""invariant_breaches"": 0, ""trace_nodes_logged"": [""snapshot"", ""pre_flight"", ""scan"", ""gate"", ""state"", ""unknown"", ""upsert"", ""invariants"", ""cleanup"", ""rank""]}}",2026-07-21 08:30:37.501417+00
1372,2026-07-21 08:35:53.631962+00,OK,,16046,3,0,"{""result"": {""status"": ""OK"", ""run_time"": ""2026-07-21T08:35:37.541724+00:00"", ""upserted"": 0, ""signals_ranked"": 4, ""brain_available"": true, ""signals_scanned"": 3, ""signals_approved"": 0, ""signals_excellent"": 0, ""invariant_breaches"": 0, ""trace_nodes_logged"": [""snapshot"", ""pre_flight"", ""scan"", ""gate"", ""state"", ""unknown"", ""upsert"", ""invariants"", ""cleanup"", ""rank""]}}",2026-07-21 08:35:53.634271+00
1373,2026-07-21 08:41:09.220958+00,OK,,15508,3,0,"{""result"": {""status"": ""OK"", ""run_time"": ""2026-07-21T08:40:53.674126+00:00"", ""upserted"": 0, ""signals_ranked"": 4, ""brain_available"": true, ""signals_scanned"": 3, ""signals_approved"": 0, ""signals_excellent"": 0, ""invariant_breaches"": 0, ""trace_nodes_logged"": [""snapshot"", ""pre_flight"", ""scan"", ""gate"", ""state"", ""unknown"", ""upsert"", ""invariants"", ""cleanup"", ""rank""]}}",2026-07-21 08:41:09.221187+00
1374,2026-07-21 08:46:23.490035+00,OK,,14192,3,0,"{""result"": {""status"": ""OK"", ""run_time"": ""2026-07-21T08:46:09.259280+00:00"", ""upserted"": 0, ""signals_ranked"": 4, ""brain_available"": true, ""signals_scanned"": 3, ""signals_approved"": 0, ""signals_excellent"": 0, ""invariant_breaches"": 0, ""trace_nodes_logged"": [""snapshot"", ""pre_flight"", ""scan"", ""gate"", ""state"", ""unknown"", ""upsert"", ""invariants"", ""cleanup"", ""rank""]}}",2026-07-21 08:46:23.490216+00
1375,2026-07-21 08:51:39.488217+00,OK,,15914,3,0,"{""result"": {""status"": ""OK"", ""run_time"": ""2026-07-21T08:51:23.532839+00:00"", ""upserted"": 0, ""signals_ranked"": 4, ""brain_available"": true, ""signals_scanned"": 3, ""signals_approved"": 0, ""signals_excellent"": 0, ""invariant_breaches"": 0, ""trace_nodes_logged"": [""snapshot"", ""pre_flight"", ""scan"", ""gate"", ""state"", ""unknown"", ""upsert"", ""invariants"", ""cleanup"", ""rank""]}}",2026-07-21 08:51:39.488469+00
1376,2026-07-21 08:56:54.380308+00,OK,,14788,3,0,"{""result"": {""status"": ""OK"", ""run_time"": ""2026-07-21T08:56:39.536050+00:00"", ""upserted"": 0, ""signals_ranked"": 3, ""brain_available"": true, ""signals_scanned"": 3, ""signals_approved"": 0, ""signals_excellent"": 0, ""invariant_breaches"": 0, ""trace_nodes_logged"": [""snapshot"", ""pre_flight"", ""scan"", ""gate"", ""state"", ""unknown"", ""upsert"", ""invariants"", ""cleanup"", ""rank""]}}",2026-07-21 08:56:54.380516+00
1377,2026-07-21 09:02:10.368086+00,OK,,15915,3,0,"{""result"": {""status"": ""OK"", ""run_time"": ""2026-07-21T09:01:54.423621+00:00"", ""upserted"": 0, ""signals_ranked"": 3, ""brain_available"": true, ""signals_scanned"": 3, ""signals_approved"": 0, ""signals_excellent"": 0, ""invariant_breaches"": 0, ""trace_nodes_logged"": [""snapshot"", ""pre_flight"", ""scan"", ""gate"", ""state"", ""unknown"", ""upsert"", ""invariants"", ""cleanup"", ""rank""]}}",2026-07-21 09:02:10.368297+00
1378,2026-07-21 09:07:25.146068+00,OK,,14710,0,0,"{""result"": {""status"": ""OK"", ""run_time"": ""2026-07-21T09:07:10.409573+00:00"", ""upserted"": 0, ""signals_ranked"": 3, ""brain_available"": true, ""signals_scanned"": 0, ""signals_approved"": 0, ""signals_excellent"": 0, ""invariant_breaches"": 0, ""trace_nodes_logged"": [""snapshot"", ""pre_flight"", ""scan"", ""gate"", ""state"", ""unknown"", ""upsert"", ""invariants"", ""cleanup"", ""rank""]}}",2026-07-21 09:07:25.146288+00
1379,2026-07-21 09:12:39.317949+00,OK,,14096,0,0,"{""result"": {""status"": ""OK"", ""run_time"": ""2026-07-21T09:12:25.172626+00:00"", ""upserted"": 0, ""signals_ranked"": 3, ""brain_available"": true, ""signals_scanned"": 0, ""signals_approved"": 0, ""signals_excellent"": 0, ""invariant_breaches"": 0, ""trace_nodes_logged"": [""snapshot"", ""pre_flight"", ""scan"", ""gate"", ""state"", ""unknown"", ""upsert"", ""invariants"", ""cleanup"", ""rank""]}}",2026-07-21 09:12:39.318154+00
1380,2026-07-21 09:17:53.394951+00,OK,,13979,0,0,"{""result"": {""status"": ""OK"", ""run_time"": ""2026-07-21T09:17:39.379250+00:00"", ""upserted"": 0, ""signals_ranked"": 3, ""brain_available"": true, ""signals_scanned"": 0, ""signals_approved"": 0, ""signals_excellent"": 0, ""invariant_breaches"": 0, ""trace_nodes_logged"": [""snapshot"", ""pre_flight"", ""scan"", ""gate"", ""state"", ""unknown"", ""upsert"", ""invariants"", ""cleanup"", ""rank""]}}",2026-07-21 09:17:53.395168+00
1381,2026-07-21 09:23:08.514966+00,OK,,15033,1,0,"{""result"": {""status"": ""OK"", ""run_time"": ""2026-07-21T09:22:53.430652+00:00"", ""upserted"": 0, ""signals_ranked"": 3, ""brain_available"": true, ""signals_scanned"": 1, ""signals_approved"": 0, ""signals_excellent"": 0, ""invariant_breaches"": 0, ""trace_nodes_logged"": [""snapshot"", ""pre_flight"", ""scan"", ""gate"", ""state"", ""unknown"", ""upsert"", ""invariants"", ""cleanup"", ""rank""]}}",2026-07-21 09:23:08.518982+00
1382,2026-07-21 09:28:25.238538+00,OK,,16614,1,0,"{""result"": {""status"": ""OK"", ""run_time"": ""2026-07-21T09:28:08.579943+00:00"", ""upserted"": 0, ""signals_ranked"": 3, ""brain_available"": true, ""signals_scanned"": 1, ""signals_approved"": 0, ""signals_excellent"": 0, ""invariant_breaches"": 0, ""trace_nodes_logged"": [""snapshot"", ""pre_flight"", ""scan"", ""gate"", ""state"", ""unknown"", ""upsert"", ""invariants"", ""cleanup"", ""rank""]}}",2026-07-21 09:28:25.23876+00
1383,2026-07-21 09:33:40.513716+00,OK,,15197,1,0,"{""result"": {""status"": ""OK"", ""run_time"": ""2026-07-21T09:33:25.283029+00:00"", ""upserted"": 0, ""signals_ranked"": 3, ""brain_available"": true, ""signals_scanned"": 1, ""signals_approved"": 0, ""signals_excellent"": 0, ""invariant_breaches"": 0, ""trace_nodes_logged"": [""snapshot"", ""pre_flight"", ""scan"", ""gate"", ""state"", ""unknown"", ""upsert"", ""invariants"", ""cleanup"", ""rank""]}}",2026-07-21 09:33:40.513942+00
1384,2026-07-21 09:38:56.950012+00,OK,,16357,1,0,"{""result"": {""status"": ""OK"", ""run_time"": ""2026-07-21T09:38:40.558988+00:00"", ""upserted"": 0, ""signals_ranked"": 3, ""brain_available"": true, ""signals_scanned"": 1, ""signals_approved"": 0, ""signals_excellent"": 0, ""invariant_breaches"": 0, ""trace_nodes_logged"": [""snapshot"", ""pre_flight"", ""scan"", ""gate"", ""state"", ""unknown"", ""upsert"", ""invariants"", ""cleanup"", ""rank""]}}",2026-07-21 09:38:56.95025+00
1385,2026-07-21 09:44:11.809608+00,OK,,14787,1,0,"{""result"": {""status"": ""OK"", ""run_time"": ""2026-07-21T09:43:56.988271+00:00"", ""upserted"": 0, ""signals_ranked"": 3, ""brain_available"": true, ""signals_scanned"": 1, ""signals_approved"": 0, ""signals_excellent"": 0, ""invariant_breaches"": 0, ""trace_nodes_logged"": [""snapshot"", ""pre_flight"", ""scan"", ""gate"", ""state"", ""unknown"", ""upsert"", ""invariants"", ""cleanup"", ""rank""]}}",2026-07-21 09:44:11.809827+00
1386,2026-07-21 09:49:26.186473+00,OK,,14293,1,0,"{""result"": {""status"": ""OK"", ""run_time"": ""2026-07-21T09:49:11.869849+00:00"", ""upserted"": 0, ""signals_ranked"": 3, ""brain_available"": true, ""signals_scanned"": 1, ""signals_approved"": 0, ""signals_excellent"": 0, ""invariant_breaches"": 0, ""trace_nodes_logged"": [""snapshot"", ""pre_flight"", ""scan"", ""gate"", ""state"", ""unknown"", ""upsert"", ""invariants"", ""cleanup"", ""rank""]}}",2026-07-21 09:49:26.18667+00
1387,2026-07-21 09:54:41.323034+00,OK,,15066,1,0,"{""result"": {""status"": ""OK"", ""run_time"": ""2026-07-21T09:54:26.221138+00:00"", ""upserted"": 0, ""signals_ranked"": 3, ""brain_available"": true, ""signals_scanned"": 1, ""signals_approved"": 0, ""signals_excellent"": 0, ""invariant_breaches"": 0, ""trace_nodes_logged"": [""snapshot"", ""pre_flight"", ""scan"", ""gate"", ""state"", ""unknown"", ""upsert"", ""invariants"", ""cleanup"", ""rank""]}}",2026-07-21 09:54:41.323251+00
1388,2026-07-21 09:59:56.139507+00,OK,,14720,1,0,"{""result"": {""status"": ""OK"", ""run_time"": ""2026-07-21T09:59:41.374853+00:00"", ""upserted"": 0, ""signals_ranked"": 3, ""brain_available"": true, ""signals_scanned"": 1, ""signals_approved"": 0, ""signals_excellent"": 0, ""invariant_breaches"": 0, ""trace_nodes_logged"": [""snapshot"", ""pre_flight"", ""scan"", ""gate"", ""state"", ""unknown"", ""upsert"", ""invariants"", ""cleanup"", ""rank""]}}",2026-07-21 09:59:56.141855+00
1389,2026-07-21 10:05:13.065257+00,OK,,16822,1,0,"{""result"": {""status"": ""OK"", ""run_time"": ""2026-07-21T10:04:56.192855+00:00"", ""upserted"": 0, ""signals_ranked"": 3, ""brain_available"": true, ""signals_scanned"": 1, ""signals_approved"": 0, ""signals_excellent"": 0, ""invariant_breaches"": 0, ""trace_nodes_logged"": [""snapshot"", ""pre_flight"", ""scan"", ""gate"", ""state"", ""unknown"", ""upsert"", ""invariants"", ""cleanup"", ""rank""]}}",2026-07-21 10:05:13.066846+00
1390,2026-07-21 10:10:36.306656+00,OK,,23129,2,1,"{""result"": {""status"": ""OK"", ""run_time"": ""2026-07-21T10:10:13.119866+00:00"", ""upserted"": 1, ""signals_ranked"": 4, ""brain_available"": true, ""signals_scanned"": 2, ""signals_approved"": 1, ""signals_excellent"": 0, ""invariant_breaches"": 0, ""trace_nodes_logged"": [""snapshot"", ""pre_flight"", ""scan"", ""gate"", ""state"", ""unknown"", ""upsert"", ""invariants"", ""cleanup"", ""rank""]}}",2026-07-21 10:10:36.306894+00
1391,2026-07-21 10:15:56.295012+00,OK,,19911,2,0,"{""result"": {""status"": ""OK"", ""run_time"": ""2026-07-21T10:15:36.347868+00:00"", ""upserted"": 0, ""signals_ranked"": 4, ""brain_available"": true, ""signals_scanned"": 2, ""signals_approved"": 0, ""signals_excellent"": 0, ""invariant_breaches"": 0, ""trace_nodes_logged"": [""snapshot"", ""pre_flight"", ""scan"", ""gate"", ""state"", ""unknown"", ""upsert"", ""invariants"", ""cleanup"", ""rank""]}}",2026-07-21 10:15:56.295223+00
1392,2026-07-21 10:21:16.314784+00,OK,,19936,2,0,"{""result"": {""status"": ""OK"", ""run_time"": ""2026-07-21T10:20:56.343522+00:00"", ""upserted"": 0, ""signals_ranked"": 4, ""brain_available"": true, ""signals_scanned"": 2, ""signals_approved"": 0, ""signals_excellent"": 0, ""invariant_breaches"": 0, ""trace_nodes_logged"": [""snapshot"", ""pre_flight"", ""scan"", ""gate"", ""state"", ""unknown"", ""upsert"", ""invariants"", ""cleanup"", ""rank""]}}",2026-07-21 10:21:16.315042+00
1393,2026-07-21 10:26:35.311675+00,OK,,18916,2,0,"{""result"": {""status"": ""OK"", ""run_time"": ""2026-07-21T10:26:16.361252+00:00"", ""upserted"": 0, ""signals_ranked"": 4, ""brain_available"": true, ""signals_scanned"": 2, ""signals_approved"": 0, ""signals_excellent"": 0, ""invariant_breaches"": 0, ""trace_nodes_logged"": [""snapshot"", ""pre_flight"", ""scan"", ""gate"", ""state"", ""unknown"", ""upsert"", ""invariants"", ""cleanup"", ""rank""]}}",2026-07-21 10:26:35.313856+00
1394,2026-07-21 10:31:35.761291+00,ABORTED,pre_flight_failed,331,0,0,"{""result"": {""reason"": ""pre_flight_failed"", ""status"": ""ABORTED""}}",2026-07-21 10:31:35.76185+00
1395,2026-07-21 10:36:52.844694+00,OK,,16934,2,0,"{""result"": {""status"": ""OK"", ""run_time"": ""2026-07-21T10:36:35.871229+00:00"", ""upserted"": 0, ""signals_ranked"": 4, ""brain_available"": true, ""signals_scanned"": 2, ""signals_approved"": 0, ""signals_excellent"": 0, ""invariant_breaches"": 0, ""trace_nodes_logged"": [""snapshot"", ""pre_flight"", ""scan"", ""gate"", ""state"", ""unknown"", ""upsert"", ""invariants"", ""cleanup"", ""rank""]}}",2026-07-21 10:36:52.844944+00
1396,2026-07-21 10:42:09.561429+00,OK,,16632,2,0,"{""result"": {""status"": ""OK"", ""run_time"": ""2026-07-21T10:41:52.889163+00:00"", ""upserted"": 0, ""signals_ranked"": 4, ""brain_available"": true, ""signals_scanned"": 2, ""signals_approved"": 0, ""signals_excellent"": 0, ""invariant_breaches"": 0, ""trace_nodes_logged"": [""snapshot"", ""pre_flight"", ""scan"", ""gate"", ""state"", ""unknown"", ""upsert"", ""invariants"", ""cleanup"", ""rank""]}}",2026-07-21 10:42:09.563849+00
1397,2026-07-21 10:47:25.14348+00,OK,,15493,2,0,"{""result"": {""status"": ""OK"", ""run_time"": ""2026-07-21T10:47:09.607382+00:00"", ""upserted"": 0, ""signals_ranked"": 4, ""brain_available"": true, ""signals_scanned"": 2, ""signals_approved"": 0, ""signals_excellent"": 0, ""invariant_breaches"": 0, ""trace_nodes_logged"": [""snapshot"", ""pre_flight"", ""scan"", ""gate"", ""state"", ""unknown"", ""upsert"", ""invariants"", ""cleanup"", ""rank""]}}",2026-07-21 10:47:25.143706+00
1398,2026-07-21 10:52:42.562638+00,OK,,17327,2,0,"{""result"": {""status"": ""OK"", ""run_time"": ""2026-07-21T10:52:25.197826+00:00"", ""upserted"": 0, ""signals_ranked"": 4, ""brain_available"": true, ""signals_scanned"": 2, ""signals_approved"": 0, ""signals_excellent"": 0, ""invariant_breaches"": 0, ""trace_nodes_logged"": [""snapshot"", ""pre_flight"", ""scan"", ""gate"", ""state"", ""unknown"", ""upsert"", ""invariants"", ""cleanup"", ""rank""]}}",2026-07-21 10:52:42.56585+00
1399,2026-07-21 10:57:58.860721+00,OK,,16184,2,0,"{""result"": {""status"": ""OK"", ""run_time"": ""2026-07-21T10:57:42.637636+00:00"", ""upserted"": 0, ""signals_ranked"": 4, ""brain_available"": true, ""signals_scanned"": 2, ""signals_approved"": 0, ""signals_excellent"": 0, ""invariant_breaches"": 0, ""trace_nodes_logged"": [""snapshot"", ""pre_flight"", ""scan"", ""gate"", ""state"", ""unknown"", ""upsert"", ""invariants"", ""cleanup"", ""rank""]}}",2026-07-21 10:57:58.862041+00
1400,2026-07-21 11:03:14.58977+00,OK,,15648,2,0,"{""result"": {""status"": ""OK"", ""run_time"": ""2026-07-21T11:02:58.907235+00:00"", ""upserted"": 0, ""signals_ranked"": 3, ""brain_available"": true, ""signals_scanned"": 2, ""signals_approved"": 0, ""signals_excellent"": 0, ""invariant_breaches"": 0, ""trace_nodes_logged"": [""snapshot"", ""pre_flight"", ""scan"", ""gate"", ""state"", ""unknown"", ""upsert"", ""invariants"", ""cleanup"", ""rank""]}}",2026-07-21 11:03:14.59001+00
1401,2026-07-21 11:08:29.710937+00,OK,,15040,2,0,"{""result"": {""status"": ""OK"", ""run_time"": ""2026-07-21T11:08:14.640594+00:00"", ""upserted"": 0, ""signals_ranked"": 3, ""brain_available"": true, ""signals_scanned"": 2, ""signals_approved"": 0, ""signals_excellent"": 0, ""invariant_breaches"": 0, ""trace_nodes_logged"": [""snapshot"", ""pre_flight"", ""scan"", ""gate"", ""state"", ""unknown"", ""upsert"", ""invariants"", ""cleanup"", ""rank""]}}",2026-07-21 11:08:29.712408+00
1402,2026-07-21 11:13:44.866278+00,OK,,15033,2,0,"{""result"": {""status"": ""OK"", ""run_time"": ""2026-07-21T11:13:29.775318+00:00"", ""upserted"": 0, ""signals_ranked"": 3, ""brain_available"": true, ""signals_scanned"": 2, ""signals_approved"": 0, ""signals_excellent"": 0, ""invariant_breaches"": 0, ""trace_nodes_logged"": [""snapshot"", ""pre_flight"", ""scan"", ""gate"", ""state"", ""unknown"", ""upsert"", ""invariants"", ""cleanup"", ""rank""]}}",2026-07-21 11:13:44.866489+00
1403,2026-07-21 11:18:59.808436+00,OK,,14813,2,0,"{""result"": {""status"": ""OK"", ""run_time"": ""2026-07-21T11:18:44.931714+00:00"", ""upserted"": 0, ""signals_ranked"": 4, ""brain_available"": true, ""signals_scanned"": 2, ""signals_approved"": 0, ""signals_excellent"": 0, ""invariant_breaches"": 0, ""trace_nodes_logged"": [""snapshot"", ""pre_flight"", ""scan"", ""gate"", ""state"", ""unknown"", ""upsert"", ""invariants"", ""cleanup"", ""rank""]}}",2026-07-21 11:18:59.808646+00
1404,2026-07-21 11:24:14.294131+00,OK,,14257,2,0,"{""result"": {""status"": ""OK"", ""run_time"": ""2026-07-21T11:23:59.989186+00:00"", ""upserted"": 0, ""signals_ranked"": 4, ""brain_available"": true, ""signals_scanned"": 2, ""signals_approved"": 0, ""signals_excellent"": 0, ""invariant_breaches"": 0, ""trace_nodes_logged"": [""snapshot"", ""pre_flight"", ""scan"", ""gate"", ""state"", ""unknown"", ""upsert"", ""invariants"", ""cleanup"", ""rank""]}}",2026-07-21 11:24:14.294434+00
1405,2026-07-21 11:29:29.522948+00,OK,,15131,2,0,"{""result"": {""status"": ""OK"", ""run_time"": ""2026-07-21T11:29:14.331066+00:00"", ""upserted"": 0, ""signals_ranked"": 4, ""brain_available"": true, ""signals_scanned"": 2, ""signals_approved"": 0, ""signals_excellent"": 0, ""invariant_breaches"": 0, ""trace_nodes_logged"": [""snapshot"", ""pre_flight"", ""scan"", ""gate"", ""state"", ""unknown"", ""upsert"", ""invariants"", ""cleanup"", ""rank""]}}",2026-07-21 11:29:29.52319+00
1406,2026-07-21 11:34:43.719924+00,OK,,14094,2,1,"{""result"": {""status"": ""OK"", ""run_time"": ""2026-07-21T11:34:29.601140+00:00"", ""upserted"": 1, ""signals_ranked"": 4, ""brain_available"": true, ""signals_scanned"": 2, ""signals_approved"": 1, ""signals_excellent"": 0, ""invariant_breaches"": 0, ""trace_nodes_logged"": [""snapshot"", ""pre_flight"", ""scan"", ""gate"", ""state"", ""unknown"", ""upsert"", ""invariants"", ""cleanup"", ""rank""]}}",2026-07-21 11:34:43.720157+00
1407,2026-07-21 11:40:01.355481+00,OK,,17572,2,0,"{""result"": {""status"": ""OK"", ""run_time"": ""2026-07-21T11:39:43.750848+00:00"", ""upserted"": 0, ""signals_ranked"": 4, ""brain_available"": true, ""signals_scanned"": 2, ""signals_approved"": 0, ""signals_excellent"": 0, ""invariant_breaches"": 0, ""trace_nodes_logged"": [""snapshot"", ""pre_flight"", ""scan"", ""gate"", ""state"", ""unknown"", ""upsert"", ""invariants"", ""cleanup"", ""rank""]}}",2026-07-21 11:40:01.355737+00
1408,2026-07-21 11:45:19.747073+00,OK,,18293,2,0,"{""result"": {""status"": ""OK"", ""run_time"": ""2026-07-21T11:45:01.400719+00:00"", ""upserted"": 0, ""signals_ranked"": 4, ""brain_available"": true, ""signals_scanned"": 2, ""signals_approved"": 0, ""signals_excellent"": 0, ""invariant_breaches"": 0, ""trace_nodes_logged"": [""snapshot"", ""pre_flight"", ""scan"", ""gate"", ""state"", ""unknown"", ""upsert"", ""invariants"", ""cleanup"", ""rank""]}}",2026-07-21 11:45:19.747326+00
1409,2026-07-21 11:50:37.650364+00,OK,,17806,2,0,"{""result"": {""status"": ""OK"", ""run_time"": ""2026-07-21T11:50:19.797777+00:00"", ""upserted"": 0, ""signals_ranked"": 4, ""brain_available"": true, ""signals_scanned"": 2, ""signals_approved"": 0, ""signals_excellent"": 0, ""invariant_breaches"": 0, ""trace_nodes_logged"": [""snapshot"", ""pre_flight"", ""scan"", ""gate"", ""state"", ""unknown"", ""upsert"", ""invariants"", ""cleanup"", ""rank""]}}",2026-07-21 11:50:37.650574+00
1410,2026-07-21 11:55:53.742021+00,OK,,15967,2,0,"{""result"": {""status"": ""OK"", ""run_time"": ""2026-07-21T11:55:37.692212+00:00"", ""upserted"": 0, ""signals_ranked"": 4, ""brain_available"": true, ""signals_scanned"": 2, ""signals_approved"": 0, ""signals_excellent"": 0, ""invariant_breaches"": 0, ""trace_nodes_logged"": [""snapshot"", ""pre_flight"", ""scan"", ""gate"", ""state"", ""unknown"", ""upsert"", ""invariants"", ""cleanup"", ""rank""]}}",2026-07-21 11:55:53.742242+00
1411,2026-07-21 12:01:11.876501+00,OK,,18043,2,0,"{""result"": {""status"": ""OK"", ""run_time"": ""2026-07-21T12:00:53.784429+00:00"", ""upserted"": 0, ""signals_ranked"": 4, ""brain_available"": true, ""signals_scanned"": 2, ""signals_approved"": 0, ""signals_excellent"": 0, ""invariant_breaches"": 0, ""trace_nodes_logged"": [""snapshot"", ""pre_flight"", ""scan"", ""gate"", ""state"", ""unknown"", ""upsert"", ""invariants"", ""cleanup"", ""rank""]}}",2026-07-21 12:01:11.876711+00
1412,2026-07-21 12:06:28.954151+00,OK,,16991,2,0,"{""result"": {""status"": ""OK"", ""run_time"": ""2026-07-21T12:06:11.928446+00:00"", ""upserted"": 0, ""signals_ranked"": 4, ""brain_available"": true, ""signals_scanned"": 2, ""signals_approved"": 0, ""signals_excellent"": 0, ""invariant_breaches"": 0, ""trace_nodes_logged"": [""snapshot"", ""pre_flight"", ""scan"", ""gate"", ""state"", ""unknown"", ""upsert"", ""invariants"", ""cleanup"", ""rank""]}}",2026-07-21 12:06:28.954505+00
1413,2026-07-21 12:11:47.855781+00,OK,,18770,2,0,"{""result"": {""status"": ""OK"", ""run_time"": ""2026-07-21T12:11:29.010132+00:00"", ""upserted"": 0, ""signals_ranked"": 4, ""brain_available"": true, ""signals_scanned"": 2, ""signals_approved"": 0, ""signals_excellent"": 0, ""invariant_breaches"": 0, ""trace_nodes_logged"": [""snapshot"", ""pre_flight"", ""scan"", ""gate"", ""state"", ""unknown"", ""upsert"", ""invariants"", ""cleanup"", ""rank""]}}",2026-07-21 12:11:47.857854+00
1414,2026-07-21 12:17:05.740755+00,OK,,17760,3,0,"{""result"": {""status"": ""OK"", ""run_time"": ""2026-07-21T12:16:47.912735+00:00"", ""upserted"": 0, ""signals_ranked"": 3, ""brain_available"": true, ""signals_scanned"": 3, ""signals_approved"": 0, ""signals_excellent"": 0, ""invariant_breaches"": 0, ""trace_nodes_logged"": [""snapshot"", ""pre_flight"", ""scan"", ""gate"", ""state"", ""unknown"", ""upsert"", ""invariants"", ""cleanup"", ""rank""]}}",2026-07-21 12:17:05.743988+00
1415,2026-07-21 12:22:27.091489+00,OK,,21278,2,0,"{""result"": {""status"": ""OK"", ""run_time"": ""2026-07-21T12:22:05.778349+00:00"", ""upserted"": 0, ""signals_ranked"": 2, ""brain_available"": true, ""signals_scanned"": 2, ""signals_approved"": 0, ""signals_excellent"": 0, ""invariant_breaches"": 0, ""trace_nodes_logged"": [""snapshot"", ""pre_flight"", ""scan"", ""gate"", ""state"", ""unknown"", ""upsert"", ""invariants"", ""cleanup"", ""rank""]}}",2026-07-21 12:22:27.091701+00
1416,2026-07-21 12:27:44.956007+00,OK,,17760,2,0,"{""result"": {""status"": ""OK"", ""run_time"": ""2026-07-21T12:27:27.138282+00:00"", ""upserted"": 0, ""signals_ranked"": 2, ""brain_available"": true, ""signals_scanned"": 2, ""signals_approved"": 0, ""signals_excellent"": 0, ""invariant_breaches"": 0, ""trace_nodes_logged"": [""snapshot"", ""pre_flight"", ""scan"", ""gate"", ""state"", ""unknown"", ""upsert"", ""invariants"", ""cleanup"", ""rank""]}}",2026-07-21 12:27:44.957845+00
1417,2026-07-21 12:33:02.916919+00,OK,,17868,2,0,"{""result"": {""status"": ""OK"", ""run_time"": ""2026-07-21T12:32:45.016330+00:00"", ""upserted"": 0, ""signals_ranked"": 2, ""brain_available"": true, ""signals_scanned"": 2, ""signals_approved"": 0, ""signals_excellent"": 0, ""invariant_breaches"": 0, ""trace_nodes_logged"": [""snapshot"", ""pre_flight"", ""scan"", ""gate"", ""state"", ""unknown"", ""upsert"", ""invariants"", ""cleanup"", ""rank""]}}",2026-07-21 12:33:02.917133+00
1418,2026-07-21 12:38:21.536952+00,OK,,18528,1,0,"{""result"": {""status"": ""OK"", ""run_time"": ""2026-07-21T12:38:02.965841+00:00"", ""upserted"": 0, ""signals_ranked"": 2, ""brain_available"": true, ""signals_scanned"": 1, ""signals_approved"": 0, ""signals_excellent"": 0, ""invariant_breaches"": 0, ""trace_nodes_logged"": [""snapshot"", ""pre_flight"", ""scan"", ""gate"", ""state"", ""unknown"", ""upsert"", ""invariants"", ""cleanup"", ""rank""]}}",2026-07-21 12:38:21.537175+00
1419,2026-07-21 12:43:40.229267+00,OK,,18599,1,0,"{""result"": {""status"": ""OK"", ""run_time"": ""2026-07-21T12:43:21.590125+00:00"", ""upserted"": 0, ""signals_ranked"": 2, ""brain_available"": true, ""signals_scanned"": 1, ""signals_approved"": 0, ""signals_excellent"": 0, ""invariant_breaches"": 0, ""trace_nodes_logged"": [""snapshot"", ""pre_flight"", ""scan"", ""gate"", ""state"", ""unknown"", ""upsert"", ""invariants"", ""cleanup"", ""rank""]}}",2026-07-21 12:43:40.229474+00
1420,2026-07-21 12:48:57.685943+00,OK,,17373,1,0,"{""result"": {""status"": ""OK"", ""run_time"": ""2026-07-21T12:48:40.277847+00:00"", ""upserted"": 0, ""signals_ranked"": 2, ""brain_available"": true, ""signals_scanned"": 1, ""signals_approved"": 0, ""signals_excellent"": 0, ""invariant_breaches"": 0, ""trace_nodes_logged"": [""snapshot"", ""pre_flight"", ""scan"", ""gate"", ""state"", ""unknown"", ""upsert"", ""invariants"", ""cleanup"", ""rank""]}}",2026-07-21 12:48:57.68618+00
1421,2026-07-21 12:54:15.115744+00,OK,,17329,1,0,"{""result"": {""status"": ""OK"", ""run_time"": ""2026-07-21T12:53:57.742847+00:00"", ""upserted"": 0, ""signals_ranked"": 2, ""brain_available"": true, ""signals_scanned"": 1, ""signals_approved"": 0, ""signals_excellent"": 0, ""invariant_breaches"": 0, ""trace_nodes_logged"": [""snapshot"", ""pre_flight"", ""scan"", ""gate"", ""state"", ""unknown"", ""upsert"", ""invariants"", ""cleanup"", ""rank""]}}",2026-07-21 12:54:15.115962+00
1422,2026-07-21 12:59:32.399542+00,OK,,17184,1,0,"{""result"": {""status"": ""OK"", ""run_time"": ""2026-07-21T12:59:15.185449+00:00"", ""upserted"": 0, ""signals_ranked"": 2, ""brain_available"": true, ""signals_scanned"": 1, ""signals_approved"": 0, ""signals_excellent"": 0, ""invariant_breaches"": 0, ""trace_nodes_logged"": [""snapshot"", ""pre_flight"", ""scan"", ""gate"", ""state"", ""unknown"", ""upsert"", ""invariants"", ""cleanup"", ""rank""]}}",2026-07-21 12:59:32.399732+00
1423,2026-07-21 13:04:54.638996+00,OK,,22159,1,0,"{""result"": {""status"": ""OK"", ""run_time"": ""2026-07-21T13:04:32.425695+00:00"", ""upserted"": 0, ""signals_ranked"": 2, ""brain_available"": true, ""signals_scanned"": 1, ""signals_approved"": 0, ""signals_excellent"": 0, ""invariant_breaches"": 0, ""trace_nodes_logged"": [""snapshot"", ""pre_flight"", ""scan"", ""gate"", ""state"", ""unknown"", ""upsert"", ""invariants"", ""cleanup"", ""rank""]}}",2026-07-21 13:04:54.639867+00
1424,2026-07-21 13:10:33.188123+00,OK,,38373,1,0,"{""result"": {""status"": ""OK"", ""run_time"": ""2026-07-21T13:09:54.713268+00:00"", ""upserted"": 0, ""signals_ranked"": 2, ""brain_available"": true, ""signals_scanned"": 1, ""signals_approved"": 0, ""signals_excellent"": 0, ""invariant_breaches"": 0, ""trace_nodes_logged"": [""snapshot"", ""pre_flight"", ""scan"", ""gate"", ""state"", ""unknown"", ""upsert"", ""invariants"", ""cleanup"", ""rank""]}}",2026-07-21 13:10:33.188302+00
1425,2026-07-21 13:30:43.422522+00,ABORTED,pre_flight_failed,365,0,0,"{""result"": {""reason"": ""pre_flight_failed"", ""status"": ""ABORTED""}}",2026-07-21 13:30:43.423504+00
1426,2026-07-21 13:35:43.715984+00,ABORTED,pre_flight_failed,204,0,0,"{""result"": {""reason"": ""pre_flight_failed"", ""status"": ""ABORTED""}}",2026-07-21 13:35:43.716181+00
1427,2026-07-21 13:40:43.957642+00,ABORTED,pre_flight_failed,170,0,0,"{""result"": {""reason"": ""pre_flight_failed"", ""status"": ""ABORTED""}}",2026-07-21 13:40:43.957901+00
1428,2026-07-21 13:45:44.222581+00,ABORTED,pre_flight_failed,196,0,0,"{""result"": {""reason"": ""pre_flight_failed"", ""status"": ""ABORTED""}}",2026-07-21 13:45:44.222768+00
1429,2026-07-21 13:50:44.44209+00,ABORTED,pre_flight_failed,173,0,0,"{""result"": {""reason"": ""pre_flight_failed"", ""status"": ""ABORTED""}}",2026-07-21 13:50:44.442453+00
1430,2026-07-21 13:55:44.651585+00,ABORTED,pre_flight_failed,154,0,0,"{""result"": {""reason"": ""pre_flight_failed"", ""status"": ""ABORTED""}}",2026-07-21 13:55:44.652386+00
1431,2026-07-21 14:00:44.811421+00,ABORTED,pre_flight_failed,116,0,0,"{""result"": {""reason"": ""pre_flight_failed"", ""status"": ""ABORTED""}}",2026-07-21 14:00:44.811547+00
1432,2026-07-21 14:05:45.080546+00,ABORTED,pre_flight_failed,226,0,0,"{""result"": {""reason"": ""pre_flight_failed"", ""status"": ""ABORTED""}}",2026-07-21 14:05:45.081246+00
1433,2026-07-21 14:10:45.294191+00,ABORTED,pre_flight_failed,164,0,0,"{""result"": {""reason"": ""pre_flight_failed"", ""status"": ""ABORTED""}}",2026-07-21 14:10:45.29444+00
1434,2026-07-21 14:15:45.454923+00,ABORTED,pre_flight_failed,113,0,0,"{""result"": {""reason"": ""pre_flight_failed"", ""status"": ""ABORTED""}}",2026-07-21 14:15:45.455059+00
1435,2026-07-21 14:20:45.80438+00,ABORTED,pre_flight_failed,278,0,0,"{""result"": {""reason"": ""pre_flight_failed"", ""status"": ""ABORTED""}}",2026-07-21 14:20:45.809082+00
1436,2026-07-21 14:25:46.239312+00,ABORTED,pre_flight_failed,331,0,0,"{""result"": {""reason"": ""pre_flight_failed"", ""status"": ""ABORTED""}}",2026-07-21 14:25:46.239536+00
1437,2026-07-21 14:27:19.612598+00,ABORTED,pre_flight_failed,1821,0,0,"{""result"": {""reason"": ""pre_flight_failed"", ""status"": ""ABORTED""}}",2026-07-21 14:27:19.612809+00
1438,2026-07-21 14:30:02.831912+00,ABORTED,pre_flight_failed,743,0,0,"{""result"": {""reason"": ""pre_flight_failed"", ""status"": ""ABORTED""}}",2026-07-21 14:30:02.833327+00
