id,run_time,node,status,duration_ms,in_count,out_count,detail,created_at
11371,2026-07-21 14:30:02.023395+00,pre_flight,FAIL,0,0,0,"{""reason"": ""pre_flight_failed""}",2026-07-21 14:30:02.553571+00
11370,2026-07-21 14:27:17.740536+00,pre_flight,FAIL,0,0,0,"{""reason"": ""pre_flight_failed""}",2026-07-21 14:27:19.34408+00
11369,2026-07-21 14:25:45.861379+00,pre_flight,FAIL,0,0,0,"{""reason"": ""pre_flight_failed""}",2026-07-21 14:25:46.111812+00
11368,2026-07-21 14:20:45.475323+00,pre_flight,FAIL,0,0,0,"{""reason"": ""pre_flight_failed""}",2026-07-21 14:20:45.668187+00
11367,2026-07-21 14:15:45.323977+00,pre_flight,FAIL,0,0,0,"{""reason"": ""pre_flight_failed""}",2026-07-21 14:15:45.407354+00
11366,2026-07-21 14:10:45.104984+00,pre_flight,FAIL,0,0,0,"{""reason"": ""pre_flight_failed""}",2026-07-21 14:10:45.222487+00
11365,2026-07-21 14:05:44.833551+00,pre_flight,FAIL,0,0,0,"{""reason"": ""pre_flight_failed""}",2026-07-21 14:05:45.006217+00
11364,2026-07-21 14:00:44.680489+00,pre_flight,FAIL,0,0,0,"{""reason"": ""pre_flight_failed""}",2026-07-21 14:00:44.768629+00
11363,2026-07-21 13:55:44.475506+00,pre_flight,FAIL,0,0,0,"{""reason"": ""pre_flight_failed""}",2026-07-21 13:55:44.58922+00
11362,2026-07-21 13:50:44.251642+00,pre_flight,FAIL,0,0,0,"{""reason"": ""pre_flight_failed""}",2026-07-21 13:50:44.378472+00
11361,2026-07-21 13:45:43.988699+00,pre_flight,FAIL,0,0,0,"{""reason"": ""pre_flight_failed""}",2026-07-21 13:45:44.110483+00
11360,2026-07-21 13:40:43.760325+00,pre_flight,FAIL,0,0,0,"{""reason"": ""pre_flight_failed""}",2026-07-21 13:40:43.879725+00
11359,2026-07-21 13:35:43.48873+00,pre_flight,FAIL,0,0,0,"{""reason"": ""pre_flight_failed""}",2026-07-21 13:35:43.61675+00
11358,2026-07-21 13:30:43.011215+00,pre_flight,FAIL,0,0,0,"{""reason"": ""pre_flight_failed""}",2026-07-21 13:30:43.307449+00
11357,2026-07-21 13:09:54.713268+00,invariants,OK,46,0,0,,2026-07-21 13:10:32.900155+00
11356,2026-07-21 13:09:54.713268+00,snapshot,OK,0,1,1,,2026-07-21 13:10:29.695771+00
11355,2026-07-21 13:09:54.713268+00,upsert,OK,0,0,0,,2026-07-21 13:10:29.655747+00
11354,2026-07-21 13:09:54.713268+00,gate,OK,0,2,0,"{""rejected_by_corr"": 2}",2026-07-21 13:10:29.637787+00
11353,2026-07-21 13:09:54.713268+00,rank,OK,103,3,2,,2026-07-21 13:10:29.365845+00
11352,2026-07-21 13:09:54.713268+00,state,OK,86,1,3,,2026-07-21 13:10:29.308757+00
11351,2026-07-21 13:09:54.713268+00,scan,OK,22465,5,1,"{""signals_found"": 1, ""symbols_scanned"": 5}",2026-07-21 13:10:29.029193+00
11350,2026-07-21 13:09:54.713268+00,cleanup,OK,6,0,0,"{""expired"": 0}",2026-07-21 13:10:06.446235+00
11349,2026-07-21 13:09:54.713268+00,unknown,OK,10813,0,0,"{""closed"": 0}",2026-07-21 13:09:55.614854+00
11348,2026-07-21 13:09:54.713268+00,pre_flight,OK,714,0,0,,2026-07-21 13:09:54.881969+00
11347,2026-07-21 13:04:32.425695+00,invariants,OK,10,0,0,,2026-07-21 13:04:54.548747+00
11346,2026-07-21 13:04:32.425695+00,snapshot,OK,0,1,1,,2026-07-21 13:04:52.418266+00
11345,2026-07-21 13:04:32.425695+00,upsert,OK,0,0,0,,2026-07-21 13:04:52.376614+00
11344,2026-07-21 13:04:32.425695+00,gate,OK,0,2,0,"{""rejected_by_corr"": 2}",2026-07-21 13:04:52.369752+00
11343,2026-07-21 13:04:32.425695+00,rank,OK,80,3,2,,2026-07-21 13:04:52.172966+00
11342,2026-07-21 13:04:32.425695+00,state,OK,35,1,3,,2026-07-21 13:04:52.140835+00
11341,2026-07-21 13:04:32.425695+00,scan,OK,13955,5,1,"{""signals_found"": 1, ""symbols_scanned"": 5}",2026-07-21 13:04:52.040857+00
11340,2026-07-21 13:04:32.425695+00,cleanup,OK,9,0,0,"{""expired"": 0}",2026-07-21 13:04:38.027024+00
11339,2026-07-21 13:04:32.425695+00,unknown,OK,5071,0,0,"{""closed"": 0}",2026-07-21 13:04:32.93923+00
11338,2026-07-21 13:04:32.425695+00,pre_flight,OK,404,0,0,,2026-07-21 13:04:32.524412+00
11337,2026-07-21 12:59:15.185449+00,invariants,OK,10,0,0,,2026-07-21 12:59:32.337745+00
11336,2026-07-21 12:59:15.185449+00,snapshot,OK,0,1,1,,2026-07-21 12:59:30.583048+00
11335,2026-07-21 12:59:15.185449+00,upsert,OK,0,0,0,,2026-07-21 12:59:30.559137+00
11334,2026-07-21 12:59:15.185449+00,gate,OK,0,2,0,"{""rejected_by_corr"": 2}",2026-07-21 12:59:30.550515+00
11333,2026-07-21 12:59:15.185449+00,rank,OK,19,3,2,,2026-07-21 12:59:30.470364+00
11332,2026-07-21 12:59:15.185449+00,state,OK,20,1,3,,2026-07-21 12:59:30.45637+00
11331,2026-07-21 12:59:15.185449+00,scan,OK,10353,5,1,"{""signals_found"": 1, ""symbols_scanned"": 5}",2026-07-21 12:59:30.390927+00
11330,2026-07-21 12:59:15.185449+00,cleanup,OK,6,0,0,"{""expired"": 0}",2026-07-21 12:59:19.99604+00
11329,2026-07-21 12:59:15.185449+00,unknown,OK,4464,0,0,"{""closed"": 0}",2026-07-21 12:59:15.51786+00
11328,2026-07-21 12:59:15.185449+00,pre_flight,OK,238,0,0,,2026-07-21 12:59:15.2743+00
11327,2026-07-21 12:53:57.742847+00,invariants,OK,17,0,0,,2026-07-21 12:54:15.014363+00
11326,2026-07-21 12:53:57.742847+00,snapshot,OK,0,1,1,,2026-07-21 12:54:13.288664+00
11325,2026-07-21 12:53:57.742847+00,upsert,OK,0,0,0,,2026-07-21 12:54:13.236434+00
11324,2026-07-21 12:53:57.742847+00,gate,OK,0,2,0,"{""rejected_by_corr"": 2}",2026-07-21 12:54:13.220939+00
11323,2026-07-21 12:53:57.742847+00,rank,OK,26,3,2,,2026-07-21 12:54:13.12809+00
11322,2026-07-21 12:53:57.742847+00,state,OK,21,1,3,,2026-07-21 12:54:13.10519+00
11321,2026-07-21 12:53:57.742847+00,scan,OK,10933,5,1,"{""signals_found"": 1, ""symbols_scanned"": 5}",2026-07-21 12:54:13.035085+00
11320,2026-07-21 12:53:57.742847+00,cleanup,OK,4,0,0,"{""expired"": 0}",2026-07-21 12:54:02.054831+00
11319,2026-07-21 12:53:57.742847+00,unknown,OK,4106,0,0,"{""closed"": 0}",2026-07-21 12:53:57.932625+00
11318,2026-07-21 12:53:57.742847+00,pre_flight,OK,117,0,0,,2026-07-21 12:53:57.817383+00
11317,2026-07-21 12:48:40.277847+00,invariants,OK,11,0,0,,2026-07-21 12:48:57.592879+00
11316,2026-07-21 12:48:40.277847+00,snapshot,OK,0,1,1,,2026-07-21 12:48:55.943944+00
11315,2026-07-21 12:48:40.277847+00,upsert,OK,0,0,0,,2026-07-21 12:48:55.920215+00
11314,2026-07-21 12:48:40.277847+00,gate,OK,0,2,0,"{""rejected_by_corr"": 2}",2026-07-21 12:48:55.914847+00
11313,2026-07-21 12:48:40.277847+00,rank,OK,41,3,2,,2026-07-21 12:48:55.809912+00
11312,2026-07-21 12:48:40.277847+00,state,OK,25,1,3,,2026-07-21 12:48:55.784757+00
11311,2026-07-21 12:48:40.277847+00,scan,OK,11127,5,1,"{""signals_found"": 1, ""symbols_scanned"": 5}",2026-07-21 12:48:55.711157+00
11310,2026-07-21 12:48:40.277847+00,cleanup,OK,9,0,0,"{""expired"": 0}",2026-07-21 12:48:44.508869+00
11309,2026-07-21 12:48:40.277847+00,unknown,OK,3914,0,0,"{""closed"": 0}",2026-07-21 12:48:40.576652+00
11308,2026-07-21 12:48:40.277847+00,pre_flight,OK,218,0,0,,2026-07-21 12:48:40.354912+00
11307,2026-07-21 12:43:21.590125+00,invariants,OK,14,0,0,,2026-07-21 12:43:40.139388+00
11306,2026-07-21 12:43:21.590125+00,snapshot,OK,0,1,1,,2026-07-21 12:43:38.393225+00
11305,2026-07-21 12:43:21.590125+00,upsert,OK,0,0,0,,2026-07-21 12:43:38.371516+00
11304,2026-07-21 12:43:21.590125+00,gate,OK,0,2,0,"{""rejected_by_corr"": 2}",2026-07-21 12:43:38.367092+00
11303,2026-07-21 12:43:21.590125+00,rank,OK,23,3,2,,2026-07-21 12:43:38.293894+00
11302,2026-07-21 12:43:21.590125+00,state,OK,31,1,3,,2026-07-21 12:43:38.277198+00
11301,2026-07-21 12:43:21.590125+00,scan,OK,10977,5,1,"{""signals_found"": 1, ""symbols_scanned"": 5}",2026-07-21 12:43:38.176679+00
11300,2026-07-21 12:43:21.590125+00,cleanup,OK,5,0,0,"{""expired"": 0}",2026-07-21 12:43:27.151678+00
11299,2026-07-21 12:43:21.590125+00,unknown,OK,5264,0,0,"{""closed"": 0}",2026-07-21 12:43:21.871009+00
11298,2026-07-21 12:43:21.590125+00,pre_flight,OK,204,0,0,,2026-07-21 12:43:21.655928+00
11297,2026-07-21 12:38:02.965841+00,invariants,OK,19,0,0,,2026-07-21 12:38:21.436205+00
11296,2026-07-21 12:38:02.965841+00,snapshot,OK,0,1,1,,2026-07-21 12:38:19.170287+00
11295,2026-07-21 12:38:02.965841+00,upsert,OK,0,0,0,,2026-07-21 12:38:19.146282+00
11294,2026-07-21 12:38:02.965841+00,gate,OK,0,2,0,"{""rejected_by_corr"": 2}",2026-07-21 12:38:19.14107+00
11293,2026-07-21 12:38:02.965841+00,rank,OK,24,2,2,,2026-07-21 12:38:19.074117+00
11292,2026-07-21 12:38:02.965841+00,state,OK,21,1,2,,2026-07-21 12:38:19.060745+00
11291,2026-07-21 12:38:02.965841+00,scan,OK,10969,5,1,"{""signals_found"": 1, ""symbols_scanned"": 5}",2026-07-21 12:38:18.99247+00
11290,2026-07-21 12:38:02.965841+00,cleanup,OK,10,0,0,"{""expired"": 0}",2026-07-21 12:38:07.983327+00
11289,2026-07-21 12:38:02.965841+00,unknown,OK,4756,0,0,"{""closed"": 0}",2026-07-21 12:38:03.210085+00
11288,2026-07-21 12:38:02.965841+00,pre_flight,OK,168,0,0,,2026-07-21 12:38:03.039362+00
11287,2026-07-21 12:32:45.01633+00,invariants,OK,21,0,0,,2026-07-21 12:33:02.847616+00
11286,2026-07-21 12:32:45.01633+00,snapshot,OK,0,1,1,,2026-07-21 12:33:00.50985+00
11285,2026-07-21 12:32:45.01633+00,upsert,OK,0,0,0,,2026-07-21 12:33:00.477328+00
11284,2026-07-21 12:32:45.01633+00,gate,OK,0,2,0,"{""rejected_by_corr"": 2}",2026-07-21 12:33:00.464365+00
11283,2026-07-21 12:32:45.01633+00,rank,OK,60,2,2,,2026-07-21 12:33:00.330784+00
11282,2026-07-21 12:32:45.01633+00,state,OK,88,2,2,,2026-07-21 12:33:00.303908+00
11281,2026-07-21 12:32:45.01633+00,scan,OK,10589,5,2,"{""signals_found"": 2, ""symbols_scanned"": 5}",2026-07-21 12:33:00.147443+00
11280,2026-07-21 12:32:45.01633+00,cleanup,OK,4,0,0,"{""expired"": 0}",2026-07-21 12:32:49.519859+00
11279,2026-07-21 12:32:45.01633+00,unknown,OK,4131,0,0,"{""closed"": 0}",2026-07-21 12:32:45.380845+00
11278,2026-07-21 12:32:45.01633+00,pre_flight,OK,236,0,0,,2026-07-21 12:32:45.140284+00
11277,2026-07-21 12:27:27.138282+00,invariants,OK,25,0,0,,2026-07-21 12:27:44.838018+00
11276,2026-07-21 12:27:27.138282+00,snapshot,OK,0,1,1,,2026-07-21 12:27:43.141281+00
11275,2026-07-21 12:27:27.138282+00,upsert,OK,0,0,0,,2026-07-21 12:27:43.121672+00
11274,2026-07-21 12:27:27.138282+00,gate,OK,0,2,0,"{""rejected_by_corr"": 2}",2026-07-21 12:27:43.117468+00
11273,2026-07-21 12:27:27.138282+00,rank,OK,22,2,2,,2026-07-21 12:27:43.046323+00
11272,2026-07-21 12:27:27.138282+00,state,OK,44,2,2,,2026-07-21 12:27:43.027107+00
11271,2026-07-21 12:27:27.138282+00,scan,OK,10957,5,2,"{""signals_found"": 2, ""symbols_scanned"": 5}",2026-07-21 12:27:42.920798+00
11270,2026-07-21 12:27:27.138282+00,cleanup,OK,10,0,0,"{""expired"": 0}",2026-07-21 12:27:31.904949+00
11269,2026-07-21 12:27:27.138282+00,unknown,OK,4541,0,0,"{""closed"": 0}",2026-07-21 12:27:27.344218+00
11268,2026-07-21 12:27:27.138282+00,pre_flight,OK,118,0,0,,2026-07-21 12:27:27.213116+00
11267,2026-07-21 12:22:05.778349+00,invariants,OK,10,0,0,,2026-07-21 12:22:27.004061+00
11266,2026-07-21 12:22:05.778349+00,snapshot,OK,0,1,1,,2026-07-21 12:22:24.934038+00
11265,2026-07-21 12:22:05.778349+00,upsert,OK,0,0,0,,2026-07-21 12:22:24.905435+00
11264,2026-07-21 12:22:05.778349+00,gate,OK,0,2,0,"{""rejected_by_corr"": 2}",2026-07-21 12:22:24.898612+00
11263,2026-07-21 12:22:05.778349+00,rank,OK,17,2,2,,2026-07-21 12:22:24.825966+00
11262,2026-07-21 12:22:05.778349+00,state,OK,54,2,2,,2026-07-21 12:22:24.798354+00
11261,2026-07-21 12:22:05.778349+00,scan,OK,13399,5,2,"{""signals_found"": 2, ""symbols_scanned"": 5}",2026-07-21 12:22:24.657994+00
11260,2026-07-21 12:22:05.778349+00,cleanup,OK,8,0,0,"{""expired"": 0}",2026-07-21 12:22:11.207949+00
11259,2026-07-21 12:22:05.778349+00,unknown,OK,5045,0,0,"{""closed"": 0}",2026-07-21 12:22:06.146349+00
11258,2026-07-21 12:22:05.778349+00,pre_flight,OK,222,0,0,,2026-07-21 12:22:05.926289+00
11257,2026-07-21 12:16:47.912735+00,invariants,OK,20,0,0,,2026-07-21 12:17:05.612264+00
11256,2026-07-21 12:16:47.912735+00,snapshot,OK,0,1,1,,2026-07-21 12:17:03.755889+00
11255,2026-07-21 12:16:47.912735+00,upsert,OK,0,0,0,,2026-07-21 12:17:03.733513+00
11254,2026-07-21 12:16:47.912735+00,gate,OK,0,3,0,"{""rejected_by_corr"": 3}",2026-07-21 12:17:03.724398+00
11253,2026-07-21 12:16:47.912735+00,rank,OK,24,3,3,,2026-07-21 12:17:03.566853+00
11252,2026-07-21 12:16:47.912735+00,state,OK,66,3,3,,2026-07-21 12:17:03.535598+00
11251,2026-07-21 12:16:47.912735+00,scan,OK,10315,5,3,"{""signals_found"": 3, ""symbols_scanned"": 5}",2026-07-21 12:17:03.37351+00
11250,2026-07-21 12:16:47.912735+00,cleanup,OK,7,0,0,"{""expired"": 0}",2026-07-21 12:16:53.003146+00
11249,2026-07-21 12:16:47.912735+00,unknown,OK,4801,0,0,"{""closed"": 0}",2026-07-21 12:16:48.180552+00
11248,2026-07-21 12:16:47.912735+00,pre_flight,OK,182,0,0,,2026-07-21 12:16:47.984287+00
11247,2026-07-21 12:11:29.010132+00,invariants,OK,12,0,0,,2026-07-21 12:11:47.744165+00
11246,2026-07-21 12:11:29.010132+00,snapshot,OK,0,1,1,,2026-07-21 12:11:45.995068+00
11245,2026-07-21 12:11:29.010132+00,upsert,OK,0,0,0,,2026-07-21 12:11:45.946873+00
11244,2026-07-21 12:11:29.010132+00,gate,OK,0,4,0,"{""rejected_by_corr"": 4}",2026-07-21 12:11:45.938102+00
11243,2026-07-21 12:11:29.010132+00,rank,OK,32,4,4,,2026-07-21 12:11:45.804127+00
11242,2026-07-21 12:11:29.010132+00,state,OK,39,2,4,,2026-07-21 12:11:45.77366+00
11241,2026-07-21 12:11:29.010132+00,scan,OK,11680,5,2,"{""signals_found"": 2, ""symbols_scanned"": 5}",2026-07-21 12:11:45.667783+00
11240,2026-07-21 12:11:29.010132+00,cleanup,OK,5,0,0,"{""expired"": 0}",2026-07-21 12:11:33.939855+00
11239,2026-07-21 12:11:29.010132+00,unknown,OK,4516,0,0,"{""closed"": 0}",2026-07-21 12:11:29.403976+00
11238,2026-07-21 12:11:29.010132+00,pre_flight,OK,277,0,0,,2026-07-21 12:11:29.119687+00
11237,2026-07-21 12:06:11.928446+00,invariants,OK,9,0,0,,2026-07-21 12:06:28.88766+00
11236,2026-07-21 12:06:11.928446+00,snapshot,OK,0,1,1,,2026-07-21 12:06:27.346437+00
11235,2026-07-21 12:06:11.928446+00,upsert,OK,0,0,0,,2026-07-21 12:06:27.331068+00
11234,2026-07-21 12:06:11.928446+00,gate,OK,0,4,0,"{""rejected_by_corr"": 4}",2026-07-21 12:06:27.326357+00
11233,2026-07-21 12:06:11.928446+00,rank,OK,26,4,4,,2026-07-21 12:06:27.218841+00
11232,2026-07-21 12:06:11.928446+00,state,OK,81,2,4,,2026-07-21 12:06:27.191549+00
11231,2026-07-21 12:06:11.928446+00,scan,OK,10488,5,2,"{""signals_found"": 2, ""symbols_scanned"": 5}",2026-07-21 12:06:26.984427+00
11230,2026-07-21 12:06:11.928446+00,cleanup,OK,9,0,0,"{""expired"": 0}",2026-07-21 12:06:16.455483+00
11229,2026-07-21 12:06:11.928446+00,unknown,OK,4227,0,0,"{""closed"": 0}",2026-07-21 12:06:12.21585+00
11228,2026-07-21 12:06:11.928446+00,pre_flight,OK,199,0,0,,2026-07-21 12:06:12.005256+00
11227,2026-07-21 12:00:53.784429+00,invariants,OK,18,0,0,,2026-07-21 12:01:11.781542+00
11226,2026-07-21 12:00:53.784429+00,snapshot,OK,0,1,1,,2026-07-21 12:01:10.156978+00
11225,2026-07-21 12:00:53.784429+00,upsert,OK,0,0,0,,2026-07-21 12:01:10.12525+00
11224,2026-07-21 12:00:53.784429+00,gate,OK,0,4,0,"{""rejected_by_corr"": 4}",2026-07-21 12:01:10.120208+00
11223,2026-07-21 12:00:53.784429+00,rank,OK,28,4,4,,2026-07-21 12:01:09.985092+00
11222,2026-07-21 12:00:53.784429+00,state,OK,59,2,4,,2026-07-21 12:01:09.951656+00
11221,2026-07-21 12:00:53.784429+00,scan,OK,11246,5,2,"{""signals_found"": 2, ""symbols_scanned"": 5}",2026-07-21 12:01:09.82766+00
11220,2026-07-21 12:00:53.784429+00,cleanup,OK,11,0,0,"{""expired"": 0}",2026-07-21 12:00:58.525801+00
11219,2026-07-21 12:00:53.784429+00,unknown,OK,4477,0,0,"{""closed"": 0}",2026-07-21 12:00:54.026523+00
11218,2026-07-21 12:00:53.784429+00,pre_flight,OK,157,0,0,,2026-07-21 12:00:53.869768+00
11217,2026-07-21 11:55:37.692212+00,invariants,OK,14,0,0,,2026-07-21 11:55:53.619194+00
11216,2026-07-21 11:55:37.692212+00,snapshot,OK,0,1,1,,2026-07-21 11:55:52.033049+00
11215,2026-07-21 11:55:37.692212+00,upsert,OK,0,0,0,,2026-07-21 11:55:52.009191+00
11214,2026-07-21 11:55:37.692212+00,gate,OK,0,4,0,"{""rejected_by_corr"": 4}",2026-07-21 11:55:51.995189+00
11213,2026-07-21 11:55:37.692212+00,rank,OK,27,4,4,,2026-07-21 11:55:51.823844+00
11212,2026-07-21 11:55:37.692212+00,state,OK,54,2,4,,2026-07-21 11:55:51.802196+00
11211,2026-07-21 11:55:37.692212+00,scan,OK,9655,5,2,"{""signals_found"": 2, ""symbols_scanned"": 5}",2026-07-21 11:55:51.665733+00
11210,2026-07-21 11:55:37.692212+00,cleanup,OK,14,0,0,"{""expired"": 0}",2026-07-21 11:55:41.958699+00
11209,2026-07-21 11:55:37.692212+00,unknown,OK,3975,0,0,"{""closed"": 0}",2026-07-21 11:55:37.957776+00
11208,2026-07-21 11:55:37.692212+00,pre_flight,OK,175,0,0,,2026-07-21 11:55:37.775679+00
11207,2026-07-21 11:50:19.797777+00,invariants,OK,12,0,0,,2026-07-21 11:50:37.557021+00
11206,2026-07-21 11:50:19.797777+00,snapshot,OK,0,1,1,,2026-07-21 11:50:35.971002+00
11205,2026-07-21 11:50:19.797777+00,upsert,OK,0,0,0,,2026-07-21 11:50:35.955236+00
11204,2026-07-21 11:50:19.797777+00,gate,OK,0,4,0,"{""rejected_by_corr"": 4}",2026-07-21 11:50:35.951153+00
11203,2026-07-21 11:50:19.797777+00,rank,OK,33,4,4,,2026-07-21 11:50:35.827364+00
11202,2026-07-21 11:50:19.797777+00,state,OK,54,2,4,,2026-07-21 11:50:35.799021+00
11201,2026-07-21 11:50:19.797777+00,scan,OK,11235,5,2,"{""signals_found"": 2, ""symbols_scanned"": 5}",2026-07-21 11:50:35.67252+00
11200,2026-07-21 11:50:19.797777+00,cleanup,OK,11,0,0,"{""expired"": 0}",2026-07-21 11:50:24.376984+00
11199,2026-07-21 11:50:19.797777+00,unknown,OK,4244,0,0,"{""closed"": 0}",2026-07-21 11:50:20.109128+00
11198,2026-07-21 11:50:19.797777+00,pre_flight,OK,204,0,0,,2026-07-21 11:50:19.896222+00
11197,2026-07-21 11:45:01.400719+00,invariants,OK,20,0,0,,2026-07-21 11:45:19.630283+00
11196,2026-07-21 11:45:01.400719+00,snapshot,OK,0,1,1,,2026-07-21 11:45:18.218209+00
11195,2026-07-21 11:45:01.400719+00,upsert,OK,0,0,0,,2026-07-21 11:45:18.188793+00
11194,2026-07-21 11:45:01.400719+00,gate,OK,0,4,0,"{""rejected_by_corr"": 4}",2026-07-21 11:45:18.181671+00
11193,2026-07-21 11:45:01.400719+00,rank,OK,35,4,4,,2026-07-21 11:45:18.037726+00
11192,2026-07-21 11:45:01.400719+00,state,OK,45,2,4,,2026-07-21 11:45:18.019859+00
11191,2026-07-21 11:45:01.400719+00,scan,OK,11312,5,2,"{""signals_found"": 2, ""symbols_scanned"": 5}",2026-07-21 11:45:17.908202+00
11190,2026-07-21 11:45:01.400719+00,cleanup,OK,6,0,0,"{""expired"": 0}",2026-07-21 11:45:06.55518+00
11189,2026-07-21 11:45:01.400719+00,unknown,OK,4849,0,0,"{""closed"": 0}",2026-07-21 11:45:01.69173+00
11188,2026-07-21 11:45:01.400719+00,pre_flight,OK,199,0,0,,2026-07-21 11:45:01.483125+00
11187,2026-07-21 11:39:43.750848+00,invariants,OK,13,0,0,,2026-07-21 11:40:01.28692+00
11186,2026-07-21 11:39:43.750848+00,snapshot,OK,0,1,1,,2026-07-21 11:39:59.910173+00
11185,2026-07-21 11:39:43.750848+00,upsert,OK,0,0,0,,2026-07-21 11:39:59.873449+00
11184,2026-07-21 11:39:43.750848+00,gate,OK,0,4,0,"{""rejected_by_corr"": 4}",2026-07-21 11:39:59.861862+00
11183,2026-07-21 11:39:43.750848+00,rank,OK,28,4,4,,2026-07-21 11:39:59.696781+00
11182,2026-07-21 11:39:43.750848+00,state,OK,51,2,4,,2026-07-21 11:39:59.664372+00
11181,2026-07-21 11:39:43.750848+00,scan,OK,10452,5,2,"{""signals_found"": 2, ""symbols_scanned"": 5}",2026-07-21 11:39:56.636394+00
11180,2026-07-21 11:39:43.750848+00,cleanup,OK,7,0,0,"{""expired"": 0}",2026-07-21 11:39:46.144918+00
11179,2026-07-21 11:39:43.750848+00,unknown,OK,2113,0,0,"{""closed"": 0}",2026-07-21 11:39:44.01806+00
11178,2026-07-21 11:39:43.750848+00,pre_flight,OK,190,0,0,,2026-07-21 11:39:43.815511+00
11177,2026-07-21 11:34:29.60114+00,invariants,OK,6,0,0,,2026-07-21 11:34:43.667143+00
11176,2026-07-21 11:34:29.60114+00,snapshot,OK,0,1,1,,2026-07-21 11:34:41.866866+00
11175,2026-07-21 11:34:29.60114+00,upsert,OK,18,1,1,,2026-07-21 11:34:41.825155+00
11174,2026-07-21 11:34:29.60114+00,gate,OK,0,4,1,"{""rejected_by_corr"": 3}",2026-07-21 11:34:41.800609+00
11173,2026-07-21 11:34:29.60114+00,rank,OK,21,4,4,,2026-07-21 11:34:41.683063+00
11172,2026-07-21 11:34:29.60114+00,state,OK,32,2,4,,2026-07-21 11:34:41.665742+00
11171,2026-07-21 11:34:29.60114+00,scan,OK,8792,5,2,"{""signals_found"": 2, ""symbols_scanned"": 5}",2026-07-21 11:34:41.580848+00
11170,2026-07-21 11:34:29.60114+00,cleanup,OK,15,0,0,"{""expired"": 0}",2026-07-21 11:34:32.693904+00
11169,2026-07-21 11:34:29.60114+00,unknown,OK,2771,0,0,"{""closed"": 0}",2026-07-21 11:34:29.893069+00
11168,2026-07-21 11:34:29.60114+00,pre_flight,OK,189,0,0,,2026-07-21 11:34:29.711851+00
11167,2026-07-21 11:29:14.331066+00,invariants,OK,7,0,0,,2026-07-21 11:29:29.428959+00
11166,2026-07-21 11:29:14.331066+00,snapshot,OK,0,1,1,,2026-07-21 11:29:27.574075+00
11165,2026-07-21 11:29:14.331066+00,upsert,OK,0,0,0,,2026-07-21 11:29:27.553354+00
11164,2026-07-21 11:29:14.331066+00,gate,OK,0,4,0,"{""rejected_by_corr"": 4}",2026-07-21 11:29:27.545992+00
11163,2026-07-21 11:29:14.331066+00,rank,OK,23,4,4,,2026-07-21 11:29:27.43824+00
11162,2026-07-21 11:29:14.331066+00,state,OK,47,2,4,,2026-07-21 11:29:27.419641+00
11161,2026-07-21 11:29:14.331066+00,scan,OK,10378,5,2,"{""signals_found"": 2, ""symbols_scanned"": 5}",2026-07-21 11:29:27.294324+00
11160,2026-07-21 11:29:14.331066+00,cleanup,OK,8,0,0,"{""expired"": 0}",2026-07-21 11:29:16.829339+00
11159,2026-07-21 11:29:14.331066+00,unknown,OK,2208,0,0,"{""closed"": 0}",2026-07-21 11:29:14.592614+00
11158,2026-07-21 11:29:14.331066+00,pre_flight,OK,180,0,0,,2026-07-21 11:29:14.406186+00
11157,2026-07-21 11:23:59.989186+00,invariants,OK,13,0,0,,2026-07-21 11:24:14.210556+00
11156,2026-07-21 11:23:59.989186+00,snapshot,OK,0,1,1,,2026-07-21 11:24:12.764784+00
11155,2026-07-21 11:23:59.989186+00,upsert,OK,0,0,0,,2026-07-21 11:24:12.735745+00
11154,2026-07-21 11:23:59.989186+00,gate,OK,0,4,0,"{""rejected_by_corr"": 4}",2026-07-21 11:24:12.726854+00
11153,2026-07-21 11:23:59.989186+00,rank,OK,30,4,4,,2026-07-21 11:24:12.600968+00
11152,2026-07-21 11:23:59.989186+00,state,OK,50,2,4,,2026-07-21 11:24:12.562863+00
11151,2026-07-21 11:23:59.989186+00,scan,OK,10541,5,2,"{""signals_found"": 2, ""symbols_scanned"": 5}",2026-07-21 11:24:12.456167+00
11150,2026-07-21 11:23:59.989186+00,cleanup,OK,11,0,0,"{""expired"": 0}",2026-07-21 11:24:01.876268+00
11149,2026-07-21 11:23:59.989186+00,unknown,OK,1545,0,0,"{""closed"": 0}",2026-07-21 11:24:00.313426+00
11148,2026-07-21 11:23:59.989186+00,pre_flight,OK,233,0,0,,2026-07-21 11:24:00.072586+00
11147,2026-07-21 11:18:44.931714+00,invariants,OK,22,0,0,,2026-07-21 11:18:59.675074+00
11146,2026-07-21 11:18:44.931714+00,snapshot,OK,0,1,1,,2026-07-21 11:18:57.498874+00
11145,2026-07-21 11:18:44.931714+00,upsert,OK,0,0,0,,2026-07-21 11:18:57.475526+00
11144,2026-07-21 11:18:44.931714+00,gate,OK,0,4,0,"{""rejected_by_corr"": 4}",2026-07-21 11:18:57.4677+00
11143,2026-07-21 11:18:44.931714+00,rank,OK,22,4,4,,2026-07-21 11:18:57.361993+00
11142,2026-07-21 11:18:44.931714+00,state,OK,39,2,4,,2026-07-21 11:18:57.336071+00
11141,2026-07-21 11:18:44.931714+00,scan,OK,9889,5,2,"{""signals_found"": 2, ""symbols_scanned"": 5}",2026-07-21 11:18:57.20177+00
11140,2026-07-21 11:18:44.931714+00,cleanup,OK,22,0,0,"{""expired"": 0}",2026-07-21 11:18:47.245343+00
11139,2026-07-21 11:18:44.931714+00,unknown,OK,2011,0,0,"{""closed"": 0}",2026-07-21 11:18:45.204319+00
11138,2026-07-21 11:18:44.931714+00,pre_flight,OK,157,0,0,,2026-07-21 11:18:45.04631+00
11137,2026-07-21 11:13:29.775318+00,invariants,OK,16,0,0,,2026-07-21 11:13:44.768458+00
11136,2026-07-21 11:13:29.775318+00,snapshot,OK,0,1,1,,2026-07-21 11:13:43.314004+00
11135,2026-07-21 11:13:29.775318+00,upsert,OK,0,0,0,,2026-07-21 11:13:43.292387+00
11134,2026-07-21 11:13:29.775318+00,gate,OK,0,3,0,"{""rejected_by_corr"": 3}",2026-07-21 11:13:43.284895+00
11133,2026-07-21 11:13:29.775318+00,rank,OK,25,3,3,,2026-07-21 11:13:43.170779+00
11132,2026-07-21 11:13:29.775318+00,state,OK,47,2,3,,2026-07-21 11:13:43.152669+00
11131,2026-07-21 11:13:29.775318+00,scan,OK,10504,5,2,"{""signals_found"": 2, ""symbols_scanned"": 5}",2026-07-21 11:13:43.006854+00
11130,2026-07-21 11:13:29.775318+00,cleanup,OK,7,0,0,"{""expired"": 0}",2026-07-21 11:13:32.459575+00
11129,2026-07-21 11:13:29.775318+00,unknown,OK,2310,0,0,"{""closed"": 0}",2026-07-21 11:13:30.131076+00
11128,2026-07-21 11:13:29.775318+00,pre_flight,OK,224,0,0,,2026-07-21 11:13:29.890862+00
11127,2026-07-21 11:08:14.640594+00,invariants,OK,9,0,0,,2026-07-21 11:08:29.650491+00
11126,2026-07-21 11:08:14.640594+00,snapshot,OK,0,1,1,,2026-07-21 11:08:28.103948+00
11125,2026-07-21 11:08:14.640594+00,upsert,OK,0,0,0,,2026-07-21 11:08:28.086612+00
11124,2026-07-21 11:08:14.640594+00,gate,OK,0,3,0,"{""rejected_by_corr"": 3}",2026-07-21 11:08:28.078465+00
11123,2026-07-21 11:08:14.640594+00,rank,OK,33,3,3,,2026-07-21 11:08:27.968213+00
11122,2026-07-21 11:08:14.640594+00,state,OK,33,2,3,,2026-07-21 11:08:27.949604+00
11121,2026-07-21 11:08:14.640594+00,scan,OK,10771,5,2,"{""signals_found"": 2, ""symbols_scanned"": 5}",2026-07-21 11:08:27.852653+00
11120,2026-07-21 11:08:14.640594+00,cleanup,OK,8,0,0,"{""expired"": 0}",2026-07-21 11:08:17.016687+00
11119,2026-07-21 11:08:14.640594+00,unknown,OK,2004,0,0,"{""closed"": 0}",2026-07-21 11:08:14.995137+00
11118,2026-07-21 11:08:14.640594+00,pre_flight,OK,205,0,0,,2026-07-21 11:08:14.799861+00
11117,2026-07-21 11:02:58.907235+00,invariants,OK,10,0,0,,2026-07-21 11:03:14.512602+00
11116,2026-07-21 11:02:58.907235+00,snapshot,OK,0,1,1,,2026-07-21 11:03:12.896241+00
11115,2026-07-21 11:02:58.907235+00,upsert,OK,0,0,0,,2026-07-21 11:03:12.874281+00
11114,2026-07-21 11:02:58.907235+00,gate,OK,0,3,0,"{""rejected_by_corr"": 3}",2026-07-21 11:03:12.86454+00
11113,2026-07-21 11:02:58.907235+00,rank,OK,39,3,3,,2026-07-21 11:03:12.697732+00
11112,2026-07-21 11:02:58.907235+00,state,OK,39,2,3,,2026-07-21 11:03:12.679849+00
11111,2026-07-21 11:02:58.907235+00,scan,OK,10818,5,2,"{""signals_found"": 2, ""symbols_scanned"": 5}",2026-07-21 11:03:12.568306+00
11110,2026-07-21 11:02:58.907235+00,cleanup,OK,23,0,1,"{""expired"": 1}",2026-07-21 11:03:01.665086+00
11109,2026-07-21 11:02:58.907235+00,unknown,OK,2478,0,0,"{""closed"": 0}",2026-07-21 11:02:59.140822+00
11108,2026-07-21 11:02:58.907235+00,pre_flight,OK,139,0,0,,2026-07-21 11:02:58.985212+00
11107,2026-07-21 10:57:42.637636+00,invariants,OK,24,0,0,,2026-07-21 10:57:58.775857+00
11106,2026-07-21 10:57:42.637636+00,snapshot,OK,0,1,1,,2026-07-21 10:57:56.895771+00
11105,2026-07-21 10:57:42.637636+00,upsert,OK,0,0,0,,2026-07-21 10:57:56.868996+00
11104,2026-07-21 10:57:42.637636+00,gate,OK,0,4,0,"{""rejected_by_corr"": 4}",2026-07-21 10:57:56.859138+00
11103,2026-07-21 10:57:42.637636+00,rank,OK,26,4,4,,2026-07-21 10:57:56.717791+00
11102,2026-07-21 10:57:42.637636+00,state,OK,60,2,4,,2026-07-21 10:57:56.687731+00
11101,2026-07-21 10:57:42.637636+00,scan,OK,10980,5,2,"{""signals_found"": 2, ""symbols_scanned"": 5}",2026-07-21 10:57:56.521284+00
11100,2026-07-21 10:57:42.637636+00,cleanup,OK,7,0,0,"{""expired"": 0}",2026-07-21 10:57:45.476166+00
11099,2026-07-21 10:57:42.637636+00,unknown,OK,2499,0,0,"{""closed"": 0}",2026-07-21 10:57:42.966338+00
11098,2026-07-21 10:57:42.637636+00,pre_flight,OK,250,0,0,,2026-07-21 10:57:42.714343+00
11097,2026-07-21 10:52:25.197826+00,invariants,OK,13,0,0,,2026-07-21 10:52:42.479148+00
11096,2026-07-21 10:52:25.197826+00,snapshot,OK,0,1,1,,2026-07-21 10:52:41.087511+00
11095,2026-07-21 10:52:25.197826+00,upsert,OK,0,0,0,,2026-07-21 10:52:41.050591+00
11094,2026-07-21 10:52:25.197826+00,gate,OK,0,4,0,"{""rejected_by_corr"": 4}",2026-07-21 10:52:41.035753+00
11093,2026-07-21 10:52:25.197826+00,rank,OK,28,4,4,,2026-07-21 10:52:40.89865+00
11092,2026-07-21 10:52:25.197826+00,state,OK,40,2,4,,2026-07-21 10:52:40.875795+00
11091,2026-07-21 10:52:25.197826+00,scan,OK,13269,5,2,"{""signals_found"": 2, ""symbols_scanned"": 5}",2026-07-21 10:52:40.755086+00
11090,2026-07-21 10:52:25.197826+00,cleanup,OK,7,0,0,"{""expired"": 0}",2026-07-21 10:52:27.444837+00
11089,2026-07-21 10:52:25.197826+00,unknown,OK,2000,0,0,"{""closed"": 0}",2026-07-21 10:52:25.432948+00
11088,2026-07-21 10:52:25.197826+00,pre_flight,OK,154,0,0,,2026-07-21 10:52:25.277345+00
11087,2026-07-21 10:47:09.607382+00,invariants,OK,11,0,0,,2026-07-21 10:47:25.048222+00
11086,2026-07-21 10:47:09.607382+00,snapshot,OK,0,1,1,,2026-07-21 10:47:23.403141+00
11085,2026-07-21 10:47:09.607382+00,upsert,OK,0,0,0,,2026-07-21 10:47:23.380854+00
11084,2026-07-21 10:47:09.607382+00,gate,OK,0,4,0,"{""rejected_by_corr"": 4}",2026-07-21 10:47:23.368399+00
11083,2026-07-21 10:47:09.607382+00,rank,OK,17,4,4,,2026-07-21 10:47:23.236962+00
11082,2026-07-21 10:47:09.607382+00,state,OK,42,2,4,,2026-07-21 10:47:23.219378+00
11081,2026-07-21 10:47:09.607382+00,scan,OK,10852,5,2,"{""signals_found"": 2, ""symbols_scanned"": 5}",2026-07-21 10:47:23.10507+00
11080,2026-07-21 10:47:09.607382+00,cleanup,OK,6,0,0,"{""expired"": 0}",2026-07-21 10:47:12.192952+00
11079,2026-07-21 10:47:09.607382+00,unknown,OK,2309,0,0,"{""closed"": 0}",2026-07-21 10:47:09.859158+00
11078,2026-07-21 10:47:09.607382+00,pre_flight,OK,165,0,0,,2026-07-21 10:47:09.694011+00
11077,2026-07-21 10:41:52.889163+00,invariants,OK,14,0,0,,2026-07-21 10:42:09.470036+00
11076,2026-07-21 10:41:52.889163+00,snapshot,OK,0,1,1,,2026-07-21 10:42:07.458044+00
11075,2026-07-21 10:41:52.889163+00,upsert,OK,0,0,0,,2026-07-21 10:42:07.429982+00
11074,2026-07-21 10:41:52.889163+00,gate,OK,0,4,0,"{""rejected_by_corr"": 4}",2026-07-21 10:42:07.420274+00
11073,2026-07-21 10:41:52.889163+00,rank,OK,20,4,4,,2026-07-21 10:42:07.254119+00
11072,2026-07-21 10:41:52.889163+00,state,OK,39,2,4,,2026-07-21 10:42:07.235847+00
11071,2026-07-21 10:41:52.889163+00,scan,OK,11838,5,2,"{""signals_found"": 2, ""symbols_scanned"": 5}",2026-07-21 10:42:07.122314+00
11070,2026-07-21 10:41:52.889163+00,cleanup,OK,9,0,0,"{""expired"": 0}",2026-07-21 10:41:55.182315+00
11069,2026-07-21 10:41:52.889163+00,unknown,OK,2040,0,0,"{""closed"": 0}",2026-07-21 10:41:53.126964+00
11068,2026-07-21 10:41:52.889163+00,pre_flight,OK,161,0,0,,2026-07-21 10:41:52.960534+00
11067,2026-07-21 10:36:35.871229+00,invariants,OK,9,0,0,,2026-07-21 10:36:52.758342+00
11066,2026-07-21 10:36:35.871229+00,snapshot,OK,0,1,1,,2026-07-21 10:36:50.588851+00
11065,2026-07-21 10:36:35.871229+00,upsert,OK,0,0,0,,2026-07-21 10:36:50.564541+00
11064,2026-07-21 10:36:35.871229+00,gate,OK,0,4,0,"{""rejected_by_corr"": 4}",2026-07-21 10:36:50.558618+00
11063,2026-07-21 10:36:35.871229+00,rank,OK,21,4,4,,2026-07-21 10:36:50.395746+00
11062,2026-07-21 10:36:35.871229+00,state,OK,75,2,4,,2026-07-21 10:36:50.364853+00
11061,2026-07-21 10:36:35.871229+00,scan,OK,11724,5,2,"{""signals_found"": 2, ""symbols_scanned"": 5}",2026-07-21 10:36:50.167729+00
11060,2026-07-21 10:36:35.871229+00,cleanup,OK,10,0,0,"{""expired"": 0}",2026-07-21 10:36:38.308598+00
11059,2026-07-21 10:36:35.871229+00,unknown,OK,2147,0,0,"{""closed"": 0}",2026-07-21 10:36:36.145417+00
11058,2026-07-21 10:36:35.871229+00,pre_flight,OK,198,0,0,,2026-07-21 10:36:35.950129+00
11057,2026-07-21 10:31:35.364238+00,pre_flight,FAIL,0,0,0,"{""reason"": ""pre_flight_failed""}",2026-07-21 10:31:35.662213+00
11056,2026-07-21 10:26:16.361252+00,invariants,OK,14,0,0,,2026-07-21 10:26:35.204828+00
11055,2026-07-21 10:26:16.361252+00,snapshot,OK,0,1,1,,2026-07-21 10:26:33.616462+00
11054,2026-07-21 10:26:16.361252+00,upsert,OK,0,0,0,,2026-07-21 10:26:33.590074+00
11053,2026-07-21 10:26:16.361252+00,gate,OK,0,4,0,"{""rejected_by_corr"": 4}",2026-07-21 10:26:33.577867+00
11052,2026-07-21 10:26:16.361252+00,rank,OK,29,4,4,,2026-07-21 10:26:33.43108+00
11051,2026-07-21 10:26:16.361252+00,state,OK,59,2,4,,2026-07-21 10:26:33.412979+00
11050,2026-07-21 10:26:16.361252+00,scan,OK,12415,5,2,"{""signals_found"": 2, ""symbols_scanned"": 5}",2026-07-21 10:26:33.286119+00
11049,2026-07-21 10:26:16.361252+00,cleanup,OK,10,0,0,"{""expired"": 0}",2026-07-21 10:26:20.8207+00
11048,2026-07-21 10:26:16.361252+00,unknown,OK,4155,0,0,"{""closed"": 0}",2026-07-21 10:26:16.645462+00
11047,2026-07-21 10:26:16.361252+00,pre_flight,OK,206,0,0,,2026-07-21 10:26:16.431287+00
11046,2026-07-21 10:20:56.343522+00,invariants,OK,12,0,0,,2026-07-21 10:21:16.244869+00
11045,2026-07-21 10:20:56.343522+00,snapshot,OK,0,1,1,,2026-07-21 10:21:14.282583+00
11044,2026-07-21 10:20:56.343522+00,upsert,OK,0,0,0,,2026-07-21 10:21:14.252438+00
11043,2026-07-21 10:20:56.343522+00,gate,OK,0,4,0,"{""rejected_by_corr"": 4}",2026-07-21 10:21:14.238099+00
11042,2026-07-21 10:20:56.343522+00,rank,OK,19,4,4,,2026-07-21 10:21:14.065325+00
11041,2026-07-21 10:20:56.343522+00,state,OK,136,2,4,,2026-07-21 10:21:14.030627+00
11040,2026-07-21 10:20:56.343522+00,scan,OK,12131,5,2,"{""signals_found"": 2, ""symbols_scanned"": 5}",2026-07-21 10:21:13.705545+00
11039,2026-07-21 10:20:56.343522+00,cleanup,OK,7,0,0,"{""expired"": 0}",2026-07-21 10:21:01.531856+00
11038,2026-07-21 10:20:56.343522+00,unknown,OK,4911,0,0,"{""closed"": 0}",2026-07-21 10:20:56.598872+00
11037,2026-07-21 10:20:56.343522+00,pre_flight,OK,161,0,0,,2026-07-21 10:20:56.432025+00
11036,2026-07-21 10:15:36.347868+00,invariants,OK,14,0,0,,2026-07-21 10:15:56.213858+00
11035,2026-07-21 10:15:36.347868+00,snapshot,OK,0,1,1,,2026-07-21 10:15:54.639847+00
11034,2026-07-21 10:15:36.347868+00,upsert,OK,0,0,0,,2026-07-21 10:15:54.62266+00
11033,2026-07-21 10:15:36.347868+00,gate,OK,0,4,0,"{""rejected_by_corr"": 4}",2026-07-21 10:15:54.618087+00
11032,2026-07-21 10:15:36.347868+00,rank,OK,20,4,4,,2026-07-21 10:15:54.512904+00
11031,2026-07-21 10:15:36.347868+00,state,OK,48,2,4,,2026-07-21 10:15:54.497924+00
11030,2026-07-21 10:15:36.347868+00,scan,OK,13593,5,2,"{""signals_found"": 2, ""symbols_scanned"": 5}",2026-07-21 10:15:54.372851+00
11029,2026-07-21 10:15:36.347868+00,cleanup,OK,7,0,0,"{""expired"": 0}",2026-07-21 10:15:40.734108+00
11028,2026-07-21 10:15:36.347868+00,unknown,OK,4125,0,0,"{""closed"": 0}",2026-07-21 10:15:36.591402+00
11027,2026-07-21 10:15:36.347868+00,pre_flight,OK,175,0,0,,2026-07-21 10:15:36.416842+00
11026,2026-07-21 10:10:13.119866+00,invariants,OK,18,0,0,,2026-07-21 10:10:36.166307+00
11025,2026-07-21 10:10:13.119866+00,snapshot,OK,0,1,1,,2026-07-21 10:10:34.429219+00
11024,2026-07-21 10:10:13.119866+00,upsert,OK,19,1,1,,2026-07-21 10:10:34.369945+00
11023,2026-07-21 10:10:13.119866+00,gate,OK,0,4,1,"{""rejected_by_corr"": 3}",2026-07-21 10:10:34.345115+00
11022,2026-07-21 10:10:13.119866+00,rank,OK,31,4,4,,2026-07-21 10:10:34.197479+00
11021,2026-07-21 10:10:13.119866+00,state,OK,46,2,4,,2026-07-21 10:10:34.174196+00
11020,2026-07-21 10:10:13.119866+00,scan,OK,17744,5,2,"{""signals_found"": 2, ""symbols_scanned"": 5}",2026-07-21 10:10:34.059782+00
11019,2026-07-21 10:10:13.119866+00,cleanup,OK,14,0,0,"{""expired"": 0}",2026-07-21 10:10:16.278578+00
11018,2026-07-21 10:10:13.119866+00,unknown,OK,2839,0,0,"{""closed"": 0}",2026-07-21 10:10:13.419287+00
11017,2026-07-21 10:10:13.119866+00,pre_flight,OK,171,0,0,,2026-07-21 10:10:13.220298+00
11016,2026-07-21 10:04:56.192855+00,invariants,OK,12,0,0,,2026-07-21 10:05:12.96523+00
11015,2026-07-21 10:04:56.192855+00,snapshot,OK,0,1,1,,2026-07-21 10:05:11.471038+00
11014,2026-07-21 10:04:56.192855+00,upsert,OK,0,0,0,,2026-07-21 10:05:11.457908+00
11013,2026-07-21 10:04:56.192855+00,gate,OK,0,3,0,"{""rejected_by_corr"": 3}",2026-07-21 10:05:11.454864+00
11012,2026-07-21 10:04:56.192855+00,rank,OK,36,3,3,,2026-07-21 10:05:11.373457+00
11011,2026-07-21 10:04:56.192855+00,state,OK,20,1,3,,2026-07-21 10:05:11.349625+00
11010,2026-07-21 10:04:56.192855+00,scan,OK,12128,5,1,"{""signals_found"": 1, ""symbols_scanned"": 5}",2026-07-21 10:05:11.275575+00
11009,2026-07-21 10:04:56.192855+00,cleanup,OK,11,0,0,"{""expired"": 0}",2026-07-21 10:04:59.082337+00
11008,2026-07-21 10:04:56.192855+00,unknown,OK,2423,0,0,"{""closed"": 0}",2026-07-21 10:04:56.642663+00
11007,2026-07-21 10:04:56.192855+00,pre_flight,OK,297,0,0,,2026-07-21 10:04:56.346324+00
11006,2026-07-21 09:59:41.374853+00,invariants,OK,26,0,0,,2026-07-21 09:59:56.040158+00
11005,2026-07-21 09:59:41.374853+00,snapshot,OK,0,1,1,,2026-07-21 09:59:54.459966+00
11004,2026-07-21 09:59:41.374853+00,upsert,OK,0,0,0,,2026-07-21 09:59:54.433128+00
11003,2026-07-21 09:59:41.374853+00,gate,OK,0,3,0,"{""rejected_by_corr"": 3}",2026-07-21 09:59:54.424875+00
11002,2026-07-21 09:59:41.374853+00,rank,OK,39,3,3,,2026-07-21 09:59:54.311868+00
11001,2026-07-21 09:59:41.374853+00,state,OK,19,1,3,,2026-07-21 09:59:54.288875+00
11000,2026-07-21 09:59:41.374853+00,scan,OK,10450,5,1,"{""signals_found"": 1, ""symbols_scanned"": 5}",2026-07-21 09:59:54.214751+00
10999,2026-07-21 09:59:41.374853+00,cleanup,OK,9,0,0,"{""expired"": 0}",2026-07-21 09:59:43.718964+00
10998,2026-07-21 09:59:41.374853+00,unknown,OK,2082,0,0,"{""closed"": 0}",2026-07-21 09:59:41.62361+00
10997,2026-07-21 09:59:41.374853+00,pre_flight,OK,154,0,0,,2026-07-21 09:59:41.466287+00
10996,2026-07-21 09:54:26.221138+00,invariants,OK,15,0,0,,2026-07-21 09:54:41.246739+00
10995,2026-07-21 09:54:26.221138+00,snapshot,OK,0,1,1,,2026-07-21 09:54:39.61487+00
10994,2026-07-21 09:54:26.221138+00,upsert,OK,0,0,0,,2026-07-21 09:54:39.590901+00
10993,2026-07-21 09:54:26.221138+00,gate,OK,0,3,0,"{""rejected_by_corr"": 3}",2026-07-21 09:54:39.584751+00
10992,2026-07-21 09:54:26.221138+00,rank,OK,34,3,3,,2026-07-21 09:54:39.493263+00
10991,2026-07-21 09:54:26.221138+00,state,OK,27,1,3,,2026-07-21 09:54:39.470874+00
10990,2026-07-21 09:54:26.221138+00,scan,OK,10952,5,1,"{""signals_found"": 1, ""symbols_scanned"": 5}",2026-07-21 09:54:39.398411+00
10989,2026-07-21 09:54:26.221138+00,cleanup,OK,6,0,0,"{""expired"": 0}",2026-07-21 09:54:28.378895+00
10988,2026-07-21 09:54:26.221138+00,unknown,OK,1949,0,0,"{""closed"": 0}",2026-07-21 09:54:26.400908+00
10987,2026-07-21 09:54:26.221138+00,pre_flight,OK,97,0,0,,2026-07-21 09:54:26.303274+00
10986,2026-07-21 09:49:11.869849+00,invariants,OK,11,0,0,,2026-07-21 09:49:26.127233+00
10985,2026-07-21 09:49:11.869849+00,snapshot,OK,0,1,1,,2026-07-21 09:49:24.56261+00
10984,2026-07-21 09:49:11.869849+00,upsert,OK,0,0,0,,2026-07-21 09:49:24.545953+00
10983,2026-07-21 09:49:11.869849+00,gate,OK,0,3,0,"{""rejected_by_corr"": 3}",2026-07-21 09:49:24.541556+00
10982,2026-07-21 09:49:11.869849+00,rank,OK,23,3,3,,2026-07-21 09:49:24.471599+00
10981,2026-07-21 09:49:11.869849+00,state,OK,20,1,3,,2026-07-21 09:49:24.454464+00
10980,2026-07-21 09:49:11.869849+00,scan,OK,9986,5,1,"{""signals_found"": 1, ""symbols_scanned"": 5}",2026-07-21 09:49:24.392122+00
10979,2026-07-21 09:49:11.869849+00,cleanup,OK,9,0,0,"{""expired"": 0}",2026-07-21 09:49:14.349843+00
10978,2026-07-21 09:49:11.869849+00,unknown,OK,2245,0,0,"{""closed"": 0}",2026-07-21 09:49:12.084391+00
10977,2026-07-21 09:49:11.869849+00,pre_flight,OK,156,0,0,,2026-07-21 09:49:11.923901+00
10976,2026-07-21 09:43:56.988271+00,invariants,OK,15,0,0,,2026-07-21 09:44:11.726521+00
10975,2026-07-21 09:43:56.988271+00,snapshot,OK,0,1,1,,2026-07-21 09:44:10.286855+00
10974,2026-07-21 09:43:56.988271+00,upsert,OK,0,0,0,,2026-07-21 09:44:10.268234+00
10973,2026-07-21 09:43:56.988271+00,gate,OK,0,3,0,"{""rejected_by_corr"": 3}",2026-07-21 09:44:10.261967+00
10972,2026-07-21 09:43:56.988271+00,rank,OK,33,3,3,,2026-07-21 09:44:10.172982+00
10971,2026-07-21 09:43:56.988271+00,state,OK,35,1,3,,2026-07-21 09:44:10.137971+00
10970,2026-07-21 09:43:56.988271+00,scan,OK,10308,5,1,"{""signals_found"": 1, ""symbols_scanned"": 5}",2026-07-21 09:44:10.040738+00
10969,2026-07-21 09:43:56.988271+00,cleanup,OK,18,0,0,"{""expired"": 0}",2026-07-21 09:43:59.670123+00
10968,2026-07-21 09:43:56.988271+00,unknown,OK,2377,0,0,"{""closed"": 0}",2026-07-21 09:43:57.25567+00
10967,2026-07-21 09:43:56.988271+00,pre_flight,OK,182,0,0,,2026-07-21 09:43:57.076323+00
10966,2026-07-21 09:38:40.558988+00,invariants,OK,14,0,0,,2026-07-21 09:38:56.874227+00
10965,2026-07-21 09:38:40.558988+00,snapshot,OK,0,1,1,,2026-07-21 09:38:55.240825+00
10964,2026-07-21 09:38:40.558988+00,upsert,OK,0,0,0,,2026-07-21 09:38:55.223191+00
10963,2026-07-21 09:38:40.558988+00,gate,OK,0,3,0,"{""rejected_by_corr"": 3}",2026-07-21 09:38:55.218245+00
10962,2026-07-21 09:38:40.558988+00,rank,OK,32,3,3,,2026-07-21 09:38:55.122901+00
10961,2026-07-21 09:38:40.558988+00,state,OK,44,1,3,,2026-07-21 09:38:55.096594+00
10960,2026-07-21 09:38:40.558988+00,scan,OK,11665,5,1,"{""signals_found"": 1, ""symbols_scanned"": 5}",2026-07-21 09:38:54.995866+00
10959,2026-07-21 09:38:40.558988+00,cleanup,OK,8,0,0,"{""expired"": 0}",2026-07-21 09:38:43.284321+00
10958,2026-07-21 09:38:40.558988+00,unknown,OK,2494,0,0,"{""closed"": 0}",2026-07-21 09:38:40.771782+00
10957,2026-07-21 09:38:40.558988+00,pre_flight,OK,139,0,0,,2026-07-21 09:38:40.634028+00
10956,2026-07-21 09:33:25.283029+00,invariants,OK,14,0,0,,2026-07-21 09:33:40.427509+00
10955,2026-07-21 09:33:25.283029+00,snapshot,OK,0,1,1,,2026-07-21 09:33:38.536853+00
10954,2026-07-21 09:33:25.283029+00,upsert,OK,0,0,0,,2026-07-21 09:33:38.513372+00
10953,2026-07-21 09:33:25.283029+00,gate,OK,0,3,0,"{""rejected_by_corr"": 3}",2026-07-21 09:33:38.510213+00
10952,2026-07-21 09:33:25.283029+00,rank,OK,23,3,3,,2026-07-21 09:33:38.432174+00
10951,2026-07-21 09:33:25.283029+00,state,OK,18,1,3,,2026-07-21 09:33:38.410298+00
10950,2026-07-21 09:33:25.283029+00,scan,OK,11186,5,1,"{""signals_found"": 1, ""symbols_scanned"": 5}",2026-07-21 09:33:38.340711+00
10949,2026-07-21 09:33:25.283029+00,cleanup,OK,4,0,0,"{""expired"": 0}",2026-07-21 09:33:27.105086+00
10948,2026-07-21 09:33:25.283029+00,unknown,OK,1546,0,0,"{""closed"": 0}",2026-07-21 09:33:25.544427+00
10947,2026-07-21 09:33:25.283029+00,pre_flight,OK,184,0,0,,2026-07-21 09:33:25.355269+00
10946,2026-07-21 09:28:08.579943+00,invariants,OK,9,0,0,,2026-07-21 09:28:25.160005+00
10945,2026-07-21 09:28:08.579943+00,snapshot,OK,0,1,1,,2026-07-21 09:28:23.116298+00
10944,2026-07-21 09:28:08.579943+00,upsert,OK,0,0,0,,2026-07-21 09:28:23.094458+00
10943,2026-07-21 09:28:08.579943+00,gate,OK,0,3,0,"{""rejected_by_corr"": 3}",2026-07-21 09:28:23.091363+00
10942,2026-07-21 09:28:08.579943+00,rank,OK,15,3,3,,2026-07-21 09:28:23.041768+00
10941,2026-07-21 09:28:08.579943+00,state,OK,17,1,3,,2026-07-21 09:28:23.028926+00
10940,2026-07-21 09:28:08.579943+00,scan,OK,12073,5,1,"{""signals_found"": 1, ""symbols_scanned"": 5}",2026-07-21 09:28:22.976009+00
10939,2026-07-21 09:28:08.579943+00,cleanup,OK,6,0,0,"{""expired"": 0}",2026-07-21 09:28:10.858281+00
10938,2026-07-21 09:28:08.579943+00,unknown,OK,2054,0,0,"{""closed"": 0}",2026-07-21 09:28:08.788557+00
10937,2026-07-21 09:28:08.579943+00,pre_flight,OK,134,0,0,,2026-07-21 09:28:08.65931+00
10936,2026-07-21 09:22:53.430652+00,invariants,OK,14,0,0,,2026-07-21 09:23:08.418273+00
10935,2026-07-21 09:22:53.430652+00,snapshot,OK,0,1,1,,2026-07-21 09:23:06.813144+00
10934,2026-07-21 09:22:53.430652+00,upsert,OK,0,0,0,,2026-07-21 09:23:06.793867+00
10933,2026-07-21 09:22:53.430652+00,gate,OK,0,3,0,"{""rejected_by_corr"": 3}",2026-07-21 09:23:06.789091+00
10932,2026-07-21 09:22:53.430652+00,rank,OK,30,3,3,,2026-07-21 09:23:06.709635+00
10931,2026-07-21 09:22:53.430652+00,state,OK,20,1,3,,2026-07-21 09:23:06.692003+00
10930,2026-07-21 09:22:53.430652+00,scan,OK,10998,5,1,"{""signals_found"": 1, ""symbols_scanned"": 5}",2026-07-21 09:23:06.61099+00
10929,2026-07-21 09:22:53.430652+00,cleanup,OK,8,0,0,"{""expired"": 0}",2026-07-21 09:22:55.574546+00
10928,2026-07-21 09:22:53.430652+00,unknown,OK,1895,0,0,"{""closed"": 0}",2026-07-21 09:22:53.660669+00
10927,2026-07-21 09:22:53.430652+00,pre_flight,OK,150,0,0,,2026-07-21 09:22:53.512165+00
10926,2026-07-21 09:17:39.37925+00,invariants,OK,21,0,0,,2026-07-21 09:17:53.330076+00
10925,2026-07-21 09:17:39.37925+00,snapshot,OK,0,1,1,,2026-07-21 09:17:51.750039+00
10924,2026-07-21 09:17:39.37925+00,upsert,OK,0,0,0,,2026-07-21 09:17:51.724494+00
10923,2026-07-21 09:17:39.37925+00,gate,OK,0,3,0,"{""rejected_by_corr"": 3}",2026-07-21 09:17:51.715494+00
10922,2026-07-21 09:17:39.37925+00,rank,OK,42,3,3,,2026-07-21 09:17:51.613273+00
10921,2026-07-21 09:17:39.37925+00,state,OK,0,0,3,,2026-07-21 09:17:51.590851+00
10920,2026-07-21 09:17:39.37925+00,scan,OK,9635,5,0,"{""signals_found"": 0, ""symbols_scanned"": 5}",2026-07-21 09:17:51.579125+00
10919,2026-07-21 09:17:39.37925+00,cleanup,OK,7,0,0,"{""expired"": 0}",2026-07-21 09:17:41.913164+00
10918,2026-07-21 09:17:39.37925+00,unknown,OK,2301,0,0,"{""closed"": 0}",2026-07-21 09:17:39.596007+00
10917,2026-07-21 09:17:39.37925+00,pre_flight,OK,135,0,0,,2026-07-21 09:17:39.45921+00
10916,2026-07-21 09:12:25.172626+00,invariants,OK,16,0,0,,2026-07-21 09:12:39.219632+00
10915,2026-07-21 09:12:25.172626+00,snapshot,OK,0,1,1,,2026-07-21 09:12:37.599566+00
10914,2026-07-21 09:12:25.172626+00,upsert,OK,0,0,0,,2026-07-21 09:12:37.581198+00
10913,2026-07-21 09:12:25.172626+00,gate,OK,0,3,0,"{""rejected_by_corr"": 3}",2026-07-21 09:12:37.576968+00
10912,2026-07-21 09:12:25.172626+00,rank,OK,38,3,3,,2026-07-21 09:12:37.479966+00
10911,2026-07-21 09:12:25.172626+00,state,OK,0,0,3,,2026-07-21 09:12:37.450097+00
10910,2026-07-21 09:12:25.172626+00,scan,OK,10055,5,0,"{""signals_found"": 0, ""symbols_scanned"": 5}",2026-07-21 09:12:37.431182+00
10909,2026-07-21 09:12:25.172626+00,cleanup,OK,14,0,0,"{""expired"": 0}",2026-07-21 09:12:27.315158+00
10908,2026-07-21 09:12:25.172626+00,unknown,OK,1850,0,0,"{""closed"": 0}",2026-07-21 09:12:25.431877+00
10907,2026-07-21 09:12:25.172626+00,pre_flight,OK,175,0,0,,2026-07-21 09:12:25.253403+00
10906,2026-07-21 09:07:10.409573+00,invariants,OK,8,0,0,,2026-07-21 09:07:25.094424+00
10905,2026-07-21 09:07:10.409573+00,snapshot,OK,0,1,1,,2026-07-21 09:07:23.637129+00
10904,2026-07-21 09:07:10.409573+00,upsert,OK,0,0,0,,2026-07-21 09:07:23.613244+00
10903,2026-07-21 09:07:10.409573+00,gate,OK,0,3,0,"{""rejected_by_corr"": 3}",2026-07-21 09:07:23.609279+00
10902,2026-07-21 09:07:10.409573+00,rank,OK,22,3,3,,2026-07-21 09:07:23.545279+00
10901,2026-07-21 09:07:10.409573+00,state,OK,0,0,3,,2026-07-21 09:07:23.529019+00
10900,2026-07-21 09:07:10.409573+00,scan,OK,10714,5,0,"{""signals_found"": 0, ""symbols_scanned"": 5}",2026-07-21 09:07:23.518426+00
10899,2026-07-21 09:07:10.409573+00,cleanup,OK,17,0,0,"{""expired"": 0}",2026-07-21 09:07:12.758848+00
10898,2026-07-21 09:07:10.409573+00,unknown,OK,2094,0,0,"{""closed"": 0}",2026-07-21 09:07:10.631838+00
10897,2026-07-21 09:07:10.409573+00,pre_flight,OK,142,0,0,,2026-07-21 09:07:10.492985+00
10896,2026-07-21 09:01:54.423621+00,invariants,OK,22,0,0,,2026-07-21 09:02:10.305877+00
10895,2026-07-21 09:01:54.423621+00,snapshot,OK,0,1,1,,2026-07-21 09:02:08.711785+00
10894,2026-07-21 09:01:54.423621+00,upsert,OK,0,0,0,,2026-07-21 09:02:08.693967+00
10893,2026-07-21 09:01:54.423621+00,gate,OK,0,3,0,"{""rejected_by_corr"": 3}",2026-07-21 09:02:08.688366+00
10892,2026-07-21 09:01:54.423621+00,rank,OK,22,3,3,,2026-07-21 09:02:08.600639+00
10891,2026-07-21 09:01:54.423621+00,state,OK,66,3,3,,2026-07-21 09:02:08.584747+00
10890,2026-07-21 09:01:54.423621+00,scan,OK,11517,5,3,"{""signals_found"": 3, ""symbols_scanned"": 5}",2026-07-21 09:02:08.408551+00
10889,2026-07-21 09:01:54.423621+00,cleanup,OK,8,0,0,"{""expired"": 0}",2026-07-21 09:01:56.832927+00
10888,2026-07-21 09:01:54.423621+00,unknown,OK,2114,0,0,"{""closed"": 0}",2026-07-21 09:01:54.699055+00
10887,2026-07-21 09:01:54.423621+00,pre_flight,OK,171,0,0,,2026-07-21 09:01:54.529938+00
10886,2026-07-21 08:56:39.53605+00,invariants,OK,10,0,0,,2026-07-21 08:56:54.290902+00
10885,2026-07-21 08:56:39.53605+00,snapshot,OK,0,1,1,,2026-07-21 08:56:52.876004+00
10884,2026-07-21 08:56:39.53605+00,upsert,OK,0,0,0,,2026-07-21 08:56:52.860076+00
10883,2026-07-21 08:56:39.53605+00,gate,OK,0,3,0,"{""rejected_by_corr"": 3}",2026-07-21 08:56:52.853058+00
10882,2026-07-21 08:56:39.53605+00,rank,OK,37,3,3,,2026-07-21 08:56:52.747893+00
10881,2026-07-21 08:56:39.53605+00,state,OK,52,3,3,,2026-07-21 08:56:52.719225+00
10880,2026-07-21 08:56:39.53605+00,scan,OK,10506,5,3,"{""signals_found"": 3, ""symbols_scanned"": 5}",2026-07-21 08:56:52.068382+00
10879,2026-07-21 08:56:39.53605+00,cleanup,OK,10,0,1,"{""expired"": 1}",2026-07-21 08:56:41.526048+00
10878,2026-07-21 08:56:39.53605+00,unknown,OK,1742,0,0,"{""closed"": 0}",2026-07-21 08:56:39.764129+00
10877,2026-07-21 08:56:39.53605+00,pre_flight,OK,148,0,0,,2026-07-21 08:56:39.614213+00
10876,2026-07-21 08:51:23.532839+00,invariants,OK,15,0,0,,2026-07-21 08:51:39.393864+00
10875,2026-07-21 08:51:23.532839+00,snapshot,OK,0,1,1,,2026-07-21 08:51:37.638352+00
10874,2026-07-21 08:51:23.532839+00,upsert,OK,0,0,0,,2026-07-21 08:51:37.599394+00
10873,2026-07-21 08:51:23.532839+00,gate,OK,0,4,0,"{""rejected_by_corr"": 4}",2026-07-21 08:51:37.589842+00
10872,2026-07-21 08:51:23.532839+00,rank,OK,24,4,4,,2026-07-21 08:51:37.367822+00
10871,2026-07-21 08:51:23.532839+00,state,OK,44,3,4,,2026-07-21 08:51:37.351412+00
10870,2026-07-21 08:51:23.532839+00,scan,OK,11349,5,3,"{""signals_found"": 3, ""symbols_scanned"": 5}",2026-07-21 08:51:37.179163+00
10869,2026-07-21 08:51:23.532839+00,cleanup,OK,13,0,0,"{""expired"": 0}",2026-07-21 08:51:25.789852+00
10868,2026-07-21 08:51:23.532839+00,unknown,OK,1929,0,0,"{""closed"": 0}",2026-07-21 08:51:23.826945+00
10867,2026-07-21 08:51:23.532839+00,pre_flight,OK,180,0,0,,2026-07-21 08:51:23.636511+00
10866,2026-07-21 08:46:09.25928+00,invariants,OK,10,0,0,,2026-07-21 08:46:23.414212+00
10865,2026-07-21 08:46:09.25928+00,snapshot,OK,0,1,1,,2026-07-21 08:46:21.372119+00
10864,2026-07-21 08:46:09.25928+00,upsert,OK,0,0,0,,2026-07-21 08:46:21.353147+00
10863,2026-07-21 08:46:09.25928+00,gate,OK,0,4,0,"{""rejected_by_corr"": 4}",2026-07-21 08:46:21.349285+00
10862,2026-07-21 08:46:09.25928+00,rank,OK,24,4,4,,2026-07-21 08:46:21.27363+00
10861,2026-07-21 08:46:09.25928+00,state,OK,66,3,4,,2026-07-21 08:46:21.256682+00
10860,2026-07-21 08:46:09.25928+00,scan,OK,9412,5,3,"{""signals_found"": 3, ""symbols_scanned"": 5}",2026-07-21 08:46:21.099481+00
10859,2026-07-21 08:46:09.25928+00,cleanup,OK,7,0,0,"{""expired"": 0}",2026-07-21 08:46:11.638662+00
10858,2026-07-21 08:46:09.25928+00,unknown,OK,2134,0,0,"{""closed"": 0}",2026-07-21 08:46:09.484882+00
10857,2026-07-21 08:46:09.25928+00,pre_flight,OK,143,0,0,,2026-07-21 08:46:09.341309+00
10856,2026-07-21 08:40:53.674126+00,invariants,OK,21,0,0,,2026-07-21 08:41:09.132434+00
10855,2026-07-21 08:40:53.674126+00,snapshot,OK,0,1,1,,2026-07-21 08:41:07.608292+00
10854,2026-07-21 08:40:53.674126+00,upsert,OK,0,0,0,,2026-07-21 08:41:07.589121+00
10853,2026-07-21 08:40:53.674126+00,gate,OK,0,4,0,"{""rejected_by_corr"": 4}",2026-07-21 08:41:07.573301+00
10852,2026-07-21 08:40:53.674126+00,rank,OK,40,4,4,,2026-07-21 08:41:07.445255+00
10851,2026-07-21 08:40:53.674126+00,state,OK,64,3,4,,2026-07-21 08:41:07.420285+00
10850,2026-07-21 08:40:53.674126+00,scan,OK,11253,5,3,"{""signals_found"": 3, ""symbols_scanned"": 5}",2026-07-21 08:41:07.270848+00
10849,2026-07-21 08:40:53.674126+00,cleanup,OK,9,0,0,"{""expired"": 0}",2026-07-21 08:40:55.974456+00
10848,2026-07-21 08:40:53.674126+00,unknown,OK,2007,0,0,"{""closed"": 0}",2026-07-21 08:40:53.942822+00
10847,2026-07-21 08:40:53.674126+00,pre_flight,OK,191,0,0,,2026-07-21 08:40:53.746893+00
10846,2026-07-21 08:35:37.541724+00,invariants,OK,15,0,0,,2026-07-21 08:35:53.538579+00
10845,2026-07-21 08:35:37.541724+00,snapshot,OK,0,1,1,,2026-07-21 08:35:51.996562+00
10844,2026-07-21 08:35:37.541724+00,upsert,OK,0,0,0,,2026-07-21 08:35:51.961855+00
10843,2026-07-21 08:35:37.541724+00,gate,OK,0,4,0,"{""rejected_by_corr"": 4}",2026-07-21 08:35:51.954204+00
10842,2026-07-21 08:35:37.541724+00,rank,OK,42,4,4,,2026-07-21 08:35:51.795566+00
10841,2026-07-21 08:35:37.541724+00,state,OK,84,3,4,,2026-07-21 08:35:51.774626+00
10840,2026-07-21 08:35:37.541724+00,scan,OK,11194,5,3,"{""signals_found"": 3, ""symbols_scanned"": 5}",2026-07-21 08:35:51.581148+00
10839,2026-07-21 08:35:37.541724+00,cleanup,OK,8,0,0,"{""expired"": 0}",2026-07-21 08:35:40.327287+00
10838,2026-07-21 08:35:37.541724+00,unknown,OK,2554,0,0,"{""closed"": 0}",2026-07-21 08:35:37.754097+00
10837,2026-07-21 08:35:37.541724+00,pre_flight,OK,143,0,0,,2026-07-21 08:35:37.607319+00
10836,2026-07-21 08:30:22.151037+00,invariants,OK,11,0,0,,2026-07-21 08:30:37.411914+00
10835,2026-07-21 08:30:22.151037+00,snapshot,OK,0,1,1,,2026-07-21 08:30:35.941752+00
10834,2026-07-21 08:30:22.151037+00,upsert,OK,0,0,0,,2026-07-21 08:30:35.91705+00
10833,2026-07-21 08:30:22.151037+00,gate,OK,0,4,0,"{""rejected_by_corr"": 4}",2026-07-21 08:30:35.908629+00
10832,2026-07-21 08:30:22.151037+00,rank,OK,23,4,4,,2026-07-21 08:30:35.806325+00
10831,2026-07-21 08:30:22.151037+00,state,OK,59,3,4,,2026-07-21 08:30:35.785449+00
10830,2026-07-21 08:30:22.151037+00,scan,OK,11050,5,3,"{""signals_found"": 3, ""symbols_scanned"": 5}",2026-07-21 08:30:35.662884+00
10829,2026-07-21 08:30:22.151037+00,cleanup,OK,5,0,0,"{""expired"": 0}",2026-07-21 08:30:24.57388+00
10828,2026-07-21 08:30:22.151037+00,unknown,OK,2204,0,0,"{""closed"": 0}",2026-07-21 08:30:22.358503+00
10827,2026-07-21 08:30:22.151037+00,pre_flight,OK,135,0,0,,2026-07-21 08:30:22.224978+00
10826,2026-07-21 08:25:01.92886+00,invariants,OK,11,0,0,,2026-07-21 08:25:22.022232+00
10825,2026-07-21 08:25:01.92886+00,snapshot,OK,0,1,1,,2026-07-21 08:25:15.617348+00
10824,2026-07-21 08:25:01.92886+00,upsert,OK,0,0,0,,2026-07-21 08:25:15.596465+00
10823,2026-07-21 08:25:01.92886+00,gate,OK,0,4,0,"{""rejected_by_corr"": 4}",2026-07-21 08:25:15.58987+00
10822,2026-07-21 08:25:01.92886+00,rank,OK,21,4,4,,2026-07-21 08:25:15.519095+00
10821,2026-07-21 08:25:01.92886+00,state,OK,73,3,4,,2026-07-21 08:25:15.490374+00
10820,2026-07-21 08:25:01.92886+00,scan,OK,11050,5,3,"{""signals_found"": 3, ""symbols_scanned"": 5}",2026-07-21 08:25:15.313856+00
10819,2026-07-21 08:25:01.92886+00,cleanup,OK,6,0,0,"{""expired"": 0}",2026-07-21 08:25:04.2177+00
10818,2026-07-21 08:25:01.92886+00,unknown,OK,2044,0,0,"{""closed"": 0}",2026-07-21 08:25:02.161118+00
10817,2026-07-21 08:25:01.92886+00,pre_flight,OK,160,0,0,,2026-07-21 08:25:01.991737+00
10816,2026-07-21 08:19:46.481321+00,invariants,OK,15,0,0,,2026-07-21 08:20:01.822323+00
10815,2026-07-21 08:19:46.481321+00,snapshot,OK,0,1,1,,2026-07-21 08:20:00.339356+00
10814,2026-07-21 08:19:46.481321+00,upsert,OK,0,0,0,,2026-07-21 08:20:00.317175+00
10813,2026-07-21 08:19:46.481321+00,gate,OK,0,4,0,"{""rejected_by_corr"": 4}",2026-07-21 08:20:00.312556+00
10812,2026-07-21 08:19:46.481321+00,rank,OK,26,4,4,,2026-07-21 08:20:00.205115+00
10811,2026-07-21 08:19:46.481321+00,state,OK,65,3,4,,2026-07-21 08:20:00.182864+00
10810,2026-07-21 08:19:46.481321+00,scan,OK,10934,5,3,"{""signals_found"": 3, ""symbols_scanned"": 5}",2026-07-21 08:20:00.030224+00
10809,2026-07-21 08:19:46.481321+00,cleanup,OK,8,0,0,"{""expired"": 0}",2026-07-21 08:19:49.05453+00
10808,2026-07-21 08:19:46.481321+00,unknown,OK,2303,0,0,"{""closed"": 0}",2026-07-21 08:19:46.737308+00
10807,2026-07-21 08:19:46.481321+00,pre_flight,OK,177,0,0,,2026-07-21 08:19:46.555042+00
10806,2026-07-21 08:14:31.278794+00,invariants,OK,10,0,0,,2026-07-21 08:14:46.361851+00
10805,2026-07-21 08:14:31.278794+00,snapshot,OK,0,1,1,,2026-07-21 08:14:44.790879+00
10804,2026-07-21 08:14:31.278794+00,upsert,OK,0,0,0,,2026-07-21 08:14:44.773322+00
10803,2026-07-21 08:14:31.278794+00,gate,OK,0,4,0,"{""rejected_by_corr"": 4}",2026-07-21 08:14:44.764171+00
10802,2026-07-21 08:14:31.278794+00,rank,OK,26,4,4,,2026-07-21 08:14:44.586012+00
10801,2026-07-21 08:14:31.278794+00,state,OK,55,3,4,,2026-07-21 08:14:44.567456+00
10800,2026-07-21 08:14:31.278794+00,scan,OK,10338,5,3,"{""signals_found"": 3, ""symbols_scanned"": 5}",2026-07-21 08:14:44.441743+00
10799,2026-07-21 08:14:31.278794+00,cleanup,OK,11,0,0,"{""expired"": 0}",2026-07-21 08:14:34.036334+00
10798,2026-07-21 08:14:31.278794+00,unknown,OK,2416,0,0,"{""closed"": 0}",2026-07-21 08:14:31.604787+00
10797,2026-07-21 08:14:31.278794+00,pre_flight,OK,241,0,0,,2026-07-21 08:14:31.357314+00
10796,2026-07-21 08:09:15.991662+00,invariants,OK,23,0,0,,2026-07-21 08:09:31.144414+00
10795,2026-07-21 08:09:15.991662+00,snapshot,OK,0,1,1,,2026-07-21 08:09:29.382341+00
10794,2026-07-21 08:09:15.991662+00,upsert,OK,0,0,0,,2026-07-21 08:09:29.361482+00
10793,2026-07-21 08:09:15.991662+00,gate,OK,0,4,0,"{""rejected_by_corr"": 4}",2026-07-21 08:09:29.357005+00
10792,2026-07-21 08:09:15.991662+00,rank,OK,26,4,4,,2026-07-21 08:09:29.258403+00
10791,2026-07-21 08:09:15.991662+00,state,OK,53,3,4,,2026-07-21 08:09:29.241276+00
10790,2026-07-21 08:09:15.991662+00,scan,OK,10898,5,3,"{""signals_found"": 3, ""symbols_scanned"": 5}",2026-07-21 08:09:29.10412+00
10789,2026-07-21 08:09:15.991662+00,cleanup,OK,6,0,0,"{""expired"": 0}",2026-07-21 08:09:18.155885+00
10788,2026-07-21 08:09:15.991662+00,unknown,OK,1798,0,0,"{""closed"": 0}",2026-07-21 08:09:16.340213+00
10787,2026-07-21 08:09:15.991662+00,pre_flight,OK,247,0,0,,2026-07-21 08:09:16.097185+00
10786,2026-07-21 08:04:01.085849+00,invariants,OK,10,0,0,,2026-07-21 08:04:15.84985+00
10785,2026-07-21 08:04:01.085849+00,snapshot,OK,0,1,1,,2026-07-21 08:04:14.400619+00
10784,2026-07-21 08:04:01.085849+00,upsert,OK,0,0,0,,2026-07-21 08:04:14.380128+00
10783,2026-07-21 08:04:01.085849+00,gate,OK,0,4,0,"{""rejected_by_corr"": 4}",2026-07-21 08:04:14.373966+00
10782,2026-07-21 08:04:01.085849+00,rank,OK,33,4,4,,2026-07-21 08:04:14.269257+00
10781,2026-07-21 08:04:01.085849+00,state,OK,98,3,4,,2026-07-21 08:04:14.246539+00
10780,2026-07-21 08:04:01.085849+00,scan,OK,11018,5,3,"{""signals_found"": 3, ""symbols_scanned"": 5}",2026-07-21 08:04:14.007504+00
10779,2026-07-21 08:04:01.085849+00,cleanup,OK,15,0,0,"{""expired"": 0}",2026-07-21 08:04:02.922078+00
10778,2026-07-21 08:04:01.085849+00,unknown,OK,1568,0,0,"{""closed"": 0}",2026-07-21 08:04:01.329117+00
10777,2026-07-21 08:04:01.085849+00,pre_flight,OK,181,0,0,,2026-07-21 08:04:01.144162+00
10776,2026-07-21 07:58:44.107844+00,invariants,WARN,22,0,0,"{""breaches"": [""INVARIANT BREACH: risk_ledger (2) != paper_trades (1)""]}",2026-07-21 07:59:00.986063+00
10775,2026-07-21 07:58:44.107844+00,snapshot,OK,0,1,1,,2026-07-21 07:58:59.213135+00
10774,2026-07-21 07:58:44.107844+00,upsert,OK,0,0,0,,2026-07-21 07:58:59.186544+00
10773,2026-07-21 07:58:44.107844+00,gate,OK,0,2,0,"{""rejected_by_corr"": 2}",2026-07-21 07:58:59.181238+00
10772,2026-07-21 07:58:44.107844+00,rank,OK,37,2,2,,2026-07-21 07:58:59.109119+00
10771,2026-07-21 07:58:44.107844+00,state,OK,33,1,2,,2026-07-21 07:58:59.082316+00
10770,2026-07-21 07:58:44.107844+00,scan,OK,10495,5,1,"{""signals_found"": 1, ""symbols_scanned"": 5}",2026-07-21 07:58:58.981794+00
10769,2026-07-21 07:58:44.107844+00,cleanup,OK,19,0,0,"{""expired"": 0}",2026-07-21 07:58:48.421387+00
10768,2026-07-21 07:58:44.107844+00,unknown,OK,3984,0,0,"{""closed"": 0}",2026-07-21 07:58:44.411007+00
10767,2026-07-21 07:58:44.107844+00,pre_flight,OK,201,0,0,,2026-07-21 07:58:44.196532+00
10766,2026-07-21 07:53:26.561852+00,invariants,OK,11,0,0,,2026-07-21 07:53:43.993886+00
10765,2026-07-21 07:53:26.561852+00,snapshot,OK,0,1,1,,2026-07-21 07:53:41.99663+00
10764,2026-07-21 07:53:26.561852+00,upsert,OK,0,0,0,,2026-07-21 07:53:41.974929+00
10763,2026-07-21 07:53:26.561852+00,gate,OK,0,2,0,"{""rejected_by_corr"": 2}",2026-07-21 07:53:41.967674+00
10762,2026-07-21 07:53:26.561852+00,rank,OK,39,2,2,,2026-07-21 07:53:41.863045+00
10761,2026-07-21 07:53:26.561852+00,state,OK,48,1,2,,2026-07-21 07:53:41.829854+00
10760,2026-07-21 07:53:26.561852+00,scan,OK,10665,5,1,"{""signals_found"": 1, ""symbols_scanned"": 5}",2026-07-21 07:53:41.722867+00
10759,2026-07-21 07:53:26.561852+00,cleanup,OK,6,0,0,"{""expired"": 0}",2026-07-21 07:53:31.021713+00
10758,2026-07-21 07:53:26.561852+00,unknown,OK,4199,0,0,"{""closed"": 0}",2026-07-21 07:53:26.809971+00
10757,2026-07-21 07:53:26.561852+00,pre_flight,OK,167,0,0,,2026-07-21 07:53:26.633326+00
10756,2026-07-21 07:48:08.636254+00,invariants,OK,7,0,0,,2026-07-21 07:48:26.429255+00
10755,2026-07-21 07:48:08.636254+00,snapshot,OK,0,1,1,,2026-07-21 07:48:24.752282+00
10754,2026-07-21 07:48:08.636254+00,upsert,OK,0,0,0,,2026-07-21 07:48:24.730853+00
10753,2026-07-21 07:48:08.636254+00,gate,OK,0,2,0,"{""rejected_by_corr"": 2}",2026-07-21 07:48:24.726111+00
10752,2026-07-21 07:48:08.636254+00,rank,OK,37,2,2,,2026-07-21 07:48:24.625298+00
10751,2026-07-21 07:48:08.636254+00,state,OK,27,1,2,,2026-07-21 07:48:24.60213+00
10750,2026-07-21 07:48:08.636254+00,scan,OK,10580,5,1,"{""signals_found"": 1, ""symbols_scanned"": 5}",2026-07-21 07:48:24.537105+00
10749,2026-07-21 07:48:08.636254+00,cleanup,OK,13,0,0,"{""expired"": 0}",2026-07-21 07:48:13.880381+00
10748,2026-07-21 07:48:08.636254+00,unknown,OK,4956,0,0,"{""closed"": 0}",2026-07-21 07:48:08.904411+00
10747,2026-07-21 07:48:08.636254+00,pre_flight,OK,191,0,0,,2026-07-21 07:48:08.702142+00
10746,2026-07-21 07:42:51.0683+00,invariants,OK,22,0,0,,2026-07-21 07:43:08.485869+00
10745,2026-07-21 07:42:51.0683+00,snapshot,OK,0,1,1,,2026-07-21 07:43:07.076391+00
10744,2026-07-21 07:42:51.0683+00,upsert,OK,0,0,0,,2026-07-21 07:43:07.042196+00
10743,2026-07-21 07:42:51.0683+00,gate,OK,0,2,0,"{""rejected_by_corr"": 2}",2026-07-21 07:43:07.031931+00
10742,2026-07-21 07:42:51.0683+00,rank,OK,26,2,2,,2026-07-21 07:43:06.937579+00
10741,2026-07-21 07:42:51.0683+00,state,OK,21,1,2,,2026-07-21 07:43:06.891035+00
10740,2026-07-21 07:42:51.0683+00,scan,OK,11759,5,1,"{""signals_found"": 1, ""symbols_scanned"": 5}",2026-07-21 07:43:06.813514+00
10739,2026-07-21 07:42:51.0683+00,cleanup,OK,6,0,0,"{""expired"": 0}",2026-07-21 07:42:55.010476+00
10738,2026-07-21 07:42:51.0683+00,unknown,OK,3702,0,0,"{""closed"": 0}",2026-07-21 07:42:51.293862+00
10737,2026-07-21 07:42:51.0683+00,pre_flight,OK,151,0,0,,2026-07-21 07:42:51.13554+00
10736,2026-07-21 07:37:34.784142+00,invariants,OK,15,0,0,,2026-07-21 07:37:50.970569+00
10735,2026-07-21 07:37:34.784142+00,snapshot,OK,0,1,1,,2026-07-21 07:37:49.383465+00
10734,2026-07-21 07:37:34.784142+00,upsert,OK,0,0,0,,2026-07-21 07:37:49.360138+00
10733,2026-07-21 07:37:34.784142+00,gate,OK,0,2,0,"{""rejected_by_corr"": 2}",2026-07-21 07:37:49.353876+00
10732,2026-07-21 07:37:34.784142+00,rank,OK,28,2,2,,2026-07-21 07:37:49.287148+00
10731,2026-07-21 07:37:34.784142+00,state,OK,23,1,2,,2026-07-21 07:37:49.269292+00
10730,2026-07-21 07:37:34.784142+00,scan,OK,9978,5,1,"{""signals_found"": 1, ""symbols_scanned"": 5}",2026-07-21 07:37:49.191888+00
10729,2026-07-21 07:37:34.784142+00,cleanup,OK,6,0,0,"{""expired"": 0}",2026-07-21 07:37:39.157676+00
10728,2026-07-21 07:37:34.784142+00,unknown,OK,4087,0,0,"{""closed"": 0}",2026-07-21 07:37:35.059894+00
10727,2026-07-21 07:37:34.784142+00,pre_flight,OK,191,0,0,,2026-07-21 07:37:34.867003+00
10726,2026-07-21 07:32:16.814001+00,invariants,OK,11,0,0,,2026-07-21 07:32:34.631595+00
10725,2026-07-21 07:32:16.814001+00,snapshot,OK,0,1,1,,2026-07-21 07:32:32.989157+00
10724,2026-07-21 07:32:16.814001+00,upsert,OK,0,0,0,,2026-07-21 07:32:32.956353+00
10723,2026-07-21 07:32:16.814001+00,gate,OK,0,2,0,"{""rejected_by_corr"": 2}",2026-07-21 07:32:32.948541+00
10722,2026-07-21 07:32:16.814001+00,rank,OK,20,2,2,,2026-07-21 07:32:32.880332+00
10721,2026-07-21 07:32:16.814001+00,state,OK,39,1,2,,2026-07-21 07:32:32.863387+00
10720,2026-07-21 07:32:16.814001+00,scan,OK,10928,5,1,"{""signals_found"": 1, ""symbols_scanned"": 5}",2026-07-21 07:32:32.783265+00
10719,2026-07-21 07:32:16.814001+00,cleanup,OK,14,0,0,"{""expired"": 0}",2026-07-21 07:32:21.784379+00
10718,2026-07-21 07:32:16.814001+00,unknown,OK,4684,0,0,"{""closed"": 0}",2026-07-21 07:32:17.07265+00
10717,2026-07-21 07:32:16.814001+00,pre_flight,OK,167,0,0,,2026-07-21 07:32:16.906058+00
10716,2026-07-21 07:27:00.227853+00,invariants,OK,12,0,0,,2026-07-21 07:27:16.715249+00
10715,2026-07-21 07:27:00.227853+00,snapshot,OK,0,1,1,,2026-07-21 07:27:15.359985+00
10714,2026-07-21 07:27:00.227853+00,upsert,OK,0,0,0,,2026-07-21 07:27:15.336453+00
10713,2026-07-21 07:27:00.227853+00,gate,OK,0,2,0,"{""rejected_by_corr"": 2}",2026-07-21 07:27:15.33343+00
10712,2026-07-21 07:27:00.227853+00,rank,OK,31,2,2,,2026-07-21 07:27:15.273253+00
10711,2026-07-21 07:27:00.227853+00,state,OK,15,1,2,,2026-07-21 07:27:15.253538+00
10710,2026-07-21 07:27:00.227853+00,scan,OK,10096,5,1,"{""signals_found"": 1, ""symbols_scanned"": 5}",2026-07-21 07:27:15.20793+00
10709,2026-07-21 07:27:00.227853+00,cleanup,OK,12,0,0,"{""expired"": 0}",2026-07-21 07:27:05.008235+00
10708,2026-07-21 07:27:00.227853+00,unknown,OK,4444,0,0,"{""closed"": 0}",2026-07-21 07:27:00.545478+00
10707,2026-07-21 07:27:00.227853+00,pre_flight,OK,242,0,0,,2026-07-21 07:27:00.30017+00
10706,2026-07-21 07:21:42.695874+00,invariants,OK,13,0,0,,2026-07-21 07:22:00.075293+00
10705,2026-07-21 07:21:42.695874+00,snapshot,OK,0,1,1,,2026-07-21 07:21:58.643119+00
10704,2026-07-21 07:21:42.695874+00,upsert,OK,0,0,0,,2026-07-21 07:21:58.62177+00
10703,2026-07-21 07:21:42.695874+00,gate,OK,0,2,0,"{""rejected_by_corr"": 2}",2026-07-21 07:21:58.615171+00
10702,2026-07-21 07:21:42.695874+00,rank,OK,22,2,2,,2026-07-21 07:21:58.545362+00
10701,2026-07-21 07:21:42.695874+00,state,OK,24,1,2,,2026-07-21 07:21:58.525831+00
10700,2026-07-21 07:21:42.695874+00,scan,OK,11218,5,1,"{""signals_found"": 1, ""symbols_scanned"": 5}",2026-07-21 07:21:58.45339+00
10699,2026-07-21 07:21:42.695874+00,cleanup,OK,8,0,0,"{""expired"": 0}",2026-07-21 07:21:47.187349+00
10698,2026-07-21 07:21:42.695874+00,unknown,OK,4169,0,0,"{""closed"": 0}",2026-07-21 07:21:42.9962+00
10697,2026-07-21 07:21:42.695874+00,pre_flight,OK,196,0,0,,2026-07-21 07:21:42.802216+00
10696,2026-07-21 07:16:24.882952+00,invariants,OK,21,0,0,,2026-07-21 07:16:42.512859+00
10695,2026-07-21 07:16:24.882952+00,snapshot,OK,0,1,1,,2026-07-21 07:16:41.152346+00
10694,2026-07-21 07:16:24.882952+00,upsert,OK,0,0,0,,2026-07-21 07:16:41.126559+00
10693,2026-07-21 07:16:24.882952+00,gate,OK,0,2,0,"{""rejected_by_corr"": 2}",2026-07-21 07:16:41.038248+00
10692,2026-07-21 07:16:24.882952+00,rank,OK,26,2,2,,2026-07-21 07:16:40.892823+00
10691,2026-07-21 07:16:24.882952+00,state,OK,24,1,2,,2026-07-21 07:16:40.866772+00
10690,2026-07-21 07:16:24.882952+00,scan,OK,11195,5,1,"{""signals_found"": 1, ""symbols_scanned"": 5}",2026-07-21 07:16:40.782082+00
10689,2026-07-21 07:16:24.882952+00,cleanup,OK,6,0,0,"{""expired"": 0}",2026-07-21 07:16:29.547501+00
10688,2026-07-21 07:16:24.882952+00,unknown,OK,4357,0,0,"{""closed"": 0}",2026-07-21 07:16:25.178672+00
10687,2026-07-21 07:16:24.882952+00,pre_flight,OK,202,0,0,,2026-07-21 07:16:24.970057+00
10686,2026-07-21 07:11:07.451793+00,invariants,OK,16,0,0,,2026-07-21 07:11:24.749236+00
10685,2026-07-21 07:11:07.451793+00,snapshot,OK,0,1,1,,2026-07-21 07:11:22.458675+00
10684,2026-07-21 07:11:07.451793+00,upsert,OK,0,0,0,,2026-07-21 07:11:22.438013+00
10683,2026-07-21 07:11:07.451793+00,gate,OK,0,2,0,"{""rejected_by_corr"": 2}",2026-07-21 07:11:22.42806+00
10682,2026-07-21 07:11:07.451793+00,rank,OK,21,2,2,,2026-07-21 07:11:22.375395+00
10681,2026-07-21 07:11:07.451793+00,state,OK,21,1,2,,2026-07-21 07:11:22.355065+00
10680,2026-07-21 07:11:07.451793+00,scan,OK,10476,5,1,"{""signals_found"": 1, ""symbols_scanned"": 5}",2026-07-21 07:11:22.257861+00
10679,2026-07-21 07:11:07.451793+00,cleanup,OK,15,0,0,"{""expired"": 0}",2026-07-21 07:11:11.744185+00
10678,2026-07-21 07:11:07.451793+00,unknown,OK,3980,0,0,"{""closed"": 0}",2026-07-21 07:11:07.739856+00
10677,2026-07-21 07:11:07.451793+00,pre_flight,OK,198,0,0,,2026-07-21 07:11:07.531493+00
10676,2026-07-21 07:05:51.090978+00,invariants,OK,11,0,0,,2026-07-21 07:06:07.340599+00
10675,2026-07-21 07:05:51.090978+00,snapshot,OK,0,1,1,,2026-07-21 07:06:05.53014+00
10674,2026-07-21 07:05:51.090978+00,upsert,OK,0,0,0,,2026-07-21 07:06:05.512856+00
10673,2026-07-21 07:05:51.090978+00,gate,OK,0,2,0,"{""rejected_by_corr"": 2}",2026-07-21 07:06:05.505008+00
10672,2026-07-21 07:05:51.090978+00,rank,OK,22,2,2,,2026-07-21 07:06:05.436615+00
10671,2026-07-21 07:05:51.090978+00,state,OK,23,1,2,,2026-07-21 07:06:05.416365+00
10670,2026-07-21 07:05:51.090978+00,scan,OK,10205,5,1,"{""signals_found"": 1, ""symbols_scanned"": 5}",2026-07-21 07:06:05.357355+00
10669,2026-07-21 07:05:51.090978+00,cleanup,OK,14,0,0,"{""expired"": 0}",2026-07-21 07:05:55.108434+00
10668,2026-07-21 07:05:51.090978+00,unknown,OK,3625,0,0,"{""closed"": 0}",2026-07-21 07:05:51.463115+00
10667,2026-07-21 07:05:51.090978+00,pre_flight,OK,201,0,0,,2026-07-21 07:05:51.261226+00
10666,2026-07-21 07:00:34.960499+00,invariants,OK,12,0,0,,2026-07-21 07:00:50.940795+00
10665,2026-07-21 07:00:34.960499+00,snapshot,OK,0,1,1,,2026-07-21 07:00:49.602242+00
10664,2026-07-21 07:00:34.960499+00,upsert,OK,0,0,0,,2026-07-21 07:00:49.582951+00
10663,2026-07-21 07:00:34.960499+00,gate,OK,0,2,0,"{""rejected_by_corr"": 2}",2026-07-21 07:00:49.578347+00
10662,2026-07-21 07:00:34.960499+00,rank,OK,22,2,2,,2026-07-21 07:00:49.525879+00
10661,2026-07-21 07:00:34.960499+00,state,OK,22,1,2,,2026-07-21 07:00:49.499657+00
10660,2026-07-21 07:00:34.960499+00,scan,OK,10482,5,1,"{""signals_found"": 1, ""symbols_scanned"": 5}",2026-07-21 07:00:49.430778+00
10659,2026-07-21 07:00:34.960499+00,cleanup,OK,6,0,0,"{""expired"": 0}",2026-07-21 07:00:38.906286+00
10658,2026-07-21 07:00:34.960499+00,unknown,OK,3691,0,0,"{""closed"": 0}",2026-07-21 07:00:35.199827+00
10657,2026-07-21 07:00:34.960499+00,pre_flight,OK,170,0,0,,2026-07-21 07:00:35.01929+00
10656,2026-07-21 06:55:17.178142+00,invariants,OK,13,0,0,,2026-07-21 06:55:34.819144+00
10655,2026-07-21 06:55:17.178142+00,snapshot,OK,0,1,1,,2026-07-21 06:55:33.202901+00
10654,2026-07-21 06:55:17.178142+00,upsert,OK,0,0,0,,2026-07-21 06:55:33.175551+00
10653,2026-07-21 06:55:17.178142+00,gate,OK,0,2,0,"{""rejected_by_corr"": 2}",2026-07-21 06:55:33.163617+00
10652,2026-07-21 06:55:17.178142+00,rank,OK,25,2,2,,2026-07-21 06:55:33.090068+00
10651,2026-07-21 06:55:17.178142+00,state,OK,48,2,2,,2026-07-21 06:55:33.06884+00
10650,2026-07-21 06:55:17.178142+00,scan,OK,11018,5,2,"{""signals_found"": 2, ""symbols_scanned"": 5}",2026-07-21 06:55:32.962116+00
10649,2026-07-21 06:55:17.178142+00,cleanup,OK,10,0,0,"{""expired"": 0}",2026-07-21 06:55:21.90967+00
10648,2026-07-21 06:55:17.178142+00,unknown,OK,4455,0,0,"{""closed"": 0}",2026-07-21 06:55:17.432427+00
10647,2026-07-21 06:55:17.178142+00,pre_flight,OK,196,0,0,,2026-07-21 06:55:17.233913+00
10646,2026-07-21 06:49:59.696847+00,invariants,OK,6,0,0,,2026-07-21 06:50:17.060037+00
10645,2026-07-21 06:49:59.696847+00,snapshot,OK,0,1,1,,2026-07-21 06:50:15.660227+00
10644,2026-07-21 06:49:59.696847+00,upsert,OK,0,0,0,,2026-07-21 06:50:15.642173+00
10643,2026-07-21 06:49:59.696847+00,gate,OK,0,2,0,"{""rejected_by_corr"": 2}",2026-07-21 06:50:15.639017+00
10642,2026-07-21 06:49:59.696847+00,rank,OK,27,2,2,,2026-07-21 06:50:15.581339+00
10641,2026-07-21 06:49:59.696847+00,state,OK,35,2,2,,2026-07-21 06:50:15.562695+00
10640,2026-07-21 06:49:59.696847+00,scan,OK,11320,5,2,"{""signals_found"": 2, ""symbols_scanned"": 5}",2026-07-21 06:50:15.44283+00
10639,2026-07-21 06:49:59.696847+00,cleanup,OK,12,0,1,"{""expired"": 1}",2026-07-21 06:50:04.074608+00
10638,2026-07-21 06:49:59.696847+00,unknown,OK,4097,0,0,"{""closed"": 0}",2026-07-21 06:49:59.955787+00
10637,2026-07-21 06:49:59.696847+00,pre_flight,OK,144,0,0,,2026-07-21 06:49:59.813227+00
10636,2026-07-21 06:44:43.367993+00,invariants,OK,12,0,0,,2026-07-21 06:44:59.579172+00
10635,2026-07-21 06:44:43.367993+00,snapshot,OK,0,1,1,,2026-07-21 06:44:58.263649+00
10634,2026-07-21 06:44:43.367993+00,upsert,OK,0,0,0,,2026-07-21 06:44:58.235208+00
10633,2026-07-21 06:44:43.367993+00,gate,OK,0,3,0,"{""rejected_by_corr"": 3}",2026-07-21 06:44:58.22691+00
10632,2026-07-21 06:44:43.367993+00,rank,OK,27,3,3,,2026-07-21 06:44:58.139249+00
10631,2026-07-21 06:44:43.367993+00,state,OK,42,2,3,,2026-07-21 06:44:58.115904+00
10630,2026-07-21 06:44:43.367993+00,scan,OK,10505,5,2,"{""signals_found"": 2, ""symbols_scanned"": 5}",2026-07-21 06:44:58.020183+00
10629,2026-07-21 06:44:43.367993+00,cleanup,OK,14,0,0,"{""expired"": 0}",2026-07-21 06:44:47.456867+00
10628,2026-07-21 06:44:43.367993+00,unknown,OK,3777,0,0,"{""closed"": 0}",2026-07-21 06:44:43.655995+00
10627,2026-07-21 06:44:43.367993+00,pre_flight,OK,207,0,0,,2026-07-21 06:44:43.437833+00
10626,2026-07-21 06:39:24.467308+00,invariants,OK,13,0,0,,2026-07-21 06:39:43.252612+00
10625,2026-07-21 06:39:24.467308+00,snapshot,OK,0,1,1,,2026-07-21 06:39:41.513131+00
10624,2026-07-21 06:39:24.467308+00,upsert,OK,0,0,0,,2026-07-21 06:39:41.493217+00
10623,2026-07-21 06:39:24.467308+00,gate,OK,0,3,0,"{""rejected_by_corr"": 3}",2026-07-21 06:39:41.490261+00
10622,2026-07-21 06:39:24.467308+00,rank,OK,22,3,3,,2026-07-21 06:39:41.430942+00
10621,2026-07-21 06:39:24.467308+00,state,OK,100,2,3,,2026-07-21 06:39:41.410864+00
10620,2026-07-21 06:39:24.467308+00,scan,OK,11171,5,2,"{""signals_found"": 2, ""symbols_scanned"": 5}",2026-07-21 06:39:41.211015+00
10619,2026-07-21 06:39:24.467308+00,cleanup,OK,11,0,0,"{""expired"": 0}",2026-07-21 06:39:29.995843+00
10618,2026-07-21 06:39:24.467308+00,unknown,OK,5089,0,0,"{""closed"": 0}",2026-07-21 06:39:24.882854+00
10617,2026-07-21 06:39:24.467308+00,pre_flight,OK,301,0,0,,2026-07-21 06:39:24.587883+00
10616,2026-07-21 06:34:05.451842+00,invariants,OK,21,0,0,,2026-07-21 06:34:24.360016+00
10615,2026-07-21 06:34:05.451842+00,snapshot,OK,0,1,1,,2026-07-21 06:34:22.974974+00
10614,2026-07-21 06:34:05.451842+00,upsert,OK,0,0,0,,2026-07-21 06:34:22.958627+00
10613,2026-07-21 06:34:05.451842+00,gate,OK,0,3,0,"{""rejected_by_corr"": 3}",2026-07-21 06:34:22.955758+00
10612,2026-07-21 06:34:05.451842+00,rank,OK,33,3,3,,2026-07-21 06:34:22.881713+00
10611,2026-07-21 06:34:05.451842+00,state,OK,46,2,3,,2026-07-21 06:34:22.852785+00
10610,2026-07-21 06:34:05.451842+00,scan,OK,11955,5,2,"{""signals_found"": 2, ""symbols_scanned"": 5}",2026-07-21 06:34:22.716239+00
10609,2026-07-21 06:34:05.451842+00,cleanup,OK,11,0,0,"{""expired"": 0}",2026-07-21 06:34:10.718176+00
10608,2026-07-21 06:34:05.451842+00,unknown,OK,4860,0,0,"{""closed"": 0}",2026-07-21 06:34:05.836958+00
10607,2026-07-21 06:34:05.451842+00,pre_flight,OK,243,0,0,,2026-07-21 06:34:05.596849+00
10606,2026-07-21 06:28:47.146575+00,invariants,OK,7,0,0,,2026-07-21 06:29:05.327229+00
10605,2026-07-21 06:28:47.146575+00,snapshot,OK,0,1,1,,2026-07-21 06:29:04.021595+00
10604,2026-07-21 06:28:47.146575+00,upsert,OK,0,0,0,,2026-07-21 06:29:03.997206+00
10603,2026-07-21 06:28:47.146575+00,gate,OK,0,3,0,"{""rejected_by_corr"": 3}",2026-07-21 06:29:03.988854+00
10602,2026-07-21 06:28:47.146575+00,rank,OK,34,3,3,,2026-07-21 06:29:03.86771+00
10601,2026-07-21 06:28:47.146575+00,state,OK,54,2,3,,2026-07-21 06:29:03.835986+00
10600,2026-07-21 06:28:47.146575+00,scan,OK,11874,5,2,"{""signals_found"": 2, ""symbols_scanned"": 5}",2026-07-21 06:29:03.717995+00
10599,2026-07-21 06:28:47.146575+00,cleanup,OK,21,0,0,"{""expired"": 0}",2026-07-21 06:28:51.797105+00
10598,2026-07-21 06:28:47.146575+00,unknown,OK,4377,0,0,"{""closed"": 0}",2026-07-21 06:28:47.390568+00
10597,2026-07-21 06:28:47.146575+00,pre_flight,OK,183,0,0,,2026-07-21 06:28:47.199318+00
10596,2026-07-21 06:23:26.580014+00,invariants,OK,12,0,0,,2026-07-21 06:23:47.048301+00
10595,2026-07-21 06:23:26.580014+00,snapshot,OK,0,1,1,,2026-07-21 06:23:45.300395+00
10594,2026-07-21 06:23:26.580014+00,upsert,OK,0,0,0,,2026-07-21 06:23:45.272945+00
10593,2026-07-21 06:23:26.580014+00,gate,OK,0,3,0,"{""rejected_by_corr"": 3}",2026-07-21 06:23:45.266189+00
10592,2026-07-21 06:23:26.580014+00,rank,OK,34,3,3,,2026-07-21 06:23:45.166956+00
10591,2026-07-21 06:23:26.580014+00,state,OK,61,2,3,,2026-07-21 06:23:45.131857+00
10590,2026-07-21 06:23:26.580014+00,scan,OK,13244,5,2,"{""signals_found"": 2, ""symbols_scanned"": 5}",2026-07-21 06:23:44.970506+00
10589,2026-07-21 06:23:26.580014+00,cleanup,OK,7,0,0,"{""expired"": 0}",2026-07-21 06:23:31.683459+00
10588,2026-07-21 06:23:26.580014+00,unknown,OK,4708,0,0,"{""closed"": 0}",2026-07-21 06:23:26.971968+00
10587,2026-07-21 06:23:26.580014+00,pre_flight,OK,289,0,0,,2026-07-21 06:23:26.6644+00
10586,2026-07-21 06:18:09.04422+00,invariants,OK,14,0,0,,2026-07-21 06:18:26.379085+00
10585,2026-07-21 06:18:09.04422+00,snapshot,OK,0,1,1,,2026-07-21 06:18:24.578496+00
10584,2026-07-21 06:18:09.04422+00,upsert,OK,0,0,0,,2026-07-21 06:18:24.548577+00
10583,2026-07-21 06:18:09.04422+00,gate,OK,0,3,0,"{""rejected_by_corr"": 3}",2026-07-21 06:18:24.54016+00
10582,2026-07-21 06:18:09.04422+00,rank,OK,26,3,3,,2026-07-21 06:18:24.41893+00
10581,2026-07-21 06:18:09.04422+00,state,OK,51,2,3,,2026-07-21 06:18:24.394995+00
10580,2026-07-21 06:18:09.04422+00,scan,OK,10647,5,2,"{""signals_found"": 2, ""symbols_scanned"": 5}",2026-07-21 06:18:24.250329+00
10579,2026-07-21 06:18:09.04422+00,cleanup,OK,6,0,0,"{""expired"": 0}",2026-07-21 06:18:13.564951+00
10578,2026-07-21 06:18:09.04422+00,unknown,OK,4185,0,0,"{""closed"": 0}",2026-07-21 06:18:09.367226+00
10577,2026-07-21 06:18:09.04422+00,pre_flight,OK,220,0,0,,2026-07-21 06:18:09.145822+00
10576,2026-07-21 06:12:51.495859+00,invariants,OK,17,0,0,,2026-07-21 06:13:08.908273+00
10575,2026-07-21 06:12:51.495859+00,snapshot,OK,0,1,1,,2026-07-21 06:13:07.221841+00
10574,2026-07-21 06:12:51.495859+00,upsert,OK,0,0,0,,2026-07-21 06:13:07.203843+00
10573,2026-07-21 06:12:51.495859+00,gate,OK,0,3,0,"{""rejected_by_corr"": 3}",2026-07-21 06:13:07.193083+00
10572,2026-07-21 06:12:51.495859+00,rank,OK,24,3,3,,2026-07-21 06:13:07.116239+00
10571,2026-07-21 06:12:51.495859+00,state,OK,35,2,3,,2026-07-21 06:13:07.09829+00
10570,2026-07-21 06:12:51.495859+00,scan,OK,11401,5,2,"{""signals_found"": 2, ""symbols_scanned"": 5}",2026-07-21 06:13:07.006495+00
10569,2026-07-21 06:12:51.495859+00,cleanup,OK,9,0,0,"{""expired"": 0}",2026-07-21 06:12:55.563071+00
10568,2026-07-21 06:12:51.495859+00,unknown,OK,3762,0,0,"{""closed"": 0}",2026-07-21 06:12:51.780908+00
10567,2026-07-21 06:12:51.495859+00,pre_flight,OK,173,0,0,,2026-07-21 06:12:51.584227+00
10566,2026-07-21 06:07:34.937113+00,invariants,OK,13,0,0,,2026-07-21 06:07:51.329449+00
10565,2026-07-21 06:07:34.937113+00,snapshot,OK,0,1,1,,2026-07-21 06:07:49.767434+00
10564,2026-07-21 06:07:34.937113+00,upsert,OK,0,0,0,,2026-07-21 06:07:49.746423+00
10563,2026-07-21 06:07:34.937113+00,gate,OK,0,3,0,"{""rejected_by_corr"": 3}",2026-07-21 06:07:49.741203+00
10562,2026-07-21 06:07:34.937113+00,rank,OK,21,3,3,,2026-07-21 06:07:49.679079+00
10561,2026-07-21 06:07:34.937113+00,state,OK,51,2,3,,2026-07-21 06:07:49.662275+00
10560,2026-07-21 06:07:34.937113+00,scan,OK,10682,5,2,"{""signals_found"": 2, ""symbols_scanned"": 5}",2026-07-21 06:07:49.528833+00
10559,2026-07-21 06:07:34.937113+00,cleanup,OK,15,0,0,"{""expired"": 0}",2026-07-21 06:07:38.77223+00
10558,2026-07-21 06:07:34.937113+00,unknown,OK,3522,0,0,"{""closed"": 0}",2026-07-21 06:07:35.216102+00
10557,2026-07-21 06:07:34.937113+00,pre_flight,OK,158,0,0,,2026-07-21 06:07:35.065006+00
10556,2026-07-21 06:02:16.83542+00,invariants,OK,20,0,0,,2026-07-21 06:02:34.82718+00
10555,2026-07-21 06:02:16.83542+00,snapshot,OK,0,1,1,,2026-07-21 06:02:33.262612+00
10554,2026-07-21 06:02:16.83542+00,upsert,OK,0,0,0,,2026-07-21 06:02:33.22866+00
10553,2026-07-21 06:02:16.83542+00,gate,OK,0,2,0,"{""rejected_by_corr"": 2}",2026-07-21 06:02:33.221529+00
10552,2026-07-21 06:02:16.83542+00,rank,OK,20,2,2,,2026-07-21 06:02:33.163329+00
10551,2026-07-21 06:02:16.83542+00,state,OK,26,1,2,,2026-07-21 06:02:33.137247+00
10550,2026-07-21 06:02:16.83542+00,scan,OK,11638,5,1,"{""signals_found"": 1, ""symbols_scanned"": 5}",2026-07-21 06:02:33.06149+00
10549,2026-07-21 06:02:16.83542+00,cleanup,OK,6,0,0,"{""expired"": 0}",2026-07-21 06:02:21.389021+00
10548,2026-07-21 06:02:16.83542+00,unknown,OK,4259,0,0,"{""closed"": 0}",2026-07-21 06:02:17.117109+00
10547,2026-07-21 06:02:16.83542+00,pre_flight,OK,192,0,0,,2026-07-21 06:02:16.926963+00
10546,2026-07-21 05:56:58.707329+00,invariants,OK,9,0,0,,2026-07-21 05:57:16.726955+00
10545,2026-07-21 05:56:58.707329+00,snapshot,OK,0,1,1,,2026-07-21 05:57:15.127087+00
10544,2026-07-21 05:56:58.707329+00,upsert,OK,0,0,0,,2026-07-21 05:57:15.10522+00
10543,2026-07-21 05:56:58.707329+00,gate,OK,0,2,0,"{""rejected_by_corr"": 2}",2026-07-21 05:57:15.099855+00
10542,2026-07-21 05:56:58.707329+00,rank,OK,21,2,2,,2026-07-21 05:57:15.039373+00
10541,2026-07-21 05:56:58.707329+00,state,OK,19,1,2,,2026-07-21 05:57:15.021272+00
10540,2026-07-21 05:56:58.707329+00,scan,OK,11900,5,1,"{""signals_found"": 1, ""symbols_scanned"": 5}",2026-07-21 05:57:14.927982+00
10539,2026-07-21 05:56:58.707329+00,cleanup,OK,12,0,2,"{""expired"": 2}",2026-07-21 05:57:02.947422+00
10538,2026-07-21 05:56:58.707329+00,unknown,OK,3925,0,0,"{""closed"": 0}",2026-07-21 05:56:58.999984+00
10537,2026-07-21 05:56:58.707329+00,pre_flight,OK,199,0,0,,2026-07-21 05:56:58.796199+00
10536,2026-07-21 05:51:40.916157+00,invariants,OK,13,0,0,,2026-07-21 05:51:58.602434+00
10535,2026-07-21 05:51:40.916157+00,snapshot,OK,0,1,1,,2026-07-21 05:51:56.852779+00
10534,2026-07-21 05:51:40.916157+00,upsert,OK,0,0,0,,2026-07-21 05:51:56.83418+00
10533,2026-07-21 05:51:40.916157+00,gate,OK,0,4,0,"{""rejected_by_corr"": 4}",2026-07-21 05:51:56.82513+00
10532,2026-07-21 05:51:40.916157+00,rank,OK,35,4,4,,2026-07-21 05:51:56.710974+00
10531,2026-07-21 05:51:40.916157+00,state,OK,28,1,4,,2026-07-21 05:51:56.68457+00
10530,2026-07-21 05:51:40.916157+00,scan,OK,11095,5,1,"{""signals_found"": 1, ""symbols_scanned"": 5}",2026-07-21 05:51:56.603244+00
10529,2026-07-21 05:51:40.916157+00,cleanup,OK,5,0,0,"{""expired"": 0}",2026-07-21 05:51:45.461363+00
10528,2026-07-21 05:51:40.916157+00,unknown,OK,4287,0,0,"{""closed"": 0}",2026-07-21 05:51:41.156085+00
10527,2026-07-21 05:51:40.916157+00,pre_flight,OK,184,0,0,,2026-07-21 05:51:40.977971+00
10526,2026-07-21 05:46:22.558588+00,invariants,OK,14,0,0,,2026-07-21 05:46:40.798054+00
10525,2026-07-21 05:46:22.558588+00,snapshot,OK,0,1,1,,2026-07-21 05:46:39.187178+00
10524,2026-07-21 05:46:22.558588+00,upsert,OK,0,0,0,,2026-07-21 05:46:39.16855+00
10523,2026-07-21 05:46:22.558588+00,gate,OK,0,4,0,"{""rejected_by_corr"": 4}",2026-07-21 05:46:39.165251+00
10522,2026-07-21 05:46:22.558588+00,rank,OK,36,4,4,,2026-07-21 05:46:39.073546+00
10521,2026-07-21 05:46:22.558588+00,state,OK,0,0,4,,2026-07-21 05:46:39.055425+00
10520,2026-07-21 05:46:22.558588+00,scan,OK,11238,5,0,"{""signals_found"": 0, ""symbols_scanned"": 5}",2026-07-21 05:46:39.045371+00
10519,2026-07-21 05:46:22.558588+00,cleanup,OK,12,0,0,"{""expired"": 0}",2026-07-21 05:46:27.762657+00
10518,2026-07-21 05:46:22.558588+00,unknown,OK,4985,0,0,"{""closed"": 0}",2026-07-21 05:46:22.751734+00
10517,2026-07-21 05:46:22.558588+00,pre_flight,OK,121,0,0,,2026-07-21 05:46:22.626635+00
10516,2026-07-21 05:41:04.675163+00,invariants,OK,15,0,0,,2026-07-21 05:41:22.39517+00
10515,2026-07-21 05:41:04.675163+00,snapshot,OK,0,1,1,,2026-07-21 05:41:20.721247+00
10514,2026-07-21 05:41:04.675163+00,upsert,OK,0,0,0,,2026-07-21 05:41:20.706086+00
10513,2026-07-21 05:41:04.675163+00,gate,OK,0,4,0,"{""rejected_by_corr"": 4}",2026-07-21 05:41:20.7001+00
10512,2026-07-21 05:41:04.675163+00,rank,OK,23,4,4,,2026-07-21 05:41:20.613358+00
10511,2026-07-21 05:41:04.675163+00,state,OK,0,0,4,,2026-07-21 05:41:20.594374+00
10510,2026-07-21 05:41:04.675163+00,scan,OK,11350,5,0,"{""signals_found"": 0, ""symbols_scanned"": 5}",2026-07-21 05:41:20.584765+00
10509,2026-07-21 05:41:04.675163+00,cleanup,OK,7,0,0,"{""expired"": 0}",2026-07-21 05:41:09.184359+00
10508,2026-07-21 05:41:04.675163+00,unknown,OK,4266,0,0,"{""closed"": 0}",2026-07-21 05:41:04.894857+00
10507,2026-07-21 05:41:04.675163+00,pre_flight,OK,148,0,0,,2026-07-21 05:41:04.741156+00
10506,2026-07-21 05:35:48.120183+00,invariants,OK,17,0,0,,2026-07-21 05:36:04.565231+00
10505,2026-07-21 05:35:48.120183+00,snapshot,OK,0,1,1,,2026-07-21 05:36:02.869684+00
10504,2026-07-21 05:35:48.120183+00,upsert,OK,0,0,0,,2026-07-21 05:36:02.827713+00
10503,2026-07-21 05:35:48.120183+00,gate,OK,0,4,0,"{""rejected_by_corr"": 4}",2026-07-21 05:36:02.808398+00
10502,2026-07-21 05:35:48.120183+00,rank,OK,29,4,4,,2026-07-21 05:36:02.733877+00
10501,2026-07-21 05:35:48.120183+00,state,OK,0,0,4,,2026-07-21 05:36:02.716432+00
10500,2026-07-21 05:35:48.120183+00,scan,OK,10261,5,0,"{""signals_found"": 0, ""symbols_scanned"": 5}",2026-07-21 05:36:02.706201+00
10499,2026-07-21 05:35:48.120183+00,cleanup,OK,7,0,0,"{""expired"": 0}",2026-07-21 05:35:52.386468+00
10498,2026-07-21 05:35:48.120183+00,unknown,OK,4017,0,0,"{""closed"": 0}",2026-07-21 05:35:48.354966+00
10497,2026-07-21 05:35:48.120183+00,pre_flight,OK,165,0,0,,2026-07-21 05:35:48.18925+00
10496,2026-07-21 05:30:31.311853+00,invariants,OK,9,0,0,,2026-07-21 05:30:48.034334+00
10495,2026-07-21 05:30:31.311853+00,snapshot,OK,0,1,1,,2026-07-21 05:30:46.238567+00
10494,2026-07-21 05:30:31.311853+00,upsert,OK,0,0,0,,2026-07-21 05:30:46.223649+00
10493,2026-07-21 05:30:31.311853+00,gate,OK,0,4,0,"{""rejected_by_corr"": 4}",2026-07-21 05:30:46.21214+00
10492,2026-07-21 05:30:31.311853+00,rank,OK,22,4,4,,2026-07-21 05:30:46.144248+00
10491,2026-07-21 05:30:31.311853+00,state,OK,0,0,4,,2026-07-21 05:30:46.125114+00
10490,2026-07-21 05:30:31.311853+00,scan,OK,10534,5,0,"{""signals_found"": 0, ""symbols_scanned"": 5}",2026-07-21 05:30:46.117103+00
10489,2026-07-21 05:30:31.311853+00,cleanup,OK,16,0,0,"{""expired"": 0}",2026-07-21 05:30:35.540591+00
10488,2026-07-21 05:30:31.311853+00,unknown,OK,3918,0,0,"{""closed"": 0}",2026-07-21 05:30:31.591067+00
10487,2026-07-21 05:30:31.311853+00,pre_flight,OK,185,0,0,,2026-07-21 05:30:31.41885+00
10486,2026-07-21 05:25:10.542148+00,invariants,OK,15,0,0,,2026-07-21 05:25:31.17825+00
10485,2026-07-21 05:25:10.542148+00,snapshot,OK,0,1,1,,2026-07-21 05:25:25.853888+00
10484,2026-07-21 05:25:10.542148+00,upsert,OK,0,0,0,,2026-07-21 05:25:25.817215+00
10483,2026-07-21 05:25:10.542148+00,gate,OK,0,4,0,"{""rejected_by_corr"": 4}",2026-07-21 05:25:25.814053+00
10482,2026-07-21 05:25:10.542148+00,rank,OK,28,4,4,,2026-07-21 05:25:25.729235+00
10481,2026-07-21 05:25:10.542148+00,state,OK,0,0,4,,2026-07-21 05:25:25.706367+00
10480,2026-07-21 05:25:10.542148+00,scan,OK,10338,5,0,"{""signals_found"": 0, ""symbols_scanned"": 5}",2026-07-21 05:25:25.697049+00
10479,2026-07-21 05:25:10.542148+00,cleanup,OK,8,0,0,"{""expired"": 0}",2026-07-21 05:25:15.316337+00
10478,2026-07-21 05:25:10.542148+00,unknown,OK,4473,0,0,"{""closed"": 0}",2026-07-21 05:25:10.825586+00
10477,2026-07-21 05:25:10.542148+00,pre_flight,OK,198,0,0,,2026-07-21 05:25:10.621489+00
10476,2026-07-21 05:19:51.089147+00,invariants,OK,14,0,0,,2026-07-21 05:20:10.419379+00
10475,2026-07-21 05:19:51.089147+00,snapshot,OK,0,1,1,,2026-07-21 05:20:07.503963+00
10474,2026-07-21 05:19:51.089147+00,upsert,OK,0,0,0,,2026-07-21 05:20:07.480803+00
10473,2026-07-21 05:19:51.089147+00,gate,OK,0,4,0,"{""rejected_by_corr"": 4}",2026-07-21 05:20:07.472561+00
10472,2026-07-21 05:19:51.089147+00,rank,OK,24,4,4,,2026-07-21 05:20:07.376959+00
10471,2026-07-21 05:19:51.089147+00,state,OK,0,0,4,,2026-07-21 05:20:07.358856+00
10470,2026-07-21 05:19:51.089147+00,scan,OK,11540,5,0,"{""signals_found"": 0, ""symbols_scanned"": 5}",2026-07-21 05:20:07.349172+00
10469,2026-07-21 05:19:51.089147+00,cleanup,OK,10,0,0,"{""expired"": 0}",2026-07-21 05:19:55.754997+00
10468,2026-07-21 05:19:51.089147+00,unknown,OK,4429,0,0,"{""closed"": 0}",2026-07-21 05:19:51.308732+00
10467,2026-07-21 05:19:51.089147+00,pre_flight,OK,145,0,0,,2026-07-21 05:19:51.157625+00
10466,2026-07-21 05:14:34.378458+00,invariants,OK,20,0,0,,2026-07-21 05:14:50.966825+00
10465,2026-07-21 05:14:34.378458+00,snapshot,OK,0,1,1,,2026-07-21 05:14:49.185889+00
10464,2026-07-21 05:14:34.378458+00,upsert,OK,0,0,0,,2026-07-21 05:14:49.166985+00
10463,2026-07-21 05:14:34.378458+00,gate,OK,0,4,0,"{""rejected_by_corr"": 4}",2026-07-21 05:14:49.162316+00
10462,2026-07-21 05:14:34.378458+00,rank,OK,36,4,4,,2026-07-21 05:14:49.058543+00
10461,2026-07-21 05:14:34.378458+00,state,OK,0,0,4,,2026-07-21 05:14:49.016881+00
10460,2026-07-21 05:14:34.378458+00,scan,OK,10100,5,0,"{""signals_found"": 0, ""symbols_scanned"": 5}",2026-07-21 05:14:48.992078+00
10459,2026-07-21 05:14:34.378458+00,cleanup,OK,11,0,0,"{""expired"": 0}",2026-07-21 05:14:38.848053+00
10458,2026-07-21 05:14:34.378458+00,unknown,OK,4093,0,0,"{""closed"": 0}",2026-07-21 05:14:34.734173+00
10457,2026-07-21 05:14:34.378458+00,pre_flight,OK,277,0,0,,2026-07-21 05:14:34.444563+00
10456,2026-07-21 05:09:14.703851+00,invariants,OK,10,0,0,,2026-07-21 05:09:34.262659+00
10455,2026-07-21 05:09:14.703851+00,snapshot,OK,0,1,1,,2026-07-21 05:09:30.20046+00
10454,2026-07-21 05:09:14.703851+00,upsert,OK,0,0,0,,2026-07-21 05:09:30.17826+00
10453,2026-07-21 05:09:14.703851+00,gate,OK,0,4,0,"{""rejected_by_corr"": 4}",2026-07-21 05:09:30.173024+00
10452,2026-07-21 05:09:14.703851+00,rank,OK,32,4,4,,2026-07-21 05:09:30.056927+00
10451,2026-07-21 05:09:14.703851+00,state,OK,0,0,4,,2026-07-21 05:09:30.033919+00
10450,2026-07-21 05:09:14.703851+00,scan,OK,10523,5,0,"{""signals_found"": 0, ""symbols_scanned"": 5}",2026-07-21 05:09:30.024242+00
10449,2026-07-21 05:09:14.703851+00,cleanup,OK,9,0,0,"{""expired"": 0}",2026-07-21 05:09:19.464288+00
10448,2026-07-21 05:09:14.703851+00,unknown,OK,4495,0,0,"{""closed"": 0}",2026-07-21 05:09:14.955523+00
10447,2026-07-21 05:09:14.703851+00,pre_flight,OK,192,0,0,,2026-07-21 05:09:14.763258+00
10446,2026-07-21 05:03:54.065861+00,invariants,OK,16,0,0,,2026-07-21 05:04:14.58621+00
10445,2026-07-21 05:03:54.065861+00,snapshot,OK,0,1,1,,2026-07-21 05:04:11.392764+00
10444,2026-07-21 05:03:54.065861+00,upsert,OK,0,0,0,,2026-07-21 05:04:11.36389+00
10443,2026-07-21 05:03:54.065861+00,gate,OK,0,4,0,"{""rejected_by_corr"": 4}",2026-07-21 05:04:11.35636+00
10442,2026-07-21 05:03:54.065861+00,rank,OK,46,4,4,,2026-07-21 05:04:11.234089+00
10441,2026-07-21 05:03:54.065861+00,state,OK,0,0,4,,2026-07-21 05:04:11.214022+00
10440,2026-07-21 05:03:54.065861+00,scan,OK,11330,5,0,"{""signals_found"": 0, ""symbols_scanned"": 5}",2026-07-21 05:04:11.202092+00
10439,2026-07-21 05:03:54.065861+00,cleanup,OK,10,0,0,"{""expired"": 0}",2026-07-21 05:03:59.794892+00
10438,2026-07-21 05:03:54.065861+00,unknown,OK,4699,0,0,"{""closed"": 0}",2026-07-21 05:03:54.359427+00
10437,2026-07-21 05:03:54.065861+00,pre_flight,OK,198,0,0,,2026-07-21 05:03:54.163236+00
10436,2026-07-21 04:58:37.178681+00,invariants,OK,14,0,0,,2026-07-21 04:58:53.936757+00
10435,2026-07-21 04:58:37.178681+00,snapshot,OK,0,1,1,,2026-07-21 04:58:52.364846+00
10434,2026-07-21 04:58:37.178681+00,upsert,OK,0,0,0,,2026-07-21 04:58:52.346299+00
10433,2026-07-21 04:58:37.178681+00,gate,OK,0,4,0,"{""rejected_by_corr"": 4}",2026-07-21 04:58:52.340153+00
10432,2026-07-21 04:58:37.178681+00,rank,OK,23,4,4,,2026-07-21 04:58:52.248892+00
10431,2026-07-21 04:58:37.178681+00,state,OK,0,0,4,,2026-07-21 04:58:52.22388+00
10430,2026-07-21 04:58:37.178681+00,scan,OK,10931,5,0,"{""signals_found"": 0, ""symbols_scanned"": 5}",2026-07-21 04:58:52.205179+00
10429,2026-07-21 04:58:37.178681+00,cleanup,OK,13,0,0,"{""expired"": 0}",2026-07-21 04:58:41.227274+00
10428,2026-07-21 04:58:37.178681+00,unknown,OK,3780,0,0,"{""closed"": 0}",2026-07-21 04:58:37.4263+00
10427,2026-07-21 04:58:37.178681+00,pre_flight,OK,174,0,0,,2026-07-21 04:58:37.251965+00
10426,2026-07-21 04:53:21.88185+00,invariants,OK,13,0,0,,2026-07-21 04:53:37.094978+00
10425,2026-07-21 04:53:21.88185+00,snapshot,OK,0,1,1,,2026-07-21 04:53:34.95209+00
10424,2026-07-21 04:53:21.88185+00,upsert,OK,0,0,0,,2026-07-21 04:53:34.937542+00
10423,2026-07-21 04:53:21.88185+00,gate,OK,0,4,0,"{""rejected_by_corr"": 4}",2026-07-21 04:53:34.933308+00
10422,2026-07-21 04:53:21.88185+00,rank,OK,21,4,4,,2026-07-21 04:53:34.869196+00
10421,2026-07-21 04:53:21.88185+00,state,OK,0,0,4,,2026-07-21 04:53:34.854161+00
10420,2026-07-21 04:53:21.88185+00,scan,OK,9246,5,0,"{""signals_found"": 0, ""symbols_scanned"": 5}",2026-07-21 04:53:34.845055+00
10419,2026-07-21 04:53:21.88185+00,cleanup,OK,7,0,0,"{""expired"": 0}",2026-07-21 04:53:25.559475+00
10418,2026-07-21 04:53:21.88185+00,unknown,OK,3442,0,0,"{""closed"": 0}",2026-07-21 04:53:22.104044+00
10417,2026-07-21 04:53:21.88185+00,pre_flight,OK,149,0,0,,2026-07-21 04:53:21.948889+00
10416,2026-07-21 04:48:05.473855+00,invariants,OK,12,0,0,,2026-07-21 04:48:21.806161+00
10415,2026-07-21 04:48:05.473855+00,snapshot,OK,0,1,1,,2026-07-21 04:48:20.071062+00
10414,2026-07-21 04:48:05.473855+00,upsert,OK,0,0,0,,2026-07-21 04:48:20.048535+00
10413,2026-07-21 04:48:05.473855+00,gate,OK,0,4,0,"{""rejected_by_corr"": 4}",2026-07-21 04:48:20.041845+00
10412,2026-07-21 04:48:05.473855+00,rank,OK,40,4,4,,2026-07-21 04:48:19.938852+00
10411,2026-07-21 04:48:05.473855+00,state,OK,29,2,4,,2026-07-21 04:48:19.905842+00
10410,2026-07-21 04:48:05.473855+00,scan,OK,10162,5,2,"{""signals_found"": 2, ""symbols_scanned"": 5}",2026-07-21 04:48:19.81288+00
10409,2026-07-21 04:48:05.473855+00,cleanup,OK,17,0,0,"{""expired"": 0}",2026-07-21 04:48:09.600764+00
10408,2026-07-21 04:48:05.473855+00,unknown,OK,3836,0,0,"{""closed"": 0}",2026-07-21 04:48:05.73643+00
10407,2026-07-21 04:48:05.473855+00,pre_flight,OK,154,0,0,,2026-07-21 04:48:05.579289+00
10406,2026-07-21 04:42:48.594143+00,invariants,OK,11,0,0,,2026-07-21 04:43:05.331186+00
10405,2026-07-21 04:42:48.594143+00,snapshot,OK,0,1,1,,2026-07-21 04:43:03.560048+00
10404,2026-07-21 04:42:48.594143+00,upsert,OK,0,0,0,,2026-07-21 04:43:03.538181+00
10403,2026-07-21 04:42:48.594143+00,gate,OK,0,4,0,"{""rejected_by_corr"": 4}",2026-07-21 04:43:03.533173+00
10402,2026-07-21 04:42:48.594143+00,rank,OK,23,4,4,,2026-07-21 04:43:03.424518+00
10401,2026-07-21 04:42:48.594143+00,state,OK,47,2,4,,2026-07-21 04:43:03.401244+00
10400,2026-07-21 04:42:48.594143+00,scan,OK,10354,5,2,"{""signals_found"": 2, ""symbols_scanned"": 5}",2026-07-21 04:43:03.278141+00
10399,2026-07-21 04:42:48.594143+00,cleanup,OK,13,0,0,"{""expired"": 0}",2026-07-21 04:42:52.858853+00
10398,2026-07-21 04:42:48.594143+00,unknown,OK,3952,0,0,"{""closed"": 0}",2026-07-21 04:42:48.878958+00
10397,2026-07-21 04:42:48.594143+00,pre_flight,OK,199,0,0,,2026-07-21 04:42:48.674+00
10396,2026-07-21 04:37:31.335272+00,invariants,OK,9,0,0,,2026-07-21 04:37:48.496334+00
10395,2026-07-21 04:37:31.335272+00,snapshot,OK,0,1,1,,2026-07-21 04:37:46.422375+00
10394,2026-07-21 04:37:31.335272+00,upsert,OK,0,0,0,,2026-07-21 04:37:46.395841+00
10393,2026-07-21 04:37:31.335272+00,gate,OK,0,4,0,"{""rejected_by_corr"": 4}",2026-07-21 04:37:46.387303+00
10392,2026-07-21 04:37:31.335272+00,rank,OK,33,4,4,,2026-07-21 04:37:46.277654+00
10391,2026-07-21 04:37:31.335272+00,state,OK,34,2,4,,2026-07-21 04:37:46.261279+00
10390,2026-07-21 04:37:31.335272+00,scan,OK,10435,5,2,"{""signals_found"": 2, ""symbols_scanned"": 5}",2026-07-21 04:37:46.161385+00
10389,2026-07-21 04:37:31.335272+00,cleanup,OK,9,0,0,"{""expired"": 0}",2026-07-21 04:37:35.635513+00
10388,2026-07-21 04:37:31.335272+00,unknown,OK,4004,0,0,"{""closed"": 0}",2026-07-21 04:37:31.610143+00
10387,2026-07-21 04:37:31.335272+00,pre_flight,OK,192,0,0,,2026-07-21 04:37:31.416341+00
10386,2026-07-21 04:32:14.012848+00,invariants,OK,11,0,0,,2026-07-21 04:32:31.216667+00
10385,2026-07-21 04:32:14.012848+00,snapshot,OK,0,1,1,,2026-07-21 04:32:28.45721+00
10384,2026-07-21 04:32:14.012848+00,upsert,OK,0,0,0,,2026-07-21 04:32:28.437098+00
10383,2026-07-21 04:32:14.012848+00,gate,OK,0,4,0,"{""rejected_by_corr"": 4}",2026-07-21 04:32:28.429241+00
10382,2026-07-21 04:32:14.012848+00,rank,OK,22,4,4,,2026-07-21 04:32:28.322801+00
10381,2026-07-21 04:32:14.012848+00,state,OK,39,2,4,,2026-07-21 04:32:28.307759+00
10380,2026-07-21 04:32:14.012848+00,scan,OK,10251,5,2,"{""signals_found"": 2, ""symbols_scanned"": 5}",2026-07-21 04:32:28.198196+00
10379,2026-07-21 04:32:14.012848+00,cleanup,OK,9,0,0,"{""expired"": 0}",2026-07-21 04:32:17.901958+00
10378,2026-07-21 04:32:14.012848+00,unknown,OK,3588,0,0,"{""closed"": 0}",2026-07-21 04:32:14.298995+00
10377,2026-07-21 04:32:14.012848+00,pre_flight,OK,198,0,0,,2026-07-21 04:32:14.113558+00
10376,2026-07-21 04:26:57.076567+00,invariants,OK,20,0,0,,2026-07-21 04:27:13.890967+00
10375,2026-07-21 04:26:57.076567+00,snapshot,OK,0,1,1,,2026-07-21 04:27:12.047483+00
10374,2026-07-21 04:26:57.076567+00,upsert,OK,0,0,0,,2026-07-21 04:27:12.026243+00
10373,2026-07-21 04:26:57.076567+00,gate,OK,0,4,0,"{""rejected_by_corr"": 4}",2026-07-21 04:27:12.020383+00
10372,2026-07-21 04:26:57.076567+00,rank,OK,37,4,4,,2026-07-21 04:27:11.920443+00
10371,2026-07-21 04:26:57.076567+00,state,OK,59,2,4,,2026-07-21 04:27:11.903867+00
10370,2026-07-21 04:26:57.076567+00,scan,OK,10195,5,2,"{""signals_found"": 2, ""symbols_scanned"": 5}",2026-07-21 04:27:11.767588+00
10369,2026-07-21 04:26:57.076567+00,cleanup,OK,8,0,0,"{""expired"": 0}",2026-07-21 04:27:01.529501+00
10368,2026-07-21 04:26:57.076567+00,unknown,OK,4102,0,0,"{""closed"": 0}",2026-07-21 04:26:57.411713+00
10367,2026-07-21 04:26:57.076567+00,pre_flight,OK,247,0,0,,2026-07-21 04:26:57.167755+00
10366,2026-07-21 04:21:40.676108+00,invariants,OK,11,0,0,,2026-07-21 04:21:56.930062+00
10365,2026-07-21 04:21:40.676108+00,snapshot,OK,0,1,1,,2026-07-21 04:21:55.365319+00
10364,2026-07-21 04:21:40.676108+00,upsert,OK,0,0,0,,2026-07-21 04:21:55.351731+00
10363,2026-07-21 04:21:40.676108+00,gate,OK,0,4,0,"{""rejected_by_corr"": 4}",2026-07-21 04:21:55.347996+00
10362,2026-07-21 04:21:40.676108+00,rank,OK,21,4,4,,2026-07-21 04:21:55.274761+00
10361,2026-07-21 04:21:40.676108+00,state,OK,38,2,4,,2026-07-21 04:21:55.248845+00
10360,2026-07-21 04:21:40.676108+00,scan,OK,10184,5,2,"{""signals_found"": 2, ""symbols_scanned"": 5}",2026-07-21 04:21:55.143093+00
10359,2026-07-21 04:21:40.676108+00,cleanup,OK,4,0,0,"{""expired"": 0}",2026-07-21 04:21:44.90621+00
10358,2026-07-21 04:21:40.676108+00,unknown,OK,3933,0,0,"{""closed"": 0}",2026-07-21 04:21:40.958883+00
10357,2026-07-21 04:21:40.676108+00,pre_flight,OK,159,0,0,,2026-07-21 04:21:40.801753+00
10356,2026-07-21 04:16:23.825438+00,invariants,OK,12,0,0,,2026-07-21 04:16:40.553306+00
10355,2026-07-21 04:16:23.825438+00,snapshot,OK,0,1,1,,2026-07-21 04:16:38.792587+00
10354,2026-07-21 04:16:23.825438+00,upsert,OK,0,0,0,,2026-07-21 04:16:38.777774+00
10353,2026-07-21 04:16:23.825438+00,gate,OK,0,4,0,"{""rejected_by_corr"": 4}",2026-07-21 04:16:38.773771+00
10352,2026-07-21 04:16:23.825438+00,rank,OK,43,4,4,,2026-07-21 04:16:38.664283+00
10351,2026-07-21 04:16:23.825438+00,state,OK,41,2,4,,2026-07-21 04:16:38.636857+00
10350,2026-07-21 04:16:23.825438+00,scan,OK,11000,5,2,"{""signals_found"": 2, ""symbols_scanned"": 5}",2026-07-21 04:16:38.497085+00
10349,2026-07-21 04:16:23.825438+00,cleanup,OK,7,0,0,"{""expired"": 0}",2026-07-21 04:16:27.457014+00
10348,2026-07-21 04:16:23.825438+00,unknown,OK,3333,0,0,"{""closed"": 0}",2026-07-21 04:16:24.109502+00
10347,2026-07-21 04:16:23.825438+00,pre_flight,OK,194,0,0,,2026-07-21 04:16:23.914993+00
10346,2026-07-21 04:11:05.754525+00,invariants,OK,8,0,0,,2026-07-21 04:11:23.68607+00
10345,2026-07-21 04:11:05.754525+00,snapshot,OK,0,1,1,,2026-07-21 04:11:21.457851+00
10344,2026-07-21 04:11:05.754525+00,upsert,OK,0,0,0,,2026-07-21 04:11:21.440564+00
10343,2026-07-21 04:11:05.754525+00,gate,OK,0,4,0,"{""rejected_by_corr"": 4}",2026-07-21 04:11:21.435657+00
10342,2026-07-21 04:11:05.754525+00,rank,OK,27,4,4,,2026-07-21 04:11:21.348484+00
10341,2026-07-21 04:11:05.754525+00,state,OK,40,2,4,,2026-07-21 04:11:21.332195+00
10340,2026-07-21 04:11:05.754525+00,scan,OK,10754,5,2,"{""signals_found"": 2, ""symbols_scanned"": 5}",2026-07-21 04:11:21.218675+00
10339,2026-07-21 04:11:05.754525+00,cleanup,OK,12,0,0,"{""expired"": 0}",2026-07-21 04:11:10.399405+00
10338,2026-07-21 04:11:05.754525+00,unknown,OK,4308,0,0,"{""closed"": 0}",2026-07-21 04:11:06.063931+00
10337,2026-07-21 04:11:05.754525+00,pre_flight,OK,184,0,0,,2026-07-21 04:11:05.866225+00
10336,2026-07-21 04:05:47.934543+00,invariants,OK,10,0,0,,2026-07-21 04:06:05.658082+00
10335,2026-07-21 04:05:47.934543+00,snapshot,OK,0,1,1,,2026-07-21 04:06:03.721429+00
10334,2026-07-21 04:05:47.934543+00,upsert,OK,0,0,0,,2026-07-21 04:06:03.699676+00
10333,2026-07-21 04:05:47.934543+00,gate,OK,0,4,0,"{""rejected_by_corr"": 4}",2026-07-21 04:06:03.689201+00
10332,2026-07-21 04:05:47.934543+00,rank,OK,22,4,4,,2026-07-21 04:06:03.571963+00
10331,2026-07-21 04:05:47.934543+00,state,OK,58,2,4,,2026-07-21 04:06:03.548158+00
10330,2026-07-21 04:05:47.934543+00,scan,OK,11362,5,2,"{""signals_found"": 2, ""symbols_scanned"": 5}",2026-07-21 04:06:03.415033+00
10329,2026-07-21 04:05:47.934543+00,cleanup,OK,11,0,0,"{""expired"": 0}",2026-07-21 04:05:51.990703+00
10328,2026-07-21 04:05:47.934543+00,unknown,OK,3691,0,0,"{""closed"": 0}",2026-07-21 04:05:48.280065+00
10327,2026-07-21 04:05:47.934543+00,pre_flight,OK,242,0,0,,2026-07-21 04:05:48.038953+00
10326,2026-07-21 04:00:28.032504+00,invariants,OK,13,0,0,,2026-07-21 04:00:47.809224+00
10325,2026-07-21 04:00:28.032504+00,snapshot,OK,0,1,1,,2026-07-21 04:00:45.755694+00
10324,2026-07-21 04:00:28.032504+00,upsert,OK,0,0,0,,2026-07-21 04:00:45.713876+00
10323,2026-07-21 04:00:28.032504+00,gate,OK,0,4,0,"{""rejected_by_corr"": 4}",2026-07-21 04:00:45.706259+00
10322,2026-07-21 04:00:28.032504+00,rank,OK,24,4,4,,2026-07-21 04:00:45.598787+00
10321,2026-07-21 04:00:28.032504+00,state,OK,50,2,4,,2026-07-21 04:00:45.574006+00
10320,2026-07-21 04:00:28.032504+00,scan,OK,12429,5,2,"{""signals_found"": 2, ""symbols_scanned"": 5}",2026-07-21 04:00:45.452673+00
10319,2026-07-21 04:00:28.032504+00,cleanup,OK,19,0,0,"{""expired"": 0}",2026-07-21 04:00:32.959415+00
10318,2026-07-21 04:00:28.032504+00,unknown,OK,4662,0,0,"{""closed"": 0}",2026-07-21 04:00:28.258227+00
10317,2026-07-21 04:00:28.032504+00,pre_flight,OK,144,0,0,,2026-07-21 04:00:28.112265+00
10316,2026-07-21 03:55:11.732585+00,invariants,OK,17,0,0,,2026-07-21 03:55:27.882141+00
10315,2026-07-21 03:55:11.732585+00,snapshot,OK,0,1,1,,2026-07-21 03:55:25.307849+00
10314,2026-07-21 03:55:11.732585+00,upsert,OK,0,0,0,,2026-07-21 03:55:25.264932+00
10313,2026-07-21 03:55:11.732585+00,gate,OK,0,4,0,"{""rejected_by_corr"": 4}",2026-07-21 03:55:25.257239+00
10312,2026-07-21 03:55:11.732585+00,rank,OK,34,4,4,,2026-07-21 03:55:25.149876+00
10311,2026-07-21 03:55:11.732585+00,state,OK,74,4,4,,2026-07-21 03:55:25.117645+00
10310,2026-07-21 03:55:11.732585+00,scan,OK,9557,5,4,"{""signals_found"": 4, ""symbols_scanned"": 5}",2026-07-21 03:55:24.937315+00
10309,2026-07-21 03:55:11.732585+00,cleanup,OK,7,0,0,"{""expired"": 0}",2026-07-21 03:55:15.341516+00
10308,2026-07-21 03:55:11.732585+00,unknown,OK,3295,0,0,"{""closed"": 0}",2026-07-21 03:55:12.032853+00
10307,2026-07-21 03:55:11.732585+00,pre_flight,OK,230,0,0,,2026-07-21 03:55:11.797087+00
10306,2026-07-21 03:49:54.763857+00,invariants,OK,16,0,0,,2026-07-21 03:50:10.968675+00
10305,2026-07-21 03:49:54.763857+00,snapshot,OK,0,1,1,,2026-07-21 03:50:08.969726+00
10304,2026-07-21 03:49:54.763857+00,upsert,OK,0,0,0,,2026-07-21 03:50:08.953853+00
10303,2026-07-21 03:49:54.763857+00,gate,OK,0,3,0,"{""rejected_by_corr"": 3}",2026-07-21 03:50:08.949969+00
10302,2026-07-21 03:49:54.763857+00,rank,OK,24,3,3,,2026-07-21 03:50:08.864838+00
10301,2026-07-21 03:49:54.763857+00,state,OK,57,3,3,,2026-07-21 03:50:08.846365+00
10300,2026-07-21 03:49:54.763857+00,scan,OK,9781,5,3,"{""signals_found"": 3, ""symbols_scanned"": 5}",2026-07-21 03:50:08.728856+00
10299,2026-07-21 03:49:54.763857+00,cleanup,OK,4,0,0,"{""expired"": 0}",2026-07-21 03:49:58.915217+00
10298,2026-07-21 03:49:54.763857+00,unknown,OK,3888,0,0,"{""closed"": 0}",2026-07-21 03:49:55.017199+00
10297,2026-07-21 03:49:54.763857+00,pre_flight,OK,186,0,0,,2026-07-21 03:49:54.822233+00
10296,2026-07-21 03:44:38.09637+00,invariants,OK,9,0,0,,2026-07-21 03:44:54.653471+00
10295,2026-07-21 03:44:38.09637+00,snapshot,OK,0,1,1,,2026-07-21 03:44:52.952402+00
10294,2026-07-21 03:44:38.09637+00,upsert,OK,0,0,0,,2026-07-21 03:44:52.930624+00
10293,2026-07-21 03:44:38.09637+00,gate,OK,0,1,0,"{""rejected_by_corr"": 1}",2026-07-21 03:44:52.923184+00
10292,2026-07-21 03:44:38.09637+00,rank,OK,21,1,1,,2026-07-21 03:44:52.877335+00
10291,2026-07-21 03:44:38.09637+00,state,OK,24,1,1,,2026-07-21 03:44:52.860543+00
10290,2026-07-21 03:44:38.09637+00,scan,OK,10464,5,1,"{""signals_found"": 1, ""symbols_scanned"": 5}",2026-07-21 03:44:52.79753+00
10289,2026-07-21 03:44:38.09637+00,cleanup,OK,9,0,0,"{""expired"": 0}",2026-07-21 03:44:42.287107+00
10288,2026-07-21 03:44:38.09637+00,unknown,OK,3928,0,0,"{""closed"": 0}",2026-07-21 03:44:38.339067+00
10287,2026-07-21 03:44:38.09637+00,pre_flight,OK,160,0,0,,2026-07-21 03:44:38.172692+00
10286,2026-07-21 03:39:19.905466+00,invariants,OK,20,0,0,,2026-07-21 03:39:37.980847+00
10285,2026-07-21 03:39:19.905466+00,snapshot,OK,0,1,1,,2026-07-21 03:39:36.093149+00
10284,2026-07-21 03:39:19.905466+00,upsert,OK,0,0,0,,2026-07-21 03:39:36.071299+00
10283,2026-07-21 03:39:19.905466+00,gate,OK,0,0,0,"{""rejected_by_corr"": 0}",2026-07-21 03:39:36.065128+00
10282,2026-07-21 03:39:19.905466+00,rank,OK,10,0,0,,2026-07-21 03:39:36.049451+00
10281,2026-07-21 03:39:19.905466+00,state,OK,0,0,0,,2026-07-21 03:39:36.035761+00
10280,2026-07-21 03:39:19.905466+00,scan,OK,11484,5,0,"{""signals_found"": 0, ""symbols_scanned"": 5}",2026-07-21 03:39:36.025092+00
10279,2026-07-21 03:39:19.905466+00,cleanup,OK,11,0,0,"{""expired"": 0}",2026-07-21 03:39:24.49073+00
10278,2026-07-21 03:39:19.905466+00,unknown,OK,4291,0,0,"{""closed"": 0}",2026-07-21 03:39:20.17439+00
10277,2026-07-21 03:39:19.905466+00,pre_flight,OK,188,0,0,,2026-07-21 03:39:19.987222+00
10276,2026-07-21 03:34:01.914318+00,invariants,OK,17,0,0,,2026-07-21 03:34:19.797507+00
10275,2026-07-21 03:34:01.914318+00,snapshot,OK,0,1,1,,2026-07-21 03:34:18.069373+00
10274,2026-07-21 03:34:01.914318+00,upsert,OK,0,0,0,,2026-07-21 03:34:18.049515+00
10273,2026-07-21 03:34:01.914318+00,gate,OK,0,0,0,"{""rejected_by_corr"": 0}",2026-07-21 03:34:18.041465+00
10272,2026-07-21 03:34:01.914318+00,rank,OK,13,0,0,,2026-07-21 03:34:18.013849+00
10271,2026-07-21 03:34:01.914318+00,state,OK,0,0,0,,2026-07-21 03:34:17.997239+00
10270,2026-07-21 03:34:01.914318+00,scan,OK,11009,5,0,"{""signals_found"": 0, ""symbols_scanned"": 5}",2026-07-21 03:34:17.986645+00
10269,2026-07-21 03:34:01.914318+00,cleanup,OK,6,0,0,"{""expired"": 0}",2026-07-21 03:34:06.932751+00
10268,2026-07-21 03:34:01.914318+00,unknown,OK,4764,0,0,"{""closed"": 0}",2026-07-21 03:34:02.153228+00
10267,2026-07-21 03:34:01.914318+00,pre_flight,OK,160,0,0,,2026-07-21 03:34:01.992845+00
10266,2026-07-21 03:28:44.310076+00,invariants,OK,15,0,0,,2026-07-21 03:29:01.790762+00
10265,2026-07-21 03:28:44.310076+00,snapshot,OK,0,1,1,,2026-07-21 03:28:59.153593+00
10264,2026-07-21 03:28:44.310076+00,upsert,OK,0,0,0,,2026-07-21 03:28:59.133135+00
10263,2026-07-21 03:28:44.310076+00,gate,OK,0,0,0,"{""rejected_by_corr"": 0}",2026-07-21 03:28:59.121092+00
10262,2026-07-21 03:28:44.310076+00,rank,OK,6,0,0,,2026-07-21 03:28:59.10464+00
10261,2026-07-21 03:28:44.310076+00,state,OK,0,0,0,,2026-07-21 03:28:59.087988+00
10260,2026-07-21 03:28:44.310076+00,scan,OK,10004,5,0,"{""signals_found"": 0, ""symbols_scanned"": 5}",2026-07-21 03:28:59.077042+00
10259,2026-07-21 03:28:44.310076+00,cleanup,OK,17,0,0,"{""expired"": 0}",2026-07-21 03:28:49.026434+00
10258,2026-07-21 03:28:44.310076+00,unknown,OK,4444,0,0,"{""closed"": 0}",2026-07-21 03:28:44.554036+00
10257,2026-07-21 03:28:44.310076+00,pre_flight,OK,148,0,0,,2026-07-21 03:28:44.398849+00
10256,2026-07-21 03:23:25.129615+00,invariants,OK,15,0,0,,2026-07-21 03:23:44.189907+00
10255,2026-07-21 03:23:25.129615+00,snapshot,OK,0,1,1,,2026-07-21 03:23:41.791428+00
10254,2026-07-21 03:23:25.129615+00,upsert,OK,0,0,0,,2026-07-21 03:23:41.767739+00
10253,2026-07-21 03:23:25.129615+00,gate,OK,0,0,0,"{""rejected_by_corr"": 0}",2026-07-21 03:23:41.762627+00
10252,2026-07-21 03:23:25.129615+00,rank,OK,9,0,0,,2026-07-21 03:23:41.738444+00
10251,2026-07-21 03:23:25.129615+00,state,OK,0,0,0,,2026-07-21 03:23:41.720676+00
10250,2026-07-21 03:23:25.129615+00,scan,OK,11359,5,0,"{""signals_found"": 0, ""symbols_scanned"": 5}",2026-07-21 03:23:41.712859+00
10249,2026-07-21 03:23:25.129615+00,cleanup,OK,9,0,0,"{""expired"": 0}",2026-07-21 03:23:30.310368+00
10248,2026-07-21 03:23:25.129615+00,unknown,OK,4668,0,0,"{""closed"": 0}",2026-07-21 03:23:25.625614+00
10247,2026-07-21 03:23:25.129615+00,pre_flight,OK,355,0,0,,2026-07-21 03:23:25.278921+00
10246,2026-07-21 03:18:07.922427+00,invariants,OK,18,0,0,,2026-07-21 03:18:24.987686+00
10245,2026-07-21 03:18:07.922427+00,snapshot,OK,0,1,1,,2026-07-21 03:18:23.104968+00
10244,2026-07-21 03:18:07.922427+00,upsert,OK,0,0,0,,2026-07-21 03:18:23.078294+00
10243,2026-07-21 03:18:07.922427+00,gate,OK,0,0,0,"{""rejected_by_corr"": 0}",2026-07-21 03:18:23.074729+00
10242,2026-07-21 03:18:07.922427+00,rank,OK,8,0,0,,2026-07-21 03:18:23.06283+00
10241,2026-07-21 03:18:07.922427+00,state,OK,0,0,0,,2026-07-21 03:18:23.046099+00
10240,2026-07-21 03:18:07.922427+00,scan,OK,10769,5,0,"{""signals_found"": 0, ""symbols_scanned"": 5}",2026-07-21 03:18:23.0366+00
10239,2026-07-21 03:18:07.922427+00,cleanup,OK,10,0,0,"{""expired"": 0}",2026-07-21 03:18:12.226428+00
10238,2026-07-21 03:18:07.922427+00,unknown,OK,4030,0,0,"{""closed"": 0}",2026-07-21 03:18:08.180061+00
10237,2026-07-21 03:18:07.922427+00,pre_flight,OK,169,0,0,,2026-07-21 03:18:08.010365+00
10236,2026-07-21 03:12:49.510889+00,invariants,OK,9,0,0,,2026-07-21 03:13:07.802726+00
10235,2026-07-21 03:12:49.510889+00,snapshot,OK,0,1,1,,2026-07-21 03:13:04.669865+00
10234,2026-07-21 03:12:49.510889+00,upsert,OK,0,0,0,,2026-07-21 03:13:04.654217+00
10233,2026-07-21 03:12:49.510889+00,gate,OK,0,0,0,"{""rejected_by_corr"": 0}",2026-07-21 03:13:04.635389+00
10232,2026-07-21 03:12:49.510889+00,rank,OK,11,0,0,,2026-07-21 03:13:04.623859+00
10231,2026-07-21 03:12:49.510889+00,state,OK,0,0,0,,2026-07-21 03:13:04.605851+00
10230,2026-07-21 03:12:49.510889+00,scan,OK,9995,5,0,"{""signals_found"": 0, ""symbols_scanned"": 5}",2026-07-21 03:13:04.594774+00
10229,2026-07-21 03:12:49.510889+00,cleanup,OK,11,0,0,"{""expired"": 0}",2026-07-21 03:12:54.571391+00
10228,2026-07-21 03:12:49.510889+00,unknown,OK,4662,0,0,"{""closed"": 0}",2026-07-21 03:12:49.887094+00
10227,2026-07-21 03:12:49.510889+00,pre_flight,OK,266,0,0,,2026-07-21 03:12:49.617252+00
10226,2026-07-21 03:07:30.989139+00,invariants,OK,8,0,0,,2026-07-21 03:07:49.361943+00
10225,2026-07-21 03:07:30.989139+00,snapshot,OK,0,1,1,,2026-07-21 03:07:46.924253+00
10224,2026-07-21 03:07:30.989139+00,upsert,OK,0,0,0,,2026-07-21 03:07:46.903737+00
10223,2026-07-21 03:07:30.989139+00,gate,OK,0,0,0,"{""rejected_by_corr"": 0}",2026-07-21 03:07:46.899705+00
10222,2026-07-21 03:07:30.989139+00,rank,OK,10,0,0,,2026-07-21 03:07:46.879444+00
10221,2026-07-21 03:07:30.989139+00,state,OK,0,0,0,,2026-07-21 03:07:46.858729+00
10220,2026-07-21 03:07:30.989139+00,scan,OK,11354,5,0,"{""signals_found"": 0, ""symbols_scanned"": 5}",2026-07-21 03:07:46.843372+00
10219,2026-07-21 03:07:30.989139+00,cleanup,OK,26,0,0,"{""expired"": 0}",2026-07-21 03:07:35.416848+00
10218,2026-07-21 03:07:30.989139+00,unknown,OK,4114,0,0,"{""closed"": 0}",2026-07-21 03:07:31.261031+00
10217,2026-07-21 03:07:30.989139+00,pre_flight,OK,174,0,0,,2026-07-21 03:07:31.092458+00
10216,2026-07-21 03:02:12.110266+00,invariants,OK,9,0,0,,2026-07-21 03:02:30.892161+00
10215,2026-07-21 03:02:12.110266+00,snapshot,OK,0,1,1,,2026-07-21 03:02:28.946386+00
10214,2026-07-21 03:02:12.110266+00,upsert,OK,0,0,0,,2026-07-21 03:02:28.930854+00
10213,2026-07-21 03:02:12.110266+00,gate,OK,0,0,0,"{""rejected_by_corr"": 0}",2026-07-21 03:02:28.924697+00
10212,2026-07-21 03:02:12.110266+00,rank,OK,7,0,0,,2026-07-21 03:02:28.914157+00
10211,2026-07-21 03:02:12.110266+00,state,OK,0,0,0,,2026-07-21 03:02:28.900848+00
10210,2026-07-21 03:02:12.110266+00,scan,OK,11799,5,0,"{""signals_found"": 0, ""symbols_scanned"": 5}",2026-07-21 03:02:28.889764+00
10209,2026-07-21 03:02:12.110266+00,cleanup,OK,6,0,0,"{""expired"": 0}",2026-07-21 03:02:17.044577+00
10208,2026-07-21 03:02:12.110266+00,unknown,OK,4695,0,0,"{""closed"": 0}",2026-07-21 03:02:12.331832+00
10207,2026-07-21 03:02:12.110266+00,pre_flight,OK,142,0,0,,2026-07-21 03:02:12.18943+00
10206,2026-07-21 02:56:55.261331+00,invariants,OK,10,0,0,,2026-07-21 02:57:11.974203+00
10205,2026-07-21 02:56:55.261331+00,snapshot,OK,0,1,1,,2026-07-21 02:57:10.17457+00
10204,2026-07-21 02:56:55.261331+00,upsert,OK,0,0,0,,2026-07-21 02:57:10.145241+00
10203,2026-07-21 02:56:55.261331+00,gate,OK,0,0,0,"{""rejected_by_corr"": 0}",2026-07-21 02:57:10.138688+00
10202,2026-07-21 02:56:55.261331+00,rank,OK,27,0,0,,2026-07-21 02:57:10.102583+00
10201,2026-07-21 02:56:55.261331+00,state,OK,0,0,0,,2026-07-21 02:57:10.076861+00
10200,2026-07-21 02:56:55.261331+00,scan,OK,10972,5,0,"{""signals_found"": 0, ""symbols_scanned"": 5}",2026-07-21 02:57:10.065983+00
10199,2026-07-21 02:56:55.261331+00,cleanup,OK,7,0,0,"{""expired"": 0}",2026-07-21 02:56:59.033353+00
10198,2026-07-21 02:56:55.261331+00,unknown,OK,3499,0,0,"{""closed"": 0}",2026-07-21 02:56:55.514848+00
10197,2026-07-21 02:56:55.261331+00,pre_flight,OK,176,0,0,,2026-07-21 02:56:55.320459+00
10196,2026-07-21 02:51:38.681981+00,invariants,OK,16,0,0,,2026-07-21 02:51:55.105854+00
10195,2026-07-21 02:51:38.681981+00,snapshot,OK,0,1,1,,2026-07-21 02:51:52.983183+00
10194,2026-07-21 02:51:38.681981+00,upsert,OK,0,0,0,,2026-07-21 02:51:52.96637+00
10193,2026-07-21 02:51:38.681981+00,gate,OK,0,0,0,"{""rejected_by_corr"": 0}",2026-07-21 02:51:52.960205+00
10192,2026-07-21 02:51:38.681981+00,rank,OK,7,0,0,,2026-07-21 02:51:52.950461+00
10191,2026-07-21 02:51:38.681981+00,state,OK,0,0,0,,2026-07-21 02:51:52.934909+00
10190,2026-07-21 02:51:38.681981+00,scan,OK,9476,5,0,"{""signals_found"": 0, ""symbols_scanned"": 5}",2026-07-21 02:51:52.925145+00
10189,2026-07-21 02:51:38.681981+00,cleanup,OK,15,0,0,"{""expired"": 0}",2026-07-21 02:51:43.400465+00
10188,2026-07-21 02:51:38.681981+00,unknown,OK,4486,0,0,"{""closed"": 0}",2026-07-21 02:51:38.89137+00
10187,2026-07-21 02:51:38.681981+00,pre_flight,OK,138,0,0,,2026-07-21 02:51:38.741763+00
10186,2026-07-21 02:46:21.591304+00,invariants,OK,10,0,0,,2026-07-21 02:46:38.572415+00
10185,2026-07-21 02:46:21.591304+00,snapshot,OK,0,1,1,,2026-07-21 02:46:36.892145+00
10184,2026-07-21 02:46:21.591304+00,upsert,OK,0,0,0,,2026-07-21 02:46:36.879452+00
10183,2026-07-21 02:46:21.591304+00,gate,OK,0,0,0,"{""rejected_by_corr"": 0}",2026-07-21 02:46:36.871702+00
10182,2026-07-21 02:46:21.591304+00,rank,OK,8,0,0,,2026-07-21 02:46:36.860499+00
10181,2026-07-21 02:46:21.591304+00,state,OK,0,0,0,,2026-07-21 02:46:36.845869+00
10180,2026-07-21 02:46:21.591304+00,scan,OK,10967,5,0,"{""signals_found"": 0, ""symbols_scanned"": 5}",2026-07-21 02:46:36.83656+00
10179,2026-07-21 02:46:21.591304+00,cleanup,OK,6,0,0,"{""expired"": 0}",2026-07-21 02:46:25.829499+00
10178,2026-07-21 02:46:21.591304+00,unknown,OK,3935,0,0,"{""closed"": 0}",2026-07-21 02:46:21.880657+00
10177,2026-07-21 02:46:21.591304+00,pre_flight,OK,204,0,0,,2026-07-21 02:46:21.679288+00
10176,2026-07-21 02:41:03.903856+00,invariants,OK,12,0,0,,2026-07-21 02:41:21.457789+00
10175,2026-07-21 02:41:03.903856+00,snapshot,OK,0,1,1,,2026-07-21 02:41:19.254669+00
10174,2026-07-21 02:41:03.903856+00,upsert,OK,0,0,0,,2026-07-21 02:41:19.23626+00
10173,2026-07-21 02:41:03.903856+00,gate,OK,0,0,0,"{""rejected_by_corr"": 0}",2026-07-21 02:41:19.232104+00
10172,2026-07-21 02:41:03.903856+00,rank,OK,9,0,0,,2026-07-21 02:41:19.211504+00
10171,2026-07-21 02:41:03.903856+00,state,OK,0,0,0,,2026-07-21 02:41:19.195092+00
10170,2026-07-21 02:41:03.903856+00,scan,OK,10547,5,0,"{""signals_found"": 0, ""symbols_scanned"": 5}",2026-07-21 02:41:19.187145+00
10169,2026-07-21 02:41:03.903856+00,cleanup,OK,10,0,0,"{""expired"": 0}",2026-07-21 02:41:08.592846+00
10168,2026-07-21 02:41:03.903856+00,unknown,OK,4411,0,0,"{""closed"": 0}",2026-07-21 02:41:04.16406+00
10167,2026-07-21 02:41:03.903856+00,pre_flight,OK,158,0,0,,2026-07-21 02:41:04.006498+00
10166,2026-07-21 02:35:46.246365+00,invariants,OK,17,0,0,,2026-07-21 02:36:03.787017+00
10165,2026-07-21 02:35:46.246365+00,snapshot,OK,0,1,1,,2026-07-21 02:36:01.902182+00
10164,2026-07-21 02:35:46.246365+00,upsert,OK,0,0,0,,2026-07-21 02:36:01.884476+00
10163,2026-07-21 02:35:46.246365+00,gate,OK,0,0,0,"{""rejected_by_corr"": 0}",2026-07-21 02:36:01.879773+00
10162,2026-07-21 02:35:46.246365+00,rank,OK,7,0,0,,2026-07-21 02:36:01.86868+00
10161,2026-07-21 02:35:46.246365+00,state,OK,0,0,0,,2026-07-21 02:36:01.852677+00
10160,2026-07-21 02:35:46.246365+00,scan,OK,11078,5,0,"{""signals_found"": 0, ""symbols_scanned"": 5}",2026-07-21 02:36:01.847218+00
10159,2026-07-21 02:35:46.246365+00,cleanup,OK,6,0,0,"{""expired"": 0}",2026-07-21 02:35:50.734933+00
10158,2026-07-21 02:35:46.246365+00,unknown,OK,4185,0,0,"{""closed"": 0}",2026-07-21 02:35:46.537919+00
10157,2026-07-21 02:35:46.246365+00,pre_flight,OK,199,0,0,,2026-07-21 02:35:46.338791+00
10156,2026-07-21 02:30:28.673233+00,invariants,OK,22,0,0,,2026-07-21 02:30:46.1314+00
10155,2026-07-21 02:30:28.673233+00,snapshot,OK,0,1,1,,2026-07-21 02:30:44.180929+00
10154,2026-07-21 02:30:28.673233+00,upsert,OK,0,0,0,,2026-07-21 02:30:44.155664+00
10153,2026-07-21 02:30:28.673233+00,gate,OK,0,0,0,"{""rejected_by_corr"": 0}",2026-07-21 02:30:44.145366+00
10152,2026-07-21 02:30:28.673233+00,rank,OK,10,0,0,,2026-07-21 02:30:44.128194+00
10151,2026-07-21 02:30:28.673233+00,state,OK,0,0,0,,2026-07-21 02:30:44.113849+00
10150,2026-07-21 02:30:28.673233+00,scan,OK,10997,5,0,"{""signals_found"": 0, ""symbols_scanned"": 5}",2026-07-21 02:30:44.103207+00
10149,2026-07-21 02:30:28.673233+00,cleanup,OK,13,0,0,"{""expired"": 0}",2026-07-21 02:30:33.049318+00
10148,2026-07-21 02:30:28.673233+00,unknown,OK,4030,0,0,"{""closed"": 0}",2026-07-21 02:30:28.998068+00
10147,2026-07-21 02:30:28.673233+00,pre_flight,OK,249,0,0,,2026-07-21 02:30:28.736043+00
10146,2026-07-21 02:25:12.08751+00,invariants,OK,14,0,0,,2026-07-21 02:25:28.574294+00
10145,2026-07-21 02:25:12.08751+00,snapshot,OK,0,1,1,,2026-07-21 02:25:26.760198+00
10144,2026-07-21 02:25:12.08751+00,upsert,OK,0,0,0,,2026-07-21 02:25:26.742038+00
10143,2026-07-21 02:25:12.08751+00,gate,OK,0,0,0,"{""rejected_by_corr"": 0}",2026-07-21 02:25:26.735625+00
10142,2026-07-21 02:25:12.08751+00,rank,OK,7,0,0,,2026-07-21 02:25:26.722906+00
10141,2026-07-21 02:25:12.08751+00,state,OK,0,0,0,,2026-07-21 02:25:26.705391+00
10140,2026-07-21 02:25:12.08751+00,scan,OK,10382,5,0,"{""signals_found"": 0, ""symbols_scanned"": 5}",2026-07-21 02:25:26.692734+00
10139,2026-07-21 02:25:12.08751+00,cleanup,OK,10,0,0,"{""expired"": 0}",2026-07-21 02:25:16.26777+00
10138,2026-07-21 02:25:12.08751+00,unknown,OK,3832,0,0,"{""closed"": 0}",2026-07-21 02:25:12.4099+00
10137,2026-07-21 02:25:12.08751+00,pre_flight,OK,238,0,0,,2026-07-21 02:25:12.178321+00
10136,2026-07-21 02:19:55.357847+00,invariants,OK,18,0,0,,2026-07-21 02:20:11.963852+00
10135,2026-07-21 02:19:55.357847+00,snapshot,OK,0,1,1,,2026-07-21 02:20:10.244859+00
10134,2026-07-21 02:19:55.357847+00,upsert,OK,0,0,0,,2026-07-21 02:20:10.222554+00
10133,2026-07-21 02:19:55.357847+00,gate,OK,0,0,0,"{""rejected_by_corr"": 0}",2026-07-21 02:20:10.213217+00
10132,2026-07-21 02:19:55.357847+00,rank,OK,13,0,0,,2026-07-21 02:20:10.190313+00
10131,2026-07-21 02:19:55.357847+00,state,OK,0,0,0,,2026-07-21 02:20:10.157911+00
10130,2026-07-21 02:19:55.357847+00,scan,OK,10717,5,0,"{""signals_found"": 0, ""symbols_scanned"": 5}",2026-07-21 02:20:10.127353+00
10129,2026-07-21 02:19:55.357847+00,cleanup,OK,6,0,0,"{""expired"": 0}",2026-07-21 02:19:59.361791+00
10128,2026-07-21 02:19:55.357847+00,unknown,OK,3730,0,0,"{""closed"": 0}",2026-07-21 02:19:55.618656+00
10127,2026-07-21 02:19:55.357847+00,pre_flight,OK,189,0,0,,2026-07-21 02:19:55.424749+00
10126,2026-07-21 02:14:38.049851+00,invariants,OK,17,0,0,,2026-07-21 02:14:55.200278+00
10125,2026-07-21 02:14:38.049851+00,snapshot,OK,0,1,1,,2026-07-21 02:14:53.254305+00
10124,2026-07-21 02:14:38.049851+00,upsert,OK,0,0,0,,2026-07-21 02:14:53.234407+00
10123,2026-07-21 02:14:38.049851+00,gate,OK,0,0,0,"{""rejected_by_corr"": 0}",2026-07-21 02:14:53.227595+00
10122,2026-07-21 02:14:38.049851+00,rank,OK,8,0,0,,2026-07-21 02:14:53.214559+00
10121,2026-07-21 02:14:38.049851+00,state,OK,0,0,0,,2026-07-21 02:14:53.201285+00
10120,2026-07-21 02:14:38.049851+00,scan,OK,10515,5,0,"{""signals_found"": 0, ""symbols_scanned"": 5}",2026-07-21 02:14:53.194125+00
10119,2026-07-21 02:14:38.049851+00,cleanup,OK,8,0,0,"{""expired"": 0}",2026-07-21 02:14:42.634857+00
10118,2026-07-21 02:14:38.049851+00,unknown,OK,4331,0,0,"{""closed"": 0}",2026-07-21 02:14:38.284287+00
10117,2026-07-21 02:14:38.049851+00,pre_flight,OK,158,0,0,,2026-07-21 02:14:38.116738+00
10116,2026-07-21 02:09:18.764035+00,invariants,OK,13,0,0,,2026-07-21 02:09:37.926641+00
10115,2026-07-21 02:09:18.764035+00,snapshot,OK,0,1,1,,2026-07-21 02:09:35.744869+00
10114,2026-07-21 02:09:18.764035+00,upsert,OK,0,0,0,,2026-07-21 02:09:35.722404+00
10113,2026-07-21 02:09:18.764035+00,gate,OK,0,0,0,"{""rejected_by_corr"": 0}",2026-07-21 02:09:35.711405+00
10112,2026-07-21 02:09:18.764035+00,rank,OK,6,0,0,,2026-07-21 02:09:35.694837+00
10111,2026-07-21 02:09:18.764035+00,state,OK,0,0,0,,2026-07-21 02:09:35.675508+00
10110,2026-07-21 02:09:18.764035+00,scan,OK,11886,5,0,"{""signals_found"": 0, ""symbols_scanned"": 5}",2026-07-21 02:09:35.664487+00
10109,2026-07-21 02:09:18.764035+00,cleanup,OK,10,0,0,"{""expired"": 0}",2026-07-21 02:09:23.72133+00
10108,2026-07-21 02:09:18.764035+00,unknown,OK,4647,0,0,"{""closed"": 0}",2026-07-21 02:09:19.050129+00
10107,2026-07-21 02:09:18.764035+00,pre_flight,OK,202,0,0,,2026-07-21 02:09:18.842763+00
10106,2026-07-21 02:04:01.402016+00,invariants,OK,20,0,0,,2026-07-21 02:04:18.648819+00
10105,2026-07-21 02:04:01.402016+00,snapshot,OK,0,1,1,,2026-07-21 02:04:16.951209+00
10104,2026-07-21 02:04:01.402016+00,upsert,OK,0,0,0,,2026-07-21 02:04:16.93197+00
10103,2026-07-21 02:04:01.402016+00,gate,OK,0,0,0,"{""rejected_by_corr"": 0}",2026-07-21 02:04:16.926118+00
10102,2026-07-21 02:04:01.402016+00,rank,OK,7,0,0,,2026-07-21 02:04:16.910921+00
10101,2026-07-21 02:04:01.402016+00,state,OK,0,0,0,,2026-07-21 02:04:16.894164+00
10100,2026-07-21 02:04:01.402016+00,scan,OK,11063,5,0,"{""signals_found"": 0, ""symbols_scanned"": 5}",2026-07-21 02:04:16.8823+00
10099,2026-07-21 02:04:01.402016+00,cleanup,OK,11,0,0,"{""expired"": 0}",2026-07-21 02:04:05.765297+00
10098,2026-07-21 02:04:01.402016+00,unknown,OK,4121,0,0,"{""closed"": 0}",2026-07-21 02:04:01.627843+00
10097,2026-07-21 02:04:01.402016+00,pre_flight,OK,150,0,0,,2026-07-21 02:04:01.474351+00
10096,2026-07-21 01:58:43.460848+00,invariants,OK,29,0,0,,2026-07-21 01:59:01.291882+00
10095,2026-07-21 01:58:43.460848+00,snapshot,OK,0,1,1,,2026-07-21 01:58:58.938201+00
10094,2026-07-21 01:58:43.460848+00,upsert,OK,0,0,0,,2026-07-21 01:58:58.92027+00
10093,2026-07-21 01:58:43.460848+00,gate,OK,0,0,0,"{""rejected_by_corr"": 0}",2026-07-21 01:58:58.91551+00
10092,2026-07-21 01:58:43.460848+00,rank,OK,10,0,0,,2026-07-21 01:58:58.901359+00
10091,2026-07-21 01:58:43.460848+00,state,OK,0,0,0,,2026-07-21 01:58:58.887296+00
10090,2026-07-21 01:58:43.460848+00,scan,OK,11259,5,0,"{""signals_found"": 0, ""symbols_scanned"": 5}",2026-07-21 01:58:58.876017+00
10089,2026-07-21 01:58:43.460848+00,cleanup,OK,4,0,0,"{""expired"": 0}",2026-07-21 01:58:47.564947+00
10088,2026-07-21 01:58:43.460848+00,unknown,OK,3835,0,0,"{""closed"": 0}",2026-07-21 01:58:43.70718+00
10087,2026-07-21 01:58:43.460848+00,pre_flight,OK,170,0,0,,2026-07-21 01:58:43.532385+00
10086,2026-07-21 01:53:26.164254+00,invariants,OK,13,0,0,,2026-07-21 01:53:43.319754+00
10085,2026-07-21 01:53:26.164254+00,snapshot,OK,0,1,1,,2026-07-21 01:53:40.322198+00
10084,2026-07-21 01:53:26.164254+00,upsert,OK,0,0,0,,2026-07-21 01:53:40.294519+00
10083,2026-07-21 01:53:26.164254+00,gate,OK,0,0,0,"{""rejected_by_corr"": 0}",2026-07-21 01:53:40.285632+00
10082,2026-07-21 01:53:26.164254+00,rank,OK,8,0,0,,2026-07-21 01:53:40.271241+00
10081,2026-07-21 01:53:26.164254+00,state,OK,0,0,0,,2026-07-21 01:53:40.255913+00
10080,2026-07-21 01:53:26.164254+00,scan,OK,9832,5,0,"{""signals_found"": 0, ""symbols_scanned"": 5}",2026-07-21 01:53:40.244417+00
10079,2026-07-21 01:53:26.164254+00,cleanup,OK,11,0,0,"{""expired"": 0}",2026-07-21 01:53:30.367276+00
10078,2026-07-21 01:53:26.164254+00,unknown,OK,3910,0,0,"{""closed"": 0}",2026-07-21 01:53:26.429208+00
10077,2026-07-21 01:53:26.164254+00,pre_flight,OK,181,0,0,,2026-07-21 01:53:26.254232+00
10076,2026-07-21 01:48:08.745666+00,invariants,OK,8,0,0,,2026-07-21 01:48:26.057+00
10075,2026-07-21 01:48:08.745666+00,snapshot,OK,0,1,1,,2026-07-21 01:48:23.935163+00
10074,2026-07-21 01:48:08.745666+00,upsert,OK,0,0,0,,2026-07-21 01:48:23.911291+00
10073,2026-07-21 01:48:08.745666+00,gate,OK,0,0,0,"{""rejected_by_corr"": 0}",2026-07-21 01:48:23.901299+00
10072,2026-07-21 01:48:08.745666+00,rank,OK,5,0,0,,2026-07-21 01:48:23.887584+00
10071,2026-07-21 01:48:08.745666+00,state,OK,0,0,0,,2026-07-21 01:48:23.870026+00
10070,2026-07-21 01:48:08.745666+00,scan,OK,10441,5,0,"{""signals_found"": 0, ""symbols_scanned"": 5}",2026-07-21 01:48:23.859504+00
10069,2026-07-21 01:48:08.745666+00,cleanup,OK,6,0,0,"{""expired"": 0}",2026-07-21 01:48:13.386351+00
10068,2026-07-21 01:48:08.745666+00,unknown,OK,4339,0,0,"{""closed"": 0}",2026-07-21 01:48:09.037511+00
10067,2026-07-21 01:48:08.745666+00,pre_flight,OK,199,0,0,,2026-07-21 01:48:08.841826+00
10066,2026-07-21 01:42:52.718851+00,invariants,OK,24,0,0,,2026-07-21 01:43:08.512026+00
10065,2026-07-21 01:42:52.718851+00,snapshot,OK,0,1,1,,2026-07-21 01:43:06.791225+00
10064,2026-07-21 01:42:52.718851+00,upsert,OK,0,0,0,,2026-07-21 01:43:06.775067+00
10063,2026-07-21 01:42:52.718851+00,gate,OK,0,0,0,"{""rejected_by_corr"": 0}",2026-07-21 01:43:06.771957+00
10062,2026-07-21 01:42:52.718851+00,rank,OK,9,0,0,,2026-07-21 01:43:06.759792+00
10061,2026-07-21 01:42:52.718851+00,state,OK,0,0,0,,2026-07-21 01:43:06.734373+00
10060,2026-07-21 01:42:52.718851+00,scan,OK,9567,5,0,"{""signals_found"": 0, ""symbols_scanned"": 5}",2026-07-21 01:43:06.71777+00
10059,2026-07-21 01:42:52.718851+00,cleanup,OK,9,0,0,"{""expired"": 0}",2026-07-21 01:42:57.103395+00
10058,2026-07-21 01:42:52.718851+00,unknown,OK,4127,0,0,"{""closed"": 0}",2026-07-21 01:42:52.957074+00
10057,2026-07-21 01:42:52.718851+00,pre_flight,OK,149,0,0,,2026-07-21 01:42:52.798027+00
10056,2026-07-21 01:37:35.640269+00,invariants,OK,17,0,0,,2026-07-21 01:37:52.611493+00
10055,2026-07-21 01:37:35.640269+00,snapshot,OK,0,1,1,,2026-07-21 01:37:50.424974+00
10054,2026-07-21 01:37:35.640269+00,upsert,OK,0,0,0,,2026-07-21 01:37:50.405112+00
10053,2026-07-21 01:37:35.640269+00,gate,OK,0,0,0,"{""rejected_by_corr"": 0}",2026-07-21 01:37:50.400298+00
10052,2026-07-21 01:37:35.640269+00,rank,OK,12,0,0,,2026-07-21 01:37:50.382395+00
10051,2026-07-21 01:37:35.640269+00,state,OK,0,0,0,,2026-07-21 01:37:50.371054+00
10050,2026-07-21 01:37:35.640269+00,scan,OK,10235,5,0,"{""signals_found"": 0, ""symbols_scanned"": 5}",2026-07-21 01:37:50.361081+00
10049,2026-07-21 01:37:35.640269+00,cleanup,OK,4,0,0,"{""expired"": 0}",2026-07-21 01:37:40.095841+00
10048,2026-07-21 01:37:35.640269+00,unknown,OK,4167,0,0,"{""closed"": 0}",2026-07-21 01:37:35.917521+00
10047,2026-07-21 01:37:35.640269+00,pre_flight,OK,194,0,0,,2026-07-21 01:37:35.716213+00
10046,2026-07-21 01:32:18.455322+00,invariants,OK,9,0,0,,2026-07-21 01:32:35.49687+00
10045,2026-07-21 01:32:18.455322+00,snapshot,OK,0,1,1,,2026-07-21 01:32:33.679634+00
10044,2026-07-21 01:32:18.455322+00,upsert,OK,0,0,0,,2026-07-21 01:32:33.654854+00
10043,2026-07-21 01:32:18.455322+00,gate,OK,0,0,0,"{""rejected_by_corr"": 0}",2026-07-21 01:32:33.648387+00
10042,2026-07-21 01:32:18.455322+00,rank,OK,5,0,0,,2026-07-21 01:32:33.631079+00
10041,2026-07-21 01:32:18.455322+00,state,OK,0,0,0,,2026-07-21 01:32:33.612938+00
10040,2026-07-21 01:32:18.455322+00,scan,OK,10650,5,0,"{""signals_found"": 0, ""symbols_scanned"": 5}",2026-07-21 01:32:33.601211+00
10039,2026-07-21 01:32:18.455322+00,cleanup,OK,9,0,0,"{""expired"": 0}",2026-07-21 01:32:22.900064+00
10038,2026-07-21 01:32:18.455322+00,unknown,OK,4144,0,0,"{""closed"": 0}",2026-07-21 01:32:18.739776+00
10037,2026-07-21 01:32:18.455322+00,pre_flight,OK,196,0,0,,2026-07-21 01:32:18.540526+00
10036,2026-07-21 01:27:02.489256+00,invariants,OK,10,0,0,,2026-07-21 01:27:18.325344+00
10035,2026-07-21 01:27:02.489256+00,snapshot,OK,0,1,1,,2026-07-21 01:27:17.065071+00
10034,2026-07-21 01:27:02.489256+00,upsert,OK,0,0,0,,2026-07-21 01:27:17.048029+00
10033,2026-07-21 01:27:02.489256+00,gate,OK,0,0,0,"{""rejected_by_corr"": 0}",2026-07-21 01:27:17.04069+00
10032,2026-07-21 01:27:02.489256+00,rank,OK,5,0,0,,2026-07-21 01:27:17.028256+00
10031,2026-07-21 01:27:02.489256+00,state,OK,0,0,0,,2026-07-21 01:27:17.013497+00
10030,2026-07-21 01:27:02.489256+00,scan,OK,10135,5,0,"{""signals_found"": 0, ""symbols_scanned"": 5}",2026-07-21 01:27:17.002324+00
10029,2026-07-21 01:27:02.489256+00,cleanup,OK,10,0,0,"{""expired"": 0}",2026-07-21 01:27:06.824191+00
10028,2026-07-21 01:27:02.489256+00,unknown,OK,4066,0,0,"{""closed"": 0}",2026-07-21 01:27:02.737996+00
10027,2026-07-21 01:27:02.489256+00,pre_flight,OK,174,0,0,,2026-07-21 01:27:02.566519+00
10026,2026-07-21 01:21:45.540132+00,invariants,OK,10,0,0,,2026-07-21 01:22:02.37646+00
10025,2026-07-21 01:21:45.540132+00,snapshot,OK,0,1,1,,2026-07-21 01:22:00.466854+00
10024,2026-07-21 01:21:45.540132+00,upsert,OK,0,0,0,,2026-07-21 01:22:00.446987+00
10023,2026-07-21 01:21:45.540132+00,gate,OK,0,0,0,"{""rejected_by_corr"": 0}",2026-07-21 01:22:00.439361+00
10022,2026-07-21 01:21:45.540132+00,rank,OK,11,0,0,,2026-07-21 01:22:00.42369+00
10021,2026-07-21 01:21:45.540132+00,state,OK,0,0,0,,2026-07-21 01:22:00.407671+00
10020,2026-07-21 01:21:45.540132+00,scan,OK,10748,5,0,"{""signals_found"": 0, ""symbols_scanned"": 5}",2026-07-21 01:22:00.397009+00
10019,2026-07-21 01:21:45.540132+00,cleanup,OK,9,0,0,"{""expired"": 0}",2026-07-21 01:21:49.59122+00
10018,2026-07-21 01:21:45.540132+00,unknown,OK,3753,0,0,"{""closed"": 0}",2026-07-21 01:21:45.823364+00
10017,2026-07-21 01:21:45.540132+00,pre_flight,OK,203,0,0,,2026-07-21 01:21:45.620422+00
10016,2026-07-21 01:16:28.407701+00,invariants,OK,8,0,0,,2026-07-21 01:16:45.432279+00
10015,2026-07-21 01:16:28.407701+00,snapshot,OK,0,1,1,,2026-07-21 01:16:43.670833+00
10014,2026-07-21 01:16:28.407701+00,upsert,OK,0,0,0,,2026-07-21 01:16:43.634395+00
10013,2026-07-21 01:16:28.407701+00,gate,OK,0,0,0,"{""rejected_by_corr"": 0}",2026-07-21 01:16:43.629593+00
10012,2026-07-21 01:16:28.407701+00,rank,OK,9,0,0,,2026-07-21 01:16:43.615948+00
10011,2026-07-21 01:16:28.407701+00,state,OK,0,0,0,,2026-07-21 01:16:43.602154+00
10010,2026-07-21 01:16:28.407701+00,scan,OK,10445,5,0,"{""signals_found"": 0, ""symbols_scanned"": 5}",2026-07-21 01:16:43.592079+00
10009,2026-07-21 01:16:28.407701+00,cleanup,OK,7,0,0,"{""expired"": 0}",2026-07-21 01:16:33.111537+00
10008,2026-07-21 01:16:28.407701+00,unknown,OK,4336,0,0,"{""closed"": 0}",2026-07-21 01:16:28.762011+00
10007,2026-07-21 01:16:28.407701+00,pre_flight,OK,274,0,0,,2026-07-21 01:16:28.494283+00
10006,2026-07-21 01:11:10.238456+00,invariants,OK,9,0,0,,2026-07-21 01:11:28.276928+00
10005,2026-07-21 01:11:10.238456+00,snapshot,OK,0,1,1,,2026-07-21 01:11:26.488175+00
10004,2026-07-21 01:11:10.238456+00,upsert,OK,0,0,0,,2026-07-21 01:11:26.469271+00
10003,2026-07-21 01:11:10.238456+00,gate,OK,0,0,0,"{""rejected_by_corr"": 0}",2026-07-21 01:11:26.464843+00
10002,2026-07-21 01:11:10.238456+00,rank,OK,4,0,0,,2026-07-21 01:11:26.444828+00
10001,2026-07-21 01:11:10.238456+00,state,OK,0,0,0,,2026-07-21 01:11:26.425962+00
10000,2026-07-21 01:11:10.238456+00,scan,OK,11547,5,0,"{""signals_found"": 0, ""symbols_scanned"": 5}",2026-07-21 01:11:26.415696+00
9999,2026-07-21 01:11:10.238456+00,cleanup,OK,9,0,0,"{""expired"": 0}",2026-07-21 01:11:14.827573+00
9998,2026-07-21 01:11:10.238456+00,unknown,OK,4208,0,0,"{""closed"": 0}",2026-07-21 01:11:10.601911+00
9997,2026-07-21 01:11:10.238456+00,pre_flight,OK,263,0,0,,2026-07-21 01:11:10.344194+00
9996,2026-07-21 01:05:52.854363+00,invariants,OK,21,0,0,,2026-07-21 01:06:10.05385+00
9995,2026-07-21 01:05:52.854363+00,snapshot,OK,0,1,1,,2026-07-21 01:06:08.649201+00
9994,2026-07-21 01:05:52.854363+00,upsert,OK,0,0,0,,2026-07-21 01:06:08.623369+00
9993,2026-07-21 01:05:52.854363+00,gate,OK,0,0,0,"{""rejected_by_corr"": 0}",2026-07-21 01:06:08.618329+00
9992,2026-07-21 01:05:52.854363+00,rank,OK,10,0,0,,2026-07-21 01:06:08.601086+00
9991,2026-07-21 01:05:52.854363+00,state,OK,0,0,0,,2026-07-21 01:06:08.578758+00
9990,2026-07-21 01:05:52.854363+00,scan,OK,11014,5,0,"{""signals_found"": 0, ""symbols_scanned"": 5}",2026-07-21 01:06:08.567916+00
9989,2026-07-21 01:05:52.854363+00,cleanup,OK,10,0,0,"{""expired"": 0}",2026-07-21 01:05:57.514124+00
9988,2026-07-21 01:05:52.854363+00,unknown,OK,4348,0,0,"{""closed"": 0}",2026-07-21 01:05:53.14879+00
9987,2026-07-21 01:05:52.854363+00,pre_flight,OK,196,0,0,,2026-07-21 01:05:52.943669+00
9986,2026-07-21 01:00:33.691573+00,invariants,OK,25,0,0,,2026-07-21 01:00:52.746423+00
9985,2026-07-21 01:00:33.691573+00,snapshot,OK,0,1,1,,2026-07-21 01:00:48.682749+00
9984,2026-07-21 01:00:33.691573+00,upsert,OK,0,0,0,,2026-07-21 01:00:48.664495+00
9983,2026-07-21 01:00:33.691573+00,gate,OK,0,0,0,"{""rejected_by_corr"": 0}",2026-07-21 01:00:48.658858+00
9982,2026-07-21 01:00:33.691573+00,rank,OK,11,0,0,,2026-07-21 01:00:48.640558+00
9981,2026-07-21 01:00:33.691573+00,state,OK,0,0,0,,2026-07-21 01:00:48.627911+00
9980,2026-07-21 01:00:33.691573+00,scan,OK,9866,5,0,"{""signals_found"": 0, ""symbols_scanned"": 5}",2026-07-21 01:00:48.614417+00
9979,2026-07-21 01:00:33.691573+00,cleanup,OK,22,0,0,"{""expired"": 0}",2026-07-21 01:00:38.680637+00
9978,2026-07-21 01:00:33.691573+00,unknown,OK,4592,0,0,"{""closed"": 0}",2026-07-21 01:00:34.053987+00
9977,2026-07-21 01:00:33.691573+00,pre_flight,OK,289,0,0,,2026-07-21 01:00:33.747427+00
9976,2026-07-21 00:55:16.83735+00,invariants,OK,14,0,0,,2026-07-21 00:55:33.57827+00
9975,2026-07-21 00:55:16.83735+00,snapshot,OK,0,1,1,,2026-07-21 00:55:32.282664+00
9974,2026-07-21 00:55:16.83735+00,upsert,OK,0,0,0,,2026-07-21 00:55:32.26411+00
9973,2026-07-21 00:55:16.83735+00,gate,OK,0,0,0,"{""rejected_by_corr"": 0}",2026-07-21 00:55:32.260237+00
9972,2026-07-21 00:55:16.83735+00,rank,OK,7,0,0,,2026-07-21 00:55:32.24898+00
9971,2026-07-21 00:55:16.83735+00,state,OK,0,0,0,,2026-07-21 00:55:32.235694+00
9970,2026-07-21 00:55:16.83735+00,scan,OK,11288,5,0,"{""signals_found"": 0, ""symbols_scanned"": 5}",2026-07-21 00:55:32.223091+00
9969,2026-07-21 00:55:16.83735+00,cleanup,OK,9,0,0,"{""expired"": 0}",2026-07-21 00:55:20.902386+00
9968,2026-07-21 00:55:16.83735+00,unknown,OK,3756,0,0,"{""closed"": 0}",2026-07-21 00:55:17.132626+00
9967,2026-07-21 00:55:16.83735+00,pre_flight,OK,205,0,0,,2026-07-21 00:55:16.925516+00
9966,2026-07-21 00:49:58.909915+00,invariants,OK,14,0,0,,2026-07-21 00:50:16.683637+00
9965,2026-07-21 00:49:58.909915+00,snapshot,OK,0,1,1,,2026-07-21 00:50:15.3032+00
9964,2026-07-21 00:49:58.909915+00,upsert,OK,0,0,0,,2026-07-21 00:50:15.281163+00
9963,2026-07-21 00:49:58.909915+00,gate,OK,0,0,0,"{""rejected_by_corr"": 0}",2026-07-21 00:50:15.276043+00
9962,2026-07-21 00:49:58.909915+00,rank,OK,8,0,0,,2026-07-21 00:50:15.259329+00
9961,2026-07-21 00:49:58.909915+00,state,OK,0,0,0,,2026-07-21 00:50:15.247766+00
9960,2026-07-21 00:49:58.909915+00,scan,OK,11710,5,0,"{""signals_found"": 0, ""symbols_scanned"": 5}",2026-07-21 00:50:15.231936+00
9959,2026-07-21 00:49:58.909915+00,cleanup,OK,15,0,0,"{""expired"": 0}",2026-07-21 00:50:03.468853+00
9958,2026-07-21 00:49:58.909915+00,unknown,OK,4261,0,0,"{""closed"": 0}",2026-07-21 00:49:59.177716+00
9957,2026-07-21 00:49:58.909915+00,pre_flight,OK,203,0,0,,2026-07-21 00:49:58.970088+00
9956,2026-07-21 00:44:41.236012+00,invariants,OK,20,0,0,,2026-07-21 00:44:58.800248+00
9955,2026-07-21 00:44:41.236012+00,snapshot,OK,0,1,1,,2026-07-21 00:44:57.070141+00
9954,2026-07-21 00:44:41.236012+00,upsert,OK,0,0,0,,2026-07-21 00:44:57.033556+00
9953,2026-07-21 00:44:41.236012+00,gate,OK,0,0,0,"{""rejected_by_corr"": 0}",2026-07-21 00:44:57.020494+00
9952,2026-07-21 00:44:41.236012+00,rank,OK,7,0,0,,2026-07-21 00:44:57.003949+00
9951,2026-07-21 00:44:41.236012+00,state,OK,0,0,0,,2026-07-21 00:44:56.982328+00
9950,2026-07-21 00:44:41.236012+00,scan,OK,11306,5,0,"{""signals_found"": 0, ""symbols_scanned"": 5}",2026-07-21 00:44:56.969728+00
9949,2026-07-21 00:44:41.236012+00,cleanup,OK,8,0,0,"{""expired"": 0}",2026-07-21 00:44:45.638056+00
9948,2026-07-21 00:44:41.236012+00,unknown,OK,4140,0,0,"{""closed"": 0}",2026-07-21 00:44:41.486367+00
9947,2026-07-21 00:44:41.236012+00,pre_flight,OK,164,0,0,,2026-07-21 00:44:41.323683+00
9946,2026-07-21 00:39:22.250453+00,invariants,OK,16,0,0,,2026-07-21 00:39:41.130693+00
9945,2026-07-21 00:39:22.250453+00,snapshot,OK,0,1,1,,2026-07-21 00:39:39.263373+00
9944,2026-07-21 00:39:22.250453+00,upsert,OK,0,0,0,,2026-07-21 00:39:39.246556+00
9943,2026-07-21 00:39:22.250453+00,gate,OK,0,0,0,"{""rejected_by_corr"": 0}",2026-07-21 00:39:39.243435+00
9942,2026-07-21 00:39:22.250453+00,rank,OK,8,0,0,,2026-07-21 00:39:39.23292+00
9941,2026-07-21 00:39:22.250453+00,state,OK,0,0,0,,2026-07-21 00:39:39.218925+00
9940,2026-07-21 00:39:22.250453+00,scan,OK,11145,5,0,"{""signals_found"": 0, ""symbols_scanned"": 5}",2026-07-21 00:39:39.21078+00
9939,2026-07-21 00:39:22.250453+00,cleanup,OK,11,0,0,"{""expired"": 0}",2026-07-21 00:39:28.014852+00
9938,2026-07-21 00:39:22.250453+00,unknown,OK,5321,0,0,"{""closed"": 0}",2026-07-21 00:39:22.672019+00
9937,2026-07-21 00:39:22.250453+00,pre_flight,OK,284,0,0,,2026-07-21 00:39:22.383301+00
9936,2026-07-21 00:34:03.957313+00,invariants,OK,13,0,0,,2026-07-21 00:34:22.131888+00
9935,2026-07-21 00:34:03.957313+00,snapshot,OK,0,1,1,,2026-07-21 00:34:20.476851+00
9934,2026-07-21 00:34:03.957313+00,upsert,OK,0,0,0,,2026-07-21 00:34:20.457825+00
9933,2026-07-21 00:34:03.957313+00,gate,OK,0,0,0,"{""rejected_by_corr"": 0}",2026-07-21 00:34:20.453577+00
9932,2026-07-21 00:34:03.957313+00,rank,OK,7,0,0,,2026-07-21 00:34:20.439204+00
9931,2026-07-21 00:34:03.957313+00,state,OK,0,0,0,,2026-07-21 00:34:20.423609+00
9930,2026-07-21 00:34:03.957313+00,scan,OK,10908,5,0,"{""signals_found"": 0, ""symbols_scanned"": 5}",2026-07-21 00:34:20.407504+00
9929,2026-07-21 00:34:03.957313+00,cleanup,OK,14,0,0,"{""expired"": 0}",2026-07-21 00:34:09.438251+00
9928,2026-07-21 00:34:03.957313+00,unknown,OK,5091,0,0,"{""closed"": 0}",2026-07-21 00:34:04.317502+00
9927,2026-07-21 00:34:03.957313+00,pre_flight,OK,277,0,0,,2026-07-21 00:34:04.039262+00
9926,2026-07-21 00:28:45.34786+00,invariants,OK,18,0,0,,2026-07-21 00:29:03.854073+00
9925,2026-07-21 00:28:45.34786+00,snapshot,OK,0,1,1,,2026-07-21 00:29:01.993364+00
9924,2026-07-21 00:28:45.34786+00,upsert,OK,0,0,0,,2026-07-21 00:29:01.972226+00
9923,2026-07-21 00:28:45.34786+00,gate,OK,0,0,0,"{""rejected_by_corr"": 0}",2026-07-21 00:29:01.967727+00
9922,2026-07-21 00:28:45.34786+00,rank,OK,7,0,0,,2026-07-21 00:29:01.947104+00
9921,2026-07-21 00:28:45.34786+00,state,OK,0,0,0,,2026-07-21 00:29:01.921268+00
9920,2026-07-21 00:28:45.34786+00,scan,OK,12506,5,0,"{""signals_found"": 0, ""symbols_scanned"": 5}",2026-07-21 00:29:01.908412+00
9919,2026-07-21 00:28:45.34786+00,cleanup,OK,7,0,0,"{""expired"": 0}",2026-07-21 00:28:49.357201+00
9918,2026-07-21 00:28:45.34786+00,unknown,OK,3664,0,0,"{""closed"": 0}",2026-07-21 00:28:45.676854+00
9917,2026-07-21 00:28:45.34786+00,pre_flight,OK,190,0,0,,2026-07-21 00:28:45.50765+00
9916,2026-07-21 00:23:26.045535+00,invariants,OK,20,0,0,,2026-07-21 00:23:45.184866+00
9915,2026-07-21 00:23:26.045535+00,snapshot,OK,0,1,1,,2026-07-21 00:23:43.370336+00
9914,2026-07-21 00:23:26.045535+00,upsert,OK,0,0,0,,2026-07-21 00:23:43.351007+00
9913,2026-07-21 00:23:26.045535+00,gate,OK,0,0,0,"{""rejected_by_corr"": 0}",2026-07-21 00:23:43.338688+00
9912,2026-07-21 00:23:26.045535+00,rank,OK,7,0,0,,2026-07-21 00:23:43.323889+00
9911,2026-07-21 00:23:26.045535+00,state,OK,0,0,0,,2026-07-21 00:23:43.304878+00
9910,2026-07-21 00:23:26.045535+00,scan,OK,12461,5,0,"{""signals_found"": 0, ""symbols_scanned"": 5}",2026-07-21 00:23:43.286322+00
9909,2026-07-21 00:23:26.045535+00,cleanup,OK,8,0,0,"{""expired"": 0}",2026-07-21 00:23:30.788248+00
9908,2026-07-21 00:23:26.045535+00,unknown,OK,4391,0,0,"{""closed"": 0}",2026-07-21 00:23:26.384144+00
9907,2026-07-21 00:23:26.045535+00,pre_flight,OK,185,0,0,,2026-07-21 00:23:26.201456+00
9906,2026-07-21 00:18:08.528318+00,invariants,OK,32,0,0,,2026-07-21 00:18:25.916005+00
9905,2026-07-21 00:18:08.528318+00,snapshot,OK,0,1,1,,2026-07-21 00:18:23.652142+00
9904,2026-07-21 00:18:08.528318+00,upsert,OK,0,0,0,,2026-07-21 00:18:23.634273+00
9903,2026-07-21 00:18:08.528318+00,gate,OK,0,0,0,"{""rejected_by_corr"": 0}",2026-07-21 00:18:23.622486+00
9902,2026-07-21 00:18:08.528318+00,rank,OK,19,0,0,,2026-07-21 00:18:23.595238+00
9901,2026-07-21 00:18:08.528318+00,state,OK,0,0,0,,2026-07-21 00:18:23.572205+00
9900,2026-07-21 00:18:08.528318+00,scan,OK,11643,5,0,"{""signals_found"": 0, ""symbols_scanned"": 5}",2026-07-21 00:18:23.559859+00
9899,2026-07-21 00:18:08.528318+00,cleanup,OK,7,0,0,"{""expired"": 0}",2026-07-21 00:18:11.878745+00
9898,2026-07-21 00:18:08.528318+00,unknown,OK,3149,0,0,"{""closed"": 0}",2026-07-21 00:18:08.71275+00
9897,2026-07-21 00:18:08.528318+00,pre_flight,OK,116,0,0,,2026-07-21 00:18:08.592981+00
9896,2026-07-21 00:12:50.566802+00,invariants,OK,19,0,0,,2026-07-21 00:13:08.38221+00
9895,2026-07-21 00:12:50.566802+00,snapshot,OK,0,1,1,,2026-07-21 00:13:06.858484+00
9894,2026-07-21 00:12:50.566802+00,upsert,OK,0,0,0,,2026-07-21 00:13:06.842303+00
9893,2026-07-21 00:12:50.566802+00,gate,OK,0,0,0,"{""rejected_by_corr"": 0}",2026-07-21 00:13:06.833244+00
9892,2026-07-21 00:12:50.566802+00,rank,OK,8,0,0,,2026-07-21 00:13:06.818619+00
9891,2026-07-21 00:12:50.566802+00,state,OK,0,0,0,,2026-07-21 00:13:06.791966+00
9890,2026-07-21 00:12:50.566802+00,scan,OK,11173,5,0,"{""signals_found"": 0, ""symbols_scanned"": 5}",2026-07-21 00:13:06.775292+00
9889,2026-07-21 00:12:50.566802+00,cleanup,OK,11,0,0,"{""expired"": 0}",2026-07-21 00:12:55.522699+00
9888,2026-07-21 00:12:50.566802+00,unknown,OK,4684,0,0,"{""closed"": 0}",2026-07-21 00:12:50.818944+00
9887,2026-07-21 00:12:50.566802+00,pre_flight,OK,177,0,0,,2026-07-21 00:12:50.635798+00
9886,2026-07-21 00:07:34.599861+00,invariants,OK,25,0,0,,2026-07-21 00:07:50.388074+00
9885,2026-07-21 00:07:34.599861+00,snapshot,OK,0,1,1,,2026-07-21 00:07:48.666213+00
9884,2026-07-21 00:07:34.599861+00,upsert,OK,0,0,0,,2026-07-21 00:07:48.632213+00
9883,2026-07-21 00:07:34.599861+00,gate,OK,0,0,0,"{""rejected_by_corr"": 0}",2026-07-21 00:07:48.617611+00
9882,2026-07-21 00:07:34.599861+00,rank,OK,10,0,0,,2026-07-21 00:07:48.604662+00
9881,2026-07-21 00:07:34.599861+00,state,OK,0,0,0,,2026-07-21 00:07:48.581842+00
9880,2026-07-21 00:07:34.599861+00,scan,OK,9671,5,0,"{""signals_found"": 0, ""symbols_scanned"": 5}",2026-07-21 00:07:48.563381+00
9879,2026-07-21 00:07:34.599861+00,cleanup,OK,9,0,0,"{""expired"": 0}",2026-07-21 00:07:38.846408+00
9878,2026-07-21 00:07:34.599861+00,unknown,OK,3973,0,0,"{""closed"": 0}",2026-07-21 00:07:34.858196+00
9877,2026-07-21 00:07:34.599861+00,pre_flight,OK,160,0,0,,2026-07-21 00:07:34.690235+00
9876,2026-07-21 00:02:18.080607+00,invariants,OK,9,0,0,,2026-07-21 00:02:34.488249+00
9875,2026-07-21 00:02:18.080607+00,snapshot,OK,0,1,1,,2026-07-21 00:02:33.147018+00
9874,2026-07-21 00:02:18.080607+00,upsert,OK,0,0,0,,2026-07-21 00:02:33.124479+00
9873,2026-07-21 00:02:18.080607+00,gate,OK,0,0,0,"{""rejected_by_corr"": 0}",2026-07-21 00:02:33.11805+00
9872,2026-07-21 00:02:18.080607+00,rank,OK,10,0,0,,2026-07-21 00:02:33.093539+00
9871,2026-07-21 00:02:18.080607+00,state,OK,0,0,0,,2026-07-21 00:02:33.078009+00
9870,2026-07-21 00:02:18.080607+00,scan,OK,10631,5,0,"{""signals_found"": 0, ""symbols_scanned"": 5}",2026-07-21 00:02:33.064297+00
9869,2026-07-21 00:02:18.080607+00,cleanup,OK,7,0,0,"{""expired"": 0}",2026-07-21 00:02:22.387584+00
9868,2026-07-21 00:02:18.080607+00,unknown,OK,3962,0,0,"{""closed"": 0}",2026-07-21 00:02:18.408195+00
9867,2026-07-21 00:02:18.080607+00,pre_flight,OK,234,0,0,,2026-07-21 00:02:18.175942+00
9866,2026-07-20 23:57:01.378232+00,invariants,OK,26,0,0,,2026-07-20 23:57:17.938797+00
9865,2026-07-20 23:57:01.378232+00,snapshot,OK,0,1,1,,2026-07-20 23:57:16.151097+00
9864,2026-07-20 23:57:01.378232+00,upsert,OK,0,0,0,,2026-07-20 23:57:16.133303+00
9863,2026-07-20 23:57:01.378232+00,gate,OK,0,0,0,"{""rejected_by_corr"": 0}",2026-07-20 23:57:16.130109+00
9862,2026-07-20 23:57:01.378232+00,rank,OK,8,0,0,,2026-07-20 23:57:16.1119+00
9861,2026-07-20 23:57:01.378232+00,state,OK,0,0,0,,2026-07-20 23:57:16.09585+00
9860,2026-07-20 23:57:01.378232+00,scan,OK,9978,5,0,"{""signals_found"": 0, ""symbols_scanned"": 5}",2026-07-20 23:57:16.089664+00
9859,2026-07-20 23:57:01.378232+00,cleanup,OK,7,0,0,"{""expired"": 0}",2026-07-20 23:57:06.054611+00
9858,2026-07-20 23:57:01.378232+00,unknown,OK,4362,0,0,"{""closed"": 0}",2026-07-20 23:57:01.67687+00
9857,2026-07-20 23:57:01.378232+00,pre_flight,OK,199,0,0,,2026-07-20 23:57:01.474999+00
9856,2026-07-20 23:51:44.635822+00,invariants,OK,13,0,0,,2026-07-20 23:52:01.228862+00
9855,2026-07-20 23:51:44.635822+00,snapshot,OK,0,1,1,,2026-07-20 23:51:59.402447+00
9854,2026-07-20 23:51:44.635822+00,upsert,OK,0,0,0,,2026-07-20 23:51:59.375779+00
9853,2026-07-20 23:51:44.635822+00,gate,OK,0,0,0,"{""rejected_by_corr"": 0}",2026-07-20 23:51:59.367118+00
9852,2026-07-20 23:51:44.635822+00,rank,OK,5,0,0,,2026-07-20 23:51:59.352328+00
9851,2026-07-20 23:51:44.635822+00,state,OK,0,0,0,,2026-07-20 23:51:59.332192+00
9850,2026-07-20 23:51:44.635822+00,scan,OK,10253,5,0,"{""signals_found"": 0, ""symbols_scanned"": 5}",2026-07-20 23:51:59.316861+00
9849,2026-07-20 23:51:44.635822+00,cleanup,OK,7,0,0,"{""expired"": 0}",2026-07-20 23:51:49.021792+00
9848,2026-07-20 23:51:44.635822+00,unknown,OK,4123,0,0,"{""closed"": 0}",2026-07-20 23:51:44.886626+00
9847,2026-07-20 23:51:44.635822+00,pre_flight,OK,160,0,0,,2026-07-20 23:51:44.728952+00
9846,2026-07-20 23:46:27.324296+00,invariants,OK,14,0,0,,2026-07-20 23:46:44.520322+00
9845,2026-07-20 23:46:27.324296+00,snapshot,OK,0,1,1,,2026-07-20 23:46:42.829817+00
9844,2026-07-20 23:46:27.324296+00,upsert,OK,0,0,0,,2026-07-20 23:46:42.805846+00
9843,2026-07-20 23:46:27.324296+00,gate,OK,0,0,0,"{""rejected_by_corr"": 0}",2026-07-20 23:46:42.794644+00
9842,2026-07-20 23:46:27.324296+00,rank,OK,6,0,0,,2026-07-20 23:46:42.776625+00
9841,2026-07-20 23:46:27.324296+00,state,OK,0,0,0,,2026-07-20 23:46:42.755099+00
9840,2026-07-20 23:46:27.324296+00,scan,OK,10793,5,0,"{""signals_found"": 0, ""symbols_scanned"": 5}",2026-07-20 23:46:42.744113+00
9839,2026-07-20 23:46:27.324296+00,cleanup,OK,7,0,0,"{""expired"": 0}",2026-07-20 23:46:31.911646+00
9838,2026-07-20 23:46:27.324296+00,unknown,OK,4268,0,0,"{""closed"": 0}",2026-07-20 23:46:27.629303+00
9837,2026-07-20 23:46:27.324296+00,pre_flight,OK,221,0,0,,2026-07-20 23:46:27.410202+00
9836,2026-07-20 23:41:11.434402+00,invariants,OK,13,0,0,,2026-07-20 23:41:27.217452+00
9835,2026-07-20 23:41:11.434402+00,snapshot,OK,0,1,1,,2026-07-20 23:41:25.451763+00
9834,2026-07-20 23:41:11.434402+00,upsert,OK,0,0,0,,2026-07-20 23:41:25.435918+00
9833,2026-07-20 23:41:11.434402+00,gate,OK,0,0,0,"{""rejected_by_corr"": 0}",2026-07-20 23:41:25.431502+00
9832,2026-07-20 23:41:11.434402+00,rank,OK,8,0,0,,2026-07-20 23:41:25.419927+00
9831,2026-07-20 23:41:11.434402+00,state,OK,0,0,0,,2026-07-20 23:41:25.402846+00
9830,2026-07-20 23:41:11.434402+00,scan,OK,10052,5,0,"{""signals_found"": 0, ""symbols_scanned"": 5}",2026-07-20 23:41:25.390933+00
9829,2026-07-20 23:41:11.434402+00,cleanup,OK,12,0,0,"{""expired"": 0}",2026-07-20 23:41:15.301563+00
9828,2026-07-20 23:41:11.434402+00,unknown,OK,3633,0,0,"{""closed"": 0}",2026-07-20 23:41:11.649241+00
9827,2026-07-20 23:41:11.434402+00,pre_flight,OK,154,0,0,,2026-07-20 23:41:11.490881+00
9826,2026-07-20 23:35:55.536845+00,invariants,OK,14,0,0,,2026-07-20 23:36:11.319437+00
9825,2026-07-20 23:35:55.536845+00,snapshot,OK,0,1,1,,2026-07-20 23:36:09.74246+00
9824,2026-07-20 23:35:55.536845+00,upsert,OK,0,0,0,,2026-07-20 23:36:09.72492+00
9823,2026-07-20 23:35:55.536845+00,gate,OK,0,0,0,"{""rejected_by_corr"": 0}",2026-07-20 23:36:09.71969+00
9822,2026-07-20 23:35:55.536845+00,rank,OK,4,0,0,,2026-07-20 23:36:09.708694+00
9821,2026-07-20 23:35:55.536845+00,state,OK,0,0,0,,2026-07-20 23:36:09.690155+00
9820,2026-07-20 23:35:55.536845+00,scan,OK,10070,5,0,"{""signals_found"": 0, ""symbols_scanned"": 5}",2026-07-20 23:36:09.682419+00
9819,2026-07-20 23:35:55.536845+00,cleanup,OK,12,0,0,"{""expired"": 0}",2026-07-20 23:35:59.55872+00
9818,2026-07-20 23:35:55.536845+00,unknown,OK,3760,0,0,"{""closed"": 0}",2026-07-20 23:35:55.76916+00
9817,2026-07-20 23:35:55.536845+00,pre_flight,OK,159,0,0,,2026-07-20 23:35:55.610207+00
9816,2026-07-20 23:30:39.79187+00,invariants,OK,9,0,0,,2026-07-20 23:30:55.429057+00
9815,2026-07-20 23:30:39.79187+00,snapshot,OK,0,1,1,,2026-07-20 23:30:53.403708+00
9814,2026-07-20 23:30:39.79187+00,upsert,OK,0,0,0,,2026-07-20 23:30:53.379094+00
9813,2026-07-20 23:30:39.79187+00,gate,OK,0,0,0,"{""rejected_by_corr"": 0}",2026-07-20 23:30:53.370604+00
9812,2026-07-20 23:30:39.79187+00,rank,OK,15,0,0,,2026-07-20 23:30:53.347869+00
9811,2026-07-20 23:30:39.79187+00,state,OK,0,0,0,,2026-07-20 23:30:53.311905+00
9810,2026-07-20 23:30:39.79187+00,scan,OK,9414,5,0,"{""signals_found"": 0, ""symbols_scanned"": 5}",2026-07-20 23:30:53.294751+00
9809,2026-07-20 23:30:39.79187+00,cleanup,OK,7,0,1,"{""expired"": 1}",2026-07-20 23:30:43.838132+00
9808,2026-07-20 23:30:39.79187+00,unknown,OK,3804,0,0,"{""closed"": 0}",2026-07-20 23:30:40.018745+00
9807,2026-07-20 23:30:39.79187+00,pre_flight,OK,151,0,0,,2026-07-20 23:30:39.867599+00
9806,2026-07-20 23:25:24.075848+00,invariants,OK,12,0,0,,2026-07-20 23:25:39.668554+00
9805,2026-07-20 23:25:24.075848+00,snapshot,OK,0,1,1,,2026-07-20 23:25:37.952713+00
9804,2026-07-20 23:25:24.075848+00,upsert,OK,0,0,0,,2026-07-20 23:25:37.921976+00
9803,2026-07-20 23:25:24.075848+00,gate,OK,0,1,0,"{""rejected_by_corr"": 1}",2026-07-20 23:25:37.909565+00
9802,2026-07-20 23:25:24.075848+00,rank,OK,12,1,1,,2026-07-20 23:25:37.874695+00
9801,2026-07-20 23:25:24.075848+00,state,OK,0,0,1,,2026-07-20 23:25:37.859294+00
9800,2026-07-20 23:25:24.075848+00,scan,OK,9974,5,0,"{""signals_found"": 0, ""symbols_scanned"": 5}",2026-07-20 23:25:37.850471+00
9799,2026-07-20 23:25:24.075848+00,cleanup,OK,9,0,0,"{""expired"": 0}",2026-07-20 23:25:27.828295+00
9798,2026-07-20 23:25:24.075848+00,unknown,OK,3524,0,0,"{""closed"": 0}",2026-07-20 23:25:24.28685+00
9797,2026-07-20 23:25:24.075848+00,pre_flight,OK,135,0,0,,2026-07-20 23:25:24.140643+00
9796,2026-07-20 23:20:06.574195+00,invariants,OK,19,0,0,,2026-07-20 23:20:23.994652+00
9795,2026-07-20 23:20:06.574195+00,snapshot,OK,0,1,1,,2026-07-20 23:20:21.744573+00
9794,2026-07-20 23:20:06.574195+00,upsert,OK,0,0,0,,2026-07-20 23:20:21.721863+00
9793,2026-07-20 23:20:06.574195+00,gate,OK,0,1,0,"{""rejected_by_corr"": 1}",2026-07-20 23:20:21.710366+00
9792,2026-07-20 23:20:06.574195+00,rank,OK,28,1,1,,2026-07-20 23:20:21.657543+00
9791,2026-07-20 23:20:06.574195+00,state,OK,0,0,1,,2026-07-20 23:20:21.63261+00
9790,2026-07-20 23:20:06.574195+00,scan,OK,10374,5,0,"{""signals_found"": 0, ""symbols_scanned"": 5}",2026-07-20 23:20:21.597675+00
9789,2026-07-20 23:20:06.574195+00,cleanup,OK,8,0,0,"{""expired"": 0}",2026-07-20 23:20:11.165905+00
9788,2026-07-20 23:20:06.574195+00,unknown,OK,4232,0,0,"{""closed"": 0}",2026-07-20 23:20:06.915351+00
9787,2026-07-20 23:20:06.574195+00,pre_flight,OK,261,0,0,,2026-07-20 23:20:06.651592+00
9786,2026-07-20 23:14:50.725844+00,invariants,OK,18,0,0,,2026-07-20 23:15:06.417771+00
9785,2026-07-20 23:14:50.725844+00,snapshot,OK,0,1,1,,2026-07-20 23:15:04.370745+00
9784,2026-07-20 23:14:50.725844+00,upsert,OK,0,0,0,,2026-07-20 23:15:04.351104+00
9783,2026-07-20 23:14:50.725844+00,gate,OK,0,1,0,"{""rejected_by_corr"": 1}",2026-07-20 23:15:04.344963+00
9782,2026-07-20 23:14:50.725844+00,rank,OK,22,1,1,,2026-07-20 23:15:04.292062+00
9781,2026-07-20 23:14:50.725844+00,state,OK,0,0,1,,2026-07-20 23:15:04.273458+00
9780,2026-07-20 23:14:50.725844+00,scan,OK,9670,5,0,"{""signals_found"": 0, ""symbols_scanned"": 5}",2026-07-20 23:15:04.259872+00
9779,2026-07-20 23:14:50.725844+00,cleanup,OK,11,0,0,"{""expired"": 0}",2026-07-20 23:14:54.562743+00
9778,2026-07-20 23:14:50.725844+00,unknown,OK,3628,0,0,"{""closed"": 0}",2026-07-20 23:14:50.907089+00
9777,2026-07-20 23:14:50.725844+00,pre_flight,OK,117,0,0,,2026-07-20 23:14:50.781698+00
9776,2026-07-20 23:09:33.663856+00,invariants,OK,14,0,0,,2026-07-20 23:09:50.621701+00
9775,2026-07-20 23:09:33.663856+00,snapshot,OK,0,1,1,,2026-07-20 23:09:48.427458+00
9774,2026-07-20 23:09:33.663856+00,upsert,OK,0,0,0,,2026-07-20 23:09:48.412092+00
9773,2026-07-20 23:09:33.663856+00,gate,OK,0,1,0,"{""rejected_by_corr"": 1}",2026-07-20 23:09:48.406579+00
9772,2026-07-20 23:09:33.663856+00,rank,OK,23,1,1,,2026-07-20 23:09:48.364164+00
9771,2026-07-20 23:09:33.663856+00,state,OK,0,0,1,,2026-07-20 23:09:48.346659+00
9770,2026-07-20 23:09:33.663856+00,scan,OK,9871,5,0,"{""signals_found"": 0, ""symbols_scanned"": 5}",2026-07-20 23:09:48.327215+00
9769,2026-07-20 23:09:33.663856+00,cleanup,OK,10,0,0,"{""expired"": 0}",2026-07-20 23:09:38.40596+00
9768,2026-07-20 23:09:33.663856+00,unknown,OK,4409,0,0,"{""closed"": 0}",2026-07-20 23:09:33.976333+00
9767,2026-07-20 23:09:33.663856+00,pre_flight,OK,206,0,0,,2026-07-20 23:09:33.768998+00
9766,2026-07-20 23:04:16.589579+00,invariants,OK,16,0,0,,2026-07-20 23:04:33.545399+00
9765,2026-07-20 23:04:16.589579+00,snapshot,OK,0,1,1,,2026-07-20 23:04:31.833096+00
9764,2026-07-20 23:04:16.589579+00,upsert,OK,0,0,0,,2026-07-20 23:04:31.811632+00
9763,2026-07-20 23:04:16.589579+00,gate,OK,0,1,0,"{""rejected_by_corr"": 1}",2026-07-20 23:04:31.807532+00
9762,2026-07-20 23:04:16.589579+00,rank,OK,25,1,1,,2026-07-20 23:04:31.755754+00
9761,2026-07-20 23:04:16.589579+00,state,OK,0,0,1,,2026-07-20 23:04:31.710895+00
9760,2026-07-20 23:04:16.589579+00,scan,OK,10447,5,0,"{""signals_found"": 0, ""symbols_scanned"": 5}",2026-07-20 23:04:31.689849+00
9759,2026-07-20 23:04:16.589579+00,cleanup,OK,8,0,0,"{""expired"": 0}",2026-07-20 23:04:21.198087+00
9758,2026-07-20 23:04:16.589579+00,unknown,OK,4239,0,0,"{""closed"": 0}",2026-07-20 23:04:16.941028+00
9757,2026-07-20 23:04:16.589579+00,pre_flight,OK,225,0,0,,2026-07-20 23:04:16.713932+00
9756,2026-07-20 22:59:00.54538+00,invariants,OK,10,0,0,,2026-07-20 22:59:16.466044+00
9755,2026-07-20 22:59:00.54538+00,snapshot,OK,0,1,1,,2026-07-20 22:59:14.923577+00
9754,2026-07-20 22:59:00.54538+00,upsert,OK,0,0,0,,2026-07-20 22:59:14.896826+00
9753,2026-07-20 22:59:00.54538+00,gate,OK,0,1,0,"{""rejected_by_corr"": 1}",2026-07-20 22:59:14.888308+00
9752,2026-07-20 22:59:00.54538+00,rank,OK,31,1,1,,2026-07-20 22:59:14.839069+00
9751,2026-07-20 22:59:00.54538+00,state,OK,0,0,1,,2026-07-20 22:59:14.812803+00
9750,2026-07-20 22:59:00.54538+00,scan,OK,9744,5,0,"{""signals_found"": 0, ""symbols_scanned"": 5}",2026-07-20 22:59:14.802857+00
9749,2026-07-20 22:59:00.54538+00,cleanup,OK,11,0,0,"{""expired"": 0}",2026-07-20 22:59:05.013108+00
9748,2026-07-20 22:59:00.54538+00,unknown,OK,4225,0,0,"{""closed"": 0}",2026-07-20 22:59:00.764675+00
9747,2026-07-20 22:59:00.54538+00,pre_flight,OK,123,0,0,,2026-07-20 22:59:00.6414+00
9746,2026-07-20 22:53:45.294797+00,invariants,OK,16,0,0,,2026-07-20 22:54:00.429847+00
9745,2026-07-20 22:53:45.294797+00,snapshot,OK,0,1,1,,2026-07-20 22:53:59.080597+00
9744,2026-07-20 22:53:45.294797+00,upsert,OK,0,0,0,,2026-07-20 22:53:59.054013+00
9743,2026-07-20 22:53:45.294797+00,gate,OK,0,1,0,"{""rejected_by_corr"": 1}",2026-07-20 22:53:59.048211+00
9742,2026-07-20 22:53:45.294797+00,rank,OK,31,1,1,,2026-07-20 22:53:58.995181+00
9741,2026-07-20 22:53:45.294797+00,state,OK,0,0,1,,2026-07-20 22:53:58.96493+00
9740,2026-07-20 22:53:45.294797+00,scan,OK,9690,5,0,"{""signals_found"": 0, ""symbols_scanned"": 5}",2026-07-20 22:53:58.948294+00
9739,2026-07-20 22:53:45.294797+00,cleanup,OK,6,0,0,"{""expired"": 0}",2026-07-20 22:53:49.211549+00
9738,2026-07-20 22:53:45.294797+00,unknown,OK,3627,0,0,"{""closed"": 0}",2026-07-20 22:53:45.572867+00
9737,2026-07-20 22:53:45.294797+00,pre_flight,OK,187,0,0,,2026-07-20 22:53:45.384235+00
9736,2026-07-20 22:48:29.459783+00,invariants,OK,19,0,0,,2026-07-20 22:48:45.145232+00
9735,2026-07-20 22:48:29.459783+00,snapshot,OK,0,1,1,,2026-07-20 22:48:43.116542+00
9734,2026-07-20 22:48:29.459783+00,upsert,OK,0,0,0,,2026-07-20 22:48:43.09569+00
9733,2026-07-20 22:48:29.459783+00,gate,OK,0,1,0,"{""rejected_by_corr"": 1}",2026-07-20 22:48:43.091055+00
9732,2026-07-20 22:48:29.459783+00,rank,OK,22,1,1,,2026-07-20 22:48:43.051755+00
9731,2026-07-20 22:48:29.459783+00,state,OK,0,0,1,,2026-07-20 22:48:43.03113+00
9730,2026-07-20 22:48:29.459783+00,scan,OK,9843,5,0,"{""signals_found"": 0, ""symbols_scanned"": 5}",2026-07-20 22:48:43.023314+00
9729,2026-07-20 22:48:29.459783+00,cleanup,OK,16,0,0,"{""expired"": 0}",2026-07-20 22:48:33.125571+00
9728,2026-07-20 22:48:29.459783+00,unknown,OK,3380,0,0,"{""closed"": 0}",2026-07-20 22:48:29.71997+00
9727,2026-07-20 22:48:29.459783+00,pre_flight,OK,192,0,0,,2026-07-20 22:48:29.526444+00
9726,2026-07-20 22:43:12.755531+00,invariants,OK,16,0,0,,2026-07-20 22:43:29.349703+00
9725,2026-07-20 22:43:12.755531+00,snapshot,OK,0,1,1,,2026-07-20 22:43:27.696817+00
9724,2026-07-20 22:43:12.755531+00,upsert,OK,0,0,0,,2026-07-20 22:43:27.678087+00
9723,2026-07-20 22:43:12.755531+00,gate,OK,0,1,0,"{""rejected_by_corr"": 1}",2026-07-20 22:43:27.671421+00
9722,2026-07-20 22:43:12.755531+00,rank,OK,18,1,1,,2026-07-20 22:43:27.640721+00
9721,2026-07-20 22:43:12.755531+00,state,OK,0,0,1,,2026-07-20 22:43:27.606389+00
9720,2026-07-20 22:43:12.755531+00,scan,OK,10599,5,0,"{""signals_found"": 0, ""symbols_scanned"": 5}",2026-07-20 22:43:27.589519+00
9719,2026-07-20 22:43:12.755531+00,cleanup,OK,5,0,0,"{""expired"": 0}",2026-07-20 22:43:16.956258+00
9718,2026-07-20 22:43:12.755531+00,unknown,OK,3909,0,0,"{""closed"": 0}",2026-07-20 22:43:13.033012+00
9717,2026-07-20 22:43:12.755531+00,pre_flight,OK,196,0,0,,2026-07-20 22:43:12.837525+00
9716,2026-07-20 22:37:56.53685+00,invariants,OK,9,0,0,,2026-07-20 22:38:12.621764+00
9715,2026-07-20 22:37:56.53685+00,snapshot,OK,0,1,1,,2026-07-20 22:38:10.591885+00
9714,2026-07-20 22:37:56.53685+00,upsert,OK,0,0,0,,2026-07-20 22:38:10.562863+00
9713,2026-07-20 22:37:56.53685+00,gate,OK,0,1,0,"{""rejected_by_corr"": 1}",2026-07-20 22:38:10.550854+00
9712,2026-07-20 22:37:56.53685+00,rank,OK,14,1,1,,2026-07-20 22:38:10.508108+00
9711,2026-07-20 22:37:56.53685+00,state,OK,0,0,1,,2026-07-20 22:38:10.476072+00
9710,2026-07-20 22:37:56.53685+00,scan,OK,9581,5,0,"{""signals_found"": 0, ""symbols_scanned"": 5}",2026-07-20 22:38:10.466609+00
9709,2026-07-20 22:37:56.53685+00,cleanup,OK,7,0,0,"{""expired"": 0}",2026-07-20 22:38:00.836403+00
9708,2026-07-20 22:37:56.53685+00,unknown,OK,3988,0,0,"{""closed"": 0}",2026-07-20 22:37:56.827101+00
9707,2026-07-20 22:37:56.53685+00,pre_flight,OK,215,0,0,,2026-07-20 22:37:56.610704+00
9706,2026-07-20 22:32:41.508712+00,invariants,OK,13,0,0,,2026-07-20 22:32:56.444282+00
9705,2026-07-20 22:32:41.508712+00,snapshot,OK,0,1,1,,2026-07-20 22:32:54.922098+00
9704,2026-07-20 22:32:41.508712+00,upsert,OK,0,0,0,,2026-07-20 22:32:54.904164+00
9703,2026-07-20 22:32:41.508712+00,gate,OK,0,1,0,"{""rejected_by_corr"": 1}",2026-07-20 22:32:54.89926+00
9702,2026-07-20 22:32:41.508712+00,rank,OK,14,1,1,,2026-07-20 22:32:54.855155+00
9701,2026-07-20 22:32:41.508712+00,state,OK,0,0,1,,2026-07-20 22:32:54.835504+00
9700,2026-07-20 22:32:41.508712+00,scan,OK,9651,5,0,"{""signals_found"": 0, ""symbols_scanned"": 5}",2026-07-20 22:32:54.826479+00
9699,2026-07-20 22:32:41.508712+00,cleanup,OK,10,0,0,"{""expired"": 0}",2026-07-20 22:32:45.114259+00
9698,2026-07-20 22:32:41.508712+00,unknown,OK,3401,0,0,"{""closed"": 0}",2026-07-20 22:32:41.686007+00
9697,2026-07-20 22:32:41.508712+00,pre_flight,OK,116,0,0,,2026-07-20 22:32:41.567729+00
9696,2026-07-20 22:27:25.976358+00,invariants,OK,16,0,0,,2026-07-20 22:27:41.371346+00
9695,2026-07-20 22:27:25.976358+00,snapshot,OK,0,1,1,,2026-07-20 22:27:39.811101+00
9694,2026-07-20 22:27:25.976358+00,upsert,OK,0,0,0,,2026-07-20 22:27:39.792882+00
9693,2026-07-20 22:27:25.976358+00,gate,OK,0,1,0,"{""rejected_by_corr"": 1}",2026-07-20 22:27:39.786959+00
9692,2026-07-20 22:27:25.976358+00,rank,OK,19,1,1,,2026-07-20 22:27:39.750159+00
9691,2026-07-20 22:27:25.976358+00,state,OK,22,1,1,,2026-07-20 22:27:39.728775+00
9690,2026-07-20 22:27:25.976358+00,scan,OK,9625,5,1,"{""signals_found"": 1, ""symbols_scanned"": 5}",2026-07-20 22:27:39.641087+00
9689,2026-07-20 22:27:25.976358+00,cleanup,OK,9,0,0,"{""expired"": 0}",2026-07-20 22:27:29.97743+00
9688,2026-07-20 22:27:25.976358+00,unknown,OK,3689,0,0,"{""closed"": 0}",2026-07-20 22:27:26.276859+00
9687,2026-07-20 22:27:25.976358+00,pre_flight,OK,200,0,0,,2026-07-20 22:27:26.065343+00
9686,2026-07-20 22:22:09.828874+00,invariants,OK,11,0,0,,2026-07-20 22:22:25.879857+00
9685,2026-07-20 22:22:09.828874+00,snapshot,OK,0,1,1,,2026-07-20 22:22:24.088456+00
9684,2026-07-20 22:22:09.828874+00,upsert,OK,0,0,0,,2026-07-20 22:22:24.06478+00
9683,2026-07-20 22:22:09.828874+00,gate,OK,0,1,0,"{""rejected_by_corr"": 1}",2026-07-20 22:22:24.059168+00
9682,2026-07-20 22:22:09.828874+00,rank,OK,33,1,1,,2026-07-20 22:22:24.000458+00
9681,2026-07-20 22:22:09.828874+00,state,OK,30,1,1,,2026-07-20 22:22:23.978495+00
9680,2026-07-20 22:22:09.828874+00,scan,OK,10419,5,1,"{""signals_found"": 1, ""symbols_scanned"": 5}",2026-07-20 22:22:23.901849+00
9679,2026-07-20 22:22:09.828874+00,cleanup,OK,10,0,0,"{""expired"": 0}",2026-07-20 22:22:13.451153+00
9678,2026-07-20 22:22:09.828874+00,unknown,OK,3361,0,0,"{""closed"": 0}",2026-07-20 22:22:10.073717+00
9677,2026-07-20 22:22:09.828874+00,pre_flight,OK,161,0,0,,2026-07-20 22:22:09.908416+00
9676,2026-07-20 22:16:53.756171+00,invariants,OK,19,0,0,,2026-07-20 22:17:09.702486+00
9675,2026-07-20 22:16:53.756171+00,snapshot,OK,0,1,1,,2026-07-20 22:17:08.034059+00
9674,2026-07-20 22:16:53.756171+00,upsert,OK,0,0,0,,2026-07-20 22:17:08.016857+00
9673,2026-07-20 22:16:53.756171+00,gate,OK,0,1,0,"{""rejected_by_corr"": 1}",2026-07-20 22:17:08.006949+00
9672,2026-07-20 22:16:53.756171+00,rank,OK,19,1,1,,2026-07-20 22:17:07.960127+00
9671,2026-07-20 22:16:53.756171+00,state,OK,31,1,1,,2026-07-20 22:17:07.939887+00
9670,2026-07-20 22:16:53.756171+00,scan,OK,10233,5,1,"{""signals_found"": 1, ""symbols_scanned"": 5}",2026-07-20 22:17:07.847546+00
9669,2026-07-20 22:16:53.756171+00,cleanup,OK,7,0,0,"{""expired"": 0}",2026-07-20 22:16:57.577314+00
9668,2026-07-20 22:16:53.756171+00,unknown,OK,3568,0,0,"{""closed"": 0}",2026-07-20 22:16:53.991837+00
9667,2026-07-20 22:16:53.756171+00,pre_flight,OK,173,0,0,,2026-07-20 22:16:53.813676+00
9666,2026-07-20 22:11:36.066026+00,invariants,OK,13,0,0,,2026-07-20 22:11:53.675423+00
9665,2026-07-20 22:11:36.066026+00,snapshot,OK,0,1,1,,2026-07-20 22:11:51.254235+00
9664,2026-07-20 22:11:36.066026+00,upsert,OK,0,0,0,,2026-07-20 22:11:51.232384+00
9663,2026-07-20 22:11:36.066026+00,gate,OK,0,1,0,"{""rejected_by_corr"": 1}",2026-07-20 22:11:51.228006+00
9662,2026-07-20 22:11:36.066026+00,rank,OK,22,1,1,,2026-07-20 22:11:51.186478+00
9661,2026-07-20 22:11:36.066026+00,state,OK,41,1,1,,2026-07-20 22:11:51.167832+00
9660,2026-07-20 22:11:36.066026+00,scan,OK,10678,5,1,"{""signals_found"": 1, ""symbols_scanned"": 5}",2026-07-20 22:11:51.057829+00
9659,2026-07-20 22:11:36.066026+00,cleanup,OK,8,0,0,"{""expired"": 0}",2026-07-20 22:11:40.334633+00
9658,2026-07-20 22:11:36.066026+00,unknown,OK,3937,0,0,"{""closed"": 0}",2026-07-20 22:11:36.380275+00
9657,2026-07-20 22:11:36.066026+00,pre_flight,OK,206,0,0,,2026-07-20 22:11:36.174471+00
9656,2026-07-20 22:06:18.10285+00,invariants,OK,15,0,0,,2026-07-20 22:06:35.924281+00
9655,2026-07-20 22:06:18.10285+00,snapshot,OK,0,1,1,,2026-07-20 22:06:33.767423+00
9654,2026-07-20 22:06:18.10285+00,upsert,OK,0,0,0,,2026-07-20 22:06:33.736882+00
9653,2026-07-20 22:06:18.10285+00,gate,OK,0,1,0,"{""rejected_by_corr"": 1}",2026-07-20 22:06:33.728022+00
9652,2026-07-20 22:06:18.10285+00,rank,OK,25,1,1,,2026-07-20 22:06:33.681589+00
9651,2026-07-20 22:06:18.10285+00,state,OK,27,1,1,,2026-07-20 22:06:33.666292+00
9650,2026-07-20 22:06:18.10285+00,scan,OK,10937,5,1,"{""signals_found"": 1, ""symbols_scanned"": 5}",2026-07-20 22:06:33.595834+00
9649,2026-07-20 22:06:18.10285+00,cleanup,OK,6,0,0,"{""expired"": 0}",2026-07-20 22:06:22.619468+00
9648,2026-07-20 22:06:18.10285+00,unknown,OK,4208,0,0,"{""closed"": 0}",2026-07-20 22:06:18.398747+00
9647,2026-07-20 22:06:18.10285+00,pre_flight,OK,198,0,0,,2026-07-20 22:06:18.193377+00
9646,2026-07-20 22:01:00.349873+00,invariants,OK,21,0,0,,2026-07-20 22:01:17.95084+00
9645,2026-07-20 22:01:00.349873+00,snapshot,OK,0,1,1,,2026-07-20 22:01:15.959596+00
9644,2026-07-20 22:01:00.349873+00,upsert,OK,0,0,0,,2026-07-20 22:01:15.935422+00
9643,2026-07-20 22:01:00.349873+00,gate,OK,0,1,0,"{""rejected_by_corr"": 1}",2026-07-20 22:01:15.927515+00
9642,2026-07-20 22:01:00.349873+00,rank,OK,31,1,1,,2026-07-20 22:01:15.870831+00
9641,2026-07-20 22:01:00.349873+00,state,OK,36,1,1,,2026-07-20 22:01:15.845551+00
9640,2026-07-20 22:01:00.349873+00,scan,OK,11837,5,1,"{""signals_found"": 1, ""symbols_scanned"": 5}",2026-07-20 22:01:15.759146+00
9639,2026-07-20 22:01:00.349873+00,cleanup,OK,6,0,0,"{""expired"": 0}",2026-07-20 22:01:03.879457+00
9638,2026-07-20 22:01:00.349873+00,unknown,OK,3134,0,0,"{""closed"": 0}",2026-07-20 22:01:00.733172+00
9637,2026-07-20 22:01:00.349873+00,pre_flight,OK,271,0,0,,2026-07-20 22:01:00.49225+00
9636,2026-07-20 21:55:44.16492+00,invariants,OK,35,0,0,,2026-07-20 21:56:00.198854+00
9635,2026-07-20 21:55:44.16492+00,snapshot,OK,0,1,1,,2026-07-20 21:55:58.126032+00
9634,2026-07-20 21:55:44.16492+00,upsert,OK,0,0,0,,2026-07-20 21:55:58.109602+00
9633,2026-07-20 21:55:44.16492+00,gate,OK,0,1,0,"{""rejected_by_corr"": 1}",2026-07-20 21:55:58.106511+00
9632,2026-07-20 21:55:44.16492+00,rank,OK,24,1,1,,2026-07-20 21:55:58.070854+00
9631,2026-07-20 21:55:44.16492+00,state,OK,19,1,1,,2026-07-20 21:55:58.052736+00
9630,2026-07-20 21:55:44.16492+00,scan,OK,9710,5,1,"{""signals_found"": 1, ""symbols_scanned"": 5}",2026-07-20 21:55:57.987076+00
9629,2026-07-20 21:55:44.16492+00,cleanup,OK,14,0,0,"{""expired"": 0}",2026-07-20 21:55:48.203069+00
9628,2026-07-20 21:55:44.16492+00,unknown,OK,3781,0,0,"{""closed"": 0}",2026-07-20 21:55:44.394954+00
9627,2026-07-20 21:55:44.16492+00,pre_flight,OK,156,0,0,,2026-07-20 21:55:44.241253+00
9626,2026-07-20 21:50:25.697847+00,invariants,OK,17,0,0,,2026-07-20 21:50:44.030454+00
9625,2026-07-20 21:50:25.697847+00,snapshot,OK,0,1,1,,2026-07-20 21:50:41.949167+00
9624,2026-07-20 21:50:25.697847+00,upsert,OK,0,0,0,,2026-07-20 21:50:41.929204+00
9623,2026-07-20 21:50:25.697847+00,gate,OK,0,1,0,"{""rejected_by_corr"": 1}",2026-07-20 21:50:41.924488+00
9622,2026-07-20 21:50:25.697847+00,rank,OK,21,1,1,,2026-07-20 21:50:41.882798+00
9621,2026-07-20 21:50:25.697847+00,state,OK,22,1,1,,2026-07-20 21:50:41.863175+00
9620,2026-07-20 21:50:25.697847+00,scan,OK,11429,5,1,"{""signals_found"": 1, ""symbols_scanned"": 5}",2026-07-20 21:50:41.78964+00
9619,2026-07-20 21:50:25.697847+00,cleanup,OK,10,0,0,"{""expired"": 0}",2026-07-20 21:50:30.304493+00
9618,2026-07-20 21:50:25.697847+00,unknown,OK,4249,0,0,"{""closed"": 0}",2026-07-20 21:50:26.030755+00
9617,2026-07-20 21:50:25.697847+00,pre_flight,OK,222,0,0,,2026-07-20 21:50:25.809412+00
9616,2026-07-20 21:45:08.325632+00,invariants,OK,12,0,0,,2026-07-20 21:45:25.563275+00
9615,2026-07-20 21:45:08.325632+00,snapshot,OK,0,1,1,,2026-07-20 21:45:23.532845+00
9614,2026-07-20 21:45:08.325632+00,upsert,OK,0,0,0,,2026-07-20 21:45:23.519464+00
9613,2026-07-20 21:45:08.325632+00,gate,OK,0,1,0,"{""rejected_by_corr"": 1}",2026-07-20 21:45:23.516158+00
9612,2026-07-20 21:45:08.325632+00,rank,OK,19,1,1,,2026-07-20 21:45:23.478974+00
9611,2026-07-20 21:45:08.325632+00,state,OK,22,1,1,,2026-07-20 21:45:23.462534+00
9610,2026-07-20 21:45:08.325632+00,scan,OK,10772,5,1,"{""signals_found"": 1, ""symbols_scanned"": 5}",2026-07-20 21:45:23.391362+00
9609,2026-07-20 21:45:08.325632+00,cleanup,OK,4,0,0,"{""expired"": 0}",2026-07-20 21:45:12.576355+00
9608,2026-07-20 21:45:08.325632+00,unknown,OK,3953,0,0,"{""closed"": 0}",2026-07-20 21:45:08.607578+00
9607,2026-07-20 21:45:08.325632+00,pre_flight,OK,208,0,0,,2026-07-20 21:45:08.397038+00
9606,2026-07-20 21:39:51.319582+00,invariants,OK,11,0,0,,2026-07-20 21:40:08.218226+00
9605,2026-07-20 21:39:51.319582+00,snapshot,OK,0,1,1,,2026-07-20 21:40:06.329013+00
9604,2026-07-20 21:39:51.319582+00,upsert,OK,0,0,0,,2026-07-20 21:40:06.310603+00
9603,2026-07-20 21:39:51.319582+00,gate,OK,0,1,0,"{""rejected_by_corr"": 1}",2026-07-20 21:40:06.302888+00
9602,2026-07-20 21:39:51.319582+00,rank,OK,21,1,1,,2026-07-20 21:40:06.262465+00
9601,2026-07-20 21:39:51.319582+00,state,OK,30,1,1,,2026-07-20 21:40:06.239868+00
9600,2026-07-20 21:39:51.319582+00,scan,OK,10140,5,1,"{""signals_found"": 1, ""symbols_scanned"": 5}",2026-07-20 21:40:06.145993+00
9599,2026-07-20 21:39:51.319582+00,cleanup,OK,17,0,0,"{""expired"": 0}",2026-07-20 21:39:55.95185+00
9598,2026-07-20 21:39:51.319582+00,unknown,OK,4212,0,0,"{""closed"": 0}",2026-07-20 21:39:51.695187+00
9597,2026-07-20 21:39:51.319582+00,pre_flight,OK,253,0,0,,2026-07-20 21:39:51.459844+00
9596,2026-07-20 21:34:34.433185+00,invariants,OK,19,0,0,,2026-07-20 21:34:51.168021+00
9595,2026-07-20 21:34:34.433185+00,snapshot,OK,0,1,1,,2026-07-20 21:34:49.095963+00
9594,2026-07-20 21:34:34.433185+00,upsert,OK,0,0,0,,2026-07-20 21:34:49.084257+00
9593,2026-07-20 21:34:34.433185+00,gate,OK,0,1,0,"{""rejected_by_corr"": 1}",2026-07-20 21:34:49.078048+00
9592,2026-07-20 21:34:34.433185+00,rank,OK,17,1,1,,2026-07-20 21:34:49.047619+00
9591,2026-07-20 21:34:34.433185+00,state,OK,14,1,1,,2026-07-20 21:34:49.03253+00
9590,2026-07-20 21:34:34.433185+00,scan,OK,10113,5,1,"{""signals_found"": 1, ""symbols_scanned"": 5}",2026-07-20 21:34:48.975102+00
9589,2026-07-20 21:34:34.433185+00,cleanup,OK,6,0,0,"{""expired"": 0}",2026-07-20 21:34:38.811964+00
9588,2026-07-20 21:34:34.433185+00,unknown,OK,4029,0,0,"{""closed"": 0}",2026-07-20 21:34:34.763386+00
9587,2026-07-20 21:34:34.433185+00,pre_flight,OK,238,0,0,,2026-07-20 21:34:34.526364+00
9586,2026-07-20 21:29:17.750744+00,invariants,OK,13,0,0,,2026-07-20 21:29:34.303557+00
9585,2026-07-20 21:29:17.750744+00,snapshot,OK,0,1,1,,2026-07-20 21:29:32.319046+00
9584,2026-07-20 21:29:17.750744+00,upsert,OK,0,0,0,,2026-07-20 21:29:32.298358+00
9583,2026-07-20 21:29:17.750744+00,gate,OK,0,1,0,"{""rejected_by_corr"": 1}",2026-07-20 21:29:32.292848+00
9582,2026-07-20 21:29:17.750744+00,rank,OK,22,1,1,,2026-07-20 21:29:32.242852+00
9581,2026-07-20 21:29:17.750744+00,state,OK,40,2,1,,2026-07-20 21:29:32.220819+00
9580,2026-07-20 21:29:17.750744+00,scan,OK,9855,5,2,"{""signals_found"": 2, ""symbols_scanned"": 5}",2026-07-20 21:29:32.115049+00
9579,2026-07-20 21:29:17.750744+00,cleanup,OK,8,0,0,"{""expired"": 0}",2026-07-20 21:29:22.204934+00
9578,2026-07-20 21:29:17.750744+00,unknown,OK,4135,0,0,"{""closed"": 0}",2026-07-20 21:29:18.043984+00
9577,2026-07-20 21:29:17.750744+00,pre_flight,OK,201,0,0,,2026-07-20 21:29:17.839239+00
9576,2026-07-20 21:24:00.686342+00,invariants,OK,9,0,0,,2026-07-20 21:24:17.619557+00
9575,2026-07-20 21:24:00.686342+00,snapshot,OK,0,1,1,,2026-07-20 21:24:15.01702+00
9574,2026-07-20 21:24:00.686342+00,upsert,OK,0,0,0,,2026-07-20 21:24:14.995714+00
9573,2026-07-20 21:24:00.686342+00,gate,OK,0,2,0,"{""rejected_by_corr"": 2}",2026-07-20 21:24:14.989875+00
9572,2026-07-20 21:24:00.686342+00,rank,OK,26,2,2,,2026-07-20 21:24:14.912711+00
9571,2026-07-20 21:24:00.686342+00,state,OK,64,2,2,,2026-07-20 21:24:14.895436+00
9570,2026-07-20 21:24:00.686342+00,scan,OK,9956,5,2,"{""signals_found"": 2, ""symbols_scanned"": 5}",2026-07-20 21:24:14.726281+00
9569,2026-07-20 21:24:00.686342+00,cleanup,OK,7,0,0,"{""expired"": 0}",2026-07-20 21:24:04.724084+00
9568,2026-07-20 21:24:00.686342+00,unknown,OK,3732,0,0,"{""closed"": 0}",2026-07-20 21:24:00.973753+00
9567,2026-07-20 21:24:00.686342+00,pre_flight,OK,207,0,0,,2026-07-20 21:24:00.760758+00
9566,2026-07-20 21:18:44.052846+00,invariants,OK,16,0,0,,2026-07-20 21:19:00.491174+00
9565,2026-07-20 21:18:44.052846+00,snapshot,OK,0,1,1,,2026-07-20 21:18:58.885948+00
9564,2026-07-20 21:18:44.052846+00,upsert,OK,0,0,0,,2026-07-20 21:18:58.855374+00
9563,2026-07-20 21:18:44.052846+00,gate,OK,0,2,0,"{""rejected_by_corr"": 2}",2026-07-20 21:18:58.842489+00
9562,2026-07-20 21:18:44.052846+00,rank,OK,31,2,2,,2026-07-20 21:18:58.751552+00
9561,2026-07-20 21:18:44.052846+00,state,OK,36,2,2,,2026-07-20 21:18:58.713944+00
9560,2026-07-20 21:18:44.052846+00,scan,OK,10313,5,2,"{""signals_found"": 2, ""symbols_scanned"": 5}",2026-07-20 21:18:58.58322+00
9559,2026-07-20 21:18:44.052846+00,cleanup,OK,6,0,0,"{""expired"": 0}",2026-07-20 21:18:48.235428+00
9558,2026-07-20 21:18:44.052846+00,unknown,OK,3968,0,0,"{""closed"": 0}",2026-07-20 21:18:44.250841+00
9557,2026-07-20 21:18:44.052846+00,pre_flight,OK,132,0,0,,2026-07-20 21:18:44.120014+00
9556,2026-07-20 21:13:26.452677+00,invariants,OK,8,0,0,,2026-07-20 21:13:43.94726+00
9555,2026-07-20 21:13:26.452677+00,snapshot,OK,0,1,1,,2026-07-20 21:13:42.287562+00
9554,2026-07-20 21:13:26.452677+00,upsert,OK,0,0,0,,2026-07-20 21:13:42.263993+00
9553,2026-07-20 21:13:26.452677+00,gate,OK,0,2,0,"{""rejected_by_corr"": 2}",2026-07-20 21:13:42.260901+00
9552,2026-07-20 21:13:26.452677+00,rank,OK,46,2,2,,2026-07-20 21:13:42.169373+00
9551,2026-07-20 21:13:26.452677+00,state,OK,48,2,2,,2026-07-20 21:13:42.140469+00
9550,2026-07-20 21:13:26.452677+00,scan,OK,10895,5,2,"{""signals_found"": 2, ""symbols_scanned"": 5}",2026-07-20 21:13:42.024332+00
9549,2026-07-20 21:13:26.452677+00,cleanup,OK,16,0,0,"{""expired"": 0}",2026-07-20 21:13:31.064848+00
9548,2026-07-20 21:13:26.452677+00,unknown,OK,4286,0,0,"{""closed"": 0}",2026-07-20 21:13:26.751427+00
9547,2026-07-20 21:13:26.452677+00,pre_flight,OK,208,0,0,,2026-07-20 21:13:26.539225+00
9546,2026-07-20 21:08:10.456817+00,invariants,OK,17,0,0,,2026-07-20 21:08:26.34127+00
9545,2026-07-20 21:08:10.456817+00,snapshot,OK,0,1,1,,2026-07-20 21:08:24.626419+00
9544,2026-07-20 21:08:10.456817+00,upsert,OK,0,0,0,,2026-07-20 21:08:24.601615+00
9543,2026-07-20 21:08:10.456817+00,gate,OK,0,2,0,"{""rejected_by_corr"": 2}",2026-07-20 21:08:24.591852+00
9542,2026-07-20 21:08:10.456817+00,rank,OK,21,2,2,,2026-07-20 21:08:24.525797+00
9541,2026-07-20 21:08:10.456817+00,state,OK,42,2,2,,2026-07-20 21:08:24.494989+00
9540,2026-07-20 21:08:10.456817+00,scan,OK,9779,5,2,"{""signals_found"": 2, ""symbols_scanned"": 5}",2026-07-20 21:08:24.364207+00
9539,2026-07-20 21:08:10.456817+00,cleanup,OK,7,0,0,"{""expired"": 0}",2026-07-20 21:08:14.547886+00
9538,2026-07-20 21:08:10.456817+00,unknown,OK,3830,0,0,"{""closed"": 0}",2026-07-20 21:08:10.696914+00
9537,2026-07-20 21:08:10.456817+00,pre_flight,OK,167,0,0,,2026-07-20 21:08:10.532677+00
9536,2026-07-20 21:02:53.06114+00,invariants,OK,15,0,0,,2026-07-20 21:03:10.270089+00
9535,2026-07-20 21:02:53.06114+00,snapshot,OK,0,1,1,,2026-07-20 21:03:07.563299+00
9534,2026-07-20 21:02:53.06114+00,upsert,OK,0,0,0,,2026-07-20 21:03:07.540652+00
9533,2026-07-20 21:02:53.06114+00,gate,OK,0,2,0,"{""rejected_by_corr"": 2}",2026-07-20 21:03:07.534784+00
9532,2026-07-20 21:02:53.06114+00,rank,OK,33,2,2,,2026-07-20 21:03:07.455664+00
9531,2026-07-20 21:02:53.06114+00,state,OK,49,2,2,,2026-07-20 21:03:07.422668+00
9530,2026-07-20 21:02:53.06114+00,scan,OK,10171,5,2,"{""signals_found"": 2, ""symbols_scanned"": 5}",2026-07-20 21:03:07.285009+00
9529,2026-07-20 21:02:53.06114+00,cleanup,OK,8,0,0,"{""expired"": 0}",2026-07-20 21:02:57.076272+00
9528,2026-07-20 21:02:53.06114+00,unknown,OK,3829,0,0,"{""closed"": 0}",2026-07-20 21:02:53.232152+00
9527,2026-07-20 21:02:53.06114+00,pre_flight,OK,105,0,0,,2026-07-20 21:02:53.122154+00
9526,2026-07-20 20:57:37.509851+00,invariants,OK,24,0,0,,2026-07-20 20:57:52.941857+00
9525,2026-07-20 20:57:37.509851+00,snapshot,OK,0,1,1,,2026-07-20 20:57:51.23913+00
9524,2026-07-20 20:57:37.509851+00,upsert,OK,0,0,0,,2026-07-20 20:57:51.191856+00
9523,2026-07-20 20:57:37.509851+00,gate,OK,0,2,0,"{""rejected_by_corr"": 2}",2026-07-20 20:57:51.170521+00
9522,2026-07-20 20:57:37.509851+00,rank,OK,22,2,2,,2026-07-20 20:57:51.086292+00
9521,2026-07-20 20:57:37.509851+00,state,OK,44,2,2,,2026-07-20 20:57:51.067597+00
9520,2026-07-20 20:57:37.509851+00,scan,OK,9233,5,2,"{""signals_found"": 2, ""symbols_scanned"": 5}",2026-07-20 20:57:50.964831+00
9519,2026-07-20 20:57:37.509851+00,cleanup,OK,7,0,0,"{""expired"": 0}",2026-07-20 20:57:41.693361+00
9518,2026-07-20 20:57:37.509851+00,unknown,OK,3810,0,0,"{""closed"": 0}",2026-07-20 20:57:37.867115+00
9517,2026-07-20 20:57:37.509851+00,pre_flight,OK,286,0,0,,2026-07-20 20:57:37.581278+00
9516,2026-07-20 20:52:20.998487+00,invariants,OK,14,0,0,,2026-07-20 20:52:37.345201+00
9515,2026-07-20 20:52:20.998487+00,snapshot,OK,0,1,1,,2026-07-20 20:52:35.376157+00
9514,2026-07-20 20:52:20.998487+00,upsert,OK,0,0,0,,2026-07-20 20:52:35.353215+00
9513,2026-07-20 20:52:20.998487+00,gate,OK,0,2,0,"{""rejected_by_corr"": 2}",2026-07-20 20:52:35.346665+00
9512,2026-07-20 20:52:20.998487+00,rank,OK,35,2,2,,2026-07-20 20:52:35.257372+00
9511,2026-07-20 20:52:20.998487+00,state,OK,37,2,2,,2026-07-20 20:52:35.233488+00
9510,2026-07-20 20:52:20.998487+00,scan,OK,10251,5,2,"{""signals_found"": 2, ""symbols_scanned"": 5}",2026-07-20 20:52:35.13273+00
9509,2026-07-20 20:52:20.998487+00,cleanup,OK,10,0,0,"{""expired"": 0}",2026-07-20 20:52:24.832896+00
9508,2026-07-20 20:52:20.998487+00,unknown,OK,3525,0,0,"{""closed"": 0}",2026-07-20 20:52:21.289876+00
9507,2026-07-20 20:52:20.998487+00,pre_flight,OK,185,0,0,,2026-07-20 20:52:21.1084+00
9506,2026-07-20 20:47:04.054846+00,invariants,OK,12,0,0,,2026-07-20 20:47:20.790024+00
9505,2026-07-20 20:47:04.054846+00,snapshot,OK,0,1,1,,2026-07-20 20:47:18.394487+00
9504,2026-07-20 20:47:04.054846+00,upsert,OK,0,0,0,,2026-07-20 20:47:18.372681+00
9503,2026-07-20 20:47:04.054846+00,gate,OK,0,2,0,"{""rejected_by_corr"": 2}",2026-07-20 20:47:18.366063+00
9502,2026-07-20 20:47:04.054846+00,rank,OK,28,2,2,,2026-07-20 20:47:18.302126+00
9501,2026-07-20 20:47:04.054846+00,state,OK,50,2,2,,2026-07-20 20:47:18.284373+00
9500,2026-07-20 20:47:04.054846+00,scan,OK,10062,5,2,"{""signals_found"": 2, ""symbols_scanned"": 5}",2026-07-20 20:47:18.174476+00
9499,2026-07-20 20:47:04.054846+00,cleanup,OK,10,0,0,"{""expired"": 0}",2026-07-20 20:47:08.067193+00
9498,2026-07-20 20:47:04.054846+00,unknown,OK,3733,0,0,"{""closed"": 0}",2026-07-20 20:47:04.316064+00
9497,2026-07-20 20:47:04.054846+00,pre_flight,OK,187,0,0,,2026-07-20 20:47:04.12679+00
9496,2026-07-20 20:41:46.737015+00,invariants,OK,19,0,0,,2026-07-20 20:42:03.920241+00
9495,2026-07-20 20:41:46.737015+00,snapshot,OK,0,1,1,,2026-07-20 20:42:01.541768+00
9494,2026-07-20 20:41:46.737015+00,upsert,OK,0,0,0,,2026-07-20 20:42:01.525653+00
9493,2026-07-20 20:41:46.737015+00,gate,OK,0,2,0,"{""rejected_by_corr"": 2}",2026-07-20 20:42:01.518779+00
9492,2026-07-20 20:41:46.737015+00,rank,OK,21,2,2,,2026-07-20 20:42:01.46289+00
9491,2026-07-20 20:41:46.737015+00,state,OK,29,2,2,,2026-07-20 20:42:01.448885+00
9490,2026-07-20 20:41:46.737015+00,scan,OK,10607,5,2,"{""signals_found"": 2, ""symbols_scanned"": 5}",2026-07-20 20:42:01.364049+00
9489,2026-07-20 20:41:46.737015+00,cleanup,OK,8,0,0,"{""expired"": 0}",2026-07-20 20:41:50.706259+00
9488,2026-07-20 20:41:46.737015+00,unknown,OK,3717,0,0,"{""closed"": 0}",2026-07-20 20:41:46.968253+00
9487,2026-07-20 20:41:46.737015+00,pre_flight,OK,145,0,0,,2026-07-20 20:41:46.81943+00
9486,2026-07-20 20:36:28.509622+00,invariants,OK,17,0,0,,2026-07-20 20:36:46.645611+00
9485,2026-07-20 20:36:28.509622+00,snapshot,OK,0,1,1,,2026-07-20 20:36:44.789004+00
9484,2026-07-20 20:36:28.509622+00,upsert,OK,0,0,0,,2026-07-20 20:36:44.758943+00
9483,2026-07-20 20:36:28.509622+00,gate,OK,0,2,0,"{""rejected_by_corr"": 2}",2026-07-20 20:36:44.74965+00
9482,2026-07-20 20:36:28.509622+00,rank,OK,29,2,2,,2026-07-20 20:36:44.681619+00
9481,2026-07-20 20:36:28.509622+00,state,OK,46,2,2,,2026-07-20 20:36:44.66322+00
9480,2026-07-20 20:36:28.509622+00,scan,OK,10833,5,2,"{""signals_found"": 2, ""symbols_scanned"": 5}",2026-07-20 20:36:41.603178+00
9479,2026-07-20 20:36:28.509622+00,cleanup,OK,10,0,0,"{""expired"": 0}",2026-07-20 20:36:30.707347+00
9478,2026-07-20 20:36:28.509622+00,unknown,OK,1930,0,0,"{""closed"": 0}",2026-07-20 20:36:28.755073+00
9477,2026-07-20 20:36:28.509622+00,pre_flight,OK,155,0,0,,2026-07-20 20:36:28.583959+00
9476,2026-07-20 20:31:12.562116+00,invariants,OK,23,0,0,,2026-07-20 20:31:28.39278+00
9475,2026-07-20 20:31:12.562116+00,snapshot,OK,0,1,1,,2026-07-20 20:31:25.840729+00
9474,2026-07-20 20:31:12.562116+00,upsert,OK,44,1,1,,2026-07-20 20:31:25.738086+00
9473,2026-07-20 20:31:12.562116+00,gate,OK,0,2,1,"{""rejected_by_corr"": 1}",2026-07-20 20:31:25.684529+00
9472,2026-07-20 20:31:12.562116+00,rank,OK,23,2,2,,2026-07-20 20:31:25.547952+00
9471,2026-07-20 20:31:12.562116+00,state,OK,56,2,2,,2026-07-20 20:31:25.525426+00
9470,2026-07-20 20:31:12.562116+00,scan,OK,9977,5,2,"{""signals_found"": 2, ""symbols_scanned"": 5}",2026-07-20 20:31:25.396946+00
9469,2026-07-20 20:31:12.562116+00,cleanup,OK,7,0,0,"{""expired"": 0}",2026-07-20 20:31:15.365569+00
9468,2026-07-20 20:31:12.562116+00,unknown,OK,2572,0,0,"{""closed"": 0}",2026-07-20 20:31:12.780168+00
9467,2026-07-20 20:31:12.562116+00,pre_flight,OK,133,0,0,,2026-07-20 20:31:12.64684+00
9466,2026-07-20 20:25:58.301849+00,invariants,OK,14,0,0,,2026-07-20 20:26:12.448792+00
9465,2026-07-20 20:25:58.301849+00,snapshot,OK,0,1,1,,2026-07-20 20:26:10.89085+00
9464,2026-07-20 20:25:58.301849+00,upsert,OK,0,0,0,,2026-07-20 20:26:10.866829+00
9463,2026-07-20 20:25:58.301849+00,gate,OK,0,1,0,"{""rejected_by_corr"": 1}",2026-07-20 20:26:10.855739+00
9462,2026-07-20 20:25:58.301849+00,rank,OK,30,1,1,,2026-07-20 20:26:10.812784+00
9461,2026-07-20 20:25:58.301849+00,state,OK,29,1,1,,2026-07-20 20:26:10.782233+00
9460,2026-07-20 20:25:58.301849+00,scan,OK,10320,5,1,"{""signals_found"": 1, ""symbols_scanned"": 5}",2026-07-20 20:26:10.706577+00
9459,2026-07-20 20:25:58.301849+00,cleanup,OK,5,0,0,"{""expired"": 0}",2026-07-20 20:26:00.336834+00
9458,2026-07-20 20:25:58.301849+00,unknown,OK,1821,0,0,"{""closed"": 0}",2026-07-20 20:25:58.499199+00
9457,2026-07-20 20:25:58.301849+00,pre_flight,OK,143,0,0,,2026-07-20 20:25:58.353296+00
9456,2026-07-20 20:20:42.583974+00,invariants,OK,12,0,0,,2026-07-20 20:20:58.203853+00
9455,2026-07-20 20:20:42.583974+00,snapshot,OK,0,1,1,,2026-07-20 20:20:56.015101+00
9454,2026-07-20 20:20:42.583974+00,upsert,OK,0,0,0,,2026-07-20 20:20:55.985844+00
9453,2026-07-20 20:20:42.583974+00,gate,OK,0,1,0,"{""rejected_by_corr"": 1}",2026-07-20 20:20:55.974648+00
9452,2026-07-20 20:20:42.583974+00,rank,OK,28,1,1,,2026-07-20 20:20:55.910898+00
9451,2026-07-20 20:20:42.583974+00,state,OK,20,1,1,,2026-07-20 20:20:55.881443+00
9450,2026-07-20 20:20:42.583974+00,scan,OK,10744,5,1,"{""signals_found"": 1, ""symbols_scanned"": 5}",2026-07-20 20:20:55.823061+00
9449,2026-07-20 20:20:42.583974+00,cleanup,OK,8,0,0,"{""expired"": 0}",2026-07-20 20:20:45.041499+00
9448,2026-07-20 20:20:42.583974+00,unknown,OK,2196,0,0,"{""closed"": 0}",2026-07-20 20:20:42.829943+00
9447,2026-07-20 20:20:42.583974+00,pre_flight,OK,155,0,0,,2026-07-20 20:20:42.677693+00
9446,2026-07-20 20:15:27.595639+00,invariants,OK,10,0,0,,2026-07-20 20:15:42.480554+00
9445,2026-07-20 20:15:27.595639+00,snapshot,OK,0,1,1,,2026-07-20 20:15:40.742007+00
9444,2026-07-20 20:15:27.595639+00,upsert,OK,0,0,0,,2026-07-20 20:15:40.717882+00
9443,2026-07-20 20:15:27.595639+00,gate,OK,0,1,0,"{""rejected_by_corr"": 1}",2026-07-20 20:15:40.704099+00
9442,2026-07-20 20:15:27.595639+00,rank,OK,28,1,1,,2026-07-20 20:15:40.660904+00
9441,2026-07-20 20:15:27.595639+00,state,OK,29,1,1,,2026-07-20 20:15:40.645072+00
9440,2026-07-20 20:15:27.595639+00,scan,OK,10766,5,1,"{""signals_found"": 1, ""symbols_scanned"": 5}",2026-07-20 20:15:40.58722+00
9439,2026-07-20 20:15:27.595639+00,cleanup,OK,9,0,0,"{""expired"": 0}",2026-07-20 20:15:29.777622+00
9438,2026-07-20 20:15:27.595639+00,unknown,OK,1957,0,0,"{""closed"": 0}",2026-07-20 20:15:27.803904+00
9437,2026-07-20 20:15:27.595639+00,pre_flight,OK,131,0,0,,2026-07-20 20:15:27.672282+00
9436,2026-07-20 20:10:13.529894+00,invariants,OK,14,0,0,,2026-07-20 20:10:27.478183+00
9435,2026-07-20 20:10:13.529894+00,snapshot,OK,0,1,1,,2026-07-20 20:10:25.848856+00
9434,2026-07-20 20:10:13.529894+00,upsert,OK,0,0,0,,2026-07-20 20:10:25.832064+00
9433,2026-07-20 20:10:13.529894+00,gate,OK,0,1,0,"{""rejected_by_corr"": 1}",2026-07-20 20:10:25.828857+00
9432,2026-07-20 20:10:13.529894+00,rank,OK,21,1,1,,2026-07-20 20:10:25.788744+00
9431,2026-07-20 20:10:13.529894+00,state,OK,20,1,1,,2026-07-20 20:10:25.773028+00
9430,2026-07-20 20:10:13.529894+00,scan,OK,9534,5,1,"{""signals_found"": 1, ""symbols_scanned"": 5}",2026-07-20 20:10:25.709154+00
9429,2026-07-20 20:10:13.529894+00,cleanup,OK,10,0,0,"{""expired"": 0}",2026-07-20 20:10:16.135823+00
9428,2026-07-20 20:10:13.529894+00,unknown,OK,2289,0,0,"{""closed"": 0}",2026-07-20 20:10:13.822517+00
9427,2026-07-20 20:10:13.529894+00,pre_flight,OK,204,0,0,,2026-07-20 20:10:13.612187+00
9426,2026-07-20 20:04:55.28569+00,invariants,OK,17,0,0,,2026-07-20 20:05:13.345481+00
9425,2026-07-20 20:04:55.28569+00,snapshot,OK,0,1,1,,2026-07-20 20:05:09.160513+00
9424,2026-07-20 20:04:55.28569+00,upsert,OK,0,0,0,,2026-07-20 20:05:09.14455+00
9423,2026-07-20 20:04:55.28569+00,gate,OK,0,1,0,"{""rejected_by_corr"": 1}",2026-07-20 20:05:09.136275+00
9422,2026-07-20 20:04:55.28569+00,rank,OK,19,1,1,,2026-07-20 20:05:09.100678+00
9421,2026-07-20 20:04:55.28569+00,state,OK,17,1,1,,2026-07-20 20:05:09.078943+00
9420,2026-07-20 20:04:55.28569+00,scan,OK,11695,5,1,"{""signals_found"": 1, ""symbols_scanned"": 5}",2026-07-20 20:05:09.015857+00
9419,2026-07-20 20:04:55.28569+00,cleanup,OK,10,0,0,"{""expired"": 0}",2026-07-20 20:04:57.271844+00
9418,2026-07-20 20:04:55.28569+00,unknown,OK,1737,0,0,"{""closed"": 0}",2026-07-20 20:04:55.513764+00
9417,2026-07-20 20:04:55.28569+00,pre_flight,OK,148,0,0,,2026-07-20 20:04:55.364209+00
9416,2026-07-20 19:59:38.337283+00,invariants,OK,12,0,0,,2026-07-20 19:59:55.094503+00
9415,2026-07-20 19:59:38.337283+00,snapshot,OK,0,1,1,,2026-07-20 19:59:53.003102+00
9414,2026-07-20 19:59:38.337283+00,upsert,OK,0,0,0,,2026-07-20 19:59:52.979515+00
9413,2026-07-20 19:59:38.337283+00,gate,OK,0,1,0,"{""rejected_by_corr"": 1}",2026-07-20 19:59:52.972305+00
9412,2026-07-20 19:59:38.337283+00,rank,OK,20,1,1,,2026-07-20 19:59:52.931994+00
9411,2026-07-20 19:59:38.337283+00,state,OK,20,1,1,,2026-07-20 19:59:52.91504+00
9410,2026-07-20 19:59:38.337283+00,scan,OK,12124,5,1,"{""signals_found"": 1, ""symbols_scanned"": 5}",2026-07-20 19:59:52.856649+00
9409,2026-07-20 19:59:38.337283+00,cleanup,OK,23,0,0,"{""expired"": 0}",2026-07-20 19:59:40.645532+00
9408,2026-07-20 19:59:38.337283+00,unknown,OK,2029,0,0,"{""closed"": 0}",2026-07-20 19:59:38.573401+00
9407,2026-07-20 19:59:38.337283+00,pre_flight,OK,143,0,0,,2026-07-20 19:59:38.43229+00
9406,2026-07-20 19:54:23.31561+00,invariants,OK,11,0,0,,2026-07-20 19:54:38.213727+00
9405,2026-07-20 19:54:23.31561+00,snapshot,OK,0,1,1,,2026-07-20 19:54:36.644347+00
9404,2026-07-20 19:54:23.31561+00,upsert,OK,0,0,0,,2026-07-20 19:54:36.619222+00
9403,2026-07-20 19:54:23.31561+00,gate,OK,0,1,0,"{""rejected_by_corr"": 1}",2026-07-20 19:54:36.609699+00
9402,2026-07-20 19:54:23.31561+00,rank,OK,22,1,1,,2026-07-20 19:54:36.569553+00
9401,2026-07-20 19:54:23.31561+00,state,OK,17,1,1,,2026-07-20 19:54:36.550294+00
9400,2026-07-20 19:54:23.31561+00,scan,OK,10837,5,1,"{""signals_found"": 1, ""symbols_scanned"": 5}",2026-07-20 19:54:36.491851+00
9399,2026-07-20 19:54:23.31561+00,cleanup,OK,5,0,0,"{""expired"": 0}",2026-07-20 19:54:25.614303+00
9398,2026-07-20 19:54:23.31561+00,unknown,OK,2006,0,0,"{""closed"": 0}",2026-07-20 19:54:23.594101+00
9397,2026-07-20 19:54:23.31561+00,pre_flight,OK,190,0,0,,2026-07-20 19:54:23.402277+00
9396,2026-07-20 19:49:07.279849+00,invariants,OK,11,0,0,,2026-07-20 19:49:23.147101+00
9395,2026-07-20 19:49:07.279849+00,snapshot,OK,0,1,1,,2026-07-20 19:49:20.758562+00
9394,2026-07-20 19:49:07.279849+00,upsert,OK,0,0,0,,2026-07-20 19:49:20.74217+00
9393,2026-07-20 19:49:07.279849+00,gate,OK,0,1,0,"{""rejected_by_corr"": 1}",2026-07-20 19:49:20.735842+00
9392,2026-07-20 19:49:07.279849+00,rank,OK,19,1,1,,2026-07-20 19:49:20.706316+00
9391,2026-07-20 19:49:07.279849+00,state,OK,15,1,1,,2026-07-20 19:49:20.695736+00
9390,2026-07-20 19:49:07.279849+00,scan,OK,10650,5,1,"{""signals_found"": 1, ""symbols_scanned"": 5}",2026-07-20 19:49:20.648848+00
9389,2026-07-20 19:49:07.279849+00,cleanup,OK,6,0,0,"{""expired"": 0}",2026-07-20 19:49:09.957313+00
9388,2026-07-20 19:49:07.279849+00,unknown,OK,2362,0,0,"{""closed"": 0}",2026-07-20 19:49:07.584953+00
9387,2026-07-20 19:49:07.279849+00,pre_flight,OK,177,0,0,,2026-07-20 19:49:07.40587+00
9386,2026-07-20 19:43:50.39077+00,invariants,OK,13,0,0,,2026-07-20 19:44:07.171954+00
9385,2026-07-20 19:43:50.39077+00,snapshot,OK,0,1,1,,2026-07-20 19:44:04.848141+00
9384,2026-07-20 19:43:50.39077+00,upsert,OK,0,0,0,,2026-07-20 19:44:04.825263+00
9383,2026-07-20 19:43:50.39077+00,gate,OK,0,1,0,"{""rejected_by_corr"": 1}",2026-07-20 19:44:04.816465+00
9382,2026-07-20 19:43:50.39077+00,rank,OK,23,1,1,,2026-07-20 19:44:04.772839+00
9381,2026-07-20 19:43:50.39077+00,state,OK,28,1,1,,2026-07-20 19:44:04.754481+00
9380,2026-07-20 19:43:50.39077+00,scan,OK,11896,5,1,"{""signals_found"": 1, ""symbols_scanned"": 5}",2026-07-20 19:44:04.671574+00
9379,2026-07-20 19:43:50.39077+00,cleanup,OK,9,0,0,"{""expired"": 0}",2026-07-20 19:43:52.705842+00
9378,2026-07-20 19:43:50.39077+00,unknown,OK,1962,0,0,"{""closed"": 0}",2026-07-20 19:43:50.674469+00
9377,2026-07-20 19:43:50.39077+00,pre_flight,OK,180,0,0,,2026-07-20 19:43:50.484553+00
9376,2026-07-20 19:38:34.01285+00,invariants,OK,15,0,0,,2026-07-20 19:38:50.270573+00
9375,2026-07-20 19:38:34.01285+00,snapshot,OK,0,1,1,,2026-07-20 19:38:48.580671+00
9374,2026-07-20 19:38:34.01285+00,upsert,OK,0,0,0,,2026-07-20 19:38:48.562353+00
9373,2026-07-20 19:38:34.01285+00,gate,OK,0,1,0,"{""rejected_by_corr"": 1}",2026-07-20 19:38:48.558281+00
9372,2026-07-20 19:38:34.01285+00,rank,OK,58,1,1,,2026-07-20 19:38:48.484018+00
9371,2026-07-20 19:38:34.01285+00,state,OK,31,1,1,,2026-07-20 19:38:48.466846+00
9370,2026-07-20 19:38:34.01285+00,scan,OK,11964,5,1,"{""signals_found"": 1, ""symbols_scanned"": 5}",2026-07-20 19:38:48.374188+00
9369,2026-07-20 19:38:34.01285+00,cleanup,OK,32,0,0,"{""expired"": 0}",2026-07-20 19:38:36.299867+00
9368,2026-07-20 19:38:34.01285+00,unknown,OK,1960,0,0,"{""closed"": 0}",2026-07-20 19:38:34.293983+00
9367,2026-07-20 19:38:34.01285+00,pre_flight,OK,193,0,0,,2026-07-20 19:38:34.091775+00
9366,2026-07-20 19:33:18.859988+00,invariants,OK,15,0,0,,2026-07-20 19:33:33.862109+00
9365,2026-07-20 19:33:18.859988+00,snapshot,OK,0,1,1,,2026-07-20 19:33:32.053034+00
9364,2026-07-20 19:33:18.859988+00,upsert,OK,0,0,0,,2026-07-20 19:33:32.034975+00
9363,2026-07-20 19:33:18.859988+00,gate,OK,0,1,0,"{""rejected_by_corr"": 1}",2026-07-20 19:33:32.028887+00
9362,2026-07-20 19:33:18.859988+00,rank,OK,21,1,1,,2026-07-20 19:33:31.99078+00
9361,2026-07-20 19:33:18.859988+00,state,OK,25,1,1,,2026-07-20 19:33:31.971675+00
9360,2026-07-20 19:33:18.859988+00,scan,OK,10785,5,1,"{""signals_found"": 1, ""symbols_scanned"": 5}",2026-07-20 19:33:31.909026+00
9359,2026-07-20 19:33:18.859988+00,cleanup,OK,7,0,0,"{""expired"": 0}",2026-07-20 19:33:21.086422+00
9358,2026-07-20 19:33:18.859988+00,unknown,OK,1941,0,0,"{""closed"": 0}",2026-07-20 19:33:19.128595+00
9357,2026-07-20 19:33:18.859988+00,pre_flight,OK,171,0,0,,2026-07-20 19:33:18.95716+00
9356,2026-07-20 19:28:04.34203+00,invariants,OK,18,0,0,,2026-07-20 19:28:18.718241+00
9355,2026-07-20 19:28:04.34203+00,snapshot,OK,0,1,1,,2026-07-20 19:28:17.120845+00
9354,2026-07-20 19:28:04.34203+00,upsert,OK,0,0,0,,2026-07-20 19:28:17.095701+00
9353,2026-07-20 19:28:04.34203+00,gate,OK,0,1,0,"{""rejected_by_corr"": 1}",2026-07-20 19:28:17.084608+00
9352,2026-07-20 19:28:04.34203+00,rank,OK,33,1,1,,2026-07-20 19:28:17.029018+00
9351,2026-07-20 19:28:04.34203+00,state,OK,32,1,1,,2026-07-20 19:28:17.006086+00
9350,2026-07-20 19:28:04.34203+00,scan,OK,9945,5,1,"{""signals_found"": 1, ""symbols_scanned"": 5}",2026-07-20 19:28:16.930212+00
9349,2026-07-20 19:28:04.34203+00,cleanup,OK,7,0,0,"{""expired"": 0}",2026-07-20 19:28:06.92617+00
9348,2026-07-20 19:28:04.34203+00,unknown,OK,2186,0,0,"{""closed"": 0}",2026-07-20 19:28:04.722987+00
9347,2026-07-20 19:28:04.34203+00,pre_flight,OK,212,0,0,,2026-07-20 19:28:04.529312+00
9346,2026-07-20 19:22:50.635414+00,invariants,OK,10,0,0,,2026-07-20 19:23:04.252269+00
9345,2026-07-20 19:22:50.635414+00,snapshot,OK,0,1,1,,2026-07-20 19:23:02.716618+00
9344,2026-07-20 19:22:50.635414+00,upsert,OK,0,0,0,,2026-07-20 19:23:02.696308+00
9343,2026-07-20 19:22:50.635414+00,gate,OK,0,1,0,"{""rejected_by_corr"": 1}",2026-07-20 19:23:02.689583+00
9342,2026-07-20 19:22:50.635414+00,rank,OK,39,1,1,,2026-07-20 19:23:02.62392+00
9341,2026-07-20 19:22:50.635414+00,state,OK,29,1,1,,2026-07-20 19:23:02.59404+00
9340,2026-07-20 19:22:50.635414+00,scan,OK,9842,5,1,"{""signals_found"": 1, ""symbols_scanned"": 5}",2026-07-20 19:23:02.525342+00
9339,2026-07-20 19:22:50.635414+00,cleanup,OK,8,0,0,"{""expired"": 0}",2026-07-20 19:22:52.649266+00
9338,2026-07-20 19:22:50.635414+00,unknown,OK,1788,0,0,"{""closed"": 0}",2026-07-20 19:22:50.845986+00
9337,2026-07-20 19:22:50.635414+00,pre_flight,OK,134,0,0,,2026-07-20 19:22:50.709878+00
9336,2026-07-20 19:17:35.036616+00,invariants,OK,16,0,0,,2026-07-20 19:17:50.49345+00
9335,2026-07-20 19:17:35.036616+00,snapshot,OK,0,1,1,,2026-07-20 19:17:48.44254+00
9334,2026-07-20 19:17:35.036616+00,upsert,OK,0,0,0,,2026-07-20 19:17:48.418362+00
9333,2026-07-20 19:17:35.036616+00,gate,OK,0,1,0,"{""rejected_by_corr"": 1}",2026-07-20 19:17:48.411677+00
9332,2026-07-20 19:17:35.036616+00,rank,OK,35,1,1,,2026-07-20 19:17:48.350657+00
9331,2026-07-20 19:17:35.036616+00,state,OK,36,1,1,,2026-07-20 19:17:48.326548+00
9330,2026-07-20 19:17:35.036616+00,scan,OK,10826,5,1,"{""signals_found"": 1, ""symbols_scanned"": 5}",2026-07-20 19:17:48.233231+00
9329,2026-07-20 19:17:35.036616+00,cleanup,OK,8,0,0,"{""expired"": 0}",2026-07-20 19:17:37.363862+00
9328,2026-07-20 19:17:35.036616+00,unknown,OK,2065,0,0,"{""closed"": 0}",2026-07-20 19:17:35.285441+00
9327,2026-07-20 19:17:35.036616+00,pre_flight,OK,174,0,0,,2026-07-20 19:17:35.114852+00
9326,2026-07-20 19:12:19.311429+00,invariants,OK,10,0,0,,2026-07-20 19:12:34.92099+00
9325,2026-07-20 19:12:19.311429+00,snapshot,OK,0,1,1,,2026-07-20 19:12:33.283589+00
9324,2026-07-20 19:12:19.311429+00,upsert,OK,0,0,0,,2026-07-20 19:12:33.261098+00
9323,2026-07-20 19:12:19.311429+00,gate,OK,0,1,0,"{""rejected_by_corr"": 1}",2026-07-20 19:12:33.252617+00
9322,2026-07-20 19:12:19.311429+00,rank,OK,28,1,1,,2026-07-20 19:12:33.201651+00
9321,2026-07-20 19:12:19.311429+00,state,OK,25,1,1,,2026-07-20 19:12:33.181168+00
9320,2026-07-20 19:12:19.311429+00,scan,OK,11172,5,1,"{""signals_found"": 1, ""symbols_scanned"": 5}",2026-07-20 19:12:33.102578+00
9319,2026-07-20 19:12:19.311429+00,cleanup,OK,11,0,1,"{""expired"": 1}",2026-07-20 19:12:21.872374+00
9318,2026-07-20 19:12:19.311429+00,unknown,OK,2264,0,0,"{""closed"": 0}",2026-07-20 19:12:19.588797+00
9317,2026-07-20 19:12:19.311429+00,pre_flight,OK,202,0,0,,2026-07-20 19:12:19.381376+00
9316,2026-07-20 19:07:03.778851+00,invariants,WARN,27,0,0,"{""breaches"": [""INVARIANT BREACH: expiry mismatch for BTCUSDT""]}",2026-07-20 19:07:19.204125+00
9315,2026-07-20 19:07:03.778851+00,snapshot,OK,0,1,1,,2026-07-20 19:07:16.573858+00
9314,2026-07-20 19:07:03.778851+00,upsert,OK,0,0,0,,2026-07-20 19:07:16.55509+00
9313,2026-07-20 19:07:03.778851+00,gate,OK,0,2,0,"{""rejected_by_corr"": 2}",2026-07-20 19:07:16.552084+00
9312,2026-07-20 19:07:03.778851+00,rank,OK,21,2,2,,2026-07-20 19:07:16.502788+00
9311,2026-07-20 19:07:03.778851+00,state,OK,17,1,2,,2026-07-20 19:07:16.489322+00
9310,2026-07-20 19:07:03.778851+00,scan,OK,10621,5,1,"{""signals_found"": 1, ""symbols_scanned"": 5}",2026-07-20 19:07:16.434163+00
9309,2026-07-20 19:07:03.778851+00,cleanup,OK,37,0,1,"{""expired"": 1}",2026-07-20 19:07:05.770572+00
9308,2026-07-20 19:07:03.778851+00,unknown,OK,1729,0,0,"{""closed"": 0}",2026-07-20 19:07:03.995882+00
9307,2026-07-20 19:07:03.778851+00,pre_flight,OK,128,0,0,,2026-07-20 19:07:03.858225+00
9306,2026-07-20 19:01:48.329083+00,invariants,OK,12,0,0,,2026-07-20 19:02:03.66031+00
9305,2026-07-20 19:01:48.329083+00,snapshot,OK,0,1,1,,2026-07-20 19:02:01.368023+00
9304,2026-07-20 19:01:48.329083+00,upsert,OK,0,0,0,,2026-07-20 19:02:01.349194+00
9303,2026-07-20 19:01:48.329083+00,gate,OK,0,3,0,"{""rejected_by_corr"": 3}",2026-07-20 19:02:01.343984+00
9302,2026-07-20 19:01:48.329083+00,rank,OK,26,3,3,,2026-07-20 19:02:01.25585+00
9301,2026-07-20 19:01:48.329083+00,state,OK,21,1,3,,2026-07-20 19:02:01.229269+00
9300,2026-07-20 19:01:48.329083+00,scan,OK,10834,5,1,"{""signals_found"": 1, ""symbols_scanned"": 5}",2026-07-20 19:02:01.158612+00
9299,2026-07-20 19:01:48.329083+00,cleanup,OK,9,0,0,"{""expired"": 0}",2026-07-20 19:01:50.284509+00
9298,2026-07-20 19:01:48.329083+00,unknown,OK,1667,0,0,"{""closed"": 0}",2026-07-20 19:01:48.603046+00
9297,2026-07-20 19:01:48.329083+00,pre_flight,OK,159,0,0,,2026-07-20 19:01:48.433735+00
9296,2026-07-20 18:56:32.692048+00,invariants,OK,7,0,0,,2026-07-20 18:56:48.243858+00
9295,2026-07-20 18:56:32.692048+00,snapshot,OK,0,1,1,,2026-07-20 18:56:46.506005+00
9294,2026-07-20 18:56:32.692048+00,upsert,OK,0,0,0,,2026-07-20 18:56:46.478082+00
9293,2026-07-20 18:56:32.692048+00,gate,OK,0,3,0,"{""rejected_by_corr"": 3}",2026-07-20 18:56:46.469029+00
9292,2026-07-20 18:56:32.692048+00,rank,OK,17,3,3,,2026-07-20 18:56:46.337744+00
9291,2026-07-20 18:56:32.692048+00,state,OK,59,1,3,,2026-07-20 18:56:46.318715+00
9290,2026-07-20 18:56:32.692048+00,scan,OK,10775,5,1,"{""signals_found"": 1, ""symbols_scanned"": 5}",2026-07-20 18:56:46.099411+00
9289,2026-07-20 18:56:32.692048+00,cleanup,OK,8,0,0,"{""expired"": 0}",2026-07-20 18:56:35.284722+00
9288,2026-07-20 18:56:32.692048+00,unknown,OK,2280,0,0,"{""closed"": 0}",2026-07-20 18:56:32.985831+00
9287,2026-07-20 18:56:32.692048+00,pre_flight,OK,180,0,0,,2026-07-20 18:56:32.806555+00
9286,2026-07-20 18:51:17.461793+00,invariants,OK,16,0,0,,2026-07-20 18:51:32.573763+00
9285,2026-07-20 18:51:17.461793+00,snapshot,OK,0,1,1,,2026-07-20 18:51:31.124462+00
9284,2026-07-20 18:51:17.461793+00,upsert,OK,0,0,0,,2026-07-20 18:51:31.096785+00
9283,2026-07-20 18:51:17.461793+00,gate,OK,0,3,0,"{""rejected_by_corr"": 3}",2026-07-20 18:51:31.083861+00
9282,2026-07-20 18:51:17.461793+00,rank,OK,42,3,3,,2026-07-20 18:51:30.920858+00
9281,2026-07-20 18:51:17.461793+00,state,OK,53,1,3,,2026-07-20 18:51:30.888687+00
9280,2026-07-20 18:51:17.461793+00,scan,OK,10728,5,1,"{""signals_found"": 1, ""symbols_scanned"": 5}",2026-07-20 18:51:30.777619+00
9279,2026-07-20 18:51:17.461793+00,cleanup,OK,7,0,0,"{""expired"": 0}",2026-07-20 18:51:20.01342+00
9278,2026-07-20 18:51:17.461793+00,unknown,OK,2199,0,0,"{""closed"": 0}",2026-07-20 18:51:17.801791+00
9277,2026-07-20 18:51:17.461793+00,pre_flight,OK,246,0,0,,2026-07-20 18:51:17.54896+00
9276,2026-07-20 18:46:01.318093+00,invariants,OK,10,0,0,,2026-07-20 18:46:17.362019+00
9275,2026-07-20 18:46:01.318093+00,snapshot,OK,0,1,1,,2026-07-20 18:46:15.534348+00
9274,2026-07-20 18:46:01.318093+00,upsert,OK,0,0,0,,2026-07-20 18:46:15.51385+00
9273,2026-07-20 18:46:01.318093+00,gate,OK,0,3,0,"{""rejected_by_corr"": 3}",2026-07-20 18:46:15.500171+00
9272,2026-07-20 18:46:01.318093+00,rank,OK,22,3,3,,2026-07-20 18:46:15.428738+00
9271,2026-07-20 18:46:01.318093+00,state,OK,21,1,3,,2026-07-20 18:46:15.411206+00
9270,2026-07-20 18:46:01.318093+00,scan,OK,11352,5,1,"{""signals_found"": 1, ""symbols_scanned"": 5}",2026-07-20 18:46:15.345612+00
9269,2026-07-20 18:46:01.318093+00,cleanup,OK,7,0,0,"{""expired"": 0}",2026-07-20 18:46:03.963274+00
9268,2026-07-20 18:46:01.318093+00,unknown,OK,2393,0,0,"{""closed"": 0}",2026-07-20 18:46:01.557064+00
9267,2026-07-20 18:46:01.318093+00,pre_flight,OK,148,0,0,,2026-07-20 18:46:01.400239+00
9266,2026-07-20 18:40:47.302458+00,invariants,OK,26,0,0,,2026-07-20 18:41:01.210852+00
9265,2026-07-20 18:40:47.302458+00,snapshot,OK,0,1,1,,2026-07-20 18:40:59.876856+00
9264,2026-07-20 18:40:47.302458+00,upsert,OK,0,0,0,,2026-07-20 18:40:59.846935+00
9263,2026-07-20 18:40:47.302458+00,gate,OK,0,3,0,"{""rejected_by_corr"": 3}",2026-07-20 18:40:59.841117+00
9262,2026-07-20 18:40:47.302458+00,rank,OK,36,3,3,,2026-07-20 18:40:59.739296+00
9261,2026-07-20 18:40:47.302458+00,state,OK,36,1,3,,2026-07-20 18:40:59.71561+00
9260,2026-07-20 18:40:47.302458+00,scan,OK,9921,5,1,"{""signals_found"": 1, ""symbols_scanned"": 5}",2026-07-20 18:40:59.600343+00
9259,2026-07-20 18:40:47.302458+00,cleanup,OK,13,0,0,"{""expired"": 0}",2026-07-20 18:40:49.605196+00
9258,2026-07-20 18:40:47.302458+00,unknown,OK,1997,0,0,"{""closed"": 0}",2026-07-20 18:40:47.58485+00
9257,2026-07-20 18:40:47.302458+00,pre_flight,OK,173,0,0,,2026-07-20 18:40:47.402183+00
9256,2026-07-20 18:35:31.536243+00,invariants,OK,28,0,0,,2026-07-20 18:35:47.158541+00
9255,2026-07-20 18:35:31.536243+00,snapshot,OK,0,1,1,,2026-07-20 18:35:45.262403+00
9254,2026-07-20 18:35:31.536243+00,upsert,OK,0,0,0,,2026-07-20 18:35:45.240458+00
9253,2026-07-20 18:35:31.536243+00,gate,OK,0,3,0,"{""rejected_by_corr"": 3}",2026-07-20 18:35:45.226105+00
9252,2026-07-20 18:35:31.536243+00,rank,OK,22,3,3,,2026-07-20 18:35:45.135846+00
9251,2026-07-20 18:35:31.536243+00,state,OK,25,1,3,,2026-07-20 18:35:45.116086+00
9250,2026-07-20 18:35:31.536243+00,scan,OK,11013,5,1,"{""signals_found"": 1, ""symbols_scanned"": 5}",2026-07-20 18:35:45.050056+00
9249,2026-07-20 18:35:31.536243+00,cleanup,OK,12,0,0,"{""expired"": 0}",2026-07-20 18:35:33.961802+00
9248,2026-07-20 18:35:31.536243+00,unknown,OK,2152,0,0,"{""closed"": 0}",2026-07-20 18:35:31.787786+00
9247,2026-07-20 18:35:31.536243+00,pre_flight,OK,161,0,0,,2026-07-20 18:35:31.628994+00
9246,2026-07-20 18:30:15.549151+00,invariants,OK,9,0,0,,2026-07-20 18:30:31.433018+00
9245,2026-07-20 18:30:15.549151+00,snapshot,OK,0,1,1,,2026-07-20 18:30:29.473226+00
9244,2026-07-20 18:30:15.549151+00,upsert,OK,0,0,0,,2026-07-20 18:30:29.448626+00
9243,2026-07-20 18:30:15.549151+00,gate,OK,0,3,0,"{""rejected_by_corr"": 3}",2026-07-20 18:30:29.441859+00
9242,2026-07-20 18:30:15.549151+00,rank,OK,20,3,3,,2026-07-20 18:30:29.367657+00
9241,2026-07-20 18:30:15.549151+00,state,OK,26,1,3,,2026-07-20 18:30:29.350532+00
9240,2026-07-20 18:30:15.549151+00,scan,OK,11109,5,1,"{""signals_found"": 1, ""symbols_scanned"": 5}",2026-07-20 18:30:29.278139+00
9239,2026-07-20 18:30:15.549151+00,cleanup,OK,17,0,0,"{""expired"": 0}",2026-07-20 18:30:18.110068+00
9238,2026-07-20 18:30:15.549151+00,unknown,OK,2258,0,0,"{""closed"": 0}",2026-07-20 18:30:15.822186+00
9237,2026-07-20 18:30:15.549151+00,pre_flight,OK,171,0,0,,2026-07-20 18:30:15.634132+00
9236,2026-07-20 18:24:59.539192+00,invariants,OK,13,0,0,,2026-07-20 18:25:15.42704+00
9235,2026-07-20 18:24:59.539192+00,snapshot,OK,0,1,1,,2026-07-20 18:25:13.607188+00
9234,2026-07-20 18:24:59.539192+00,upsert,OK,0,0,0,,2026-07-20 18:25:13.590751+00
9233,2026-07-20 18:24:59.539192+00,gate,OK,0,3,0,"{""rejected_by_corr"": 3}",2026-07-20 18:25:13.586034+00
9232,2026-07-20 18:24:59.539192+00,rank,OK,24,3,3,,2026-07-20 18:25:13.526333+00
9231,2026-07-20 18:24:59.539192+00,state,OK,22,1,3,,2026-07-20 18:25:13.507129+00
9230,2026-07-20 18:24:59.539192+00,scan,OK,11530,5,1,"{""signals_found"": 1, ""symbols_scanned"": 5}",2026-07-20 18:25:13.437324+00
9229,2026-07-20 18:24:59.539192+00,cleanup,OK,11,0,0,"{""expired"": 0}",2026-07-20 18:25:01.865381+00
9228,2026-07-20 18:24:59.539192+00,unknown,OK,2015,0,0,"{""closed"": 0}",2026-07-20 18:24:59.784283+00
9227,2026-07-20 18:24:59.539192+00,pre_flight,OK,165,0,0,,2026-07-20 18:24:59.623282+00
9226,2026-07-20 18:19:45.693941+00,invariants,OK,15,0,0,,2026-07-20 18:19:59.425159+00
9225,2026-07-20 18:19:45.693941+00,snapshot,OK,0,1,1,,2026-07-20 18:19:57.570276+00
9224,2026-07-20 18:19:45.693941+00,upsert,OK,0,0,0,,2026-07-20 18:19:57.551031+00
9223,2026-07-20 18:19:45.693941+00,gate,OK,0,3,0,"{""rejected_by_corr"": 3}",2026-07-20 18:19:57.546669+00
9222,2026-07-20 18:19:45.693941+00,rank,OK,25,3,3,,2026-07-20 18:19:57.485945+00
9221,2026-07-20 18:19:45.693941+00,state,OK,17,1,3,,2026-07-20 18:19:57.472844+00
9220,2026-07-20 18:19:45.693941+00,scan,OK,9331,5,1,"{""signals_found"": 1, ""symbols_scanned"": 5}",2026-07-20 18:19:57.403598+00
9219,2026-07-20 18:19:45.693941+00,cleanup,OK,7,0,0,"{""expired"": 0}",2026-07-20 18:19:48.006333+00
9218,2026-07-20 18:19:45.693941+00,unknown,OK,1993,0,0,"{""closed"": 0}",2026-07-20 18:19:45.999252+00
9217,2026-07-20 18:19:45.693941+00,pre_flight,OK,196,0,0,,2026-07-20 18:19:45.797975+00
9216,2026-07-20 18:14:29.694675+00,invariants,OK,10,0,0,,2026-07-20 18:14:45.568369+00
9215,2026-07-20 18:14:29.694675+00,snapshot,OK,0,1,1,,2026-07-20 18:14:43.759716+00
9214,2026-07-20 18:14:29.694675+00,upsert,OK,0,0,0,,2026-07-20 18:14:43.737762+00
9213,2026-07-20 18:14:29.694675+00,gate,OK,0,2,0,"{""rejected_by_corr"": 2}",2026-07-20 18:14:43.730566+00
9212,2026-07-20 18:14:29.694675+00,rank,OK,28,2,2,,2026-07-20 18:14:43.651949+00
9211,2026-07-20 18:14:29.694675+00,state,OK,0,0,2,,2026-07-20 18:14:43.635443+00
9210,2026-07-20 18:14:29.694675+00,scan,OK,11195,5,0,"{""signals_found"": 0, ""symbols_scanned"": 5}",2026-07-20 18:14:43.624774+00
9209,2026-07-20 18:14:29.694675+00,cleanup,OK,7,0,0,"{""expired"": 0}",2026-07-20 18:14:32.374219+00
9208,2026-07-20 18:14:29.694675+00,unknown,OK,2419,0,0,"{""closed"": 0}",2026-07-20 18:14:29.939241+00
9207,2026-07-20 18:14:29.694675+00,pre_flight,OK,165,0,0,,2026-07-20 18:14:29.767427+00
9206,2026-07-20 18:09:14.076533+00,invariants,OK,22,0,0,,2026-07-20 18:09:29.572928+00
9205,2026-07-20 18:09:14.076533+00,snapshot,OK,0,1,1,,2026-07-20 18:09:28.25779+00
9204,2026-07-20 18:09:14.076533+00,upsert,OK,0,0,0,,2026-07-20 18:09:28.216956+00
9203,2026-07-20 18:09:14.076533+00,gate,OK,0,2,0,"{""rejected_by_corr"": 2}",2026-07-20 18:09:28.203849+00
9202,2026-07-20 18:09:14.076533+00,rank,OK,24,2,2,,2026-07-20 18:09:28.118217+00
9201,2026-07-20 18:09:14.076533+00,state,OK,0,0,2,,2026-07-20 18:09:28.094151+00
9200,2026-07-20 18:09:14.076533+00,scan,OK,11655,5,0,"{""signals_found"": 0, ""symbols_scanned"": 5}",2026-07-20 18:09:28.082649+00
9199,2026-07-20 18:09:14.076533+00,cleanup,OK,11,0,0,"{""expired"": 0}",2026-07-20 18:09:16.328281+00
9198,2026-07-20 18:09:14.076533+00,unknown,OK,2006,0,0,"{""closed"": 0}",2026-07-20 18:09:14.29786+00
9197,2026-07-20 18:09:14.076533+00,pre_flight,OK,147,0,0,,2026-07-20 18:09:14.148841+00
9196,2026-07-20 18:03:57.563189+00,invariants,OK,14,0,0,,2026-07-20 18:04:13.928917+00
9195,2026-07-20 18:03:57.563189+00,snapshot,OK,0,1,1,,2026-07-20 18:04:11.956218+00
9194,2026-07-20 18:03:57.563189+00,upsert,OK,0,0,0,,2026-07-20 18:04:11.940821+00
9193,2026-07-20 18:03:57.563189+00,gate,OK,0,2,0,"{""rejected_by_corr"": 2}",2026-07-20 18:04:11.937759+00
9192,2026-07-20 18:03:57.563189+00,rank,OK,26,2,2,,2026-07-20 18:04:11.879012+00
9191,2026-07-20 18:03:57.563189+00,state,OK,0,0,2,,2026-07-20 18:04:11.86224+00
9190,2026-07-20 18:03:57.563189+00,scan,OK,10661,5,0,"{""signals_found"": 0, ""symbols_scanned"": 5}",2026-07-20 18:04:08.48988+00
9189,2026-07-20 18:03:57.563189+00,cleanup,OK,7,0,0,"{""expired"": 0}",2026-07-20 18:03:57.77479+00
9188,2026-07-20 18:03:57.563189+00,unknown,OK,1,0,0,"{""closed"": 0}",2026-07-20 18:03:57.755012+00
9187,2026-07-20 18:03:57.563189+00,pre_flight,OK,128,0,0,,2026-07-20 18:03:57.625247+00
9186,2026-07-20 17:58:44.782572+00,invariants,OK,17,0,0,,2026-07-20 17:58:57.458901+00
9185,2026-07-20 17:58:44.782572+00,snapshot,OK,0,1,1,,2026-07-20 17:58:55.898751+00
9184,2026-07-20 17:58:44.782572+00,upsert,OK,24,1,1,,2026-07-20 17:58:55.839917+00
9183,2026-07-20 17:58:44.782572+00,gate,OK,0,2,1,"{""rejected_by_corr"": 1}",2026-07-20 17:58:55.801087+00
9182,2026-07-20 17:58:44.782572+00,rank,OK,32,2,2,,2026-07-20 17:58:55.715176+00
9181,2026-07-20 17:58:44.782572+00,state,OK,0,0,2,,2026-07-20 17:58:55.687966+00
9180,2026-07-20 17:58:44.782572+00,scan,OK,10590,5,0,"{""signals_found"": 0, ""symbols_scanned"": 5}",2026-07-20 17:58:55.678017+00
9179,2026-07-20 17:58:44.782572+00,cleanup,OK,9,0,0,"{""expired"": 0}",2026-07-20 17:58:45.020019+00
9178,2026-07-20 17:58:44.782572+00,unknown,OK,1,0,0,"{""closed"": 0}",2026-07-20 17:58:45.003974+00
9177,2026-07-20 17:58:44.782572+00,pre_flight,OK,130,0,0,,2026-07-20 17:58:44.871277+00
9176,2026-07-20 17:53:29.816498+00,invariants,OK,27,0,0,,2026-07-20 17:53:44.633516+00
9175,2026-07-20 17:53:29.816498+00,snapshot,OK,0,1,1,,2026-07-20 17:53:43.29507+00
9174,2026-07-20 17:53:29.816498+00,upsert,OK,0,0,0,,2026-07-20 17:53:43.277678+00
9173,2026-07-20 17:53:29.816498+00,gate,OK,0,2,0,"{""rejected_by_corr"": 2}",2026-07-20 17:53:43.274137+00
9172,2026-07-20 17:53:29.816498+00,rank,OK,24,2,2,,2026-07-20 17:53:43.238388+00
9171,2026-07-20 17:53:29.816498+00,state,OK,0,0,2,,2026-07-20 17:53:43.219658+00
9170,2026-07-20 17:53:29.816498+00,scan,OK,10947,5,0,"{""signals_found"": 0, ""symbols_scanned"": 5}",2026-07-20 17:53:43.207918+00
9169,2026-07-20 17:53:29.816498+00,cleanup,OK,7,0,0,"{""expired"": 0}",2026-07-20 17:53:32.204287+00
9168,2026-07-20 17:53:29.816498+00,unknown,OK,2107,0,0,"{""closed"": 0}",2026-07-20 17:53:30.081035+00
9167,2026-07-20 17:53:29.816498+00,pre_flight,OK,173,0,0,,2026-07-20 17:53:29.901931+00
9166,2026-07-20 17:48:15.304105+00,invariants,OK,22,0,0,,2026-07-20 17:48:29.716609+00
9165,2026-07-20 17:48:15.304105+00,snapshot,OK,0,1,1,,2026-07-20 17:48:28.382817+00
9164,2026-07-20 17:48:15.304105+00,upsert,OK,0,0,0,,2026-07-20 17:48:28.362278+00
9163,2026-07-20 17:48:15.304105+00,gate,OK,0,2,0,"{""rejected_by_corr"": 2}",2026-07-20 17:48:28.353058+00
9162,2026-07-20 17:48:15.304105+00,rank,OK,26,2,2,,2026-07-20 17:48:28.294423+00
9161,2026-07-20 17:48:15.304105+00,state,OK,0,0,2,,2026-07-20 17:48:28.273853+00
9160,2026-07-20 17:48:15.304105+00,scan,OK,10411,5,0,"{""signals_found"": 0, ""symbols_scanned"": 5}",2026-07-20 17:48:28.25031+00
9159,2026-07-20 17:48:15.304105+00,cleanup,OK,13,0,0,"{""expired"": 0}",2026-07-20 17:48:17.779356+00
9158,2026-07-20 17:48:15.304105+00,unknown,OK,2193,0,0,"{""closed"": 0}",2026-07-20 17:48:15.562081+00
9157,2026-07-20 17:48:15.304105+00,pre_flight,OK,165,0,0,,2026-07-20 17:48:15.406022+00
9156,2026-07-20 17:42:59.880273+00,invariants,OK,12,0,0,,2026-07-20 17:43:15.196373+00
9155,2026-07-20 17:42:59.880273+00,snapshot,OK,0,1,1,,2026-07-20 17:43:13.503916+00
9154,2026-07-20 17:42:59.880273+00,upsert,OK,0,0,0,,2026-07-20 17:43:13.487115+00
9153,2026-07-20 17:42:59.880273+00,gate,OK,0,2,0,"{""rejected_by_corr"": 2}",2026-07-20 17:43:13.480489+00
9152,2026-07-20 17:42:59.880273+00,rank,OK,28,2,2,,2026-07-20 17:43:13.434586+00
9151,2026-07-20 17:42:59.880273+00,state,OK,0,0,2,,2026-07-20 17:43:13.406868+00
9150,2026-07-20 17:42:59.880273+00,scan,OK,11137,5,0,"{""signals_found"": 0, ""symbols_scanned"": 5}",2026-07-20 17:43:13.39246+00
9149,2026-07-20 17:42:59.880273+00,cleanup,OK,5,0,0,"{""expired"": 0}",2026-07-20 17:43:02.202403+00
9148,2026-07-20 17:42:59.880273+00,unknown,OK,2111,0,0,"{""closed"": 0}",2026-07-20 17:43:00.076212+00
9147,2026-07-20 17:42:59.880273+00,pre_flight,OK,131,0,0,,2026-07-20 17:42:59.94738+00
9146,2026-07-20 17:37:44.945849+00,invariants,OK,13,0,0,,2026-07-20 17:37:59.782369+00
9145,2026-07-20 17:37:44.945849+00,snapshot,OK,0,1,1,,2026-07-20 17:37:58.465907+00
9144,2026-07-20 17:37:44.945849+00,upsert,OK,0,0,0,,2026-07-20 17:37:58.447445+00
9143,2026-07-20 17:37:44.945849+00,gate,OK,0,2,0,"{""rejected_by_corr"": 2}",2026-07-20 17:37:58.442018+00
9142,2026-07-20 17:37:44.945849+00,rank,OK,26,2,2,,2026-07-20 17:37:58.403856+00
9141,2026-07-20 17:37:44.945849+00,state,OK,0,0,2,,2026-07-20 17:37:58.383447+00
9140,2026-07-20 17:37:44.945849+00,scan,OK,11201,5,0,"{""signals_found"": 0, ""symbols_scanned"": 5}",2026-07-20 17:37:58.373602+00
9139,2026-07-20 17:37:44.945849+00,cleanup,OK,7,0,0,"{""expired"": 0}",2026-07-20 17:37:47.135762+00
9138,2026-07-20 17:37:44.945849+00,unknown,OK,1957,0,0,"{""closed"": 0}",2026-07-20 17:37:45.160504+00
9137,2026-07-20 17:37:44.945849+00,pre_flight,OK,139,0,0,,2026-07-20 17:37:45.02031+00
9136,2026-07-20 17:32:29.851507+00,invariants,OK,18,0,0,,2026-07-20 17:32:44.812588+00
9135,2026-07-20 17:32:29.851507+00,snapshot,OK,0,1,1,,2026-07-20 17:32:42.876849+00
9134,2026-07-20 17:32:29.851507+00,upsert,OK,0,0,0,,2026-07-20 17:32:42.849802+00
9133,2026-07-20 17:32:29.851507+00,gate,OK,0,2,0,"{""rejected_by_corr"": 2}",2026-07-20 17:32:42.845177+00
9132,2026-07-20 17:32:29.851507+00,rank,OK,24,2,2,,2026-07-20 17:32:42.797858+00
9131,2026-07-20 17:32:29.851507+00,state,OK,0,0,2,,2026-07-20 17:32:42.77567+00
9130,2026-07-20 17:32:29.851507+00,scan,OK,10543,5,0,"{""signals_found"": 0, ""symbols_scanned"": 5}",2026-07-20 17:32:42.755223+00
9129,2026-07-20 17:32:29.851507+00,cleanup,OK,5,0,0,"{""expired"": 0}",2026-07-20 17:32:32.12866+00
9128,2026-07-20 17:32:29.851507+00,unknown,OK,2024,0,0,"{""closed"": 0}",2026-07-20 17:32:30.092153+00
9127,2026-07-20 17:32:29.851507+00,pre_flight,OK,158,0,0,,2026-07-20 17:32:29.930823+00
9126,2026-07-20 17:27:15.179898+00,invariants,OK,10,0,0,,2026-07-20 17:27:29.738322+00
9125,2026-07-20 17:27:15.179898+00,snapshot,OK,0,1,1,,2026-07-20 17:27:28.421434+00
9124,2026-07-20 17:27:15.179898+00,upsert,OK,0,0,0,,2026-07-20 17:27:28.405373+00
9123,2026-07-20 17:27:15.179898+00,gate,OK,0,2,0,"{""rejected_by_corr"": 2}",2026-07-20 17:27:28.400129+00
9122,2026-07-20 17:27:15.179898+00,rank,OK,22,2,2,,2026-07-20 17:27:28.360438+00
9121,2026-07-20 17:27:15.179898+00,state,OK,0,0,2,,2026-07-20 17:27:28.336525+00
9120,2026-07-20 17:27:15.179898+00,scan,OK,10492,5,0,"{""signals_found"": 0, ""symbols_scanned"": 5}",2026-07-20 17:27:28.329842+00
9119,2026-07-20 17:27:15.179898+00,cleanup,OK,12,0,0,"{""expired"": 0}",2026-07-20 17:27:17.747852+00
9118,2026-07-20 17:27:15.179898+00,unknown,OK,2313,0,0,"{""closed"": 0}",2026-07-20 17:27:15.405438+00
9117,2026-07-20 17:27:15.179898+00,pre_flight,OK,148,0,0,,2026-07-20 17:27:15.256251+00
9116,2026-07-20 17:22:00.661846+00,invariants,OK,10,0,0,,2026-07-20 17:22:15.057947+00
9115,2026-07-20 17:22:00.661846+00,snapshot,OK,0,1,1,,2026-07-20 17:22:13.705086+00
9114,2026-07-20 17:22:00.661846+00,upsert,OK,0,0,0,,2026-07-20 17:22:13.681426+00
9113,2026-07-20 17:22:00.661846+00,gate,OK,0,2,0,"{""rejected_by_corr"": 2}",2026-07-20 17:22:13.675428+00
9112,2026-07-20 17:22:00.661846+00,rank,OK,43,2,2,,2026-07-20 17:22:13.611875+00
9111,2026-07-20 17:22:00.661846+00,state,OK,0,0,2,,2026-07-20 17:22:13.579871+00
9110,2026-07-20 17:22:00.661846+00,scan,OK,10118,5,0,"{""signals_found"": 0, ""symbols_scanned"": 5}",2026-07-20 17:22:13.56795+00
9109,2026-07-20 17:22:00.661846+00,cleanup,OK,8,0,0,"{""expired"": 0}",2026-07-20 17:22:03.393285+00
9108,2026-07-20 17:22:00.661846+00,unknown,OK,2480,0,0,"{""closed"": 0}",2026-07-20 17:22:00.889569+00
9107,2026-07-20 17:22:00.661846+00,pre_flight,OK,137,0,0,,2026-07-20 17:22:00.7542+00
9106,2026-07-20 17:16:46.559492+00,invariants,OK,13,0,0,,2026-07-20 17:17:00.578242+00
9105,2026-07-20 17:16:46.559492+00,snapshot,OK,0,1,1,,2026-07-20 17:16:58.816737+00
9104,2026-07-20 17:16:46.559492+00,upsert,OK,0,0,0,,2026-07-20 17:16:58.792119+00
9103,2026-07-20 17:16:46.559492+00,gate,OK,0,2,0,"{""rejected_by_corr"": 2}",2026-07-20 17:16:58.783429+00
9102,2026-07-20 17:16:46.559492+00,rank,OK,32,2,2,,2026-07-20 17:16:58.71738+00
9101,2026-07-20 17:16:46.559492+00,state,OK,0,0,2,,2026-07-20 17:16:58.69872+00
9100,2026-07-20 17:16:46.559492+00,scan,OK,9657,5,0,"{""signals_found"": 0, ""symbols_scanned"": 5}",2026-07-20 17:16:58.68641+00
9099,2026-07-20 17:16:46.559492+00,cleanup,OK,17,0,0,"{""expired"": 0}",2026-07-20 17:16:48.986714+00
9098,2026-07-20 17:16:46.559492+00,unknown,OK,1991,0,0,"{""closed"": 0}",2026-07-20 17:16:46.965219+00
9097,2026-07-20 17:16:46.559492+00,pre_flight,OK,188,0,0,,2026-07-20 17:16:46.782299+00
9096,2026-07-20 17:11:31.494451+00,invariants,OK,18,0,0,,2026-07-20 17:11:46.43335+00
9095,2026-07-20 17:11:31.494451+00,snapshot,OK,0,1,1,,2026-07-20 17:11:44.115493+00
9094,2026-07-20 17:11:31.494451+00,upsert,OK,0,0,0,,2026-07-20 17:11:44.091855+00
9093,2026-07-20 17:11:31.494451+00,gate,OK,0,2,0,"{""rejected_by_corr"": 2}",2026-07-20 17:11:44.080626+00
9092,2026-07-20 17:11:31.494451+00,rank,OK,20,2,2,,2026-07-20 17:11:44.039024+00
9091,2026-07-20 17:11:31.494451+00,state,OK,27,1,2,,2026-07-20 17:11:44.007881+00
9090,2026-07-20 17:11:31.494451+00,scan,OK,10226,5,1,"{""signals_found"": 1, ""symbols_scanned"": 5}",2026-07-20 17:11:43.934261+00
9089,2026-07-20 17:11:31.494451+00,cleanup,OK,6,0,0,"{""expired"": 0}",2026-07-20 17:11:33.669411+00
9088,2026-07-20 17:11:31.494451+00,unknown,OK,1897,0,0,"{""closed"": 0}",2026-07-20 17:11:31.759451+00
9087,2026-07-20 17:11:31.494451+00,pre_flight,OK,183,0,0,,2026-07-20 17:11:31.576454+00
9086,2026-07-20 17:06:17.029418+00,invariants,OK,20,0,0,,2026-07-20 17:06:31.356478+00
9085,2026-07-20 17:06:17.029418+00,snapshot,OK,0,1,1,,2026-07-20 17:06:30.080844+00
9084,2026-07-20 17:06:17.029418+00,upsert,OK,0,0,0,,2026-07-20 17:06:30.065139+00
9083,2026-07-20 17:06:17.029418+00,gate,OK,0,2,0,"{""rejected_by_corr"": 2}",2026-07-20 17:06:30.061302+00
9082,2026-07-20 17:06:17.029418+00,rank,OK,20,2,2,,2026-07-20 17:06:30.02339+00
9081,2026-07-20 17:06:17.029418+00,state,OK,34,2,2,,2026-07-20 17:06:30.006916+00
9080,2026-07-20 17:06:17.029418+00,scan,OK,10971,5,2,"{""signals_found"": 2, ""symbols_scanned"": 5}",2026-07-20 17:06:29.902577+00
9079,2026-07-20 17:06:17.029418+00,cleanup,OK,7,0,0,"{""expired"": 0}",2026-07-20 17:06:18.89669+00
9078,2026-07-20 17:06:17.029418+00,unknown,OK,1624,0,0,"{""closed"": 0}",2026-07-20 17:06:17.259278+00
9077,2026-07-20 17:06:17.029418+00,pre_flight,OK,151,0,0,,2026-07-20 17:06:17.104002+00
9076,2026-07-20 17:01:01.74198+00,invariants,OK,13,0,0,,2026-07-20 17:01:16.899867+00
9075,2026-07-20 17:01:01.74198+00,snapshot,OK,0,1,1,,2026-07-20 17:01:15.587922+00
9074,2026-07-20 17:01:01.74198+00,upsert,OK,0,0,0,,2026-07-20 17:01:15.567496+00
9073,2026-07-20 17:01:01.74198+00,gate,OK,0,2,0,"{""rejected_by_corr"": 2}",2026-07-20 17:01:15.561943+00
9072,2026-07-20 17:01:01.74198+00,rank,OK,20,2,2,,2026-07-20 17:01:15.514082+00
9071,2026-07-20 17:01:01.74198+00,state,OK,38,2,2,,2026-07-20 17:01:15.494652+00
9070,2026-07-20 17:01:01.74198+00,scan,OK,11377,5,2,"{""signals_found"": 2, ""symbols_scanned"": 5}",2026-07-20 17:01:15.390043+00
9069,2026-07-20 17:01:01.74198+00,cleanup,OK,11,0,0,"{""expired"": 0}",2026-07-20 17:01:03.972345+00
9068,2026-07-20 17:01:01.74198+00,unknown,OK,1901,0,0,"{""closed"": 0}",2026-07-20 17:01:02.053533+00
9067,2026-07-20 17:01:01.74198+00,pre_flight,OK,193,0,0,,2026-07-20 17:01:01.862906+00
9066,2026-07-20 16:55:46.730338+00,invariants,OK,15,0,0,,2026-07-20 16:56:01.610844+00
9065,2026-07-20 16:55:46.730338+00,snapshot,OK,0,1,1,,2026-07-20 16:55:59.76704+00
9064,2026-07-20 16:55:46.730338+00,upsert,OK,0,0,0,,2026-07-20 16:55:59.732793+00
9063,2026-07-20 16:55:46.730338+00,gate,OK,0,2,0,"{""rejected_by_corr"": 2}",2026-07-20 16:55:59.724383+00
9062,2026-07-20 16:55:46.730338+00,rank,OK,23,2,2,,2026-07-20 16:55:59.678552+00
9061,2026-07-20 16:55:46.730338+00,state,OK,70,2,2,,2026-07-20 16:55:59.649632+00
9060,2026-07-20 16:55:46.730338+00,scan,OK,10328,5,2,"{""signals_found"": 2, ""symbols_scanned"": 5}",2026-07-20 16:55:59.51107+00
9059,2026-07-20 16:55:46.730338+00,cleanup,OK,14,0,0,"{""expired"": 0}",2026-07-20 16:55:49.138282+00
9058,2026-07-20 16:55:46.730338+00,unknown,OK,2176,0,0,"{""closed"": 0}",2026-07-20 16:55:46.939679+00
9057,2026-07-20 16:55:46.730338+00,pre_flight,OK,137,0,0,,2026-07-20 16:55:46.803211+00
9056,2026-07-20 16:50:31.914252+00,invariants,OK,13,0,0,,2026-07-20 16:50:46.608846+00
9055,2026-07-20 16:50:31.914252+00,snapshot,OK,0,1,1,,2026-07-20 16:50:44.791023+00
9054,2026-07-20 16:50:31.914252+00,upsert,OK,0,0,0,,2026-07-20 16:50:44.774039+00
9053,2026-07-20 16:50:31.914252+00,gate,OK,0,2,0,"{""rejected_by_corr"": 2}",2026-07-20 16:50:44.763658+00
9052,2026-07-20 16:50:31.914252+00,rank,OK,26,2,2,,2026-07-20 16:50:44.718891+00
9051,2026-07-20 16:50:31.914252+00,state,OK,45,2,2,,2026-07-20 16:50:44.698518+00
9050,2026-07-20 16:50:31.914252+00,scan,OK,10476,5,2,"{""signals_found"": 2, ""symbols_scanned"": 5}",2026-07-20 16:50:44.571596+00
9049,2026-07-20 16:50:31.914252+00,cleanup,OK,7,0,0,"{""expired"": 0}",2026-07-20 16:50:34.039115+00
9048,2026-07-20 16:50:31.914252+00,unknown,OK,1950,0,0,"{""closed"": 0}",2026-07-20 16:50:32.069214+00
9047,2026-07-20 16:50:31.914252+00,pre_flight,OK,86,0,0,,2026-07-20 16:50:31.979885+00
9046,2026-07-20 16:45:16.489132+00,invariants,OK,16,0,0,,2026-07-20 16:45:31.784318+00
9045,2026-07-20 16:45:16.489132+00,snapshot,OK,0,1,1,,2026-07-20 16:45:30.426064+00
9044,2026-07-20 16:45:16.489132+00,upsert,OK,0,0,0,,2026-07-20 16:45:30.3971+00
9043,2026-07-20 16:45:16.489132+00,gate,OK,0,2,0,"{""rejected_by_corr"": 2}",2026-07-20 16:45:30.387218+00
9042,2026-07-20 16:45:16.489132+00,rank,OK,34,2,2,,2026-07-20 16:45:30.328+00
9041,2026-07-20 16:45:16.489132+00,state,OK,47,2,2,,2026-07-20 16:45:30.306195+00
9040,2026-07-20 16:45:16.489132+00,scan,OK,11159,5,2,"{""signals_found"": 2, ""symbols_scanned"": 5}",2026-07-20 16:45:30.186221+00
9039,2026-07-20 16:45:16.489132+00,cleanup,OK,7,0,0,"{""expired"": 0}",2026-07-20 16:45:18.984941+00
9038,2026-07-20 16:45:16.489132+00,unknown,OK,2173,0,0,"{""closed"": 0}",2026-07-20 16:45:16.787425+00
9037,2026-07-20 16:45:16.489132+00,pre_flight,OK,220,0,0,,2026-07-20 16:45:16.566257+00
9036,2026-07-20 16:40:00.277857+00,invariants,OK,19,0,0,,2026-07-20 16:40:16.35903+00
9035,2026-07-20 16:40:00.277857+00,snapshot,OK,0,1,1,,2026-07-20 16:40:14.998977+00
9034,2026-07-20 16:40:00.277857+00,upsert,OK,0,0,0,,2026-07-20 16:40:14.889024+00
9033,2026-07-20 16:40:00.277857+00,gate,OK,0,2,0,"{""rejected_by_corr"": 2}",2026-07-20 16:40:14.878361+00
9032,2026-07-20 16:40:00.277857+00,rank,OK,20,2,2,,2026-07-20 16:40:14.838959+00
9031,2026-07-20 16:40:00.277857+00,state,OK,48,2,2,,2026-07-20 16:40:14.817719+00
9030,2026-07-20 16:40:00.277857+00,scan,OK,10888,5,2,"{""signals_found"": 2, ""symbols_scanned"": 5}",2026-07-20 16:40:14.68247+00
9029,2026-07-20 16:40:00.277857+00,cleanup,OK,11,0,0,"{""expired"": 0}",2026-07-20 16:40:03.754832+00
9028,2026-07-20 16:40:00.277857+00,unknown,OK,3157,0,0,"{""closed"": 0}",2026-07-20 16:40:00.57626+00
9027,2026-07-20 16:40:00.277857+00,pre_flight,OK,184,0,0,,2026-07-20 16:40:00.396236+00
9026,2026-07-20 16:34:43.346295+00,invariants,OK,22,0,0,,2026-07-20 16:35:00.137083+00
9025,2026-07-20 16:34:43.346295+00,snapshot,OK,0,1,1,,2026-07-20 16:34:58.335099+00
9024,2026-07-20 16:34:43.346295+00,upsert,OK,0,0,0,,2026-07-20 16:34:58.318064+00
9023,2026-07-20 16:34:43.346295+00,gate,OK,0,2,0,"{""rejected_by_corr"": 2}",2026-07-20 16:34:58.312017+00
9022,2026-07-20 16:34:43.346295+00,rank,OK,18,2,2,,2026-07-20 16:34:58.276245+00
9021,2026-07-20 16:34:43.346295+00,state,OK,40,2,2,,2026-07-20 16:34:58.259954+00
9020,2026-07-20 16:34:43.346295+00,scan,OK,11700,5,2,"{""signals_found"": 2, ""symbols_scanned"": 5}",2026-07-20 16:34:58.157938+00
9019,2026-07-20 16:34:43.346295+00,cleanup,OK,15,0,0,"{""expired"": 0}",2026-07-20 16:34:46.38832+00
9018,2026-07-20 16:34:43.346295+00,unknown,OK,2717,0,0,"{""closed"": 0}",2026-07-20 16:34:43.646311+00
9017,2026-07-20 16:34:43.346295+00,pre_flight,OK,213,0,0,,2026-07-20 16:34:43.425307+00
9016,2026-07-20 16:29:26.322624+00,invariants,OK,12,0,0,,2026-07-20 16:29:43.189234+00
9015,2026-07-20 16:29:26.322624+00,snapshot,OK,0,1,1,,2026-07-20 16:29:41.871979+00
9014,2026-07-20 16:29:26.322624+00,upsert,OK,0,0,0,,2026-07-20 16:29:41.854061+00
9013,2026-07-20 16:29:26.322624+00,gate,OK,0,2,0,"{""rejected_by_corr"": 2}",2026-07-20 16:29:41.848536+00
9012,2026-07-20 16:29:26.322624+00,rank,OK,38,2,2,,2026-07-20 16:29:41.776057+00
9011,2026-07-20 16:29:26.322624+00,state,OK,35,2,2,,2026-07-20 16:29:41.752329+00
9010,2026-07-20 16:29:26.322624+00,scan,OK,12571,5,2,"{""signals_found"": 2, ""symbols_scanned"": 5}",2026-07-20 16:29:41.64918+00
9009,2026-07-20 16:29:26.322624+00,cleanup,OK,5,0,0,"{""expired"": 0}",2026-07-20 16:29:29.031436+00
9008,2026-07-20 16:29:26.322624+00,unknown,OK,2400,0,0,"{""closed"": 0}",2026-07-20 16:29:26.60963+00
9007,2026-07-20 16:29:26.322624+00,pre_flight,OK,178,0,0,,2026-07-20 16:29:26.436371+00
9006,2026-07-20 16:24:09.763701+00,invariants,OK,13,0,0,,2026-07-20 16:24:26.189964+00
9005,2026-07-20 16:24:09.763701+00,snapshot,OK,0,1,1,,2026-07-20 16:24:24.790854+00
9004,2026-07-20 16:24:09.763701+00,upsert,OK,0,0,0,,2026-07-20 16:24:24.770969+00
9003,2026-07-20 16:24:09.763701+00,gate,OK,0,2,0,"{""rejected_by_corr"": 2}",2026-07-20 16:24:24.765842+00
9002,2026-07-20 16:24:09.763701+00,rank,OK,23,2,2,,2026-07-20 16:24:24.711937+00
9001,2026-07-20 16:24:09.763701+00,state,OK,47,2,2,,2026-07-20 16:24:24.688511+00
9000,2026-07-20 16:24:09.763701+00,scan,OK,12337,5,2,"{""signals_found"": 2, ""symbols_scanned"": 5}",2026-07-20 16:24:24.57906+00
8999,2026-07-20 16:24:09.763701+00,cleanup,OK,12,0,0,"{""expired"": 0}",2026-07-20 16:24:12.183572+00
8998,2026-07-20 16:24:09.763701+00,unknown,OK,2018,0,0,"{""closed"": 0}",2026-07-20 16:24:10.137764+00
8997,2026-07-20 16:24:09.763701+00,pre_flight,OK,296,0,0,,2026-07-20 16:24:09.855776+00
8996,2026-07-20 16:18:50.326845+00,invariants,OK,11,0,0,,2026-07-20 16:19:09.642427+00
8995,2026-07-20 16:18:50.326845+00,snapshot,OK,0,1,1,,2026-07-20 16:19:07.194437+00
8994,2026-07-20 16:18:50.326845+00,upsert,OK,0,0,0,,2026-07-20 16:19:07.17077+00
8993,2026-07-20 16:18:50.326845+00,gate,OK,0,2,0,"{""rejected_by_corr"": 2}",2026-07-20 16:19:07.163923+00
8992,2026-07-20 16:18:50.326845+00,rank,OK,17,2,2,,2026-07-20 16:19:07.112592+00
8991,2026-07-20 16:18:50.326845+00,state,OK,54,2,2,,2026-07-20 16:19:07.085764+00
8990,2026-07-20 16:18:50.326845+00,scan,OK,14071,5,2,"{""signals_found"": 2, ""symbols_scanned"": 5}",2026-07-20 16:19:06.939728+00
8989,2026-07-20 16:18:50.326845+00,cleanup,OK,14,0,0,"{""expired"": 0}",2026-07-20 16:18:52.829944+00
8988,2026-07-20 16:18:50.326845+00,unknown,OK,2159,0,0,"{""closed"": 0}",2026-07-20 16:18:50.650298+00
8987,2026-07-20 16:18:50.326845+00,pre_flight,OK,226,0,0,,2026-07-20 16:18:50.42095+00
8986,2026-07-20 16:13:32.205859+00,invariants,OK,19,0,0,,2026-07-20 16:13:50.160124+00
8985,2026-07-20 16:13:32.205859+00,snapshot,OK,0,1,1,,2026-07-20 16:13:48.188157+00
8984,2026-07-20 16:13:32.205859+00,upsert,OK,0,0,0,,2026-07-20 16:13:48.164066+00
8983,2026-07-20 16:13:32.205859+00,gate,OK,0,2,0,"{""rejected_by_corr"": 2}",2026-07-20 16:13:48.157141+00
8982,2026-07-20 16:13:32.205859+00,rank,OK,36,2,2,,2026-07-20 16:13:48.082775+00
8981,2026-07-20 16:13:32.205859+00,state,OK,60,2,2,,2026-07-20 16:13:48.044739+00
8980,2026-07-20 16:13:32.205859+00,scan,OK,13015,5,2,"{""signals_found"": 2, ""symbols_scanned"": 5}",2026-07-20 16:13:47.861167+00
8979,2026-07-20 16:13:32.205859+00,cleanup,OK,7,0,0,"{""expired"": 0}",2026-07-20 16:13:34.797742+00
8978,2026-07-20 16:13:32.205859+00,unknown,OK,2220,0,0,"{""closed"": 0}",2026-07-20 16:13:32.562005+00
8977,2026-07-20 16:13:32.205859+00,pre_flight,OK,220,0,0,,2026-07-20 16:13:32.342164+00
8976,2026-07-20 16:08:16.960562+00,invariants,OK,18,0,0,,2026-07-20 16:08:32.069448+00
8975,2026-07-20 16:08:16.960562+00,snapshot,OK,0,1,1,,2026-07-20 16:08:30.386649+00
8974,2026-07-20 16:08:16.960562+00,upsert,OK,0,0,0,,2026-07-20 16:08:30.35706+00
8973,2026-07-20 16:08:16.960562+00,gate,OK,0,2,0,"{""rejected_by_corr"": 2}",2026-07-20 16:08:30.347369+00
8972,2026-07-20 16:08:16.960562+00,rank,OK,28,2,2,,2026-07-20 16:08:30.300532+00
8971,2026-07-20 16:08:16.960562+00,state,OK,22,1,2,,2026-07-20 16:08:30.276195+00
8970,2026-07-20 16:08:16.960562+00,scan,OK,10884,5,1,"{""signals_found"": 1, ""symbols_scanned"": 5}",2026-07-20 16:08:30.179165+00
8969,2026-07-20 16:08:16.960562+00,cleanup,OK,18,0,0,"{""expired"": 0}",2026-07-20 16:08:19.240844+00
8968,2026-07-20 16:08:16.960562+00,unknown,OK,1974,0,0,"{""closed"": 0}",2026-07-20 16:08:17.240856+00
8967,2026-07-20 16:08:16.960562+00,pre_flight,OK,176,0,0,,2026-07-20 16:08:17.042226+00
8966,2026-07-20 16:03:01.719329+00,invariants,OK,14,0,0,,2026-07-20 16:03:16.858515+00
8965,2026-07-20 16:03:01.719329+00,snapshot,OK,0,1,1,,2026-07-20 16:03:15.276587+00
8964,2026-07-20 16:03:01.719329+00,upsert,OK,0,0,0,,2026-07-20 16:03:15.258411+00
8963,2026-07-20 16:03:01.719329+00,gate,OK,0,1,0,"{""rejected_by_corr"": 1}",2026-07-20 16:03:15.254197+00
8962,2026-07-20 16:03:01.719329+00,rank,OK,19,1,1,,2026-07-20 16:03:15.220778+00
8961,2026-07-20 16:03:01.719329+00,state,OK,0,0,1,,2026-07-20 16:03:15.205609+00
8960,2026-07-20 16:03:01.719329+00,scan,OK,11043,5,0,"{""signals_found"": 0, ""symbols_scanned"": 5}",2026-07-20 16:03:15.19662+00
8959,2026-07-20 16:03:01.719329+00,cleanup,OK,13,0,0,"{""expired"": 0}",2026-07-20 16:03:04.096718+00
8958,2026-07-20 16:03:01.719329+00,unknown,OK,2076,0,0,"{""closed"": 0}",2026-07-20 16:03:02.001076+00
8957,2026-07-20 16:03:01.719329+00,pre_flight,OK,189,0,0,,2026-07-20 16:03:01.802206+00
8956,2026-07-20 15:57:45.272238+00,invariants,OK,11,0,0,,2026-07-20 15:58:01.600411+00
8955,2026-07-20 15:57:45.272238+00,snapshot,OK,0,1,1,,2026-07-20 15:57:59.817875+00
8954,2026-07-20 15:57:45.272238+00,upsert,OK,0,0,0,,2026-07-20 15:57:59.786286+00
8953,2026-07-20 15:57:45.272238+00,gate,OK,0,1,0,"{""rejected_by_corr"": 1}",2026-07-20 15:57:59.772294+00
8952,2026-07-20 15:57:45.272238+00,rank,OK,25,1,1,,2026-07-20 15:57:59.731849+00
8951,2026-07-20 15:57:45.272238+00,state,OK,0,0,1,,2026-07-20 15:57:59.714276+00
8950,2026-07-20 15:57:45.272238+00,scan,OK,11770,5,0,"{""signals_found"": 0, ""symbols_scanned"": 5}",2026-07-20 15:57:59.703476+00
8949,2026-07-20 15:57:45.272238+00,cleanup,OK,23,0,1,"{""expired"": 1}",2026-07-20 15:57:47.856207+00
8948,2026-07-20 15:57:45.272238+00,unknown,OK,2254,0,0,"{""closed"": 0}",2026-07-20 15:57:45.569249+00
8947,2026-07-20 15:57:45.272238+00,pre_flight,OK,209,0,0,,2026-07-20 15:57:45.357219+00
8946,2026-07-20 15:52:29.786426+00,invariants,OK,26,0,0,,2026-07-20 15:52:45.176518+00
8945,2026-07-20 15:52:29.786426+00,snapshot,OK,0,1,1,,2026-07-20 15:52:43.037454+00
8944,2026-07-20 15:52:29.786426+00,upsert,OK,0,0,0,,2026-07-20 15:52:43.018086+00
8943,2026-07-20 15:52:29.786426+00,gate,OK,0,2,0,"{""rejected_by_corr"": 2}",2026-07-20 15:52:42.99817+00
8942,2026-07-20 15:52:29.786426+00,rank,OK,29,2,2,,2026-07-20 15:52:42.945242+00
8941,2026-07-20 15:52:29.786426+00,state,OK,0,0,2,,2026-07-20 15:52:42.912962+00
8940,2026-07-20 15:52:29.786426+00,scan,OK,10581,5,0,"{""signals_found"": 0, ""symbols_scanned"": 5}",2026-07-20 15:52:42.894838+00
8939,2026-07-20 15:52:29.786426+00,cleanup,OK,15,0,0,"{""expired"": 0}",2026-07-20 15:52:32.266405+00
8938,2026-07-20 15:52:29.786426+00,unknown,OK,2032,0,0,"{""closed"": 0}",2026-07-20 15:52:30.21007+00
8937,2026-07-20 15:52:29.786426+00,pre_flight,OK,182,0,0,,2026-07-20 15:52:29.884245+00
8936,2026-07-20 15:47:14.202273+00,invariants,OK,21,0,0,,2026-07-20 15:47:29.650869+00
8935,2026-07-20 15:47:14.202273+00,snapshot,OK,0,1,1,,2026-07-20 15:47:28.018265+00
8934,2026-07-20 15:47:14.202273+00,upsert,OK,0,0,0,,2026-07-20 15:47:27.992186+00
8933,2026-07-20 15:47:14.202273+00,gate,OK,0,2,0,"{""rejected_by_corr"": 2}",2026-07-20 15:47:27.987401+00
8932,2026-07-20 15:47:14.202273+00,rank,OK,23,2,2,,2026-07-20 15:47:27.943421+00
8931,2026-07-20 15:47:14.202273+00,state,OK,0,0,2,,2026-07-20 15:47:27.921585+00
8930,2026-07-20 15:47:14.202273+00,scan,OK,10642,5,0,"{""signals_found"": 0, ""symbols_scanned"": 5}",2026-07-20 15:47:27.912685+00
8929,2026-07-20 15:47:14.202273+00,cleanup,OK,14,0,0,"{""expired"": 0}",2026-07-20 15:47:17.215289+00
8928,2026-07-20 15:47:14.202273+00,unknown,OK,2631,0,0,"{""closed"": 0}",2026-07-20 15:47:14.558559+00
8927,2026-07-20 15:47:14.202273+00,pre_flight,OK,261,0,0,,2026-07-20 15:47:14.310846+00
8926,2026-07-20 15:41:58.448854+00,invariants,OK,12,0,0,,2026-07-20 15:42:14.064209+00
8925,2026-07-20 15:41:58.448854+00,snapshot,OK,0,1,1,,2026-07-20 15:42:12.332377+00
8924,2026-07-20 15:41:58.448854+00,upsert,OK,0,0,0,,2026-07-20 15:42:12.311079+00
8923,2026-07-20 15:41:58.448854+00,gate,OK,0,2,0,"{""rejected_by_corr"": 2}",2026-07-20 15:42:12.306497+00
8922,2026-07-20 15:41:58.448854+00,rank,OK,24,2,2,,2026-07-20 15:42:12.25906+00
8921,2026-07-20 15:41:58.448854+00,state,OK,0,0,2,,2026-07-20 15:42:12.240188+00
8920,2026-07-20 15:41:58.448854+00,scan,OK,11354,5,0,"{""signals_found"": 0, ""symbols_scanned"": 5}",2026-07-20 15:42:12.224378+00
8919,2026-07-20 15:41:58.448854+00,cleanup,OK,4,0,0,"{""expired"": 0}",2026-07-20 15:42:00.818158+00
8918,2026-07-20 15:41:58.448854+00,unknown,OK,2153,0,0,"{""closed"": 0}",2026-07-20 15:41:58.653091+00
8917,2026-07-20 15:41:58.448854+00,pre_flight,OK,126,0,0,,2026-07-20 15:41:58.526135+00
8916,2026-07-20 15:36:41.88929+00,invariants,OK,24,0,0,,2026-07-20 15:36:58.286794+00
8915,2026-07-20 15:36:41.88929+00,snapshot,OK,0,1,1,,2026-07-20 15:36:55.557059+00
8914,2026-07-20 15:36:41.88929+00,upsert,OK,0,0,0,,2026-07-20 15:36:55.536082+00
8913,2026-07-20 15:36:41.88929+00,gate,OK,0,2,0,"{""rejected_by_corr"": 2}",2026-07-20 15:36:55.524716+00
8912,2026-07-20 15:36:41.88929+00,rank,OK,21,2,2,,2026-07-20 15:36:55.479835+00
8911,2026-07-20 15:36:41.88929+00,state,OK,0,0,2,,2026-07-20 15:36:55.463849+00
8910,2026-07-20 15:36:41.88929+00,scan,OK,10919,5,0,"{""signals_found"": 0, ""symbols_scanned"": 5}",2026-07-20 15:36:55.451219+00
8909,2026-07-20 15:36:41.88929+00,cleanup,OK,18,0,0,"{""expired"": 0}",2026-07-20 15:36:44.479061+00
8908,2026-07-20 15:36:41.88929+00,unknown,OK,2292,0,0,"{""closed"": 0}",2026-07-20 15:36:42.141446+00
8907,2026-07-20 15:36:41.88929+00,pre_flight,OK,168,0,0,,2026-07-20 15:36:41.966939+00
8906,2026-07-20 15:31:26.188824+00,invariants,OK,10,0,0,,2026-07-20 15:31:41.766734+00
8905,2026-07-20 15:31:26.188824+00,snapshot,OK,0,1,1,,2026-07-20 15:31:39.062617+00
8904,2026-07-20 15:31:26.188824+00,upsert,OK,0,0,0,,2026-07-20 15:31:39.048207+00
8903,2026-07-20 15:31:26.188824+00,gate,OK,0,2,0,"{""rejected_by_corr"": 2}",2026-07-20 15:31:39.044775+00
8902,2026-07-20 15:31:26.188824+00,rank,OK,29,2,2,,2026-07-20 15:31:39.000858+00
8901,2026-07-20 15:31:26.188824+00,state,OK,0,0,2,,2026-07-20 15:31:38.980844+00
8900,2026-07-20 15:31:26.188824+00,scan,OK,10395,5,0,"{""signals_found"": 0, ""symbols_scanned"": 5}",2026-07-20 15:31:38.968959+00
8899,2026-07-20 15:31:26.188824+00,cleanup,OK,6,0,0,"{""expired"": 0}",2026-07-20 15:31:28.528715+00
8898,2026-07-20 15:31:26.188824+00,unknown,OK,2119,0,0,"{""closed"": 0}",2026-07-20 15:31:26.395967+00
8897,2026-07-20 15:31:26.188824+00,pre_flight,OK,132,0,0,,2026-07-20 15:31:26.264243+00
8896,2026-07-20 15:26:10.717165+00,invariants,OK,9,0,0,,2026-07-20 15:26:26.038918+00
8895,2026-07-20 15:26:10.717165+00,snapshot,OK,0,1,1,,2026-07-20 15:26:24.381853+00
8894,2026-07-20 15:26:10.717165+00,upsert,OK,0,0,0,,2026-07-20 15:26:24.348977+00
8893,2026-07-20 15:26:10.717165+00,gate,OK,0,2,0,"{""rejected_by_corr"": 2}",2026-07-20 15:26:24.339625+00
8892,2026-07-20 15:26:10.717165+00,rank,OK,33,2,2,,2026-07-20 15:26:24.277154+00
8891,2026-07-20 15:26:10.717165+00,state,OK,0,0,2,,2026-07-20 15:26:24.247657+00
8890,2026-07-20 15:26:10.717165+00,scan,OK,11324,5,0,"{""signals_found"": 0, ""symbols_scanned"": 5}",2026-07-20 15:26:24.238577+00
8889,2026-07-20 15:26:10.717165+00,cleanup,OK,6,0,0,"{""expired"": 0}",2026-07-20 15:26:12.876341+00
8888,2026-07-20 15:26:10.717165+00,unknown,OK,1880,0,0,"{""closed"": 0}",2026-07-20 15:26:10.984353+00
8887,2026-07-20 15:26:10.717165+00,pre_flight,OK,166,0,0,,2026-07-20 15:26:10.823777+00
8886,2026-07-20 15:20:54.240977+00,invariants,OK,15,0,0,,2026-07-20 15:21:10.607339+00
8885,2026-07-20 15:20:54.240977+00,snapshot,OK,0,1,1,,2026-07-20 15:21:08.413817+00
8884,2026-07-20 15:20:54.240977+00,upsert,OK,0,0,0,,2026-07-20 15:21:08.390386+00
8883,2026-07-20 15:20:54.240977+00,gate,OK,0,2,0,"{""rejected_by_corr"": 2}",2026-07-20 15:21:08.38384+00
8882,2026-07-20 15:20:54.240977+00,rank,OK,28,2,2,,2026-07-20 15:21:08.322649+00
8881,2026-07-20 15:20:54.240977+00,state,OK,0,0,2,,2026-07-20 15:21:08.303227+00
8880,2026-07-20 15:20:54.240977+00,scan,OK,11639,5,0,"{""signals_found"": 0, ""symbols_scanned"": 5}",2026-07-20 15:21:08.288157+00
8879,2026-07-20 15:20:54.240977+00,cleanup,OK,9,0,0,"{""expired"": 0}",2026-07-20 15:20:56.605637+00
8878,2026-07-20 15:20:54.240977+00,unknown,OK,2011,0,0,"{""closed"": 0}",2026-07-20 15:20:54.575496+00
8877,2026-07-20 15:20:54.240977+00,pre_flight,OK,227,0,0,,2026-07-20 15:20:54.340523+00
8876,2026-07-20 15:15:38.572522+00,invariants,OK,25,0,0,,2026-07-20 15:15:54.116886+00
8875,2026-07-20 15:15:38.572522+00,snapshot,OK,0,1,1,,2026-07-20 15:15:51.754156+00
8874,2026-07-20 15:15:38.572522+00,upsert,OK,0,0,0,,2026-07-20 15:15:51.728076+00
8873,2026-07-20 15:15:38.572522+00,gate,OK,0,2,0,"{""rejected_by_corr"": 2}",2026-07-20 15:15:51.719296+00
8872,2026-07-20 15:15:38.572522+00,rank,OK,30,2,2,,2026-07-20 15:15:51.666008+00
8871,2026-07-20 15:15:38.572522+00,state,OK,0,0,2,,2026-07-20 15:15:51.639849+00
8870,2026-07-20 15:15:38.572522+00,scan,OK,10491,5,0,"{""signals_found"": 0, ""symbols_scanned"": 5}",2026-07-20 15:15:51.624853+00
8869,2026-07-20 15:15:38.572522+00,cleanup,OK,10,0,0,"{""expired"": 0}",2026-07-20 15:15:41.069889+00
8868,2026-07-20 15:15:38.572522+00,unknown,OK,2204,0,0,"{""closed"": 0}",2026-07-20 15:15:38.845125+00
8867,2026-07-20 15:15:38.572522+00,pre_flight,OK,158,0,0,,2026-07-20 15:15:38.681489+00
8866,2026-07-20 15:10:22.728272+00,invariants,OK,10,0,0,,2026-07-20 15:10:38.472463+00
8865,2026-07-20 15:10:22.728272+00,snapshot,OK,0,1,1,,2026-07-20 15:10:36.289859+00
8864,2026-07-20 15:10:22.728272+00,upsert,OK,0,0,0,,2026-07-20 15:10:36.274339+00
8863,2026-07-20 15:10:22.728272+00,gate,OK,0,2,0,"{""rejected_by_corr"": 2}",2026-07-20 15:10:36.269437+00
8862,2026-07-20 15:10:22.728272+00,rank,OK,30,2,2,,2026-07-20 15:10:36.223225+00
8861,2026-07-20 15:10:22.728272+00,state,OK,0,0,2,,2026-07-20 15:10:36.197434+00
8860,2026-07-20 15:10:22.728272+00,scan,OK,11024,5,0,"{""signals_found"": 0, ""symbols_scanned"": 5}",2026-07-20 15:10:36.188053+00
8859,2026-07-20 15:10:22.728272+00,cleanup,OK,8,0,0,"{""expired"": 0}",2026-07-20 15:10:25.07335+00
8858,2026-07-20 15:10:22.728272+00,unknown,OK,2040,0,0,"{""closed"": 0}",2026-07-20 15:10:23.004537+00
8857,2026-07-20 15:10:22.728272+00,pre_flight,OK,195,0,0,,2026-07-20 15:10:22.80816+00
8856,2026-07-20 15:05:05.930846+00,invariants,OK,14,0,0,,2026-07-20 15:05:22.627882+00
8855,2026-07-20 15:05:05.930846+00,snapshot,OK,0,1,1,,2026-07-20 15:05:21.067838+00
8854,2026-07-20 15:05:05.930846+00,upsert,OK,0,0,0,,2026-07-20 15:05:21.052605+00
8853,2026-07-20 15:05:05.930846+00,gate,OK,0,2,0,"{""rejected_by_corr"": 2}",2026-07-20 15:05:21.045278+00
8852,2026-07-20 15:05:05.930846+00,rank,OK,37,2,2,,2026-07-20 15:05:20.989058+00
8851,2026-07-20 15:05:05.930846+00,state,OK,0,0,2,,2026-07-20 15:05:20.971733+00
8850,2026-07-20 15:05:05.930846+00,scan,OK,12468,5,0,"{""signals_found"": 0, ""symbols_scanned"": 5}",2026-07-20 15:05:20.958257+00
8849,2026-07-20 15:05:05.930846+00,cleanup,OK,12,0,0,"{""expired"": 0}",2026-07-20 15:05:08.436002+00
8848,2026-07-20 15:05:05.930846+00,unknown,OK,2206,0,0,"{""closed"": 0}",2026-07-20 15:05:06.209334+00
8847,2026-07-20 15:05:05.930846+00,pre_flight,OK,186,0,0,,2026-07-20 15:05:06.020654+00
8846,2026-07-20 14:59:49.465274+00,invariants,OK,37,0,0,,2026-07-20 15:00:05.798945+00
8845,2026-07-20 14:59:49.465274+00,snapshot,OK,0,1,1,,2026-07-20 15:00:03.616124+00
8844,2026-07-20 14:59:49.465274+00,upsert,OK,0,0,0,,2026-07-20 15:00:03.584671+00
8843,2026-07-20 14:59:49.465274+00,gate,OK,0,2,0,"{""rejected_by_corr"": 2}",2026-07-20 15:00:03.576858+00
8842,2026-07-20 14:59:49.465274+00,rank,OK,22,2,2,,2026-07-20 15:00:03.510645+00
8841,2026-07-20 14:59:49.465274+00,state,OK,0,0,2,,2026-07-20 15:00:03.497633+00
8840,2026-07-20 14:59:49.465274+00,scan,OK,11827,5,0,"{""signals_found"": 0, ""symbols_scanned"": 5}",2026-07-20 15:00:03.487224+00
8839,2026-07-20 14:59:49.465274+00,cleanup,OK,12,0,0,"{""expired"": 0}",2026-07-20 14:59:51.586306+00
8838,2026-07-20 14:59:49.465274+00,unknown,OK,1901,0,0,"{""closed"": 0}",2026-07-20 14:59:49.661248+00
8837,2026-07-20 14:59:49.465274+00,pre_flight,OK,115,0,0,,2026-07-20 14:59:49.547691+00
8836,2026-07-20 14:54:31.556777+00,invariants,OK,13,0,0,,2026-07-20 14:54:49.354347+00
8835,2026-07-20 14:54:31.556777+00,snapshot,OK,0,1,1,,2026-07-20 14:54:46.964058+00
8834,2026-07-20 14:54:31.556777+00,upsert,OK,0,0,0,,2026-07-20 14:54:46.938452+00
8833,2026-07-20 14:54:31.556777+00,gate,OK,0,2,0,"{""rejected_by_corr"": 2}",2026-07-20 14:54:46.930204+00
8832,2026-07-20 14:54:31.556777+00,rank,OK,28,2,2,,2026-07-20 14:54:46.883888+00
8831,2026-07-20 14:54:31.556777+00,state,OK,34,2,2,,2026-07-20 14:54:46.84119+00
8830,2026-07-20 14:54:31.556777+00,scan,OK,12306,5,2,"{""signals_found"": 2, ""symbols_scanned"": 5}",2026-07-20 14:54:46.710192+00
8829,2026-07-20 14:54:31.556777+00,cleanup,OK,18,0,0,"{""expired"": 0}",2026-07-20 14:54:34.348134+00
8828,2026-07-20 14:54:31.556777+00,unknown,OK,2486,0,0,"{""closed"": 0}",2026-07-20 14:54:31.835817+00
8827,2026-07-20 14:54:31.556777+00,pre_flight,OK,194,0,0,,2026-07-20 14:54:31.633398+00
8826,2026-07-20 14:49:15.686467+00,invariants,OK,15,0,0,,2026-07-20 14:49:31.442635+00
8825,2026-07-20 14:49:15.686467+00,snapshot,OK,0,1,1,,2026-07-20 14:49:29.418514+00
8824,2026-07-20 14:49:15.686467+00,upsert,OK,0,0,0,,2026-07-20 14:49:29.402151+00
8823,2026-07-20 14:49:15.686467+00,gate,OK,0,2,0,"{""rejected_by_corr"": 2}",2026-07-20 14:49:29.399244+00
8822,2026-07-20 14:49:15.686467+00,rank,OK,25,2,2,,2026-07-20 14:49:29.361464+00
8821,2026-07-20 14:49:15.686467+00,state,OK,26,2,2,,2026-07-20 14:49:29.346546+00
8820,2026-07-20 14:49:15.686467+00,scan,OK,11396,5,2,"{""signals_found"": 2, ""symbols_scanned"": 5}",2026-07-20 14:49:29.266073+00
8819,2026-07-20 14:49:15.686467+00,cleanup,OK,6,0,0,"{""expired"": 0}",2026-07-20 14:49:17.786295+00
8818,2026-07-20 14:49:15.686467+00,unknown,OK,1865,0,0,"{""closed"": 0}",2026-07-20 14:49:15.906583+00
8817,2026-07-20 14:49:15.686467+00,pre_flight,OK,136,0,0,,2026-07-20 14:49:15.767121+00
8816,2026-07-20 14:44:01.241892+00,invariants,OK,14,0,0,,2026-07-20 14:44:15.559013+00
8815,2026-07-20 14:44:01.241892+00,snapshot,OK,0,1,1,,2026-07-20 14:44:13.838018+00
8814,2026-07-20 14:44:01.241892+00,upsert,OK,0,0,0,,2026-07-20 14:44:13.821639+00
8813,2026-07-20 14:44:01.241892+00,gate,OK,0,2,0,"{""rejected_by_corr"": 2}",2026-07-20 14:44:13.818136+00
8812,2026-07-20 14:44:01.241892+00,rank,OK,21,2,2,,2026-07-20 14:44:13.780579+00
8811,2026-07-20 14:44:01.241892+00,state,OK,43,2,2,,2026-07-20 14:44:13.762397+00
8810,2026-07-20 14:44:01.241892+00,scan,OK,10080,5,2,"{""signals_found"": 2, ""symbols_scanned"": 5}",2026-07-20 14:44:13.63383+00
8809,2026-07-20 14:44:01.241892+00,cleanup,OK,15,0,1,"{""expired"": 1}",2026-07-20 14:44:03.478137+00
8808,2026-07-20 14:44:01.241892+00,unknown,OK,1982,0,0,"{""closed"": 0}",2026-07-20 14:44:01.468049+00
8807,2026-07-20 14:44:01.241892+00,pre_flight,OK,151,0,0,,2026-07-20 14:44:01.307626+00
8806,2026-07-20 14:38:45.268035+00,invariants,OK,6,0,0,,2026-07-20 14:39:01.080582+00
8805,2026-07-20 14:38:45.268035+00,snapshot,OK,0,1,1,,2026-07-20 14:38:58.891462+00
8804,2026-07-20 14:38:45.268035+00,upsert,OK,0,0,0,,2026-07-20 14:38:58.868444+00
8803,2026-07-20 14:38:45.268035+00,gate,OK,0,3,0,"{""rejected_by_corr"": 3}",2026-07-20 14:38:58.861625+00
8802,2026-07-20 14:38:45.268035+00,rank,OK,42,3,3,,2026-07-20 14:38:58.78834+00
8801,2026-07-20 14:38:45.268035+00,state,OK,62,2,3,,2026-07-20 14:38:58.755647+00
8800,2026-07-20 14:38:45.268035+00,scan,OK,10595,5,2,"{""signals_found"": 2, ""symbols_scanned"": 5}",2026-07-20 14:38:58.613306+00
8799,2026-07-20 14:38:45.268035+00,cleanup,OK,7,0,0,"{""expired"": 0}",2026-07-20 14:38:47.9384+00
8798,2026-07-20 14:38:45.268035+00,unknown,OK,2413,0,0,"{""closed"": 0}",2026-07-20 14:38:45.509703+00
8797,2026-07-20 14:38:45.268035+00,pre_flight,OK,163,0,0,,2026-07-20 14:38:45.342017+00
8796,2026-07-20 14:33:29.386858+00,invariants,OK,24,0,0,,2026-07-20 14:33:45.106867+00
8795,2026-07-20 14:33:29.386858+00,snapshot,OK,0,1,1,,2026-07-20 14:33:42.31838+00
8794,2026-07-20 14:33:29.386858+00,upsert,OK,0,0,0,,2026-07-20 14:33:42.296073+00
8793,2026-07-20 14:33:29.386858+00,gate,OK,0,3,0,"{""rejected_by_corr"": 3}",2026-07-20 14:33:42.288541+00
8792,2026-07-20 14:33:29.386858+00,rank,OK,31,3,3,,2026-07-20 14:33:42.233093+00
8791,2026-07-20 14:33:29.386858+00,state,OK,44,2,3,,2026-07-20 14:33:42.206373+00
8790,2026-07-20 14:33:29.386858+00,scan,OK,10251,5,2,"{""signals_found"": 2, ""symbols_scanned"": 5}",2026-07-20 14:33:42.082571+00
8789,2026-07-20 14:33:29.386858+00,cleanup,OK,14,0,0,"{""expired"": 0}",2026-07-20 14:33:31.775132+00
8788,2026-07-20 14:33:29.386858+00,unknown,OK,2049,0,0,"{""closed"": 0}",2026-07-20 14:33:29.702772+00
8787,2026-07-20 14:33:29.386858+00,pre_flight,OK,212,0,0,,2026-07-20 14:33:29.488758+00
8786,2026-07-20 14:28:14.025876+00,invariants,OK,9,0,0,,2026-07-20 14:28:29.246849+00
8785,2026-07-20 14:28:14.025876+00,snapshot,OK,0,1,1,,2026-07-20 14:28:27.485198+00
8784,2026-07-20 14:28:14.025876+00,upsert,OK,0,0,0,,2026-07-20 14:28:27.449091+00
8783,2026-07-20 14:28:14.025876+00,gate,OK,0,3,0,"{""rejected_by_corr"": 3}",2026-07-20 14:28:27.439455+00
8782,2026-07-20 14:28:14.025876+00,rank,OK,20,3,3,,2026-07-20 14:28:27.379938+00
8781,2026-07-20 14:28:14.025876+00,state,OK,46,2,3,,2026-07-20 14:28:27.362393+00
8780,2026-07-20 14:28:14.025876+00,scan,OK,10718,5,2,"{""signals_found"": 2, ""symbols_scanned"": 5}",2026-07-20 14:28:27.252551+00
8779,2026-07-20 14:28:14.025876+00,cleanup,OK,7,0,0,"{""expired"": 0}",2026-07-20 14:28:16.473321+00
8778,2026-07-20 14:28:14.025876+00,unknown,OK,2168,0,0,"{""closed"": 0}",2026-07-20 14:28:14.293018+00
8777,2026-07-20 14:28:14.025876+00,pre_flight,OK,153,0,0,,2026-07-20 14:28:14.135876+00
8776,2026-07-20 14:22:57.379156+00,invariants,OK,13,0,0,,2026-07-20 14:23:13.890852+00
8775,2026-07-20 14:22:57.379156+00,snapshot,OK,0,1,1,,2026-07-20 14:23:11.647554+00
8774,2026-07-20 14:22:57.379156+00,upsert,OK,0,0,0,,2026-07-20 14:23:11.630418+00
8773,2026-07-20 14:22:57.379156+00,gate,OK,0,3,0,"{""rejected_by_corr"": 3}",2026-07-20 14:23:11.62204+00
8772,2026-07-20 14:22:57.379156+00,rank,OK,31,3,3,,2026-07-20 14:23:11.562676+00
8771,2026-07-20 14:22:57.379156+00,state,OK,46,2,3,,2026-07-20 14:23:11.539327+00
8770,2026-07-20 14:22:57.379156+00,scan,OK,11576,5,2,"{""signals_found"": 2, ""symbols_scanned"": 5}",2026-07-20 14:23:11.41456+00
8769,2026-07-20 14:22:57.379156+00,cleanup,OK,10,0,0,"{""expired"": 0}",2026-07-20 14:22:59.781409+00
8768,2026-07-20 14:22:57.379156+00,unknown,OK,2131,0,0,"{""closed"": 0}",2026-07-20 14:22:57.632988+00
8767,2026-07-20 14:22:57.379156+00,pre_flight,OK,172,0,0,,2026-07-20 14:22:57.474525+00
8766,2026-07-20 14:17:40.818165+00,invariants,OK,11,0,0,,2026-07-20 14:17:57.282096+00
8765,2026-07-20 14:17:40.818165+00,snapshot,OK,0,1,1,,2026-07-20 14:17:55.044925+00
8764,2026-07-20 14:17:40.818165+00,upsert,OK,0,0,0,,2026-07-20 14:17:55.028395+00
8763,2026-07-20 14:17:40.818165+00,gate,OK,0,3,0,"{""rejected_by_corr"": 3}",2026-07-20 14:17:55.019848+00
8762,2026-07-20 14:17:40.818165+00,rank,OK,23,3,3,,2026-07-20 14:17:54.956215+00
8761,2026-07-20 14:17:40.818165+00,state,OK,64,2,3,,2026-07-20 14:17:54.930297+00
8760,2026-07-20 14:17:40.818165+00,scan,OK,11804,5,2,"{""signals_found"": 2, ""symbols_scanned"": 5}",2026-07-20 14:17:54.796415+00
8759,2026-07-20 14:17:40.818165+00,cleanup,OK,6,0,0,"{""expired"": 0}",2026-07-20 14:17:42.91901+00
8758,2026-07-20 14:17:40.818165+00,unknown,OK,1895,0,0,"{""closed"": 0}",2026-07-20 14:17:41.008111+00
8757,2026-07-20 14:17:40.818165+00,pre_flight,OK,118,0,0,,2026-07-20 14:17:40.891217+00
8756,2026-07-20 14:12:26.184049+00,invariants,OK,13,0,0,,2026-07-20 14:12:40.71033+00
8755,2026-07-20 14:12:26.184049+00,snapshot,OK,0,1,1,,2026-07-20 14:12:37.897314+00
8754,2026-07-20 14:12:26.184049+00,upsert,OK,0,0,0,,2026-07-20 14:12:37.88167+00
8753,2026-07-20 14:12:26.184049+00,gate,OK,0,3,0,"{""rejected_by_corr"": 3}",2026-07-20 14:12:37.877596+00
8752,2026-07-20 14:12:26.184049+00,rank,OK,24,3,3,,2026-07-20 14:12:37.822246+00
8751,2026-07-20 14:12:26.184049+00,state,OK,36,2,3,,2026-07-20 14:12:37.802573+00
8750,2026-07-20 14:12:26.184049+00,scan,OK,9581,5,2,"{""signals_found"": 2, ""symbols_scanned"": 5}",2026-07-20 14:12:37.717195+00
8749,2026-07-20 14:12:26.184049+00,cleanup,OK,5,0,0,"{""expired"": 0}",2026-07-20 14:12:28.085737+00
8748,2026-07-20 14:12:26.184049+00,unknown,OK,1684,0,0,"{""closed"": 0}",2026-07-20 14:12:26.382125+00
8747,2026-07-20 14:12:26.184049+00,pre_flight,OK,123,0,0,,2026-07-20 14:12:26.253826+00
8746,2026-07-20 14:07:09.972758+00,invariants,OK,14,0,0,,2026-07-20 14:07:26.053348+00
8745,2026-07-20 14:07:09.972758+00,snapshot,OK,0,1,1,,2026-07-20 14:07:23.385986+00
8744,2026-07-20 14:07:09.972758+00,upsert,OK,0,0,0,,2026-07-20 14:07:23.365888+00
8743,2026-07-20 14:07:09.972758+00,gate,OK,0,3,0,"{""rejected_by_corr"": 3}",2026-07-20 14:07:23.361524+00
8742,2026-07-20 14:07:09.972758+00,rank,OK,52,3,3,,2026-07-20 14:07:23.261229+00
8741,2026-07-20 14:07:09.972758+00,state,OK,53,2,3,,2026-07-20 14:07:23.224823+00
8740,2026-07-20 14:07:09.972758+00,scan,OK,10787,5,2,"{""signals_found"": 2, ""symbols_scanned"": 5}",2026-07-20 14:07:23.078935+00
8739,2026-07-20 14:07:09.972758+00,cleanup,OK,7,0,0,"{""expired"": 0}",2026-07-20 14:07:12.211067+00
8738,2026-07-20 14:07:09.972758+00,unknown,OK,1998,0,0,"{""closed"": 0}",2026-07-20 14:07:10.198338+00
8737,2026-07-20 14:07:09.972758+00,pre_flight,OK,140,0,0,,2026-07-20 14:07:10.052237+00
8736,2026-07-20 14:01:51.249668+00,invariants,OK,13,0,0,,2026-07-20 14:02:09.829732+00
8735,2026-07-20 14:01:51.249668+00,snapshot,OK,0,1,1,,2026-07-20 14:02:07.398706+00
8734,2026-07-20 14:01:51.249668+00,upsert,OK,0,0,0,,2026-07-20 14:02:07.376787+00
8733,2026-07-20 14:01:51.249668+00,gate,OK,0,4,0,"{""rejected_by_corr"": 4}",2026-07-20 14:02:07.372034+00
8732,2026-07-20 14:01:51.249668+00,rank,OK,25,4,4,,2026-07-20 14:02:07.283726+00
8731,2026-07-20 14:01:51.249668+00,state,OK,52,2,4,,2026-07-20 14:02:07.266333+00
8730,2026-07-20 14:01:51.249668+00,scan,OK,10806,5,2,"{""signals_found"": 2, ""symbols_scanned"": 5}",2026-07-20 14:02:07.145237+00
8729,2026-07-20 14:01:51.249668+00,cleanup,OK,13,0,0,"{""expired"": 0}",2026-07-20 14:01:56.29743+00
8728,2026-07-20 14:01:51.249668+00,unknown,OK,4682,0,0,"{""closed"": 0}",2026-07-20 14:01:51.594859+00
8727,2026-07-20 14:01:51.249668+00,pre_flight,OK,245,0,0,,2026-07-20 14:01:51.351+00
8726,2026-07-20 13:56:34.05884+00,invariants,OK,8,0,0,,2026-07-20 13:56:51.149245+00
8725,2026-07-20 13:56:34.05884+00,snapshot,OK,0,1,1,,2026-07-20 13:56:47.884424+00
8724,2026-07-20 13:56:34.05884+00,upsert,OK,0,0,0,,2026-07-20 13:56:47.853784+00
8723,2026-07-20 13:56:34.05884+00,gate,OK,0,4,0,"{""rejected_by_corr"": 4}",2026-07-20 13:56:47.84905+00
8722,2026-07-20 13:56:34.05884+00,rank,OK,26,4,4,,2026-07-20 13:56:47.747831+00
8721,2026-07-20 13:56:34.05884+00,state,OK,73,3,4,,2026-07-20 13:56:47.703882+00
8720,2026-07-20 13:56:34.05884+00,scan,OK,9972,5,3,"{""signals_found"": 3, ""symbols_scanned"": 5}",2026-07-20 13:56:47.519929+00
8719,2026-07-20 13:56:34.05884+00,cleanup,OK,6,0,0,"{""expired"": 0}",2026-07-20 13:56:37.503055+00
8718,2026-07-20 13:56:34.05884+00,unknown,OK,3151,0,0,"{""closed"": 0}",2026-07-20 13:56:34.336206+00
8717,2026-07-20 13:56:34.05884+00,pre_flight,OK,200,0,0,,2026-07-20 13:56:34.129269+00
8716,2026-07-20 13:51:16.40284+00,invariants,OK,26,0,0,,2026-07-20 13:51:33.929421+00
8715,2026-07-20 13:51:16.40284+00,snapshot,OK,0,1,1,,2026-07-20 13:51:32.160613+00
8714,2026-07-20 13:51:16.40284+00,upsert,OK,0,0,0,,2026-07-20 13:51:32.107654+00
8713,2026-07-20 13:51:16.40284+00,gate,OK,0,4,0,"{""rejected_by_corr"": 4}",2026-07-20 13:51:32.093106+00
8712,2026-07-20 13:51:16.40284+00,rank,OK,28,4,4,,2026-07-20 13:51:31.972757+00
8711,2026-07-20 13:51:16.40284+00,state,OK,100,3,4,,2026-07-20 13:51:31.949966+00
8710,2026-07-20 13:51:16.40284+00,scan,OK,10586,5,3,"{""signals_found"": 3, ""symbols_scanned"": 5}",2026-07-20 13:51:31.771383+00
8709,2026-07-20 13:51:16.40284+00,cleanup,OK,11,0,0,"{""expired"": 0}",2026-07-20 13:51:21.121454+00
8708,2026-07-20 13:51:16.40284+00,unknown,OK,4416,0,0,"{""closed"": 0}",2026-07-20 13:51:16.681585+00
8707,2026-07-20 13:51:16.40284+00,pre_flight,OK,213,0,0,,2026-07-20 13:51:16.461954+00
8706,2026-07-20 13:45:58.039268+00,invariants,OK,14,0,0,,2026-07-20 13:46:16.273482+00
8705,2026-07-20 13:45:58.039268+00,snapshot,OK,0,1,1,,2026-07-20 13:46:14.127899+00
8704,2026-07-20 13:45:58.039268+00,upsert,OK,0,0,0,,2026-07-20 13:46:14.110222+00
8703,2026-07-20 13:45:58.039268+00,gate,OK,0,3,0,"{""rejected_by_corr"": 3}",2026-07-20 13:46:14.105237+00
8702,2026-07-20 13:45:58.039268+00,rank,OK,22,3,3,,2026-07-20 13:46:14.050198+00
8701,2026-07-20 13:45:58.039268+00,state,OK,31,1,3,,2026-07-20 13:46:14.031016+00
8700,2026-07-20 13:45:58.039268+00,scan,OK,11065,5,1,"{""signals_found"": 1, ""symbols_scanned"": 5}",2026-07-20 13:46:13.94766+00
8699,2026-07-20 13:45:58.039268+00,cleanup,OK,9,0,0,"{""expired"": 0}",2026-07-20 13:46:02.850505+00
8698,2026-07-20 13:45:58.039268+00,unknown,OK,4582,0,0,"{""closed"": 0}",2026-07-20 13:45:58.253578+00
8697,2026-07-20 13:45:58.039268+00,pre_flight,OK,121,0,0,,2026-07-20 13:45:58.113588+00
8696,2026-07-20 13:40:40.994197+00,invariants,OK,19,0,0,,2026-07-20 13:40:57.881401+00
8695,2026-07-20 13:40:40.994197+00,snapshot,OK,0,1,1,,2026-07-20 13:40:55.776739+00
8694,2026-07-20 13:40:40.994197+00,upsert,OK,0,0,0,,2026-07-20 13:40:55.761854+00
8693,2026-07-20 13:40:40.994197+00,gate,OK,0,3,0,"{""rejected_by_corr"": 3}",2026-07-20 13:40:55.758137+00
8692,2026-07-20 13:40:40.994197+00,rank,OK,24,3,3,,2026-07-20 13:40:55.694139+00
8691,2026-07-20 13:40:40.994197+00,state,OK,27,1,3,,2026-07-20 13:40:55.673742+00
8690,2026-07-20 13:40:40.994197+00,scan,OK,9975,5,1,"{""signals_found"": 1, ""symbols_scanned"": 5}",2026-07-20 13:40:55.589341+00
8689,2026-07-20 13:40:40.994197+00,cleanup,OK,9,0,0,"{""expired"": 0}",2026-07-20 13:40:45.569766+00
8688,2026-07-20 13:40:40.994197+00,unknown,OK,4195,0,0,"{""closed"": 0}",2026-07-20 13:40:41.341215+00
8687,2026-07-20 13:40:40.994197+00,pre_flight,OK,251,0,0,,2026-07-20 13:40:41.094754+00
8686,2026-07-20 13:35:22.758311+00,invariants,OK,7,0,0,,2026-07-20 13:35:40.849658+00
8685,2026-07-20 13:35:22.758311+00,snapshot,OK,0,1,1,,2026-07-20 13:35:38.570177+00
8684,2026-07-20 13:35:22.758311+00,upsert,OK,0,0,0,,2026-07-20 13:35:38.538616+00
8683,2026-07-20 13:35:22.758311+00,gate,OK,0,3,0,"{""rejected_by_corr"": 3}",2026-07-20 13:35:38.531879+00
8682,2026-07-20 13:35:22.758311+00,rank,OK,31,3,3,,2026-07-20 13:35:38.427636+00
8681,2026-07-20 13:35:22.758311+00,state,OK,29,1,3,,2026-07-20 13:35:38.407224+00
8680,2026-07-20 13:35:22.758311+00,scan,OK,10795,5,1,"{""signals_found"": 1, ""symbols_scanned"": 5}",2026-07-20 13:35:38.308851+00
8679,2026-07-20 13:35:22.758311+00,cleanup,OK,14,0,1,"{""expired"": 1}",2026-07-20 13:35:27.46619+00
8678,2026-07-20 13:35:22.758311+00,unknown,OK,4336,0,0,"{""closed"": 0}",2026-07-20 13:35:23.106066+00
8677,2026-07-20 13:35:22.758311+00,pre_flight,OK,242,0,0,,2026-07-20 13:35:22.859209+00
8676,2026-07-20 13:30:03.897849+00,invariants,OK,14,0,0,,2026-07-20 13:30:22.621994+00
8675,2026-07-20 13:30:03.897849+00,snapshot,OK,0,1,1,,2026-07-20 13:30:20.346423+00
8674,2026-07-20 13:30:03.897849+00,upsert,OK,0,0,0,,2026-07-20 13:30:20.31859+00
8673,2026-07-20 13:30:03.897849+00,gate,OK,0,4,0,"{""rejected_by_corr"": 4}",2026-07-20 13:30:20.313264+00
8672,2026-07-20 13:30:03.897849+00,rank,OK,32,4,4,,2026-07-20 13:30:20.170863+00
8671,2026-07-20 13:30:03.897849+00,state,OK,27,1,4,,2026-07-20 13:30:20.150385+00
8670,2026-07-20 13:30:03.897849+00,scan,OK,11449,5,1,"{""signals_found"": 1, ""symbols_scanned"": 5}",2026-07-20 13:30:20.067525+00
8669,2026-07-20 13:30:03.897849+00,cleanup,OK,8,0,0,"{""expired"": 0}",2026-07-20 13:30:08.554916+00
8668,2026-07-20 13:30:03.897849+00,unknown,OK,4364,0,0,"{""closed"": 0}",2026-07-20 13:30:04.174075+00
8667,2026-07-20 13:30:03.897849+00,pre_flight,OK,192,0,0,,2026-07-20 13:30:03.977001+00
8666,2026-07-20 13:24:45.662705+00,invariants,OK,14,0,0,,2026-07-20 13:25:03.738275+00
8665,2026-07-20 13:24:45.662705+00,snapshot,OK,0,1,1,,2026-07-20 13:25:00.388026+00
8664,2026-07-20 13:24:45.662705+00,upsert,OK,0,0,0,,2026-07-20 13:25:00.354201+00
8663,2026-07-20 13:24:45.662705+00,gate,OK,0,4,0,"{""rejected_by_corr"": 4}",2026-07-20 13:25:00.34434+00
8662,2026-07-20 13:24:45.662705+00,rank,OK,18,4,4,,2026-07-20 13:25:00.235172+00
8661,2026-07-20 13:24:45.662705+00,state,OK,35,1,4,,2026-07-20 13:25:00.18812+00
8660,2026-07-20 13:24:45.662705+00,scan,OK,10279,5,1,"{""signals_found"": 1, ""symbols_scanned"": 5}",2026-07-20 13:25:00.109707+00
8659,2026-07-20 13:24:45.662705+00,cleanup,OK,8,0,0,"{""expired"": 0}",2026-07-20 13:24:49.793595+00
8658,2026-07-20 13:24:45.662705+00,unknown,OK,3822,0,0,"{""closed"": 0}",2026-07-20 13:24:45.945824+00
8657,2026-07-20 13:24:45.662705+00,pre_flight,OK,197,0,0,,2026-07-20 13:24:45.747337+00
8656,2026-07-20 13:19:28.567135+00,invariants,OK,21,0,0,,2026-07-20 13:19:45.507417+00
8655,2026-07-20 13:19:28.567135+00,snapshot,OK,0,1,1,,2026-07-20 13:19:43.777184+00
8654,2026-07-20 13:19:28.567135+00,upsert,OK,0,0,0,,2026-07-20 13:19:43.746996+00
8653,2026-07-20 13:19:28.567135+00,gate,OK,0,4,0,"{""rejected_by_corr"": 4}",2026-07-20 13:19:43.737882+00
8652,2026-07-20 13:19:28.567135+00,rank,OK,26,4,4,,2026-07-20 13:19:43.628742+00
8651,2026-07-20 13:19:28.567135+00,state,OK,25,1,4,,2026-07-20 13:19:43.610184+00
8650,2026-07-20 13:19:28.567135+00,scan,OK,10665,5,1,"{""signals_found"": 1, ""symbols_scanned"": 5}",2026-07-20 13:19:43.538028+00
8649,2026-07-20 13:19:28.567135+00,cleanup,OK,14,0,0,"{""expired"": 0}",2026-07-20 13:19:32.832298+00
8648,2026-07-20 13:19:28.567135+00,unknown,OK,4002,0,0,"{""closed"": 0}",2026-07-20 13:19:28.811611+00
8647,2026-07-20 13:19:28.567135+00,pre_flight,OK,166,0,0,,2026-07-20 13:19:28.644434+00
8646,2026-07-20 13:14:11.396761+00,invariants,OK,12,0,0,,2026-07-20 13:14:28.457658+00
8645,2026-07-20 13:14:11.396761+00,snapshot,OK,0,1,1,,2026-07-20 13:14:25.539148+00
8644,2026-07-20 13:14:11.396761+00,upsert,OK,0,0,0,,2026-07-20 13:14:25.472006+00
8643,2026-07-20 13:14:11.396761+00,gate,OK,0,4,0,"{""rejected_by_corr"": 4}",2026-07-20 13:14:25.466174+00
8642,2026-07-20 13:14:11.396761+00,rank,OK,21,4,4,,2026-07-20 13:14:25.310638+00
8641,2026-07-20 13:14:11.396761+00,state,OK,25,1,4,,2026-07-20 13:14:25.28362+00
8640,2026-07-20 13:14:11.396761+00,scan,OK,9055,5,1,"{""signals_found"": 1, ""symbols_scanned"": 5}",2026-07-20 13:14:25.213118+00
8639,2026-07-20 13:14:11.396761+00,cleanup,OK,12,0,0,"{""expired"": 0}",2026-07-20 13:14:16.103375+00
8638,2026-07-20 13:14:11.396761+00,unknown,OK,4412,0,0,"{""closed"": 0}",2026-07-20 13:14:11.667961+00
8637,2026-07-20 13:14:11.396761+00,pre_flight,OK,185,0,0,,2026-07-20 13:14:11.487197+00
8636,2026-07-20 13:08:55.729281+00,invariants,OK,11,0,0,,2026-07-20 13:09:11.30502+00
8635,2026-07-20 13:08:55.729281+00,snapshot,OK,0,1,1,,2026-07-20 13:09:09.169261+00
8634,2026-07-20 13:08:55.729281+00,upsert,OK,0,0,0,,2026-07-20 13:09:09.149625+00
8633,2026-07-20 13:08:55.729281+00,gate,OK,0,4,0,"{""rejected_by_corr"": 4}",2026-07-20 13:09:09.1449+00
8632,2026-07-20 13:08:55.729281+00,rank,OK,25,4,4,,2026-07-20 13:09:09.065007+00
8631,2026-07-20 13:08:55.729281+00,state,OK,25,1,4,,2026-07-20 13:09:09.042417+00
8630,2026-07-20 13:08:55.729281+00,scan,OK,9163,5,1,"{""signals_found"": 1, ""symbols_scanned"": 5}",2026-07-20 13:09:08.958991+00
8629,2026-07-20 13:08:55.729281+00,cleanup,OK,5,0,0,"{""expired"": 0}",2026-07-20 13:08:59.754946+00
8628,2026-07-20 13:08:55.729281+00,unknown,OK,3817,0,0,"{""closed"": 0}",2026-07-20 13:08:55.92644+00
8627,2026-07-20 13:08:55.729281+00,pre_flight,OK,144,0,0,,2026-07-20 13:08:55.779696+00
8626,2026-07-20 13:03:38.679422+00,invariants,OK,19,0,0,,2026-07-20 13:03:55.619908+00
8625,2026-07-20 13:03:38.679422+00,snapshot,OK,0,1,1,,2026-07-20 13:03:53.596112+00
8624,2026-07-20 13:03:38.679422+00,upsert,OK,0,0,0,,2026-07-20 13:03:53.575199+00
8623,2026-07-20 13:03:38.679422+00,gate,OK,0,4,0,"{""rejected_by_corr"": 4}",2026-07-20 13:03:53.562492+00
8622,2026-07-20 13:03:38.679422+00,rank,OK,20,4,4,,2026-07-20 13:03:53.463674+00
8621,2026-07-20 13:03:38.679422+00,state,OK,29,1,4,,2026-07-20 13:03:53.440498+00
8620,2026-07-20 13:03:38.679422+00,scan,OK,10235,5,1,"{""signals_found"": 1, ""symbols_scanned"": 5}",2026-07-20 13:03:53.353151+00
8619,2026-07-20 13:03:38.679422+00,cleanup,OK,9,0,0,"{""expired"": 0}",2026-07-20 13:03:43.078147+00
8618,2026-07-20 13:03:38.679422+00,unknown,OK,4076,0,0,"{""closed"": 0}",2026-07-20 13:03:38.983133+00
8617,2026-07-20 13:03:38.679422+00,pre_flight,OK,239,0,0,,2026-07-20 13:03:38.742456+00
8616,2026-07-20 12:58:21.490081+00,invariants,OK,13,0,0,,2026-07-20 12:58:38.541186+00
8615,2026-07-20 12:58:21.490081+00,snapshot,OK,0,1,1,,2026-07-20 12:58:36.323894+00
8614,2026-07-20 12:58:21.490081+00,upsert,OK,0,0,0,,2026-07-20 12:58:36.308421+00
8613,2026-07-20 12:58:21.490081+00,gate,OK,0,4,0,"{""rejected_by_corr"": 4}",2026-07-20 12:58:36.299992+00
8612,2026-07-20 12:58:21.490081+00,rank,OK,27,4,4,,2026-07-20 12:58:36.217545+00
8611,2026-07-20 12:58:21.490081+00,state,OK,17,1,4,,2026-07-20 12:58:36.194972+00
8610,2026-07-20 12:58:21.490081+00,scan,OK,10613,5,1,"{""signals_found"": 1, ""symbols_scanned"": 5}",2026-07-20 12:58:36.133381+00
8609,2026-07-20 12:58:21.490081+00,cleanup,OK,6,0,0,"{""expired"": 0}",2026-07-20 12:58:25.476284+00
8608,2026-07-20 12:58:21.490081+00,unknown,OK,3615,0,0,"{""closed"": 0}",2026-07-20 12:58:21.847548+00
8607,2026-07-20 12:58:21.490081+00,pre_flight,OK,243,0,0,,2026-07-20 12:58:21.610653+00
8606,2026-07-20 12:53:03.369543+00,invariants,OK,9,0,0,,2026-07-20 12:53:21.382702+00
8605,2026-07-20 12:53:03.369543+00,snapshot,OK,0,1,1,,2026-07-20 12:53:18.948974+00
8604,2026-07-20 12:53:03.369543+00,upsert,OK,0,0,0,,2026-07-20 12:53:18.928067+00
8603,2026-07-20 12:53:03.369543+00,gate,OK,0,4,0,"{""rejected_by_corr"": 4}",2026-07-20 12:53:18.916167+00
8602,2026-07-20 12:53:03.369543+00,rank,OK,27,4,4,,2026-07-20 12:53:18.832696+00
8601,2026-07-20 12:53:03.369543+00,state,OK,18,1,4,,2026-07-20 12:53:18.818697+00
8600,2026-07-20 12:53:03.369543+00,scan,OK,10451,5,1,"{""signals_found"": 1, ""symbols_scanned"": 5}",2026-07-20 12:53:18.770084+00
8599,2026-07-20 12:53:03.369543+00,cleanup,OK,8,0,0,"{""expired"": 0}",2026-07-20 12:53:08.284886+00
8598,2026-07-20 12:53:03.369543+00,unknown,OK,4624,0,0,"{""closed"": 0}",2026-07-20 12:53:03.64584+00
8597,2026-07-20 12:53:03.369543+00,pre_flight,OK,178,0,0,,2026-07-20 12:53:03.464655+00
8596,2026-07-20 12:47:46.844222+00,invariants,OK,17,0,0,,2026-07-20 12:48:03.229281+00
8595,2026-07-20 12:47:46.844222+00,snapshot,OK,0,1,1,,2026-07-20 12:48:01.139789+00
8594,2026-07-20 12:47:46.844222+00,upsert,OK,0,0,0,,2026-07-20 12:48:01.124192+00
8593,2026-07-20 12:47:46.844222+00,gate,OK,0,4,0,"{""rejected_by_corr"": 4}",2026-07-20 12:48:01.116928+00
8592,2026-07-20 12:47:46.844222+00,rank,OK,20,4,4,,2026-07-20 12:48:01.024866+00
8591,2026-07-20 12:47:46.844222+00,state,OK,31,1,4,,2026-07-20 12:48:01.004625+00
8590,2026-07-20 12:47:46.844222+00,scan,OK,10437,5,1,"{""signals_found"": 1, ""symbols_scanned"": 5}",2026-07-20 12:48:00.930083+00
8589,2026-07-20 12:47:46.844222+00,cleanup,OK,10,0,0,"{""expired"": 0}",2026-07-20 12:47:50.415207+00
8588,2026-07-20 12:47:46.844222+00,unknown,OK,3375,0,0,"{""closed"": 0}",2026-07-20 12:47:47.020094+00
8587,2026-07-20 12:47:46.844222+00,pre_flight,OK,104,0,0,,2026-07-20 12:47:46.914728+00
8586,2026-07-20 12:42:28.762414+00,invariants,OK,16,0,0,,2026-07-20 12:42:46.697027+00
8585,2026-07-20 12:42:28.762414+00,snapshot,OK,0,1,1,,2026-07-20 12:42:44.620256+00
8584,2026-07-20 12:42:28.762414+00,upsert,OK,0,0,0,,2026-07-20 12:42:44.606866+00
8583,2026-07-20 12:42:28.762414+00,gate,OK,0,3,0,"{""rejected_by_corr"": 3}",2026-07-20 12:42:44.601028+00
8582,2026-07-20 12:42:28.762414+00,rank,OK,28,3,3,,2026-07-20 12:42:44.529257+00
8581,2026-07-20 12:42:28.762414+00,state,OK,56,2,3,,2026-07-20 12:42:44.509858+00
8580,2026-07-20 12:42:28.762414+00,scan,OK,11263,5,2,"{""signals_found"": 2, ""symbols_scanned"": 5}",2026-07-20 12:42:44.382141+00
8579,2026-07-20 12:42:28.762414+00,cleanup,OK,8,0,0,"{""expired"": 0}",2026-07-20 12:42:33.064407+00
8578,2026-07-20 12:42:28.762414+00,unknown,OK,4011,0,0,"{""closed"": 0}",2026-07-20 12:42:29.033289+00
8577,2026-07-20 12:42:28.762414+00,pre_flight,OK,179,0,0,,2026-07-20 12:42:28.855897+00
8576,2026-07-20 12:37:10.72236+00,invariants,OK,15,0,0,,2026-07-20 12:37:28.662793+00
8575,2026-07-20 12:37:10.72236+00,snapshot,OK,0,1,1,,2026-07-20 12:37:26.475092+00
8574,2026-07-20 12:37:10.72236+00,upsert,OK,0,0,0,,2026-07-20 12:37:26.460893+00
8573,2026-07-20 12:37:10.72236+00,gate,OK,0,3,0,"{""rejected_by_corr"": 3}",2026-07-20 12:37:26.456851+00
8572,2026-07-20 12:37:10.72236+00,rank,OK,28,3,3,,2026-07-20 12:37:26.387742+00
8571,2026-07-20 12:37:10.72236+00,state,OK,43,2,3,,2026-07-20 12:37:26.370851+00
8570,2026-07-20 12:37:10.72236+00,scan,OK,10922,5,2,"{""signals_found"": 2, ""symbols_scanned"": 5}",2026-07-20 12:37:26.227919+00
8569,2026-07-20 12:37:10.72236+00,cleanup,OK,8,0,0,"{""expired"": 0}",2026-07-20 12:37:15.25291+00
8568,2026-07-20 12:37:10.72236+00,unknown,OK,4248,0,0,"{""closed"": 0}",2026-07-20 12:37:10.984857+00
8567,2026-07-20 12:37:10.72236+00,pre_flight,OK,179,0,0,,2026-07-20 12:37:10.793619+00
8566,2026-07-20 12:31:52.25864+00,invariants,OK,11,0,0,,2026-07-20 12:32:10.629049+00
8565,2026-07-20 12:31:52.25864+00,snapshot,OK,0,1,1,,2026-07-20 12:32:08.482852+00
8564,2026-07-20 12:31:52.25864+00,upsert,OK,0,0,0,,2026-07-20 12:32:08.463061+00
8563,2026-07-20 12:31:52.25864+00,gate,OK,0,3,0,"{""rejected_by_corr"": 3}",2026-07-20 12:32:08.45679+00
8562,2026-07-20 12:31:52.25864+00,rank,OK,24,3,3,,2026-07-20 12:32:08.372534+00
8561,2026-07-20 12:31:52.25864+00,state,OK,47,2,3,,2026-07-20 12:32:08.348604+00
8560,2026-07-20 12:31:52.25864+00,scan,OK,11243,5,2,"{""signals_found"": 2, ""symbols_scanned"": 5}",2026-07-20 12:32:08.236861+00
8559,2026-07-20 12:31:52.25864+00,cleanup,OK,8,0,0,"{""expired"": 0}",2026-07-20 12:31:56.960096+00
8558,2026-07-20 12:31:52.25864+00,unknown,OK,4387,0,0,"{""closed"": 0}",2026-07-20 12:31:52.555842+00
8557,2026-07-20 12:31:52.25864+00,pre_flight,OK,195,0,0,,2026-07-20 12:31:52.355237+00
8556,2026-07-20 12:26:34.400581+00,invariants,OK,27,0,0,,2026-07-20 12:26:52.109292+00
8555,2026-07-20 12:26:34.400581+00,snapshot,OK,0,1,1,,2026-07-20 12:26:49.793855+00
8554,2026-07-20 12:26:34.400581+00,upsert,OK,0,0,0,,2026-07-20 12:26:49.774635+00
8553,2026-07-20 12:26:34.400581+00,gate,OK,0,3,0,"{""rejected_by_corr"": 3}",2026-07-20 12:26:49.771315+00
8552,2026-07-20 12:26:34.400581+00,rank,OK,23,3,3,,2026-07-20 12:26:49.688505+00
8551,2026-07-20 12:26:34.400581+00,state,OK,38,2,3,,2026-07-20 12:26:49.662885+00
8550,2026-07-20 12:26:34.400581+00,scan,OK,10829,5,2,"{""signals_found"": 2, ""symbols_scanned"": 5}",2026-07-20 12:26:49.539992+00
8549,2026-07-20 12:26:34.400581+00,cleanup,OK,9,0,0,"{""expired"": 0}",2026-07-20 12:26:38.652271+00
8548,2026-07-20 12:26:34.400581+00,unknown,OK,3912,0,0,"{""closed"": 0}",2026-07-20 12:26:34.724559+00
8547,2026-07-20 12:26:34.400581+00,pre_flight,OK,218,0,0,,2026-07-20 12:26:34.508206+00
8546,2026-07-20 12:21:17.061942+00,invariants,OK,14,0,0,,2026-07-20 12:21:34.262623+00
8545,2026-07-20 12:21:17.061942+00,snapshot,OK,0,1,1,,2026-07-20 12:21:32.15566+00
8544,2026-07-20 12:21:17.061942+00,upsert,OK,0,0,0,,2026-07-20 12:21:32.132354+00
8543,2026-07-20 12:21:17.061942+00,gate,OK,0,3,0,"{""rejected_by_corr"": 3}",2026-07-20 12:21:32.126218+00
8542,2026-07-20 12:21:17.061942+00,rank,OK,30,3,3,,2026-07-20 12:21:32.03385+00
8541,2026-07-20 12:21:17.061942+00,state,OK,45,2,3,,2026-07-20 12:21:32.017149+00
8540,2026-07-20 12:21:17.061942+00,scan,OK,10626,5,2,"{""signals_found"": 2, ""symbols_scanned"": 5}",2026-07-20 12:21:31.899368+00
8539,2026-07-20 12:21:17.061942+00,cleanup,OK,10,0,0,"{""expired"": 0}",2026-07-20 12:21:21.226286+00
8538,2026-07-20 12:21:17.061942+00,unknown,OK,3888,0,0,"{""closed"": 0}",2026-07-20 12:21:17.315463+00
8537,2026-07-20 12:21:17.061942+00,pre_flight,OK,173,0,0,,2026-07-20 12:21:17.140287+00
8536,2026-07-20 12:15:59.973664+00,invariants,OK,33,0,0,,2026-07-20 12:16:16.938491+00
8535,2026-07-20 12:15:59.973664+00,snapshot,OK,0,1,1,,2026-07-20 12:16:15.373612+00
8534,2026-07-20 12:15:59.973664+00,upsert,OK,0,0,0,,2026-07-20 12:16:15.347565+00
8533,2026-07-20 12:15:59.973664+00,gate,OK,0,3,0,"{""rejected_by_corr"": 3}",2026-07-20 12:16:15.34152+00
8532,2026-07-20 12:15:59.973664+00,rank,OK,23,3,3,,2026-07-20 12:16:15.266328+00
8531,2026-07-20 12:15:59.973664+00,state,OK,41,2,3,,2026-07-20 12:16:15.247842+00
8530,2026-07-20 12:15:59.973664+00,scan,OK,11039,5,2,"{""signals_found"": 2, ""symbols_scanned"": 5}",2026-07-20 12:16:15.157151+00
8529,2026-07-20 12:15:59.973664+00,cleanup,OK,10,0,0,"{""expired"": 0}",2026-07-20 12:16:04.074955+00
8528,2026-07-20 12:15:59.973664+00,unknown,OK,3742,0,0,"{""closed"": 0}",2026-07-20 12:16:00.317263+00
8527,2026-07-20 12:15:59.973664+00,pre_flight,OK,207,0,0,,2026-07-20 12:16:00.10747+00
8526,2026-07-20 12:10:42.941733+00,invariants,OK,13,0,0,,2026-07-20 12:10:59.849366+00
8525,2026-07-20 12:10:42.941733+00,snapshot,OK,0,1,1,,2026-07-20 12:10:57.556095+00
8524,2026-07-20 12:10:42.941733+00,upsert,OK,0,0,0,,2026-07-20 12:10:57.534491+00
8523,2026-07-20 12:10:42.941733+00,gate,OK,0,3,0,"{""rejected_by_corr"": 3}",2026-07-20 12:10:57.527131+00
8522,2026-07-20 12:10:42.941733+00,rank,OK,32,3,3,,2026-07-20 12:10:57.429145+00
8521,2026-07-20 12:10:42.941733+00,state,OK,40,2,3,,2026-07-20 12:10:57.405504+00
8520,2026-07-20 12:10:42.941733+00,scan,OK,10132,5,2,"{""signals_found"": 2, ""symbols_scanned"": 5}",2026-07-20 12:10:57.285583+00
8519,2026-07-20 12:10:42.941733+00,cleanup,OK,23,0,0,"{""expired"": 0}",2026-07-20 12:10:47.092309+00
8518,2026-07-20 12:10:42.941733+00,unknown,OK,3877,0,0,"{""closed"": 0}",2026-07-20 12:10:43.182745+00
8517,2026-07-20 12:10:42.941733+00,pre_flight,OK,171,0,0,,2026-07-20 12:10:43.012716+00
8516,2026-07-20 12:05:24.999723+00,invariants,OK,16,0,0,,2026-07-20 12:05:42.793307+00
8515,2026-07-20 12:05:24.999723+00,snapshot,OK,0,1,1,,2026-07-20 12:05:40.907701+00
8514,2026-07-20 12:05:24.999723+00,upsert,OK,0,0,0,,2026-07-20 12:05:40.888061+00
8513,2026-07-20 12:05:24.999723+00,gate,OK,0,3,0,"{""rejected_by_corr"": 3}",2026-07-20 12:05:40.881825+00
8512,2026-07-20 12:05:24.999723+00,rank,OK,24,3,3,,2026-07-20 12:05:40.801637+00
8511,2026-07-20 12:05:24.999723+00,state,OK,53,2,3,,2026-07-20 12:05:40.77709+00
8510,2026-07-20 12:05:24.999723+00,scan,OK,11156,5,2,"{""signals_found"": 2, ""symbols_scanned"": 5}",2026-07-20 12:05:40.665365+00
8509,2026-07-20 12:05:24.999723+00,cleanup,OK,7,0,0,"{""expired"": 0}",2026-07-20 12:05:29.441376+00
8508,2026-07-20 12:05:24.999723+00,unknown,OK,4228,0,0,"{""closed"": 0}",2026-07-20 12:05:25.196193+00
8507,2026-07-20 12:05:24.999723+00,pre_flight,OK,126,0,0,,2026-07-20 12:05:25.070278+00
8506,2026-07-20 12:00:06.846847+00,invariants,OK,14,0,0,,2026-07-20 12:00:24.891617+00
8505,2026-07-20 12:00:06.846847+00,snapshot,OK,0,1,1,,2026-07-20 12:00:22.786466+00
8504,2026-07-20 12:00:06.846847+00,upsert,OK,0,0,0,,2026-07-20 12:00:22.769542+00
8503,2026-07-20 12:00:06.846847+00,gate,OK,0,3,0,"{""rejected_by_corr"": 3}",2026-07-20 12:00:22.766428+00
8502,2026-07-20 12:00:06.846847+00,rank,OK,25,3,3,,2026-07-20 12:00:22.640531+00
8501,2026-07-20 12:00:06.846847+00,state,OK,39,2,3,,2026-07-20 12:00:22.625142+00
8500,2026-07-20 12:00:06.846847+00,scan,OK,10968,5,2,"{""signals_found"": 2, ""symbols_scanned"": 5}",2026-07-20 12:00:22.520754+00
8499,2026-07-20 12:00:06.846847+00,cleanup,OK,20,0,0,"{""expired"": 0}",2026-07-20 12:00:11.519579+00
8498,2026-07-20 12:00:06.846847+00,unknown,OK,4323,0,0,"{""closed"": 0}",2026-07-20 12:00:07.163557+00
8497,2026-07-20 12:00:06.846847+00,pre_flight,OK,208,0,0,,2026-07-20 12:00:06.936933+00
8496,2026-07-20 11:54:49.793294+00,invariants,OK,12,0,0,,2026-07-20 11:55:06.709091+00
8495,2026-07-20 11:54:49.793294+00,snapshot,OK,0,1,1,,2026-07-20 11:55:04.995935+00
8494,2026-07-20 11:54:49.793294+00,upsert,OK,0,0,0,,2026-07-20 11:55:04.969456+00
8493,2026-07-20 11:54:49.793294+00,gate,OK,0,3,0,"{""rejected_by_corr"": 3}",2026-07-20 11:55:04.965074+00
8492,2026-07-20 11:54:49.793294+00,rank,OK,39,3,3,,2026-07-20 11:55:04.836049+00
8491,2026-07-20 11:54:49.793294+00,state,OK,24,1,3,,2026-07-20 11:55:04.798232+00
8490,2026-07-20 11:54:49.793294+00,scan,OK,10369,5,1,"{""signals_found"": 1, ""symbols_scanned"": 5}",2026-07-20 11:55:04.722918+00
8489,2026-07-20 11:54:49.793294+00,cleanup,OK,9,0,0,"{""expired"": 0}",2026-07-20 11:54:54.298907+00
8488,2026-07-20 11:54:49.793294+00,unknown,OK,3808,0,0,"{""closed"": 0}",2026-07-20 11:54:50.473294+00
8487,2026-07-20 11:54:49.793294+00,pre_flight,OK,576,0,0,,2026-07-20 11:54:49.901247+00
8486,2026-07-20 11:49:30.595724+00,invariants,OK,17,0,0,,2026-07-20 11:49:49.706924+00
8485,2026-07-20 11:49:30.595724+00,snapshot,OK,0,1,1,,2026-07-20 11:49:47.902193+00
8484,2026-07-20 11:49:30.595724+00,upsert,OK,0,0,0,,2026-07-20 11:49:47.885073+00
8483,2026-07-20 11:49:30.595724+00,gate,OK,0,3,0,"{""rejected_by_corr"": 3}",2026-07-20 11:49:47.874503+00
8482,2026-07-20 11:49:30.595724+00,rank,OK,34,3,3,,2026-07-20 11:49:47.767912+00
8481,2026-07-20 11:49:30.595724+00,state,OK,35,1,3,,2026-07-20 11:49:47.737914+00
8480,2026-07-20 11:49:30.595724+00,scan,OK,10428,5,1,"{""signals_found"": 1, ""symbols_scanned"": 5}",2026-07-20 11:49:43.852752+00
8479,2026-07-20 11:49:30.595724+00,cleanup,OK,9,0,0,"{""expired"": 0}",2026-07-20 11:49:33.383756+00
8478,2026-07-20 11:49:30.595724+00,unknown,OK,2489,0,0,"{""closed"": 0}",2026-07-20 11:49:30.875653+00
8477,2026-07-20 11:49:30.595724+00,pre_flight,OK,184,0,0,,2026-07-20 11:49:30.689424+00
8476,2026-07-20 11:44:15.088644+00,invariants,OK,10,0,0,,2026-07-20 11:44:30.479361+00
8475,2026-07-20 11:44:15.088644+00,snapshot,OK,0,1,1,,2026-07-20 11:44:27.838798+00
8474,2026-07-20 11:44:15.088644+00,upsert,OK,16,1,1,,2026-07-20 11:44:27.78997+00
8473,2026-07-20 11:44:15.088644+00,gate,OK,0,3,1,"{""rejected_by_corr"": 2}",2026-07-20 11:44:27.769381+00
8472,2026-07-20 11:44:15.088644+00,rank,OK,41,3,3,,2026-07-20 11:44:27.609444+00
8471,2026-07-20 11:44:15.088644+00,state,OK,46,2,3,,2026-07-20 11:44:27.583961+00
8470,2026-07-20 11:44:15.088644+00,scan,OK,10079,5,2,"{""signals_found"": 2, ""symbols_scanned"": 5}",2026-07-20 11:44:27.458228+00
8469,2026-07-20 11:44:15.088644+00,cleanup,OK,11,0,0,"{""expired"": 0}",2026-07-20 11:44:17.324576+00
8468,2026-07-20 11:44:15.088644+00,unknown,OK,1961,0,0,"{""closed"": 0}",2026-07-20 11:44:15.335718+00
8467,2026-07-20 11:44:15.088644+00,pre_flight,OK,175,0,0,,2026-07-20 11:44:15.148438+00
8466,2026-07-20 11:38:58.99452+00,invariants,OK,19,0,0,,2026-07-20 11:39:14.998617+00
8465,2026-07-20 11:38:58.99452+00,snapshot,OK,0,1,1,,2026-07-20 11:39:13.388042+00
8464,2026-07-20 11:38:58.99452+00,upsert,OK,0,0,0,,2026-07-20 11:39:13.363153+00
8463,2026-07-20 11:38:58.99452+00,gate,OK,0,3,0,"{""rejected_by_corr"": 3}",2026-07-20 11:39:13.355843+00
8462,2026-07-20 11:38:58.99452+00,rank,OK,36,3,3,,2026-07-20 11:39:13.185032+00
8461,2026-07-20 11:38:58.99452+00,state,OK,42,2,3,,2026-07-20 11:39:13.156706+00
8460,2026-07-20 11:38:58.99452+00,scan,OK,11617,5,2,"{""signals_found"": 2, ""symbols_scanned"": 5}",2026-07-20 11:39:13.039854+00
8459,2026-07-20 11:38:58.99452+00,cleanup,OK,12,0,0,"{""expired"": 0}",2026-07-20 11:39:01.357362+00
8458,2026-07-20 11:38:58.99452+00,unknown,OK,2094,0,0,"{""closed"": 0}",2026-07-20 11:38:59.242416+00
8457,2026-07-20 11:38:58.99452+00,pre_flight,OK,166,0,0,,2026-07-20 11:38:59.07434+00
8456,2026-07-20 11:33:40.611389+00,invariants,OK,16,0,0,,2026-07-20 11:33:58.874282+00
8455,2026-07-20 11:33:40.611389+00,snapshot,OK,0,1,1,,2026-07-20 11:33:57.060179+00
8454,2026-07-20 11:33:40.611389+00,upsert,OK,0,0,0,,2026-07-20 11:33:57.032904+00
8453,2026-07-20 11:33:40.611389+00,gate,OK,0,2,0,"{""rejected_by_corr"": 2}",2026-07-20 11:33:57.025781+00
8452,2026-07-20 11:33:40.611389+00,rank,OK,40,2,2,,2026-07-20 11:33:56.93018+00
8451,2026-07-20 11:33:40.611389+00,state,OK,53,2,2,,2026-07-20 11:33:56.899139+00
8450,2026-07-20 11:33:40.611389+00,scan,OK,12092,5,2,"{""signals_found"": 2, ""symbols_scanned"": 5}",2026-07-20 11:33:53.049135+00
8449,2026-07-20 11:33:40.611389+00,cleanup,OK,13,0,0,"{""expired"": 0}",2026-07-20 11:33:40.875566+00
8448,2026-07-20 11:33:40.611389+00,unknown,OK,1,0,0,"{""closed"": 0}",2026-07-20 11:33:40.851322+00
8447,2026-07-20 11:33:40.611389+00,pre_flight,OK,157,0,0,,2026-07-20 11:33:40.690014+00
8446,2026-07-20 11:28:26.252096+00,invariants,OK,15,0,0,,2026-07-20 11:28:40.505036+00
8445,2026-07-20 11:28:26.252096+00,snapshot,OK,0,1,1,,2026-07-20 11:28:37.930129+00
8444,2026-07-20 11:28:26.252096+00,upsert,OK,52,1,1,,2026-07-20 11:28:37.823251+00
8443,2026-07-20 11:28:26.252096+00,gate,OK,0,2,1,"{""rejected_by_corr"": 1}",2026-07-20 11:28:37.759615+00
8442,2026-07-20 11:28:26.252096+00,rank,OK,33,2,2,,2026-07-20 11:28:37.614635+00
8441,2026-07-20 11:28:26.252096+00,state,OK,48,2,2,,2026-07-20 11:28:37.596648+00
8440,2026-07-20 11:28:26.252096+00,scan,OK,10864,5,2,"{""signals_found"": 2, ""symbols_scanned"": 5}",2026-07-20 11:28:37.476126+00
8439,2026-07-20 11:28:26.252096+00,cleanup,OK,12,0,0,"{""expired"": 0}",2026-07-20 11:28:26.52913+00
8438,2026-07-20 11:28:26.252096+00,unknown,OK,2,0,0,"{""closed"": 0}",2026-07-20 11:28:26.502704+00
8437,2026-07-20 11:28:26.252096+00,pre_flight,OK,149,0,0,,2026-07-20 11:28:26.354338+00
8436,2026-07-20 11:23:12.400765+00,invariants,OK,10,0,0,,2026-07-20 11:23:26.144559+00
8435,2026-07-20 11:23:12.400765+00,snapshot,OK,0,1,1,,2026-07-20 11:23:23.498839+00
8434,2026-07-20 11:23:12.400765+00,upsert,OK,0,0,0,,2026-07-20 11:23:23.480105+00
8433,2026-07-20 11:23:12.400765+00,gate,OK,0,1,0,"{""rejected_by_corr"": 1}",2026-07-20 11:23:23.475274+00
8432,2026-07-20 11:23:12.400765+00,rank,OK,31,1,1,,2026-07-20 11:23:23.423774+00
8431,2026-07-20 11:23:12.400765+00,state,OK,28,1,1,,2026-07-20 11:23:23.392696+00
8430,2026-07-20 11:23:12.400765+00,scan,OK,10496,5,1,"{""signals_found"": 1, ""symbols_scanned"": 5}",2026-07-20 11:23:23.31614+00
8429,2026-07-20 11:23:12.400765+00,cleanup,OK,19,0,0,"{""expired"": 0}",2026-07-20 11:23:12.713421+00
8428,2026-07-20 11:23:12.400765+00,unknown,OK,8,0,0,"{""closed"": 0}",2026-07-20 11:23:12.673851+00
8427,2026-07-20 11:23:12.400765+00,pre_flight,OK,185,0,0,,2026-07-20 11:23:12.491295+00
8426,2026-07-20 11:17:58.460656+00,invariants,OK,31,0,0,,2026-07-20 11:18:12.194454+00
8425,2026-07-20 11:17:58.460656+00,snapshot,OK,0,1,1,,2026-07-20 11:18:12.121343+00
8424,2026-07-20 11:17:58.460656+00,upsert,OK,0,0,0,,2026-07-20 11:18:12.062122+00
8423,2026-07-20 11:17:58.460656+00,gate,OK,0,1,0,"{""rejected_by_corr"": 1}",2026-07-20 11:18:12.052158+00
8422,2026-07-20 11:17:58.460656+00,rank,OK,33,1,1,,2026-07-20 11:18:11.99085+00
8421,2026-07-20 11:17:58.460656+00,state,OK,46,1,1,,2026-07-20 11:18:11.97146+00
8420,2026-07-20 11:17:58.460656+00,scan,OK,12795,5,1,"{""signals_found"": 1, ""symbols_scanned"": 5}",2026-07-20 11:18:11.869255+00
8419,2026-07-20 11:17:58.460656+00,cleanup,OK,32,0,2,"{""expired"": 2}",2026-07-20 11:17:58.863655+00
8418,2026-07-20 11:17:58.460656+00,unknown,OK,2,0,0,"{""closed"": 0}",2026-07-20 11:17:58.817146+00
8417,2026-07-20 11:17:58.460656+00,pre_flight,OK,204,0,0,,2026-07-20 11:17:58.594095+00
8416,2026-07-19 17:43:17.154375+00,invariants,OK,29,0,0,,2026-07-19 17:43:48.030868+00
8415,2026-07-19 17:43:17.154375+00,snapshot,OK,0,1,1,,2026-07-19 17:43:47.126215+00
8414,2026-07-19 17:43:17.154375+00,upsert,OK,0,0,0,,2026-07-19 17:43:47.087117+00
8413,2026-07-19 17:43:17.154375+00,gate,OK,0,2,0,"{""rejected_by_corr"": 2}",2026-07-19 17:43:47.081381+00
8412,2026-07-19 17:43:17.154375+00,rank,OK,32,2,2,,2026-07-19 17:43:46.986629+00
8411,2026-07-19 17:43:17.154375+00,state,OK,0,0,2,,2026-07-19 17:43:46.967421+00
8410,2026-07-19 17:43:17.154375+00,scan,OK,12421,5,0,"{""signals_found"": 0, ""symbols_scanned"": 5}",2026-07-19 17:43:46.958848+00
8409,2026-07-19 17:43:17.154375+00,cleanup,OK,20,0,0,"{""expired"": 0}",2026-07-19 17:43:34.34127+00
8408,2026-07-19 17:43:17.154375+00,unknown,OK,16849,0,0,"{""closed"": 0}",2026-07-19 17:43:17.464833+00
8407,2026-07-19 17:43:17.154375+00,pre_flight,OK,219,0,0,,2026-07-19 17:43:17.246221+00
8406,2026-07-19 17:38:16.67485+00,pre_flight,FAIL,0,0,0,"{""reason"": ""pre_flight_failed""}",2026-07-19 17:38:16.931178+00
8405,2026-07-19 17:33:16.183323+00,pre_flight,FAIL,0,0,0,"{""reason"": ""pre_flight_failed""}",2026-07-19 17:33:16.455663+00
8404,2026-07-19 17:28:15.875952+00,pre_flight,FAIL,0,0,0,"{""reason"": ""pre_flight_failed""}",2026-07-19 17:28:16.042649+00
8403,2026-07-19 17:23:15.571004+00,pre_flight,FAIL,0,0,0,"{""reason"": ""pre_flight_failed""}",2026-07-19 17:23:15.73257+00
8402,2026-07-19 17:18:15.065078+00,pre_flight,FAIL,0,0,0,"{""reason"": ""pre_flight_failed""}",2026-07-19 17:18:15.364851+00
8401,2026-07-19 17:13:14.79103+00,pre_flight,FAIL,0,0,0,"{""reason"": ""pre_flight_failed""}",2026-07-19 17:13:14.94388+00
8400,2026-07-19 17:08:13.680567+00,pre_flight,FAIL,0,0,0,"{""reason"": ""pre_flight_failed""}",2026-07-19 17:08:14.600592+00
8399,2026-07-19 17:03:13.307208+00,pre_flight,FAIL,0,0,0,"{""reason"": ""pre_flight_failed""}",2026-07-19 17:03:13.512854+00
8398,2026-07-19 16:58:12.360581+00,pre_flight,FAIL,0,0,0,"{""reason"": ""pre_flight_failed""}",2026-07-19 16:58:13.051066+00
8397,2026-07-19 16:52:45.094393+00,pre_flight,FAIL,0,0,0,"{""reason"": ""pre_flight_failed""}",2026-07-19 16:52:45.338086+00
8396,2026-07-19 16:47:44.674974+00,pre_flight,FAIL,0,0,0,"{""reason"": ""pre_flight_failed""}",2026-07-19 16:47:44.915098+00
8395,2026-07-19 16:42:44.18867+00,pre_flight,FAIL,0,0,0,"{""reason"": ""pre_flight_failed""}",2026-07-19 16:42:44.527484+00
8394,2026-07-19 16:37:43.797057+00,pre_flight,FAIL,0,0,0,"{""reason"": ""pre_flight_failed""}",2026-07-19 16:37:44.037236+00
8393,2026-07-19 16:32:43.543826+00,pre_flight,FAIL,0,0,0,"{""reason"": ""pre_flight_failed""}",2026-07-19 16:32:43.680062+00
8392,2026-07-19 16:27:42.716797+00,pre_flight,FAIL,0,0,0,"{""reason"": ""pre_flight_failed""}",2026-07-19 16:27:43.39087+00
8391,2026-07-19 16:22:41.425146+00,pre_flight,FAIL,0,0,0,"{""reason"": ""pre_flight_failed""}",2026-07-19 16:22:42.381771+00
8390,2026-07-19 16:09:17.912828+00,pre_flight,OK,403,0,0,,2026-07-19 16:09:18.001433+00
8389,2026-07-19 16:00:06.335012+00,invariants,OK,30,0,0,,2026-07-19 16:04:17.232743+00
8388,2026-07-19 16:00:06.335012+00,snapshot,OK,0,1,1,,2026-07-19 16:04:15.973035+00
8387,2026-07-19 16:00:06.335012+00,upsert,OK,0,0,0,,2026-07-19 16:04:15.8347+00
8386,2026-07-19 16:00:06.335012+00,gate,OK,0,2,0,"{""rejected_by_corr"": 2}",2026-07-19 16:04:15.79883+00
8385,2026-07-19 16:00:06.335012+00,rank,OK,119,2,2,,2026-07-19 16:04:15.514366+00
8384,2026-07-19 16:00:06.335012+00,state,OK,86,2,2,,2026-07-19 16:04:15.387654+00
8383,2026-07-19 16:00:06.335012+00,scan,OK,43623,5,2,"{""signals_found"": 2, ""symbols_scanned"": 5}",2026-07-19 16:04:05.976254+00
8382,2026-07-19 16:00:06.335012+00,cleanup,OK,40,0,0,"{""expired"": 0}",2026-07-19 16:03:22.267291+00
8381,2026-07-19 16:00:06.335012+00,unknown,OK,179551,0,0,"{""closed"": 0}",2026-07-19 16:00:22.477656+00
8380,2026-07-19 16:00:06.335012+00,pre_flight,OK,15299,0,0,,2026-07-19 16:00:07.272001+00
8379,2026-07-19 15:45:00.980883+00,invariants,OK,48,0,0,,2026-07-19 15:49:36.276373+00
8378,2026-07-19 15:45:00.980883+00,snapshot,OK,0,1,1,,2026-07-19 15:49:34.927239+00
8377,2026-07-19 15:45:00.980883+00,upsert,OK,21,1,1,,2026-07-19 15:49:34.882069+00
8376,2026-07-19 15:45:00.980883+00,gate,OK,0,2,1,"{""rejected_by_corr"": 1}",2026-07-19 15:49:34.852958+00
8375,2026-07-19 15:45:00.980883+00,rank,OK,20,2,2,,2026-07-19 15:49:34.777495+00
8374,2026-07-19 15:45:00.980883+00,state,OK,46,2,2,,2026-07-19 15:49:34.757865+00
8373,2026-07-19 15:45:00.980883+00,scan,OK,233321,5,2,"{""signals_found"": 2, ""symbols_scanned"": 5}",2026-07-19 15:49:34.610769+00
8372,2026-07-19 15:45:00.980883+00,cleanup,OK,17,0,0,"{""expired"": 0}",2026-07-19 15:45:41.034728+00
8371,2026-07-19 15:45:00.980883+00,unknown,OK,23467,0,0,"{""closed"": 0}",2026-07-19 15:45:17.378028+00
8370,2026-07-19 15:45:00.980883+00,pre_flight,OK,14476,0,0,,2026-07-19 15:45:01.914272+00
8369,2026-07-19 15:39:59.835471+00,pre_flight,FAIL,0,0,0,"{""reason"": ""pre_flight_failed""}",2026-07-19 15:40:00.635426+00
8368,2026-07-19 14:27:48.188695+00,invariants,OK,14,0,0,,2026-07-19 14:28:45.23641+00
8367,2026-07-19 14:27:48.188695+00,snapshot,OK,0,1,1,,2026-07-19 14:28:45.214782+00
8366,2026-07-19 14:27:48.188695+00,upsert,OK,0,0,0,,2026-07-19 14:28:45.189988+00
8365,2026-07-19 14:27:48.188695+00,gate,OK,0,1,0,"{""rejected_by_corr"": 1}",2026-07-19 14:28:45.179291+00
8364,2026-07-19 14:27:48.188695+00,rank,OK,35,1,1,,2026-07-19 14:28:45.120031+00
8363,2026-07-19 14:27:48.188695+00,state,OK,21,1,1,,2026-07-19 14:28:45.097087+00
8362,2026-07-19 14:27:48.188695+00,scan,OK,8446,5,1,"{""signals_found"": 1, ""symbols_scanned"": 5}",2026-07-19 14:28:45.022616+00
8361,2026-07-19 14:27:48.188695+00,cleanup,OK,8,0,0,"{""expired"": 0}",2026-07-19 14:28:36.538239+00
8360,2026-07-19 14:27:48.188695+00,unknown,OK,41529,0,0,"{""closed"": 0}",2026-07-19 14:27:54.989262+00
8359,2026-07-19 14:27:48.188695+00,pre_flight,OK,6090,0,0,,2026-07-19 14:27:48.861689+00
8358,2026-07-19 14:22:34.609609+00,invariants,OK,11,0,0,,2026-07-19 14:22:48.074245+00
8357,2026-07-19 14:22:34.609609+00,snapshot,OK,0,1,1,,2026-07-19 14:22:48.050511+00
8356,2026-07-19 14:22:34.609609+00,upsert,OK,0,0,0,,2026-07-19 14:22:48.032798+00
8355,2026-07-19 14:22:34.609609+00,gate,OK,0,1,0,"{""rejected_by_corr"": 1}",2026-07-19 14:22:48.02604+00
8354,2026-07-19 14:22:34.609609+00,rank,OK,15,1,1,,2026-07-19 14:22:47.993722+00
8353,2026-07-19 14:22:34.609609+00,state,OK,16,1,1,,2026-07-19 14:22:47.977969+00
8352,2026-07-19 14:22:34.609609+00,scan,OK,7012,5,1,"{""signals_found"": 1, ""symbols_scanned"": 5}",2026-07-19 14:22:47.906979+00
8351,2026-07-19 14:22:34.609609+00,cleanup,OK,5,0,0,"{""expired"": 0}",2026-07-19 14:22:40.865948+00
8350,2026-07-19 14:22:34.609609+00,unknown,OK,5645,0,0,"{""closed"": 0}",2026-07-19 14:22:35.210335+00
8349,2026-07-19 14:22:34.609609+00,pre_flight,OK,451,0,0,,2026-07-19 14:22:34.759455+00
8348,2026-07-19 14:17:23.543208+00,invariants,OK,12,0,0,,2026-07-19 14:17:34.492038+00
8347,2026-07-19 14:17:23.543208+00,snapshot,OK,0,1,1,,2026-07-19 14:17:34.472234+00
8346,2026-07-19 14:17:23.543208+00,upsert,OK,0,0,0,,2026-07-19 14:17:34.450388+00
8345,2026-07-19 14:17:23.543208+00,gate,OK,0,1,0,"{""rejected_by_corr"": 1}",2026-07-19 14:17:34.444756+00
8344,2026-07-19 14:17:23.543208+00,rank,OK,13,1,1,,2026-07-19 14:17:34.40653+00
8343,2026-07-19 14:17:23.543208+00,state,OK,20,1,1,,2026-07-19 14:17:34.39343+00
8342,2026-07-19 14:17:23.543208+00,scan,OK,5808,5,1,"{""signals_found"": 1, ""symbols_scanned"": 5}",2026-07-19 14:17:34.335255+00
8341,2026-07-19 14:17:23.543208+00,cleanup,OK,5,0,0,"{""expired"": 0}",2026-07-19 14:17:28.488967+00
8340,2026-07-19 14:17:23.543208+00,unknown,OK,4759,0,0,"{""closed"": 0}",2026-07-19 14:17:23.718978+00
8339,2026-07-19 14:17:23.543208+00,pre_flight,OK,119,0,0,,2026-07-19 14:17:23.596489+00
8338,2026-07-19 14:12:13.800947+00,invariants,OK,6,0,0,,2026-07-19 14:12:23.462809+00
8337,2026-07-19 14:12:13.800947+00,snapshot,OK,0,1,1,,2026-07-19 14:12:23.446814+00
8336,2026-07-19 14:12:13.800947+00,upsert,OK,0,0,0,,2026-07-19 14:12:23.425462+00
8335,2026-07-19 14:12:13.800947+00,gate,OK,0,1,0,"{""rejected_by_corr"": 1}",2026-07-19 14:12:23.419292+00
8334,2026-07-19 14:12:13.800947+00,rank,OK,13,1,1,,2026-07-19 14:12:23.388607+00
8333,2026-07-19 14:12:13.800947+00,state,OK,23,1,1,,2026-07-19 14:12:23.37147+00
8332,2026-07-19 14:12:13.800947+00,scan,OK,5585,5,1,"{""signals_found"": 1, ""symbols_scanned"": 5}",2026-07-19 14:12:23.276851+00
8331,2026-07-19 14:12:13.800947+00,cleanup,OK,4,0,0,"{""expired"": 0}",2026-07-19 14:12:17.643813+00
8330,2026-07-19 14:12:13.800947+00,unknown,OK,3611,0,0,"{""closed"": 0}",2026-07-19 14:12:14.007805+00
8329,2026-07-19 14:12:13.800947+00,pre_flight,OK,124,0,0,,2026-07-19 14:12:13.862437+00
8328,2026-07-19 14:07:05.121031+00,invariants,OK,5,0,0,,2026-07-19 14:07:13.739105+00
8327,2026-07-19 14:07:05.121031+00,snapshot,OK,0,1,1,,2026-07-19 14:07:13.729883+00
8326,2026-07-19 14:07:05.121031+00,upsert,OK,0,0,0,,2026-07-19 14:07:13.717865+00
8325,2026-07-19 14:07:05.121031+00,gate,OK,0,1,0,"{""rejected_by_corr"": 1}",2026-07-19 14:07:13.713639+00
8324,2026-07-19 14:07:05.121031+00,rank,OK,8,1,1,,2026-07-19 14:07:13.693009+00
8323,2026-07-19 14:07:05.121031+00,state,OK,15,1,1,,2026-07-19 14:07:13.683732+00
8322,2026-07-19 14:07:05.121031+00,scan,OK,4722,5,1,"{""signals_found"": 1, ""symbols_scanned"": 5}",2026-07-19 14:07:13.642576+00
8321,2026-07-19 14:07:05.121031+00,cleanup,OK,4,0,0,"{""expired"": 0}",2026-07-19 14:07:08.896065+00
8320,2026-07-19 14:07:05.121031+00,unknown,OK,3580,0,0,"{""closed"": 0}",2026-07-19 14:07:05.307141+00
8319,2026-07-19 14:07:05.121031+00,pre_flight,OK,133,0,0,,2026-07-19 14:07:05.171196+00
8318,2026-07-19 14:01:53.512859+00,invariants,OK,12,0,0,,2026-07-19 14:02:05.011111+00
8317,2026-07-19 14:01:53.512859+00,snapshot,OK,0,1,1,,2026-07-19 14:02:04.993345+00
8316,2026-07-19 14:01:53.512859+00,upsert,OK,0,0,0,,2026-07-19 14:02:04.968832+00
8315,2026-07-19 14:01:53.512859+00,gate,OK,0,1,0,"{""rejected_by_corr"": 1}",2026-07-19 14:02:04.960906+00
8314,2026-07-19 14:01:53.512859+00,rank,OK,17,1,1,,2026-07-19 14:02:04.922598+00
8313,2026-07-19 14:01:53.512859+00,state,OK,18,1,1,,2026-07-19 14:02:04.90214+00
8312,2026-07-19 14:01:53.512859+00,scan,OK,6435,5,1,"{""signals_found"": 1, ""symbols_scanned"": 5}",2026-07-19 14:02:04.835542+00
8311,2026-07-19 14:01:53.512859+00,cleanup,OK,5,0,0,"{""expired"": 0}",2026-07-19 14:01:58.363156+00
8310,2026-07-19 14:01:53.512859+00,unknown,OK,4611,0,0,"{""closed"": 0}",2026-07-19 14:01:53.740316+00
8309,2026-07-19 14:01:53.512859+00,pre_flight,OK,155,0,0,,2026-07-19 14:01:53.574155+00
8308,2026-07-19 13:56:44.891688+00,invariants,OK,4,0,0,,2026-07-19 13:56:53.449834+00
8307,2026-07-19 13:56:44.891688+00,snapshot,OK,0,1,1,,2026-07-19 13:56:53.440344+00
8306,2026-07-19 13:56:44.891688+00,upsert,OK,0,0,0,,2026-07-19 13:56:53.428503+00
8305,2026-07-19 13:56:44.891688+00,gate,OK,0,1,0,"{""rejected_by_corr"": 1}",2026-07-19 13:56:53.424176+00
8304,2026-07-19 13:56:44.891688+00,rank,OK,8,1,1,,2026-07-19 13:56:53.402454+00
8303,2026-07-19 13:56:44.891688+00,state,OK,12,1,1,,2026-07-19 13:56:53.392477+00
8302,2026-07-19 13:56:44.891688+00,scan,OK,4797,5,1,"{""signals_found"": 1, ""symbols_scanned"": 5}",2026-07-19 13:56:52.36436+00
8301,2026-07-19 13:56:44.891688+00,cleanup,OK,4,0,0,"{""expired"": 0}",2026-07-19 13:56:47.544229+00
8300,2026-07-19 13:56:44.891688+00,unknown,OK,2519,0,0,"{""closed"": 0}",2026-07-19 13:56:45.016204+00
8299,2026-07-19 13:56:44.891688+00,pre_flight,OK,75,0,0,,2026-07-19 13:56:44.938886+00
8298,2026-07-19 13:51:36.924585+00,invariants,OK,5,0,0,,2026-07-19 13:51:44.806757+00
8297,2026-07-19 13:51:36.924585+00,snapshot,OK,0,1,1,,2026-07-19 13:51:44.795951+00
8296,2026-07-19 13:51:36.924585+00,upsert,OK,15,1,1,,2026-07-19 13:51:44.772374+00
8295,2026-07-19 13:51:36.924585+00,gate,OK,0,1,1,"{""rejected_by_corr"": 0}",2026-07-19 13:51:44.751686+00
8294,2026-07-19 13:51:36.924585+00,rank,OK,12,1,1,,2026-07-19 13:51:44.704009+00
8293,2026-07-19 13:51:36.924585+00,state,OK,18,1,1,,2026-07-19 13:51:44.691618+00
8292,2026-07-19 13:51:36.924585+00,scan,OK,5083,5,1,"{""signals_found"": 1, ""symbols_scanned"": 5}",2026-07-19 13:51:44.630598+00
8291,2026-07-19 13:51:36.924585+00,cleanup,OK,6,0,0,"{""expired"": 0}",2026-07-19 13:51:39.525111+00
8290,2026-07-19 13:51:36.924585+00,unknown,OK,2459,0,0,"{""closed"": 0}",2026-07-19 13:51:37.054574+00
8289,2026-07-19 13:51:36.924585+00,pre_flight,OK,80,0,0,,2026-07-19 13:51:36.978785+00
8288,2026-07-19 13:46:29.429856+00,invariants,OK,5,0,0,,2026-07-19 13:46:36.8508+00
8287,2026-07-19 13:46:29.429856+00,snapshot,OK,0,1,1,,2026-07-19 13:46:36.839759+00
8286,2026-07-19 13:46:29.429856+00,upsert,OK,0,0,0,,2026-07-19 13:46:36.823633+00
8285,2026-07-19 13:46:29.429856+00,gate,OK,0,1,0,"{""rejected_by_corr"": 1}",2026-07-19 13:46:36.818878+00
8284,2026-07-19 13:46:29.429856+00,rank,OK,12,1,1,,2026-07-19 13:46:36.791771+00
8283,2026-07-19 13:46:29.429856+00,state,OK,0,0,1,,2026-07-19 13:46:36.778625+00
8282,2026-07-19 13:46:29.429856+00,scan,OK,4952,5,0,"{""signals_found"": 0, ""symbols_scanned"": 5}",2026-07-19 13:46:36.769793+00
8281,2026-07-19 13:46:29.429856+00,cleanup,OK,5,0,1,"{""expired"": 1}",2026-07-19 13:46:31.797891+00
8280,2026-07-19 13:46:29.429856+00,unknown,OK,2184,0,0,"{""closed"": 0}",2026-07-19 13:46:29.605107+00
8279,2026-07-19 13:46:29.429856+00,pre_flight,OK,121,0,0,,2026-07-19 13:46:29.481498+00
8278,2026-07-19 13:41:21.322639+00,invariants,OK,6,0,0,,2026-07-19 13:41:29.354347+00
8277,2026-07-19 13:41:21.322639+00,snapshot,OK,0,1,1,,2026-07-19 13:41:29.3446+00
8276,2026-07-19 13:41:21.322639+00,upsert,OK,0,0,0,,2026-07-19 13:41:29.334752+00
8275,2026-07-19 13:41:21.322639+00,gate,OK,0,2,0,"{""rejected_by_corr"": 2}",2026-07-19 13:41:29.331982+00
8274,2026-07-19 13:41:21.322639+00,rank,OK,14,2,2,,2026-07-19 13:41:29.301583+00
8273,2026-07-19 13:41:21.322639+00,state,OK,0,0,2,,2026-07-19 13:41:29.288671+00
8272,2026-07-19 13:41:21.322639+00,scan,OK,4565,5,0,"{""signals_found"": 0, ""symbols_scanned"": 5}",2026-07-19 13:41:29.282853+00
8271,2026-07-19 13:41:21.322639+00,cleanup,OK,3,0,0,"{""expired"": 0}",2026-07-19 13:41:24.692139+00
8270,2026-07-19 13:41:21.322639+00,unknown,OK,2889,0,0,"{""closed"": 0}",2026-07-19 13:41:21.794414+00
8269,2026-07-19 13:41:21.322639+00,pre_flight,OK,363,0,0,,2026-07-19 13:41:21.426767+00
8268,2026-07-19 13:36:11.27586+00,invariants,OK,5,0,0,,2026-07-19 13:36:21.26384+00
8267,2026-07-19 13:36:11.27586+00,snapshot,OK,0,1,1,,2026-07-19 13:36:21.2562+00
8266,2026-07-19 13:36:11.27586+00,upsert,OK,0,0,0,,2026-07-19 13:36:21.246838+00
8265,2026-07-19 13:36:11.27586+00,gate,OK,0,2,0,"{""rejected_by_corr"": 2}",2026-07-19 13:36:21.244119+00
8264,2026-07-19 13:36:11.27586+00,rank,OK,13,2,2,,2026-07-19 13:36:21.216784+00
8263,2026-07-19 13:36:11.27586+00,state,OK,0,0,2,,2026-07-19 13:36:21.202292+00
8262,2026-07-19 13:36:11.27586+00,scan,OK,6024,5,0,"{""signals_found"": 0, ""symbols_scanned"": 5}",2026-07-19 13:36:21.196125+00
8261,2026-07-19 13:36:11.27586+00,cleanup,OK,6,0,0,"{""expired"": 0}",2026-07-19 13:36:15.137972+00
8260,2026-07-19 13:36:11.27586+00,unknown,OK,3428,0,0,"{""closed"": 0}",2026-07-19 13:36:11.698509+00
8259,2026-07-19 13:36:11.27586+00,pre_flight,OK,334,0,0,,2026-07-19 13:36:11.355539+00
8258,2026-07-19 13:30:54.001639+00,invariants,OK,11,0,0,,2026-07-19 13:31:11.099095+00
8257,2026-07-19 13:30:54.001639+00,snapshot,OK,0,1,1,,2026-07-19 13:31:11.080986+00
8256,2026-07-19 13:30:54.001639+00,upsert,OK,0,0,0,,2026-07-19 13:31:11.050312+00
8255,2026-07-19 13:30:54.001639+00,gate,OK,0,2,0,"{""rejected_by_corr"": 2}",2026-07-19 13:31:11.041719+00
8254,2026-07-19 13:30:54.001639+00,rank,OK,32,2,2,,2026-07-19 13:31:10.965784+00
8253,2026-07-19 13:30:54.001639+00,state,OK,0,0,2,,2026-07-19 13:31:10.937249+00
8252,2026-07-19 13:30:54.001639+00,scan,OK,10915,5,0,"{""signals_found"": 0, ""symbols_scanned"": 5}",2026-07-19 13:31:10.900287+00
8251,2026-07-19 13:30:54.001639+00,cleanup,OK,21,0,0,"{""expired"": 0}",2026-07-19 13:30:59.914608+00
8250,2026-07-19 13:30:54.001639+00,unknown,OK,5312,0,0,"{""closed"": 0}",2026-07-19 13:30:54.559236+00
8249,2026-07-19 13:30:54.001639+00,pre_flight,OK,413,0,0,,2026-07-19 13:30:54.133267+00
8248,2026-07-19 13:25:31.505154+00,invariants,OK,19,0,0,,2026-07-19 13:25:53.360825+00
8247,2026-07-19 13:25:31.505154+00,snapshot,OK,0,1,1,,2026-07-19 13:25:53.32242+00
8246,2026-07-19 13:25:31.505154+00,upsert,OK,0,0,0,,2026-07-19 13:25:53.218082+00
8245,2026-07-19 13:25:31.505154+00,gate,OK,0,2,0,"{""rejected_by_corr"": 2}",2026-07-19 13:25:53.205874+00
8244,2026-07-19 13:25:31.505154+00,rank,OK,67,2,2,,2026-07-19 13:25:53.018099+00
8243,2026-07-19 13:25:31.505154+00,state,OK,0,0,2,,2026-07-19 13:25:52.957103+00
8242,2026-07-19 13:25:31.505154+00,scan,OK,14647,5,0,"{""signals_found"": 0, ""symbols_scanned"": 5}",2026-07-19 13:25:52.880306+00
8241,2026-07-19 13:25:31.505154+00,cleanup,OK,18,0,0,"{""expired"": 0}",2026-07-19 13:25:38.175615+00
8240,2026-07-19 13:25:31.505154+00,unknown,OK,5975,0,0,"{""closed"": 0}",2026-07-19 13:25:32.138955+00
8239,2026-07-19 13:25:31.505154+00,pre_flight,OK,428,0,0,,2026-07-19 13:25:31.708478+00
8238,2026-07-19 13:20:23.651584+00,invariants,OK,6,0,0,,2026-07-19 13:20:31.431939+00
8237,2026-07-19 13:20:23.651584+00,snapshot,OK,0,1,1,,2026-07-19 13:20:31.421377+00
8236,2026-07-19 13:20:23.651584+00,upsert,OK,0,0,0,,2026-07-19 13:20:31.408634+00
8235,2026-07-19 13:20:23.651584+00,gate,OK,0,2,0,"{""rejected_by_corr"": 2}",2026-07-19 13:20:31.403488+00
8234,2026-07-19 13:20:23.651584+00,rank,OK,18,2,2,,2026-07-19 13:20:31.359102+00
8233,2026-07-19 13:20:23.651584+00,state,OK,0,0,2,,2026-07-19 13:20:31.343658+00
8232,2026-07-19 13:20:23.651584+00,scan,OK,4882,5,0,"{""signals_found"": 0, ""symbols_scanned"": 5}",2026-07-19 13:20:31.332968+00
8231,2026-07-19 13:20:23.651584+00,cleanup,OK,4,0,0,"{""expired"": 0}",2026-07-19 13:20:26.423545+00
8230,2026-07-19 13:20:23.651584+00,unknown,OK,2637,0,0,"{""closed"": 0}",2026-07-19 13:20:23.776636+00
8229,2026-07-19 13:20:23.651584+00,pre_flight,OK,74,0,0,,2026-07-19 13:20:23.699515+00
8228,2026-07-19 13:15:11.781283+00,invariants,OK,28,0,0,,2026-07-19 13:15:23.450397+00
8227,2026-07-19 13:15:11.781283+00,snapshot,OK,0,1,1,,2026-07-19 13:15:23.411094+00
8226,2026-07-19 13:15:11.781283+00,upsert,OK,0,0,0,,2026-07-19 13:15:23.349142+00
8225,2026-07-19 13:15:11.781283+00,gate,OK,0,2,0,"{""rejected_by_corr"": 2}",2026-07-19 13:15:23.327288+00
8224,2026-07-19 13:15:11.781283+00,rank,OK,49,2,2,,2026-07-19 13:15:23.215128+00
8223,2026-07-19 13:15:11.781283+00,state,OK,0,0,2,,2026-07-19 13:15:23.196793+00
8222,2026-07-19 13:15:11.781283+00,scan,OK,7417,5,0,"{""signals_found"": 0, ""symbols_scanned"": 5}",2026-07-19 13:15:23.189074+00
8221,2026-07-19 13:15:11.781283+00,cleanup,OK,3,0,0,"{""expired"": 0}",2026-07-19 13:15:15.749782+00
8220,2026-07-19 13:15:11.781283+00,unknown,OK,3656,0,0,"{""closed"": 0}",2026-07-19 13:15:12.085497+00
8219,2026-07-19 13:15:11.781283+00,pre_flight,OK,237,0,0,,2026-07-19 13:15:11.845823+00
8218,2026-07-19 13:09:57.091938+00,invariants,OK,9,0,0,,2026-07-19 13:10:11.629248+00
8217,2026-07-19 13:09:57.091938+00,snapshot,OK,0,1,1,,2026-07-19 13:10:11.605435+00
8216,2026-07-19 13:09:57.091938+00,upsert,OK,0,0,0,,2026-07-19 13:10:11.580442+00
8215,2026-07-19 13:09:57.091938+00,gate,OK,0,2,0,"{""rejected_by_corr"": 2}",2026-07-19 13:10:11.575928+00
8214,2026-07-19 13:09:57.091938+00,rank,OK,40,2,2,,2026-07-19 13:10:11.495631+00
8213,2026-07-19 13:09:57.091938+00,state,OK,34,1,2,,2026-07-19 13:10:11.463504+00
8212,2026-07-19 13:09:57.091938+00,scan,OK,8804,5,1,"{""signals_found"": 1, ""symbols_scanned"": 5}",2026-07-19 13:10:11.366107+00
8211,2026-07-19 13:09:57.091938+00,cleanup,OK,8,0,0,"{""expired"": 0}",2026-07-19 13:10:02.521093+00
8210,2026-07-19 13:09:57.091938+00,unknown,OK,4907,0,0,"{""closed"": 0}",2026-07-19 13:09:57.596368+00
8209,2026-07-19 13:09:57.091938+00,pre_flight,OK,376,0,0,,2026-07-19 13:09:57.231982+00
8208,2026-07-19 13:04:44.396118+00,invariants,OK,13,0,0,,2026-07-19 13:04:56.967238+00
8207,2026-07-19 13:04:44.396118+00,snapshot,OK,0,1,1,,2026-07-19 13:04:56.950083+00
8206,2026-07-19 13:04:44.396118+00,upsert,OK,0,0,0,,2026-07-19 13:04:56.932639+00
8205,2026-07-19 13:04:44.396118+00,gate,OK,0,2,0,"{""rejected_by_corr"": 2}",2026-07-19 13:04:56.92672+00
8204,2026-07-19 13:04:44.396118+00,rank,OK,25,2,2,,2026-07-19 13:04:56.873302+00
8203,2026-07-19 13:04:44.396118+00,state,OK,18,1,2,,2026-07-19 13:04:56.852725+00
8202,2026-07-19 13:04:44.396118+00,scan,OK,8286,5,1,"{""signals_found"": 1, ""symbols_scanned"": 5}",2026-07-19 13:04:56.778902+00
8201,2026-07-19 13:04:44.396118+00,cleanup,OK,12,0,0,"{""expired"": 0}",2026-07-19 13:04:48.436533+00
8200,2026-07-19 13:04:44.396118+00,unknown,OK,3574,0,0,"{""closed"": 0}",2026-07-19 13:04:44.836962+00
8199,2026-07-19 13:04:44.396118+00,pre_flight,OK,311,0,0,,2026-07-19 13:04:44.530274+00
8198,2026-07-19 12:59:32.952473+00,invariants,OK,17,0,0,,2026-07-19 12:59:44.275608+00
8197,2026-07-19 12:59:32.952473+00,snapshot,OK,0,1,1,,2026-07-19 12:59:44.254023+00
8196,2026-07-19 12:59:32.952473+00,upsert,OK,0,0,0,,2026-07-19 12:59:44.236877+00
8195,2026-07-19 12:59:32.952473+00,gate,OK,0,2,0,"{""rejected_by_corr"": 2}",2026-07-19 12:59:44.229355+00
8194,2026-07-19 12:59:32.952473+00,rank,OK,32,2,2,,2026-07-19 12:59:44.151354+00
8193,2026-07-19 12:59:32.952473+00,state,OK,21,1,2,,2026-07-19 12:59:44.126535+00
8192,2026-07-19 12:59:32.952473+00,scan,OK,6492,5,1,"{""signals_found"": 1, ""symbols_scanned"": 5}",2026-07-19 12:59:44.050582+00
8191,2026-07-19 12:59:32.952473+00,cleanup,OK,5,0,0,"{""expired"": 0}",2026-07-19 12:59:37.522004+00
8190,2026-07-19 12:59:32.952473+00,unknown,OK,4126,0,0,"{""closed"": 0}",2026-07-19 12:59:33.383079+00
8189,2026-07-19 12:59:32.952473+00,pre_flight,OK,336,0,0,,2026-07-19 12:59:33.039447+00
8188,2026-07-19 12:54:26.339282+00,invariants,OK,8,0,0,,2026-07-19 12:54:32.871698+00
8187,2026-07-19 12:54:26.339282+00,snapshot,OK,0,1,1,,2026-07-19 12:54:32.853447+00
8186,2026-07-19 12:54:26.339282+00,upsert,OK,0,0,0,,2026-07-19 12:54:32.839188+00
8185,2026-07-19 12:54:26.339282+00,gate,OK,0,2,0,"{""rejected_by_corr"": 2}",2026-07-19 12:54:32.833691+00
8184,2026-07-19 12:54:26.339282+00,rank,OK,15,2,2,,2026-07-19 12:54:32.792486+00
8183,2026-07-19 12:54:26.339282+00,state,OK,10,1,2,,2026-07-19 12:54:32.775573+00
8182,2026-07-19 12:54:26.339282+00,scan,OK,4109,5,1,"{""signals_found"": 1, ""symbols_scanned"": 5}",2026-07-19 12:54:32.736772+00
8181,2026-07-19 12:54:26.339282+00,cleanup,OK,5,0,0,"{""expired"": 0}",2026-07-19 12:54:28.605839+00
8180,2026-07-19 12:54:26.339282+00,unknown,OK,2125,0,0,"{""closed"": 0}",2026-07-19 12:54:26.469737+00
8179,2026-07-19 12:54:26.339282+00,pre_flight,OK,77,0,0,,2026-07-19 12:54:26.388178+00
8178,2026-07-19 12:49:19.398133+00,invariants,OK,6,0,0,,2026-07-19 12:49:26.263383+00
8177,2026-07-19 12:49:19.398133+00,snapshot,OK,0,1,1,,2026-07-19 12:49:26.252745+00
8176,2026-07-19 12:49:19.398133+00,upsert,OK,0,0,0,,2026-07-19 12:49:26.23827+00
8175,2026-07-19 12:49:19.398133+00,gate,OK,0,2,0,"{""rejected_by_corr"": 2}",2026-07-19 12:49:26.23333+00
8174,2026-07-19 12:49:19.398133+00,rank,OK,12,2,2,,2026-07-19 12:49:26.193769+00
8173,2026-07-19 12:49:19.398133+00,state,OK,18,1,2,,2026-07-19 12:49:26.181461+00
8172,2026-07-19 12:49:19.398133+00,scan,OK,4280,5,1,"{""signals_found"": 1, ""symbols_scanned"": 5}",2026-07-19 12:49:26.134934+00
8171,2026-07-19 12:49:19.398133+00,cleanup,OK,3,0,0,"{""expired"": 0}",2026-07-19 12:49:21.836585+00
8170,2026-07-19 12:49:19.398133+00,unknown,OK,2303,0,0,"{""closed"": 0}",2026-07-19 12:49:19.524521+00
8169,2026-07-19 12:49:19.398133+00,pre_flight,OK,75,0,0,,2026-07-19 12:49:19.446649+00
8168,2026-07-19 12:44:07.613078+00,invariants,OK,11,0,0,,2026-07-19 12:44:19.30688+00
8167,2026-07-19 12:44:07.613078+00,snapshot,OK,0,1,1,,2026-07-19 12:44:19.285432+00
8166,2026-07-19 12:44:07.613078+00,upsert,OK,0,0,0,,2026-07-19 12:44:19.27029+00
8165,2026-07-19 12:44:07.613078+00,gate,OK,0,2,0,"{""rejected_by_corr"": 2}",2026-07-19 12:44:19.264467+00
8164,2026-07-19 12:44:07.613078+00,rank,OK,21,2,2,,2026-07-19 12:44:19.20941+00
8163,2026-07-19 12:44:07.613078+00,state,OK,0,0,2,,2026-07-19 12:44:19.189118+00
8162,2026-07-19 12:44:07.613078+00,scan,OK,7363,5,0,"{""signals_found"": 0, ""symbols_scanned"": 5}",2026-07-19 12:44:19.174802+00
8161,2026-07-19 12:44:07.613078+00,cleanup,OK,17,0,0,"{""expired"": 0}",2026-07-19 12:44:11.756768+00
8160,2026-07-19 12:44:07.613078+00,unknown,OK,3713,0,0,"{""closed"": 0}",2026-07-19 12:44:08.019126+00
8159,2026-07-19 12:44:07.613078+00,pre_flight,OK,268,0,0,,2026-07-19 12:44:07.747372+00
8158,2026-07-19 12:38:55.93636+00,invariants,OK,7,0,0,,2026-07-19 12:39:07.518093+00
8157,2026-07-19 12:38:55.93636+00,snapshot,OK,0,1,1,,2026-07-19 12:39:07.499098+00
8156,2026-07-19 12:38:55.93636+00,upsert,OK,0,0,0,,2026-07-19 12:39:07.481278+00
8155,2026-07-19 12:38:55.93636+00,gate,OK,0,2,0,"{""rejected_by_corr"": 2}",2026-07-19 12:39:07.474712+00
8154,2026-07-19 12:38:55.93636+00,rank,OK,17,2,2,,2026-07-19 12:39:07.430914+00
8153,2026-07-19 12:38:55.93636+00,state,OK,0,0,2,,2026-07-19 12:39:07.412473+00
8152,2026-07-19 12:38:55.93636+00,scan,OK,7507,5,0,"{""signals_found"": 0, ""symbols_scanned"": 5}",2026-07-19 12:39:07.399146+00
8151,2026-07-19 12:38:55.93636+00,cleanup,OK,8,0,0,"{""expired"": 0}",2026-07-19 12:38:59.85269+00
8150,2026-07-19 12:38:55.93636+00,unknown,OK,3669,0,0,"{""closed"": 0}",2026-07-19 12:38:56.16854+00
8149,2026-07-19 12:38:55.93636+00,pre_flight,OK,156,0,0,,2026-07-19 12:38:56.003797+00
8148,2026-07-19 12:33:44.126328+00,invariants,OK,13,0,0,,2026-07-19 12:33:55.829821+00
8147,2026-07-19 12:33:44.126328+00,snapshot,OK,0,1,1,,2026-07-19 12:33:55.814089+00
8146,2026-07-19 12:33:44.126328+00,upsert,OK,0,0,0,,2026-07-19 12:33:55.79025+00
8145,2026-07-19 12:33:44.126328+00,gate,OK,0,2,0,"{""rejected_by_corr"": 2}",2026-07-19 12:33:55.783556+00
8144,2026-07-19 12:33:44.126328+00,rank,OK,33,2,2,,2026-07-19 12:33:55.710002+00
8143,2026-07-19 12:33:44.126328+00,state,OK,0,0,2,,2026-07-19 12:33:55.691904+00
8142,2026-07-19 12:33:44.126328+00,scan,OK,7925,5,0,"{""signals_found"": 0, ""symbols_scanned"": 5}",2026-07-19 12:33:55.684671+00
8141,2026-07-19 12:33:44.126328+00,cleanup,OK,8,0,0,"{""expired"": 0}",2026-07-19 12:33:47.721725+00
8140,2026-07-19 12:33:44.126328+00,unknown,OK,3343,0,0,"{""closed"": 0}",2026-07-19 12:33:44.362231+00
8139,2026-07-19 12:33:44.126328+00,pre_flight,OK,166,0,0,,2026-07-19 12:33:44.191097+00
8138,2026-07-19 12:28:38.38469+00,invariants,OK,6,0,0,,2026-07-19 12:28:44.05256+00
8137,2026-07-19 12:28:38.38469+00,snapshot,OK,0,1,1,,2026-07-19 12:28:44.042228+00
8136,2026-07-19 12:28:38.38469+00,upsert,OK,0,0,0,,2026-07-19 12:28:44.030015+00
8135,2026-07-19 12:28:38.38469+00,gate,OK,0,2,0,"{""rejected_by_corr"": 2}",2026-07-19 12:28:44.026016+00
8134,2026-07-19 12:28:38.38469+00,rank,OK,12,2,2,,2026-07-19 12:28:43.992303+00
8133,2026-07-19 12:28:38.38469+00,state,OK,0,0,2,,2026-07-19 12:28:43.983268+00
8132,2026-07-19 12:28:38.38469+00,scan,OK,3542,5,0,"{""signals_found"": 0, ""symbols_scanned"": 5}",2026-07-19 12:28:43.975691+00
8131,2026-07-19 12:28:38.38469+00,cleanup,OK,4,0,0,"{""expired"": 0}",2026-07-19 12:28:40.401673+00
8130,2026-07-19 12:28:38.38469+00,unknown,OK,1891,0,0,"{""closed"": 0}",2026-07-19 12:28:38.49812+00
8129,2026-07-19 12:28:38.38469+00,pre_flight,OK,65,0,0,,2026-07-19 12:28:38.43174+00
8128,2026-07-19 12:23:31.402979+00,invariants,OK,6,0,0,,2026-07-19 12:23:38.30152+00
8127,2026-07-19 12:23:31.402979+00,snapshot,OK,0,1,1,,2026-07-19 12:23:38.290712+00
8126,2026-07-19 12:23:31.402979+00,upsert,OK,0,0,0,,2026-07-19 12:23:38.276472+00
8125,2026-07-19 12:23:31.402979+00,gate,OK,0,2,0,"{""rejected_by_corr"": 2}",2026-07-19 12:23:38.272234+00
8124,2026-07-19 12:23:31.402979+00,rank,OK,15,2,2,,2026-07-19 12:23:38.231793+00
8123,2026-07-19 12:23:31.402979+00,state,OK,0,0,2,,2026-07-19 12:23:38.220163+00
8122,2026-07-19 12:23:31.402979+00,scan,OK,4500,5,0,"{""signals_found"": 0, ""symbols_scanned"": 5}",2026-07-19 12:23:38.2126+00
8121,2026-07-19 12:23:31.402979+00,cleanup,OK,3,0,0,"{""expired"": 0}",2026-07-19 12:23:33.693036+00
8120,2026-07-19 12:23:31.402979+00,unknown,OK,2128,0,0,"{""closed"": 0}",2026-07-19 12:23:31.554971+00
8119,2026-07-19 12:23:31.402979+00,pre_flight,OK,98,0,0,,2026-07-19 12:23:31.454799+00
8118,2026-07-19 12:18:23.813546+00,invariants,OK,6,0,0,,2026-07-19 12:18:31.334461+00
8117,2026-07-19 12:18:23.813546+00,snapshot,OK,0,1,1,,2026-07-19 12:18:31.316094+00
8116,2026-07-19 12:18:23.813546+00,upsert,OK,0,0,0,,2026-07-19 12:18:31.284822+00
8115,2026-07-19 12:18:23.813546+00,gate,OK,0,2,0,"{""rejected_by_corr"": 2}",2026-07-19 12:18:31.275914+00
8114,2026-07-19 12:18:23.813546+00,rank,OK,9,2,2,,2026-07-19 12:18:31.229357+00
8113,2026-07-19 12:18:23.813546+00,state,OK,0,0,2,,2026-07-19 12:18:31.21187+00
8112,2026-07-19 12:18:23.813546+00,scan,OK,4915,5,0,"{""signals_found"": 0, ""symbols_scanned"": 5}",2026-07-19 12:18:31.201432+00
8111,2026-07-19 12:18:23.813546+00,cleanup,OK,8,0,0,"{""expired"": 0}",2026-07-19 12:18:26.254827+00
8110,2026-07-19 12:18:23.813546+00,unknown,OK,2304,0,0,"{""closed"": 0}",2026-07-19 12:18:23.934828+00
8109,2026-07-19 12:18:23.813546+00,pre_flight,OK,73,0,0,,2026-07-19 12:18:23.862191+00
8108,2026-07-19 12:13:16.264621+00,invariants,OK,5,0,0,,2026-07-19 12:13:23.760299+00
8107,2026-07-19 12:13:16.264621+00,snapshot,OK,0,1,1,,2026-07-19 12:13:23.75154+00
8106,2026-07-19 12:13:16.264621+00,upsert,OK,0,0,0,,2026-07-19 12:13:23.740582+00
8105,2026-07-19 12:13:16.264621+00,gate,OK,0,2,0,"{""rejected_by_corr"": 2}",2026-07-19 12:13:23.736938+00
8104,2026-07-19 12:13:16.264621+00,rank,OK,12,2,2,,2026-07-19 12:13:23.706141+00
8103,2026-07-19 12:13:16.264621+00,state,OK,0,0,2,,2026-07-19 12:13:23.695469+00
8102,2026-07-19 12:13:16.264621+00,scan,OK,4954,5,0,"{""signals_found"": 0, ""symbols_scanned"": 5}",2026-07-19 12:13:23.687838+00
8101,2026-07-19 12:13:16.264621+00,cleanup,OK,4,0,0,"{""expired"": 0}",2026-07-19 12:13:18.707326+00
8100,2026-07-19 12:13:16.264621+00,unknown,OK,2305,0,0,"{""closed"": 0}",2026-07-19 12:13:16.391794+00
8099,2026-07-19 12:13:16.264621+00,pre_flight,OK,73,0,0,,2026-07-19 12:13:16.315103+00
8098,2026-07-19 12:08:08.864936+00,invariants,OK,8,0,0,,2026-07-19 12:08:16.203995+00
8097,2026-07-19 12:08:08.864936+00,snapshot,OK,0,1,1,,2026-07-19 12:08:16.195245+00
8096,2026-07-19 12:08:08.864936+00,upsert,OK,0,0,0,,2026-07-19 12:08:16.184186+00
8095,2026-07-19 12:08:08.864936+00,gate,OK,0,2,0,"{""rejected_by_corr"": 2}",2026-07-19 12:08:16.180468+00
8094,2026-07-19 12:08:08.864936+00,rank,OK,14,2,2,,2026-07-19 12:08:16.1453+00
8093,2026-07-19 12:08:08.864936+00,state,OK,0,0,2,,2026-07-19 12:08:16.135546+00
8092,2026-07-19 12:08:08.864936+00,scan,OK,4562,5,0,"{""signals_found"": 0, ""symbols_scanned"": 5}",2026-07-19 12:08:16.1296+00
8091,2026-07-19 12:08:08.864936+00,cleanup,OK,4,0,0,"{""expired"": 0}",2026-07-19 12:08:11.538946+00
8090,2026-07-19 12:08:08.864936+00,unknown,OK,2537,0,0,"{""closed"": 0}",2026-07-19 12:08:08.991425+00
8089,2026-07-19 12:08:08.864936+00,pre_flight,OK,77,0,0,,2026-07-19 12:08:08.913978+00
8088,2026-07-19 12:02:56.994502+00,invariants,OK,12,0,0,,2026-07-19 12:03:08.755263+00
8087,2026-07-19 12:02:56.994502+00,snapshot,OK,0,1,1,,2026-07-19 12:03:08.735748+00
8086,2026-07-19 12:02:56.994502+00,upsert,OK,0,0,0,,2026-07-19 12:03:08.717761+00
8085,2026-07-19 12:02:56.994502+00,gate,OK,0,2,0,"{""rejected_by_corr"": 2}",2026-07-19 12:03:08.710146+00
8084,2026-07-19 12:02:56.994502+00,rank,OK,69,2,2,,2026-07-19 12:03:08.602537+00
8083,2026-07-19 12:02:56.994502+00,state,OK,0,0,2,,2026-07-19 12:03:08.559685+00
8082,2026-07-19 12:02:56.994502+00,scan,OK,7776,5,0,"{""signals_found"": 0, ""symbols_scanned"": 5}",2026-07-19 12:03:08.53642+00
8081,2026-07-19 12:02:56.994502+00,cleanup,OK,11,0,1,"{""expired"": 1}",2026-07-19 12:03:00.712835+00
8080,2026-07-19 12:02:56.994502+00,unknown,OK,3439,0,0,"{""closed"": 0}",2026-07-19 12:02:57.257348+00
8079,2026-07-19 12:02:56.994502+00,pre_flight,OK,168,0,0,,2026-07-19 12:02:57.079491+00
8078,2026-07-19 11:57:45.946666+00,invariants,OK,14,0,0,,2026-07-19 11:57:56.892491+00
8077,2026-07-19 11:57:45.946666+00,snapshot,OK,0,1,1,,2026-07-19 11:57:56.877323+00
8076,2026-07-19 11:57:45.946666+00,upsert,OK,0,0,0,,2026-07-19 11:57:56.859762+00
8075,2026-07-19 11:57:45.946666+00,gate,OK,0,3,0,"{""rejected_by_corr"": 3}",2026-07-19 11:57:56.856276+00
8074,2026-07-19 11:57:45.946666+00,rank,OK,22,3,3,,2026-07-19 11:57:56.789646+00
8073,2026-07-19 11:57:45.946666+00,state,OK,0,0,3,,2026-07-19 11:57:56.772863+00
8072,2026-07-19 11:57:45.946666+00,scan,OK,6872,5,0,"{""signals_found"": 0, ""symbols_scanned"": 5}",2026-07-19 11:57:56.764436+00
8071,2026-07-19 11:57:45.946666+00,cleanup,OK,5,0,0,"{""expired"": 0}",2026-07-19 11:57:49.857533+00
8070,2026-07-19 11:57:45.946666+00,unknown,OK,3665,0,0,"{""closed"": 0}",2026-07-19 11:57:46.179318+00
8069,2026-07-19 11:57:45.946666+00,pre_flight,OK,140,0,0,,2026-07-19 11:57:46.038833+00
8068,2026-07-19 11:52:35.852726+00,invariants,OK,10,0,0,,2026-07-19 11:52:45.854479+00
8067,2026-07-19 11:52:35.852726+00,snapshot,OK,0,1,1,,2026-07-19 11:52:45.840227+00
8066,2026-07-19 11:52:35.852726+00,upsert,OK,0,0,0,,2026-07-19 11:52:45.826482+00
8065,2026-07-19 11:52:35.852726+00,gate,OK,0,3,0,"{""rejected_by_corr"": 3}",2026-07-19 11:52:45.82199+00
8064,2026-07-19 11:52:35.852726+00,rank,OK,24,3,3,,2026-07-19 11:52:45.7591+00
8063,2026-07-19 11:52:35.852726+00,state,OK,0,0,3,,2026-07-19 11:52:45.742+00
8062,2026-07-19 11:52:35.852726+00,scan,OK,6210,5,0,"{""signals_found"": 0, ""symbols_scanned"": 5}",2026-07-19 11:52:45.733552+00
8061,2026-07-19 11:52:35.852726+00,cleanup,OK,3,0,0,"{""expired"": 0}",2026-07-19 11:52:39.490029+00
8060,2026-07-19 11:52:35.852726+00,unknown,OK,3411,0,0,"{""closed"": 0}",2026-07-19 11:52:36.069968+00
8059,2026-07-19 11:52:35.852726+00,pre_flight,OK,142,0,0,,2026-07-19 11:52:35.920086+00
8058,2026-07-19 11:47:28.591508+00,invariants,OK,4,0,0,,2026-07-19 11:47:35.781143+00
8057,2026-07-19 11:47:28.591508+00,snapshot,OK,0,1,1,,2026-07-19 11:47:35.768207+00
8056,2026-07-19 11:47:28.591508+00,upsert,OK,0,0,0,,2026-07-19 11:47:35.757007+00
8055,2026-07-19 11:47:28.591508+00,gate,OK,0,3,0,"{""rejected_by_corr"": 3}",2026-07-19 11:47:35.753154+00
8054,2026-07-19 11:47:28.591508+00,rank,OK,11,3,3,,2026-07-19 11:47:35.710829+00
8053,2026-07-19 11:47:28.591508+00,state,OK,0,0,3,,2026-07-19 11:47:35.700007+00
8052,2026-07-19 11:47:28.591508+00,scan,OK,4616,5,0,"{""signals_found"": 0, ""symbols_scanned"": 5}",2026-07-19 11:47:35.690869+00
8051,2026-07-19 11:47:28.591508+00,cleanup,OK,5,0,0,"{""expired"": 0}",2026-07-19 11:47:31.04354+00
8050,2026-07-19 11:47:28.591508+00,unknown,OK,2329,0,0,"{""closed"": 0}",2026-07-19 11:47:28.701542+00
8049,2026-07-19 11:47:28.591508+00,pre_flight,OK,69,0,0,,2026-07-19 11:47:28.628744+00
8048,2026-07-19 11:42:15.459618+00,invariants,OK,5,0,0,,2026-07-19 11:42:28.490201+00
8047,2026-07-19 11:42:15.459618+00,snapshot,OK,0,1,1,,2026-07-19 11:42:28.475464+00
8046,2026-07-19 11:42:15.459618+00,upsert,OK,0,0,0,,2026-07-19 11:42:28.451443+00
8045,2026-07-19 11:42:15.459618+00,gate,OK,0,3,0,"{""rejected_by_corr"": 3}",2026-07-19 11:42:28.44528+00
8044,2026-07-19 11:42:15.459618+00,rank,OK,28,3,3,,2026-07-19 11:42:28.369287+00
8043,2026-07-19 11:42:15.459618+00,state,OK,41,2,3,,2026-07-19 11:42:28.345132+00
8042,2026-07-19 11:42:15.459618+00,scan,OK,7914,5,2,"{""signals_found"": 2, ""symbols_scanned"": 5}",2026-07-19 11:42:28.235386+00
8041,2026-07-19 11:42:15.459618+00,cleanup,OK,11,0,0,"{""expired"": 0}",2026-07-19 11:42:20.223909+00
8040,2026-07-19 11:42:15.459618+00,unknown,OK,4429,0,0,"{""closed"": 0}",2026-07-19 11:42:15.777664+00
8039,2026-07-19 11:42:15.459618+00,pre_flight,OK,246,0,0,,2026-07-19 11:42:15.528504+00
8038,2026-07-19 11:37:08.573363+00,invariants,OK,6,0,0,,2026-07-19 11:37:15.37639+00
8037,2026-07-19 11:37:08.573363+00,snapshot,OK,0,1,1,,2026-07-19 11:37:15.365+00
8036,2026-07-19 11:37:08.573363+00,upsert,OK,0,0,0,,2026-07-19 11:37:15.353858+00
8035,2026-07-19 11:37:08.573363+00,gate,OK,0,3,0,"{""rejected_by_corr"": 3}",2026-07-19 11:37:15.350533+00
8034,2026-07-19 11:37:08.573363+00,rank,OK,15,3,3,,2026-07-19 11:37:15.309392+00
8033,2026-07-19 11:37:08.573363+00,state,OK,23,2,3,,2026-07-19 11:37:15.297778+00
8032,2026-07-19 11:37:08.573363+00,scan,OK,4348,5,2,"{""signals_found"": 2, ""symbols_scanned"": 5}",2026-07-19 11:37:15.232763+00
8031,2026-07-19 11:37:08.573363+00,cleanup,OK,3,0,0,"{""expired"": 0}",2026-07-19 11:37:10.85743+00
8030,2026-07-19 11:37:08.573363+00,unknown,OK,2131,0,0,"{""closed"": 0}",2026-07-19 11:37:08.71561+00
8029,2026-07-19 11:37:08.573363+00,pre_flight,OK,86,0,0,,2026-07-19 11:37:08.627044+00
8028,2026-07-19 11:31:54.6668+00,invariants,OK,15,0,0,,2026-07-19 11:32:08.458554+00
8027,2026-07-19 11:31:54.6668+00,snapshot,OK,0,1,1,,2026-07-19 11:32:08.437009+00
8026,2026-07-19 11:31:54.6668+00,upsert,OK,0,0,0,,2026-07-19 11:32:08.416997+00
8025,2026-07-19 11:31:54.6668+00,gate,OK,0,3,0,"{""rejected_by_corr"": 3}",2026-07-19 11:32:08.411361+00
8024,2026-07-19 11:31:54.6668+00,rank,OK,33,3,3,,2026-07-19 11:32:08.306576+00
8023,2026-07-19 11:31:54.6668+00,state,OK,56,2,3,,2026-07-19 11:32:08.281008+00
8022,2026-07-19 11:31:54.6668+00,scan,OK,9033,5,2,"{""signals_found"": 2, ""symbols_scanned"": 5}",2026-07-19 11:32:08.165825+00
8021,2026-07-19 11:31:54.6668+00,cleanup,OK,4,0,0,"{""expired"": 0}",2026-07-19 11:31:59.060787+00
8020,2026-07-19 11:31:54.6668+00,unknown,OK,4093,0,0,"{""closed"": 0}",2026-07-19 11:31:54.952736+00
8019,2026-07-19 11:31:54.6668+00,pre_flight,OK,198,0,0,,2026-07-19 11:31:54.750858+00
8018,2026-07-19 11:26:47.07926+00,invariants,OK,4,0,0,,2026-07-19 11:26:54.614932+00
8017,2026-07-19 11:26:47.07926+00,snapshot,OK,0,1,1,,2026-07-19 11:26:54.60583+00
8016,2026-07-19 11:26:47.07926+00,upsert,OK,0,0,0,,2026-07-19 11:26:54.594622+00
8015,2026-07-19 11:26:47.07926+00,gate,OK,0,3,0,"{""rejected_by_corr"": 3}",2026-07-19 11:26:54.588962+00
8014,2026-07-19 11:26:47.07926+00,rank,OK,12,3,3,,2026-07-19 11:26:54.545944+00
8013,2026-07-19 11:26:47.07926+00,state,OK,28,2,3,,2026-07-19 11:26:54.534656+00
8012,2026-07-19 11:26:47.07926+00,scan,OK,4587,5,2,"{""signals_found"": 2, ""symbols_scanned"": 5}",2026-07-19 11:26:54.465295+00
8011,2026-07-19 11:26:47.07926+00,cleanup,OK,4,0,0,"{""expired"": 0}",2026-07-19 11:26:49.804881+00
8010,2026-07-19 11:26:47.07926+00,unknown,OK,2429,0,0,"{""closed"": 0}",2026-07-19 11:26:47.36577+00
8009,2026-07-19 11:26:47.07926+00,pre_flight,OK,212,0,0,,2026-07-19 11:26:47.150427+00
8008,2026-07-19 11:21:34.635824+00,invariants,OK,12,0,0,,2026-07-19 11:21:46.983684+00
8007,2026-07-19 11:21:34.635824+00,snapshot,OK,0,1,1,,2026-07-19 11:21:46.972023+00
8006,2026-07-19 11:21:34.635824+00,upsert,OK,0,0,0,,2026-07-19 11:21:46.954813+00
8005,2026-07-19 11:21:34.635824+00,gate,OK,0,3,0,"{""rejected_by_corr"": 3}",2026-07-19 11:21:46.947804+00
8004,2026-07-19 11:21:34.635824+00,rank,OK,25,3,3,,2026-07-19 11:21:46.870083+00
8003,2026-07-19 11:21:34.635824+00,state,OK,42,2,3,,2026-07-19 11:21:46.838891+00
8002,2026-07-19 11:21:34.635824+00,scan,OK,7224,5,2,"{""signals_found"": 2, ""symbols_scanned"": 5}",2026-07-19 11:21:46.741847+00
8001,2026-07-19 11:21:34.635824+00,cleanup,OK,9,0,0,"{""expired"": 0}",2026-07-19 11:21:39.480532+00
8000,2026-07-19 11:21:34.635824+00,unknown,OK,4515,0,0,"{""closed"": 0}",2026-07-19 11:21:34.945508+00
7999,2026-07-19 11:21:34.635824+00,pre_flight,OK,197,0,0,,2026-07-19 11:21:34.744134+00
7998,2026-07-19 11:16:26.014468+00,invariants,OK,7,0,0,,2026-07-19 11:16:34.578172+00
7997,2026-07-19 11:16:26.014468+00,snapshot,OK,0,1,1,,2026-07-19 11:16:34.562138+00
7996,2026-07-19 11:16:26.014468+00,upsert,OK,0,0,0,,2026-07-19 11:16:34.545264+00
7995,2026-07-19 11:16:26.014468+00,gate,OK,0,2,0,"{""rejected_by_corr"": 2}",2026-07-19 11:16:34.539529+00
7994,2026-07-19 11:16:26.014468+00,rank,OK,16,2,2,,2026-07-19 11:16:34.49339+00
7993,2026-07-19 11:16:26.014468+00,state,OK,18,1,2,,2026-07-19 11:16:34.479907+00
7992,2026-07-19 11:16:26.014468+00,scan,OK,4828,5,1,"{""signals_found"": 1, ""symbols_scanned"": 5}",2026-07-19 11:16:34.42886+00
7991,2026-07-19 11:16:26.014468+00,cleanup,OK,4,0,0,"{""expired"": 0}",2026-07-19 11:16:29.576035+00
7990,2026-07-19 11:16:26.014468+00,unknown,OK,3410,0,0,"{""closed"": 0}",2026-07-19 11:16:26.155654+00
7989,2026-07-19 11:16:26.014468+00,pre_flight,OK,90,0,0,,2026-07-19 11:16:26.062195+00
7988,2026-07-19 11:11:14.184564+00,invariants,OK,9,0,0,,2026-07-19 11:11:25.924682+00
7987,2026-07-19 11:11:14.184564+00,snapshot,OK,0,1,1,,2026-07-19 11:11:25.912375+00
7986,2026-07-19 11:11:14.184564+00,upsert,OK,0,0,0,,2026-07-19 11:11:25.892378+00
7985,2026-07-19 11:11:14.184564+00,gate,OK,0,2,0,"{""rejected_by_corr"": 2}",2026-07-19 11:11:25.883404+00
7984,2026-07-19 11:11:14.184564+00,rank,OK,17,2,2,,2026-07-19 11:11:25.843666+00
7983,2026-07-19 11:11:14.184564+00,state,OK,0,0,2,,2026-07-19 11:11:25.825584+00
7982,2026-07-19 11:11:14.184564+00,scan,OK,6464,5,0,"{""signals_found"": 0, ""symbols_scanned"": 5}",2026-07-19 11:11:25.816549+00
7981,2026-07-19 11:11:14.184564+00,cleanup,OK,4,0,0,"{""expired"": 0}",2026-07-19 11:11:19.323006+00
7980,2026-07-19 11:11:14.184564+00,unknown,OK,4906,0,0,"{""closed"": 0}",2026-07-19 11:11:14.405869+00
7979,2026-07-19 11:11:14.184564+00,pre_flight,OK,141,0,0,,2026-07-19 11:11:14.25739+00
7978,2026-07-19 11:05:53.570203+00,invariants,OK,16,0,0,,2026-07-19 11:06:14.015533+00
7977,2026-07-19 11:05:53.570203+00,snapshot,OK,0,1,1,,2026-07-19 11:06:13.986016+00
7976,2026-07-19 11:05:53.570203+00,upsert,OK,0,0,0,,2026-07-19 11:06:13.947728+00
7975,2026-07-19 11:05:53.570203+00,gate,OK,0,2,0,"{""rejected_by_corr"": 2}",2026-07-19 11:06:13.939662+00
7974,2026-07-19 11:05:53.570203+00,rank,OK,44,2,2,,2026-07-19 11:06:13.848653+00
7973,2026-07-19 11:05:53.570203+00,state,OK,0,0,2,,2026-07-19 11:06:13.824956+00
7972,2026-07-19 11:05:53.570203+00,scan,OK,10310,5,0,"{""signals_found"": 0, ""symbols_scanned"": 5}",2026-07-19 11:06:13.808085+00
7971,2026-07-19 11:05:53.570203+00,cleanup,OK,12,0,0,"{""expired"": 0}",2026-07-19 11:06:03.448166+00
7970,2026-07-19 11:05:53.570203+00,unknown,OK,9495,0,0,"{""closed"": 0}",2026-07-19 11:05:53.932854+00
7969,2026-07-19 11:05:53.570203+00,pre_flight,OK,260,0,0,,2026-07-19 11:05:53.665605+00
7968,2026-07-19 11:00:27.038463+00,invariants,OK,17,0,0,,2026-07-19 11:00:53.335266+00
7967,2026-07-19 11:00:27.038463+00,snapshot,OK,0,1,1,,2026-07-19 11:00:53.277519+00
7966,2026-07-19 11:00:27.038463+00,upsert,OK,0,0,0,,2026-07-19 11:00:53.257441+00
7965,2026-07-19 11:00:27.038463+00,gate,OK,0,2,0,"{""rejected_by_corr"": 2}",2026-07-19 11:00:53.241766+00
7964,2026-07-19 11:00:27.038463+00,rank,OK,37,2,2,,2026-07-19 11:00:53.164922+00
7963,2026-07-19 11:00:27.038463+00,state,OK,0,0,2,,2026-07-19 11:00:53.13213+00
7962,2026-07-19 11:00:27.038463+00,scan,OK,14414,5,0,"{""signals_found"": 0, ""symbols_scanned"": 5}",2026-07-19 11:00:53.112483+00
7961,2026-07-19 11:00:27.038463+00,cleanup,OK,14,0,0,"{""expired"": 0}",2026-07-19 11:00:38.630192+00
7960,2026-07-19 11:00:27.038463+00,unknown,OK,11118,0,0,"{""closed"": 0}",2026-07-19 11:00:27.487688+00
7959,2026-07-19 11:00:27.038463+00,pre_flight,OK,344,0,0,,2026-07-19 11:00:27.141915+00
7958,2026-07-19 10:55:16.777095+00,invariants,OK,6,0,0,,2026-07-19 10:55:26.966245+00
7957,2026-07-19 10:55:16.777095+00,snapshot,OK,0,1,1,,2026-07-19 10:55:26.955674+00
7956,2026-07-19 10:55:16.777095+00,upsert,OK,0,0,0,,2026-07-19 10:55:26.942239+00
7955,2026-07-19 10:55:16.777095+00,gate,OK,0,2,0,"{""rejected_by_corr"": 2}",2026-07-19 10:55:26.937745+00
7954,2026-07-19 10:55:16.777095+00,rank,OK,13,2,2,,2026-07-19 10:55:26.900496+00
7953,2026-07-19 10:55:16.777095+00,state,OK,0,0,2,,2026-07-19 10:55:26.889811+00
7952,2026-07-19 10:55:16.777095+00,scan,OK,6867,5,0,"{""signals_found"": 0, ""symbols_scanned"": 5}",2026-07-19 10:55:26.884234+00
7951,2026-07-19 10:55:16.777095+00,cleanup,OK,6,0,0,"{""expired"": 0}",2026-07-19 10:55:19.992481+00
7950,2026-07-19 10:55:16.777095+00,unknown,OK,3007,0,0,"{""closed"": 0}",2026-07-19 10:55:16.973407+00
7949,2026-07-19 10:55:16.777095+00,pre_flight,OK,143,0,0,,2026-07-19 10:55:16.830785+00
7948,2026-07-19 10:50:01.575744+00,invariants,OK,25,0,0,,2026-07-19 10:50:16.603966+00
7947,2026-07-19 10:50:01.575744+00,snapshot,OK,0,1,1,,2026-07-19 10:50:16.584344+00
7946,2026-07-19 10:50:01.575744+00,upsert,OK,0,0,0,,2026-07-19 10:50:16.553501+00
7945,2026-07-19 10:50:01.575744+00,gate,OK,0,2,0,"{""rejected_by_corr"": 2}",2026-07-19 10:50:16.546472+00
7944,2026-07-19 10:50:01.575744+00,rank,OK,28,2,2,,2026-07-19 10:50:16.484911+00
7943,2026-07-19 10:50:01.575744+00,state,OK,0,0,2,,2026-07-19 10:50:16.458607+00
7942,2026-07-19 10:50:01.575744+00,scan,OK,8592,5,0,"{""signals_found"": 0, ""symbols_scanned"": 5}",2026-07-19 10:50:16.442894+00
7941,2026-07-19 10:50:01.575744+00,cleanup,OK,13,0,0,"{""expired"": 0}",2026-07-19 10:50:07.80991+00
7940,2026-07-19 10:50:01.575744+00,unknown,OK,5839,0,0,"{""closed"": 0}",2026-07-19 10:50:01.949113+00
7939,2026-07-19 10:50:01.575744+00,pre_flight,OK,248,0,0,,2026-07-19 10:50:01.688745+00
7938,2026-07-19 10:44:46.535739+00,invariants,OK,17,0,0,,2026-07-19 10:45:01.41014+00
7937,2026-07-19 10:44:46.535739+00,snapshot,OK,0,1,1,,2026-07-19 10:45:01.352519+00
7936,2026-07-19 10:44:46.535739+00,upsert,OK,1,0,0,,2026-07-19 10:45:01.320567+00
7935,2026-07-19 10:44:46.535739+00,gate,OK,0,2,0,"{""rejected_by_corr"": 2}",2026-07-19 10:45:01.313478+00
7934,2026-07-19 10:44:46.535739+00,rank,OK,24,2,2,,2026-07-19 10:45:01.251038+00
7933,2026-07-19 10:44:46.535739+00,state,OK,0,0,2,,2026-07-19 10:45:01.225204+00
7932,2026-07-19 10:44:46.535739+00,scan,OK,8079,5,0,"{""signals_found"": 0, ""symbols_scanned"": 5}",2026-07-19 10:45:01.206775+00
7931,2026-07-19 10:44:46.535739+00,cleanup,OK,8,0,0,"{""expired"": 0}",2026-07-19 10:44:53.083359+00
7930,2026-07-19 10:44:46.535739+00,unknown,OK,6230,0,0,"{""closed"": 0}",2026-07-19 10:44:46.837536+00
7929,2026-07-19 10:44:46.535739+00,pre_flight,OK,174,0,0,,2026-07-19 10:44:46.66213+00
7928,2026-07-19 10:39:30.386472+00,invariants,OK,11,0,0,,2026-07-19 10:39:46.419089+00
7927,2026-07-19 10:39:30.386472+00,snapshot,OK,0,1,1,,2026-07-19 10:39:46.394898+00
7926,2026-07-19 10:39:30.386472+00,upsert,OK,0,0,0,,2026-07-19 10:39:46.373511+00
7925,2026-07-19 10:39:30.386472+00,gate,OK,0,2,0,"{""rejected_by_corr"": 2}",2026-07-19 10:39:46.367021+00
7924,2026-07-19 10:39:30.386472+00,rank,OK,41,2,2,,2026-07-19 10:39:46.296075+00
7923,2026-07-19 10:39:30.386472+00,state,OK,0,0,2,,2026-07-19 10:39:46.270295+00
7922,2026-07-19 10:39:30.386472+00,scan,OK,8429,5,0,"{""signals_found"": 0, ""symbols_scanned"": 5}",2026-07-19 10:39:46.259472+00
7921,2026-07-19 10:39:30.386472+00,cleanup,OK,9,0,0,"{""expired"": 0}",2026-07-19 10:39:37.787966+00
7920,2026-07-19 10:39:30.386472+00,unknown,OK,7145,0,0,"{""closed"": 0}",2026-07-19 10:39:30.624674+00
7919,2026-07-19 10:39:30.386472+00,pre_flight,OK,161,0,0,,2026-07-19 10:39:30.46989+00
7918,2026-07-19 10:34:10.008142+00,invariants,OK,11,0,0,,2026-07-19 10:34:30.27189+00
7917,2026-07-19 10:34:10.008142+00,snapshot,OK,0,1,1,,2026-07-19 10:34:30.25287+00
7916,2026-07-19 10:34:10.008142+00,upsert,OK,0,0,0,,2026-07-19 10:34:30.226465+00
7915,2026-07-19 10:34:10.008142+00,gate,OK,0,2,0,"{""rejected_by_corr"": 2}",2026-07-19 10:34:30.220307+00
7914,2026-07-19 10:34:10.008142+00,rank,OK,36,2,2,,2026-07-19 10:34:30.149307+00
7913,2026-07-19 10:34:10.008142+00,state,OK,0,0,2,,2026-07-19 10:34:30.11831+00
7912,2026-07-19 10:34:10.008142+00,scan,OK,11101,5,0,"{""signals_found"": 0, ""symbols_scanned"": 5}",2026-07-19 10:34:30.088278+00
7911,2026-07-19 10:34:10.008142+00,cleanup,OK,11,0,0,"{""expired"": 0}",2026-07-19 10:34:18.922618+00
7910,2026-07-19 10:34:10.008142+00,unknown,OK,8608,0,0,"{""closed"": 0}",2026-07-19 10:34:10.28842+00
7909,2026-07-19 10:34:10.008142+00,pre_flight,OK,177,0,0,,2026-07-19 10:34:10.114493+00
7908,2026-07-19 10:28:51.500901+00,invariants,OK,14,0,0,,2026-07-19 10:29:09.843103+00
7907,2026-07-19 10:28:51.500901+00,snapshot,OK,0,1,1,,2026-07-19 10:29:09.801946+00
7906,2026-07-19 10:28:51.500901+00,upsert,OK,0,0,0,,2026-07-19 10:29:09.764621+00
7905,2026-07-19 10:28:51.500901+00,gate,OK,0,2,0,"{""rejected_by_corr"": 2}",2026-07-19 10:29:09.752538+00
7904,2026-07-19 10:28:51.500901+00,rank,OK,45,2,2,,2026-07-19 10:29:09.656117+00
7903,2026-07-19 10:28:51.500901+00,state,OK,0,0,2,,2026-07-19 10:29:09.617954+00
7902,2026-07-19 10:28:51.500901+00,scan,OK,10575,5,0,"{""signals_found"": 0, ""symbols_scanned"": 5}",2026-07-19 10:29:09.595778+00
7901,2026-07-19 10:28:51.500901+00,cleanup,OK,29,0,0,"{""expired"": 0}",2026-07-19 10:28:58.955787+00
7900,2026-07-19 10:28:51.500901+00,unknown,OK,7127,0,0,"{""closed"": 0}",2026-07-19 10:28:51.790251+00
7899,2026-07-19 10:28:51.500901+00,pre_flight,OK,203,0,0,,2026-07-19 10:28:51.58525+00
7898,2026-07-19 10:23:37.691019+00,invariants,OK,11,0,0,,2026-07-19 10:23:51.392148+00
7897,2026-07-19 10:23:37.691019+00,snapshot,OK,0,1,1,,2026-07-19 10:23:51.37038+00
7896,2026-07-19 10:23:37.691019+00,upsert,OK,0,0,0,,2026-07-19 10:23:51.345738+00
7895,2026-07-19 10:23:37.691019+00,gate,OK,0,2,0,"{""rejected_by_corr"": 2}",2026-07-19 10:23:51.340203+00
7894,2026-07-19 10:23:37.691019+00,rank,OK,32,2,2,,2026-07-19 10:23:51.270854+00
7893,2026-07-19 10:23:37.691019+00,state,OK,0,0,2,,2026-07-19 10:23:51.243302+00
7892,2026-07-19 10:23:37.691019+00,scan,OK,9132,5,0,"{""signals_found"": 0, ""symbols_scanned"": 5}",2026-07-19 10:23:51.232225+00
7891,2026-07-19 10:23:37.691019+00,cleanup,OK,7,0,0,"{""expired"": 0}",2026-07-19 10:23:42.072476+00
7890,2026-07-19 10:23:37.691019+00,unknown,OK,4206,0,0,"{""closed"": 0}",2026-07-19 10:23:37.853412+00
7889,2026-07-19 10:23:37.691019+00,pre_flight,OK,104,0,0,,2026-07-19 10:23:37.747907+00
7888,2026-07-19 10:18:27.788523+00,invariants,OK,6,0,0,,2026-07-19 10:18:37.616803+00
7887,2026-07-19 10:18:27.788523+00,snapshot,OK,0,1,1,,2026-07-19 10:18:37.60575+00
7886,2026-07-19 10:18:27.788523+00,upsert,OK,0,0,0,,2026-07-19 10:18:37.592084+00
7885,2026-07-19 10:18:27.788523+00,gate,OK,0,2,0,"{""rejected_by_corr"": 2}",2026-07-19 10:18:37.588931+00
7884,2026-07-19 10:18:27.788523+00,rank,OK,10,2,2,,2026-07-19 10:18:37.557503+00
7883,2026-07-19 10:18:27.788523+00,state,OK,0,0,2,,2026-07-19 10:18:37.548179+00
7882,2026-07-19 10:18:27.788523+00,scan,OK,6398,5,0,"{""signals_found"": 0, ""symbols_scanned"": 5}",2026-07-19 10:18:37.542481+00
7881,2026-07-19 10:18:27.788523+00,cleanup,OK,3,0,0,"{""expired"": 0}",2026-07-19 10:18:31.125438+00
7880,2026-07-19 10:18:27.788523+00,unknown,OK,3181,0,0,"{""closed"": 0}",2026-07-19 10:18:27.936017+00
7879,2026-07-19 10:18:27.788523+00,pre_flight,OK,92,0,0,,2026-07-19 10:18:27.840771+00
7878,2026-07-19 10:13:19.335832+00,invariants,OK,6,0,0,,2026-07-19 10:13:27.728725+00
7877,2026-07-19 10:13:19.335832+00,snapshot,OK,0,1,1,,2026-07-19 10:13:27.720348+00
7876,2026-07-19 10:13:19.335832+00,upsert,OK,0,0,0,,2026-07-19 10:13:27.708956+00
7875,2026-07-19 10:13:19.335832+00,gate,OK,0,2,0,"{""rejected_by_corr"": 2}",2026-07-19 10:13:27.706023+00
7874,2026-07-19 10:13:19.335832+00,rank,OK,12,2,2,,2026-07-19 10:13:27.679268+00
7873,2026-07-19 10:13:19.335832+00,state,OK,0,0,2,,2026-07-19 10:13:27.669373+00
7872,2026-07-19 10:13:19.335832+00,scan,OK,4546,5,0,"{""signals_found"": 0, ""symbols_scanned"": 5}",2026-07-19 10:13:27.664236+00
7871,2026-07-19 10:13:19.335832+00,cleanup,OK,5,0,0,"{""expired"": 0}",2026-07-19 10:13:23.09636+00
7870,2026-07-19 10:13:19.335832+00,unknown,OK,3582,0,0,"{""closed"": 0}",2026-07-19 10:13:19.504401+00
7869,2026-07-19 10:13:19.335832+00,pre_flight,OK,96,0,0,,2026-07-19 10:13:19.405738+00
7868,2026-07-19 10:08:10.546567+00,invariants,OK,8,0,0,,2026-07-19 10:08:19.231769+00
7867,2026-07-19 10:08:10.546567+00,snapshot,OK,0,1,1,,2026-07-19 10:08:19.221729+00
7866,2026-07-19 10:08:10.546567+00,upsert,OK,0,0,0,,2026-07-19 10:08:19.209389+00
7865,2026-07-19 10:08:10.546567+00,gate,OK,0,2,0,"{""rejected_by_corr"": 2}",2026-07-19 10:08:19.205451+00
7864,2026-07-19 10:08:10.546567+00,rank,OK,12,2,2,,2026-07-19 10:08:19.168741+00
7863,2026-07-19 10:08:10.546567+00,state,OK,0,0,2,,2026-07-19 10:08:19.15676+00
7862,2026-07-19 10:08:10.546567+00,scan,OK,4736,5,0,"{""signals_found"": 0, ""symbols_scanned"": 5}",2026-07-19 10:08:19.149527+00
7861,2026-07-19 10:08:10.546567+00,cleanup,OK,4,0,0,"{""expired"": 0}",2026-07-19 10:08:14.387075+00
7860,2026-07-19 10:08:10.546567+00,unknown,OK,3691,0,0,"{""closed"": 0}",2026-07-19 10:08:10.686327+00
7859,2026-07-19 10:08:10.546567+00,pre_flight,OK,91,0,0,,2026-07-19 10:08:10.594906+00
7858,2026-07-19 10:03:02.579356+00,invariants,OK,6,0,0,,2026-07-19 10:03:10.488393+00
7857,2026-07-19 10:03:02.579356+00,snapshot,OK,0,1,1,,2026-07-19 10:03:10.477231+00
7856,2026-07-19 10:03:02.579356+00,upsert,OK,0,0,0,,2026-07-19 10:03:10.463208+00
7855,2026-07-19 10:03:02.579356+00,gate,OK,0,2,0,"{""rejected_by_corr"": 2}",2026-07-19 10:03:10.458745+00
7854,2026-07-19 10:03:02.579356+00,rank,OK,12,2,2,,2026-07-19 10:03:10.422653+00
7853,2026-07-19 10:03:02.579356+00,state,OK,0,0,2,,2026-07-19 10:03:10.412968+00
7852,2026-07-19 10:03:02.579356+00,scan,OK,3987,5,0,"{""signals_found"": 0, ""symbols_scanned"": 5}",2026-07-19 10:03:10.406806+00
7851,2026-07-19 10:03:02.579356+00,cleanup,OK,4,0,0,"{""expired"": 0}",2026-07-19 10:03:06.394969+00
7850,2026-07-19 10:03:02.579356+00,unknown,OK,3676,0,0,"{""closed"": 0}",2026-07-19 10:03:02.709023+00
7849,2026-07-19 10:03:02.579356+00,pre_flight,OK,80,0,0,,2026-07-19 10:03:02.628278+00
7848,2026-07-19 09:57:53.94936+00,invariants,OK,6,0,0,,2026-07-19 09:58:02.502594+00
7847,2026-07-19 09:57:53.94936+00,snapshot,OK,0,1,1,,2026-07-19 09:58:02.490318+00
7846,2026-07-19 09:57:53.94936+00,upsert,OK,0,0,0,,2026-07-19 09:58:02.467405+00
7845,2026-07-19 09:57:53.94936+00,gate,OK,0,2,0,"{""rejected_by_corr"": 2}",2026-07-19 09:58:02.461444+00
7844,2026-07-19 09:57:53.94936+00,rank,OK,15,2,2,,2026-07-19 09:58:02.396444+00
7843,2026-07-19 09:57:53.94936+00,state,OK,16,1,2,,2026-07-19 09:58:02.381589+00
7842,2026-07-19 09:57:53.94936+00,scan,OK,4595,5,1,"{""signals_found"": 1, ""symbols_scanned"": 5}",2026-07-19 09:58:02.321147+00
7841,2026-07-19 09:57:53.94936+00,cleanup,OK,3,0,0,"{""expired"": 0}",2026-07-19 09:57:57.702506+00
7840,2026-07-19 09:57:53.94936+00,unknown,OK,3534,0,0,"{""closed"": 0}",2026-07-19 09:57:54.159826+00
7839,2026-07-19 09:57:53.94936+00,pre_flight,OK,154,0,0,,2026-07-19 09:57:54.00359+00
7838,2026-07-19 09:52:40.887701+00,invariants,OK,17,0,0,,2026-07-19 09:52:53.842938+00
7837,2026-07-19 09:52:40.887701+00,snapshot,OK,0,1,1,,2026-07-19 09:52:53.819286+00
7836,2026-07-19 09:52:40.887701+00,upsert,OK,0,0,0,,2026-07-19 09:52:53.804295+00
7835,2026-07-19 09:52:40.887701+00,gate,OK,0,2,0,"{""rejected_by_corr"": 2}",2026-07-19 09:52:53.798799+00
7834,2026-07-19 09:52:40.887701+00,rank,OK,20,2,2,,2026-07-19 09:52:53.757188+00
7833,2026-07-19 09:52:40.887701+00,state,OK,33,1,2,,2026-07-19 09:52:53.742189+00
7832,2026-07-19 09:52:40.887701+00,scan,OK,6856,5,1,"{""signals_found"": 1, ""symbols_scanned"": 5}",2026-07-19 09:52:53.665529+00
7831,2026-07-19 09:52:40.887701+00,cleanup,OK,5,0,0,"{""expired"": 0}",2026-07-19 09:52:46.762422+00
7830,2026-07-19 09:52:40.887701+00,unknown,OK,5672,0,0,"{""closed"": 0}",2026-07-19 09:52:41.079458+00
7829,2026-07-19 09:52:40.887701+00,pre_flight,OK,129,0,0,,2026-07-19 09:52:40.946145+00
7828,2026-07-19 09:47:27.753501+00,invariants,OK,10,0,0,,2026-07-19 09:47:40.790206+00
7827,2026-07-19 09:47:27.753501+00,snapshot,OK,0,1,1,,2026-07-19 09:47:40.778333+00
7826,2026-07-19 09:47:27.753501+00,upsert,OK,0,0,0,,2026-07-19 09:47:40.762732+00
7825,2026-07-19 09:47:27.753501+00,gate,OK,0,2,0,"{""rejected_by_corr"": 2}",2026-07-19 09:47:40.759923+00
7824,2026-07-19 09:47:27.753501+00,rank,OK,16,2,2,,2026-07-19 09:47:40.723168+00
7823,2026-07-19 09:47:27.753501+00,state,OK,19,1,2,,2026-07-19 09:47:40.709698+00
7822,2026-07-19 09:47:27.753501+00,scan,OK,7395,5,1,"{""signals_found"": 1, ""symbols_scanned"": 5}",2026-07-19 09:47:40.654038+00
7821,2026-07-19 09:47:27.753501+00,cleanup,OK,5,0,0,"{""expired"": 0}",2026-07-19 09:47:33.219928+00
7820,2026-07-19 09:47:27.753501+00,unknown,OK,5253,0,0,"{""closed"": 0}",2026-07-19 09:47:27.953209+00
7819,2026-07-19 09:47:27.753501+00,pre_flight,OK,134,0,0,,2026-07-19 09:47:27.817461+00
7818,2026-07-19 09:42:15.732542+00,invariants,OK,13,0,0,,2026-07-19 09:42:27.559962+00
7817,2026-07-19 09:42:15.732542+00,snapshot,OK,0,1,1,,2026-07-19 09:42:27.534676+00
7816,2026-07-19 09:42:15.732542+00,upsert,OK,0,0,0,,2026-07-19 09:42:27.509447+00
7815,2026-07-19 09:42:15.732542+00,gate,OK,0,2,0,"{""rejected_by_corr"": 2}",2026-07-19 09:42:27.506372+00
7814,2026-07-19 09:42:15.732542+00,rank,OK,22,2,2,,2026-07-19 09:42:27.456364+00
7813,2026-07-19 09:42:15.732542+00,state,OK,20,1,2,,2026-07-19 09:42:27.436644+00
7812,2026-07-19 09:42:15.732542+00,scan,OK,6913,5,1,"{""signals_found"": 1, ""symbols_scanned"": 5}",2026-07-19 09:42:27.380712+00
7811,2026-07-19 09:42:15.732542+00,cleanup,OK,5,0,0,"{""expired"": 0}",2026-07-19 09:42:20.430326+00
7810,2026-07-19 09:42:15.732542+00,unknown,OK,4465,0,0,"{""closed"": 0}",2026-07-19 09:42:15.950367+00
7809,2026-07-19 09:42:15.732542+00,pre_flight,OK,144,0,0,,2026-07-19 09:42:15.802353+00
7808,2026-07-19 09:37:03.48011+00,invariants,OK,8,0,0,,2026-07-19 09:37:15.614595+00
7807,2026-07-19 09:37:03.48011+00,snapshot,OK,0,1,1,,2026-07-19 09:37:15.589982+00
7806,2026-07-19 09:37:03.48011+00,upsert,OK,0,0,0,,2026-07-19 09:37:15.557193+00
7805,2026-07-19 09:37:03.48011+00,gate,OK,0,2,0,"{""rejected_by_corr"": 2}",2026-07-19 09:37:15.542916+00
7804,2026-07-19 09:37:03.48011+00,rank,OK,26,2,2,,2026-07-19 09:37:15.475823+00
7803,2026-07-19 09:37:03.48011+00,state,OK,21,1,2,,2026-07-19 09:37:15.458379+00
7802,2026-07-19 09:37:03.48011+00,scan,OK,6553,5,1,"{""signals_found"": 1, ""symbols_scanned"": 5}",2026-07-19 09:37:15.384235+00
7801,2026-07-19 09:37:03.48011+00,cleanup,OK,6,0,0,"{""expired"": 0}",2026-07-19 09:37:08.797213+00
7800,2026-07-19 09:37:03.48011+00,unknown,OK,5064,0,0,"{""closed"": 0}",2026-07-19 09:37:03.720588+00
7799,2026-07-19 09:37:03.48011+00,pre_flight,OK,169,0,0,,2026-07-19 09:37:03.545716+00
7798,2026-07-19 09:31:50.743282+00,invariants,OK,14,0,0,,2026-07-19 09:32:03.354525+00
7797,2026-07-19 09:31:50.743282+00,snapshot,OK,0,1,1,,2026-07-19 09:32:03.334079+00
7796,2026-07-19 09:31:50.743282+00,upsert,OK,0,0,0,,2026-07-19 09:32:03.313186+00
7795,2026-07-19 09:31:50.743282+00,gate,OK,0,2,0,"{""rejected_by_corr"": 2}",2026-07-19 09:32:03.307262+00
7794,2026-07-19 09:31:50.743282+00,rank,OK,33,2,2,,2026-07-19 09:32:03.236428+00
7793,2026-07-19 09:31:50.743282+00,state,OK,23,1,2,,2026-07-19 09:32:03.210095+00
7792,2026-07-19 09:31:50.743282+00,scan,OK,6993,5,1,"{""signals_found"": 1, ""symbols_scanned"": 5}",2026-07-19 09:32:01.375333+00
7791,2026-07-19 09:31:50.743282+00,cleanup,OK,5,0,0,"{""expired"": 0}",2026-07-19 09:31:54.321701+00
7790,2026-07-19 09:31:50.743282+00,unknown,OK,3380,0,0,"{""closed"": 0}",2026-07-19 09:31:50.928913+00
7789,2026-07-19 09:31:50.743282+00,pre_flight,OK,106,0,0,,2026-07-19 09:31:50.820821+00
7788,2026-07-19 09:26:42.697604+00,invariants,OK,5,0,0,,2026-07-19 09:26:50.651455+00
7787,2026-07-19 09:26:42.697604+00,snapshot,OK,0,1,1,,2026-07-19 09:26:50.642405+00
7786,2026-07-19 09:26:42.697604+00,upsert,OK,6,1,1,,2026-07-19 09:26:50.627495+00
7785,2026-07-19 09:26:42.697604+00,gate,OK,0,2,1,"{""rejected_by_corr"": 1}",2026-07-19 09:26:50.618497+00
7784,2026-07-19 09:26:42.697604+00,rank,OK,12,2,2,,2026-07-19 09:26:50.577416+00
7783,2026-07-19 09:26:42.697604+00,state,OK,12,1,2,,2026-07-19 09:26:50.566602+00
7782,2026-07-19 09:26:42.697604+00,scan,OK,4401,5,1,"{""signals_found"": 1, ""symbols_scanned"": 5}",2026-07-19 09:26:49.461622+00
7781,2026-07-19 09:26:42.697604+00,cleanup,OK,4,0,0,"{""expired"": 0}",2026-07-19 09:26:45.019809+00
7780,2026-07-19 09:26:42.697604+00,unknown,OK,2189,0,0,"{""closed"": 0}",2026-07-19 09:26:42.821555+00
7779,2026-07-19 09:26:42.697604+00,pre_flight,OK,73,0,0,,2026-07-19 09:26:42.744102+00
7778,2026-07-19 09:21:36.132079+00,invariants,OK,4,0,0,,2026-07-19 09:21:42.649004+00
7777,2026-07-19 09:21:36.132079+00,snapshot,OK,0,1,1,,2026-07-19 09:21:42.640881+00
7776,2026-07-19 09:21:36.132079+00,upsert,OK,8,1,1,,2026-07-19 09:21:42.627379+00
7775,2026-07-19 09:21:36.132079+00,gate,OK,0,2,1,"{""rejected_by_corr"": 1}",2026-07-19 09:21:42.616347+00
7774,2026-07-19 09:21:36.132079+00,rank,OK,8,2,2,,2026-07-19 09:21:42.582301+00
7773,2026-07-19 09:21:36.132079+00,state,OK,9,1,2,,2026-07-19 09:21:42.574528+00
7772,2026-07-19 09:21:36.132079+00,scan,OK,4342,5,1,"{""signals_found"": 1, ""symbols_scanned"": 5}",2026-07-19 09:21:42.541124+00
7771,2026-07-19 09:21:36.132079+00,cleanup,OK,4,0,0,"{""expired"": 0}",2026-07-19 09:21:38.157116+00
7770,2026-07-19 09:21:36.132079+00,unknown,OK,1911,0,0,"{""closed"": 0}",2026-07-19 09:21:36.234891+00
7769,2026-07-19 09:21:36.132079+00,pre_flight,OK,59,0,0,,2026-07-19 09:21:36.174829+00
7768,2026-07-19 09:16:28.211504+00,invariants,OK,5,0,0,,2026-07-19 09:16:36.060642+00
7767,2026-07-19 09:16:28.211504+00,snapshot,OK,0,1,1,,2026-07-19 09:16:36.050602+00
7766,2026-07-19 09:16:28.211504+00,upsert,OK,0,0,0,,2026-07-19 09:16:36.038132+00
7765,2026-07-19 09:16:28.211504+00,gate,OK,0,2,0,"{""rejected_by_corr"": 2}",2026-07-19 09:16:36.034358+00
7764,2026-07-19 09:16:28.211504+00,rank,OK,12,2,2,,2026-07-19 09:16:35.999878+00
7763,2026-07-19 09:16:28.211504+00,state,OK,15,1,2,,2026-07-19 09:16:35.987084+00
7762,2026-07-19 09:16:28.211504+00,scan,OK,4382,5,1,"{""signals_found"": 1, ""symbols_scanned"": 5}",2026-07-19 09:16:35.940004+00
7761,2026-07-19 09:16:28.211504+00,cleanup,OK,3,0,0,"{""expired"": 0}",2026-07-19 09:16:31.534373+00
7760,2026-07-19 09:16:28.211504+00,unknown,OK,3188,0,0,"{""closed"": 0}",2026-07-19 09:16:28.336829+00
7759,2026-07-19 09:16:28.211504+00,pre_flight,OK,78,0,0,,2026-07-19 09:16:28.258272+00
7758,2026-07-19 09:11:20.86089+00,invariants,OK,5,0,0,,2026-07-19 09:11:28.140094+00
7757,2026-07-19 09:11:20.86089+00,snapshot,OK,0,1,1,,2026-07-19 09:11:28.129268+00
7756,2026-07-19 09:11:20.86089+00,upsert,OK,0,0,0,,2026-07-19 09:11:28.113928+00
7755,2026-07-19 09:11:20.86089+00,gate,OK,0,2,0,"{""rejected_by_corr"": 2}",2026-07-19 09:11:28.109274+00
7754,2026-07-19 09:11:20.86089+00,rank,OK,9,2,2,,2026-07-19 09:11:28.079634+00
7753,2026-07-19 09:11:20.86089+00,state,OK,13,1,2,,2026-07-19 09:11:28.070145+00
7752,2026-07-19 09:11:20.86089+00,scan,OK,4280,5,1,"{""signals_found"": 1, ""symbols_scanned"": 5}",2026-07-19 09:11:28.031832+00
7751,2026-07-19 09:11:20.86089+00,cleanup,OK,3,0,0,"{""expired"": 0}",2026-07-19 09:11:23.733987+00
7750,2026-07-19 09:11:20.86089+00,unknown,OK,2740,0,0,"{""closed"": 0}",2026-07-19 09:11:20.985986+00
7749,2026-07-19 09:11:20.86089+00,pre_flight,OK,77,0,0,,2026-07-19 09:11:20.907745+00
7748,2026-07-19 09:06:13.741607+00,invariants,OK,6,0,0,,2026-07-19 09:06:20.799502+00
7747,2026-07-19 09:06:13.741607+00,snapshot,OK,0,1,1,,2026-07-19 09:06:20.790331+00
7746,2026-07-19 09:06:13.741607+00,upsert,OK,0,0,0,,2026-07-19 09:06:20.779492+00
7745,2026-07-19 09:06:13.741607+00,gate,OK,0,2,0,"{""rejected_by_corr"": 2}",2026-07-19 09:06:20.776608+00
7744,2026-07-19 09:06:13.741607+00,rank,OK,13,2,2,,2026-07-19 09:06:20.744901+00
7743,2026-07-19 09:06:13.741607+00,state,OK,11,1,2,,2026-07-19 09:06:20.735106+00
7742,2026-07-19 09:06:13.741607+00,scan,OK,3990,5,1,"{""signals_found"": 1, ""symbols_scanned"": 5}",2026-07-19 09:06:20.700471+00
7741,2026-07-19 09:06:13.741607+00,cleanup,OK,3,0,0,"{""expired"": 0}",2026-07-19 09:06:16.694024+00
7740,2026-07-19 09:06:13.741607+00,unknown,OK,2814,0,0,"{""closed"": 0}",2026-07-19 09:06:13.872544+00
7739,2026-07-19 09:06:13.741607+00,pre_flight,OK,82,0,0,,2026-07-19 09:06:13.789078+00
7738,2026-07-19 09:01:05.686438+00,invariants,OK,6,0,0,,2026-07-19 09:01:13.674004+00
7737,2026-07-19 09:01:05.686438+00,snapshot,OK,0,1,1,,2026-07-19 09:01:13.663882+00
7736,2026-07-19 09:01:05.686438+00,upsert,OK,0,0,0,,2026-07-19 09:01:13.651387+00
7735,2026-07-19 09:01:05.686438+00,gate,OK,0,2,0,"{""rejected_by_corr"": 2}",2026-07-19 09:01:13.647035+00
7734,2026-07-19 09:01:05.686438+00,rank,OK,13,2,2,,2026-07-19 09:01:13.612712+00
7733,2026-07-19 09:01:05.686438+00,state,OK,13,1,2,,2026-07-19 09:01:13.601215+00
7732,2026-07-19 09:01:05.686438+00,scan,OK,4477,5,1,"{""signals_found"": 1, ""symbols_scanned"": 5}",2026-07-19 09:01:13.56261+00
7731,2026-07-19 09:01:05.686438+00,cleanup,OK,4,0,0,"{""expired"": 0}",2026-07-19 09:01:09.064353+00
7730,2026-07-19 09:01:05.686438+00,unknown,OK,3240,0,0,"{""closed"": 0}",2026-07-19 09:01:05.816313+00
7729,2026-07-19 09:01:05.686438+00,pre_flight,OK,82,0,0,,2026-07-19 09:01:05.7327+00
7728,2026-07-19 08:55:58.360318+00,invariants,OK,6,0,0,,2026-07-19 08:56:05.616235+00
7727,2026-07-19 08:55:58.360318+00,snapshot,OK,0,1,1,,2026-07-19 08:56:05.605745+00
7726,2026-07-19 08:55:58.360318+00,upsert,OK,0,0,0,,2026-07-19 08:56:05.592902+00
7725,2026-07-19 08:55:58.360318+00,gate,OK,0,2,0,"{""rejected_by_corr"": 2}",2026-07-19 08:56:05.588507+00
7724,2026-07-19 08:55:58.360318+00,rank,OK,13,2,2,,2026-07-19 08:56:05.552984+00
7723,2026-07-19 08:55:58.360318+00,state,OK,14,1,2,,2026-07-19 08:56:05.541217+00
7722,2026-07-19 08:55:58.360318+00,scan,OK,3882,5,1,"{""signals_found"": 1, ""symbols_scanned"": 5}",2026-07-19 08:56:05.499101+00
7721,2026-07-19 08:55:58.360318+00,cleanup,OK,4,0,0,"{""expired"": 0}",2026-07-19 08:56:01.591792+00
7720,2026-07-19 08:55:58.360318+00,unknown,OK,3096,0,0,"{""closed"": 0}",2026-07-19 08:55:58.486732+00
7719,2026-07-19 08:55:58.360318+00,pre_flight,OK,78,0,0,,2026-07-19 08:55:58.406651+00
7718,2026-07-19 08:50:50.344031+00,invariants,OK,6,0,0,,2026-07-19 08:50:58.283504+00
7717,2026-07-19 08:50:50.344031+00,snapshot,OK,0,1,1,,2026-07-19 08:50:58.273225+00
7716,2026-07-19 08:50:50.344031+00,upsert,OK,0,0,0,,2026-07-19 08:50:58.260189+00
7715,2026-07-19 08:50:50.344031+00,gate,OK,0,2,0,"{""rejected_by_corr"": 2}",2026-07-19 08:50:58.255792+00
7714,2026-07-19 08:50:50.344031+00,rank,OK,13,2,2,,2026-07-19 08:50:58.220471+00
7713,2026-07-19 08:50:50.344031+00,state,OK,14,1,2,,2026-07-19 08:50:58.209234+00
7712,2026-07-19 08:50:50.344031+00,scan,OK,4572,5,1,"{""signals_found"": 1, ""symbols_scanned"": 5}",2026-07-19 08:50:58.171157+00
7711,2026-07-19 08:50:50.344031+00,cleanup,OK,4,0,0,"{""expired"": 0}",2026-07-19 08:50:53.576566+00
7710,2026-07-19 08:50:50.344031+00,unknown,OK,3107,0,0,"{""closed"": 0}",2026-07-19 08:50:50.461455+00
7709,2026-07-19 08:50:50.344031+00,pre_flight,OK,69,0,0,,2026-07-19 08:50:50.390992+00
7708,2026-07-19 08:45:41.635851+00,invariants,OK,6,0,0,,2026-07-19 08:45:50.270078+00
7707,2026-07-19 08:45:41.635851+00,snapshot,OK,0,1,1,,2026-07-19 08:45:50.255421+00
7706,2026-07-19 08:45:41.635851+00,upsert,OK,0,0,0,,2026-07-19 08:45:50.238875+00
7705,2026-07-19 08:45:41.635851+00,gate,OK,0,2,0,"{""rejected_by_corr"": 2}",2026-07-19 08:45:50.232306+00
7704,2026-07-19 08:45:41.635851+00,rank,OK,15,2,2,,2026-07-19 08:45:50.188197+00
7703,2026-07-19 08:45:41.635851+00,state,OK,0,0,2,,2026-07-19 08:45:50.174339+00
7702,2026-07-19 08:45:41.635851+00,scan,OK,4885,5,0,"{""signals_found"": 0, ""symbols_scanned"": 5}",2026-07-19 08:45:50.163486+00
7701,2026-07-19 08:45:41.635851+00,cleanup,OK,5,0,0,"{""expired"": 0}",2026-07-19 08:45:45.248407+00
7700,2026-07-19 08:45:41.635851+00,unknown,OK,3493,0,0,"{""closed"": 0}",2026-07-19 08:45:41.743809+00
7699,2026-07-19 08:45:41.635851+00,pre_flight,OK,69,0,0,,2026-07-19 08:45:41.671795+00
7698,2026-07-19 08:40:34.631219+00,invariants,OK,6,0,0,,2026-07-19 08:40:41.570375+00
7697,2026-07-19 08:40:34.631219+00,snapshot,OK,0,1,1,,2026-07-19 08:40:41.561136+00
7696,2026-07-19 08:40:34.631219+00,upsert,OK,0,0,0,,2026-07-19 08:40:41.551218+00
7695,2026-07-19 08:40:34.631219+00,gate,OK,0,2,0,"{""rejected_by_corr"": 2}",2026-07-19 08:40:41.548127+00
7694,2026-07-19 08:40:34.631219+00,rank,OK,12,2,2,,2026-07-19 08:40:41.515587+00
7693,2026-07-19 08:40:34.631219+00,state,OK,0,0,2,,2026-07-19 08:40:41.503575+00
7692,2026-07-19 08:40:34.631219+00,scan,OK,4148,5,0,"{""signals_found"": 0, ""symbols_scanned"": 5}",2026-07-19 08:40:41.497157+00
7691,2026-07-19 08:40:34.631219+00,cleanup,OK,8,0,0,"{""expired"": 0}",2026-07-19 08:40:37.325445+00
7690,2026-07-19 08:40:34.631219+00,unknown,OK,2568,0,0,"{""closed"": 0}",2026-07-19 08:40:34.744164+00
7689,2026-07-19 08:40:34.631219+00,pre_flight,OK,65,0,0,,2026-07-19 08:40:34.677213+00
7688,2026-07-19 08:35:26.683738+00,invariants,OK,6,0,0,,2026-07-19 08:35:34.553254+00
7687,2026-07-19 08:35:26.683738+00,snapshot,OK,0,1,1,,2026-07-19 08:35:34.541666+00
7686,2026-07-19 08:35:26.683738+00,upsert,OK,0,0,0,,2026-07-19 08:35:34.52628+00
7685,2026-07-19 08:35:26.683738+00,gate,OK,0,2,0,"{""rejected_by_corr"": 2}",2026-07-19 08:35:34.520529+00
7684,2026-07-19 08:35:26.683738+00,rank,OK,12,2,2,,2026-07-19 08:35:34.477089+00
7683,2026-07-19 08:35:26.683738+00,state,OK,0,0,2,,2026-07-19 08:35:34.463855+00
7682,2026-07-19 08:35:26.683738+00,scan,OK,4451,5,0,"{""signals_found"": 0, ""symbols_scanned"": 5}",2026-07-19 08:35:34.455559+00
7681,2026-07-19 08:35:26.683738+00,cleanup,OK,4,0,0,"{""expired"": 0}",2026-07-19 08:35:29.977526+00
7680,2026-07-19 08:35:26.683738+00,unknown,OK,3158,0,0,"{""closed"": 0}",2026-07-19 08:35:26.807601+00
7679,2026-07-19 08:35:26.683738+00,pre_flight,OK,76,0,0,,2026-07-19 08:35:26.730008+00
7678,2026-07-19 08:30:19.176317+00,invariants,OK,5,0,0,,2026-07-19 08:30:26.630942+00
7677,2026-07-19 08:30:19.176317+00,snapshot,OK,0,1,1,,2026-07-19 08:30:26.621496+00
7676,2026-07-19 08:30:19.176317+00,upsert,OK,0,0,0,,2026-07-19 08:30:26.607664+00
7675,2026-07-19 08:30:19.176317+00,gate,OK,0,2,0,"{""rejected_by_corr"": 2}",2026-07-19 08:30:26.602746+00
7674,2026-07-19 08:30:19.176317+00,rank,OK,8,2,2,,2026-07-19 08:30:26.571582+00
7673,2026-07-19 08:30:19.176317+00,state,OK,0,0,2,,2026-07-19 08:30:26.561473+00
7672,2026-07-19 08:30:19.176317+00,scan,OK,4125,5,0,"{""signals_found"": 0, ""symbols_scanned"": 5}",2026-07-19 08:30:26.554354+00
7671,2026-07-19 08:30:19.176317+00,cleanup,OK,4,0,0,"{""expired"": 0}",2026-07-19 08:30:22.399719+00
7670,2026-07-19 08:30:19.176317+00,unknown,OK,3067,0,0,"{""closed"": 0}",2026-07-19 08:30:19.32129+00
7669,2026-07-19 08:30:19.176317+00,pre_flight,OK,94,0,0,,2026-07-19 08:30:19.22379+00
7668,2026-07-19 08:25:11.622366+00,invariants,OK,6,0,0,,2026-07-19 08:25:19.103019+00
7667,2026-07-19 08:25:11.622366+00,snapshot,OK,0,1,1,,2026-07-19 08:25:19.090465+00
7666,2026-07-19 08:25:11.622366+00,upsert,OK,0,0,0,,2026-07-19 08:25:19.075377+00
7665,2026-07-19 08:25:11.622366+00,gate,OK,0,2,0,"{""rejected_by_corr"": 2}",2026-07-19 08:25:19.070319+00
7664,2026-07-19 08:25:11.622366+00,rank,OK,13,2,2,,2026-07-19 08:25:19.028932+00
7663,2026-07-19 08:25:11.622366+00,state,OK,0,0,2,,2026-07-19 08:25:19.014811+00
7662,2026-07-19 08:25:11.622366+00,scan,OK,4090,5,0,"{""signals_found"": 0, ""symbols_scanned"": 5}",2026-07-19 08:25:19.006284+00
7661,2026-07-19 08:25:11.622366+00,cleanup,OK,4,0,0,"{""expired"": 0}",2026-07-19 08:25:14.888834+00
7660,2026-07-19 08:25:11.622366+00,unknown,OK,3153,0,0,"{""closed"": 0}",2026-07-19 08:25:11.724822+00
7659,2026-07-19 08:25:11.622366+00,pre_flight,OK,61,0,0,,2026-07-19 08:25:11.658984+00
7658,2026-07-19 08:20:03.890082+00,invariants,OK,4,0,0,,2026-07-19 08:20:11.56874+00
7657,2026-07-19 08:20:03.890082+00,snapshot,OK,0,1,1,,2026-07-19 08:20:11.56096+00
7656,2026-07-19 08:20:03.890082+00,upsert,OK,0,0,0,,2026-07-19 08:20:11.551039+00
7655,2026-07-19 08:20:03.890082+00,gate,OK,0,2,0,"{""rejected_by_corr"": 2}",2026-07-19 08:20:11.547407+00
7654,2026-07-19 08:20:03.890082+00,rank,OK,8,2,2,,2026-07-19 08:20:11.522356+00
7653,2026-07-19 08:20:03.890082+00,state,OK,0,0,2,,2026-07-19 08:20:11.514239+00
7652,2026-07-19 08:20:03.890082+00,scan,OK,4250,5,0,"{""signals_found"": 0, ""symbols_scanned"": 5}",2026-07-19 08:20:11.508587+00
7651,2026-07-19 08:20:03.890082+00,cleanup,OK,4,0,0,"{""expired"": 0}",2026-07-19 08:20:07.232091+00
7650,2026-07-19 08:20:03.890082+00,unknown,OK,3205,0,0,"{""closed"": 0}",2026-07-19 08:20:04.016852+00
7649,2026-07-19 08:20:03.890082+00,pre_flight,OK,76,0,0,,2026-07-19 08:20:03.936963+00
7648,2026-07-19 08:14:55.992228+00,invariants,OK,6,0,0,,2026-07-19 08:15:03.81897+00
7647,2026-07-19 08:14:55.992228+00,snapshot,OK,0,1,1,,2026-07-19 08:15:03.808332+00
7646,2026-07-19 08:14:55.992228+00,upsert,OK,0,0,0,,2026-07-19 08:15:03.795403+00
7645,2026-07-19 08:14:55.992228+00,gate,OK,0,2,0,"{""rejected_by_corr"": 2}",2026-07-19 08:15:03.790971+00
7644,2026-07-19 08:14:55.992228+00,rank,OK,12,2,2,,2026-07-19 08:15:03.756309+00
7643,2026-07-19 08:14:55.992228+00,state,OK,0,0,2,,2026-07-19 08:15:03.744756+00
7642,2026-07-19 08:14:55.992228+00,scan,OK,4282,5,0,"{""signals_found"": 0, ""symbols_scanned"": 5}",2026-07-19 08:15:03.737816+00
7641,2026-07-19 08:14:55.992228+00,cleanup,OK,4,0,0,"{""expired"": 0}",2026-07-19 08:14:59.431165+00
7640,2026-07-19 08:14:55.992228+00,unknown,OK,3305,0,0,"{""closed"": 0}",2026-07-19 08:14:56.116527+00
7639,2026-07-19 08:14:55.992228+00,pre_flight,OK,77,0,0,,2026-07-19 08:14:56.038475+00
7638,2026-07-19 08:09:49.251079+00,invariants,OK,5,0,0,,2026-07-19 08:09:55.94046+00
7637,2026-07-19 08:09:49.251079+00,snapshot,OK,0,1,1,,2026-07-19 08:09:55.931424+00
7636,2026-07-19 08:09:49.251079+00,upsert,OK,0,0,0,,2026-07-19 08:09:55.921488+00
7635,2026-07-19 08:09:49.251079+00,gate,OK,0,2,0,"{""rejected_by_corr"": 2}",2026-07-19 08:09:55.918663+00
7634,2026-07-19 08:09:49.251079+00,rank,OK,9,2,2,,2026-07-19 08:09:55.891123+00
7633,2026-07-19 08:09:49.251079+00,state,OK,0,0,2,,2026-07-19 08:09:55.881187+00
7632,2026-07-19 08:09:49.251079+00,scan,OK,3805,5,0,"{""signals_found"": 0, ""symbols_scanned"": 5}",2026-07-19 08:09:55.875131+00
7631,2026-07-19 08:09:49.251079+00,cleanup,OK,4,0,0,"{""expired"": 0}",2026-07-19 08:09:52.049085+00
7630,2026-07-19 08:09:49.251079+00,unknown,OK,2661,0,0,"{""closed"": 0}",2026-07-19 08:09:49.378259+00
7629,2026-07-19 08:09:49.251079+00,pre_flight,OK,78,0,0,,2026-07-19 08:09:49.298195+00
7628,2026-07-19 08:04:41.222302+00,invariants,OK,9,0,0,,2026-07-19 08:04:49.178714+00
7627,2026-07-19 08:04:41.222302+00,snapshot,OK,0,1,1,,2026-07-19 08:04:49.16693+00
7626,2026-07-19 08:04:41.222302+00,upsert,OK,0,0,0,,2026-07-19 08:04:49.153421+00
7625,2026-07-19 08:04:41.222302+00,gate,OK,0,2,0,"{""rejected_by_corr"": 2}",2026-07-19 08:04:49.149275+00
7624,2026-07-19 08:04:41.222302+00,rank,OK,15,2,2,,2026-07-19 08:04:49.107941+00
7623,2026-07-19 08:04:41.222302+00,state,OK,0,0,2,,2026-07-19 08:04:49.096008+00
7622,2026-07-19 08:04:41.222302+00,scan,OK,4258,5,0,"{""signals_found"": 0, ""symbols_scanned"": 5}",2026-07-19 08:04:49.087299+00
7621,2026-07-19 08:04:41.222302+00,cleanup,OK,4,0,0,"{""expired"": 0}",2026-07-19 08:04:44.805338+00
7620,2026-07-19 08:04:41.222302+00,unknown,OK,3406,0,0,"{""closed"": 0}",2026-07-19 08:04:41.38964+00
7619,2026-07-19 08:04:41.222302+00,pre_flight,OK,108,0,0,,2026-07-19 08:04:41.278517+00
7618,2026-07-19 07:59:33.553646+00,invariants,OK,4,0,0,,2026-07-19 07:59:41.167859+00
7617,2026-07-19 07:59:33.553646+00,snapshot,OK,0,1,1,,2026-07-19 07:59:41.158037+00
7616,2026-07-19 07:59:33.553646+00,upsert,OK,0,0,0,,2026-07-19 07:59:41.142661+00
7615,2026-07-19 07:59:33.553646+00,gate,OK,0,2,0,"{""rejected_by_corr"": 2}",2026-07-19 07:59:41.137067+00
7614,2026-07-19 07:59:33.553646+00,rank,OK,9,2,2,,2026-07-19 07:59:41.10438+00
7613,2026-07-19 07:59:33.553646+00,state,OK,12,1,2,,2026-07-19 07:59:41.095361+00
7612,2026-07-19 07:59:33.553646+00,scan,OK,4075,5,1,"{""signals_found"": 1, ""symbols_scanned"": 5}",2026-07-19 07:59:41.054584+00
7611,2026-07-19 07:59:33.553646+00,cleanup,OK,4,0,0,"{""expired"": 0}",2026-07-19 07:59:36.956551+00
7610,2026-07-19 07:59:33.553646+00,unknown,OK,3268,0,0,"{""closed"": 0}",2026-07-19 07:59:33.678891+00
7609,2026-07-19 07:59:33.553646+00,pre_flight,OK,76,0,0,,2026-07-19 07:59:33.600372+00
7608,2026-07-19 07:54:26.634939+00,invariants,OK,5,0,0,,2026-07-19 07:54:33.482096+00
7607,2026-07-19 07:54:26.634939+00,snapshot,OK,0,1,1,,2026-07-19 07:54:33.472025+00
7606,2026-07-19 07:54:26.634939+00,upsert,OK,0,0,0,,2026-07-19 07:54:33.460774+00
7605,2026-07-19 07:54:26.634939+00,gate,OK,0,2,0,"{""rejected_by_corr"": 2}",2026-07-19 07:54:33.456928+00
7604,2026-07-19 07:54:26.634939+00,rank,OK,12,2,2,,2026-07-19 07:54:33.423122+00
7603,2026-07-19 07:54:26.634939+00,state,OK,12,1,2,,2026-07-19 07:54:33.412214+00
7602,2026-07-19 07:54:26.634939+00,scan,OK,3833,5,1,"{""signals_found"": 1, ""symbols_scanned"": 5}",2026-07-19 07:54:32.295088+00
7601,2026-07-19 07:54:26.634939+00,cleanup,OK,3,0,0,"{""expired"": 0}",2026-07-19 07:54:28.437694+00
7600,2026-07-19 07:54:26.634939+00,unknown,OK,1671,0,0,"{""closed"": 0}",2026-07-19 07:54:26.757572+00
7599,2026-07-19 07:54:26.634939+00,pre_flight,OK,72,0,0,,2026-07-19 07:54:26.682075+00
7598,2026-07-19 07:49:20.445413+00,invariants,OK,5,0,0,,2026-07-19 07:49:26.563289+00
7597,2026-07-19 07:49:20.445413+00,snapshot,OK,0,1,1,,2026-07-19 07:49:26.551251+00
7596,2026-07-19 07:49:20.445413+00,upsert,OK,11,1,1,,2026-07-19 07:49:26.532578+00
7595,2026-07-19 07:49:20.445413+00,gate,OK,0,2,1,"{""rejected_by_corr"": 1}",2026-07-19 07:49:26.517204+00
7594,2026-07-19 07:49:20.445413+00,rank,OK,15,2,2,,2026-07-19 07:49:26.466256+00
7593,2026-07-19 07:49:20.445413+00,state,OK,12,1,2,,2026-07-19 07:49:26.454252+00
7592,2026-07-19 07:49:20.445413+00,scan,OK,3919,5,1,"{""signals_found"": 1, ""symbols_scanned"": 5}",2026-07-19 07:49:26.410784+00
7591,2026-07-19 07:49:20.445413+00,cleanup,OK,5,0,0,"{""expired"": 0}",2026-07-19 07:49:22.464786+00
7590,2026-07-19 07:49:20.445413+00,unknown,OK,1878,0,0,"{""closed"": 0}",2026-07-19 07:49:20.572201+00
7589,2026-07-19 07:49:20.445413+00,pre_flight,OK,69,0,0,,2026-07-19 07:49:20.498446+00
7588,2026-07-19 07:44:13.622716+00,invariants,OK,6,0,0,,2026-07-19 07:44:20.378668+00
7587,2026-07-19 07:44:13.622716+00,snapshot,OK,0,1,1,,2026-07-19 07:44:20.36755+00
7586,2026-07-19 07:44:13.622716+00,upsert,OK,0,0,0,,2026-07-19 07:44:20.352248+00
7585,2026-07-19 07:44:13.622716+00,gate,OK,0,1,0,"{""rejected_by_corr"": 1}",2026-07-19 07:44:20.34833+00
7584,2026-07-19 07:44:13.622716+00,rank,OK,12,1,1,,2026-07-19 07:44:20.321444+00
7583,2026-07-19 07:44:13.622716+00,state,OK,13,1,1,,2026-07-19 07:44:20.310428+00
7582,2026-07-19 07:44:13.622716+00,scan,OK,4409,5,1,"{""signals_found"": 1, ""symbols_scanned"": 5}",2026-07-19 07:44:20.268394+00
7581,2026-07-19 07:44:13.622716+00,cleanup,OK,4,0,0,"{""expired"": 0}",2026-07-19 07:44:15.82615+00
7580,2026-07-19 07:44:13.622716+00,unknown,OK,2040,0,0,"{""closed"": 0}",2026-07-19 07:44:13.775292+00
7579,2026-07-19 07:44:13.622716+00,pre_flight,OK,93,0,0,,2026-07-19 07:44:13.679+00
7578,2026-07-19 07:39:07.298804+00,invariants,OK,6,0,0,,2026-07-19 07:39:13.551688+00
7577,2026-07-19 07:39:07.298804+00,snapshot,OK,0,1,1,,2026-07-19 07:39:13.538105+00
7576,2026-07-19 07:39:07.298804+00,upsert,OK,0,0,0,,2026-07-19 07:39:13.522969+00
7575,2026-07-19 07:39:07.298804+00,gate,OK,0,1,0,"{""rejected_by_corr"": 1}",2026-07-19 07:39:13.519003+00
7574,2026-07-19 07:39:07.298804+00,rank,OK,11,1,1,,2026-07-19 07:39:13.494198+00
7573,2026-07-19 07:39:07.298804+00,state,OK,13,1,1,,2026-07-19 07:39:13.483377+00
7572,2026-07-19 07:39:07.298804+00,scan,OK,3849,5,1,"{""signals_found"": 1, ""symbols_scanned"": 5}",2026-07-19 07:39:13.442733+00
7571,2026-07-19 07:39:07.298804+00,cleanup,OK,4,0,0,"{""expired"": 0}",2026-07-19 07:39:09.569244+00
7570,2026-07-19 07:39:07.298804+00,unknown,OK,2172,0,0,"{""closed"": 0}",2026-07-19 07:39:07.386742+00
7569,2026-07-19 07:39:07.298804+00,pre_flight,OK,54,0,0,,2026-07-19 07:39:07.330212+00
7568,2026-07-19 07:34:00.315615+00,invariants,OK,5,0,0,,2026-07-19 07:34:07.228124+00
7567,2026-07-19 07:34:00.315615+00,snapshot,OK,0,1,1,,2026-07-19 07:34:07.216761+00
7566,2026-07-19 07:34:00.315615+00,upsert,OK,0,0,0,,2026-07-19 07:34:07.202647+00
7565,2026-07-19 07:34:00.315615+00,gate,OK,0,1,0,"{""rejected_by_corr"": 1}",2026-07-19 07:34:07.198446+00
7564,2026-07-19 07:34:00.315615+00,rank,OK,11,1,1,,2026-07-19 07:34:07.173443+00
7563,2026-07-19 07:34:00.315615+00,state,OK,13,1,1,,2026-07-19 07:34:07.162155+00
7562,2026-07-19 07:34:00.315615+00,scan,OK,4510,5,1,"{""signals_found"": 1, ""symbols_scanned"": 5}",2026-07-19 07:34:07.1197+00
7561,2026-07-19 07:34:00.315615+00,cleanup,OK,4,0,0,"{""expired"": 0}",2026-07-19 07:34:02.58535+00
7560,2026-07-19 07:34:00.315615+00,unknown,OK,2134,0,0,"{""closed"": 0}",2026-07-19 07:34:00.442511+00
7559,2026-07-19 07:34:00.315615+00,pre_flight,OK,78,0,0,,2026-07-19 07:34:00.361516+00
7558,2026-07-19 07:28:53.23258+00,invariants,OK,6,0,0,,2026-07-19 07:29:00.246929+00
7557,2026-07-19 07:28:53.23258+00,snapshot,OK,0,1,1,,2026-07-19 07:29:00.236933+00
7556,2026-07-19 07:28:53.23258+00,upsert,OK,0,0,0,,2026-07-19 07:29:00.224003+00
7555,2026-07-19 07:28:53.23258+00,gate,OK,0,1,0,"{""rejected_by_corr"": 1}",2026-07-19 07:29:00.219575+00
7554,2026-07-19 07:28:53.23258+00,rank,OK,12,1,1,,2026-07-19 07:29:00.193297+00
7553,2026-07-19 07:28:53.23258+00,state,OK,19,1,1,,2026-07-19 07:29:00.176679+00
7552,2026-07-19 07:28:53.23258+00,scan,OK,4462,5,1,"{""signals_found"": 1, ""symbols_scanned"": 5}",2026-07-19 07:29:00.132218+00
7551,2026-07-19 07:28:53.23258+00,cleanup,OK,4,0,0,"{""expired"": 0}",2026-07-19 07:28:55.644531+00
7550,2026-07-19 07:28:53.23258+00,unknown,OK,2282,0,0,"{""closed"": 0}",2026-07-19 07:28:53.354786+00
7549,2026-07-19 07:28:53.23258+00,pre_flight,OK,73,0,0,,2026-07-19 07:28:53.279219+00
7548,2026-07-19 07:23:45.846159+00,invariants,OK,4,0,0,,2026-07-19 07:23:53.183798+00
7547,2026-07-19 07:23:45.846159+00,snapshot,OK,0,1,1,,2026-07-19 07:23:53.174597+00
7546,2026-07-19 07:23:45.846159+00,upsert,OK,0,0,0,,2026-07-19 07:23:53.161461+00
7545,2026-07-19 07:23:45.846159+00,gate,OK,0,1,0,"{""rejected_by_corr"": 1}",2026-07-19 07:23:53.15837+00
7544,2026-07-19 07:23:45.846159+00,rank,OK,19,1,1,,2026-07-19 07:23:53.123768+00
7543,2026-07-19 07:23:45.846159+00,state,OK,16,1,1,,2026-07-19 07:23:53.105083+00
7542,2026-07-19 07:23:45.846159+00,scan,OK,4830,5,1,"{""signals_found"": 1, ""symbols_scanned"": 5}",2026-07-19 07:23:53.057433+00
7541,2026-07-19 07:23:45.846159+00,cleanup,OK,6,0,0,"{""expired"": 0}",2026-07-19 07:23:48.19665+00
7540,2026-07-19 07:23:45.846159+00,unknown,OK,2209,0,0,"{""closed"": 0}",2026-07-19 07:23:45.975408+00
7539,2026-07-19 07:23:45.846159+00,pre_flight,OK,90,0,0,,2026-07-19 07:23:45.882819+00
7538,2026-07-19 07:18:39.97251+00,invariants,OK,6,0,0,,2026-07-19 07:18:45.780035+00
7537,2026-07-19 07:18:39.97251+00,snapshot,OK,0,1,1,,2026-07-19 07:18:45.767303+00
7536,2026-07-19 07:18:39.97251+00,upsert,OK,0,0,0,,2026-07-19 07:18:45.75494+00
7535,2026-07-19 07:18:39.97251+00,gate,OK,0,1,0,"{""rejected_by_corr"": 1}",2026-07-19 07:18:45.751193+00
7534,2026-07-19 07:18:39.97251+00,rank,OK,14,1,1,,2026-07-19 07:18:45.725093+00
7533,2026-07-19 07:18:39.97251+00,state,OK,13,1,1,,2026-07-19 07:18:45.712152+00
7532,2026-07-19 07:18:39.97251+00,scan,OK,3776,5,1,"{""signals_found"": 1, ""symbols_scanned"": 5}",2026-07-19 07:18:45.675668+00
7531,2026-07-19 07:18:39.97251+00,cleanup,OK,7,0,0,"{""expired"": 0}",2026-07-19 07:18:41.875492+00
7530,2026-07-19 07:18:39.97251+00,unknown,OK,1765,0,0,"{""closed"": 0}",2026-07-19 07:18:40.093887+00
7529,2026-07-19 07:18:39.97251+00,pre_flight,OK,71,0,0,,2026-07-19 07:18:40.018959+00
7528,2026-07-19 07:13:33.42135+00,invariants,OK,6,0,0,,2026-07-19 07:13:39.902169+00
7527,2026-07-19 07:13:33.42135+00,snapshot,OK,0,1,1,,2026-07-19 07:13:39.892371+00
7526,2026-07-19 07:13:33.42135+00,upsert,OK,0,0,0,,2026-07-19 07:13:39.879389+00
7525,2026-07-19 07:13:33.42135+00,gate,OK,0,1,0,"{""rejected_by_corr"": 1}",2026-07-19 07:13:39.875083+00
7524,2026-07-19 07:13:33.42135+00,rank,OK,11,1,1,,2026-07-19 07:13:39.849453+00
7523,2026-07-19 07:13:33.42135+00,state,OK,14,1,1,,2026-07-19 07:13:39.83834+00
7522,2026-07-19 07:13:33.42135+00,scan,OK,4017,5,1,"{""signals_found"": 1, ""symbols_scanned"": 5}",2026-07-19 07:13:39.794607+00
7521,2026-07-19 07:13:33.42135+00,cleanup,OK,4,0,0,"{""expired"": 0}",2026-07-19 07:13:35.756966+00
7520,2026-07-19 07:13:33.42135+00,unknown,OK,2210,0,0,"{""closed"": 0}",2026-07-19 07:13:33.53835+00
7519,2026-07-19 07:13:33.42135+00,pre_flight,OK,70,0,0,,2026-07-19 07:13:33.468014+00
7518,2026-07-19 07:08:26.406918+00,invariants,OK,5,0,0,,2026-07-19 07:08:33.355875+00
7517,2026-07-19 07:08:26.406918+00,snapshot,OK,0,1,1,,2026-07-19 07:08:33.345345+00
7516,2026-07-19 07:08:26.406918+00,upsert,OK,0,0,0,,2026-07-19 07:08:33.330843+00
7515,2026-07-19 07:08:26.406918+00,gate,OK,0,1,0,"{""rejected_by_corr"": 1}",2026-07-19 07:08:33.325524+00
7514,2026-07-19 07:08:26.406918+00,rank,OK,12,1,1,,2026-07-19 07:08:33.296574+00
7513,2026-07-19 07:08:26.406918+00,state,OK,16,1,1,,2026-07-19 07:08:33.283097+00
7512,2026-07-19 07:08:26.406918+00,scan,OK,4429,5,1,"{""signals_found"": 1, ""symbols_scanned"": 5}",2026-07-19 07:08:33.233981+00
7511,2026-07-19 07:08:26.406918+00,cleanup,OK,4,0,0,"{""expired"": 0}",2026-07-19 07:08:28.780534+00
7510,2026-07-19 07:08:26.406918+00,unknown,OK,2242,0,0,"{""closed"": 0}",2026-07-19 07:08:26.528263+00
7509,2026-07-19 07:08:26.406918+00,pre_flight,OK,74,0,0,,2026-07-19 07:08:26.453866+00
7508,2026-07-19 07:03:19.103724+00,invariants,OK,7,0,0,,2026-07-19 07:03:26.333901+00
7507,2026-07-19 07:03:19.103724+00,snapshot,OK,0,1,1,,2026-07-19 07:03:26.319024+00
7506,2026-07-19 07:03:19.103724+00,upsert,OK,0,0,0,,2026-07-19 07:03:26.299302+00
7505,2026-07-19 07:03:19.103724+00,gate,OK,0,1,0,"{""rejected_by_corr"": 1}",2026-07-19 07:03:26.295383+00
7504,2026-07-19 07:03:19.103724+00,rank,OK,15,1,1,,2026-07-19 07:03:26.258109+00
7503,2026-07-19 07:03:19.103724+00,state,OK,17,1,1,,2026-07-19 07:03:26.241443+00
7502,2026-07-19 07:03:19.103724+00,scan,OK,4759,5,1,"{""signals_found"": 1, ""symbols_scanned"": 5}",2026-07-19 07:03:26.183986+00
7501,2026-07-19 07:03:19.103724+00,cleanup,OK,9,0,0,"{""expired"": 0}",2026-07-19 07:03:21.396505+00
7500,2026-07-19 07:03:19.103724+00,unknown,OK,2170,0,0,"{""closed"": 0}",2026-07-19 07:03:19.211026+00
7499,2026-07-19 07:03:19.103724+00,pre_flight,OK,61,0,0,,2026-07-19 07:03:19.148525+00
7498,2026-07-19 06:58:12.201423+00,invariants,OK,5,0,0,,2026-07-19 06:58:19.054094+00
7497,2026-07-19 06:58:12.201423+00,snapshot,OK,0,1,1,,2026-07-19 06:58:19.043777+00
7496,2026-07-19 06:58:12.201423+00,upsert,OK,0,0,0,,2026-07-19 06:58:19.028929+00
7495,2026-07-19 06:58:12.201423+00,gate,OK,0,0,0,"{""rejected_by_corr"": 0}",2026-07-19 06:58:19.024776+00
7494,2026-07-19 06:58:12.201423+00,rank,OK,5,0,0,,2026-07-19 06:58:19.016124+00
7493,2026-07-19 06:58:12.201423+00,state,OK,0,0,0,,2026-07-19 06:58:19.005858+00
7492,2026-07-19 06:58:12.201423+00,scan,OK,4485,5,0,"{""signals_found"": 0, ""symbols_scanned"": 5}",2026-07-19 06:58:18.999094+00
7491,2026-07-19 06:58:12.201423+00,cleanup,OK,6,0,0,"{""expired"": 0}",2026-07-19 06:58:14.495435+00
7490,2026-07-19 06:58:12.201423+00,unknown,OK,2153,0,0,"{""closed"": 0}",2026-07-19 06:58:12.330595+00
7489,2026-07-19 06:58:12.201423+00,pre_flight,OK,80,0,0,,2026-07-19 06:58:12.248185+00
7488,2026-07-19 06:53:05.813812+00,invariants,OK,6,0,0,,2026-07-19 06:53:12.132134+00
7487,2026-07-19 06:53:05.813812+00,snapshot,OK,0,1,1,,2026-07-19 06:53:12.123466+00
7486,2026-07-19 06:53:05.813812+00,upsert,OK,0,0,0,,2026-07-19 06:53:12.112955+00
7485,2026-07-19 06:53:05.813812+00,gate,OK,0,0,0,"{""rejected_by_corr"": 0}",2026-07-19 06:53:12.109996+00
7484,2026-07-19 06:53:05.813812+00,rank,OK,4,0,0,,2026-07-19 06:53:12.102961+00
7483,2026-07-19 06:53:05.813812+00,state,OK,0,0,0,,2026-07-19 06:53:12.094576+00
7482,2026-07-19 06:53:05.813812+00,scan,OK,4311,5,0,"{""signals_found"": 0, ""symbols_scanned"": 5}",2026-07-19 06:53:12.089164+00
7481,2026-07-19 06:53:05.813812+00,cleanup,OK,9,0,0,"{""expired"": 0}",2026-07-19 06:53:07.74114+00
7480,2026-07-19 06:53:05.813812+00,unknown,OK,1772,0,0,"{""closed"": 0}",2026-07-19 06:53:05.948335+00
7479,2026-07-19 06:53:05.813812+00,pre_flight,OK,81,0,0,,2026-07-19 06:53:05.861861+00
7478,2026-07-19 06:47:58.827676+00,invariants,OK,6,0,0,,2026-07-19 06:48:05.744935+00
7477,2026-07-19 06:47:58.827676+00,snapshot,OK,0,1,1,,2026-07-19 06:48:05.735005+00
7476,2026-07-19 06:47:58.827676+00,upsert,OK,0,0,0,,2026-07-19 06:48:05.722249+00
7475,2026-07-19 06:47:58.827676+00,gate,OK,0,0,0,"{""rejected_by_corr"": 0}",2026-07-19 06:48:05.718246+00
7474,2026-07-19 06:47:58.827676+00,rank,OK,4,0,0,,2026-07-19 06:48:05.709995+00
7473,2026-07-19 06:47:58.827676+00,state,OK,0,0,0,,2026-07-19 06:48:05.700537+00
7472,2026-07-19 06:47:58.827676+00,scan,OK,4539,5,0,"{""signals_found"": 0, ""symbols_scanned"": 5}",2026-07-19 06:48:05.694152+00
7471,2026-07-19 06:47:58.827676+00,cleanup,OK,5,0,0,"{""expired"": 0}",2026-07-19 06:48:01.133682+00
7470,2026-07-19 06:47:58.827676+00,unknown,OK,2178,0,0,"{""closed"": 0}",2026-07-19 06:47:58.947158+00
7469,2026-07-19 06:47:58.827676+00,pre_flight,OK,71,0,0,,2026-07-19 06:47:58.876092+00
7468,2026-07-19 06:42:52.433478+00,invariants,OK,6,0,0,,2026-07-19 06:42:58.759656+00
7467,2026-07-19 06:42:52.433478+00,snapshot,OK,0,1,1,,2026-07-19 06:42:58.750704+00
7466,2026-07-19 06:42:52.433478+00,upsert,OK,0,0,0,,2026-07-19 06:42:58.74025+00
7465,2026-07-19 06:42:52.433478+00,gate,OK,0,0,0,"{""rejected_by_corr"": 0}",2026-07-19 06:42:58.73731+00
7464,2026-07-19 06:42:52.433478+00,rank,OK,4,0,0,,2026-07-19 06:42:58.730548+00
7463,2026-07-19 06:42:52.433478+00,state,OK,0,0,0,,2026-07-19 06:42:58.721928+00
7462,2026-07-19 06:42:52.433478+00,scan,OK,4069,5,0,"{""signals_found"": 0, ""symbols_scanned"": 5}",2026-07-19 06:42:58.716581+00
7461,2026-07-19 06:42:52.433478+00,cleanup,OK,3,0,0,"{""expired"": 0}",2026-07-19 06:42:54.628777+00
7460,2026-07-19 06:42:52.433478+00,unknown,OK,2068,0,0,"{""closed"": 0}",2026-07-19 06:42:52.551315+00
7459,2026-07-19 06:42:52.433478+00,pre_flight,OK,68,0,0,,2026-07-19 06:42:52.480406+00
7458,2026-07-19 06:37:46.778022+00,invariants,OK,4,0,0,,2026-07-19 06:37:52.382596+00
7457,2026-07-19 06:37:46.778022+00,snapshot,OK,0,1,1,,2026-07-19 06:37:52.37412+00
7456,2026-07-19 06:37:46.778022+00,upsert,OK,0,0,0,,2026-07-19 06:37:52.363113+00
7455,2026-07-19 06:37:46.778022+00,gate,OK,0,0,0,"{""rejected_by_corr"": 0}",2026-07-19 06:37:52.359215+00
7454,2026-07-19 06:37:46.778022+00,rank,OK,3,0,0,,2026-07-19 06:37:52.351742+00
7453,2026-07-19 06:37:46.778022+00,state,OK,0,0,0,,2026-07-19 06:37:52.342036+00
7452,2026-07-19 06:37:46.778022+00,scan,OK,3381,5,0,"{""signals_found"": 0, ""symbols_scanned"": 5}",2026-07-19 06:37:52.335286+00
7451,2026-07-19 06:37:46.778022+00,cleanup,OK,9,0,0,"{""expired"": 0}",2026-07-19 06:37:48.923557+00
7450,2026-07-19 06:37:46.778022+00,unknown,OK,2009,0,0,"{""closed"": 0}",2026-07-19 06:37:46.898694+00
7449,2026-07-19 06:37:46.778022+00,pre_flight,OK,70,0,0,,2026-07-19 06:37:46.82586+00
7448,2026-07-19 06:32:40.848173+00,invariants,OK,6,0,0,,2026-07-19 06:32:46.703834+00
7447,2026-07-19 06:32:40.848173+00,snapshot,OK,0,1,1,,2026-07-19 06:32:46.692569+00
7446,2026-07-19 06:32:40.848173+00,upsert,OK,0,0,0,,2026-07-19 06:32:46.678328+00
7445,2026-07-19 06:32:40.848173+00,gate,OK,0,0,0,"{""rejected_by_corr"": 0}",2026-07-19 06:32:46.673032+00
7444,2026-07-19 06:32:40.848173+00,rank,OK,3,0,0,,2026-07-19 06:32:46.66481+00
7443,2026-07-19 06:32:40.848173+00,state,OK,0,0,0,,2026-07-19 06:32:46.655709+00
7442,2026-07-19 06:32:40.848173+00,scan,OK,3458,5,0,"{""signals_found"": 0, ""symbols_scanned"": 5}",2026-07-19 06:32:46.64857+00
7441,2026-07-19 06:32:40.848173+00,cleanup,OK,4,0,0,"{""expired"": 0}",2026-07-19 06:32:43.169933+00
7440,2026-07-19 06:32:40.848173+00,unknown,OK,2193,0,0,"{""closed"": 0}",2026-07-19 06:32:40.967899+00
7439,2026-07-19 06:32:40.848173+00,pre_flight,OK,69,0,0,,2026-07-19 06:32:40.895737+00
7438,2026-07-19 06:27:34.230392+00,invariants,OK,6,0,0,,2026-07-19 06:27:40.775402+00
7437,2026-07-19 06:27:34.230392+00,snapshot,OK,0,1,1,,2026-07-19 06:27:40.764321+00
7436,2026-07-19 06:27:34.230392+00,upsert,OK,0,0,0,,2026-07-19 06:27:40.748548+00
7435,2026-07-19 06:27:34.230392+00,gate,OK,0,0,0,"{""rejected_by_corr"": 0}",2026-07-19 06:27:40.742778+00
7434,2026-07-19 06:27:34.230392+00,rank,OK,4,0,0,,2026-07-19 06:27:40.732912+00
7433,2026-07-19 06:27:34.230392+00,state,OK,0,0,0,,2026-07-19 06:27:40.721643+00
7432,2026-07-19 06:27:34.230392+00,scan,OK,4178,5,0,"{""signals_found"": 0, ""symbols_scanned"": 5}",2026-07-19 06:27:40.712718+00
7431,2026-07-19 06:27:34.230392+00,cleanup,OK,4,0,0,"{""expired"": 0}",2026-07-19 06:27:36.508612+00
7430,2026-07-19 06:27:34.230392+00,unknown,OK,2154,0,0,"{""closed"": 0}",2026-07-19 06:27:34.344533+00
7429,2026-07-19 06:27:34.230392+00,pre_flight,OK,67,0,0,,2026-07-19 06:27:34.276388+00
7428,2026-07-19 06:22:26.717655+00,invariants,OK,6,0,0,,2026-07-19 06:22:34.164883+00
7427,2026-07-19 06:22:26.717655+00,snapshot,OK,0,1,1,,2026-07-19 06:22:34.152488+00
7426,2026-07-19 06:22:26.717655+00,upsert,OK,0,0,0,,2026-07-19 06:22:34.139144+00
7425,2026-07-19 06:22:26.717655+00,gate,OK,0,0,0,"{""rejected_by_corr"": 0}",2026-07-19 06:22:34.134678+00
7424,2026-07-19 06:22:26.717655+00,rank,OK,5,0,0,,2026-07-19 06:22:34.125096+00
7423,2026-07-19 06:22:26.717655+00,state,OK,0,0,0,,2026-07-19 06:22:34.11558+00
7422,2026-07-19 06:22:26.717655+00,scan,OK,4823,5,0,"{""signals_found"": 0, ""symbols_scanned"": 5}",2026-07-19 06:22:34.108772+00
7421,2026-07-19 06:22:26.717655+00,cleanup,OK,4,0,0,"{""expired"": 0}",2026-07-19 06:22:29.251661+00
7420,2026-07-19 06:22:26.717655+00,unknown,OK,2394,0,0,"{""closed"": 0}",2026-07-19 06:22:26.847328+00
7419,2026-07-19 06:22:26.717655+00,pre_flight,OK,79,0,0,,2026-07-19 06:22:26.767204+00
7418,2026-07-19 06:17:19.827793+00,invariants,OK,6,0,0,,2026-07-19 06:17:26.655437+00
7417,2026-07-19 06:17:19.827793+00,snapshot,OK,0,1,1,,2026-07-19 06:17:26.64433+00
7416,2026-07-19 06:17:19.827793+00,upsert,OK,0,0,0,,2026-07-19 06:17:26.629295+00
7415,2026-07-19 06:17:19.827793+00,gate,OK,0,0,0,"{""rejected_by_corr"": 0}",2026-07-19 06:17:26.624572+00
7414,2026-07-19 06:17:19.827793+00,rank,OK,4,0,0,,2026-07-19 06:17:26.615821+00
7413,2026-07-19 06:17:19.827793+00,state,OK,0,0,0,,2026-07-19 06:17:26.605422+00
7412,2026-07-19 06:17:19.827793+00,scan,OK,4438,5,0,"{""signals_found"": 0, ""symbols_scanned"": 5}",2026-07-19 06:17:26.597587+00
7411,2026-07-19 06:17:19.827793+00,cleanup,OK,4,0,0,"{""expired"": 0}",2026-07-19 06:17:22.128612+00
7410,2026-07-19 06:17:19.827793+00,unknown,OK,2172,0,0,"{""closed"": 0}",2026-07-19 06:17:19.946508+00
7409,2026-07-19 06:17:19.827793+00,pre_flight,OK,70,0,0,,2026-07-19 06:17:19.873941+00
7408,2026-07-19 06:12:12.893274+00,invariants,OK,6,0,0,,2026-07-19 06:12:19.759127+00
7407,2026-07-19 06:12:12.893274+00,snapshot,OK,0,1,1,,2026-07-19 06:12:19.748528+00
7406,2026-07-19 06:12:12.893274+00,upsert,OK,0,0,0,,2026-07-19 06:12:19.733643+00
7405,2026-07-19 06:12:12.893274+00,gate,OK,0,0,0,"{""rejected_by_corr"": 0}",2026-07-19 06:12:19.728738+00
7404,2026-07-19 06:12:12.893274+00,rank,OK,4,0,0,,2026-07-19 06:12:19.719424+00
7403,2026-07-19 06:12:12.893274+00,state,OK,0,0,0,,2026-07-19 06:12:19.709132+00
7402,2026-07-19 06:12:12.893274+00,scan,OK,4509,5,0,"{""signals_found"": 0, ""symbols_scanned"": 5}",2026-07-19 06:12:19.700382+00
7401,2026-07-19 06:12:12.893274+00,cleanup,OK,4,0,0,"{""expired"": 0}",2026-07-19 06:12:15.164851+00
7400,2026-07-19 06:12:12.893274+00,unknown,OK,2141,0,0,"{""closed"": 0}",2026-07-19 06:12:13.013464+00
7399,2026-07-19 06:12:12.893274+00,pre_flight,OK,71,0,0,,2026-07-19 06:12:12.939435+00
7398,2026-07-19 06:07:06.236689+00,invariants,OK,5,0,0,,2026-07-19 06:07:12.827288+00
7397,2026-07-19 06:07:06.236689+00,snapshot,OK,0,1,1,,2026-07-19 06:07:12.818718+00
7396,2026-07-19 06:07:06.236689+00,upsert,OK,0,0,0,,2026-07-19 06:07:12.807608+00
7395,2026-07-19 06:07:06.236689+00,gate,OK,0,0,0,"{""rejected_by_corr"": 0}",2026-07-19 06:07:12.803802+00
7394,2026-07-19 06:07:06.236689+00,rank,OK,3,0,0,,2026-07-19 06:07:12.797371+00
7393,2026-07-19 06:07:06.236689+00,state,OK,0,0,0,,2026-07-19 06:07:12.789627+00
7392,2026-07-19 06:07:06.236689+00,scan,OK,4242,5,0,"{""signals_found"": 0, ""symbols_scanned"": 5}",2026-07-19 06:07:12.783471+00
7391,2026-07-19 06:07:06.236689+00,cleanup,OK,4,0,0,"{""expired"": 0}",2026-07-19 06:07:08.514627+00
7390,2026-07-19 06:07:06.236689+00,unknown,OK,2136,0,0,"{""closed"": 0}",2026-07-19 06:07:06.366222+00
7389,2026-07-19 06:07:06.236689+00,pre_flight,OK,77,0,0,,2026-07-19 06:07:06.283538+00
7388,2026-07-19 06:01:59.645924+00,invariants,OK,7,0,0,,2026-07-19 06:02:06.169301+00
7387,2026-07-19 06:01:59.645924+00,snapshot,OK,0,1,1,,2026-07-19 06:02:06.158079+00
7386,2026-07-19 06:01:59.645924+00,upsert,OK,0,0,0,,2026-07-19 06:02:06.14367+00
7385,2026-07-19 06:01:59.645924+00,gate,OK,0,0,0,"{""rejected_by_corr"": 0}",2026-07-19 06:02:06.137152+00
7384,2026-07-19 06:01:59.645924+00,rank,OK,5,0,0,,2026-07-19 06:02:06.126997+00
7383,2026-07-19 06:01:59.645924+00,state,OK,0,0,0,,2026-07-19 06:02:06.115381+00
7382,2026-07-19 06:01:59.645924+00,scan,OK,4108,5,0,"{""signals_found"": 0, ""symbols_scanned"": 5}",2026-07-19 06:02:06.107192+00
7381,2026-07-19 06:01:59.645924+00,cleanup,OK,5,0,0,"{""expired"": 0}",2026-07-19 06:02:01.976956+00
7380,2026-07-19 06:01:59.645924+00,unknown,OK,2190,0,0,"{""closed"": 0}",2026-07-19 06:01:59.776326+00
7379,2026-07-19 06:01:59.645924+00,pre_flight,OK,80,0,0,,2026-07-19 06:01:59.69415+00
7378,2026-07-19 05:56:53.358676+00,invariants,OK,10,0,0,,2026-07-19 05:56:59.580371+00
7377,2026-07-19 05:56:53.358676+00,snapshot,OK,0,1,1,,2026-07-19 05:56:59.570398+00
7376,2026-07-19 05:56:53.358676+00,upsert,OK,0,0,0,,2026-07-19 05:56:59.557041+00
7375,2026-07-19 05:56:53.358676+00,gate,OK,0,0,0,"{""rejected_by_corr"": 0}",2026-07-19 05:56:59.553518+00
7374,2026-07-19 05:56:53.358676+00,rank,OK,4,0,0,,2026-07-19 05:56:59.546584+00
7373,2026-07-19 05:56:53.358676+00,state,OK,0,0,0,,2026-07-19 05:56:59.537934+00
7372,2026-07-19 05:56:53.358676+00,scan,OK,4295,5,0,"{""signals_found"": 0, ""symbols_scanned"": 5}",2026-07-19 05:56:59.532287+00
7371,2026-07-19 05:56:53.358676+00,cleanup,OK,3,0,0,"{""expired"": 0}",2026-07-19 05:56:55.218438+00
7370,2026-07-19 05:56:53.358676+00,unknown,OK,1731,0,0,"{""closed"": 0}",2026-07-19 05:56:53.478077+00
7369,2026-07-19 05:56:53.358676+00,pre_flight,OK,69,0,0,,2026-07-19 05:56:53.406036+00
7368,2026-07-19 05:51:46.979509+00,invariants,OK,4,0,0,,2026-07-19 05:51:53.307869+00
7367,2026-07-19 05:51:46.979509+00,snapshot,OK,0,1,1,,2026-07-19 05:51:53.300213+00
7366,2026-07-19 05:51:46.979509+00,upsert,OK,0,0,0,,2026-07-19 05:51:53.291328+00
7365,2026-07-19 05:51:46.979509+00,gate,OK,0,0,0,"{""rejected_by_corr"": 0}",2026-07-19 05:51:53.288482+00
7364,2026-07-19 05:51:46.979509+00,rank,OK,3,0,0,,2026-07-19 05:51:53.282644+00
7363,2026-07-19 05:51:46.979509+00,state,OK,0,0,0,,2026-07-19 05:51:53.275328+00
7362,2026-07-19 05:51:46.979509+00,scan,OK,3947,5,0,"{""signals_found"": 0, ""symbols_scanned"": 5}",2026-07-19 05:51:53.267751+00
7361,2026-07-19 05:51:46.979509+00,cleanup,OK,5,0,0,"{""expired"": 0}",2026-07-19 05:51:49.29818+00
7360,2026-07-19 05:51:46.979509+00,unknown,OK,2181,0,0,"{""closed"": 0}",2026-07-19 05:51:47.10703+00
7359,2026-07-19 05:51:46.979509+00,pre_flight,OK,79,0,0,,2026-07-19 05:51:47.025514+00
7358,2026-07-19 05:46:40.124029+00,invariants,OK,6,0,0,,2026-07-19 05:46:46.910861+00
7357,2026-07-19 05:46:40.124029+00,snapshot,OK,0,1,1,,2026-07-19 05:46:46.901004+00
7356,2026-07-19 05:46:40.124029+00,upsert,OK,0,0,0,,2026-07-19 05:46:46.887806+00
7355,2026-07-19 05:46:40.124029+00,gate,OK,0,0,0,"{""rejected_by_corr"": 0}",2026-07-19 05:46:46.883362+00
7354,2026-07-19 05:46:40.124029+00,rank,OK,4,0,0,,2026-07-19 05:46:46.874894+00
7353,2026-07-19 05:46:40.124029+00,state,OK,0,0,0,,2026-07-19 05:46:46.864966+00
7352,2026-07-19 05:46:40.124029+00,scan,OK,4360,5,0,"{""signals_found"": 0, ""symbols_scanned"": 5}",2026-07-19 05:46:46.857244+00
7351,2026-07-19 05:46:40.124029+00,cleanup,OK,5,0,0,"{""expired"": 0}",2026-07-19 05:46:42.472022+00
7350,2026-07-19 05:46:40.124029+00,unknown,OK,2214,0,0,"{""closed"": 0}",2026-07-19 05:46:40.248247+00
7349,2026-07-19 05:46:40.124029+00,pre_flight,OK,74,0,0,,2026-07-19 05:46:40.171918+00
7348,2026-07-19 05:41:33.254083+00,invariants,OK,6,0,0,,2026-07-19 05:41:40.055752+00
7347,2026-07-19 05:41:33.254083+00,snapshot,OK,0,1,1,,2026-07-19 05:41:40.045843+00
7346,2026-07-19 05:41:33.254083+00,upsert,OK,0,0,0,,2026-07-19 05:41:40.03295+00
7345,2026-07-19 05:41:33.254083+00,gate,OK,0,0,0,"{""rejected_by_corr"": 0}",2026-07-19 05:41:40.028723+00
7344,2026-07-19 05:41:33.254083+00,rank,OK,4,0,0,,2026-07-19 05:41:40.019474+00
7343,2026-07-19 05:41:33.254083+00,state,OK,0,0,0,,2026-07-19 05:41:40.009983+00
7342,2026-07-19 05:41:33.254083+00,scan,OK,4435,5,0,"{""signals_found"": 0, ""symbols_scanned"": 5}",2026-07-19 05:41:40.003132+00
7341,2026-07-19 05:41:33.254083+00,cleanup,OK,5,0,0,"{""expired"": 0}",2026-07-19 05:41:35.54231+00
7340,2026-07-19 05:41:33.254083+00,unknown,OK,2155,0,0,"{""closed"": 0}",2026-07-19 05:41:33.375925+00
7339,2026-07-19 05:41:33.254083+00,pre_flight,OK,71,0,0,,2026-07-19 05:41:33.302712+00
7338,2026-07-19 05:36:26.520086+00,invariants,OK,6,0,0,,2026-07-19 05:36:33.195282+00
7337,2026-07-19 05:36:26.520086+00,snapshot,OK,0,1,1,,2026-07-19 05:36:33.186443+00
7336,2026-07-19 05:36:26.520086+00,upsert,OK,0,0,0,,2026-07-19 05:36:33.176539+00
7335,2026-07-19 05:36:26.520086+00,gate,OK,0,0,0,"{""rejected_by_corr"": 0}",2026-07-19 05:36:33.173823+00
7334,2026-07-19 05:36:26.520086+00,rank,OK,4,0,0,,2026-07-19 05:36:33.166752+00
7333,2026-07-19 05:36:26.520086+00,state,OK,0,0,0,,2026-07-19 05:36:33.155176+00
7332,2026-07-19 05:36:26.520086+00,scan,OK,4160,5,0,"{""signals_found"": 0, ""symbols_scanned"": 5}",2026-07-19 05:36:33.14762+00
7331,2026-07-19 05:36:26.520086+00,cleanup,OK,4,0,0,"{""expired"": 0}",2026-07-19 05:36:28.963893+00
7330,2026-07-19 05:36:26.520086+00,unknown,OK,2312,0,0,"{""closed"": 0}",2026-07-19 05:36:26.641401+00
7329,2026-07-19 05:36:26.520086+00,pre_flight,OK,68,0,0,,2026-07-19 05:36:26.569323+00
7328,2026-07-19 05:31:19.511768+00,invariants,OK,5,0,0,,2026-07-19 05:31:26.451758+00
7327,2026-07-19 05:31:19.511768+00,snapshot,OK,0,1,1,,2026-07-19 05:31:26.440508+00
7326,2026-07-19 05:31:19.511768+00,upsert,OK,0,0,0,,2026-07-19 05:31:26.425717+00
7325,2026-07-19 05:31:19.511768+00,gate,OK,0,0,0,"{""rejected_by_corr"": 0}",2026-07-19 05:31:26.420461+00
7324,2026-07-19 05:31:19.511768+00,rank,OK,4,0,0,,2026-07-19 05:31:26.41078+00
7323,2026-07-19 05:31:19.511768+00,state,OK,0,0,0,,2026-07-19 05:31:26.399565+00
7322,2026-07-19 05:31:19.511768+00,scan,OK,4518,5,0,"{""signals_found"": 0, ""symbols_scanned"": 5}",2026-07-19 05:31:26.388033+00
7321,2026-07-19 05:31:19.511768+00,cleanup,OK,7,0,1,"{""expired"": 1}",2026-07-19 05:31:21.843844+00
7320,2026-07-19 05:31:19.511768+00,unknown,OK,2196,0,0,"{""closed"": 0}",2026-07-19 05:31:19.633597+00
7319,2026-07-19 05:31:19.511768+00,pre_flight,OK,71,0,0,,2026-07-19 05:31:19.560409+00
7318,2026-07-19 05:26:12.802519+00,invariants,OK,6,0,0,,2026-07-19 05:26:19.440704+00
7317,2026-07-19 05:26:12.802519+00,snapshot,OK,0,1,1,,2026-07-19 05:26:19.430835+00
7316,2026-07-19 05:26:12.802519+00,upsert,OK,0,0,0,,2026-07-19 05:26:19.417886+00
7315,2026-07-19 05:26:12.802519+00,gate,OK,0,1,0,"{""rejected_by_corr"": 1}",2026-07-19 05:26:19.413564+00
7314,2026-07-19 05:26:12.802519+00,rank,OK,11,1,1,,2026-07-19 05:26:19.388471+00
7313,2026-07-19 05:26:12.802519+00,state,OK,0,0,1,,2026-07-19 05:26:19.37694+00
7312,2026-07-19 05:26:12.802519+00,scan,OK,4265,5,0,"{""signals_found"": 0, ""symbols_scanned"": 5}",2026-07-19 05:26:19.369909+00
7311,2026-07-19 05:26:12.802519+00,cleanup,OK,4,0,0,"{""expired"": 0}",2026-07-19 05:26:15.083383+00
7310,2026-07-19 05:26:12.802519+00,unknown,OK,2158,0,0,"{""closed"": 0}",2026-07-19 05:26:12.917256+00
7309,2026-07-19 05:26:12.802519+00,pre_flight,OK,68,0,0,,2026-07-19 05:26:12.849095+00
7308,2026-07-19 05:21:06.453299+00,invariants,OK,5,0,0,,2026-07-19 05:21:12.737251+00
7307,2026-07-19 05:21:06.453299+00,snapshot,OK,0,1,1,,2026-07-19 05:21:12.729889+00
7306,2026-07-19 05:21:06.453299+00,upsert,OK,0,0,0,,2026-07-19 05:21:12.720784+00
7305,2026-07-19 05:21:06.453299+00,gate,OK,0,1,0,"{""rejected_by_corr"": 1}",2026-07-19 05:21:12.718276+00
7304,2026-07-19 05:21:06.453299+00,rank,OK,8,1,1,,2026-07-19 05:21:12.700276+00
7303,2026-07-19 05:21:06.453299+00,state,OK,0,0,1,,2026-07-19 05:21:12.692404+00
7302,2026-07-19 05:21:06.453299+00,scan,OK,4314,5,0,"{""signals_found"": 0, ""symbols_scanned"": 5}",2026-07-19 05:21:12.686904+00
7301,2026-07-19 05:21:06.453299+00,cleanup,OK,4,0,0,"{""expired"": 0}",2026-07-19 05:21:08.351331+00
7300,2026-07-19 05:21:06.453299+00,unknown,OK,1788,0,0,"{""closed"": 0}",2026-07-19 05:21:06.554136+00
7299,2026-07-19 05:21:06.453299+00,pre_flight,OK,57,0,0,,2026-07-19 05:21:06.495614+00
7298,2026-07-19 05:16:00.103946+00,invariants,OK,6,0,0,,2026-07-19 05:16:06.380211+00
7297,2026-07-19 05:16:00.103946+00,snapshot,OK,0,1,1,,2026-07-19 05:16:06.369079+00
7296,2026-07-19 05:16:00.103946+00,upsert,OK,0,0,0,,2026-07-19 05:16:06.353626+00
7295,2026-07-19 05:16:00.103946+00,gate,OK,0,1,0,"{""rejected_by_corr"": 1}",2026-07-19 05:16:06.347804+00
7294,2026-07-19 05:16:00.103946+00,rank,OK,11,1,1,,2026-07-19 05:16:06.320138+00
7293,2026-07-19 05:16:00.103946+00,state,OK,0,0,1,,2026-07-19 05:16:06.307019+00
7292,2026-07-19 05:16:00.103946+00,scan,OK,3880,5,0,"{""signals_found"": 0, ""symbols_scanned"": 5}",2026-07-19 05:16:06.298541+00
7291,2026-07-19 05:16:00.103946+00,cleanup,OK,4,0,0,"{""expired"": 0}",2026-07-19 05:16:02.395993+00
7290,2026-07-19 05:16:00.103946+00,unknown,OK,2158,0,0,"{""closed"": 0}",2026-07-19 05:16:00.227962+00
7289,2026-07-19 05:16:00.103946+00,pre_flight,OK,74,0,0,,2026-07-19 05:16:00.152149+00
7288,2026-07-19 05:10:52.794621+00,invariants,OK,5,0,0,,2026-07-19 05:11:00.028879+00
7287,2026-07-19 05:10:52.794621+00,snapshot,OK,0,1,1,,2026-07-19 05:11:00.018995+00
7286,2026-07-19 05:10:52.794621+00,upsert,OK,0,0,0,,2026-07-19 05:11:00.005539+00
7285,2026-07-19 05:10:52.794621+00,gate,OK,0,1,0,"{""rejected_by_corr"": 1}",2026-07-19 05:11:00.00107+00
7284,2026-07-19 05:10:52.794621+00,rank,OK,11,1,1,,2026-07-19 05:10:59.975646+00
7283,2026-07-19 05:10:52.794621+00,state,OK,0,0,1,,2026-07-19 05:10:59.96323+00
7282,2026-07-19 05:10:52.794621+00,scan,OK,4667,5,0,"{""signals_found"": 0, ""symbols_scanned"": 5}",2026-07-19 05:10:59.956401+00
7281,2026-07-19 05:10:52.794621+00,cleanup,OK,6,0,1,"{""expired"": 1}",2026-07-19 05:10:55.264133+00
7280,2026-07-19 05:10:52.794621+00,unknown,OK,2338,0,0,"{""closed"": 0}",2026-07-19 05:10:52.915817+00
7279,2026-07-19 05:10:52.794621+00,pre_flight,OK,71,0,0,,2026-07-19 05:10:52.843009+00
7278,2026-07-19 05:05:46.408754+00,invariants,OK,9,0,0,,2026-07-19 05:05:52.715213+00
7277,2026-07-19 05:05:46.408754+00,snapshot,OK,0,1,1,,2026-07-19 05:05:52.704287+00
7276,2026-07-19 05:05:46.408754+00,upsert,OK,0,0,0,,2026-07-19 05:05:52.692189+00
7275,2026-07-19 05:05:46.408754+00,gate,OK,0,2,0,"{""rejected_by_corr"": 2}",2026-07-19 05:05:52.68837+00
7274,2026-07-19 05:05:46.408754+00,rank,OK,13,2,2,,2026-07-19 05:05:52.654568+00
7273,2026-07-19 05:05:46.408754+00,state,OK,0,0,2,,2026-07-19 05:05:52.643154+00
7272,2026-07-19 05:05:46.408754+00,scan,OK,3941,5,0,"{""signals_found"": 0, ""symbols_scanned"": 5}",2026-07-19 05:05:52.636855+00
7271,2026-07-19 05:05:46.408754+00,cleanup,OK,4,0,0,"{""expired"": 0}",2026-07-19 05:05:48.672388+00
7270,2026-07-19 05:05:46.408754+00,unknown,OK,2136,0,0,"{""closed"": 0}",2026-07-19 05:05:46.525952+00
7269,2026-07-19 05:05:46.408754+00,pre_flight,OK,68,0,0,,2026-07-19 05:05:46.455735+00
7268,2026-07-19 05:00:40.574473+00,invariants,OK,4,0,0,,2026-07-19 05:00:46.360895+00
7267,2026-07-19 05:00:40.574473+00,snapshot,OK,0,1,1,,2026-07-19 05:00:46.353734+00
7266,2026-07-19 05:00:40.574473+00,upsert,OK,0,0,0,,2026-07-19 05:00:46.344072+00
7265,2026-07-19 05:00:40.574473+00,gate,OK,0,2,0,"{""rejected_by_corr"": 2}",2026-07-19 05:00:46.341162+00
7264,2026-07-19 05:00:40.574473+00,rank,OK,11,2,2,,2026-07-19 05:00:46.315638+00
7263,2026-07-19 05:00:40.574473+00,state,OK,0,0,2,,2026-07-19 05:00:46.30619+00
7262,2026-07-19 05:00:40.574473+00,scan,OK,3603,5,0,"{""signals_found"": 0, ""symbols_scanned"": 5}",2026-07-19 05:00:46.301203+00
7261,2026-07-19 05:00:40.574473+00,cleanup,OK,4,0,0,"{""expired"": 0}",2026-07-19 05:00:42.676744+00
7260,2026-07-19 05:00:40.574473+00,unknown,OK,1990,0,0,"{""closed"": 0}",2026-07-19 05:00:40.674284+00
7259,2026-07-19 05:00:40.574473+00,pre_flight,OK,60,0,0,,2026-07-19 05:00:40.610769+00
7258,2026-07-19 04:55:33.604431+00,invariants,OK,11,0,0,,2026-07-19 04:55:40.498843+00
7257,2026-07-19 04:55:33.604431+00,snapshot,OK,0,1,1,,2026-07-19 04:55:40.485361+00
7256,2026-07-19 04:55:33.604431+00,upsert,OK,0,0,0,,2026-07-19 04:55:40.467735+00
7255,2026-07-19 04:55:33.604431+00,gate,OK,0,2,0,"{""rejected_by_corr"": 2}",2026-07-19 04:55:40.462468+00
7254,2026-07-19 04:55:33.604431+00,rank,OK,13,2,2,,2026-07-19 04:55:40.423168+00
7253,2026-07-19 04:55:33.604431+00,state,OK,0,0,2,,2026-07-19 04:55:40.4084+00
7252,2026-07-19 04:55:33.604431+00,scan,OK,4503,5,0,"{""signals_found"": 0, ""symbols_scanned"": 5}",2026-07-19 04:55:40.395234+00
7251,2026-07-19 04:55:33.604431+00,cleanup,OK,4,0,0,"{""expired"": 0}",2026-07-19 04:55:35.865369+00
7250,2026-07-19 04:55:33.604431+00,unknown,OK,2130,0,0,"{""closed"": 0}",2026-07-19 04:55:33.724857+00
7249,2026-07-19 04:55:33.604431+00,pre_flight,OK,70,0,0,,2026-07-19 04:55:33.651187+00
7248,2026-07-19 04:50:27.004616+00,invariants,OK,6,0,0,,2026-07-19 04:50:33.534872+00
7247,2026-07-19 04:50:27.004616+00,snapshot,OK,0,1,1,,2026-07-19 04:50:33.523758+00
7246,2026-07-19 04:50:27.004616+00,upsert,OK,0,0,0,,2026-07-19 04:50:33.509398+00
7245,2026-07-19 04:50:27.004616+00,gate,OK,0,2,0,"{""rejected_by_corr"": 2}",2026-07-19 04:50:33.504566+00
7244,2026-07-19 04:50:27.004616+00,rank,OK,11,2,2,,2026-07-19 04:50:33.469216+00
7243,2026-07-19 04:50:27.004616+00,state,OK,0,0,2,,2026-07-19 04:50:33.456264+00
7242,2026-07-19 04:50:27.004616+00,scan,OK,4108,5,0,"{""signals_found"": 0, ""symbols_scanned"": 5}",2026-07-19 04:50:33.448575+00
7241,2026-07-19 04:50:27.004616+00,cleanup,OK,3,0,0,"{""expired"": 0}",2026-07-19 04:50:29.317467+00
7240,2026-07-19 04:50:27.004616+00,unknown,OK,2102,0,0,"{""closed"": 0}",2026-07-19 04:50:27.206253+00
7239,2026-07-19 04:50:27.004616+00,pre_flight,OK,144,0,0,,2026-07-19 04:50:27.056175+00
7238,2026-07-19 04:45:19.929915+00,invariants,OK,6,0,0,,2026-07-19 04:45:26.93609+00
7237,2026-07-19 04:45:19.929915+00,snapshot,OK,0,1,1,,2026-07-19 04:45:26.927554+00
7236,2026-07-19 04:45:19.929915+00,upsert,OK,0,0,0,,2026-07-19 04:45:26.916524+00
7235,2026-07-19 04:45:19.929915+00,gate,OK,0,2,0,"{""rejected_by_corr"": 2}",2026-07-19 04:45:26.9127+00
7234,2026-07-19 04:45:19.929915+00,rank,OK,11,2,2,,2026-07-19 04:45:26.878143+00
7233,2026-07-19 04:45:19.929915+00,state,OK,0,0,2,,2026-07-19 04:45:26.866519+00
7232,2026-07-19 04:45:19.929915+00,scan,OK,4553,5,0,"{""signals_found"": 0, ""symbols_scanned"": 5}",2026-07-19 04:45:26.860009+00
7231,2026-07-19 04:45:19.929915+00,cleanup,OK,6,0,0,"{""expired"": 0}",2026-07-19 04:45:22.283239+00
7230,2026-07-19 04:45:19.929915+00,unknown,OK,2228,0,0,"{""closed"": 0}",2026-07-19 04:45:20.043949+00
7229,2026-07-19 04:45:19.929915+00,pre_flight,OK,68,0,0,,2026-07-19 04:45:19.975531+00
7228,2026-07-19 04:40:12.575254+00,invariants,OK,6,0,0,,2026-07-19 04:40:19.859834+00
7227,2026-07-19 04:40:12.575254+00,snapshot,OK,0,1,1,,2026-07-19 04:40:19.848223+00
7226,2026-07-19 04:40:12.575254+00,upsert,OK,0,0,0,,2026-07-19 04:40:19.832385+00
7225,2026-07-19 04:40:12.575254+00,gate,OK,0,2,0,"{""rejected_by_corr"": 2}",2026-07-19 04:40:19.826961+00
7224,2026-07-19 04:40:12.575254+00,rank,OK,11,2,2,,2026-07-19 04:40:19.782741+00
7223,2026-07-19 04:40:12.575254+00,state,OK,0,0,2,,2026-07-19 04:40:19.769559+00
7222,2026-07-19 04:40:12.575254+00,scan,OK,4810,5,0,"{""signals_found"": 0, ""symbols_scanned"": 5}",2026-07-19 04:40:19.761497+00
7221,2026-07-19 04:40:12.575254+00,cleanup,OK,4,0,0,"{""expired"": 0}",2026-07-19 04:40:14.930313+00
7220,2026-07-19 04:40:12.575254+00,unknown,OK,2222,0,0,"{""closed"": 0}",2026-07-19 04:40:12.698505+00
7219,2026-07-19 04:40:12.575254+00,pre_flight,OK,72,0,0,,2026-07-19 04:40:12.625226+00
7218,2026-07-19 04:35:02.309431+00,invariants,OK,12,0,0,,2026-07-19 04:35:12.48879+00
7217,2026-07-19 04:35:02.309431+00,snapshot,OK,0,1,1,,2026-07-19 04:35:12.474235+00
7216,2026-07-19 04:35:02.309431+00,upsert,OK,0,0,0,,2026-07-19 04:35:12.451419+00
7215,2026-07-19 04:35:02.309431+00,gate,OK,0,2,0,"{""rejected_by_corr"": 2}",2026-07-19 04:35:12.446681+00
7214,2026-07-19 04:35:02.309431+00,rank,OK,24,2,2,,2026-07-19 04:35:12.39017+00
7213,2026-07-19 04:35:02.309431+00,state,OK,26,1,2,,2026-07-19 04:35:12.372503+00
7212,2026-07-19 04:35:02.309431+00,scan,OK,6700,5,1,"{""signals_found"": 1, ""symbols_scanned"": 5}",2026-07-19 04:35:12.301148+00
7211,2026-07-19 04:35:02.309431+00,cleanup,OK,10,0,0,"{""expired"": 0}",2026-07-19 04:35:05.560623+00
7210,2026-07-19 04:35:02.309431+00,unknown,OK,3069,0,0,"{""closed"": 0}",2026-07-19 04:35:02.475133+00
7209,2026-07-19 04:35:02.309431+00,pre_flight,OK,112,0,0,,2026-07-19 04:35:02.359221+00
7208,2026-07-19 04:29:51.446542+00,invariants,OK,10,0,0,,2026-07-19 04:30:02.221398+00
7207,2026-07-19 04:29:51.446542+00,snapshot,OK,0,1,1,,2026-07-19 04:30:02.205663+00
7206,2026-07-19 04:29:51.446542+00,upsert,OK,0,0,0,,2026-07-19 04:30:02.188678+00
7205,2026-07-19 04:29:51.446542+00,gate,OK,0,2,0,"{""rejected_by_corr"": 2}",2026-07-19 04:30:02.182683+00
7204,2026-07-19 04:29:51.446542+00,rank,OK,26,2,2,,2026-07-19 04:30:02.1107+00
7203,2026-07-19 04:29:51.446542+00,state,OK,21,1,2,,2026-07-19 04:30:02.087413+00
7202,2026-07-19 04:29:51.446542+00,scan,OK,6909,5,1,"{""signals_found"": 1, ""symbols_scanned"": 5}",2026-07-19 04:30:02.025594+00
7201,2026-07-19 04:29:51.446542+00,cleanup,OK,6,0,0,"{""expired"": 0}",2026-07-19 04:29:55.067081+00
7200,2026-07-19 04:29:51.446542+00,unknown,OK,3402,0,0,"{""closed"": 0}",2026-07-19 04:29:51.650616+00
7199,2026-07-19 04:29:51.446542+00,pre_flight,OK,126,0,0,,2026-07-19 04:29:51.526794+00
7198,2026-07-19 04:24:45.373313+00,invariants,OK,4,0,0,,2026-07-19 04:24:51.388932+00
7197,2026-07-19 04:24:45.373313+00,snapshot,OK,0,1,1,,2026-07-19 04:24:51.379985+00
7196,2026-07-19 04:24:45.373313+00,upsert,OK,0,0,0,,2026-07-19 04:24:51.369099+00
7195,2026-07-19 04:24:45.373313+00,gate,OK,0,2,0,"{""rejected_by_corr"": 2}",2026-07-19 04:24:51.366423+00
7194,2026-07-19 04:24:45.373313+00,rank,OK,9,2,2,,2026-07-19 04:24:51.34092+00
7193,2026-07-19 04:24:45.373313+00,state,OK,9,1,2,,2026-07-19 04:24:51.333429+00
7192,2026-07-19 04:24:45.373313+00,scan,OK,3749,5,1,"{""signals_found"": 1, ""symbols_scanned"": 5}",2026-07-19 04:24:51.303596+00
7191,2026-07-19 04:24:45.373313+00,cleanup,OK,4,0,0,"{""expired"": 0}",2026-07-19 04:24:47.521506+00
7190,2026-07-19 04:24:45.373313+00,unknown,OK,2016,0,0,"{""closed"": 0}",2026-07-19 04:24:45.495928+00
7189,2026-07-19 04:24:45.373313+00,pre_flight,OK,72,0,0,,2026-07-19 04:24:45.421751+00
7188,2026-07-19 04:19:39.730756+00,invariants,OK,7,0,0,,2026-07-19 04:19:45.300788+00
7187,2026-07-19 04:19:39.730756+00,snapshot,OK,0,1,1,,2026-07-19 04:19:45.290548+00
7186,2026-07-19 04:19:39.730756+00,upsert,OK,0,0,0,,2026-07-19 04:19:45.277725+00
7185,2026-07-19 04:19:39.730756+00,gate,OK,0,2,0,"{""rejected_by_corr"": 2}",2026-07-19 04:19:45.27347+00
7184,2026-07-19 04:19:39.730756+00,rank,OK,8,2,2,,2026-07-19 04:19:45.246452+00
7183,2026-07-19 04:19:39.730756+00,state,OK,12,1,2,,2026-07-19 04:19:45.237266+00
7182,2026-07-19 04:19:39.730756+00,scan,OK,3354,5,1,"{""signals_found"": 1, ""symbols_scanned"": 5}",2026-07-19 04:19:45.204374+00
7181,2026-07-19 04:19:39.730756+00,cleanup,OK,3,0,0,"{""expired"": 0}",2026-07-19 04:19:41.824781+00
7180,2026-07-19 04:19:39.730756+00,unknown,OK,1969,0,0,"{""closed"": 0}",2026-07-19 04:19:39.84849+00
7179,2026-07-19 04:19:39.730756+00,pre_flight,OK,69,0,0,,2026-07-19 04:19:39.777013+00
7178,2026-07-19 04:14:32.238752+00,invariants,OK,4,0,0,,2026-07-19 04:14:39.677562+00
7177,2026-07-19 04:14:32.238752+00,snapshot,OK,0,1,1,,2026-07-19 04:14:39.669044+00
7176,2026-07-19 04:14:32.238752+00,upsert,OK,0,0,0,,2026-07-19 04:14:39.660785+00
7175,2026-07-19 04:14:32.238752+00,gate,OK,0,2,0,"{""rejected_by_corr"": 2}",2026-07-19 04:14:39.658177+00
7174,2026-07-19 04:14:32.238752+00,rank,OK,7,2,2,,2026-07-19 04:14:39.636099+00
7173,2026-07-19 04:14:32.238752+00,state,OK,12,1,2,,2026-07-19 04:14:39.628603+00
7172,2026-07-19 04:14:32.238752+00,scan,OK,4898,5,1,"{""signals_found"": 1, ""symbols_scanned"": 5}",2026-07-19 04:14:39.590114+00
7171,2026-07-19 04:14:32.238752+00,cleanup,OK,4,0,0,"{""expired"": 0}",2026-07-19 04:14:34.655551+00
7170,2026-07-19 04:14:32.238752+00,unknown,OK,2247,0,0,"{""closed"": 0}",2026-07-19 04:14:32.398767+00
7169,2026-07-19 04:14:32.238752+00,pre_flight,OK,102,0,0,,2026-07-19 04:14:32.291227+00
7168,2026-07-19 04:09:25.173819+00,invariants,OK,5,0,0,,2026-07-19 04:09:32.17024+00
7167,2026-07-19 04:09:25.173819+00,snapshot,OK,0,1,1,,2026-07-19 04:09:32.158032+00
7166,2026-07-19 04:09:25.173819+00,upsert,OK,0,0,0,,2026-07-19 04:09:32.142764+00
7165,2026-07-19 04:09:25.173819+00,gate,OK,0,3,0,"{""rejected_by_corr"": 3}",2026-07-19 04:09:32.133582+00
7164,2026-07-19 04:09:25.173819+00,rank,OK,15,3,3,,2026-07-19 04:09:32.073364+00
7163,2026-07-19 04:09:25.173819+00,state,OK,0,0,3,,2026-07-19 04:09:32.060277+00
7162,2026-07-19 04:09:25.173819+00,scan,OK,3904,5,0,"{""signals_found"": 0, ""symbols_scanned"": 5}",2026-07-19 04:09:32.052743+00
7161,2026-07-19 04:09:25.173819+00,cleanup,OK,8,0,1,"{""expired"": 1}",2026-07-19 04:09:28.120754+00
7160,2026-07-19 04:09:25.173819+00,unknown,OK,2803,0,0,"{""closed"": 0}",2026-07-19 04:09:25.302356+00
7159,2026-07-19 04:09:25.173819+00,pre_flight,OK,79,0,0,,2026-07-19 04:09:25.221679+00
7158,2026-07-19 04:04:18.076754+00,invariants,OK,5,0,0,,2026-07-19 04:04:25.115682+00
7157,2026-07-19 04:04:18.076754+00,snapshot,OK,0,1,1,,2026-07-19 04:04:25.10472+00
7156,2026-07-19 04:04:18.076754+00,upsert,OK,0,0,0,,2026-07-19 04:04:25.089205+00
7155,2026-07-19 04:04:18.076754+00,gate,OK,0,3,0,"{""rejected_by_corr"": 3}",2026-07-19 04:04:25.085149+00
7154,2026-07-19 04:04:18.076754+00,rank,OK,9,4,3,,2026-07-19 04:04:25.038819+00
7153,2026-07-19 04:04:18.076754+00,state,OK,0,0,4,,2026-07-19 04:04:25.029092+00
7152,2026-07-19 04:04:18.076754+00,scan,OK,3527,5,0,"{""signals_found"": 0, ""symbols_scanned"": 5}",2026-07-19 04:04:25.021569+00
7151,2026-07-19 04:04:18.076754+00,cleanup,OK,4,0,0,"{""expired"": 0}",2026-07-19 04:04:21.473527+00
7150,2026-07-19 04:04:18.076754+00,unknown,OK,3236,0,0,"{""closed"": 0}",2026-07-19 04:04:18.228236+00
7149,2026-07-19 04:04:18.076754+00,pre_flight,OK,94,0,0,,2026-07-19 04:04:18.131863+00
7148,2026-07-19 03:59:11.489081+00,invariants,OK,4,0,0,,2026-07-19 03:59:18.011584+00
7147,2026-07-19 03:59:11.489081+00,snapshot,OK,0,1,1,,2026-07-19 03:59:18.000924+00
7146,2026-07-19 03:59:11.489081+00,upsert,OK,0,0,0,,2026-07-19 03:59:17.986003+00
7145,2026-07-19 03:59:11.489081+00,gate,OK,0,3,0,"{""rejected_by_corr"": 3}",2026-07-19 03:59:17.980811+00
7144,2026-07-19 03:59:11.489081+00,rank,OK,12,4,3,,2026-07-19 03:59:17.925384+00
7143,2026-07-19 03:59:11.489081+00,state,OK,0,0,4,,2026-07-19 03:59:17.912745+00
7142,2026-07-19 03:59:11.489081+00,scan,OK,3324,5,0,"{""signals_found"": 0, ""symbols_scanned"": 5}",2026-07-19 03:59:17.904756+00
7141,2026-07-19 03:59:11.489081+00,cleanup,OK,3,0,0,"{""expired"": 0}",2026-07-19 03:59:14.563481+00
7140,2026-07-19 03:59:11.489081+00,unknown,OK,2936,0,0,"{""closed"": 0}",2026-07-19 03:59:11.619107+00
7139,2026-07-19 03:59:11.489081+00,pre_flight,OK,80,0,0,,2026-07-19 03:59:11.535825+00
7138,2026-07-19 03:54:04.511907+00,invariants,OK,6,0,0,,2026-07-19 03:54:11.421782+00
7137,2026-07-19 03:54:04.511907+00,snapshot,OK,0,1,1,,2026-07-19 03:54:11.409623+00
7136,2026-07-19 03:54:04.511907+00,upsert,OK,0,0,0,,2026-07-19 03:54:11.394279+00
7135,2026-07-19 03:54:04.511907+00,gate,OK,0,3,0,"{""rejected_by_corr"": 3}",2026-07-19 03:54:11.389127+00
7134,2026-07-19 03:54:04.511907+00,rank,OK,12,4,3,,2026-07-19 03:54:11.332971+00
7133,2026-07-19 03:54:04.511907+00,state,OK,0,0,4,,2026-07-19 03:54:11.319721+00
7132,2026-07-19 03:54:04.511907+00,scan,OK,3389,5,0,"{""signals_found"": 0, ""symbols_scanned"": 5}",2026-07-19 03:54:11.311216+00
7131,2026-07-19 03:54:04.511907+00,cleanup,OK,4,0,0,"{""expired"": 0}",2026-07-19 03:54:07.897124+00
7130,2026-07-19 03:54:04.511907+00,unknown,OK,3238,0,0,"{""closed"": 0}",2026-07-19 03:54:04.649498+00
7129,2026-07-19 03:54:04.511907+00,pre_flight,OK,90,0,0,,2026-07-19 03:54:04.558084+00
7128,2026-07-19 03:48:56.70239+00,invariants,OK,6,0,0,,2026-07-19 03:49:04.447722+00
7127,2026-07-19 03:48:56.70239+00,snapshot,OK,0,1,1,,2026-07-19 03:49:04.438183+00
7126,2026-07-19 03:48:56.70239+00,upsert,OK,0,0,0,,2026-07-19 03:49:04.425365+00
7125,2026-07-19 03:48:56.70239+00,gate,OK,0,3,0,"{""rejected_by_corr"": 3}",2026-07-19 03:49:04.422385+00
7124,2026-07-19 03:48:56.70239+00,rank,OK,13,4,3,,2026-07-19 03:49:04.377343+00
7123,2026-07-19 03:48:56.70239+00,state,OK,11,1,4,,2026-07-19 03:49:04.367647+00
7122,2026-07-19 03:48:56.70239+00,scan,OK,4227,5,1,"{""signals_found"": 1, ""symbols_scanned"": 5}",2026-07-19 03:49:04.331678+00
7121,2026-07-19 03:48:56.70239+00,cleanup,OK,3,0,0,"{""expired"": 0}",2026-07-19 03:49:00.076819+00
7120,2026-07-19 03:48:56.70239+00,unknown,OK,3231,0,0,"{""closed"": 0}",2026-07-19 03:48:56.837185+00
7119,2026-07-19 03:48:56.70239+00,pre_flight,OK,78,0,0,,2026-07-19 03:48:56.749294+00
7118,2026-07-19 03:43:48.858834+00,invariants,OK,6,0,0,,2026-07-19 03:43:56.625407+00
7117,2026-07-19 03:43:48.858834+00,snapshot,OK,0,1,1,,2026-07-19 03:43:56.614959+00
7116,2026-07-19 03:43:48.858834+00,upsert,OK,0,0,0,,2026-07-19 03:43:56.602746+00
7115,2026-07-19 03:43:48.858834+00,gate,OK,0,3,0,"{""rejected_by_corr"": 3}",2026-07-19 03:43:56.598378+00
7114,2026-07-19 03:43:48.858834+00,rank,OK,12,4,3,,2026-07-19 03:43:56.549654+00
7113,2026-07-19 03:43:48.858834+00,state,OK,10,1,4,,2026-07-19 03:43:56.53999+00
7112,2026-07-19 03:43:48.858834+00,scan,OK,4214,5,1,"{""signals_found"": 1, ""symbols_scanned"": 5}",2026-07-19 03:43:56.500727+00
7111,2026-07-19 03:43:48.858834+00,cleanup,OK,4,0,0,"{""expired"": 0}",2026-07-19 03:43:52.260113+00
7110,2026-07-19 03:43:48.858834+00,unknown,OK,3264,0,0,"{""closed"": 0}",2026-07-19 03:43:48.985+00
7109,2026-07-19 03:43:48.858834+00,pre_flight,OK,77,0,0,,2026-07-19 03:43:48.905997+00
7108,2026-07-19 03:38:40.833065+00,invariants,OK,4,0,0,,2026-07-19 03:38:48.800221+00
7107,2026-07-19 03:38:40.833065+00,snapshot,OK,0,1,1,,2026-07-19 03:38:48.793467+00
7106,2026-07-19 03:38:40.833065+00,upsert,OK,0,0,0,,2026-07-19 03:38:48.785749+00
7105,2026-07-19 03:38:40.833065+00,gate,OK,0,3,0,"{""rejected_by_corr"": 3}",2026-07-19 03:38:48.783153+00
7104,2026-07-19 03:38:40.833065+00,rank,OK,8,4,3,,2026-07-19 03:38:48.747527+00
7103,2026-07-19 03:38:40.833065+00,state,OK,8,1,4,,2026-07-19 03:38:48.7403+00
7102,2026-07-19 03:38:40.833065+00,scan,OK,4448,5,1,"{""signals_found"": 1, ""symbols_scanned"": 5}",2026-07-19 03:38:48.706506+00
7101,2026-07-19 03:38:40.833065+00,cleanup,OK,5,0,0,"{""expired"": 0}",2026-07-19 03:38:44.233452+00
7100,2026-07-19 03:38:40.833065+00,unknown,OK,3263,0,0,"{""closed"": 0}",2026-07-19 03:38:40.959201+00
7099,2026-07-19 03:38:40.833065+00,pre_flight,OK,78,0,0,,2026-07-19 03:38:40.879724+00
7098,2026-07-19 03:33:33.70095+00,invariants,OK,6,0,0,,2026-07-19 03:33:40.764211+00
7097,2026-07-19 03:33:33.70095+00,snapshot,OK,0,1,1,,2026-07-19 03:33:40.755625+00
7096,2026-07-19 03:33:33.70095+00,upsert,OK,0,0,0,,2026-07-19 03:33:40.746118+00
7095,2026-07-19 03:33:33.70095+00,gate,OK,0,3,0,"{""rejected_by_corr"": 3}",2026-07-19 03:33:40.743159+00
7094,2026-07-19 03:33:33.70095+00,rank,OK,14,4,3,,2026-07-19 03:33:40.696149+00
7093,2026-07-19 03:33:33.70095+00,state,OK,11,1,4,,2026-07-19 03:33:40.685783+00
7092,2026-07-19 03:33:33.70095+00,scan,OK,3622,5,1,"{""signals_found"": 1, ""symbols_scanned"": 5}",2026-07-19 03:33:40.646702+00
7091,2026-07-19 03:33:33.70095+00,cleanup,OK,4,0,0,"{""expired"": 0}",2026-07-19 03:33:37.0026+00
7090,2026-07-19 03:33:33.70095+00,unknown,OK,3167,0,0,"{""closed"": 0}",2026-07-19 03:33:33.826843+00
7089,2026-07-19 03:33:33.70095+00,pre_flight,OK,78,0,0,,2026-07-19 03:33:33.747479+00
7088,2026-07-19 03:28:25.731589+00,invariants,OK,5,0,0,,2026-07-19 03:28:33.636525+00
7087,2026-07-19 03:28:25.731589+00,snapshot,OK,0,1,1,,2026-07-19 03:28:33.627599+00
7086,2026-07-19 03:28:25.731589+00,upsert,OK,0,0,0,,2026-07-19 03:28:33.617939+00
7085,2026-07-19 03:28:25.731589+00,gate,OK,0,3,0,"{""rejected_by_corr"": 3}",2026-07-19 03:28:33.615034+00
7084,2026-07-19 03:28:25.731589+00,rank,OK,13,4,3,,2026-07-19 03:28:33.577999+00
7083,2026-07-19 03:28:25.731589+00,state,OK,21,2,4,,2026-07-19 03:28:33.568136+00
7082,2026-07-19 03:28:25.731589+00,scan,OK,4402,5,2,"{""signals_found"": 2, ""symbols_scanned"": 5}",2026-07-19 03:28:33.508339+00
7081,2026-07-19 03:28:25.731589+00,cleanup,OK,4,0,0,"{""expired"": 0}",2026-07-19 03:28:29.077114+00
7080,2026-07-19 03:28:25.731589+00,unknown,OK,3210,0,0,"{""closed"": 0}",2026-07-19 03:28:25.857496+00
7079,2026-07-19 03:28:25.731589+00,pre_flight,OK,78,0,0,,2026-07-19 03:28:25.777632+00
7078,2026-07-19 03:23:17.659595+00,invariants,OK,6,0,0,,2026-07-19 03:23:25.67063+00
7077,2026-07-19 03:23:17.659595+00,snapshot,OK,0,1,1,,2026-07-19 03:23:25.661832+00
7076,2026-07-19 03:23:17.659595+00,upsert,OK,0,0,0,,2026-07-19 03:23:25.651497+00
7075,2026-07-19 03:23:17.659595+00,gate,OK,0,3,0,"{""rejected_by_corr"": 3}",2026-07-19 03:23:25.648641+00
7074,2026-07-19 03:23:17.659595+00,rank,OK,13,4,3,,2026-07-19 03:23:25.61062+00
7073,2026-07-19 03:23:17.659595+00,state,OK,19,2,4,,2026-07-19 03:23:25.600657+00
7072,2026-07-19 03:23:17.659595+00,scan,OK,4486,5,2,"{""signals_found"": 2, ""symbols_scanned"": 5}",2026-07-19 03:23:25.544577+00
7071,2026-07-19 03:23:17.659595+00,cleanup,OK,4,0,0,"{""expired"": 0}",2026-07-19 03:23:21.035125+00
7070,2026-07-19 03:23:17.659595+00,unknown,OK,3231,0,0,"{""closed"": 0}",2026-07-19 03:23:17.793525+00
7069,2026-07-19 03:23:17.659595+00,pre_flight,OK,85,0,0,,2026-07-19 03:23:17.705609+00
7068,2026-07-19 03:18:10.411505+00,invariants,OK,8,0,0,,2026-07-19 03:18:17.583333+00
7067,2026-07-19 03:18:10.411505+00,snapshot,OK,0,1,1,,2026-07-19 03:18:17.572601+00
7066,2026-07-19 03:18:10.411505+00,upsert,OK,0,0,0,,2026-07-19 03:18:17.555737+00
7065,2026-07-19 03:18:10.411505+00,gate,OK,0,3,0,"{""rejected_by_corr"": 3}",2026-07-19 03:18:17.551873+00
7064,2026-07-19 03:18:10.411505+00,rank,OK,12,4,3,,2026-07-19 03:18:17.510283+00
7063,2026-07-19 03:18:10.411505+00,state,OK,22,2,4,,2026-07-19 03:18:17.499457+00
7062,2026-07-19 03:18:10.411505+00,scan,OK,3630,5,2,"{""signals_found"": 2, ""symbols_scanned"": 5}",2026-07-19 03:18:17.432928+00
7061,2026-07-19 03:18:10.411505+00,cleanup,OK,4,0,0,"{""expired"": 0}",2026-07-19 03:18:13.779544+00
7060,2026-07-19 03:18:10.411505+00,unknown,OK,3228,0,0,"{""closed"": 0}",2026-07-19 03:18:10.540202+00
7059,2026-07-19 03:18:10.411505+00,pre_flight,OK,78,0,0,,2026-07-19 03:18:10.458786+00
7058,2026-07-19 03:13:02.220967+00,invariants,OK,6,0,0,,2026-07-19 03:13:10.343373+00
7057,2026-07-19 03:13:02.220967+00,snapshot,OK,0,1,1,,2026-07-19 03:13:10.332285+00
7056,2026-07-19 03:13:02.220967+00,upsert,OK,0,0,0,,2026-07-19 03:13:10.31563+00
7055,2026-07-19 03:13:02.220967+00,gate,OK,0,3,0,"{""rejected_by_corr"": 3}",2026-07-19 03:13:10.309483+00
7054,2026-07-19 03:13:02.220967+00,rank,OK,14,4,3,,2026-07-19 03:13:10.266607+00
7053,2026-07-19 03:13:02.220967+00,state,OK,23,2,4,,2026-07-19 03:13:10.255802+00
7052,2026-07-19 03:13:02.220967+00,scan,OK,4560,5,2,"{""signals_found"": 2, ""symbols_scanned"": 5}",2026-07-19 03:13:10.19301+00
7051,2026-07-19 03:13:02.220967+00,cleanup,OK,4,0,0,"{""expired"": 0}",2026-07-19 03:13:05.609582+00
7050,2026-07-19 03:13:02.220967+00,unknown,OK,3250,0,0,"{""closed"": 0}",2026-07-19 03:13:02.348363+00
7049,2026-07-19 03:13:02.220967+00,pre_flight,OK,76,0,0,,2026-07-19 03:13:02.268468+00
7048,2026-07-19 03:07:55.543531+00,invariants,OK,5,0,0,,2026-07-19 03:08:02.154768+00
7047,2026-07-19 03:07:55.543531+00,snapshot,OK,0,1,1,,2026-07-19 03:08:02.143534+00
7046,2026-07-19 03:07:55.543531+00,upsert,OK,0,0,0,,2026-07-19 03:08:02.125714+00
7045,2026-07-19 03:07:55.543531+00,gate,OK,0,2,0,"{""rejected_by_corr"": 2}",2026-07-19 03:08:02.120535+00
7044,2026-07-19 03:07:55.543531+00,rank,OK,12,3,2,,2026-07-19 03:08:02.076204+00
7043,2026-07-19 03:07:55.543531+00,state,OK,15,1,3,,2026-07-19 03:08:02.063002+00
7042,2026-07-19 03:07:55.543531+00,scan,OK,3730,5,1,"{""signals_found"": 1, ""symbols_scanned"": 5}",2026-07-19 03:08:02.017931+00
7041,2026-07-19 03:07:55.543531+00,cleanup,OK,5,0,0,"{""expired"": 0}",2026-07-19 03:07:58.265154+00
7040,2026-07-19 03:07:55.543531+00,unknown,OK,2589,0,0,"{""closed"": 0}",2026-07-19 03:07:55.665307+00
7039,2026-07-19 03:07:55.543531+00,pre_flight,OK,69,0,0,,2026-07-19 03:07:55.595064+00
7038,2026-07-19 03:02:47.590017+00,invariants,OK,5,0,0,,2026-07-19 03:02:55.489161+00
7037,2026-07-19 03:02:47.590017+00,snapshot,OK,0,1,1,,2026-07-19 03:02:55.480455+00
7036,2026-07-19 03:02:47.590017+00,upsert,OK,0,0,0,,2026-07-19 03:02:55.467842+00
7035,2026-07-19 03:02:47.590017+00,gate,OK,0,2,0,"{""rejected_by_corr"": 2}",2026-07-19 03:02:55.463519+00
7034,2026-07-19 03:02:47.590017+00,rank,OK,9,3,2,,2026-07-19 03:02:55.435133+00
7033,2026-07-19 03:02:47.590017+00,state,OK,9,1,3,,2026-07-19 03:02:55.427676+00
7032,2026-07-19 03:02:47.590017+00,scan,OK,4418,5,1,"{""signals_found"": 1, ""symbols_scanned"": 5}",2026-07-19 03:02:55.397378+00
7031,2026-07-19 03:02:47.590017+00,cleanup,OK,4,0,0,"{""expired"": 0}",2026-07-19 03:02:50.953097+00
7030,2026-07-19 03:02:47.590017+00,unknown,OK,3227,0,0,"{""closed"": 0}",2026-07-19 03:02:47.716379+00
7029,2026-07-19 03:02:47.590017+00,pre_flight,OK,78,0,0,,2026-07-19 03:02:47.636486+00
7028,2026-07-19 02:57:39.821382+00,invariants,OK,6,0,0,,2026-07-19 02:57:47.522858+00
7027,2026-07-19 02:57:39.821382+00,snapshot,OK,0,1,1,,2026-07-19 02:57:47.511172+00
7026,2026-07-19 02:57:39.821382+00,upsert,OK,0,0,0,,2026-07-19 02:57:47.495166+00
7025,2026-07-19 02:57:39.821382+00,gate,OK,0,2,0,"{""rejected_by_corr"": 2}",2026-07-19 02:57:47.489426+00
7024,2026-07-19 02:57:39.821382+00,rank,OK,16,3,2,,2026-07-19 02:57:47.446731+00
7023,2026-07-19 02:57:39.821382+00,state,OK,16,1,3,,2026-07-19 02:57:47.435401+00
7022,2026-07-19 02:57:39.821382+00,scan,OK,4201,5,1,"{""signals_found"": 1, ""symbols_scanned"": 5}",2026-07-19 02:57:47.386994+00
7021,2026-07-19 02:57:39.821382+00,cleanup,OK,7,0,0,"{""expired"": 0}",2026-07-19 02:57:43.158737+00
7020,2026-07-19 02:57:39.821382+00,unknown,OK,3194,0,0,"{""closed"": 0}",2026-07-19 02:57:39.951662+00
7019,2026-07-19 02:57:39.821382+00,pre_flight,OK,80,0,0,,2026-07-19 02:57:39.868599+00
7018,2026-07-19 02:52:33.592483+00,invariants,OK,4,0,0,,2026-07-19 02:52:39.770788+00
7017,2026-07-19 02:52:33.592483+00,snapshot,OK,0,1,1,,2026-07-19 02:52:39.761233+00
7016,2026-07-19 02:52:33.592483+00,upsert,OK,0,0,0,,2026-07-19 02:52:39.750119+00
7015,2026-07-19 02:52:33.592483+00,gate,OK,0,2,0,"{""rejected_by_corr"": 2}",2026-07-19 02:52:39.743581+00
7014,2026-07-19 02:52:33.592483+00,rank,OK,13,3,2,,2026-07-19 02:52:39.709897+00
7013,2026-07-19 02:52:33.592483+00,state,OK,16,1,3,,2026-07-19 02:52:39.698248+00
7012,2026-07-19 02:52:33.592483+00,scan,OK,3532,5,1,"{""signals_found"": 1, ""symbols_scanned"": 5}",2026-07-19 02:52:39.648419+00
7011,2026-07-19 02:52:33.592483+00,cleanup,OK,4,0,0,"{""expired"": 0}",2026-07-19 02:52:36.073015+00
7010,2026-07-19 02:52:33.592483+00,unknown,OK,2378,0,0,"{""closed"": 0}",2026-07-19 02:52:33.682058+00
7009,2026-07-19 02:52:33.592483+00,pre_flight,OK,53,0,0,,2026-07-19 02:52:33.62501+00
7008,2026-07-19 02:47:25.828355+00,invariants,OK,5,0,0,,2026-07-19 02:47:33.530619+00
7007,2026-07-19 02:47:25.828355+00,snapshot,OK,0,1,1,,2026-07-19 02:47:33.521885+00
7006,2026-07-19 02:47:25.828355+00,upsert,OK,0,0,0,,2026-07-19 02:47:33.509779+00
7005,2026-07-19 02:47:25.828355+00,gate,OK,0,1,0,"{""rejected_by_corr"": 1}",2026-07-19 02:47:33.505866+00
7004,2026-07-19 02:47:25.828355+00,rank,OK,13,2,1,,2026-07-19 02:47:33.479476+00
7003,2026-07-19 02:47:25.828355+00,state,OK,12,1,2,,2026-07-19 02:47:33.46856+00
7002,2026-07-19 02:47:25.828355+00,scan,OK,4364,5,1,"{""signals_found"": 1, ""symbols_scanned"": 5}",2026-07-19 02:47:33.428768+00
7001,2026-07-19 02:47:25.828355+00,cleanup,OK,4,0,0,"{""expired"": 0}",2026-07-19 02:47:29.021015+00
7000,2026-07-19 02:47:25.828355+00,unknown,OK,3082,0,0,"{""closed"": 0}",2026-07-19 02:47:25.929502+00
6999,2026-07-19 02:47:25.828355+00,pre_flight,OK,61,0,0,,2026-07-19 02:47:25.864733+00
6998,2026-07-19 02:42:18.268033+00,invariants,OK,5,0,0,,2026-07-19 02:42:25.757093+00
6997,2026-07-19 02:42:18.268033+00,snapshot,OK,0,1,1,,2026-07-19 02:42:25.747453+00
6996,2026-07-19 02:42:18.268033+00,upsert,OK,0,0,0,,2026-07-19 02:42:25.73473+00
6995,2026-07-19 02:42:18.268033+00,gate,OK,0,1,0,"{""rejected_by_corr"": 1}",2026-07-19 02:42:25.730588+00
6994,2026-07-19 02:42:18.268033+00,rank,OK,12,2,1,,2026-07-19 02:42:25.704022+00
6993,2026-07-19 02:42:18.268033+00,state,OK,13,1,2,,2026-07-19 02:42:25.692926+00
6992,2026-07-19 02:42:18.268033+00,scan,OK,3905,5,1,"{""signals_found"": 1, ""symbols_scanned"": 5}",2026-07-19 02:42:24.486702+00
6991,2026-07-19 02:42:18.268033+00,cleanup,OK,4,0,0,"{""expired"": 0}",2026-07-19 02:42:20.535594+00
6990,2026-07-19 02:42:18.268033+00,unknown,OK,2140,0,0,"{""closed"": 0}",2026-07-19 02:42:18.386101+00
6989,2026-07-19 02:42:18.268033+00,pre_flight,OK,70,0,0,,2026-07-19 02:42:18.314242+00
6988,2026-07-19 02:37:10.411041+00,invariants,OK,6,0,0,,2026-07-19 02:37:18.200312+00
6987,2026-07-19 02:37:10.411041+00,snapshot,OK,0,1,1,,2026-07-19 02:37:18.183613+00
6986,2026-07-19 02:37:10.411041+00,upsert,OK,16,1,1,,2026-07-19 02:37:18.15984+00
6985,2026-07-19 02:37:10.411041+00,gate,OK,0,1,1,"{""rejected_by_corr"": 0}",2026-07-19 02:37:18.136165+00
6984,2026-07-19 02:37:10.411041+00,rank,OK,12,2,1,,2026-07-19 02:37:18.089395+00
6983,2026-07-19 02:37:10.411041+00,state,OK,16,1,2,,2026-07-19 02:37:18.076958+00
6982,2026-07-19 02:37:10.411041+00,scan,OK,5400,5,1,"{""signals_found"": 1, ""symbols_scanned"": 5}",2026-07-19 02:37:18.031533+00
6981,2026-07-19 02:37:10.411041+00,cleanup,OK,5,0,0,"{""expired"": 0}",2026-07-19 02:37:12.591219+00
6980,2026-07-19 02:37:10.411041+00,unknown,OK,2051,0,0,"{""closed"": 0}",2026-07-19 02:37:10.530528+00
6979,2026-07-19 02:37:10.411041+00,pre_flight,OK,73,0,0,,2026-07-19 02:37:10.45758+00
6978,2026-07-19 02:32:00.634906+00,invariants,OK,6,0,0,,2026-07-19 02:32:10.344508+00
6977,2026-07-19 02:32:00.634906+00,snapshot,OK,0,1,1,,2026-07-19 02:32:10.335313+00
6976,2026-07-19 02:32:00.634906+00,upsert,OK,0,0,0,,2026-07-19 02:32:10.322542+00
6975,2026-07-19 02:32:00.634906+00,gate,OK,0,1,0,"{""rejected_by_corr"": 1}",2026-07-19 02:32:10.318314+00
6974,2026-07-19 02:32:00.634906+00,rank,OK,12,2,1,,2026-07-19 02:32:10.292222+00
6973,2026-07-19 02:32:00.634906+00,state,OK,15,1,2,,2026-07-19 02:32:10.280872+00
6972,2026-07-19 02:32:00.634906+00,scan,OK,5419,5,1,"{""signals_found"": 1, ""symbols_scanned"": 5}",2026-07-19 02:32:10.234388+00
6971,2026-07-19 02:32:00.634906+00,cleanup,OK,7,0,0,"{""expired"": 0}",2026-07-19 02:32:04.790991+00
6970,2026-07-19 02:32:00.634906+00,unknown,OK,4006,0,0,"{""closed"": 0}",2026-07-19 02:32:00.771215+00
6969,2026-07-19 02:32:00.634906+00,pre_flight,OK,88,0,0,,2026-07-19 02:32:00.681597+00
6968,2026-07-19 02:26:50.779441+00,invariants,OK,4,0,0,,2026-07-19 02:27:00.571393+00
6967,2026-07-19 02:26:50.779441+00,snapshot,OK,0,1,1,,2026-07-19 02:27:00.562387+00
6966,2026-07-19 02:26:50.779441+00,upsert,OK,0,0,0,,2026-07-19 02:27:00.550095+00
6965,2026-07-19 02:26:50.779441+00,gate,OK,0,1,0,"{""rejected_by_corr"": 1}",2026-07-19 02:27:00.5464+00
6964,2026-07-19 02:26:50.779441+00,rank,OK,12,2,1,,2026-07-19 02:27:00.522426+00
6963,2026-07-19 02:26:50.779441+00,state,OK,14,1,2,,2026-07-19 02:27:00.510789+00
6962,2026-07-19 02:26:50.779441+00,scan,OK,5384,5,1,"{""signals_found"": 1, ""symbols_scanned"": 5}",2026-07-19 02:27:00.465127+00
6961,2026-07-19 02:26:50.779441+00,cleanup,OK,7,0,1,"{""expired"": 1}",2026-07-19 02:26:55.055559+00
6960,2026-07-19 02:26:50.779441+00,unknown,OK,4114,0,0,"{""closed"": 0}",2026-07-19 02:26:50.929113+00
6959,2026-07-19 02:26:50.779441+00,pre_flight,OK,88,0,0,,2026-07-19 02:26:50.841332+00
6958,2026-07-19 02:21:40.888299+00,invariants,OK,5,0,0,,2026-07-19 02:21:50.711605+00
6957,2026-07-19 02:21:40.888299+00,snapshot,OK,0,1,1,,2026-07-19 02:21:50.701886+00
6956,2026-07-19 02:21:40.888299+00,upsert,OK,0,0,0,,2026-07-19 02:21:50.688912+00
6955,2026-07-19 02:21:40.888299+00,gate,OK,0,2,0,"{""rejected_by_corr"": 2}",2026-07-19 02:21:50.684839+00
6954,2026-07-19 02:21:40.888299+00,rank,OK,12,3,2,,2026-07-19 02:21:50.651782+00
6953,2026-07-19 02:21:40.888299+00,state,OK,10,1,3,,2026-07-19 02:21:50.641832+00
6952,2026-07-19 02:21:40.888299+00,scan,OK,5365,5,1,"{""signals_found"": 1, ""symbols_scanned"": 5}",2026-07-19 02:21:50.604366+00
6951,2026-07-19 02:21:40.888299+00,cleanup,OK,4,0,0,"{""expired"": 0}",2026-07-19 02:21:45.217278+00
6950,2026-07-19 02:21:40.888299+00,unknown,OK,4215,0,0,"{""closed"": 0}",2026-07-19 02:21:40.993545+00
6949,2026-07-19 02:21:40.888299+00,pre_flight,OK,67,0,0,,2026-07-19 02:21:40.924397+00
6948,2026-07-19 02:16:30.508695+00,invariants,OK,6,0,0,,2026-07-19 02:16:40.811143+00
6947,2026-07-19 02:16:30.508695+00,snapshot,OK,0,1,1,,2026-07-19 02:16:40.800431+00
6946,2026-07-19 02:16:30.508695+00,upsert,OK,0,0,0,,2026-07-19 02:16:40.784572+00
6945,2026-07-19 02:16:30.508695+00,gate,OK,0,2,0,"{""rejected_by_corr"": 2}",2026-07-19 02:16:40.778922+00
6944,2026-07-19 02:16:30.508695+00,rank,OK,12,3,2,,2026-07-19 02:16:40.735911+00
6943,2026-07-19 02:16:30.508695+00,state,OK,16,1,3,,2026-07-19 02:16:40.72304+00
6942,2026-07-19 02:16:30.508695+00,scan,OK,5768,5,1,"{""signals_found"": 1, ""symbols_scanned"": 5}",2026-07-19 02:16:40.673259+00
6941,2026-07-19 02:16:30.508695+00,cleanup,OK,4,0,0,"{""expired"": 0}",2026-07-19 02:16:34.877926+00
6940,2026-07-19 02:16:30.508695+00,unknown,OK,4223,0,0,"{""closed"": 0}",2026-07-19 02:16:30.645038+00
6939,2026-07-19 02:16:30.508695+00,pre_flight,OK,88,0,0,,2026-07-19 02:16:30.556082+00
6938,2026-07-19 02:11:21.787501+00,invariants,OK,4,0,0,,2026-07-19 02:11:30.454212+00
6937,2026-07-19 02:11:21.787501+00,snapshot,OK,0,1,1,,2026-07-19 02:11:30.446768+00
6936,2026-07-19 02:11:21.787501+00,upsert,OK,0,0,0,,2026-07-19 02:11:30.436117+00
6935,2026-07-19 02:11:21.787501+00,gate,OK,0,2,0,"{""rejected_by_corr"": 2}",2026-07-19 02:11:30.432375+00
6934,2026-07-19 02:11:21.787501+00,rank,OK,16,3,2,,2026-07-19 02:11:30.396498+00
6933,2026-07-19 02:11:21.787501+00,state,OK,12,1,3,,2026-07-19 02:11:30.384072+00
6932,2026-07-19 02:11:21.787501+00,scan,OK,4319,5,1,"{""signals_found"": 1, ""symbols_scanned"": 5}",2026-07-19 02:11:30.342727+00
6931,2026-07-19 02:11:21.787501+00,cleanup,OK,3,0,0,"{""expired"": 0}",2026-07-19 02:11:26.005169+00
6930,2026-07-19 02:11:21.787501+00,unknown,OK,4074,0,0,"{""closed"": 0}",2026-07-19 02:11:21.923121+00
6929,2026-07-19 02:11:21.787501+00,pre_flight,OK,85,0,0,,2026-07-19 02:11:21.836036+00
6928,2026-07-19 02:06:11.777979+00,invariants,OK,5,0,0,,2026-07-19 02:06:21.713831+00
6927,2026-07-19 02:06:11.777979+00,snapshot,OK,0,1,1,,2026-07-19 02:06:21.703627+00
6926,2026-07-19 02:06:11.777979+00,upsert,OK,0,0,0,,2026-07-19 02:06:21.688044+00
6925,2026-07-19 02:06:11.777979+00,gate,OK,0,2,0,"{""rejected_by_corr"": 2}",2026-07-19 02:06:21.682762+00
6924,2026-07-19 02:06:11.777979+00,rank,OK,12,3,2,,2026-07-19 02:06:21.641833+00
6923,2026-07-19 02:06:11.777979+00,state,OK,30,2,3,,2026-07-19 02:06:21.629937+00
6922,2026-07-19 02:06:11.777979+00,scan,OK,5457,5,2,"{""signals_found"": 2, ""symbols_scanned"": 5}",2026-07-19 02:06:21.556922+00
6921,2026-07-19 02:06:11.777979+00,cleanup,OK,6,0,0,"{""expired"": 0}",2026-07-19 02:06:16.074472+00
6920,2026-07-19 02:06:11.777979+00,unknown,OK,4140,0,0,"{""closed"": 0}",2026-07-19 02:06:11.918957+00
6919,2026-07-19 02:06:11.777979+00,pre_flight,OK,90,0,0,,2026-07-19 02:06:11.825375+00
6918,2026-07-19 02:01:01.999711+00,invariants,OK,4,0,0,,2026-07-19 02:01:11.730627+00
6917,2026-07-19 02:01:01.999711+00,snapshot,OK,0,1,1,,2026-07-19 02:01:11.723831+00
6916,2026-07-19 02:01:01.999711+00,upsert,OK,0,0,0,,2026-07-19 02:01:11.714805+00
6915,2026-07-19 02:01:01.999711+00,gate,OK,0,2,0,"{""rejected_by_corr"": 2}",2026-07-19 02:01:11.712288+00
6914,2026-07-19 02:01:01.999711+00,rank,OK,17,3,2,,2026-07-19 02:01:11.681112+00
6913,2026-07-19 02:01:01.999711+00,state,OK,20,2,3,,2026-07-19 02:01:11.666181+00
6912,2026-07-19 02:01:01.999711+00,scan,OK,5291,5,2,"{""signals_found"": 2, ""symbols_scanned"": 5}",2026-07-19 02:01:11.617564+00
6911,2026-07-19 02:01:01.999711+00,cleanup,OK,4,0,0,"{""expired"": 0}",2026-07-19 02:01:06.303616+00
6910,2026-07-19 02:01:01.999711+00,unknown,OK,4156,0,0,"{""closed"": 0}",2026-07-19 02:01:02.137726+00
6909,2026-07-19 02:01:01.999711+00,pre_flight,OK,88,0,0,,2026-07-19 02:01:02.048029+00
6908,2026-07-19 01:55:53.04087+00,invariants,OK,5,0,0,,2026-07-19 01:56:01.942809+00
6907,2026-07-19 01:55:53.04087+00,snapshot,OK,0,1,1,,2026-07-19 01:56:01.933514+00
6906,2026-07-19 01:55:53.04087+00,upsert,OK,0,0,0,,2026-07-19 01:56:01.920329+00
6905,2026-07-19 01:55:53.04087+00,gate,OK,0,2,0,"{""rejected_by_corr"": 2}",2026-07-19 01:56:01.915085+00
6904,2026-07-19 01:55:53.04087+00,rank,OK,12,3,2,,2026-07-19 01:56:01.873515+00
6903,2026-07-19 01:55:53.04087+00,state,OK,27,2,3,,2026-07-19 01:56:01.861169+00
6902,2026-07-19 01:55:53.04087+00,scan,OK,4199,5,2,"{""signals_found"": 2, ""symbols_scanned"": 5}",2026-07-19 01:56:01.793598+00
6901,2026-07-19 01:55:53.04087+00,cleanup,OK,3,0,0,"{""expired"": 0}",2026-07-19 01:55:57.576812+00
6900,2026-07-19 01:55:53.04087+00,unknown,OK,4385,0,0,"{""closed"": 0}",2026-07-19 01:55:53.183395+00
6899,2026-07-19 01:55:53.04087+00,pre_flight,OK,94,0,0,,2026-07-19 01:55:53.088104+00
6898,2026-07-19 01:50:44.292948+00,invariants,OK,5,0,0,,2026-07-19 01:50:52.975278+00
6897,2026-07-19 01:50:44.292948+00,snapshot,OK,0,1,1,,2026-07-19 01:50:52.966553+00
6896,2026-07-19 01:50:44.292948+00,upsert,OK,0,0,0,,2026-07-19 01:50:52.952141+00
6895,2026-07-19 01:50:44.292948+00,gate,OK,0,2,0,"{""rejected_by_corr"": 2}",2026-07-19 01:50:52.947339+00
6894,2026-07-19 01:50:44.292948+00,rank,OK,13,3,2,,2026-07-19 01:50:52.909572+00
6893,2026-07-19 01:50:44.292948+00,state,OK,27,2,3,,2026-07-19 01:50:52.896931+00
6892,2026-07-19 01:50:44.292948+00,scan,OK,4171,5,2,"{""signals_found"": 2, ""symbols_scanned"": 5}",2026-07-19 01:50:52.831619+00
6891,2026-07-19 01:50:44.292948+00,cleanup,OK,4,0,0,"{""expired"": 0}",2026-07-19 01:50:48.642488+00
6890,2026-07-19 01:50:44.292948+00,unknown,OK,4198,0,0,"{""closed"": 0}",2026-07-19 01:50:44.433757+00
6889,2026-07-19 01:50:44.292948+00,pre_flight,OK,84,0,0,,2026-07-19 01:50:44.34563+00
6888,2026-07-19 01:45:35.524561+00,invariants,OK,4,0,0,,2026-07-19 01:45:44.24471+00
6887,2026-07-19 01:45:35.524561+00,snapshot,OK,0,1,1,,2026-07-19 01:45:44.237536+00
6886,2026-07-19 01:45:35.524561+00,upsert,OK,0,0,0,,2026-07-19 01:45:44.228836+00
6885,2026-07-19 01:45:35.524561+00,gate,OK,0,3,0,"{""rejected_by_corr"": 3}",2026-07-19 01:45:44.225851+00
6884,2026-07-19 01:45:35.524561+00,rank,OK,8,3,3,,2026-07-19 01:45:44.196416+00
6883,2026-07-19 01:45:35.524561+00,state,OK,23,2,3,,2026-07-19 01:45:44.187969+00
6882,2026-07-19 01:45:35.524561+00,scan,OK,4408,5,2,"{""signals_found"": 2, ""symbols_scanned"": 5}",2026-07-19 01:45:44.130999+00
6881,2026-07-19 01:45:35.524561+00,cleanup,OK,3,0,0,"{""expired"": 0}",2026-07-19 01:45:39.704685+00
6880,2026-07-19 01:45:35.524561+00,unknown,OK,4035,0,0,"{""closed"": 0}",2026-07-19 01:45:35.660616+00
6879,2026-07-19 01:45:35.524561+00,pre_flight,OK,85,0,0,,2026-07-19 01:45:35.572874+00
6878,2026-07-19 01:40:26.470135+00,invariants,OK,6,0,0,,2026-07-19 01:40:35.453251+00
6877,2026-07-19 01:40:26.470135+00,snapshot,OK,0,1,1,,2026-07-19 01:40:35.444601+00
6876,2026-07-19 01:40:26.470135+00,upsert,OK,0,0,0,,2026-07-19 01:40:35.432411+00
6875,2026-07-19 01:40:26.470135+00,gate,OK,0,3,0,"{""rejected_by_corr"": 3}",2026-07-19 01:40:35.428854+00
6874,2026-07-19 01:40:26.470135+00,rank,OK,9,3,3,,2026-07-19 01:40:35.394692+00
6873,2026-07-19 01:40:26.470135+00,state,OK,22,2,3,,2026-07-19 01:40:35.385795+00
6872,2026-07-19 01:40:26.470135+00,scan,OK,4448,5,2,"{""signals_found"": 2, ""symbols_scanned"": 5}",2026-07-19 01:40:35.32855+00
6871,2026-07-19 01:40:26.470135+00,cleanup,OK,4,0,0,"{""expired"": 0}",2026-07-19 01:40:30.856733+00
6870,2026-07-19 01:40:26.470135+00,unknown,OK,4241,0,0,"{""closed"": 0}",2026-07-19 01:40:26.603705+00
6869,2026-07-19 01:40:26.470135+00,pre_flight,OK,83,0,0,,2026-07-19 01:40:26.51853+00
6868,2026-07-19 01:35:16.107242+00,invariants,OK,6,0,0,,2026-07-19 01:35:26.40035+00
6867,2026-07-19 01:35:16.107242+00,snapshot,OK,0,1,1,,2026-07-19 01:35:26.3897+00
6866,2026-07-19 01:35:16.107242+00,upsert,OK,0,0,0,,2026-07-19 01:35:26.374541+00
6865,2026-07-19 01:35:16.107242+00,gate,OK,0,3,0,"{""rejected_by_corr"": 3}",2026-07-19 01:35:26.369413+00
6864,2026-07-19 01:35:16.107242+00,rank,OK,12,3,3,,2026-07-19 01:35:26.321059+00
6863,2026-07-19 01:35:16.107242+00,state,OK,27,2,3,,2026-07-19 01:35:26.308949+00
6862,2026-07-19 01:35:16.107242+00,scan,OK,5673,5,2,"{""signals_found"": 2, ""symbols_scanned"": 5}",2026-07-19 01:35:26.241003+00
6861,2026-07-19 01:35:16.107242+00,cleanup,OK,3,0,0,"{""expired"": 0}",2026-07-19 01:35:20.546705+00
6860,2026-07-19 01:35:16.107242+00,unknown,OK,4297,0,0,"{""closed"": 0}",2026-07-19 01:35:16.240447+00
6859,2026-07-19 01:35:16.107242+00,pre_flight,OK,83,0,0,,2026-07-19 01:35:16.156471+00
6858,2026-07-19 01:30:05.982979+00,invariants,OK,6,0,0,,2026-07-19 01:30:16.018723+00
6857,2026-07-19 01:30:05.982979+00,snapshot,OK,0,1,1,,2026-07-19 01:30:16.008837+00
6856,2026-07-19 01:30:05.982979+00,upsert,OK,0,0,0,,2026-07-19 01:30:15.995786+00
6855,2026-07-19 01:30:05.982979+00,gate,OK,0,3,0,"{""rejected_by_corr"": 3}",2026-07-19 01:30:15.99173+00
6854,2026-07-19 01:30:05.982979+00,rank,OK,13,3,3,,2026-07-19 01:30:15.948161+00
6853,2026-07-19 01:30:05.982979+00,state,OK,25,2,3,,2026-07-19 01:30:15.936526+00
6852,2026-07-19 01:30:05.982979+00,scan,OK,5539,5,2,"{""signals_found"": 2, ""symbols_scanned"": 5}",2026-07-19 01:30:15.8757+00
6851,2026-07-19 01:30:05.982979+00,cleanup,OK,4,0,0,"{""expired"": 0}",2026-07-19 01:30:10.313729+00
6850,2026-07-19 01:30:05.982979+00,unknown,OK,4190,0,0,"{""closed"": 0}",2026-07-19 01:30:06.113839+00
6849,2026-07-19 01:30:05.982979+00,pre_flight,OK,83,0,0,,2026-07-19 01:30:06.029426+00
6848,2026-07-19 01:24:56.604994+00,invariants,OK,10,0,0,,2026-07-19 01:25:05.884194+00
6847,2026-07-19 01:24:56.604994+00,snapshot,OK,0,1,1,,2026-07-19 01:25:05.869366+00
6846,2026-07-19 01:24:56.604994+00,upsert,OK,0,0,0,,2026-07-19 01:25:05.844924+00
6845,2026-07-19 01:24:56.604994+00,gate,OK,0,3,0,"{""rejected_by_corr"": 3}",2026-07-19 01:25:05.836989+00
6844,2026-07-19 01:24:56.604994+00,rank,OK,9,3,3,,2026-07-19 01:25:05.776423+00
6843,2026-07-19 01:24:56.604994+00,state,OK,28,2,3,,2026-07-19 01:25:05.765859+00
6842,2026-07-19 01:24:56.604994+00,scan,OK,4880,5,2,"{""signals_found"": 2, ""symbols_scanned"": 5}",2026-07-19 01:25:05.695648+00
6841,2026-07-19 01:24:56.604994+00,cleanup,OK,4,0,0,"{""expired"": 0}",2026-07-19 01:25:00.796121+00
6840,2026-07-19 01:24:56.604994+00,unknown,OK,4048,0,0,"{""closed"": 0}",2026-07-19 01:24:56.73875+00
6839,2026-07-19 01:24:56.604994+00,pre_flight,OK,84,0,0,,2026-07-19 01:24:56.651668+00
6838,2026-07-19 01:19:46.804915+00,invariants,OK,6,0,0,,2026-07-19 01:19:56.531638+00
6837,2026-07-19 01:19:46.804915+00,snapshot,OK,0,1,1,,2026-07-19 01:19:56.521877+00
6836,2026-07-19 01:19:46.804915+00,upsert,OK,0,0,0,,2026-07-19 01:19:56.508403+00
6835,2026-07-19 01:19:46.804915+00,gate,OK,0,3,0,"{""rejected_by_corr"": 3}",2026-07-19 01:19:56.50398+00
6834,2026-07-19 01:19:46.804915+00,rank,OK,13,3,3,,2026-07-19 01:19:56.457917+00
6833,2026-07-19 01:19:46.804915+00,state,OK,26,2,3,,2026-07-19 01:19:56.446027+00
6832,2026-07-19 01:19:46.804915+00,scan,OK,5248,5,2,"{""signals_found"": 2, ""symbols_scanned"": 5}",2026-07-19 01:19:56.379082+00
6831,2026-07-19 01:19:46.804915+00,cleanup,OK,4,0,0,"{""expired"": 0}",2026-07-19 01:19:51.109743+00
6830,2026-07-19 01:19:46.804915+00,unknown,OK,4150,0,0,"{""closed"": 0}",2026-07-19 01:19:46.950567+00
6829,2026-07-19 01:19:46.804915+00,pre_flight,OK,95,0,0,,2026-07-19 01:19:46.852454+00
6828,2026-07-19 01:14:37.811086+00,invariants,OK,5,0,0,,2026-07-19 01:14:46.736624+00
6827,2026-07-19 01:14:37.811086+00,snapshot,OK,0,1,1,,2026-07-19 01:14:46.727345+00
6826,2026-07-19 01:14:37.811086+00,upsert,OK,0,0,0,,2026-07-19 01:14:46.715082+00
6825,2026-07-19 01:14:37.811086+00,gate,OK,0,3,0,"{""rejected_by_corr"": 3}",2026-07-19 01:14:46.711158+00
6824,2026-07-19 01:14:37.811086+00,rank,OK,13,3,3,,2026-07-19 01:14:46.669565+00
6823,2026-07-19 01:14:37.811086+00,state,OK,23,2,3,,2026-07-19 01:14:46.658013+00
6822,2026-07-19 01:14:37.811086+00,scan,OK,5227,5,2,"{""signals_found"": 2, ""symbols_scanned"": 5}",2026-07-19 01:14:46.593766+00
6821,2026-07-19 01:14:37.811086+00,cleanup,OK,3,0,0,"{""expired"": 0}",2026-07-19 01:14:41.347305+00
6820,2026-07-19 01:14:37.811086+00,unknown,OK,3366,0,0,"{""closed"": 0}",2026-07-19 01:14:37.972211+00
6819,2026-07-19 01:14:37.811086+00,pre_flight,OK,106,0,0,,2026-07-19 01:14:37.860237+00
6818,2026-07-19 01:09:27.819721+00,invariants,OK,6,0,0,,2026-07-19 01:09:37.736922+00
6817,2026-07-19 01:09:27.819721+00,snapshot,OK,0,1,1,,2026-07-19 01:09:37.723746+00
6816,2026-07-19 01:09:27.819721+00,upsert,OK,0,0,0,,2026-07-19 01:09:37.709815+00
6815,2026-07-19 01:09:27.819721+00,gate,OK,0,3,0,"{""rejected_by_corr"": 3}",2026-07-19 01:09:37.706017+00
6814,2026-07-19 01:09:27.819721+00,rank,OK,13,3,3,,2026-07-19 01:09:37.664613+00
6813,2026-07-19 01:09:27.819721+00,state,OK,24,2,3,,2026-07-19 01:09:37.652717+00
6812,2026-07-19 01:09:27.819721+00,scan,OK,5295,5,2,"{""signals_found"": 2, ""symbols_scanned"": 5}",2026-07-19 01:09:37.586008+00
6811,2026-07-19 01:09:27.819721+00,cleanup,OK,5,0,0,"{""expired"": 0}",2026-07-19 01:09:32.268203+00
6810,2026-07-19 01:09:27.819721+00,unknown,OK,4305,0,0,"{""closed"": 0}",2026-07-19 01:09:27.953275+00
6809,2026-07-19 01:09:27.819721+00,pre_flight,OK,84,0,0,,2026-07-19 01:09:27.867623+00
6808,2026-07-19 01:04:18.64232+00,invariants,OK,6,0,0,,2026-07-19 01:04:27.756605+00
6807,2026-07-19 01:04:18.64232+00,snapshot,OK,0,1,1,,2026-07-19 01:04:27.747421+00
6806,2026-07-19 01:04:18.64232+00,upsert,OK,0,0,0,,2026-07-19 01:04:27.734426+00
6805,2026-07-19 01:04:18.64232+00,gate,OK,0,2,0,"{""rejected_by_corr"": 2}",2026-07-19 01:04:27.730287+00
6804,2026-07-19 01:04:18.64232+00,rank,OK,14,2,2,,2026-07-19 01:04:27.694324+00
6803,2026-07-19 01:04:18.64232+00,state,OK,13,1,2,,2026-07-19 01:04:27.682621+00
6802,2026-07-19 01:04:18.64232+00,scan,OK,5163,5,1,"{""signals_found"": 1, ""symbols_scanned"": 5}",2026-07-19 01:04:27.63895+00
6801,2026-07-19 01:04:18.64232+00,cleanup,OK,4,0,0,"{""expired"": 0}",2026-07-19 01:04:22.457206+00
6800,2026-07-19 01:04:18.64232+00,unknown,OK,3673,0,0,"{""closed"": 0}",2026-07-19 01:04:18.773837+00
6799,2026-07-19 01:04:18.64232+00,pre_flight,OK,82,0,0,,2026-07-19 01:04:18.691306+00
6798,2026-07-19 00:59:08.724621+00,invariants,OK,6,0,0,,2026-07-19 00:59:18.568824+00
6797,2026-07-19 00:59:08.724621+00,snapshot,OK,0,1,1,,2026-07-19 00:59:18.551679+00
6796,2026-07-19 00:59:08.724621+00,upsert,OK,0,0,0,,2026-07-19 00:59:18.539087+00
6795,2026-07-19 00:59:08.724621+00,gate,OK,0,2,0,"{""rejected_by_corr"": 2}",2026-07-19 00:59:18.532351+00
6794,2026-07-19 00:59:08.724621+00,rank,OK,9,2,2,,2026-07-19 00:59:18.502784+00
6793,2026-07-19 00:59:08.724621+00,state,OK,11,1,2,,2026-07-19 00:59:18.494456+00
6792,2026-07-19 00:59:08.724621+00,scan,OK,5349,5,1,"{""signals_found"": 1, ""symbols_scanned"": 5}",2026-07-19 00:59:18.458549+00
6791,2026-07-19 00:59:08.724621+00,cleanup,OK,5,0,0,"{""expired"": 0}",2026-07-19 00:59:13.08655+00
6790,2026-07-19 00:59:08.724621+00,unknown,OK,4215,0,0,"{""closed"": 0}",2026-07-19 00:59:08.860698+00
6789,2026-07-19 00:59:08.724621+00,pre_flight,OK,84,0,0,,2026-07-19 00:59:08.773948+00
6788,2026-07-19 00:53:58.447436+00,invariants,OK,5,0,0,,2026-07-19 00:54:08.654399+00
6787,2026-07-19 00:53:58.447436+00,snapshot,OK,0,1,1,,2026-07-19 00:54:08.645539+00
6786,2026-07-19 00:53:58.447436+00,upsert,OK,0,0,0,,2026-07-19 00:54:08.633443+00
6785,2026-07-19 00:53:58.447436+00,gate,OK,0,2,0,"{""rejected_by_corr"": 2}",2026-07-19 00:54:08.629535+00
6784,2026-07-19 00:53:58.447436+00,rank,OK,12,2,2,,2026-07-19 00:54:08.596627+00
6783,2026-07-19 00:53:58.447436+00,state,OK,13,1,2,,2026-07-19 00:54:08.585847+00
6782,2026-07-19 00:53:58.447436+00,scan,OK,5475,5,1,"{""signals_found"": 1, ""symbols_scanned"": 5}",2026-07-19 00:54:08.545118+00
6781,2026-07-19 00:53:58.447436+00,cleanup,OK,4,0,0,"{""expired"": 0}",2026-07-19 00:54:03.047276+00
6780,2026-07-19 00:53:58.447436+00,unknown,OK,4433,0,0,"{""closed"": 0}",2026-07-19 00:53:58.603402+00
6779,2026-07-19 00:53:58.447436+00,pre_flight,OK,103,0,0,,2026-07-19 00:53:58.498469+00
6778,2026-07-19 00:48:49.418758+00,invariants,OK,6,0,0,,2026-07-19 00:48:58.379669+00
6777,2026-07-19 00:48:49.418758+00,snapshot,OK,0,1,1,,2026-07-19 00:48:58.371945+00
6776,2026-07-19 00:48:49.418758+00,upsert,OK,0,0,0,,2026-07-19 00:48:58.362841+00
6775,2026-07-19 00:48:49.418758+00,gate,OK,0,2,0,"{""rejected_by_corr"": 2}",2026-07-19 00:48:58.359094+00
6774,2026-07-19 00:48:49.418758+00,rank,OK,8,2,2,,2026-07-19 00:48:58.331545+00
6773,2026-07-19 00:48:49.418758+00,state,OK,14,1,2,,2026-07-19 00:48:58.323294+00
6772,2026-07-19 00:48:49.418758+00,scan,OK,4455,5,1,"{""signals_found"": 1, ""symbols_scanned"": 5}",2026-07-19 00:48:58.278456+00
6771,2026-07-19 00:48:49.418758+00,cleanup,OK,3,0,0,"{""expired"": 0}",2026-07-19 00:48:53.802891+00
6770,2026-07-19 00:48:49.418758+00,unknown,OK,4240,0,0,"{""closed"": 0}",2026-07-19 00:48:49.552997+00
6769,2026-07-19 00:48:49.418758+00,pre_flight,OK,84,0,0,,2026-07-19 00:48:49.465655+00
6768,2026-07-19 00:43:39.359502+00,invariants,OK,5,0,0,,2026-07-19 00:43:49.35469+00
6767,2026-07-19 00:43:39.359502+00,snapshot,OK,0,1,1,,2026-07-19 00:43:49.347256+00
6766,2026-07-19 00:43:39.359502+00,upsert,OK,0,0,0,,2026-07-19 00:43:49.33704+00
6765,2026-07-19 00:43:39.359502+00,gate,OK,0,1,0,"{""rejected_by_corr"": 1}",2026-07-19 00:43:49.334201+00
6764,2026-07-19 00:43:39.359502+00,rank,OK,13,1,1,,2026-07-19 00:43:49.311297+00
6763,2026-07-19 00:43:39.359502+00,state,OK,13,1,1,,2026-07-19 00:43:49.299262+00
6762,2026-07-19 00:43:39.359502+00,scan,OK,5518,5,1,"{""signals_found"": 1, ""symbols_scanned"": 5}",2026-07-19 00:43:49.254939+00
6761,2026-07-19 00:43:39.359502+00,cleanup,OK,4,0,0,"{""expired"": 0}",2026-07-19 00:43:43.714441+00
6760,2026-07-19 00:43:39.359502+00,unknown,OK,4207,0,0,"{""closed"": 0}",2026-07-19 00:43:39.497491+00
6759,2026-07-19 00:43:39.359502+00,pre_flight,OK,89,0,0,,2026-07-19 00:43:39.405738+00
6758,2026-07-19 00:38:29.512123+00,invariants,OK,5,0,0,,2026-07-19 00:38:39.292269+00
6757,2026-07-19 00:38:29.512123+00,snapshot,OK,0,1,1,,2026-07-19 00:38:39.284475+00
6756,2026-07-19 00:38:29.512123+00,upsert,OK,0,0,0,,2026-07-19 00:38:39.274501+00
6755,2026-07-19 00:38:29.512123+00,gate,OK,0,1,0,"{""rejected_by_corr"": 1}",2026-07-19 00:38:39.271652+00
6754,2026-07-19 00:38:29.512123+00,rank,OK,11,1,1,,2026-07-19 00:38:39.251406+00
6753,2026-07-19 00:38:29.512123+00,state,OK,10,1,1,,2026-07-19 00:38:39.241867+00
6752,2026-07-19 00:38:29.512123+00,scan,OK,5503,5,1,"{""signals_found"": 1, ""symbols_scanned"": 5}",2026-07-19 00:38:39.206903+00
6751,2026-07-19 00:38:29.512123+00,cleanup,OK,5,0,0,"{""expired"": 0}",2026-07-19 00:38:33.67893+00
6750,2026-07-19 00:38:29.512123+00,unknown,OK,4017,0,0,"{""closed"": 0}",2026-07-19 00:38:29.651559+00
6749,2026-07-19 00:38:29.512123+00,pre_flight,OK,87,0,0,,2026-07-19 00:38:29.563972+00
6748,2026-07-19 00:33:19.876225+00,invariants,OK,6,0,0,,2026-07-19 00:33:29.435466+00
6747,2026-07-19 00:33:19.876225+00,snapshot,OK,0,1,1,,2026-07-19 00:33:29.426679+00
6746,2026-07-19 00:33:19.876225+00,upsert,OK,0,0,0,,2026-07-19 00:33:29.413501+00
6745,2026-07-19 00:33:19.876225+00,gate,OK,0,1,0,"{""rejected_by_corr"": 1}",2026-07-19 00:33:29.410808+00
6744,2026-07-19 00:33:19.876225+00,rank,OK,11,1,1,,2026-07-19 00:33:29.389577+00
6743,2026-07-19 00:33:19.876225+00,state,OK,12,1,1,,2026-07-19 00:33:29.379786+00
6742,2026-07-19 00:33:19.876225+00,scan,OK,4853,5,1,"{""signals_found"": 1, ""symbols_scanned"": 5}",2026-07-19 00:33:29.343806+00
6741,2026-07-19 00:33:19.876225+00,cleanup,OK,4,0,0,"{""expired"": 0}",2026-07-19 00:33:24.468903+00
6740,2026-07-19 00:33:19.876225+00,unknown,OK,4448,0,0,"{""closed"": 0}",2026-07-19 00:33:20.01145+00
6739,2026-07-19 00:33:19.876225+00,pre_flight,OK,84,0,0,,2026-07-19 00:33:19.92369+00
6738,2026-07-19 00:28:09.483769+00,invariants,OK,5,0,0,,2026-07-19 00:28:19.804865+00
6737,2026-07-19 00:28:09.483769+00,snapshot,OK,0,1,1,,2026-07-19 00:28:19.794729+00
6736,2026-07-19 00:28:09.483769+00,upsert,OK,0,0,0,,2026-07-19 00:28:19.779312+00
6735,2026-07-19 00:28:09.483769+00,gate,OK,0,1,0,"{""rejected_by_corr"": 1}",2026-07-19 00:28:19.773984+00
6734,2026-07-19 00:28:09.483769+00,rank,OK,13,1,1,,2026-07-19 00:28:19.743697+00
6733,2026-07-19 00:28:09.483769+00,state,OK,16,1,1,,2026-07-19 00:28:19.731221+00
6732,2026-07-19 00:28:09.483769+00,scan,OK,5702,5,1,"{""signals_found"": 1, ""symbols_scanned"": 5}",2026-07-19 00:28:19.678745+00
6731,2026-07-19 00:28:09.483769+00,cleanup,OK,4,0,0,"{""expired"": 0}",2026-07-19 00:28:13.9555+00
6730,2026-07-19 00:28:09.483769+00,unknown,OK,4329,0,0,"{""closed"": 0}",2026-07-19 00:28:09.616642+00
6729,2026-07-19 00:28:09.483769+00,pre_flight,OK,85,0,0,,2026-07-19 00:28:09.530706+00
6728,2026-07-19 00:22:59.495896+00,invariants,OK,6,0,0,,2026-07-19 00:23:09.422099+00
6727,2026-07-19 00:22:59.495896+00,snapshot,OK,0,1,1,,2026-07-19 00:23:09.414243+00
6726,2026-07-19 00:22:59.495896+00,upsert,OK,0,0,0,,2026-07-19 00:23:09.403332+00
6725,2026-07-19 00:22:59.495896+00,gate,OK,0,2,0,"{""rejected_by_corr"": 2}",2026-07-19 00:23:09.400599+00
6724,2026-07-19 00:22:59.495896+00,rank,OK,12,2,2,,2026-07-19 00:23:09.372195+00
6723,2026-07-19 00:22:59.495896+00,state,OK,33,3,2,,2026-07-19 00:23:09.362739+00
6722,2026-07-19 00:22:59.495896+00,scan,OK,5363,5,3,"{""signals_found"": 3, ""symbols_scanned"": 5}",2026-07-19 00:23:09.281324+00
6721,2026-07-19 00:22:59.495896+00,cleanup,OK,4,0,0,"{""expired"": 0}",2026-07-19 00:23:03.894516+00
6720,2026-07-19 00:22:59.495896+00,unknown,OK,4251,0,0,"{""closed"": 0}",2026-07-19 00:22:59.633456+00
6719,2026-07-19 00:22:59.495896+00,pre_flight,OK,89,0,0,,2026-07-19 00:22:59.542444+00
6718,2026-07-19 00:17:49.434695+00,invariants,OK,6,0,0,,2026-07-19 00:17:59.433416+00
6717,2026-07-19 00:17:49.434695+00,snapshot,OK,0,1,1,,2026-07-19 00:17:59.423374+00
6716,2026-07-19 00:17:49.434695+00,upsert,OK,0,0,0,,2026-07-19 00:17:59.410459+00
6715,2026-07-19 00:17:49.434695+00,gate,OK,0,2,0,"{""rejected_by_corr"": 2}",2026-07-19 00:17:59.406223+00
6714,2026-07-19 00:17:49.434695+00,rank,OK,12,2,2,,2026-07-19 00:17:59.371398+00
6713,2026-07-19 00:17:49.434695+00,state,OK,36,3,2,,2026-07-19 00:17:59.360251+00
6712,2026-07-19 00:17:49.434695+00,scan,OK,5469,5,3,"{""signals_found"": 3, ""symbols_scanned"": 5}",2026-07-19 00:17:59.281176+00
6711,2026-07-19 00:17:49.434695+00,cleanup,OK,4,0,0,"{""expired"": 0}",2026-07-19 00:17:53.79127+00
6710,2026-07-19 00:17:49.434695+00,unknown,OK,4199,0,0,"{""closed"": 0}",2026-07-19 00:17:49.582489+00
6709,2026-07-19 00:17:49.434695+00,pre_flight,OK,98,0,0,,2026-07-19 00:17:49.482003+00
6708,2026-07-19 00:12:40.186229+00,invariants,OK,6,0,0,,2026-07-19 00:12:49.363742+00
6707,2026-07-19 00:12:40.186229+00,snapshot,OK,0,1,1,,2026-07-19 00:12:49.354676+00
6706,2026-07-19 00:12:40.186229+00,upsert,OK,0,0,0,,2026-07-19 00:12:49.340735+00
6705,2026-07-19 00:12:40.186229+00,gate,OK,0,2,0,"{""rejected_by_corr"": 2}",2026-07-19 00:12:49.336402+00
6704,2026-07-19 00:12:40.186229+00,rank,OK,11,2,2,,2026-07-19 00:12:49.302396+00
6703,2026-07-19 00:12:40.186229+00,state,OK,37,3,2,,2026-07-19 00:12:49.291147+00
6702,2026-07-19 00:12:40.186229+00,scan,OK,4735,5,3,"{""signals_found"": 3, ""symbols_scanned"": 5}",2026-07-19 00:12:49.212719+00
6701,2026-07-19 00:12:40.186229+00,cleanup,OK,4,0,0,"{""expired"": 0}",2026-07-19 00:12:44.456603+00
6700,2026-07-19 00:12:40.186229+00,unknown,OK,4131,0,0,"{""closed"": 0}",2026-07-19 00:12:40.316734+00
6699,2026-07-19 00:12:40.186229+00,pre_flight,OK,83,0,0,,2026-07-19 00:12:40.232946+00
6698,2026-07-19 00:07:29.998421+00,invariants,OK,7,0,0,,2026-07-19 00:07:40.111286+00
6697,2026-07-19 00:07:29.998421+00,snapshot,OK,0,1,1,,2026-07-19 00:07:40.10249+00
6696,2026-07-19 00:07:29.998421+00,upsert,OK,0,0,0,,2026-07-19 00:07:40.089621+00
6695,2026-07-19 00:07:29.998421+00,gate,OK,0,2,0,"{""rejected_by_corr"": 2}",2026-07-19 00:07:40.085754+00
6694,2026-07-19 00:07:29.998421+00,rank,OK,12,2,2,,2026-07-19 00:07:40.052932+00
6693,2026-07-19 00:07:29.998421+00,state,OK,33,3,2,,2026-07-19 00:07:40.041295+00
6692,2026-07-19 00:07:29.998421+00,scan,OK,5452,5,3,"{""signals_found"": 3, ""symbols_scanned"": 5}",2026-07-19 00:07:39.963271+00
6691,2026-07-19 00:07:29.998421+00,cleanup,OK,3,0,0,"{""expired"": 0}",2026-07-19 00:07:34.49272+00
6690,2026-07-19 00:07:29.998421+00,unknown,OK,4351,0,0,"{""closed"": 0}",2026-07-19 00:07:30.133331+00
6689,2026-07-19 00:07:29.998421+00,pre_flight,OK,83,0,0,,2026-07-19 00:07:30.049214+00
6688,2026-07-19 00:02:20.508726+00,invariants,OK,5,0,0,,2026-07-19 00:02:29.937092+00
6687,2026-07-19 00:02:20.508726+00,snapshot,OK,0,1,1,,2026-07-19 00:02:29.928845+00
6686,2026-07-19 00:02:20.508726+00,upsert,OK,0,0,0,,2026-07-19 00:02:29.917155+00
6685,2026-07-19 00:02:20.508726+00,gate,OK,0,2,0,"{""rejected_by_corr"": 2}",2026-07-19 00:02:29.910963+00
6684,2026-07-19 00:02:20.508726+00,rank,OK,13,3,2,,2026-07-19 00:02:29.878212+00
6683,2026-07-19 00:02:20.508726+00,state,OK,11,1,3,,2026-07-19 00:02:29.868016+00
6682,2026-07-19 00:02:20.508726+00,scan,OK,4810,5,1,"{""signals_found"": 1, ""symbols_scanned"": 5}",2026-07-19 00:02:29.832575+00
6681,2026-07-19 00:02:20.508726+00,cleanup,OK,4,0,0,"{""expired"": 0}",2026-07-19 00:02:25.000511+00
6680,2026-07-19 00:02:20.508726+00,unknown,OK,4352,0,0,"{""closed"": 0}",2026-07-19 00:02:20.638942+00
6679,2026-07-19 00:02:20.508726+00,pre_flight,OK,83,0,0,,2026-07-19 00:02:20.555611+00
6678,2026-07-18 23:57:11.746919+00,invariants,OK,4,0,0,,2026-07-18 23:57:20.455088+00
6677,2026-07-18 23:57:11.746919+00,snapshot,OK,0,1,1,,2026-07-18 23:57:20.44514+00
6676,2026-07-18 23:57:11.746919+00,upsert,OK,0,0,0,,2026-07-18 23:57:20.431074+00
6675,2026-07-18 23:57:11.746919+00,gate,OK,0,2,0,"{""rejected_by_corr"": 2}",2026-07-18 23:57:20.426139+00
6674,2026-07-18 23:57:11.746919+00,rank,OK,9,3,2,,2026-07-18 23:57:20.390449+00
6673,2026-07-18 23:57:11.746919+00,state,OK,14,1,3,,2026-07-18 23:57:20.380743+00
6672,2026-07-18 23:57:11.746919+00,scan,OK,4273,5,1,"{""signals_found"": 1, ""symbols_scanned"": 5}",2026-07-18 23:57:20.336108+00
6671,2026-07-18 23:57:11.746919+00,cleanup,OK,5,0,0,"{""expired"": 0}",2026-07-18 23:57:16.039568+00
6670,2026-07-18 23:57:11.746919+00,unknown,OK,4110,0,0,"{""closed"": 0}",2026-07-18 23:57:11.916853+00
6669,2026-07-18 23:57:11.746919+00,pre_flight,OK,112,0,0,,2026-07-18 23:57:11.799462+00
6668,2026-07-18 23:52:02.66336+00,invariants,OK,6,0,0,,2026-07-18 23:52:11.682761+00
6667,2026-07-18 23:52:02.66336+00,snapshot,OK,0,1,1,,2026-07-18 23:52:11.67498+00
6666,2026-07-18 23:52:02.66336+00,upsert,OK,0,0,0,,2026-07-18 23:52:11.664161+00
6665,2026-07-18 23:52:02.66336+00,gate,OK,0,2,0,"{""rejected_by_corr"": 2}",2026-07-18 23:52:11.661469+00
6664,2026-07-18 23:52:02.66336+00,rank,OK,13,3,2,,2026-07-18 23:52:11.63234+00
6663,2026-07-18 23:52:02.66336+00,state,OK,11,1,3,,2026-07-18 23:52:11.622754+00
6662,2026-07-18 23:52:02.66336+00,scan,OK,4797,5,1,"{""signals_found"": 1, ""symbols_scanned"": 5}",2026-07-18 23:52:11.586193+00
6661,2026-07-18 23:52:02.66336+00,cleanup,OK,6,0,0,"{""expired"": 0}",2026-07-18 23:52:06.765415+00
6660,2026-07-18 23:52:02.66336+00,unknown,OK,3953,0,0,"{""closed"": 0}",2026-07-18 23:52:02.797663+00
6659,2026-07-18 23:52:02.66336+00,pre_flight,OK,83,0,0,,2026-07-18 23:52:02.711292+00
6658,2026-07-18 23:46:53.417643+00,invariants,OK,6,0,0,,2026-07-18 23:47:02.591541+00
6657,2026-07-18 23:46:53.417643+00,snapshot,OK,0,1,1,,2026-07-18 23:47:02.576386+00
6656,2026-07-18 23:46:53.417643+00,upsert,OK,0,0,0,,2026-07-18 23:47:02.56559+00
6655,2026-07-18 23:46:53.417643+00,gate,OK,0,2,0,"{""rejected_by_corr"": 2}",2026-07-18 23:47:02.561985+00
6654,2026-07-18 23:46:53.417643+00,rank,OK,14,3,2,,2026-07-18 23:47:02.522686+00
6653,2026-07-18 23:46:53.417643+00,state,OK,15,1,3,,2026-07-18 23:47:02.511641+00
6652,2026-07-18 23:46:53.417643+00,scan,OK,4572,5,1,"{""signals_found"": 1, ""symbols_scanned"": 5}",2026-07-18 23:47:02.466822+00
6651,2026-07-18 23:46:53.417643+00,cleanup,OK,5,0,0,"{""expired"": 0}",2026-07-18 23:46:57.872643+00
6650,2026-07-18 23:46:53.417643+00,unknown,OK,4280,0,0,"{""closed"": 0}",2026-07-18 23:46:53.582278+00
6649,2026-07-18 23:46:53.417643+00,pre_flight,OK,115,0,0,,2026-07-18 23:46:53.465436+00
6648,2026-07-18 23:41:42.418943+00,invariants,OK,5,0,0,,2026-07-18 23:41:53.354534+00
6647,2026-07-18 23:41:42.418943+00,snapshot,OK,0,1,1,,2026-07-18 23:41:53.345387+00
6646,2026-07-18 23:41:42.418943+00,upsert,OK,0,0,0,,2026-07-18 23:41:53.331809+00
6645,2026-07-18 23:41:42.418943+00,gate,OK,0,2,0,"{""rejected_by_corr"": 2}",2026-07-18 23:41:53.327179+00
6644,2026-07-18 23:41:42.418943+00,rank,OK,11,3,2,,2026-07-18 23:41:53.291549+00
6643,2026-07-18 23:41:42.418943+00,state,OK,14,1,3,,2026-07-18 23:41:53.281002+00
6642,2026-07-18 23:41:42.418943+00,scan,OK,6183,5,1,"{""signals_found"": 1, ""symbols_scanned"": 5}",2026-07-18 23:41:53.234576+00
6641,2026-07-18 23:41:42.418943+00,cleanup,OK,4,0,0,"{""expired"": 0}",2026-07-18 23:41:47.029848+00
6640,2026-07-18 23:41:42.418943+00,unknown,OK,4491,0,0,"{""closed"": 0}",2026-07-18 23:41:42.528923+00
6639,2026-07-18 23:41:42.418943+00,pre_flight,OK,71,0,0,,2026-07-18 23:41:42.455716+00
6638,2026-07-18 23:36:32.547075+00,invariants,OK,6,0,0,,2026-07-18 23:36:42.350774+00
6637,2026-07-18 23:36:32.547075+00,snapshot,OK,0,1,1,,2026-07-18 23:36:42.340756+00
6636,2026-07-18 23:36:32.547075+00,upsert,OK,0,0,0,,2026-07-18 23:36:42.32636+00
6635,2026-07-18 23:36:32.547075+00,gate,OK,0,2,0,"{""rejected_by_corr"": 2}",2026-07-18 23:36:42.32163+00
6634,2026-07-18 23:36:32.547075+00,rank,OK,12,3,2,,2026-07-18 23:36:42.284699+00
6633,2026-07-18 23:36:32.547075+00,state,OK,15,1,3,,2026-07-18 23:36:42.273132+00
6632,2026-07-18 23:36:32.547075+00,scan,OK,5201,5,1,"{""signals_found"": 1, ""symbols_scanned"": 5}",2026-07-18 23:36:42.223645+00
6631,2026-07-18 23:36:32.547075+00,cleanup,OK,4,0,0,"{""expired"": 0}",2026-07-18 23:36:36.997911+00
6630,2026-07-18 23:36:32.547075+00,unknown,OK,4306,0,0,"{""closed"": 0}",2026-07-18 23:36:32.68013+00
6629,2026-07-18 23:36:32.547075+00,pre_flight,OK,84,0,0,,2026-07-18 23:36:32.593931+00
6628,2026-07-18 23:31:22.783753+00,invariants,OK,6,0,0,,2026-07-18 23:31:32.475031+00
6627,2026-07-18 23:31:22.783753+00,snapshot,OK,0,1,1,,2026-07-18 23:31:32.465632+00
6626,2026-07-18 23:31:22.783753+00,upsert,OK,0,0,0,,2026-07-18 23:31:32.453762+00
6625,2026-07-18 23:31:22.783753+00,gate,OK,0,2,0,"{""rejected_by_corr"": 2}",2026-07-18 23:31:32.450015+00
6624,2026-07-18 23:31:22.783753+00,rank,OK,13,3,2,,2026-07-18 23:31:32.415703+00
6623,2026-07-18 23:31:22.783753+00,state,OK,13,1,3,,2026-07-18 23:31:32.404827+00
6622,2026-07-18 23:31:22.783753+00,scan,OK,4965,5,1,"{""signals_found"": 1, ""symbols_scanned"": 5}",2026-07-18 23:31:32.363754+00
6621,2026-07-18 23:31:22.783753+00,cleanup,OK,4,0,0,"{""expired"": 0}",2026-07-18 23:31:27.375789+00
6620,2026-07-18 23:31:22.783753+00,unknown,OK,4440,0,0,"{""closed"": 0}",2026-07-18 23:31:22.924648+00
6619,2026-07-18 23:31:22.783753+00,pre_flight,OK,91,0,0,,2026-07-18 23:31:22.830601+00
6618,2026-07-18 23:26:12.719877+00,invariants,OK,4,0,0,,2026-07-18 23:26:22.728124+00
6617,2026-07-18 23:26:12.719877+00,snapshot,OK,0,1,1,,2026-07-18 23:26:22.719851+00
6616,2026-07-18 23:26:12.719877+00,upsert,OK,0,0,0,,2026-07-18 23:26:22.707914+00
6615,2026-07-18 23:26:12.719877+00,gate,OK,0,2,0,"{""rejected_by_corr"": 2}",2026-07-18 23:26:22.703933+00
6614,2026-07-18 23:26:12.719877+00,rank,OK,9,3,2,,2026-07-18 23:26:22.672201+00
6613,2026-07-18 23:26:12.719877+00,state,OK,12,1,3,,2026-07-18 23:26:22.662446+00
6612,2026-07-18 23:26:12.719877+00,scan,OK,5251,5,1,"{""signals_found"": 1, ""symbols_scanned"": 5}",2026-07-18 23:26:22.624724+00
6611,2026-07-18 23:26:12.719877+00,cleanup,OK,4,0,0,"{""expired"": 0}",2026-07-18 23:26:17.351512+00
6610,2026-07-18 23:26:12.719877+00,unknown,OK,4491,0,0,"{""closed"": 0}",2026-07-18 23:26:12.851927+00
6609,2026-07-18 23:26:12.719877+00,pre_flight,OK,82,0,0,,2026-07-18 23:26:12.766848+00
6608,2026-07-18 23:21:03.111687+00,invariants,OK,4,0,0,,2026-07-18 23:21:12.667735+00
6607,2026-07-18 23:21:03.111687+00,snapshot,OK,0,1,1,,2026-07-18 23:21:12.65934+00
6606,2026-07-18 23:21:03.111687+00,upsert,OK,0,0,0,,2026-07-18 23:21:12.648421+00
6605,2026-07-18 23:21:03.111687+00,gate,OK,0,2,0,"{""rejected_by_corr"": 2}",2026-07-18 23:21:12.644796+00
6604,2026-07-18 23:21:03.111687+00,rank,OK,10,3,2,,2026-07-18 23:21:12.615363+00
6603,2026-07-18 23:21:03.111687+00,state,OK,43,4,3,,2026-07-18 23:21:12.606009+00
6602,2026-07-18 23:21:03.111687+00,scan,OK,5091,5,4,"{""signals_found"": 4, ""symbols_scanned"": 5}",2026-07-18 23:21:12.517793+00
6601,2026-07-18 23:21:03.111687+00,cleanup,OK,4,0,0,"{""expired"": 0}",2026-07-18 23:21:07.403486+00
6600,2026-07-18 23:21:03.111687+00,unknown,OK,4145,0,0,"{""closed"": 0}",2026-07-18 23:21:03.247466+00
6599,2026-07-18 23:21:03.111687+00,pre_flight,OK,85,0,0,,2026-07-18 23:21:03.159013+00
6598,2026-07-18 23:15:53.25669+00,invariants,OK,5,0,0,,2026-07-18 23:16:03.044953+00
6597,2026-07-18 23:15:53.25669+00,snapshot,OK,0,1,1,,2026-07-18 23:16:03.034197+00
6596,2026-07-18 23:15:53.25669+00,upsert,OK,0,0,0,,2026-07-18 23:16:03.018529+00
6595,2026-07-18 23:15:53.25669+00,gate,OK,0,2,0,"{""rejected_by_corr"": 2}",2026-07-18 23:16:03.012948+00
6594,2026-07-18 23:15:53.25669+00,rank,OK,14,3,2,,2026-07-18 23:16:02.970577+00
6593,2026-07-18 23:15:53.25669+00,state,OK,46,4,3,,2026-07-18 23:16:02.958001+00
6592,2026-07-18 23:15:53.25669+00,scan,OK,5347,5,4,"{""signals_found"": 4, ""symbols_scanned"": 5}",2026-07-18 23:16:02.864562+00
6591,2026-07-18 23:15:53.25669+00,cleanup,OK,4,0,0,"{""expired"": 0}",2026-07-18 23:15:57.497551+00
6590,2026-07-18 23:15:53.25669+00,unknown,OK,4111,0,0,"{""closed"": 0}",2026-07-18 23:15:53.378418+00
6589,2026-07-18 23:15:53.25669+00,pre_flight,OK,73,0,0,,2026-07-18 23:15:53.304214+00
6588,2026-07-18 23:10:44.329014+00,invariants,OK,6,0,0,,2026-07-18 23:10:53.187749+00
6587,2026-07-18 23:10:44.329014+00,snapshot,OK,0,1,1,,2026-07-18 23:10:53.177829+00
6586,2026-07-18 23:10:44.329014+00,upsert,OK,0,0,0,,2026-07-18 23:10:53.164385+00
6585,2026-07-18 23:10:44.329014+00,gate,OK,0,2,0,"{""rejected_by_corr"": 2}",2026-07-18 23:10:53.16023+00
6584,2026-07-18 23:10:44.329014+00,rank,OK,13,3,2,,2026-07-18 23:10:53.123539+00
6583,2026-07-18 23:10:44.329014+00,state,OK,38,4,3,,2026-07-18 23:10:53.111687+00
6582,2026-07-18 23:10:44.329014+00,scan,OK,5226,5,4,"{""signals_found"": 4, ""symbols_scanned"": 5}",2026-07-18 23:10:53.023591+00
6581,2026-07-18 23:10:44.329014+00,cleanup,OK,3,0,0,"{""expired"": 0}",2026-07-18 23:10:47.779908+00
6580,2026-07-18 23:10:44.329014+00,unknown,OK,3303,0,0,"{""closed"": 0}",2026-07-18 23:10:44.468161+00
6579,2026-07-18 23:10:44.329014+00,pre_flight,OK,89,0,0,,2026-07-18 23:10:44.376397+00
6578,2026-07-18 23:05:36.273675+00,invariants,OK,5,0,0,,2026-07-18 23:05:44.262184+00
6577,2026-07-18 23:05:36.273675+00,snapshot,OK,0,1,1,,2026-07-18 23:05:44.253043+00
6576,2026-07-18 23:05:36.273675+00,upsert,OK,0,0,0,,2026-07-18 23:05:44.239008+00
6575,2026-07-18 23:05:36.273675+00,gate,OK,0,2,0,"{""rejected_by_corr"": 2}",2026-07-18 23:05:44.235229+00
6574,2026-07-18 23:05:36.273675+00,rank,OK,10,3,2,,2026-07-18 23:05:44.205208+00
6573,2026-07-18 23:05:36.273675+00,state,OK,42,4,3,,2026-07-18 23:05:44.196525+00
6572,2026-07-18 23:05:36.273675+00,scan,OK,4250,5,4,"{""signals_found"": 4, ""symbols_scanned"": 5}",2026-07-18 23:05:44.10763+00
6571,2026-07-18 23:05:36.273675+00,cleanup,OK,3,0,0,"{""expired"": 0}",2026-07-18 23:05:39.839358+00
6570,2026-07-18 23:05:36.273675+00,unknown,OK,3409,0,0,"{""closed"": 0}",2026-07-18 23:05:36.422148+00
6569,2026-07-18 23:05:36.273675+00,pre_flight,OK,92,0,0,,2026-07-18 23:05:36.329764+00
6568,2026-07-18 23:00:26.830142+00,invariants,OK,6,0,0,,2026-07-18 23:00:36.219121+00
6567,2026-07-18 23:00:26.830142+00,snapshot,OK,0,1,1,,2026-07-18 23:00:36.203625+00
6566,2026-07-18 23:00:26.830142+00,upsert,OK,0,0,0,,2026-07-18 23:00:36.193411+00
6565,2026-07-18 23:00:26.830142+00,gate,OK,0,4,0,"{""rejected_by_corr"": 4}",2026-07-18 23:00:36.190613+00
6564,2026-07-18 23:00:26.830142+00,rank,OK,12,4,4,,2026-07-18 23:00:36.149208+00
6563,2026-07-18 23:00:26.830142+00,state,OK,10,1,4,,2026-07-18 23:00:36.138399+00
6562,2026-07-18 23:00:26.830142+00,scan,OK,4855,5,1,"{""signals_found"": 1, ""symbols_scanned"": 5}",2026-07-18 23:00:36.100101+00
6561,2026-07-18 23:00:26.830142+00,cleanup,OK,5,0,0,"{""expired"": 0}",2026-07-18 23:00:31.22638+00
6560,2026-07-18 23:00:26.830142+00,unknown,OK,4257,0,0,"{""closed"": 0}",2026-07-18 23:00:26.959323+00
6559,2026-07-18 23:00:26.830142+00,pre_flight,OK,82,0,0,,2026-07-18 23:00:26.876315+00
6558,2026-07-18 22:55:16.553044+00,invariants,OK,5,0,0,,2026-07-18 22:55:26.762045+00
6557,2026-07-18 22:55:16.553044+00,snapshot,OK,0,1,1,,2026-07-18 22:55:26.754024+00
6556,2026-07-18 22:55:16.553044+00,upsert,OK,0,0,0,,2026-07-18 22:55:26.744067+00
6555,2026-07-18 22:55:16.553044+00,gate,OK,0,4,0,"{""rejected_by_corr"": 4}",2026-07-18 22:55:26.740141+00
6554,2026-07-18 22:55:16.553044+00,rank,OK,18,4,4,,2026-07-18 22:55:26.682376+00
6553,2026-07-18 22:55:16.553044+00,state,OK,15,1,4,,2026-07-18 22:55:26.668787+00
6552,2026-07-18 22:55:16.553044+00,scan,OK,5479,5,1,"{""signals_found"": 1, ""symbols_scanned"": 5}",2026-07-18 22:55:26.624374+00
6551,2026-07-18 22:55:16.553044+00,cleanup,OK,5,0,0,"{""expired"": 0}",2026-07-18 22:55:21.11921+00
6550,2026-07-18 22:55:16.553044+00,unknown,OK,4422,0,0,"{""closed"": 0}",2026-07-18 22:55:16.686812+00
6549,2026-07-18 22:55:16.553044+00,pre_flight,OK,83,0,0,,2026-07-18 22:55:16.600633+00
6548,2026-07-18 22:50:06.2465+00,invariants,OK,5,0,0,,2026-07-18 22:50:16.478617+00
6547,2026-07-18 22:50:06.2465+00,snapshot,OK,0,1,1,,2026-07-18 22:50:16.467748+00
6546,2026-07-18 22:50:06.2465+00,upsert,OK,0,0,0,,2026-07-18 22:50:16.456428+00
6545,2026-07-18 22:50:06.2465+00,gate,OK,0,4,0,"{""rejected_by_corr"": 4}",2026-07-18 22:50:16.452698+00
6544,2026-07-18 22:50:06.2465+00,rank,OK,13,4,4,,2026-07-18 22:50:16.403269+00
6543,2026-07-18 22:50:06.2465+00,state,OK,13,1,4,,2026-07-18 22:50:16.392298+00
6542,2026-07-18 22:50:06.2465+00,scan,OK,5599,5,1,"{""signals_found"": 1, ""symbols_scanned"": 5}",2026-07-18 22:50:15.185743+00
6541,2026-07-18 22:50:06.2465+00,cleanup,OK,4,0,0,"{""expired"": 0}",2026-07-18 22:50:09.566164+00
6540,2026-07-18 22:50:06.2465+00,unknown,OK,3183,0,0,"{""closed"": 0}",2026-07-18 22:50:06.374431+00
6539,2026-07-18 22:50:06.2465+00,pre_flight,OK,77,0,0,,2026-07-18 22:50:06.296364+00
6538,2026-07-18 22:44:56.924589+00,invariants,OK,6,0,0,,2026-07-18 22:45:06.177181+00
6537,2026-07-18 22:44:56.924589+00,snapshot,OK,0,1,1,,2026-07-18 22:45:06.167865+00
6536,2026-07-18 22:44:56.924589+00,upsert,OK,12,1,1,,2026-07-18 22:45:06.145686+00
6535,2026-07-18 22:44:56.924589+00,gate,OK,0,4,1,"{""rejected_by_corr"": 3}",2026-07-18 22:45:06.128617+00
6534,2026-07-18 22:44:56.924589+00,rank,OK,15,4,4,,2026-07-18 22:45:06.062167+00
6533,2026-07-18 22:44:56.924589+00,state,OK,12,1,4,,2026-07-18 22:45:06.051392+00
6532,2026-07-18 22:44:56.924589+00,scan,OK,5647,5,1,"{""signals_found"": 1, ""symbols_scanned"": 5}",2026-07-18 22:45:06.009899+00
6531,2026-07-18 22:44:56.924589+00,cleanup,OK,4,0,0,"{""expired"": 0}",2026-07-18 22:45:00.332905+00
6530,2026-07-18 22:44:56.924589+00,unknown,OK,3271,0,0,"{""closed"": 0}",2026-07-18 22:44:57.051919+00
6529,2026-07-18 22:44:56.924589+00,pre_flight,OK,79,0,0,,2026-07-18 22:44:56.971531+00
6528,2026-07-18 22:39:47.836013+00,invariants,OK,5,0,0,,2026-07-18 22:39:56.858588+00
6527,2026-07-18 22:39:47.836013+00,snapshot,OK,0,1,1,,2026-07-18 22:39:56.848468+00
6526,2026-07-18 22:39:47.836013+00,upsert,OK,0,0,0,,2026-07-18 22:39:56.835243+00
6525,2026-07-18 22:39:47.836013+00,gate,OK,0,4,0,"{""rejected_by_corr"": 4}",2026-07-18 22:39:56.830848+00
6524,2026-07-18 22:39:47.836013+00,rank,OK,13,4,4,,2026-07-18 22:39:56.786297+00
6523,2026-07-18 22:39:47.836013+00,state,OK,19,2,4,,2026-07-18 22:39:56.776376+00
6522,2026-07-18 22:39:47.836013+00,scan,OK,5490,5,2,"{""signals_found"": 2, ""symbols_scanned"": 5}",2026-07-18 22:39:56.719243+00
6521,2026-07-18 22:39:47.836013+00,cleanup,OK,4,0,0,"{""expired"": 0}",2026-07-18 22:39:51.202844+00
6520,2026-07-18 22:39:47.836013+00,unknown,OK,3231,0,0,"{""closed"": 0}",2026-07-18 22:39:47.96099+00
6519,2026-07-18 22:39:47.836013+00,pre_flight,OK,76,0,0,,2026-07-18 22:39:47.882571+00
6518,2026-07-18 22:34:38.926197+00,invariants,OK,4,0,0,,2026-07-18 22:34:47.775824+00
6517,2026-07-18 22:34:38.926197+00,snapshot,OK,0,1,1,,2026-07-18 22:34:47.766385+00
6516,2026-07-18 22:34:38.926197+00,upsert,OK,0,0,0,,2026-07-18 22:34:47.752729+00
6515,2026-07-18 22:34:38.926197+00,gate,OK,0,4,0,"{""rejected_by_corr"": 4}",2026-07-18 22:34:47.747478+00
6514,2026-07-18 22:34:38.926197+00,rank,OK,9,4,4,,2026-07-18 22:34:47.694266+00
6513,2026-07-18 22:34:38.926197+00,state,OK,29,2,4,,2026-07-18 22:34:47.684028+00
6512,2026-07-18 22:34:38.926197+00,scan,OK,5328,5,2,"{""signals_found"": 2, ""symbols_scanned"": 5}",2026-07-18 22:34:47.618351+00
6511,2026-07-18 22:34:38.926197+00,cleanup,OK,4,0,0,"{""expired"": 0}",2026-07-18 22:34:42.261128+00
6510,2026-07-18 22:34:38.926197+00,unknown,OK,3193,0,0,"{""closed"": 0}",2026-07-18 22:34:39.057343+00
6509,2026-07-18 22:34:38.926197+00,pre_flight,OK,77,0,0,,2026-07-18 22:34:38.973423+00
6508,2026-07-18 22:29:30.057192+00,invariants,OK,5,0,0,,2026-07-18 22:29:38.857276+00
6507,2026-07-18 22:29:30.057192+00,snapshot,OK,0,1,1,,2026-07-18 22:29:38.849341+00
6506,2026-07-18 22:29:30.057192+00,upsert,OK,0,0,0,,2026-07-18 22:29:38.83918+00
6505,2026-07-18 22:29:30.057192+00,gate,OK,0,4,0,"{""rejected_by_corr"": 4}",2026-07-18 22:29:38.836481+00
6504,2026-07-18 22:29:30.057192+00,rank,OK,13,4,4,,2026-07-18 22:29:38.795272+00
6503,2026-07-18 22:29:30.057192+00,state,OK,19,2,4,,2026-07-18 22:29:38.785461+00
6502,2026-07-18 22:29:30.057192+00,scan,OK,5244,5,2,"{""signals_found"": 2, ""symbols_scanned"": 5}",2026-07-18 22:29:38.730809+00
6501,2026-07-18 22:29:30.057192+00,cleanup,OK,4,0,0,"{""expired"": 0}",2026-07-18 22:29:33.45916+00
6500,2026-07-18 22:29:30.057192+00,unknown,OK,3260,0,0,"{""closed"": 0}",2026-07-18 22:29:30.188903+00
6499,2026-07-18 22:29:30.057192+00,pre_flight,OK,83,0,0,,2026-07-18 22:29:30.103038+00
6498,2026-07-18 22:24:21.550513+00,invariants,OK,6,0,0,,2026-07-18 22:24:29.981396+00
6497,2026-07-18 22:24:21.550513+00,snapshot,OK,0,1,1,,2026-07-18 22:24:29.972503+00
6496,2026-07-18 22:24:21.550513+00,upsert,OK,0,0,0,,2026-07-18 22:24:29.960285+00
6495,2026-07-18 22:24:21.550513+00,gate,OK,0,4,0,"{""rejected_by_corr"": 4}",2026-07-18 22:24:29.956267+00
6494,2026-07-18 22:24:21.550513+00,rank,OK,15,4,4,,2026-07-18 22:24:29.903164+00
6493,2026-07-18 22:24:21.550513+00,state,OK,22,2,4,,2026-07-18 22:24:29.890991+00
6492,2026-07-18 22:24:21.550513+00,scan,OK,5327,5,2,"{""signals_found"": 2, ""symbols_scanned"": 5}",2026-07-18 22:24:29.829169+00
6491,2026-07-18 22:24:21.550513+00,cleanup,OK,3,0,0,"{""expired"": 0}",2026-07-18 22:24:24.482035+00
6490,2026-07-18 22:24:21.550513+00,unknown,OK,2796,0,0,"{""closed"": 0}",2026-07-18 22:24:21.678273+00
6489,2026-07-18 22:24:21.550513+00,pre_flight,OK,78,0,0,,2026-07-18 22:24:21.599027+00
6488,2026-07-18 22:19:11.703087+00,invariants,OK,7,0,0,,2026-07-18 22:19:21.47716+00
6487,2026-07-18 22:19:11.703087+00,snapshot,OK,0,1,1,,2026-07-18 22:19:21.462104+00
6486,2026-07-18 22:19:11.703087+00,upsert,OK,0,0,0,,2026-07-18 22:19:21.438567+00
6485,2026-07-18 22:19:11.703087+00,gate,OK,0,4,0,"{""rejected_by_corr"": 4}",2026-07-18 22:19:21.430872+00
6484,2026-07-18 22:19:11.703087+00,rank,OK,15,4,4,,2026-07-18 22:19:21.354043+00
6483,2026-07-18 22:19:11.703087+00,state,OK,42,3,4,,2026-07-18 22:19:21.340798+00
6482,2026-07-18 22:19:11.703087+00,scan,OK,5991,5,3,"{""signals_found"": 3, ""symbols_scanned"": 5}",2026-07-18 22:19:21.240563+00
6481,2026-07-18 22:19:11.703087+00,cleanup,OK,4,0,0,"{""expired"": 0}",2026-07-18 22:19:15.227391+00
6480,2026-07-18 22:19:11.703087+00,unknown,OK,3324,0,0,"{""closed"": 0}",2026-07-18 22:19:11.889024+00
6479,2026-07-18 22:19:11.703087+00,pre_flight,OK,109,0,0,,2026-07-18 22:19:11.770333+00
6478,2026-07-18 22:14:04.029455+00,invariants,OK,6,0,0,,2026-07-18 22:14:11.633616+00
6477,2026-07-18 22:14:04.029455+00,snapshot,OK,0,1,1,,2026-07-18 22:14:11.6243+00
6476,2026-07-18 22:14:04.029455+00,upsert,OK,0,0,0,,2026-07-18 22:14:11.610856+00
6475,2026-07-18 22:14:04.029455+00,gate,OK,0,4,0,"{""rejected_by_corr"": 4}",2026-07-18 22:14:11.606731+00
6474,2026-07-18 22:14:04.029455+00,rank,OK,13,4,4,,2026-07-18 22:14:11.549943+00
6473,2026-07-18 22:14:04.029455+00,state,OK,13,1,4,,2026-07-18 22:14:11.538937+00
6472,2026-07-18 22:14:04.029455+00,scan,OK,4460,5,1,"{""signals_found"": 1, ""symbols_scanned"": 5}",2026-07-18 22:14:11.498245+00
6471,2026-07-18 22:14:04.029455+00,cleanup,OK,3,0,0,"{""expired"": 0}",2026-07-18 22:14:07.020542+00
6470,2026-07-18 22:14:04.029455+00,unknown,OK,2854,0,0,"{""closed"": 0}",2026-07-18 22:14:04.159283+00
6469,2026-07-18 22:14:04.029455+00,pre_flight,OK,81,0,0,,2026-07-18 22:14:04.076386+00
6468,2026-07-18 22:08:55.092978+00,invariants,OK,4,0,0,,2026-07-18 22:09:03.972826+00
6467,2026-07-18 22:08:55.092978+00,snapshot,OK,0,1,1,,2026-07-18 22:09:03.964347+00
6466,2026-07-18 22:08:55.092978+00,upsert,OK,0,0,0,,2026-07-18 22:09:03.952479+00
6465,2026-07-18 22:08:55.092978+00,gate,OK,0,4,0,"{""rejected_by_corr"": 4}",2026-07-18 22:09:03.948461+00
6464,2026-07-18 22:08:55.092978+00,rank,OK,9,4,4,,2026-07-18 22:09:03.902458+00
6463,2026-07-18 22:08:55.092978+00,state,OK,12,1,4,,2026-07-18 22:09:03.893124+00
6462,2026-07-18 22:08:55.092978+00,scan,OK,5441,5,1,"{""signals_found"": 1, ""symbols_scanned"": 5}",2026-07-18 22:09:03.859653+00
6461,2026-07-18 22:08:55.092978+00,cleanup,OK,4,0,0,"{""expired"": 0}",2026-07-18 22:08:58.393288+00
6460,2026-07-18 22:08:55.092978+00,unknown,OK,3156,0,0,"{""closed"": 0}",2026-07-18 22:08:55.227461+00
6459,2026-07-18 22:08:55.092978+00,pre_flight,OK,83,0,0,,2026-07-18 22:08:55.142149+00
6458,2026-07-18 22:03:46.036136+00,invariants,OK,6,0,0,,2026-07-18 22:03:55.022191+00
6457,2026-07-18 22:03:46.036136+00,snapshot,OK,0,1,1,,2026-07-18 22:03:55.012029+00
6456,2026-07-18 22:03:46.036136+00,upsert,OK,0,0,0,,2026-07-18 22:03:54.997387+00
6455,2026-07-18 22:03:46.036136+00,gate,OK,0,4,0,"{""rejected_by_corr"": 4}",2026-07-18 22:03:54.991712+00
6454,2026-07-18 22:03:46.036136+00,rank,OK,13,4,4,,2026-07-18 22:03:54.931188+00
6453,2026-07-18 22:03:46.036136+00,state,OK,15,1,4,,2026-07-18 22:03:54.91938+00
6452,2026-07-18 22:03:46.036136+00,scan,OK,5424,5,1,"{""signals_found"": 1, ""symbols_scanned"": 5}",2026-07-18 22:03:54.870724+00
6451,2026-07-18 22:03:46.036136+00,cleanup,OK,4,0,0,"{""expired"": 0}",2026-07-18 22:03:49.423152+00
6450,2026-07-18 22:03:46.036136+00,unknown,OK,3243,0,0,"{""closed"": 0}",2026-07-18 22:03:46.168291+00
6449,2026-07-18 22:03:46.036136+00,pre_flight,OK,81,0,0,,2026-07-18 22:03:46.083704+00
6448,2026-07-18 21:58:37.047397+00,invariants,OK,4,0,0,,2026-07-18 21:58:45.977006+00
6447,2026-07-18 21:58:37.047397+00,snapshot,OK,0,1,1,,2026-07-18 21:58:45.969875+00
6446,2026-07-18 21:58:37.047397+00,upsert,OK,0,0,0,,2026-07-18 21:58:45.959066+00
6445,2026-07-18 21:58:37.047397+00,gate,OK,0,4,0,"{""rejected_by_corr"": 4}",2026-07-18 21:58:45.955549+00
6444,2026-07-18 21:58:37.047397+00,rank,OK,8,4,4,,2026-07-18 21:58:45.910363+00
6443,2026-07-18 21:58:37.047397+00,state,OK,0,0,4,,2026-07-18 21:58:45.900393+00
6442,2026-07-18 21:58:37.047397+00,scan,OK,5473,5,0,"{""signals_found"": 0, ""symbols_scanned"": 5}",2026-07-18 21:58:45.893715+00
6441,2026-07-18 21:58:37.047397+00,cleanup,OK,6,0,0,"{""expired"": 0}",2026-07-18 21:58:40.396549+00
6440,2026-07-18 21:58:37.047397+00,unknown,OK,3210,0,0,"{""closed"": 0}",2026-07-18 21:58:37.175299+00
6439,2026-07-18 21:58:37.047397+00,pre_flight,OK,79,0,0,,2026-07-18 21:58:37.094162+00
6438,2026-07-18 21:53:28.750786+00,invariants,OK,5,0,0,,2026-07-18 21:53:36.997902+00
6437,2026-07-18 21:53:28.750786+00,snapshot,OK,0,1,1,,2026-07-18 21:53:36.990998+00
6436,2026-07-18 21:53:28.750786+00,upsert,OK,0,0,0,,2026-07-18 21:53:36.982488+00
6435,2026-07-18 21:53:28.750786+00,gate,OK,0,4,0,"{""rejected_by_corr"": 4}",2026-07-18 21:53:36.97992+00
6434,2026-07-18 21:53:28.750786+00,rank,OK,9,4,4,,2026-07-18 21:53:36.945411+00
6433,2026-07-18 21:53:28.750786+00,state,OK,0,0,4,,2026-07-18 21:53:36.937311+00
6432,2026-07-18 21:53:28.750786+00,scan,OK,4936,5,0,"{""signals_found"": 0, ""symbols_scanned"": 5}",2026-07-18 21:53:36.932383+00
6431,2026-07-18 21:53:28.750786+00,cleanup,OK,2,0,0,"{""expired"": 0}",2026-07-18 21:53:31.9773+00
6430,2026-07-18 21:53:28.750786+00,unknown,OK,3087,0,0,"{""closed"": 0}",2026-07-18 21:53:28.882805+00
6429,2026-07-18 21:53:28.750786+00,pre_flight,OK,81,0,0,,2026-07-18 21:53:28.799016+00
6428,2026-07-18 21:48:19.888476+00,invariants,OK,7,0,0,,2026-07-18 21:48:28.676439+00
6427,2026-07-18 21:48:19.888476+00,snapshot,OK,0,1,1,,2026-07-18 21:48:28.664446+00
6426,2026-07-18 21:48:19.888476+00,upsert,OK,0,0,0,,2026-07-18 21:48:28.645738+00
6425,2026-07-18 21:48:19.888476+00,gate,OK,0,4,0,"{""rejected_by_corr"": 4}",2026-07-18 21:48:28.640531+00
6424,2026-07-18 21:48:19.888476+00,rank,OK,13,4,4,,2026-07-18 21:48:28.578863+00
6423,2026-07-18 21:48:19.888476+00,state,OK,0,0,4,,2026-07-18 21:48:28.566352+00
6422,2026-07-18 21:48:19.888476+00,scan,OK,5334,5,0,"{""signals_found"": 0, ""symbols_scanned"": 5}",2026-07-18 21:48:28.558286+00
6421,2026-07-18 21:48:19.888476+00,cleanup,OK,4,0,0,"{""expired"": 0}",2026-07-18 21:48:23.197722+00
6420,2026-07-18 21:48:19.888476+00,unknown,OK,3149,0,0,"{""closed"": 0}",2026-07-18 21:48:20.038327+00
6419,2026-07-18 21:48:19.888476+00,pre_flight,OK,95,0,0,,2026-07-18 21:48:19.942582+00
6418,2026-07-18 21:43:11.584078+00,invariants,OK,7,0,0,,2026-07-18 21:43:19.812463+00
6417,2026-07-18 21:43:11.584078+00,snapshot,OK,0,1,1,,2026-07-18 21:43:19.803896+00
6416,2026-07-18 21:43:11.584078+00,upsert,OK,0,0,0,,2026-07-18 21:43:19.793623+00
6415,2026-07-18 21:43:11.584078+00,gate,OK,0,4,0,"{""rejected_by_corr"": 4}",2026-07-18 21:43:19.790871+00
6414,2026-07-18 21:43:11.584078+00,rank,OK,16,4,4,,2026-07-18 21:43:19.739301+00
6413,2026-07-18 21:43:11.584078+00,state,OK,0,0,4,,2026-07-18 21:43:19.72409+00
6412,2026-07-18 21:43:11.584078+00,scan,OK,4798,5,0,"{""signals_found"": 0, ""symbols_scanned"": 5}",2026-07-18 21:43:19.718413+00
6411,2026-07-18 21:43:11.584078+00,cleanup,OK,5,0,0,"{""expired"": 0}",2026-07-18 21:43:14.89487+00
6410,2026-07-18 21:43:11.584078+00,unknown,OK,3176,0,0,"{""closed"": 0}",2026-07-18 21:43:11.708297+00
6409,2026-07-18 21:43:11.584078+00,pre_flight,OK,76,0,0,,2026-07-18 21:43:11.630669+00
6408,2026-07-18 21:38:02.968928+00,invariants,OK,6,0,0,,2026-07-18 21:38:11.511933+00
6407,2026-07-18 21:38:02.968928+00,snapshot,OK,0,1,1,,2026-07-18 21:38:11.50306+00
6406,2026-07-18 21:38:02.968928+00,upsert,OK,0,0,0,,2026-07-18 21:38:11.490819+00
6405,2026-07-18 21:38:02.968928+00,gate,OK,0,4,0,"{""rejected_by_corr"": 4}",2026-07-18 21:38:11.486783+00
6404,2026-07-18 21:38:02.968928+00,rank,OK,13,4,4,,2026-07-18 21:38:11.434864+00
6403,2026-07-18 21:38:02.968928+00,state,OK,0,0,4,,2026-07-18 21:38:11.42341+00
6402,2026-07-18 21:38:02.968928+00,scan,OK,5146,5,0,"{""signals_found"": 0, ""symbols_scanned"": 5}",2026-07-18 21:38:11.415731+00
6401,2026-07-18 21:38:02.968928+00,cleanup,OK,4,0,0,"{""expired"": 0}",2026-07-18 21:38:06.251019+00
6400,2026-07-18 21:38:02.968928+00,unknown,OK,3126,0,0,"{""closed"": 0}",2026-07-18 21:38:03.114794+00
6399,2026-07-18 21:38:02.968928+00,pre_flight,OK,91,0,0,,2026-07-18 21:38:03.019298+00
6398,2026-07-18 21:32:55.421807+00,invariants,OK,5,0,0,,2026-07-18 21:33:02.915781+00
6397,2026-07-18 21:32:55.421807+00,snapshot,OK,0,1,1,,2026-07-18 21:33:02.907939+00
6396,2026-07-18 21:32:55.421807+00,upsert,OK,0,0,0,,2026-07-18 21:33:02.896378+00
6395,2026-07-18 21:32:55.421807+00,gate,OK,0,4,0,"{""rejected_by_corr"": 4}",2026-07-18 21:33:02.892783+00
6394,2026-07-18 21:32:55.421807+00,rank,OK,9,4,4,,2026-07-18 21:33:02.850603+00
6393,2026-07-18 21:32:55.421807+00,state,OK,31,3,4,,2026-07-18 21:33:02.841447+00
6392,2026-07-18 21:32:55.421807+00,scan,OK,4353,5,3,"{""signals_found"": 3, ""symbols_scanned"": 5}",2026-07-18 21:33:02.773037+00
6391,2026-07-18 21:32:55.421807+00,cleanup,OK,3,0,0,"{""expired"": 0}",2026-07-18 21:32:58.401362+00
6390,2026-07-18 21:32:55.421807+00,unknown,OK,2856,0,0,"{""closed"": 0}",2026-07-18 21:32:55.536475+00
6389,2026-07-18 21:32:55.421807+00,pre_flight,OK,63,0,0,,2026-07-18 21:32:55.470752+00
6388,2026-07-18 21:27:46.334074+00,invariants,OK,4,0,0,,2026-07-18 21:27:55.367298+00
6387,2026-07-18 21:27:46.334074+00,snapshot,OK,0,1,1,,2026-07-18 21:27:55.357436+00
6386,2026-07-18 21:27:46.334074+00,upsert,OK,0,0,0,,2026-07-18 21:27:55.34297+00
6385,2026-07-18 21:27:46.334074+00,gate,OK,0,4,0,"{""rejected_by_corr"": 4}",2026-07-18 21:27:55.337069+00
6384,2026-07-18 21:27:46.334074+00,rank,OK,9,4,4,,2026-07-18 21:27:55.282301+00
6383,2026-07-18 21:27:46.334074+00,state,OK,33,3,4,,2026-07-18 21:27:55.27334+00
6382,2026-07-18 21:27:46.334074+00,scan,OK,5342,5,3,"{""signals_found"": 3, ""symbols_scanned"": 5}",2026-07-18 21:27:55.205344+00
6381,2026-07-18 21:27:46.334074+00,cleanup,OK,3,0,0,"{""expired"": 0}",2026-07-18 21:27:49.839956+00
6380,2026-07-18 21:27:46.334074+00,unknown,OK,3347,0,0,"{""closed"": 0}",2026-07-18 21:27:46.480975+00
6379,2026-07-18 21:27:46.334074+00,pre_flight,OK,96,0,0,,2026-07-18 21:27:46.383402+00
6378,2026-07-18 21:22:37.413378+00,invariants,OK,6,0,0,,2026-07-18 21:22:46.257427+00
6377,2026-07-18 21:22:37.413378+00,snapshot,OK,0,1,1,,2026-07-18 21:22:46.247195+00
6376,2026-07-18 21:22:37.413378+00,upsert,OK,0,0,0,,2026-07-18 21:22:46.229714+00
6375,2026-07-18 21:22:37.413378+00,gate,OK,0,4,0,"{""rejected_by_corr"": 4}",2026-07-18 21:22:46.225513+00
6374,2026-07-18 21:22:37.413378+00,rank,OK,16,4,4,,2026-07-18 21:22:46.16482+00
6373,2026-07-18 21:22:37.413378+00,state,OK,37,3,4,,2026-07-18 21:22:46.153266+00
6372,2026-07-18 21:22:37.413378+00,scan,OK,5316,5,3,"{""signals_found"": 3, ""symbols_scanned"": 5}",2026-07-18 21:22:46.076324+00
