id,run_time,account_balance,account_equity,margin_used,total_open_risk,total_open_risk_pct,active_trades_count,daily_trades_count,london_trades_count,ny_late_trades_count,highest_dqs_active,lowest_dqs_active,created_at
1,2026-07-15 06:51:25.00061,10000.00,10000.00,0.00,0.00,0.00,0,0,,,,,2026-07-15 06:51:44.116189
2,2026-07-15 06:52:06.450557,10000.00,10000.00,0.00,0.00,0.00,0,0,,,,,2026-07-15 06:52:22.179029
3,2026-07-15 06:57:22.381583,10000.00,10000.00,0.00,0.00,0.00,0,0,,,,,2026-07-15 06:57:28.521229
4,2026-07-15 07:02:28.613458,10000.00,10000.00,0.00,0.00,0.00,0,0,,,,,2026-07-15 07:06:29.351826
5,2026-07-15 07:11:29.835654,10000.00,10000.00,0.00,0.00,0.00,0,0,,,,,2026-07-15 07:12:02.868445
6,2026-07-15 07:17:03.138838,10000.00,10000.00,0.00,0.00,0.00,0,0,,,,,2026-07-15 07:17:17.454455
7,2026-07-15 07:18:26.777558,10000.00,10000.00,0.00,0.00,0.00,0,0,,,,,2026-07-15 07:18:34.348756
8,2026-07-15 07:23:34.469267,10000.00,10000.00,0.00,0.00,0.00,0,0,,,,,2026-07-15 07:23:45.363758
9,2026-07-15 07:34:51.826931,10000.00,10000.00,0.00,0.00,0.00,0,1,,,,,2026-07-15 07:39:04.421644
10,2026-07-15 07:44:04.889353,10000.00,10000.00,0.00,19.52,0.20,1,1,,,,,2026-07-15 07:49:31.134423
11,2026-07-16 08:35:52.767849,9994.37,9994.37,0.00,0.00,0.00,0,1,,,,,2026-07-16 08:36:28.758307
12,2026-07-16 18:32:09.410063,9994.37,9994.37,0.00,0.00,0.00,0,1,,,,,2026-07-16 18:32:16.373107
13,2026-07-16 18:37:16.458663,9994.37,9994.37,0.00,0.00,0.00,0,1,,,,,2026-07-16 18:37:21.983284
14,2026-07-16 18:42:22.063031,9994.37,9994.37,0.00,0.00,0.00,0,1,,,,,2026-07-16 18:42:26.755185
15,2026-07-16 18:47:26.81606,9994.37,9994.37,0.00,0.00,0.00,0,2,,,,,2026-07-16 18:47:32.198726
16,2026-07-16 18:52:32.262316,9994.37,9994.37,0.00,31.25,0.31,1,2,,,,,2026-07-16 18:52:37.431163
17,2026-07-16 18:57:37.495083,9993.27,9492.19,501.08,31.25,0.31,1,2,,,,,2026-07-16 18:57:43.719724
18,2026-07-16 19:02:43.815432,9993.27,9492.19,501.08,31.25,0.31,1,2,,,,,2026-07-16 19:02:50.754081
19,2026-07-16 19:07:50.864539,9993.27,9492.19,501.08,31.25,0.31,1,2,,,,,2026-07-16 19:07:57.406904
20,2026-07-16 19:12:57.491608,9993.27,9492.19,501.08,31.25,0.31,1,2,,,,,2026-07-16 19:13:03.36381
21,2026-07-16 19:18:03.427909,9993.27,9492.19,501.08,31.25,0.31,1,2,,,,,2026-07-16 19:18:09.75267
22,2026-07-16 19:23:09.838152,9993.27,9492.19,501.08,31.25,0.31,1,2,,,,,2026-07-16 19:23:16.43412
23,2026-07-16 19:28:16.522278,9993.27,9492.19,501.08,31.25,0.31,1,2,,,,,2026-07-16 19:28:23.038673
24,2026-07-16 19:33:23.136663,9993.27,9492.19,501.08,31.25,0.31,1,2,,,,,2026-07-16 19:33:29.668377
25,2026-07-16 19:38:29.760444,9993.27,9492.19,501.08,31.25,0.31,1,2,,,,,2026-07-16 19:38:35.193111
26,2026-07-16 19:43:35.288037,9993.27,9492.19,501.08,31.25,0.31,1,2,,,,,2026-07-16 19:43:41.83001
27,2026-07-16 19:48:41.91367,9993.27,9492.19,501.08,31.25,0.31,1,2,,,,,2026-07-16 19:48:47.534386
28,2026-07-16 19:53:47.595866,9993.27,9492.19,501.08,31.25,0.31,1,2,,,,,2026-07-16 19:53:53.280154
29,2026-07-16 19:58:53.337587,9993.27,9492.19,501.08,31.25,0.31,1,2,,,,,2026-07-16 19:58:59.356175
30,2026-07-16 20:03:59.421249,9993.27,9492.19,501.08,31.25,0.31,1,2,,,,,2026-07-16 20:04:05.824195
31,2026-07-16 20:09:05.907314,9993.27,9492.19,501.08,31.25,0.31,1,2,,,,,2026-07-16 20:09:12.480547
32,2026-07-16 20:14:12.559646,9993.27,9492.19,501.08,31.25,0.31,1,2,,,,,2026-07-16 20:14:18.739359
33,2026-07-16 20:19:18.81253,9993.27,9492.19,501.08,31.25,0.31,1,2,,,,,2026-07-16 20:19:24.897556
34,2026-07-16 20:24:24.953352,9993.27,9492.19,501.08,31.25,0.31,1,2,,,,,2026-07-16 20:24:31.505005
35,2026-07-16 20:29:31.586184,9993.27,9492.19,501.08,31.25,0.31,1,2,,,,,2026-07-16 20:29:38.160453
36,2026-07-16 20:34:38.239289,9993.27,9492.19,501.08,31.25,0.31,1,2,,,,,2026-07-16 20:34:44.727125
37,2026-07-16 20:39:44.806195,9993.27,9492.19,501.08,31.25,0.31,1,2,,,,,2026-07-16 20:39:50.683319
38,2026-07-16 20:44:50.761063,9993.27,9492.19,501.08,31.25,0.31,1,2,,,,,2026-07-16 20:44:57.140995
39,2026-07-16 20:49:57.223349,9993.27,9492.19,501.08,31.25,0.31,1,2,,,,,2026-07-16 20:50:03.8124
40,2026-07-16 20:55:03.899995,9993.27,9492.19,501.08,31.25,0.31,1,2,,,,,2026-07-16 20:55:10.57237
41,2026-07-16 21:00:10.657563,9993.27,9492.19,501.08,31.25,0.31,1,2,,,,,2026-07-16 21:00:17.237673
42,2026-07-16 21:05:17.319347,9993.27,9492.19,501.08,31.25,0.31,1,2,,,,,2026-07-16 21:05:22.084284
43,2026-07-16 21:10:22.149389,9993.27,9492.19,501.08,31.25,0.31,1,2,,,,,2026-07-16 21:10:28.594107
44,2026-07-16 21:15:28.678257,9993.27,9492.19,501.08,31.25,0.31,1,2,,,,,2026-07-16 21:15:35.26226
45,2026-07-16 21:20:35.351737,9993.27,9492.19,501.08,31.25,0.31,1,2,,,,,2026-07-16 21:20:41.263787
46,2026-07-16 21:25:41.344803,9993.27,9492.19,501.08,31.25,0.31,1,2,,,,,2026-07-16 21:25:47.820161
47,2026-07-16 21:30:47.903758,9993.27,9492.19,501.08,31.25,0.31,1,2,,,,,2026-07-16 21:30:52.956876
48,2026-07-16 21:35:53.035317,9993.27,9492.19,501.08,31.25,0.31,1,2,,,,,2026-07-16 21:35:58.675338
49,2026-07-16 21:40:58.75344,9993.27,9492.19,501.08,31.25,0.31,1,2,,,,,2026-07-16 21:41:04.243776
50,2026-07-16 21:46:04.324895,9993.27,9492.19,501.08,31.25,0.31,1,2,,,,,2026-07-16 21:46:10.446778
51,2026-07-16 21:51:10.532171,9993.27,9492.19,501.08,31.25,0.31,1,2,,,,,2026-07-16 21:51:17.051903
52,2026-07-16 21:56:17.136476,9993.27,9492.19,501.08,31.25,0.31,1,2,,,,,2026-07-16 21:56:23.450363
53,2026-07-16 22:01:23.526931,9993.27,9492.19,501.08,31.25,0.31,1,2,,,,,2026-07-16 22:01:30.180301
54,2026-07-16 22:06:30.24362,9993.27,9492.19,501.08,31.25,0.31,1,3,,,,,2026-07-16 22:06:36.334912
55,2026-07-16 22:11:36.393076,9993.27,9492.19,501.08,46.80,0.47,2,3,,,,,2026-07-16 22:11:42.6728
56,2026-07-16 22:16:42.740121,9992.17,8991.21,1000.96,46.80,0.47,2,3,,,,,2026-07-16 22:16:49.745686
57,2026-07-16 22:21:49.801779,9992.17,8991.21,1000.96,46.80,0.47,2,3,,,,,2026-07-16 22:21:56.233084
58,2026-07-16 22:26:56.311088,9992.17,8991.21,1000.96,46.80,0.47,2,3,,,,,2026-07-16 22:27:02.92291
59,2026-07-16 22:32:03.004312,9992.17,8991.21,1000.96,46.80,0.47,2,3,,,,,2026-07-16 22:32:10.576021
60,2026-07-16 22:37:10.666558,9992.17,8991.21,1000.96,46.80,0.47,2,3,,,,,2026-07-16 22:37:18.057586
61,2026-07-16 22:42:18.141266,9992.17,8991.21,1000.96,46.80,0.47,2,3,,,,,2026-07-16 22:42:24.248938
62,2026-07-16 22:47:24.33385,9992.17,8991.21,1000.96,46.80,0.47,2,3,,,,,2026-07-16 22:47:30.283515
63,2026-07-16 22:52:30.34708,9992.17,8991.21,1000.96,46.80,0.47,2,3,,,,,2026-07-16 22:52:36.471281
64,2026-07-16 22:57:36.557391,9992.17,8991.21,1000.96,46.80,0.47,2,3,,,,,2026-07-16 22:57:44.327207
65,2026-07-16 23:02:44.425569,9992.17,8991.21,1000.96,46.80,0.47,2,3,,,,,2026-07-16 23:02:51.827078
66,2026-07-16 23:07:51.908432,9992.17,8991.21,1000.96,46.80,0.47,2,3,,,,,2026-07-16 23:07:58.687218
67,2026-07-16 23:12:58.763457,9992.17,8991.21,1000.96,46.80,0.47,2,3,,,,,2026-07-16 23:13:06.237503
68,2026-07-16 23:18:06.311186,9992.17,8991.21,1000.96,46.80,0.47,2,3,,,,,2026-07-16 23:18:14.170881
69,2026-07-16 23:23:14.23508,9992.17,8991.21,1000.96,37.24,0.37,2,3,,,,,2026-07-16 23:23:20.984216
70,2026-07-16 23:28:21.065909,9992.17,8991.21,1000.96,37.24,0.37,2,3,,,,,2026-07-16 23:28:28.789994
71,2026-07-16 23:33:28.877666,9992.17,8991.21,1000.96,37.24,0.37,2,3,,,,,2026-07-16 23:33:35.573902
72,2026-07-16 23:38:35.65986,9992.17,8991.21,1000.96,37.24,0.37,2,4,,,,,2026-07-16 23:38:42.93488
73,2026-07-16 23:43:43.012186,9992.17,8991.21,1000.96,47.50,0.48,3,4,,,,,2026-07-16 23:43:51.403563
74,2026-07-16 23:48:51.474517,9991.09,8494.69,1496.40,47.50,0.48,3,4,,,,,2026-07-16 23:48:59.999116
75,2026-07-16 23:54:00.083892,9991.09,8494.69,1496.40,47.50,0.48,3,4,,,,,2026-07-16 23:54:08.336002
76,2026-07-16 23:59:08.426369,9991.09,8494.69,1496.40,47.50,0.48,3,4,,,,,2026-07-16 23:59:17.03581
77,2026-07-17 00:04:17.123415,9991.22,8494.82,1496.40,47.50,0.48,3,0,,,,,2026-07-17 00:04:24.748383
78,2026-07-17 00:09:24.807278,9991.22,8494.82,1496.40,47.50,0.48,3,0,,,,,2026-07-17 00:09:33.060585
79,2026-07-17 00:14:33.118469,9991.22,8494.82,1496.40,47.50,0.48,3,0,,,,,2026-07-17 00:14:42.040502
80,2026-07-17 00:19:42.148939,9991.22,8494.82,1496.40,47.50,0.48,3,0,,,,,2026-07-17 00:19:50.53437
81,2026-07-17 00:24:50.609611,9991.22,8494.82,1496.40,47.50,0.48,3,0,,,,,2026-07-17 00:24:59.375036
82,2026-07-17 00:29:59.459577,9991.22,8494.82,1496.40,47.50,0.48,3,0,,,,,2026-07-17 00:30:07.955665
83,2026-07-17 00:35:08.036041,9991.22,8494.82,1496.40,47.50,0.48,3,0,,,,,2026-07-17 00:35:16.68582
84,2026-07-17 00:40:16.761504,9991.22,8494.82,1496.40,47.50,0.48,3,0,,,,,2026-07-17 00:40:24.565537
85,2026-07-17 00:45:24.65242,9991.22,8494.82,1496.40,47.50,0.48,3,0,,,,,2026-07-17 00:45:32.567636
86,2026-07-17 00:50:32.643441,9991.22,8494.82,1496.40,47.50,0.48,3,0,,,,,2026-07-17 00:50:40.6675
87,2026-07-17 00:55:40.729855,9991.22,8494.82,1496.40,47.50,0.48,3,1,,,,,2026-07-17 00:55:48.531538
88,2026-07-17 01:00:48.585817,9991.22,8494.82,1496.40,68.04,0.68,4,1,,,,,2026-07-17 01:00:58.342776
89,2026-07-17 01:05:58.425342,9990.12,7992.83,1997.29,68.04,0.68,4,1,,,,,2026-07-17 01:06:05.899034
90,2026-07-17 01:11:05.955959,9990.12,7992.83,1997.29,68.04,0.68,4,1,,,,,2026-07-17 01:11:15.655649
91,2026-07-17 01:16:15.741975,9990.12,7992.83,1997.29,68.04,0.68,4,1,,,,,2026-07-17 01:16:25.501746
92,2026-07-17 01:21:25.589193,9990.12,7992.83,1997.29,68.04,0.68,4,1,,,,,2026-07-17 01:21:34.215666
93,2026-07-17 01:26:34.276749,9990.12,7992.83,1997.29,68.04,0.68,4,1,,,,,2026-07-17 01:26:43.765626
94,2026-07-17 01:31:43.845855,9990.12,7992.83,1997.29,68.04,0.68,4,1,,,,,2026-07-17 01:31:54.038125
95,2026-07-17 01:36:54.121538,9990.12,7992.83,1997.29,68.04,0.68,4,1,,,,,2026-07-17 01:37:02.42215
96,2026-07-17 01:42:02.488973,9990.12,7992.83,1997.29,68.04,0.68,4,1,,,,,2026-07-17 01:42:12.192223
97,2026-07-17 01:47:12.274451,9990.12,7992.83,1997.29,68.04,0.68,4,1,,,,,2026-07-17 01:47:20.725768
98,2026-07-17 01:52:20.790302,9990.12,7992.83,1997.29,68.04,0.68,4,1,,,,,2026-07-17 01:52:30.284582
99,2026-07-17 01:57:30.363107,9990.12,7992.83,1997.29,63.71,0.64,4,1,,,,,2026-07-17 01:57:38.785512
100,2026-07-17 02:02:38.872615,9990.12,7992.83,1997.29,63.71,0.64,4,1,,,,,2026-07-17 02:02:48.487298
101,2026-07-17 02:07:48.570824,9990.12,7992.83,1997.29,63.71,0.64,4,1,,,,,2026-07-17 02:07:57.813623
102,2026-07-17 02:12:57.901025,10000.16,8498.31,1501.85,57.78,0.58,3,2,,,,,2026-07-17 02:13:04.887157
103,2026-07-17 02:18:04.97097,10000.16,8498.31,1501.85,72.94,0.73,4,2,,,,,2026-07-17 02:18:14.489106
104,2026-07-17 02:23:14.565254,9999.08,8003.67,1995.41,72.94,0.73,4,2,,,,,2026-07-17 02:23:23.136523
105,2026-07-17 02:28:23.216411,9999.08,8003.67,1995.41,72.94,0.73,4,2,,,,,2026-07-17 02:28:32.359148
106,2026-07-17 02:33:32.459409,9999.08,8003.67,1995.41,72.94,0.73,4,2,,,,,2026-07-17 02:33:41.97222
107,2026-07-17 02:38:42.050083,9999.08,8003.67,1995.41,72.94,0.73,4,2,,,,,2026-07-17 02:38:50.74337
108,2026-07-17 02:43:50.832574,10026.10,8530.57,1495.53,66.95,0.67,3,2,,,,,2026-07-17 02:43:58.249251
109,2026-07-17 02:48:58.337001,10026.10,8530.57,1495.53,66.95,0.67,3,2,,,,,2026-07-17 02:49:06.894351
110,2026-07-17 02:54:06.974887,10026.10,8530.57,1495.53,66.95,0.67,3,2,,,,,2026-07-17 02:54:14.714597
111,2026-07-17 02:59:14.801822,10026.10,8530.57,1495.53,66.95,0.67,3,2,,,,,2026-07-17 02:59:21.722014
112,2026-07-17 03:04:21.803257,10026.10,8530.57,1495.53,66.95,0.67,3,2,,,,,2026-07-17 03:04:29.558085
113,2026-07-17 03:09:29.642318,10026.10,8530.57,1495.53,66.95,0.67,3,2,,,,,2026-07-17 03:09:36.405667
114,2026-07-17 03:14:36.468331,10026.10,8530.57,1495.53,66.95,0.67,3,2,,,,,2026-07-17 03:14:44.943807
115,2026-07-17 03:19:45.024086,10026.10,8530.57,1495.53,66.95,0.67,3,2,,,,,2026-07-17 03:19:53.789192
116,2026-07-17 03:24:53.876905,10026.10,8530.57,1495.53,66.95,0.67,3,2,,,,,2026-07-17 03:25:01.770519
117,2026-07-17 03:30:01.846963,10026.10,8530.57,1495.53,66.95,0.67,3,2,,,,,2026-07-17 03:30:10.274267
118,2026-07-17 03:35:10.332417,10026.10,8530.57,1495.53,66.95,0.67,3,2,,,,,2026-07-17 03:35:18.770045
119,2026-07-17 03:40:18.858602,10026.10,8530.57,1495.53,66.95,0.67,3,2,,,,,2026-07-17 03:40:26.889377
120,2026-07-17 03:45:26.970152,10026.10,8530.57,1495.53,66.95,0.67,3,2,,,,,2026-07-17 03:45:34.057065
121,2026-07-17 03:50:34.141745,10026.10,8530.57,1495.53,66.95,0.67,3,3,,,,,2026-07-17 03:50:40.513603
122,2026-07-17 03:55:40.591716,10026.10,8530.57,1495.53,89.61,0.89,4,3,,,,,2026-07-17 03:55:49.463818
123,2026-07-17 04:00:49.518801,10025.00,8030.04,1994.96,89.61,0.89,4,3,,,,,2026-07-17 04:00:58.530503
124,2026-07-17 04:05:58.594995,10025.00,8030.04,1994.96,89.61,0.89,4,3,,,,,2026-07-17 04:06:06.085436
125,2026-07-17 04:11:06.160132,10025.00,8030.04,1994.96,89.61,0.89,4,3,,,,,2026-07-17 04:11:14.530844
126,2026-07-17 04:16:14.592243,10025.00,8030.04,1994.96,89.61,0.89,4,3,,,,,2026-07-17 04:16:23.237399
127,2026-07-17 04:21:23.30208,10025.00,8030.04,1994.96,89.61,0.89,4,3,,,,,2026-07-17 04:21:32.657505
128,2026-07-17 04:26:32.74371,10025.00,8030.04,1994.96,89.61,0.89,4,3,,,,,2026-07-17 04:26:41.663228
129,2026-07-17 04:31:41.743921,10025.00,8030.04,1994.96,89.61,0.89,4,3,,,,,2026-07-17 04:31:51.371557
130,2026-07-17 04:36:51.452405,10025.00,8030.04,1994.96,89.61,0.89,4,3,,,,,2026-07-17 04:37:00.629919
131,2026-07-17 04:42:00.706515,10025.00,8030.04,1994.96,89.61,0.89,4,3,,,,,2026-07-17 04:42:09.252174
132,2026-07-17 04:47:09.326353,10025.00,8030.04,1994.96,89.61,0.89,4,3,,,,,2026-07-17 04:47:17.977468
133,2026-07-17 04:52:18.057443,10025.00,8030.04,1994.96,89.61,0.89,4,3,,,,,2026-07-17 04:52:27.205916
134,2026-07-17 04:57:27.292263,10025.00,8030.04,1994.96,89.61,0.89,4,3,,,,,2026-07-17 04:57:35.765755
135,2026-07-17 05:02:35.843998,10025.00,8030.04,1994.96,89.61,0.89,4,3,,,,,2026-07-17 05:02:44.544571
136,2026-07-17 05:07:44.630956,10025.00,8030.04,1994.96,89.61,0.89,4,3,,,,,2026-07-17 05:07:52.066359
137,2026-07-17 05:12:52.135161,10025.00,8030.04,1994.96,89.61,0.89,4,3,,,,,2026-07-17 05:13:00.383237
138,2026-07-17 05:18:00.457997,10025.00,8030.04,1994.96,89.61,0.89,4,3,,,,,2026-07-17 05:18:09.177277
139,2026-07-17 05:23:09.244134,10025.00,8030.04,1994.96,89.61,0.89,4,3,,,,,2026-07-17 05:23:18.170185
140,2026-07-17 05:28:18.250163,10025.00,8030.04,1994.96,89.61,0.89,4,3,,,,,2026-07-17 05:28:27.95134
141,2026-07-17 05:33:28.035765,10025.00,8030.04,1994.96,89.61,0.89,4,3,,,,,2026-07-17 05:33:37.584442
142,2026-07-17 05:38:37.671423,10025.00,8030.04,1994.96,75.07,0.75,4,3,,,,,2026-07-17 05:38:45.559616
143,2026-07-17 05:43:45.646763,10025.00,8030.04,1994.96,75.07,0.75,4,3,,,,,2026-07-17 05:43:54.349817
144,2026-07-17 05:48:54.439244,10063.66,8569.59,1494.07,43.14,0.43,3,4,,,,,2026-07-17 05:49:01.992369
145,2026-07-17 05:54:02.058867,10063.66,8569.59,1494.07,63.59,0.63,4,4,,,,,2026-07-17 05:54:11.800858
146,2026-07-17 05:59:11.882463,10062.56,8067.79,1994.77,63.59,0.63,4,4,,,,,2026-07-17 05:59:19.199348
147,2026-07-17 06:04:19.256621,10062.56,8067.79,1994.77,63.59,0.63,4,4,,,,,2026-07-17 06:04:28.360729
148,2026-07-17 06:09:28.440999,10062.56,8067.79,1994.77,63.59,0.63,4,4,,,,,2026-07-17 06:09:36.649205
149,2026-07-17 06:14:36.732272,10062.56,8067.79,1994.77,63.59,0.63,4,4,,,,,2026-07-17 06:14:46.571485
150,2026-07-17 06:19:46.657675,10087.69,8586.48,1501.21,57.68,0.57,3,5,,,,,2026-07-17 06:19:55.676369
151,2026-07-17 06:24:55.743802,10087.69,8586.48,1501.21,73.21,0.73,4,5,,,,,2026-07-17 06:25:05.449062
152,2026-07-17 06:30:05.536283,10086.62,8097.95,1988.67,73.21,0.73,4,5,,,,,2026-07-17 06:30:14.834744
153,2026-07-17 06:35:14.923388,10086.62,8097.95,1988.67,73.21,0.73,4,5,,,,,2026-07-17 06:35:24.386705
154,2026-07-17 06:40:24.464819,10086.62,8097.95,1988.67,73.21,0.73,4,5,,,,,2026-07-17 06:40:32.770213
155,2026-07-17 06:45:32.837101,10086.62,8097.95,1988.67,73.21,0.73,4,5,,,,,2026-07-17 06:45:42.282644
156,2026-07-17 06:50:42.361161,10080.14,8592.55,1487.59,41.96,0.42,3,5,,,,,2026-07-17 06:50:49.955844
157,2026-07-17 06:55:50.030977,10080.14,8592.55,1487.59,41.96,0.42,3,5,,,,,2026-07-17 06:55:57.741206
158,2026-07-17 07:00:57.822875,10080.14,8592.55,1487.59,41.96,0.42,3,5,,,,,2026-07-17 07:01:06.487565
159,2026-07-17 07:06:06.57277,10080.14,8592.55,1487.59,41.96,0.42,3,5,,,,,2026-07-17 07:06:15.13763
160,2026-07-17 07:11:15.228056,10080.14,8592.55,1487.59,41.96,0.42,3,5,,,,,2026-07-17 07:11:22.088627
161,2026-07-17 07:16:22.166274,10080.14,8592.55,1487.59,41.96,0.42,3,5,,,,,2026-07-17 07:16:31.100245
162,2026-07-17 07:21:31.17002,10080.14,8592.55,1487.59,41.96,0.42,3,5,,,,,2026-07-17 07:21:39.480908
163,2026-07-17 07:26:39.545845,10080.14,8592.55,1487.59,41.96,0.42,3,5,,,,,2026-07-17 07:26:48.017396
164,2026-07-17 07:31:48.096675,10080.14,8592.55,1487.59,41.96,0.42,3,5,,,,,2026-07-17 07:31:55.350422
165,2026-07-17 07:36:55.408187,10080.14,8592.55,1487.59,41.96,0.42,3,5,,,,,2026-07-17 07:37:04.22892
166,2026-07-17 07:42:04.321732,10080.14,8592.55,1487.59,41.96,0.42,3,5,,,,,2026-07-17 07:42:12.192143
167,2026-07-17 07:47:12.272381,10080.14,8592.55,1487.59,41.96,0.42,3,5,,,,,2026-07-17 07:47:20.627282
168,2026-07-17 07:52:20.708373,10080.14,8592.55,1487.59,41.96,0.42,3,5,,,,,2026-07-17 07:52:28.398355
169,2026-07-17 07:57:28.481246,10080.14,8592.55,1487.59,41.96,0.42,3,5,,,,,2026-07-17 07:57:36.518221
170,2026-07-17 08:02:36.605588,10080.12,8592.53,1487.59,41.96,0.42,3,5,,,,,2026-07-17 08:02:45.148873
171,2026-07-17 08:07:45.237341,10080.12,8592.53,1487.59,41.96,0.42,3,5,,,,,2026-07-17 08:07:53.914788
172,2026-07-17 08:12:53.995587,10080.12,8592.53,1487.59,41.96,0.42,3,5,,,,,2026-07-17 08:13:02.310177
173,2026-07-17 08:18:02.378,10080.12,8592.53,1487.59,41.96,0.42,3,5,,,,,2026-07-17 08:18:09.393292
174,2026-07-17 08:23:09.479617,10080.12,8592.53,1487.59,41.96,0.42,3,5,,,,,2026-07-17 08:23:17.931086
175,2026-07-17 08:28:18.007257,10080.12,8592.53,1487.59,41.96,0.42,3,5,,,,,2026-07-17 08:28:24.183437
176,2026-07-17 08:33:24.242225,10080.12,8592.53,1487.59,41.96,0.42,3,5,,,,,2026-07-17 08:33:33.221847
177,2026-07-17 08:38:33.299996,10080.12,8592.53,1487.59,41.96,0.42,3,5,,,,,2026-07-17 08:38:41.326486
178,2026-07-17 08:43:41.420191,10080.12,8592.53,1487.59,41.96,0.42,3,5,,,,,2026-07-17 08:43:49.770432
179,2026-07-17 08:48:49.856549,10080.12,8592.53,1487.59,41.96,0.42,3,5,,,,,2026-07-17 08:48:58.410304
180,2026-07-17 08:53:58.474664,10080.12,8592.53,1487.59,41.96,0.42,3,5,,,,,2026-07-17 08:54:04.888738
181,2026-07-17 08:59:04.953197,10080.12,8592.53,1487.59,41.96,0.42,3,5,,,,,2026-07-17 08:59:13.165458
182,2026-07-17 09:04:13.222995,10080.12,8592.53,1487.59,41.96,0.42,3,5,,,,,2026-07-17 09:04:21.190127
183,2026-07-17 09:09:21.270098,10080.12,8592.53,1487.59,41.96,0.42,3,5,,,,,2026-07-17 09:09:28.168336
184,2026-07-17 09:14:28.251818,10080.12,8592.53,1487.59,41.96,0.42,3,5,,,,,2026-07-17 09:14:37.145273
185,2026-07-17 09:19:37.227013,10080.12,8592.53,1487.59,41.96,0.42,3,5,,,,,2026-07-17 09:19:44.065694
186,2026-07-17 09:24:44.129591,10080.12,8592.53,1487.59,41.96,0.42,3,5,,,,,2026-07-17 09:24:51.894368
187,2026-07-17 09:29:51.958308,10080.12,8592.53,1487.59,41.96,0.42,3,5,,,,,2026-07-17 09:30:00.449935
188,2026-07-17 09:35:00.530452,10080.12,8592.53,1487.59,41.96,0.42,3,6,,,,,2026-07-17 09:35:08.552441
189,2026-07-17 09:40:08.633396,10080.12,8592.53,1487.59,59.80,0.59,4,6,,,,,2026-07-17 09:40:18.439751
190,2026-07-17 09:45:18.517083,10079.02,8090.49,1988.53,59.80,0.59,4,6,,,,,2026-07-17 09:45:27.082238
191,2026-07-17 09:50:27.162366,10079.02,8090.49,1988.53,59.80,0.59,4,6,,,,,2026-07-17 09:50:36.694749
192,2026-07-17 09:55:36.758467,10079.02,8090.49,1988.53,59.80,0.59,4,7,,,,,2026-07-17 09:55:46.427282
193,2026-07-17 10:00:46.491876,10079.02,8090.49,1988.53,72.43,0.72,5,7,,,,,2026-07-17 10:00:56.629279
194,2026-07-17 10:05:56.704081,10077.93,7589.60,2488.33,72.43,0.72,5,7,,,,,2026-07-17 10:06:07.56902
195,2026-07-17 10:11:07.650618,10077.93,7589.60,2488.33,72.43,0.72,5,7,,,,,2026-07-17 10:11:18.554908
196,2026-07-17 10:16:18.657251,10077.93,7589.60,2488.33,72.43,0.72,5,7,,,,,2026-07-17 10:16:28.344358
197,2026-07-17 10:21:28.412515,10077.93,7589.60,2488.33,72.43,0.72,5,7,,,,,2026-07-17 10:21:37.815082
198,2026-07-17 10:26:37.904999,10077.93,7589.60,2488.33,72.43,0.72,5,7,,,,,2026-07-17 10:26:48.759467
199,2026-07-17 10:31:48.834311,10077.93,7589.60,2488.33,72.43,0.72,5,7,,,,,2026-07-17 10:31:56.803214
200,2026-07-17 10:36:56.865076,10077.93,7589.60,2488.33,72.43,0.72,5,7,,,,,2026-07-17 10:37:07.092376
201,2026-07-17 10:42:07.173248,10077.93,7589.60,2488.33,72.43,0.72,5,7,,,,,2026-07-17 10:42:17.828018
202,2026-07-17 10:47:17.88976,10077.93,7589.60,2488.33,72.43,0.72,5,7,,,,,2026-07-17 10:47:29.65859
203,2026-07-17 10:52:29.748073,10077.93,7589.60,2488.33,72.43,0.72,5,7,,,,,2026-07-17 10:52:39.763534
204,2026-07-17 10:57:39.844379,10077.93,7589.60,2488.33,72.43,0.72,5,7,,,,,2026-07-17 10:57:49.452319
205,2026-07-17 11:02:49.5323,10077.93,7589.60,2488.33,72.43,0.72,5,7,,,,,2026-07-17 11:02:59.498016
206,2026-07-17 11:07:59.583999,10077.93,7589.60,2488.33,72.43,0.72,5,7,,,,,2026-07-17 11:08:10.049212
207,2026-07-17 11:13:10.109991,10077.93,7589.60,2488.33,72.43,0.72,5,7,,,,,2026-07-17 11:13:20.556345
208,2026-07-17 11:18:20.641815,10077.93,7589.60,2488.33,72.43,0.72,5,7,,,,,2026-07-17 11:18:29.849353
209,2026-07-17 11:23:29.93133,10077.93,7589.60,2488.33,72.43,0.72,5,7,,,,,2026-07-17 11:23:39.195382
210,2026-07-17 11:28:39.253338,10077.93,7589.60,2488.33,72.43,0.72,5,7,,,,,2026-07-17 11:28:48.577285
211,2026-07-17 11:33:48.656579,10077.93,7589.60,2488.33,72.43,0.72,5,7,,,,,2026-07-17 11:33:57.500813
212,2026-07-17 11:38:57.580408,10077.93,7589.60,2488.33,72.43,0.72,5,7,,,,,2026-07-17 11:39:06.730402
213,2026-07-17 11:44:06.811856,10077.93,7589.60,2488.33,72.43,0.72,5,7,,,,,2026-07-17 11:44:17.360499
214,2026-07-17 11:49:17.441467,10060.01,8059.14,2000.87,56.90,0.57,4,8,,,,,2026-07-17 11:49:26.778163
215,2026-07-17 11:54:26.862848,10060.01,8059.14,2000.87,56.90,0.57,4,9,,,,,2026-07-17 11:54:36.882353
216,2026-07-17 11:59:36.954748,10060.01,8059.14,2000.87,56.90,0.57,4,10,,,,,2026-07-17 11:59:46.733987
217,2026-07-17 12:04:46.817563,10060.01,8059.14,2000.87,56.90,0.57,4,11,,,,,2026-07-17 12:04:57.620907
218,2026-07-17 12:09:57.710739,10060.01,8059.14,2000.87,56.90,0.57,4,12,,,,,2026-07-17 12:10:07.449788
219,2026-07-17 12:15:07.508845,10060.01,8059.14,2000.87,56.90,0.57,4,13,,,,,2026-07-17 12:15:16.583294
220,2026-07-17 12:20:16.639726,10060.01,8059.14,2000.87,56.90,0.57,4,14,,,,,2026-07-17 12:20:27.06898
221,2026-07-17 12:25:27.150592,10060.01,8059.14,2000.87,56.90,0.57,4,15,,,,,2026-07-17 12:25:35.591798
222,2026-07-17 12:30:35.673447,10060.01,8059.14,2000.87,56.90,0.57,4,16,,,,,2026-07-17 12:30:46.116648
223,2026-07-17 12:35:46.172724,10060.01,8059.14,2000.87,56.90,0.57,4,17,,,,,2026-07-17 12:35:54.198856
224,2026-07-17 12:40:54.271577,10060.01,8059.14,2000.87,56.90,0.57,4,18,,,,,2026-07-17 12:41:04.110102
225,2026-07-17 12:46:04.177075,10060.01,8059.14,2000.87,56.90,0.57,4,19,,,,,2026-07-17 12:46:13.486668
226,2026-07-17 12:51:13.565621,10060.01,8059.14,2000.87,56.90,0.57,4,20,,,,,2026-07-17 12:51:21.814326
227,2026-07-17 12:56:21.894626,10060.01,8059.14,2000.87,56.90,0.57,4,21,,,,,2026-07-17 12:56:29.744424
228,2026-07-17 13:01:29.800015,10538.81,8059.14,1499.93,56.90,0.54,3,22,,,,,2026-07-17 13:01:40.924638
229,2026-07-17 13:06:41.036726,10038.97,8539.04,1499.93,43.38,0.43,4,22,,,,,2026-07-17 13:06:50.814465
230,2026-07-17 13:11:50.893526,10093.10,9102.19,990.91,16.97,0.17,2,22,,,,,2026-07-17 13:11:58.368027
231,2026-07-17 13:16:58.445971,10119.86,9629.65,490.21,10.97,0.11,1,22,,,,,2026-07-17 13:17:04.920167
232,2026-07-17 13:22:05.001197,10119.86,9629.65,490.21,10.97,0.11,1,22,,,,,2026-07-17 13:22:12.118457
233,2026-07-17 13:27:12.187572,10119.86,9629.65,490.21,10.97,0.11,1,22,,,,,2026-07-17 13:27:18.787354
234,2026-07-17 13:32:18.866683,10119.86,9629.65,490.21,10.97,0.11,1,22,,,,,2026-07-17 13:32:25.435837
235,2026-07-17 13:37:25.52282,10107.78,10107.78,0.00,0.00,0.00,0,23,,,,,2026-07-17 13:37:30.972224
236,2026-07-17 13:42:31.047783,10107.78,10107.78,0.00,13.42,0.13,1,24,,,,,2026-07-17 13:42:36.766385
237,2026-07-17 13:47:36.854154,10106.71,9619.95,486.76,46.24,0.46,2,24,,,,,2026-07-17 13:47:44.146096
238,2026-07-17 13:52:44.209174,10105.61,9117.96,987.65,46.24,0.46,2,24,,,,,2026-07-17 13:52:51.601163
239,2026-07-17 13:57:51.660072,10105.61,9117.96,987.65,46.24,0.46,2,24,,,,,2026-07-17 13:57:57.512283
240,2026-07-17 14:02:57.591628,10088.99,9588.10,500.89,32.82,0.33,1,24,,,,,2026-07-17 14:03:04.116561
241,2026-07-17 14:08:04.206939,10088.99,9588.10,500.89,32.82,0.33,1,24,,,,,2026-07-17 14:08:09.724586
242,2026-07-17 14:13:09.797944,10088.99,9588.10,500.89,32.82,0.33,1,24,,,,,2026-07-17 14:13:13.868865
243,2026-07-17 14:18:13.942811,10088.99,9588.10,500.89,32.82,0.33,1,24,,,,,2026-07-17 14:18:19.409485
244,2026-07-17 14:23:19.487301,10088.99,9588.10,500.89,32.82,0.33,1,24,,,,,2026-07-17 14:23:25.050412
245,2026-07-17 14:28:25.140593,10088.99,9588.10,500.89,32.82,0.33,1,24,,,,,2026-07-17 14:28:30.657353
246,2026-07-17 14:33:30.74,10088.99,9588.10,500.89,32.82,0.33,1,24,,,,,2026-07-17 14:33:36.258544
247,2026-07-17 14:38:36.343167,10088.99,9588.10,500.89,32.82,0.33,1,24,,,,,2026-07-17 14:38:42.112735
248,2026-07-17 14:43:42.22798,10088.99,9588.10,500.89,32.82,0.33,1,24,,,,,2026-07-17 14:43:47.773004
249,2026-07-17 14:48:47.852928,10088.99,9588.10,500.89,32.82,0.33,1,24,,,,,2026-07-17 14:48:53.429809
250,2026-07-17 14:53:53.503759,10088.99,9588.10,500.89,32.82,0.33,1,24,,,,,2026-07-17 14:53:58.452543
251,2026-07-17 14:58:58.534313,10088.99,9588.10,500.89,32.82,0.33,1,24,,,,,2026-07-17 14:59:04.086129
252,2026-07-17 15:04:04.166362,10088.99,9588.10,500.89,32.82,0.33,1,24,,,,,2026-07-17 15:04:09.930535
253,2026-07-17 15:09:09.991552,10088.99,9588.10,500.89,32.82,0.33,1,24,,,,,2026-07-17 15:09:15.613255
254,2026-07-17 15:14:15.69023,10088.99,9588.10,500.89,32.82,0.33,1,24,,,,,2026-07-17 15:14:21.251999
255,2026-07-17 15:19:21.329631,10088.99,9588.10,500.89,32.82,0.33,1,24,,,,,2026-07-17 15:19:26.695703
256,2026-07-17 15:24:26.776556,10088.99,9588.10,500.89,32.82,0.33,1,24,,,,,2026-07-17 15:24:30.85777
257,2026-07-17 15:29:30.937137,10088.99,9588.10,500.89,32.82,0.33,1,24,,,,,2026-07-17 15:29:36.421982
258,2026-07-17 15:34:36.501059,10088.99,9588.10,500.89,32.82,0.33,1,24,,,,,2026-07-17 15:34:42.14941
259,2026-07-17 15:39:42.229841,10088.99,9588.10,500.89,32.82,0.33,1,24,,,,,2026-07-17 15:39:47.342484
260,2026-07-17 15:44:47.426672,10088.99,9588.10,500.89,32.82,0.33,1,24,,,,,2026-07-17 15:44:52.840247
261,2026-07-17 15:49:52.920055,10088.99,9588.10,500.89,32.82,0.33,1,24,,,,,2026-07-17 15:49:58.548747
262,2026-07-17 15:54:58.629532,10088.99,9588.10,500.89,32.82,0.33,1,24,,,,,2026-07-17 15:55:04.683442
263,2026-07-17 16:00:04.7638,10089.01,9588.10,500.89,32.82,0.33,1,24,,,,,2026-07-17 16:00:09.528753
264,2026-07-17 16:05:09.60308,10088.97,9588.08,500.89,32.82,0.33,1,24,,,,,2026-07-17 16:05:15.125474
265,2026-07-17 16:10:15.198026,10088.97,9588.08,500.89,32.82,0.33,1,24,,,,,2026-07-17 16:10:20.768827
266,2026-07-17 16:15:20.853503,10088.97,9588.08,500.89,32.82,0.33,1,24,,,,,2026-07-17 16:15:26.215914
267,2026-07-17 16:20:26.310067,10088.97,9588.08,500.89,32.82,0.33,1,24,,,,,2026-07-17 16:20:31.075615
268,2026-07-17 16:25:31.154884,10088.97,9588.08,500.89,32.82,0.33,1,24,,,,,2026-07-17 16:25:36.470425
269,2026-07-17 16:30:36.554165,10088.97,9588.08,500.89,32.82,0.33,1,24,,,,,2026-07-17 16:30:41.595286
270,2026-07-17 16:35:41.680664,10088.97,9588.08,500.89,32.82,0.33,1,24,,,,,2026-07-17 16:35:45.691944
271,2026-07-17 16:40:45.770966,10088.97,9588.08,500.89,32.82,0.33,1,24,,,,,2026-07-17 16:40:50.819503
272,2026-07-17 16:45:50.903415,10088.97,9588.08,500.89,32.82,0.33,1,24,,,,,2026-07-17 16:45:55.905842
273,2026-07-17 16:50:55.984033,10053.64,10053.64,0.00,0.00,0.00,0,24,,,,,2026-07-17 16:51:00.411412
274,2026-07-17 16:56:00.496261,10053.64,10053.64,0.00,0.00,0.00,0,24,,,,,2026-07-17 16:56:04.928038
275,2026-07-17 17:01:05.003092,10053.64,10053.64,0.00,0.00,0.00,0,24,,,,,2026-07-17 17:01:09.446483
276,2026-07-17 17:06:09.532058,10053.64,10053.64,0.00,0.00,0.00,0,24,,,,,2026-07-17 17:06:14.041133
277,2026-07-17 17:11:14.11866,10053.64,10053.64,0.00,0.00,0.00,0,24,,,,,2026-07-17 17:11:19.125258
278,2026-07-17 17:16:19.212421,10053.64,10053.64,0.00,0.00,0.00,0,24,,,,,2026-07-17 17:16:22.483793
279,2026-07-17 17:21:22.557487,10053.64,10053.64,0.00,0.00,0.00,0,24,,,,,2026-07-17 17:21:26.443282
280,2026-07-17 17:26:26.52263,10053.64,10053.64,0.00,0.00,0.00,0,24,,,,,2026-07-17 17:26:30.947911
281,2026-07-17 17:31:31.022161,10053.64,10053.64,0.00,0.00,0.00,0,24,,,,,2026-07-17 17:31:34.538983
282,2026-07-17 17:36:34.619041,10053.64,10053.64,0.00,0.00,0.00,0,24,,,,,2026-07-17 17:36:39.087385
283,2026-07-17 17:41:39.150074,10053.64,10053.64,0.00,0.00,0.00,0,24,,,,,2026-07-17 17:41:43.649866
284,2026-07-17 17:46:43.723496,10053.64,10053.64,0.00,0.00,0.00,0,24,,,,,2026-07-17 17:46:48.251791
285,2026-07-17 17:51:48.337783,10053.64,10053.64,0.00,0.00,0.00,0,24,,,,,2026-07-17 17:51:52.209168
286,2026-07-17 17:56:52.28799,10053.64,10053.64,0.00,0.00,0.00,0,24,,,,,2026-07-17 17:56:56.128417
287,2026-07-17 18:01:56.213294,10053.64,10053.64,0.00,0.00,0.00,0,24,,,,,2026-07-17 18:01:59.934887
288,2026-07-17 18:06:59.992192,10053.64,10053.64,0.00,0.00,0.00,0,24,,,,,2026-07-17 18:07:04.474029
289,2026-07-17 18:12:04.55035,10053.64,10053.64,0.00,0.00,0.00,0,24,,,,,2026-07-17 18:12:08.9489
290,2026-07-17 18:17:09.026252,10053.64,10053.64,0.00,0.00,0.00,0,24,,,,,2026-07-17 18:17:12.927519
291,2026-07-17 18:22:13.014443,10053.64,10053.64,0.00,0.00,0.00,0,24,,,,,2026-07-17 18:22:17.478828
292,2026-07-17 18:27:17.562807,10053.64,10053.64,0.00,0.00,0.00,0,24,,,,,2026-07-17 18:27:21.929944
293,2026-07-17 18:32:22.011964,10053.64,10053.64,0.00,0.00,0.00,0,24,,,,,2026-07-17 18:32:26.335759
294,2026-07-17 18:37:26.417312,10053.64,10053.64,0.00,0.00,0.00,0,24,,,,,2026-07-17 18:37:30.806196
295,2026-07-17 18:42:30.885755,10053.64,10053.64,0.00,0.00,0.00,0,24,,,,,2026-07-17 18:42:34.692939
296,2026-07-17 18:47:34.766624,10053.64,10053.64,0.00,0.00,0.00,0,24,,,,,2026-07-17 18:47:39.317093
297,2026-07-17 18:52:39.425513,10053.64,10053.64,0.00,0.00,0.00,0,24,,,,,2026-07-17 18:52:43.186141
298,2026-07-17 18:57:43.248938,10053.64,10053.64,0.00,0.00,0.00,0,24,,,,,2026-07-17 18:57:47.79133
299,2026-07-17 19:02:47.866552,10053.64,10053.64,0.00,0.00,0.00,0,24,,,,,2026-07-17 19:02:52.254477
300,2026-07-17 19:07:52.335647,10053.64,10053.64,0.00,0.00,0.00,0,24,,,,,2026-07-17 19:07:56.552155
301,2026-07-17 19:12:56.629519,10053.64,10053.64,0.00,0.00,0.00,0,24,,,,,2026-07-17 19:13:00.90239
302,2026-07-17 19:18:00.980637,10053.64,10053.64,0.00,0.00,0.00,0,24,,,,,2026-07-17 19:18:04.800336
303,2026-07-17 19:23:04.873153,10053.64,10053.64,0.00,0.00,0.00,0,24,,,,,2026-07-17 19:23:09.300044
304,2026-07-17 19:28:09.41925,10053.64,10053.64,0.00,0.00,0.00,0,24,,,,,2026-07-17 19:28:13.932336
305,2026-07-17 19:33:14.005434,10053.64,10053.64,0.00,0.00,0.00,0,24,,,,,2026-07-17 19:33:18.505648
306,2026-07-17 19:38:18.591518,10053.64,10053.64,0.00,0.00,0.00,0,24,,,,,2026-07-17 19:38:22.906533
307,2026-07-17 19:43:22.984281,10053.64,10053.64,0.00,0.00,0.00,0,24,,,,,2026-07-17 19:43:27.486953
308,2026-07-17 19:48:27.564002,10053.64,10053.64,0.00,0.00,0.00,0,24,,,,,2026-07-17 19:48:31.812637
309,2026-07-17 19:53:31.89075,10053.64,10053.64,0.00,0.00,0.00,0,24,,,,,2026-07-17 19:53:36.206309
310,2026-07-17 19:58:36.283003,10053.64,10053.64,0.00,0.00,0.00,0,24,,,,,2026-07-17 19:58:40.261496
311,2026-07-17 20:03:40.324081,10053.64,10053.64,0.00,0.00,0.00,0,24,,,,,2026-07-17 20:03:44.887095
312,2026-07-17 20:08:44.979928,10053.64,10053.64,0.00,0.00,0.00,0,24,,,,,2026-07-17 20:08:49.314716
313,2026-07-17 20:13:49.393159,10053.64,10053.64,0.00,0.00,0.00,0,24,,,,,2026-07-17 20:13:53.755952
314,2026-07-17 20:18:53.820649,10053.64,10053.64,0.00,0.00,0.00,0,24,,,,,2026-07-17 20:18:58.142672
315,2026-07-17 20:23:58.216152,10053.64,10053.64,0.00,0.00,0.00,0,24,,,,,2026-07-17 20:24:02.54865
316,2026-07-17 20:29:02.633896,10053.64,10053.64,0.00,0.00,0.00,0,24,,,,,2026-07-17 20:29:07.096438
317,2026-07-17 20:34:07.160873,10053.64,10053.64,0.00,0.00,0.00,0,24,,,,,2026-07-17 20:34:11.592975
318,2026-07-17 20:39:11.669607,10053.64,10053.64,0.00,0.00,0.00,0,24,,,,,2026-07-17 20:39:16.186503
319,2026-07-17 20:44:16.263247,10053.64,10053.64,0.00,0.00,0.00,0,24,,,,,2026-07-17 20:44:20.749644
320,2026-07-17 20:49:20.841278,10053.64,10053.64,0.00,0.00,0.00,0,24,,,,,2026-07-17 20:49:25.150212
321,2026-07-17 20:54:25.238755,10053.64,10053.64,0.00,0.00,0.00,0,24,,,,,2026-07-17 20:54:29.768512
322,2026-07-17 20:59:29.847449,10053.64,10053.64,0.00,0.00,0.00,0,24,,,,,2026-07-17 20:59:34.042134
323,2026-07-17 21:04:34.09983,10053.64,10053.64,0.00,0.00,0.00,0,24,,,,,2026-07-17 21:04:38.419749
324,2026-07-17 21:09:38.497707,10053.64,10053.64,0.00,0.00,0.00,0,24,,,,,2026-07-17 21:09:42.958432
325,2026-07-17 21:14:43.038523,10053.64,10053.64,0.00,0.00,0.00,0,24,,,,,2026-07-17 21:14:47.149742
326,2026-07-17 21:19:47.222662,10053.64,10053.64,0.00,0.00,0.00,0,24,,,,,2026-07-17 21:19:52.143841
327,2026-07-17 21:24:52.212485,10053.64,10053.64,0.00,0.00,0.00,0,24,,,,,2026-07-17 21:24:56.530079
328,2026-07-17 21:29:56.604892,10053.64,10053.64,0.00,0.00,0.00,0,24,,,,,2026-07-17 21:30:01.067655
329,2026-07-17 21:35:01.145975,10053.64,10053.64,0.00,0.00,0.00,0,24,,,,,2026-07-17 21:35:05.27533
330,2026-07-17 21:40:05.351297,10053.64,10053.64,0.00,0.00,0.00,0,24,,,,,2026-07-17 21:40:10.20945
331,2026-07-17 21:45:10.272216,10053.64,10053.64,0.00,0.00,0.00,0,24,,,,,2026-07-17 21:45:14.830707
332,2026-07-17 21:50:14.930562,10053.64,10053.64,0.00,0.00,0.00,0,24,,,,,2026-07-17 21:50:18.871645
333,2026-07-17 21:55:18.937405,10053.64,10053.64,0.00,0.00,0.00,0,24,,,,,2026-07-17 21:55:23.436682
334,2026-07-17 22:00:23.522078,10053.64,10053.64,0.00,0.00,0.00,0,24,,,,,2026-07-17 22:00:26.763714
335,2026-07-17 22:05:26.835153,10053.64,10053.64,0.00,0.00,0.00,0,24,,,,,2026-07-17 22:05:31.36344
336,2026-07-17 22:10:31.442466,10053.64,10053.64,0.00,0.00,0.00,0,24,,,,,2026-07-17 22:10:35.957287
337,2026-07-17 22:15:36.039299,10053.64,10053.64,0.00,0.00,0.00,0,24,,,,,2026-07-17 22:15:40.576695
338,2026-07-17 22:20:40.656427,10053.64,10053.64,0.00,0.00,0.00,0,24,,,,,2026-07-17 22:20:44.619305
339,2026-07-17 22:25:44.693167,10053.64,10053.64,0.00,0.00,0.00,0,24,,,,,2026-07-17 22:25:48.761547
340,2026-07-17 22:30:48.841026,10053.64,10053.64,0.00,0.00,0.00,0,24,,,,,2026-07-17 22:30:53.047849
341,2026-07-17 22:35:53.107337,10053.64,10053.64,0.00,0.00,0.00,0,24,,,,,2026-07-17 22:35:57.532135
342,2026-07-17 22:40:57.612698,10053.64,10053.64,0.00,0.00,0.00,0,24,,,,,2026-07-17 22:41:01.999294
343,2026-07-17 22:46:02.079022,10053.64,10053.64,0.00,0.00,0.00,0,24,,,,,2026-07-17 22:46:06.30853
344,2026-07-17 22:51:06.38908,10053.64,10053.64,0.00,0.00,0.00,0,24,,,,,2026-07-17 22:51:10.764079
345,2026-07-17 22:56:10.847727,10053.64,10053.64,0.00,0.00,0.00,0,24,,,,,2026-07-17 22:56:15.404812
346,2026-07-17 23:01:15.471811,10053.64,10053.64,0.00,0.00,0.00,0,24,,,,,2026-07-17 23:01:19.775281
347,2026-07-17 23:06:19.838688,10053.64,10053.64,0.00,0.00,0.00,0,24,,,,,2026-07-17 23:06:24.332295
348,2026-07-17 23:11:24.412331,10053.64,10053.64,0.00,0.00,0.00,0,24,,,,,2026-07-17 23:11:27.823728
349,2026-07-17 23:16:27.903912,10053.64,10053.64,0.00,0.00,0.00,0,24,,,,,2026-07-17 23:16:32.257483
350,2026-07-17 23:21:32.34225,10053.64,10053.64,0.00,0.00,0.00,0,24,,,,,2026-07-17 23:21:36.769153
351,2026-07-17 23:26:36.842768,10053.64,10053.64,0.00,0.00,0.00,0,24,,,,,2026-07-17 23:26:41.13225
352,2026-07-17 23:31:41.208973,10053.64,10053.64,0.00,0.00,0.00,0,24,,,,,2026-07-17 23:31:45.648655
353,2026-07-17 23:36:45.723861,10053.64,10053.64,0.00,0.00,0.00,0,24,,,,,2026-07-17 23:36:50.061406
354,2026-07-17 23:41:50.136393,10053.64,10053.64,0.00,0.00,0.00,0,24,,,,,2026-07-17 23:41:54.087145
355,2026-07-17 23:46:54.155298,10053.64,10053.64,0.00,0.00,0.00,0,24,,,,,2026-07-17 23:46:58.553335
356,2026-07-17 23:51:58.639459,10053.64,10053.64,0.00,0.00,0.00,0,24,,,,,2026-07-17 23:52:02.874078
357,2026-07-17 23:57:02.937861,10053.64,10053.64,0.00,0.00,0.00,0,24,,,,,2026-07-17 23:57:06.922208
358,2026-07-18 00:02:07.007211,10053.64,10053.64,0.00,0.00,0.00,0,0,,,,,2026-07-18 00:02:11.47052
359,2026-07-18 00:07:11.54683,10053.64,10053.64,0.00,0.00,0.00,0,0,,,,,2026-07-18 00:07:16.052453
360,2026-07-18 00:12:16.134504,10053.64,10053.64,0.00,0.00,0.00,0,0,,,,,2026-07-18 00:12:20.324225
361,2026-07-18 00:17:20.403533,10053.64,10053.64,0.00,0.00,0.00,0,0,,,,,2026-07-18 00:17:24.887321
362,2026-07-18 00:22:24.96302,10053.64,10053.64,0.00,0.00,0.00,0,0,,,,,2026-07-18 00:22:29.129543
363,2026-07-18 00:27:29.194795,10053.64,10053.64,0.00,0.00,0.00,0,0,,,,,2026-07-18 00:27:33.364122
364,2026-07-18 00:32:33.444338,10053.64,10053.64,0.00,0.00,0.00,0,0,,,,,2026-07-18 00:32:37.304434
365,2026-07-18 00:37:37.36157,10053.64,10053.64,0.00,0.00,0.00,0,0,,,,,2026-07-18 00:37:41.139167
366,2026-07-18 00:42:41.220986,10053.64,10053.64,0.00,0.00,0.00,0,0,,,,,2026-07-18 00:42:45.640531
367,2026-07-18 00:47:45.735218,10053.64,10053.64,0.00,0.00,0.00,0,0,,,,,2026-07-18 00:47:50.124843
368,2026-07-18 00:52:50.203435,10053.64,10053.64,0.00,0.00,0.00,0,0,,,,,2026-07-18 00:52:54.699693
369,2026-07-18 00:57:54.780177,10053.64,10053.64,0.00,0.00,0.00,0,0,,,,,2026-07-18 00:57:59.100736
370,2026-07-18 01:02:59.17972,10053.64,10053.64,0.00,0.00,0.00,0,0,,,,,2026-07-18 01:03:03.449628
371,2026-07-18 01:08:03.523278,10053.64,10053.64,0.00,0.00,0.00,0,0,,,,,2026-07-18 01:08:07.67972
372,2026-07-18 01:13:07.758087,10053.64,10053.64,0.00,0.00,0.00,0,0,,,,,2026-07-18 01:13:12.179065
373,2026-07-18 01:18:12.257044,10053.64,10053.64,0.00,0.00,0.00,0,0,,,,,2026-07-18 01:18:16.80406
374,2026-07-18 01:23:16.899491,10053.64,10053.64,0.00,0.00,0.00,0,0,,,,,2026-07-18 01:23:21.088661
375,2026-07-18 01:28:21.169375,10053.64,10053.64,0.00,0.00,0.00,0,0,,,,,2026-07-18 01:28:24.999497
376,2026-07-18 01:33:25.088039,10053.64,10053.64,0.00,0.00,0.00,0,0,,,,,2026-07-18 01:33:29.219948
377,2026-07-18 01:38:29.298741,10053.64,10053.64,0.00,0.00,0.00,0,0,,,,,2026-07-18 01:38:33.114406
378,2026-07-18 01:43:33.173984,10053.64,10053.64,0.00,0.00,0.00,0,0,,,,,2026-07-18 01:43:36.446244
379,2026-07-18 01:48:36.527707,10053.64,10053.64,0.00,0.00,0.00,0,0,,,,,2026-07-18 01:48:40.955214
380,2026-07-18 01:53:41.029552,10053.64,10053.64,0.00,0.00,0.00,0,0,,,,,2026-07-18 01:53:45.204963
381,2026-07-18 01:58:45.289075,10053.64,10053.64,0.00,0.00,0.00,0,0,,,,,2026-07-18 01:58:49.54057
382,2026-07-18 02:03:49.626266,10053.64,10053.64,0.00,0.00,0.00,0,0,,,,,2026-07-18 02:03:54.863935
383,2026-07-18 02:08:54.939044,10053.64,10053.64,0.00,0.00,0.00,0,0,,,,,2026-07-18 02:08:59.212573
384,2026-07-18 02:13:59.277812,10053.64,10053.64,0.00,0.00,0.00,0,0,,,,,2026-07-18 02:14:04.186236
385,2026-07-18 02:19:04.281547,10053.64,10053.64,0.00,0.00,0.00,0,0,,,,,2026-07-18 02:19:08.773038
386,2026-07-18 02:24:08.836861,10053.64,10053.64,0.00,0.00,0.00,0,0,,,,,2026-07-18 02:24:14.238785
387,2026-07-18 02:29:14.320236,10053.64,10053.64,0.00,0.00,0.00,0,1,,,,,2026-07-18 02:29:19.333325
388,2026-07-18 02:34:19.397178,10053.64,10053.64,0.00,10.79,0.11,1,1,,,,,2026-07-18 02:34:26.687144
389,2026-07-18 02:39:26.765907,10052.54,9552.58,499.96,10.79,0.11,1,1,,,,,2026-07-18 02:39:33.385333
390,2026-07-18 02:44:33.459272,10052.54,9552.58,499.96,10.79,0.11,1,1,,,,,2026-07-18 02:44:39.966101
391,2026-07-18 02:49:40.048433,10052.54,9552.58,499.96,10.79,0.11,1,1,,,,,2026-07-18 02:49:46.505347
392,2026-07-18 02:54:46.590357,10052.54,9552.58,499.96,10.79,0.11,1,1,,,,,2026-07-18 02:54:52.385129
393,2026-07-18 02:59:52.463779,10052.54,9552.58,499.96,10.79,0.11,1,1,,,,,2026-07-18 02:59:58.815944
394,2026-07-18 03:04:58.896083,10052.54,9552.58,499.96,10.79,0.11,1,1,,,,,2026-07-18 03:05:04.80568
395,2026-07-18 03:10:04.872064,10052.54,9552.58,499.96,10.79,0.11,1,1,,,,,2026-07-18 03:10:10.543937
396,2026-07-18 03:15:10.60168,10052.54,9552.58,499.96,10.79,0.11,1,1,,,,,2026-07-18 03:15:16.328549
397,2026-07-18 03:20:16.39199,10052.54,9552.58,499.96,10.79,0.11,1,1,,,,,2026-07-18 03:20:22.418009
398,2026-07-18 03:25:22.505552,10052.54,9552.58,499.96,10.79,0.11,1,1,,,,,2026-07-18 03:25:27.538767
399,2026-07-18 03:30:27.621853,10052.54,9552.58,499.96,10.79,0.11,1,1,,,,,2026-07-18 03:30:34.181293
400,2026-07-18 03:35:34.265188,10052.54,9552.58,499.96,10.79,0.11,1,1,,,,,2026-07-18 03:35:40.856236
401,2026-07-18 03:40:40.934814,10052.54,9552.58,499.96,10.79,0.11,1,1,,,,,2026-07-18 03:40:46.603882
402,2026-07-18 03:45:46.686952,10052.54,9552.58,499.96,10.79,0.11,1,1,,,,,2026-07-18 03:45:52.920271
403,2026-07-18 03:50:52.998399,10052.54,9552.58,499.96,10.79,0.11,1,1,,,,,2026-07-18 03:50:59.57677
404,2026-07-18 03:55:59.655274,10052.54,9552.58,499.96,10.79,0.11,1,1,,,,,2026-07-18 03:56:06.098577
405,2026-07-18 04:01:06.186071,10052.54,9552.58,499.96,10.79,0.11,1,1,,,,,2026-07-18 04:01:12.573245
406,2026-07-18 04:06:12.650394,10052.54,9552.58,499.96,10.79,0.11,1,1,,,,,2026-07-18 04:06:18.912248
407,2026-07-18 04:11:18.991371,10052.54,9552.58,499.96,10.79,0.11,1,1,,,,,2026-07-18 04:11:23.910604
408,2026-07-18 04:16:23.99142,10052.54,9552.58,499.96,10.79,0.11,1,1,,,,,2026-07-18 04:16:30.555003
409,2026-07-18 04:21:30.63673,10052.54,9552.58,499.96,10.79,0.11,1,1,,,,,2026-07-18 04:21:36.638937
410,2026-07-18 04:26:36.696434,10052.54,9552.58,499.96,10.79,0.11,1,1,,,,,2026-07-18 04:26:41.538946
411,2026-07-18 04:31:41.604725,10052.54,9552.58,499.96,10.79,0.11,1,1,,,,,2026-07-18 04:31:48.069848
412,2026-07-18 04:36:48.154185,10052.54,9552.58,499.96,10.79,0.11,1,1,,,,,2026-07-18 04:36:54.495437
413,2026-07-18 04:41:54.582446,10052.54,9552.58,499.96,10.79,0.11,1,1,,,,,2026-07-18 04:42:00.532776
414,2026-07-18 04:47:00.609902,10052.54,9552.58,499.96,10.79,0.11,1,1,,,,,2026-07-18 04:47:07.136369
415,2026-07-18 04:52:07.213393,10052.54,9552.58,499.96,10.79,0.11,1,1,,,,,2026-07-18 04:52:13.451131
416,2026-07-18 04:57:13.512973,10052.54,9552.58,499.96,10.79,0.11,1,1,,,,,2026-07-18 04:57:20.176111
417,2026-07-18 05:02:20.261079,10052.54,9552.58,499.96,10.79,0.11,1,1,,,,,2026-07-18 05:02:26.71698
418,2026-07-18 05:07:26.795645,10052.54,9552.58,499.96,10.79,0.11,1,1,,,,,2026-07-18 05:07:33.342617
419,2026-07-18 05:12:33.423475,10052.54,9552.58,499.96,10.79,0.11,1,1,,,,,2026-07-18 05:12:40.000181
420,2026-07-18 05:17:40.081073,10052.54,9552.58,499.96,10.79,0.11,1,1,,,,,2026-07-18 05:17:44.944603
421,2026-07-18 05:22:45.008569,10052.54,9552.58,499.96,10.79,0.11,1,1,,,,,2026-07-18 05:22:51.681429
422,2026-07-18 05:27:51.816369,10052.54,9552.58,499.96,10.79,0.11,1,1,,,,,2026-07-18 05:27:57.517289
423,2026-07-18 05:32:57.606956,10052.54,9552.58,499.96,10.79,0.11,1,1,,,,,2026-07-18 05:33:04.150174
424,2026-07-18 05:38:04.225784,10052.54,9552.58,499.96,10.79,0.11,1,1,,,,,2026-07-18 05:38:10.251389
425,2026-07-18 05:43:10.329443,10040.49,10040.49,0.00,0.00,0.00,0,1,,,,,2026-07-18 05:43:15.141369
426,2026-07-18 05:48:15.229897,10040.49,10040.49,0.00,0.00,0.00,0,1,,,,,2026-07-18 05:48:20.738455
427,2026-07-18 05:53:20.824885,10040.49,10040.49,0.00,0.00,0.00,0,1,,,,,2026-07-18 05:53:25.339577
428,2026-07-18 05:58:25.418135,10040.49,10040.49,0.00,0.00,0.00,0,1,,,,,2026-07-18 05:58:30.525127
429,2026-07-18 06:03:30.602554,10040.49,10040.49,0.00,0.00,0.00,0,2,,,,,2026-07-18 06:03:36.297915
430,2026-07-18 06:08:36.374264,10040.49,10040.49,0.00,8.83,0.09,1,2,,,,,2026-07-18 06:08:42.937884
431,2026-07-18 06:13:43.014401,10039.39,9538.72,500.67,8.83,0.09,1,2,,,,,2026-07-18 06:13:48.4959
432,2026-07-18 06:18:48.577657,10039.39,9538.72,500.67,8.83,0.09,1,2,,,,,2026-07-18 06:18:55.197663
433,2026-07-18 06:23:55.280212,10039.39,9538.72,500.67,8.83,0.09,1,2,,,,,2026-07-18 06:24:01.804602
434,2026-07-18 06:29:01.893469,10039.39,9538.72,500.67,8.83,0.09,1,2,,,,,2026-07-18 06:29:08.113378
435,2026-07-18 06:34:08.196016,10039.39,9538.72,500.67,8.83,0.09,1,2,,,,,2026-07-18 06:34:14.421231
436,2026-07-18 06:39:14.48298,10039.39,9538.72,500.67,8.83,0.09,1,2,,,,,2026-07-18 06:39:21.083276
437,2026-07-18 06:44:21.170355,10039.39,9538.72,500.67,8.83,0.09,1,2,,,,,2026-07-18 06:44:26.662042
438,2026-07-18 06:49:26.729881,10039.39,9538.72,500.67,8.83,0.09,1,2,,,,,2026-07-18 06:49:33.269657
439,2026-07-18 06:54:33.349547,10039.39,9538.72,500.67,8.83,0.09,1,2,,,,,2026-07-18 06:54:40.509996
440,2026-07-18 06:59:40.62794,10039.39,9538.72,500.67,8.83,0.09,1,2,,,,,2026-07-18 06:59:46.732953
441,2026-07-18 07:04:46.821842,10039.39,9538.72,500.67,8.83,0.09,1,2,,,,,2026-07-18 07:04:53.070389
442,2026-07-18 07:09:53.129258,10039.39,9538.72,500.67,8.83,0.09,1,2,,,,,2026-07-18 07:09:59.614517
443,2026-07-18 07:14:59.695371,10039.39,9538.72,500.67,8.83,0.09,1,3,,,,,2026-07-18 07:15:05.305079
444,2026-07-18 07:20:05.382631,10039.39,9538.72,500.67,18.63,0.19,2,3,,,,,2026-07-18 07:20:12.935119
445,2026-07-18 07:25:13.025266,10038.30,9038.38,999.92,18.63,0.19,2,3,,,,,2026-07-18 07:25:20.641949
446,2026-07-18 07:30:20.723488,10038.30,9038.38,999.92,18.63,0.19,2,3,,,,,2026-07-18 07:30:28.386634
447,2026-07-18 07:35:28.471234,10038.30,9038.38,999.92,18.63,0.19,2,3,,,,,2026-07-18 07:35:35.538849
448,2026-07-18 07:40:35.619744,10038.30,9038.38,999.92,18.63,0.19,2,3,,,,,2026-07-18 07:40:42.617022
449,2026-07-18 07:45:42.679912,10038.30,9038.38,999.92,18.63,0.19,2,3,,,,,2026-07-18 07:45:49.0642
450,2026-07-18 07:50:49.147992,10038.30,9038.38,999.92,18.63,0.19,2,3,,,,,2026-07-18 07:50:56.330958
451,2026-07-18 07:55:56.410076,10038.30,9038.38,999.92,18.63,0.19,2,3,,,,,2026-07-18 07:56:03.107759
452,2026-07-18 08:01:03.195491,10038.36,9038.44,999.92,18.63,0.19,2,3,,,,,2026-07-18 08:01:10.136159
453,2026-07-18 08:06:10.204151,10038.36,9038.44,999.92,18.63,0.19,2,3,,,,,2026-07-18 08:06:16.825599
454,2026-07-18 08:11:16.906085,10038.36,9038.44,999.92,18.63,0.19,2,3,,,,,2026-07-18 08:11:24.78693
455,2026-07-18 08:16:24.899839,10038.36,9038.44,999.92,18.63,0.19,2,3,,,,,2026-07-18 08:16:32.326759
456,2026-07-18 08:21:32.40787,10038.36,9038.44,999.92,18.63,0.19,2,3,,,,,2026-07-18 08:21:38.878536
457,2026-07-18 08:26:38.958273,10038.36,9038.44,999.92,18.63,0.19,2,3,,,,,2026-07-18 08:26:46.180209
458,2026-07-18 08:31:46.259486,10038.36,9038.44,999.92,18.63,0.19,2,3,,,,,2026-07-18 08:31:52.765874
459,2026-07-18 08:36:52.827515,10038.36,9038.44,999.92,18.63,0.19,2,3,,,,,2026-07-18 08:37:00.454021
460,2026-07-18 08:42:00.53732,10038.36,9038.44,999.92,18.63,0.19,2,3,,,,,2026-07-18 08:42:06.678185
461,2026-07-18 08:47:06.742267,10038.36,9038.44,999.92,18.63,0.19,2,3,,,,,2026-07-18 08:47:14.137617
462,2026-07-18 08:52:14.218586,10038.36,9038.44,999.92,18.63,0.19,2,3,,,,,2026-07-18 08:52:19.746303
463,2026-07-18 08:57:19.820071,10038.36,9038.44,999.92,18.63,0.19,2,3,,,,,2026-07-18 08:57:26.470953
464,2026-07-18 09:02:26.552876,10038.36,9038.44,999.92,18.63,0.19,2,3,,,,,2026-07-18 09:02:33.808729
465,2026-07-18 09:07:33.906168,10038.36,9038.44,999.92,18.63,0.19,2,3,,,,,2026-07-18 09:07:41.055815
466,2026-07-18 09:12:41.137087,10038.36,9038.44,999.92,18.63,0.19,2,3,,,,,2026-07-18 09:12:47.790647
467,2026-07-18 09:17:47.87144,10038.36,9038.44,999.92,18.63,0.19,2,3,,,,,2026-07-18 09:17:55.366583
468,2026-07-18 09:22:55.433518,10038.36,9038.44,999.92,18.63,0.19,2,3,,,,,2026-07-18 09:23:02.357429
469,2026-07-18 09:28:02.454022,10038.36,9038.44,999.92,18.63,0.19,2,3,,,,,2026-07-18 09:28:10.467223
470,2026-07-18 09:33:10.530347,10038.36,9038.44,999.92,18.63,0.19,2,3,,,,,2026-07-18 09:33:17.906183
471,2026-07-18 09:38:17.988079,10038.36,9038.44,999.92,18.63,0.19,2,3,,,,,2026-07-18 09:38:25.584497
472,2026-07-18 09:43:25.667273,10038.36,9038.44,999.92,18.63,0.19,2,3,,,,,2026-07-18 09:43:31.035037
473,2026-07-18 09:48:31.103437,10038.36,9038.44,999.92,18.63,0.19,2,3,,,,,2026-07-18 09:48:37.575996
474,2026-07-18 09:53:37.657082,10038.36,9038.44,999.92,18.63,0.19,2,3,,,,,2026-07-18 09:53:44.320616
475,2026-07-18 09:58:44.39653,10038.36,9038.44,999.92,18.63,0.19,2,3,,,,,2026-07-18 09:58:50.424982
476,2026-07-18 10:03:50.487405,10038.36,9038.44,999.92,18.63,0.19,2,3,,,,,2026-07-18 10:03:58.096793
477,2026-07-18 10:08:58.184316,10038.36,9038.44,999.92,18.63,0.19,2,3,,,,,2026-07-18 10:09:05.602185
478,2026-07-18 10:14:05.664739,10038.36,9038.44,999.92,18.63,0.19,2,3,,,,,2026-07-18 10:14:13.087552
479,2026-07-18 10:19:13.155067,10038.36,9038.44,999.92,18.63,0.19,2,3,,,,,2026-07-18 10:19:20.565481
480,2026-07-18 10:24:20.651698,10038.36,9038.44,999.92,18.63,0.19,2,3,,,,,2026-07-18 10:24:26.775127
481,2026-07-18 10:29:26.865563,10038.36,9038.44,999.92,18.63,0.19,2,3,,,,,2026-07-18 10:29:33.99208
482,2026-07-18 10:34:34.071836,10038.36,9038.44,999.92,18.63,0.19,2,3,,,,,2026-07-18 10:34:41.47462
483,2026-07-18 10:39:41.561008,10038.36,9038.44,999.92,18.63,0.19,2,3,,,,,2026-07-18 10:39:47.832863
484,2026-07-18 10:44:47.907134,10038.36,9038.44,999.92,18.63,0.19,2,3,,,,,2026-07-18 10:44:56.403803
485,2026-07-18 10:49:56.473547,10038.36,9038.44,999.92,18.63,0.19,2,3,,,,,2026-07-18 10:50:03.612264
486,2026-07-18 10:55:03.68936,10038.36,9038.44,999.92,18.63,0.19,2,3,,,,,2026-07-18 10:55:10.680494
487,2026-07-18 11:00:10.771231,10038.36,9038.44,999.92,18.63,0.19,2,3,,,,,2026-07-18 11:00:18.205012
488,2026-07-18 11:05:18.287851,10038.36,9038.44,999.92,18.63,0.19,2,3,,,,,2026-07-18 11:05:26.110395
489,2026-07-18 11:10:26.191252,10038.36,9038.44,999.92,18.63,0.19,2,3,,,,,2026-07-18 11:10:33.693377
490,2026-07-18 11:15:33.771379,10038.36,9038.44,999.92,18.63,0.19,2,3,,,,,2026-07-18 11:15:40.908298
491,2026-07-18 11:20:40.975242,10038.36,9038.44,999.92,18.63,0.19,2,3,,,,,2026-07-18 11:20:48.306301
492,2026-07-18 11:25:48.370434,10038.36,9038.44,999.92,18.63,0.19,2,3,,,,,2026-07-18 11:25:55.523543
493,2026-07-18 11:30:55.606143,10038.36,9038.44,999.92,18.63,0.19,2,3,,,,,2026-07-18 11:31:01.264724
494,2026-07-18 11:36:01.344529,10038.36,9038.44,999.92,18.63,0.19,2,3,,,,,2026-07-18 11:36:08.462314
495,2026-07-18 11:41:08.537471,10038.36,9038.44,999.92,18.63,0.19,2,3,,,,,2026-07-18 11:41:16.108534
496,2026-07-18 11:46:16.171715,10038.36,9038.44,999.92,18.63,0.19,2,3,,,,,2026-07-18 11:46:22.54449
497,2026-07-18 11:51:22.601076,10038.36,9038.44,999.92,18.63,0.19,2,3,,,,,2026-07-18 11:51:30.036217
498,2026-07-18 11:56:30.124272,10038.36,9038.44,999.92,18.63,0.19,2,3,,,,,2026-07-18 11:56:37.187354
499,2026-07-18 12:01:37.263292,10038.36,9038.44,999.92,18.63,0.19,2,3,,,,,2026-07-18 12:01:45.532953
500,2026-07-18 12:06:45.641756,10038.36,9038.44,999.92,18.63,0.19,2,5,,,,,2026-07-18 12:06:53.017931
501,2026-07-18 12:11:53.079958,10038.36,9038.44,999.92,34.99,0.35,4,5,,,,,2026-07-18 12:12:02.947239
502,2026-07-18 12:17:03.024344,10036.16,8034.37,2001.79,34.99,0.35,4,5,,,,,2026-07-18 12:17:12.808692
503,2026-07-18 12:22:12.892694,10036.16,8034.37,2001.79,34.99,0.35,4,5,,,,,2026-07-18 12:22:22.114457
504,2026-07-18 12:27:22.181457,10036.16,8034.37,2001.79,34.99,0.35,4,5,,,,,2026-07-18 12:27:31.5552
505,2026-07-18 12:32:31.635527,10036.16,8034.37,2001.79,34.99,0.35,4,5,,,,,2026-07-18 12:32:39.848336
506,2026-07-18 12:37:39.914686,10036.16,8034.37,2001.79,34.99,0.35,4,5,,,,,2026-07-18 12:37:49.378646
507,2026-07-18 12:42:49.456473,10036.16,8034.37,2001.79,34.99,0.35,4,5,,,,,2026-07-18 12:42:58.620581
508,2026-07-18 12:47:58.682207,10036.16,8034.37,2001.79,34.99,0.35,4,5,,,,,2026-07-18 12:48:08.075896
509,2026-07-18 12:53:08.156862,10036.16,8034.37,2001.79,34.99,0.35,4,5,,,,,2026-07-18 12:53:17.496541
510,2026-07-18 12:58:17.557964,10036.16,8034.37,2001.79,34.99,0.35,4,5,,,,,2026-07-18 12:58:24.654239
511,2026-07-18 13:03:24.73729,10036.16,8034.37,2001.79,34.99,0.35,4,5,,,,,2026-07-18 13:03:33.857918
512,2026-07-18 13:08:33.940621,10036.16,8034.37,2001.79,34.99,0.35,4,5,,,,,2026-07-18 13:08:43.540567
513,2026-07-18 13:13:43.625574,10036.16,8034.37,2001.79,34.99,0.35,4,5,,,,,2026-07-18 13:13:52.425571
514,2026-07-18 13:18:52.514597,10026.01,8524.89,1501.12,22.34,0.22,3,6,,,,,2026-07-18 13:19:01.723419
515,2026-07-18 13:24:01.81458,10034.70,9032.83,1001.87,25.09,0.25,3,6,,,,,2026-07-18 13:24:09.105317
516,2026-07-18 13:29:09.176844,10033.61,8534.80,1498.81,25.09,0.25,3,6,,,,,2026-07-18 13:29:17.085514
517,2026-07-18 13:34:17.165805,10033.61,8534.80,1498.81,25.09,0.25,3,6,,,,,2026-07-18 13:34:25.128151
518,2026-07-18 13:39:25.188696,10033.61,8534.80,1498.81,25.09,0.25,3,6,,,,,2026-07-18 13:39:33.681386
519,2026-07-18 13:44:33.761446,10033.61,8534.80,1498.81,25.09,0.25,3,6,,,,,2026-07-18 13:44:42.29372
520,2026-07-18 13:49:42.375793,10033.61,8534.80,1498.81,25.09,0.25,3,6,,,,,2026-07-18 13:49:49.577905
521,2026-07-18 13:54:49.640493,10033.61,8534.80,1498.81,25.09,0.25,3,6,,,,,2026-07-18 13:54:58.150369
522,2026-07-18 13:59:58.236164,10033.61,8534.80,1498.81,25.09,0.25,3,6,,,,,2026-07-18 14:00:06.101354
523,2026-07-18 14:05:06.162768,10033.61,8534.80,1498.81,25.09,0.25,3,6,,,,,2026-07-18 14:05:13.853419
524,2026-07-18 14:10:13.928406,10033.61,8534.80,1498.81,25.09,0.25,3,6,,,,,2026-07-18 14:10:22.638787
525,2026-07-18 14:15:22.721772,10033.61,8534.80,1498.81,25.09,0.25,3,6,,,,,2026-07-18 14:15:29.546914
526,2026-07-18 14:20:29.62716,10033.61,8534.80,1498.81,25.09,0.25,3,6,,,,,2026-07-18 14:20:37.105289
527,2026-07-18 14:25:37.194073,10033.61,8534.80,1498.81,25.09,0.25,3,6,,,,,2026-07-18 14:25:45.550458
528,2026-07-18 14:30:45.63208,10033.61,8534.80,1498.81,25.09,0.25,3,6,,,,,2026-07-18 14:30:53.993218
529,2026-07-18 14:35:54.071722,10033.61,8534.80,1498.81,25.09,0.25,3,6,,,,,2026-07-18 14:36:03.000351
530,2026-07-18 14:41:03.093821,10033.61,8534.80,1498.81,25.09,0.25,3,6,,,,,2026-07-18 14:41:11.171168
531,2026-07-18 14:46:11.248268,10033.61,8534.80,1498.81,25.09,0.25,3,6,,,,,2026-07-18 14:46:19.752882
532,2026-07-18 14:51:19.839576,10033.61,8534.80,1498.81,25.09,0.25,3,6,,,,,2026-07-18 14:51:27.129184
533,2026-07-18 14:56:27.187975,10033.61,8534.80,1498.81,25.09,0.25,3,6,,,,,2026-07-18 14:56:34.848902
534,2026-07-18 15:01:34.936157,10033.61,8534.80,1498.81,25.09,0.25,3,6,,,,,2026-07-18 15:01:42.560921
535,2026-07-18 15:06:42.642482,10033.61,8534.80,1498.81,25.09,0.25,3,6,,,,,2026-07-18 15:06:49.475281
536,2026-07-18 15:11:49.535521,10033.61,8534.80,1498.81,25.09,0.25,3,6,,,,,2026-07-18 15:11:57.67529
537,2026-07-18 15:16:57.757394,10033.61,8534.80,1498.81,25.09,0.25,3,6,,,,,2026-07-18 15:17:04.876669
538,2026-07-18 15:22:04.941076,10033.61,8534.80,1498.81,25.09,0.25,3,6,,,,,2026-07-18 15:22:13.065016
539,2026-07-18 15:27:13.147369,10033.61,8534.80,1498.81,25.09,0.25,3,6,,,,,2026-07-18 15:27:21.991784
540,2026-07-18 15:32:22.073855,10033.61,8534.80,1498.81,25.09,0.25,3,6,,,,,2026-07-18 15:32:30.728941
541,2026-07-18 15:37:30.803367,10033.61,8534.80,1498.81,25.09,0.25,3,6,,,,,2026-07-18 15:37:38.800483
542,2026-07-18 15:42:38.883025,10033.61,8534.80,1498.81,25.09,0.25,3,6,,,,,2026-07-18 15:42:46.875155
543,2026-07-18 15:47:46.933279,10033.61,8534.80,1498.81,25.09,0.25,3,6,,,,,2026-07-18 15:47:54.840332
544,2026-07-18 15:52:54.927044,10033.61,8534.80,1498.81,25.09,0.25,3,6,,,,,2026-07-18 15:53:02.645633
545,2026-07-18 15:58:02.707923,10033.61,8534.80,1498.81,25.09,0.25,3,6,,,,,2026-07-18 15:58:10.824567
546,2026-07-18 16:03:10.887506,10033.66,8534.85,1498.81,25.09,0.25,3,6,,,,,2026-07-18 16:03:19.596119
547,2026-07-18 16:08:19.681417,10033.66,8534.85,1498.81,25.09,0.25,3,6,,,,,2026-07-18 16:08:28.299954
548,2026-07-18 16:13:28.378078,10033.66,8534.85,1498.81,25.09,0.25,3,6,,,,,2026-07-18 16:13:35.04332
549,2026-07-18 16:18:35.119783,10033.66,8534.85,1498.81,25.09,0.25,3,6,,,,,2026-07-18 16:18:43.717294
550,2026-07-18 16:23:43.831571,10033.66,8534.85,1498.81,25.09,0.25,3,6,,,,,2026-07-18 16:23:51.34089
551,2026-07-18 16:28:51.437296,10033.66,8534.85,1498.81,25.09,0.25,3,6,,,,,2026-07-18 16:28:59.382792
552,2026-07-18 16:33:59.463183,10033.66,8534.85,1498.81,25.09,0.25,3,6,,,,,2026-07-18 16:34:06.950705
553,2026-07-18 16:39:07.030578,10033.66,8534.85,1498.81,25.09,0.25,3,6,,,,,2026-07-18 16:39:14.575024
554,2026-07-18 16:44:14.654989,10033.66,8534.85,1498.81,25.09,0.25,3,6,,,,,2026-07-18 16:44:24.335469
555,2026-07-18 16:49:24.421366,10033.66,8534.85,1498.81,25.09,0.25,3,6,,,,,2026-07-18 16:49:33.71757
556,2026-07-18 16:54:33.804851,10033.66,8534.85,1498.81,25.09,0.25,3,6,,,,,2026-07-18 16:54:41.345391
557,2026-07-18 16:59:41.418868,10023.45,9021.58,1001.87,16.36,0.16,2,6,,,,,2026-07-18 16:59:52.939697
558,2026-07-18 17:04:53.055657,10023.45,9021.58,1001.87,16.36,0.16,2,6,,,,,2026-07-18 17:05:04.694344
559,2026-07-18 17:10:04.820323,10023.45,9021.58,1001.87,16.36,0.16,2,6,,,,,2026-07-18 17:10:16.07427
560,2026-07-18 17:15:16.203431,10023.45,9021.58,1001.87,16.36,0.16,2,6,,,,,2026-07-18 17:15:26.1326
561,2026-07-18 17:20:26.211166,10023.45,9021.58,1001.87,16.36,0.16,2,6,,,,,2026-07-18 17:20:35.015467
562,2026-07-18 17:25:35.130648,10023.45,9021.58,1001.87,16.36,0.16,2,6,,,,,2026-07-18 17:25:43.269964
563,2026-07-18 17:30:43.359925,10023.45,9021.58,1001.87,16.36,0.16,2,6,,,,,2026-07-18 17:30:51.557647
564,2026-07-18 17:35:51.645275,10023.45,9021.58,1001.87,16.36,0.16,2,6,,,,,2026-07-18 17:36:00.922412
565,2026-07-18 17:41:01.072058,10023.45,9021.58,1001.87,16.36,0.16,2,6,,,,,2026-07-18 17:41:08.855935
566,2026-07-18 17:46:08.940825,10023.45,9021.58,1001.87,16.36,0.16,2,7,,,,,2026-07-18 17:46:16.268239
567,2026-07-18 17:51:16.382617,10011.98,9510.97,501.01,14.43,0.14,2,7,,,,,2026-07-18 17:51:24.897669
568,2026-07-18 17:56:24.992852,10010.88,9010.28,1000.60,14.43,0.14,2,7,,,,,2026-07-18 17:56:37.314538
569,2026-07-18 18:01:37.438225,10010.88,9010.28,1000.60,14.43,0.14,2,7,,,,,2026-07-18 18:01:50.051262
570,2026-07-18 18:06:50.171814,10010.88,9010.28,1000.60,14.43,0.14,2,7,,,,,2026-07-18 18:07:02.357651
571,2026-07-18 18:12:02.482547,10010.88,9010.28,1000.60,14.43,0.14,2,7,,,,,2026-07-18 18:12:09.867063
572,2026-07-18 18:17:09.9517,10010.88,9010.28,1000.60,14.43,0.14,2,7,,,,,2026-07-18 18:17:18.207944
573,2026-07-18 18:22:18.29137,10010.88,9010.28,1000.60,14.43,0.14,2,7,,,,,2026-07-18 18:22:25.622561
574,2026-07-18 18:27:25.702992,10010.88,9010.28,1000.60,12.60,0.13,2,7,,,,,2026-07-18 18:27:34.026349
575,2026-07-18 18:32:34.120095,10010.88,9010.28,1000.60,12.60,0.13,2,8,,,,,2026-07-18 18:32:42.719071
576,2026-07-18 18:37:42.812757,10010.88,9010.28,1000.60,34.78,0.35,3,8,,,,,2026-07-18 18:37:52.198861
577,2026-07-18 18:42:52.313955,10009.78,8508.50,1501.28,34.78,0.35,3,8,,,,,2026-07-18 18:43:01.141145
578,2026-07-18 18:48:01.220323,10009.78,8508.50,1501.28,34.78,0.35,3,8,,,,,2026-07-18 18:48:10.109497
579,2026-07-18 18:53:10.210382,10009.78,8508.50,1501.28,34.78,0.35,3,8,,,,,2026-07-18 18:53:20.11752
580,2026-07-18 18:58:20.192492,10009.78,8508.50,1501.28,34.78,0.35,3,8,,,,,2026-07-18 18:58:28.890345
581,2026-07-18 19:03:28.981632,10009.78,8508.50,1501.28,34.78,0.35,3,8,,,,,2026-07-18 19:03:37.214985
582,2026-07-18 19:08:37.280373,10009.78,8508.50,1501.28,34.78,0.35,3,8,,,,,2026-07-18 19:08:46.015208
583,2026-07-18 19:13:46.097445,10009.78,8508.50,1501.28,34.78,0.35,3,8,,,,,2026-07-18 19:13:55.976099
584,2026-07-18 19:18:56.090083,10009.78,8508.50,1501.28,34.78,0.35,3,9,,,,,2026-07-18 19:19:05.442417
585,2026-07-18 19:24:05.53048,10009.78,8508.50,1501.28,52.33,0.52,4,9,,,,,2026-07-18 19:24:15.19719
586,2026-07-18 19:29:15.284574,10008.69,8007.65,2001.04,52.33,0.52,4,9,,,,,2026-07-18 19:29:24.607168
587,2026-07-18 19:34:24.697469,10008.69,8007.65,2001.04,52.33,0.52,4,9,,,,,2026-07-18 19:34:32.628593
588,2026-07-18 19:39:32.716016,10008.69,8007.65,2001.04,52.33,0.52,4,9,,,,,2026-07-18 19:39:42.884677
589,2026-07-18 19:44:42.97716,10008.69,8007.65,2001.04,52.33,0.52,4,9,,,,,2026-07-18 19:44:53.331983
590,2026-07-18 19:49:53.415646,10008.69,8007.65,2001.04,52.33,0.52,4,9,,,,,2026-07-18 19:50:03.444549
591,2026-07-18 19:55:03.535071,10008.69,8007.65,2001.04,52.33,0.52,4,9,,,,,2026-07-18 19:55:12.704946
592,2026-07-18 20:00:12.792253,10008.69,8007.65,2001.04,52.33,0.52,4,9,,,,,2026-07-18 20:00:20.498963
593,2026-07-18 20:05:20.570348,10008.69,8007.65,2001.04,52.33,0.52,4,9,,,,,2026-07-18 20:05:30.630545
594,2026-07-18 20:10:30.704213,10008.69,8007.65,2001.04,52.33,0.52,4,9,,,,,2026-07-18 20:10:40.410779
595,2026-07-18 20:15:40.474683,10008.69,8007.65,2001.04,52.33,0.52,4,9,,,,,2026-07-18 20:15:48.302431
596,2026-07-18 20:20:48.37808,10008.69,8007.65,2001.04,52.33,0.52,4,9,,,,,2026-07-18 20:20:57.63542
597,2026-07-18 20:25:57.735025,10018.81,8517.36,1501.45,46.35,0.46,3,9,,,,,2026-07-18 20:26:06.870725
598,2026-07-18 20:31:06.94132,10018.81,8517.36,1501.45,46.35,0.46,3,9,,,,,2026-07-18 20:31:15.691785
599,2026-07-18 20:36:15.777882,10018.81,8517.36,1501.45,46.35,0.46,3,9,,,,,2026-07-18 20:36:25.34223
600,2026-07-18 20:41:25.469316,10018.81,8517.36,1501.45,46.35,0.46,3,9,,,,,2026-07-18 20:41:34.330747
601,2026-07-18 20:46:34.405322,10018.81,8517.36,1501.45,46.35,0.46,3,9,,,,,2026-07-18 20:46:43.3833
602,2026-07-18 20:51:43.467775,10018.81,8517.36,1501.45,46.35,0.46,3,9,,,,,2026-07-18 20:51:52.125854
603,2026-07-18 20:56:52.20439,10018.81,8517.36,1501.45,46.35,0.46,3,9,,,,,2026-07-18 20:57:01.415952
604,2026-07-18 21:02:01.510189,10018.81,8517.36,1501.45,46.35,0.46,3,9,,,,,2026-07-18 21:02:10.811977
605,2026-07-18 21:07:10.897823,10018.81,8517.36,1501.45,46.35,0.46,3,9,,,,,2026-07-18 21:07:19.915781
606,2026-07-18 21:12:20.010682,10018.81,8517.36,1501.45,46.35,0.46,3,9,,,,,2026-07-18 21:12:27.924983
607,2026-07-18 21:17:28.009025,10018.81,8517.36,1501.45,46.35,0.46,3,9,,,,,2026-07-18 21:17:37.332318
608,2026-07-18 21:22:37.413378,10018.81,8517.36,1501.45,45.73,0.46,3,9,,,,,2026-07-18 21:22:46.23402
609,2026-07-18 21:27:46.334074,10018.81,8517.36,1501.45,45.73,0.46,3,9,,,,,2026-07-18 21:27:55.348584
610,2026-07-18 21:32:55.421807,10018.81,8517.36,1501.45,45.73,0.46,3,9,,,,,2026-07-18 21:33:02.900864
611,2026-07-18 21:38:02.968928,10018.81,8517.36,1501.45,45.73,0.46,3,9,,,,,2026-07-18 21:38:11.49471
612,2026-07-18 21:43:11.584078,10018.81,8517.36,1501.45,45.73,0.46,3,9,,,,,2026-07-18 21:43:19.796604
613,2026-07-18 21:48:19.888476,10018.81,8517.36,1501.45,45.73,0.46,3,9,,,,,2026-07-18 21:48:28.654458
614,2026-07-18 21:53:28.750786,10018.81,8517.36,1501.45,45.73,0.46,3,9,,,,,2026-07-18 21:53:36.985194
615,2026-07-18 21:58:37.047397,10018.81,8517.36,1501.45,45.73,0.46,3,9,,,,,2026-07-18 21:58:45.962795
616,2026-07-18 22:03:46.036136,10018.81,8517.36,1501.45,45.73,0.46,3,9,,,,,2026-07-18 22:03:55.002572
617,2026-07-18 22:08:55.092978,10018.81,8517.36,1501.45,45.73,0.46,3,9,,,,,2026-07-18 22:09:03.956736
618,2026-07-18 22:14:04.029455,10018.81,8517.36,1501.45,45.73,0.46,3,9,,,,,2026-07-18 22:14:11.615317
619,2026-07-18 22:19:11.703087,10018.81,8517.36,1501.45,45.73,0.46,3,9,,,,,2026-07-18 22:19:21.44548
620,2026-07-18 22:24:21.550513,10018.81,8517.36,1501.45,45.73,0.46,3,9,,,,,2026-07-18 22:24:29.964369
621,2026-07-18 22:29:30.057192,10018.81,8517.36,1501.45,45.73,0.46,3,9,,,,,2026-07-18 22:29:38.842008
622,2026-07-18 22:34:38.926197,10018.81,8517.36,1501.45,45.73,0.46,3,9,,,,,2026-07-18 22:34:47.758104
623,2026-07-18 22:39:47.836013,10018.81,8517.36,1501.45,45.73,0.46,3,9,,,,,2026-07-18 22:39:56.839443
624,2026-07-18 22:44:56.924589,10018.81,8517.36,1501.45,45.73,0.46,3,10,,,,,2026-07-18 22:45:06.157847
625,2026-07-18 22:50:06.2465,10018.81,8517.36,1501.45,58.19,0.58,4,10,,,,,2026-07-18 22:50:16.46013
626,2026-07-18 22:55:16.553044,10017.71,8015.21,2002.50,58.19,0.58,4,10,,,,,2026-07-18 22:55:26.746857
627,2026-07-18 23:00:26.830142,10017.71,8015.21,2002.50,58.19,0.58,4,10,,,,,2026-07-18 23:00:36.196316
628,2026-07-18 23:05:36.273675,10017.71,8015.21,2002.50,58.19,0.58,4,10,,,,,2026-07-18 23:05:44.244272
629,2026-07-18 23:10:44.329014,10017.71,8015.21,2002.50,58.19,0.58,4,10,,,,,2026-07-18 23:10:53.168577
630,2026-07-18 23:15:53.25669,10017.71,8015.21,2002.50,58.19,0.58,4,10,,,,,2026-07-18 23:16:03.024394
631,2026-07-18 23:21:03.111687,10017.71,8015.21,2002.50,58.19,0.58,4,10,,,,,2026-07-18 23:21:12.652082
632,2026-07-18 23:26:12.719877,10017.71,8015.21,2002.50,58.19,0.58,4,10,,,,,2026-07-18 23:26:22.712145
633,2026-07-18 23:31:22.783753,10017.71,8015.21,2002.50,58.19,0.58,4,10,,,,,2026-07-18 23:31:32.457705
634,2026-07-18 23:36:32.547075,10017.71,8015.21,2002.50,58.19,0.58,4,10,,,,,2026-07-18 23:36:42.331349
635,2026-07-18 23:41:42.418943,10017.71,8015.21,2002.50,58.19,0.58,4,10,,,,,2026-07-18 23:41:53.336787
636,2026-07-18 23:46:53.417643,10017.71,8015.21,2002.50,58.19,0.58,4,10,,,,,2026-07-18 23:47:02.568506
637,2026-07-18 23:52:02.66336,10017.71,8015.21,2002.50,58.19,0.58,4,10,,,,,2026-07-18 23:52:11.667713
638,2026-07-18 23:57:11.746919,10017.71,8015.21,2002.50,58.19,0.58,4,10,,,,,2026-07-18 23:57:20.436337
639,2026-07-19 00:02:20.508726,10017.71,8015.21,2002.50,58.19,0.58,4,0,,,,,2026-07-19 00:02:29.920496
640,2026-07-19 00:07:29.998421,10017.71,8015.21,2002.50,58.19,0.58,4,0,,,,,2026-07-19 00:07:40.093243
641,2026-07-19 00:12:40.186229,10017.71,8015.21,2002.50,58.19,0.58,4,0,,,,,2026-07-19 00:12:49.345117
642,2026-07-19 00:17:49.434695,10017.71,8015.21,2002.50,58.19,0.58,4,0,,,,,2026-07-19 00:17:59.414728
643,2026-07-19 00:22:59.495896,10017.71,8015.21,2002.50,58.19,0.58,4,0,,,,,2026-07-19 00:23:09.406279
644,2026-07-19 00:28:09.483769,10017.71,8015.21,2002.50,58.19,0.58,4,0,,,,,2026-07-19 00:28:19.785395
645,2026-07-19 00:33:19.876225,10017.71,8015.21,2002.50,58.19,0.58,4,0,,,,,2026-07-19 00:33:29.416378
646,2026-07-19 00:38:29.512123,10017.71,8015.21,2002.50,58.19,0.58,4,0,,,,,2026-07-19 00:38:39.277378
647,2026-07-19 00:43:39.359502,10017.71,8015.21,2002.50,58.19,0.58,4,0,,,,,2026-07-19 00:43:49.340037
648,2026-07-19 00:48:49.418758,10017.71,8015.21,2002.50,58.19,0.58,4,0,,,,,2026-07-19 00:48:58.365796
649,2026-07-19 00:53:58.447436,10017.71,8015.21,2002.50,58.19,0.58,4,0,,,,,2026-07-19 00:54:08.637326
650,2026-07-19 00:59:08.724621,10017.71,8015.21,2002.50,58.19,0.58,4,0,,,,,2026-07-19 00:59:18.543089
651,2026-07-19 01:04:18.64232,10017.71,8015.21,2002.50,58.19,0.58,4,0,,,,,2026-07-19 01:04:27.738726
652,2026-07-19 01:09:27.819721,10017.71,8015.21,2002.50,58.19,0.58,4,0,,,,,2026-07-19 01:09:37.713515
653,2026-07-19 01:14:37.811086,10017.71,8015.21,2002.50,58.19,0.58,4,0,,,,,2026-07-19 01:14:46.719148
654,2026-07-19 01:19:46.804915,10017.71,8015.21,2002.50,58.19,0.58,4,0,,,,,2026-07-19 01:19:56.512761
655,2026-07-19 01:24:56.604994,10017.71,8015.21,2002.50,58.19,0.58,4,0,,,,,2026-07-19 01:25:05.852827
656,2026-07-19 01:30:05.982979,10017.71,8015.21,2002.50,58.19,0.58,4,0,,,,,2026-07-19 01:30:15.999962
657,2026-07-19 01:35:16.107242,10017.71,8015.21,2002.50,58.19,0.58,4,0,,,,,2026-07-19 01:35:26.379788
658,2026-07-19 01:40:26.470135,10017.71,8015.21,2002.50,58.19,0.58,4,0,,,,,2026-07-19 01:40:35.43599
659,2026-07-19 01:45:35.524561,10017.71,8015.21,2002.50,58.19,0.58,4,0,,,,,2026-07-19 01:45:44.231452
660,2026-07-19 01:50:44.292948,10017.71,8015.21,2002.50,58.19,0.58,4,0,,,,,2026-07-19 01:50:52.957183
661,2026-07-19 01:55:53.04087,10017.71,8015.21,2002.50,58.19,0.58,4,0,,,,,2026-07-19 01:56:01.924658
662,2026-07-19 02:01:01.999711,10017.71,8015.21,2002.50,58.19,0.58,4,0,,,,,2026-07-19 02:01:11.717514
663,2026-07-19 02:06:11.777979,10017.71,8015.21,2002.50,58.19,0.58,4,0,,,,,2026-07-19 02:06:21.693527
664,2026-07-19 02:11:21.787501,10017.71,8015.21,2002.50,51.73,0.52,4,0,,,,,2026-07-19 02:11:30.439772
665,2026-07-19 02:16:30.508695,10017.71,8015.21,2002.50,51.73,0.52,4,0,,,,,2026-07-19 02:16:40.7904
666,2026-07-19 02:21:40.888299,10017.71,8015.21,2002.50,40.16,0.40,4,0,,,,,2026-07-19 02:21:50.69322
667,2026-07-19 02:26:50.779441,10017.71,8015.21,2002.50,40.16,0.40,4,0,,,,,2026-07-19 02:27:00.553947
668,2026-07-19 02:32:00.634906,10017.71,8015.21,2002.50,40.16,0.40,4,0,,,,,2026-07-19 02:32:10.326571
669,2026-07-19 02:37:10.411041,10057.27,9055.58,1001.69,28.18,0.28,2,1,,,,,2026-07-19 02:37:18.174134
670,2026-07-19 02:42:18.268033,10057.27,9055.58,1001.69,41.20,0.41,3,1,,,,,2026-07-19 02:42:25.739263
671,2026-07-19 02:47:25.828355,10056.17,8553.88,1502.29,41.20,0.41,3,1,,,,,2026-07-19 02:47:33.513838
672,2026-07-19 02:52:33.592483,10056.17,8553.88,1502.29,41.20,0.41,3,1,,,,,2026-07-19 02:52:39.754193
673,2026-07-19 02:57:39.821382,10056.17,8553.88,1502.29,41.20,0.41,3,1,,,,,2026-07-19 02:57:47.500961
674,2026-07-19 03:02:47.590017,10056.17,8553.88,1502.29,41.20,0.41,3,1,,,,,2026-07-19 03:02:55.472006
675,2026-07-19 03:07:55.543531,10056.17,8553.88,1502.29,41.20,0.41,3,1,,,,,2026-07-19 03:08:02.132088
676,2026-07-19 03:13:02.220967,10056.17,8553.88,1502.29,41.20,0.41,3,1,,,,,2026-07-19 03:13:10.320342
677,2026-07-19 03:18:10.411505,10056.17,8553.88,1502.29,41.20,0.41,3,1,,,,,2026-07-19 03:18:17.559437
678,2026-07-19 03:23:17.659595,10056.17,8553.88,1502.29,41.20,0.41,3,1,,,,,2026-07-19 03:23:25.65424
679,2026-07-19 03:28:25.731589,10056.17,8553.88,1502.29,41.20,0.41,3,1,,,,,2026-07-19 03:28:33.62052
680,2026-07-19 03:33:33.70095,10056.17,8553.88,1502.29,41.20,0.41,3,1,,,,,2026-07-19 03:33:40.749162
681,2026-07-19 03:38:40.833065,10056.17,8553.88,1502.29,41.20,0.41,3,1,,,,,2026-07-19 03:38:48.788168
682,2026-07-19 03:43:48.858834,10056.17,8553.88,1502.29,41.20,0.41,3,1,,,,,2026-07-19 03:43:56.606915
683,2026-07-19 03:48:56.70239,10056.17,8553.88,1502.29,41.20,0.41,3,1,,,,,2026-07-19 03:49:04.428427
684,2026-07-19 03:54:04.511907,10056.17,8553.88,1502.29,41.20,0.41,3,1,,,,,2026-07-19 03:54:11.399633
685,2026-07-19 03:59:11.489081,10056.17,8553.88,1502.29,41.20,0.41,3,1,,,,,2026-07-19 03:59:17.991206
686,2026-07-19 04:04:18.076754,10056.17,8553.88,1502.29,41.20,0.41,3,1,,,,,2026-07-19 04:04:25.093706
687,2026-07-19 04:09:25.173819,10056.17,8553.88,1502.29,41.20,0.41,3,1,,,,,2026-07-19 04:09:32.147992
688,2026-07-19 04:14:32.238752,10048.35,9047.07,1001.28,35.20,0.35,2,1,,,,,2026-07-19 04:14:39.66335
689,2026-07-19 04:19:39.730756,10048.35,9047.07,1001.28,35.20,0.35,2,1,,,,,2026-07-19 04:19:45.281876
690,2026-07-19 04:24:45.373313,10048.35,9047.07,1001.28,35.20,0.35,2,1,,,,,2026-07-19 04:24:51.372135
691,2026-07-19 04:29:51.446542,10048.35,9047.07,1001.28,35.20,0.35,2,1,,,,,2026-07-19 04:30:02.196384
692,2026-07-19 04:35:02.309431,10048.35,9047.07,1001.28,35.20,0.35,2,1,,,,,2026-07-19 04:35:12.460194
693,2026-07-19 04:40:12.575254,10048.35,9047.07,1001.28,35.20,0.35,2,1,,,,,2026-07-19 04:40:19.837616
694,2026-07-19 04:45:19.929915,10048.35,9047.07,1001.28,35.20,0.35,2,1,,,,,2026-07-19 04:45:26.920199
695,2026-07-19 04:50:27.004616,10048.35,9047.07,1001.28,35.20,0.35,2,1,,,,,2026-07-19 04:50:33.514219
696,2026-07-19 04:55:33.604431,10048.35,9047.07,1001.28,35.20,0.35,2,1,,,,,2026-07-19 04:55:40.473536
697,2026-07-19 05:00:40.574473,10048.35,9047.07,1001.28,35.20,0.35,2,1,,,,,2026-07-19 05:00:46.347055
698,2026-07-19 05:05:46.408754,10048.35,9047.07,1001.28,35.20,0.35,2,1,,,,,2026-07-19 05:05:52.696011
699,2026-07-19 05:10:52.794621,10048.35,9047.07,1001.28,35.20,0.35,2,1,,,,,2026-07-19 05:11:00.009926
700,2026-07-19 05:16:00.103946,10048.35,9047.07,1001.28,35.20,0.35,2,1,,,,,2026-07-19 05:16:06.359385
701,2026-07-19 05:21:06.453299,10048.35,9047.07,1001.28,35.20,0.35,2,1,,,,,2026-07-19 05:21:12.723964
702,2026-07-19 05:26:12.802519,10048.35,9047.07,1001.28,35.20,0.35,2,1,,,,,2026-07-19 05:26:19.422273
703,2026-07-19 05:31:19.511768,10048.35,9047.07,1001.28,35.20,0.35,2,1,,,,,2026-07-19 05:31:26.431103
704,2026-07-19 05:36:26.520086,10048.35,9047.07,1001.28,35.20,0.35,2,1,,,,,2026-07-19 05:36:33.179333
705,2026-07-19 05:41:33.254083,10048.35,9047.07,1001.28,35.20,0.35,2,1,,,,,2026-07-19 05:41:40.037211
706,2026-07-19 05:46:40.124029,10048.35,9047.07,1001.28,35.20,0.35,2,1,,,,,2026-07-19 05:46:46.891834
707,2026-07-19 05:51:46.979509,10048.35,9047.07,1001.28,35.20,0.35,2,1,,,,,2026-07-19 05:51:53.294293
708,2026-07-19 05:56:53.358676,10048.35,9047.07,1001.28,35.20,0.35,2,1,,,,,2026-07-19 05:56:59.559839
709,2026-07-19 06:01:59.645924,10048.35,9047.07,1001.28,35.20,0.35,2,1,,,,,2026-07-19 06:02:06.148814
710,2026-07-19 06:07:06.236689,10048.35,9047.07,1001.28,35.20,0.35,2,1,,,,,2026-07-19 06:07:12.811326
711,2026-07-19 06:12:12.893274,10048.35,9047.07,1001.28,35.20,0.35,2,1,,,,,2026-07-19 06:12:19.739377
712,2026-07-19 06:17:19.827793,10048.35,9047.07,1001.28,35.20,0.35,2,1,,,,,2026-07-19 06:17:26.634316
713,2026-07-19 06:22:26.717655,10048.35,9047.07,1001.28,35.20,0.35,2,1,,,,,2026-07-19 06:22:34.14345
714,2026-07-19 06:27:34.230392,10048.35,9047.07,1001.28,35.20,0.35,2,1,,,,,2026-07-19 06:27:40.754172
715,2026-07-19 06:32:40.848173,10048.35,9047.07,1001.28,35.20,0.35,2,1,,,,,2026-07-19 06:32:46.683561
716,2026-07-19 06:37:46.778022,10048.35,9047.07,1001.28,35.20,0.35,2,1,,,,,2026-07-19 06:37:52.367001
717,2026-07-19 06:42:52.433478,10048.35,9047.07,1001.28,35.20,0.35,2,1,,,,,2026-07-19 06:42:58.743305
718,2026-07-19 06:47:58.827676,10048.35,9047.07,1001.28,35.20,0.35,2,1,,,,,2026-07-19 06:48:05.726087
719,2026-07-19 06:53:05.813812,10048.35,9047.07,1001.28,35.20,0.35,2,1,,,,,2026-07-19 06:53:12.115894
720,2026-07-19 06:58:12.201423,10048.35,9047.07,1001.28,35.20,0.35,2,1,,,,,2026-07-19 06:58:19.033382
721,2026-07-19 07:03:19.103724,10048.35,9047.07,1001.28,35.20,0.35,2,1,,,,,2026-07-19 07:03:26.3043
722,2026-07-19 07:08:26.406918,10048.35,9047.07,1001.28,35.20,0.35,2,1,,,,,2026-07-19 07:08:33.336161
723,2026-07-19 07:13:33.42135,10048.35,9047.07,1001.28,35.20,0.35,2,1,,,,,2026-07-19 07:13:39.8835
724,2026-07-19 07:18:39.97251,10048.35,9047.07,1001.28,35.20,0.35,2,1,,,,,2026-07-19 07:18:45.75878
725,2026-07-19 07:23:45.846159,10048.35,9047.07,1001.28,35.20,0.35,2,1,,,,,2026-07-19 07:23:53.167378
726,2026-07-19 07:28:53.23258,10048.35,9047.07,1001.28,35.20,0.35,2,1,,,,,2026-07-19 07:29:00.228276
727,2026-07-19 07:34:00.315615,10048.35,9047.07,1001.28,35.20,0.35,2,1,,,,,2026-07-19 07:34:07.206911
728,2026-07-19 07:39:07.298804,10048.35,9047.07,1001.28,35.20,0.35,2,1,,,,,2026-07-19 07:39:13.527838
729,2026-07-19 07:44:13.622716,10048.35,9047.07,1001.28,35.20,0.35,2,1,,,,,2026-07-19 07:44:20.35753
730,2026-07-19 07:49:20.445413,10048.35,9047.07,1001.28,35.20,0.35,2,2,,,,,2026-07-19 07:49:26.54357
731,2026-07-19 07:54:26.634939,10048.35,9047.07,1001.28,41.37,0.41,3,2,,,,,2026-07-19 07:54:33.464482
732,2026-07-19 07:59:33.553646,10047.25,8545.40,1501.85,41.37,0.41,3,2,,,,,2026-07-19 07:59:41.149559
733,2026-07-19 08:04:41.222302,10047.24,8545.39,1501.85,41.37,0.41,3,2,,,,,2026-07-19 08:04:49.15797
734,2026-07-19 08:09:49.251079,10047.24,8545.39,1501.85,41.37,0.41,3,2,,,,,2026-07-19 08:09:55.924263
735,2026-07-19 08:14:55.992228,10047.24,8545.39,1501.85,41.37,0.41,3,2,,,,,2026-07-19 08:15:03.799795
736,2026-07-19 08:20:03.890082,10047.24,8545.39,1501.85,41.37,0.41,3,2,,,,,2026-07-19 08:20:11.554389
737,2026-07-19 08:25:11.622366,10047.24,8545.39,1501.85,41.37,0.41,3,2,,,,,2026-07-19 08:25:19.080201
738,2026-07-19 08:30:19.176317,10047.24,8545.39,1501.85,41.37,0.41,3,2,,,,,2026-07-19 08:30:26.613075
739,2026-07-19 08:35:26.683738,10047.24,8545.39,1501.85,41.37,0.41,3,2,,,,,2026-07-19 08:35:34.531822
740,2026-07-19 08:40:34.631219,10047.24,8545.39,1501.85,41.37,0.41,3,2,,,,,2026-07-19 08:40:41.55398
741,2026-07-19 08:45:41.635851,10047.24,8545.39,1501.85,41.37,0.41,3,2,,,,,2026-07-19 08:45:50.244388
742,2026-07-19 08:50:50.344031,10047.24,8545.39,1501.85,41.37,0.41,3,2,,,,,2026-07-19 08:50:58.264397
743,2026-07-19 08:55:58.360318,10047.24,8545.39,1501.85,41.37,0.41,3,2,,,,,2026-07-19 08:56:05.597226
744,2026-07-19 09:01:05.686438,10047.24,8545.39,1501.85,41.37,0.41,3,2,,,,,2026-07-19 09:01:13.65534
745,2026-07-19 09:06:13.741607,10047.24,8545.39,1501.85,41.37,0.41,3,2,,,,,2026-07-19 09:06:20.78236
746,2026-07-19 09:11:20.86089,10047.24,8545.39,1501.85,41.37,0.41,3,2,,,,,2026-07-19 09:11:28.118451
747,2026-07-19 09:16:28.211504,10047.24,8545.39,1501.85,41.37,0.41,3,2,,,,,2026-07-19 09:16:36.042175
748,2026-07-19 09:21:36.132079,10039.71,9038.43,1001.28,35.20,0.35,2,3,,,,,2026-07-19 09:21:42.635426
749,2026-07-19 09:26:42.697604,10039.71,9038.43,1001.28,35.20,0.35,2,4,,,,,2026-07-19 09:26:50.636252
750,2026-07-19 09:31:50.743282,10039.71,9038.43,1001.28,41.84,0.42,3,4,,,,,2026-07-19 09:32:03.319042
751,2026-07-19 09:37:03.48011,10038.61,8537.01,1501.60,41.84,0.42,3,4,,,,,2026-07-19 09:37:15.563488
752,2026-07-19 09:42:15.732542,10038.61,8537.01,1501.60,41.84,0.42,3,4,,,,,2026-07-19 09:42:27.513741
753,2026-07-19 09:47:27.753501,10038.61,8537.01,1501.60,41.84,0.42,3,4,,,,,2026-07-19 09:47:40.765863
754,2026-07-19 09:52:40.887701,10038.61,8537.01,1501.60,41.84,0.42,3,4,,,,,2026-07-19 09:52:53.809459
755,2026-07-19 09:57:53.94936,10038.61,8537.01,1501.60,41.84,0.42,3,4,,,,,2026-07-19 09:58:02.473742
756,2026-07-19 10:03:02.579356,10038.61,8537.01,1501.60,41.84,0.42,3,4,,,,,2026-07-19 10:03:10.467819
757,2026-07-19 10:08:10.546567,10038.61,8537.01,1501.60,41.84,0.42,3,4,,,,,2026-07-19 10:08:19.213162
758,2026-07-19 10:13:19.335832,10038.61,8537.01,1501.60,41.84,0.42,3,4,,,,,2026-07-19 10:13:27.712786
759,2026-07-19 10:18:27.788523,10038.61,8537.01,1501.60,41.84,0.42,3,4,,,,,2026-07-19 10:18:37.597217
760,2026-07-19 10:23:37.691019,10038.61,8537.01,1501.60,41.84,0.42,3,4,,,,,2026-07-19 10:23:51.352889
761,2026-07-19 10:28:51.500901,10038.61,8537.01,1501.60,41.84,0.42,3,4,,,,,2026-07-19 10:29:09.77926
762,2026-07-19 10:34:10.008142,10038.61,8537.01,1501.60,41.84,0.42,3,4,,,,,2026-07-19 10:34:30.23371
763,2026-07-19 10:39:30.386472,10038.61,8537.01,1501.60,41.84,0.42,3,4,,,,,2026-07-19 10:39:46.377346
764,2026-07-19 10:44:46.535739,10038.61,8537.01,1501.60,41.84,0.42,3,4,,,,,2026-07-19 10:45:01.331938
765,2026-07-19 10:50:01.575744,10038.61,8537.01,1501.60,41.84,0.42,3,4,,,,,2026-07-19 10:50:16.558909
766,2026-07-19 10:55:16.777095,10038.61,8537.01,1501.60,41.84,0.42,3,4,,,,,2026-07-19 10:55:26.946601
767,2026-07-19 11:00:27.038463,10038.61,8537.01,1501.60,41.84,0.42,3,4,,,,,2026-07-19 11:00:53.265696
768,2026-07-19 11:05:53.570203,10038.61,8537.01,1501.60,41.84,0.42,3,4,,,,,2026-07-19 11:06:13.959485
769,2026-07-19 11:11:14.184564,10038.61,8537.01,1501.60,41.84,0.42,3,4,,,,,2026-07-19 11:11:25.897559
770,2026-07-19 11:16:26.014468,10038.61,8537.01,1501.60,41.84,0.42,3,4,,,,,2026-07-19 11:16:34.550637
771,2026-07-19 11:21:34.635824,10038.61,8537.01,1501.60,34.81,0.35,3,4,,,,,2026-07-19 11:21:46.963216
772,2026-07-19 11:26:47.07926,10046.31,9045.03,1001.28,28.17,0.28,2,4,,,,,2026-07-19 11:26:54.598314
773,2026-07-19 11:31:54.6668,10046.31,9045.03,1001.28,28.17,0.28,2,4,,,,,2026-07-19 11:32:08.42565
774,2026-07-19 11:37:08.573363,10046.31,9045.03,1001.28,28.17,0.28,2,4,,,,,2026-07-19 11:37:15.356866
775,2026-07-19 11:42:15.459618,10046.31,9045.03,1001.28,28.17,0.28,2,4,,,,,2026-07-19 11:42:28.457247
776,2026-07-19 11:47:28.591508,10046.31,9045.03,1001.28,28.17,0.28,2,4,,,,,2026-07-19 11:47:35.761034
777,2026-07-19 11:52:35.852726,10046.31,9045.03,1001.28,28.17,0.28,2,4,,,,,2026-07-19 11:52:45.831217
778,2026-07-19 11:57:45.946666,10046.31,9045.03,1001.28,28.17,0.28,2,4,,,,,2026-07-19 11:57:56.864277
779,2026-07-19 12:02:56.994502,10046.31,9045.03,1001.28,28.17,0.28,2,4,,,,,2026-07-19 12:03:08.722604
780,2026-07-19 12:08:08.864936,10046.31,9045.03,1001.28,28.17,0.28,2,4,,,,,2026-07-19 12:08:16.188086
781,2026-07-19 12:13:16.264621,10046.31,9045.03,1001.28,28.17,0.28,2,4,,,,,2026-07-19 12:13:23.744384
782,2026-07-19 12:18:23.813546,10046.31,9045.03,1001.28,28.17,0.28,2,4,,,,,2026-07-19 12:18:31.303101
783,2026-07-19 12:23:31.402979,10046.31,9045.03,1001.28,28.17,0.28,2,4,,,,,2026-07-19 12:23:38.2816
784,2026-07-19 12:28:38.38469,10046.31,9045.03,1001.28,28.17,0.28,2,4,,,,,2026-07-19 12:28:44.033765
785,2026-07-19 12:33:44.126328,10046.31,9045.03,1001.28,28.17,0.28,2,4,,,,,2026-07-19 12:33:55.797167
786,2026-07-19 12:38:55.93636,10046.31,9045.03,1001.28,28.17,0.28,2,4,,,,,2026-07-19 12:39:07.486828
787,2026-07-19 12:44:07.613078,10046.31,9045.03,1001.28,28.17,0.28,2,4,,,,,2026-07-19 12:44:19.275435
788,2026-07-19 12:49:19.398133,10046.31,9045.03,1001.28,28.17,0.28,2,4,,,,,2026-07-19 12:49:26.243168
789,2026-07-19 12:54:26.339282,10046.31,9045.03,1001.28,28.17,0.28,2,4,,,,,2026-07-19 12:54:32.843911
790,2026-07-19 12:59:32.952473,10046.31,9045.03,1001.28,28.17,0.28,2,4,,,,,2026-07-19 12:59:44.242849
791,2026-07-19 13:04:44.396118,10046.31,9045.03,1001.28,28.17,0.28,2,4,,,,,2026-07-19 13:04:56.936683
792,2026-07-19 13:09:57.091938,10046.31,9045.03,1001.28,28.17,0.28,2,4,,,,,2026-07-19 13:10:11.589183
793,2026-07-19 13:15:11.781283,10046.31,9045.03,1001.28,28.17,0.28,2,4,,,,,2026-07-19 13:15:23.358115
794,2026-07-19 13:20:23.651584,10046.31,9045.03,1001.28,28.17,0.28,2,4,,,,,2026-07-19 13:20:31.412667
795,2026-07-19 13:25:31.505154,10046.31,9045.03,1001.28,28.17,0.28,2,4,,,,,2026-07-19 13:25:53.254318
796,2026-07-19 13:30:54.001639,10046.31,9045.03,1001.28,28.17,0.28,2,4,,,,,2026-07-19 13:31:11.062916
797,2026-07-19 13:36:11.27586,10046.31,9045.03,1001.28,28.17,0.28,2,4,,,,,2026-07-19 13:36:21.250088
798,2026-07-19 13:41:21.322639,10046.31,9045.03,1001.28,28.17,0.28,2,4,,,,,2026-07-19 13:41:29.337499
799,2026-07-19 13:46:29.429856,10046.31,9045.03,1001.28,28.17,0.28,2,4,,,,,2026-07-19 13:46:36.828468
800,2026-07-19 13:51:36.924585,10046.31,9045.03,1001.28,28.17,0.28,2,5,,,,,2026-07-19 13:51:44.78643
801,2026-07-19 13:56:44.891688,10046.31,9045.03,1001.28,38.35,0.38,3,5,,,,,2026-07-19 13:56:53.433004
802,2026-07-19 14:01:53.512859,10045.21,8543.86,1501.35,38.35,0.38,3,5,,,,,2026-07-19 14:02:04.976946
803,2026-07-19 14:07:05.121031,10045.21,8543.86,1501.35,38.35,0.38,3,5,,,,,2026-07-19 14:07:13.722233
804,2026-07-19 14:12:13.800947,10045.21,8543.86,1501.35,38.35,0.38,3,5,,,,,2026-07-19 14:12:23.43463
805,2026-07-19 14:17:23.543208,10045.21,8543.86,1501.35,38.35,0.38,3,5,,,,,2026-07-19 14:17:34.457307
806,2026-07-19 14:22:34.609609,10045.21,8543.86,1501.35,38.35,0.38,3,5,,,,,2026-07-19 14:22:48.040411
807,2026-07-19 14:27:48.188695,10045.21,8543.86,1501.35,38.35,0.38,3,5,,,,,2026-07-19 14:28:45.197155
808,2026-07-19 15:45:00.980883,10045.16,8543.81,1501.35,38.35,0.38,3,6,,,,,2026-07-19 15:49:34.904758
809,2026-07-19 16:00:06.335012,10044.91,8543.56,1501.35,219.15,2.18,4,6,,,,,2026-07-19 16:04:15.87011
810,2026-07-19 17:43:17.154375,10031.71,2592.42,7439.29,213.16,2.12,3,6,,,,,2026-07-19 17:43:47.09404
811,2026-07-20 11:17:58.460656,9976.72,9976.72,0.00,0.00,0.00,0,0,,,,,2026-07-20 11:18:12.094006
812,2026-07-20 11:23:12.400765,9976.72,9976.72,0.00,0.00,0.00,0,0,,,,,2026-07-20 11:23:23.483707
813,2026-07-20 11:28:26.252096,9976.72,9976.72,0.00,0.00,0.00,0,1,,,,,2026-07-20 11:28:37.908544
814,2026-07-20 11:33:40.611389,9976.72,9976.72,0.00,209.51,2.10,1,1,,,,,2026-07-20 11:33:57.044276
815,2026-07-20 11:38:58.99452,9960.30,2477.94,7482.35,209.51,2.10,1,1,,,,,2026-07-20 11:39:13.371253
816,2026-07-20 11:44:15.088644,9960.30,2477.94,7482.35,209.51,2.10,1,2,,,,,2026-07-20 11:44:27.823228
817,2026-07-20 11:49:30.595724,9960.30,2477.94,7482.35,592.66,5.95,2,2,,,,,2026-07-20 11:49:47.891566
818,2026-07-20 11:54:49.793294,9938.39,0.00,17462.97,592.66,5.96,2,2,,,,,2026-07-20 11:55:04.982748
819,2026-07-20 12:00:06.846847,9938.39,0.00,17462.97,592.66,5.96,2,2,,,,,2026-07-20 12:00:22.772931
820,2026-07-20 12:05:24.999723,9938.39,0.00,17462.97,592.66,5.96,2,2,,,,,2026-07-20 12:05:40.894837
821,2026-07-20 12:10:42.941733,9938.39,0.00,17462.97,592.66,5.96,2,2,,,,,2026-07-20 12:10:57.538729
822,2026-07-20 12:15:59.973664,9938.39,0.00,17462.97,592.66,5.96,2,2,,,,,2026-07-20 12:16:15.352136
823,2026-07-20 12:21:17.061942,9938.39,0.00,17462.97,592.66,5.96,2,2,,,,,2026-07-20 12:21:32.138571
824,2026-07-20 12:26:34.400581,9938.39,0.00,17462.97,592.66,5.96,2,2,,,,,2026-07-20 12:26:49.778084
825,2026-07-20 12:31:52.25864,9938.39,0.00,17462.97,592.66,5.96,2,2,,,,,2026-07-20 12:32:08.470481
826,2026-07-20 12:37:10.72236,9938.39,0.00,17462.97,592.66,5.96,2,2,,,,,2026-07-20 12:37:26.464869
827,2026-07-20 12:42:28.762414,9938.39,0.00,17462.97,592.66,5.96,2,2,,,,,2026-07-20 12:42:44.60983
828,2026-07-20 12:47:46.844222,9938.39,0.00,17462.97,592.66,5.96,2,2,,,,,2026-07-20 12:48:01.13011
829,2026-07-20 12:53:03.369543,9938.39,0.00,17462.97,592.66,5.96,2,2,,,,,2026-07-20 12:53:18.932787
830,2026-07-20 12:58:21.490081,9938.39,0.00,17462.97,592.66,5.96,2,2,,,,,2026-07-20 12:58:36.311989
831,2026-07-20 13:03:38.679422,9938.39,0.00,17462.97,592.66,5.96,2,2,,,,,2026-07-20 13:03:53.5826
832,2026-07-20 13:08:55.729281,9938.39,0.00,17462.97,592.66,5.96,2,2,,,,,2026-07-20 13:09:09.157207
833,2026-07-20 13:14:11.396761,9938.39,0.00,17462.97,592.66,5.96,2,2,,,,,2026-07-20 13:14:25.501608
834,2026-07-20 13:19:28.567135,9938.39,0.00,17462.97,592.66,5.96,2,2,,,,,2026-07-20 13:19:43.757354
835,2026-07-20 13:24:45.662705,9938.39,0.00,17462.97,592.66,5.96,2,2,,,,,2026-07-20 13:25:00.363449
836,2026-07-20 13:30:03.897849,9938.39,0.00,17462.97,592.66,5.96,2,2,,,,,2026-07-20 13:30:20.330061
837,2026-07-20 13:35:22.758311,9938.39,0.00,17462.97,592.66,5.96,2,2,,,,,2026-07-20 13:35:38.551219
838,2026-07-20 13:40:40.994197,9938.39,0.00,17462.97,592.66,5.96,2,2,,,,,2026-07-20 13:40:55.767112
839,2026-07-20 13:45:58.039268,9938.39,0.00,17462.97,592.66,5.96,2,2,,,,,2026-07-20 13:46:14.113026
840,2026-07-20 13:51:16.40284,9938.39,0.00,17462.97,592.66,5.96,2,2,,,,,2026-07-20 13:51:32.121272
841,2026-07-20 13:56:34.05884,9938.39,0.00,17462.97,592.66,5.96,2,2,,,,,2026-07-20 13:56:47.864643
842,2026-07-20 14:01:51.249668,9938.39,0.00,17462.97,592.66,5.96,2,2,,,,,2026-07-20 14:02:07.385646
843,2026-07-20 14:07:09.972758,9490.56,2008.21,7482.35,209.51,2.21,1,2,,,,,2026-07-20 14:07:23.374292
844,2026-07-20 14:12:26.184049,9490.56,2008.21,7482.35,209.51,2.21,1,2,,,,,2026-07-20 14:12:37.885507
845,2026-07-20 14:17:40.818165,9490.56,2008.21,7482.35,209.51,2.21,1,2,,,,,2026-07-20 14:17:55.03585
846,2026-07-20 14:22:57.379156,9490.56,2008.21,7482.35,209.51,2.21,1,2,,,,,2026-07-20 14:23:11.635344
847,2026-07-20 14:28:14.025876,9490.56,2008.21,7482.35,209.51,2.21,1,2,,,,,2026-07-20 14:28:27.459852
848,2026-07-20 14:33:29.386858,9490.56,2008.21,7482.35,209.51,2.21,1,2,,,,,2026-07-20 14:33:42.299421
849,2026-07-20 14:38:45.268035,9490.56,2008.21,7482.35,209.51,2.21,1,2,,,,,2026-07-20 14:38:58.874744
850,2026-07-20 14:44:01.241892,9490.56,2008.21,7482.35,209.51,2.21,1,2,,,,,2026-07-20 14:44:13.827472
851,2026-07-20 14:49:15.686467,9490.56,2008.21,7482.35,209.51,2.21,1,2,,,,,2026-07-20 14:49:29.407575
852,2026-07-20 14:54:31.556777,9490.56,2008.21,7482.35,209.51,2.21,1,2,,,,,2026-07-20 14:54:46.946413
853,2026-07-20 14:59:49.465274,9490.56,2008.21,7482.35,209.51,2.21,1,2,,,,,2026-07-20 15:00:03.592013
854,2026-07-20 15:05:05.930846,9490.56,2008.21,7482.35,209.51,2.21,1,2,,,,,2026-07-20 15:05:21.056179
855,2026-07-20 15:10:22.728272,9490.56,2008.21,7482.35,209.51,2.21,1,2,,,,,2026-07-20 15:10:36.277695
856,2026-07-20 15:15:38.572522,9490.56,2008.21,7482.35,209.51,2.21,1,2,,,,,2026-07-20 15:15:51.734875
857,2026-07-20 15:20:54.240977,9490.56,2008.21,7482.35,209.51,2.21,1,2,,,,,2026-07-20 15:21:08.400337
858,2026-07-20 15:26:10.717165,9490.56,2008.21,7482.35,209.51,2.21,1,2,,,,,2026-07-20 15:26:24.358418
859,2026-07-20 15:31:26.188824,9490.56,2008.21,7482.35,209.51,2.21,1,2,,,,,2026-07-20 15:31:39.051831
860,2026-07-20 15:36:41.88929,9490.56,2008.21,7482.35,209.51,2.21,1,2,,,,,2026-07-20 15:36:55.543119
861,2026-07-20 15:41:58.448854,9490.56,2008.21,7482.35,209.51,2.21,1,2,,,,,2026-07-20 15:42:12.317082
862,2026-07-20 15:47:14.202273,9490.56,2008.21,7482.35,209.51,2.21,1,2,,,,,2026-07-20 15:47:27.999761
863,2026-07-20 15:52:29.786426,9490.56,2008.21,7482.35,89.59,0.94,1,2,,,,,2026-07-20 15:52:43.022612
864,2026-07-20 15:57:45.272238,9490.56,2008.21,7482.35,89.59,0.94,1,2,,,,,2026-07-20 15:57:59.798443
865,2026-07-20 16:03:01.719329,9490.33,2007.98,7482.35,89.59,0.94,1,2,,,,,2026-07-20 16:03:15.266264
866,2026-07-20 16:08:16.960562,9490.33,2007.98,7482.35,89.59,0.94,1,2,,,,,2026-07-20 16:08:30.366493
867,2026-07-20 16:13:32.205859,9490.33,2007.98,7482.35,89.59,0.94,1,2,,,,,2026-07-20 16:13:48.170352
868,2026-07-20 16:18:50.326845,9490.33,2007.98,7482.35,89.59,0.94,1,2,,,,,2026-07-20 16:19:07.176256
869,2026-07-20 16:24:09.763701,9490.33,2007.98,7482.35,89.59,0.94,1,2,,,,,2026-07-20 16:24:24.778084
870,2026-07-20 16:29:26.322624,9490.33,2007.98,7482.35,89.59,0.94,1,2,,,,,2026-07-20 16:29:41.858765
871,2026-07-20 16:34:43.346295,9490.33,2007.98,7482.35,89.59,0.94,1,2,,,,,2026-07-20 16:34:58.322823
872,2026-07-20 16:40:00.277857,9490.33,2007.98,7482.35,89.59,0.94,1,2,,,,,2026-07-20 16:40:14.904194
873,2026-07-20 16:45:16.489132,9490.33,2007.98,7482.35,89.59,0.94,1,2,,,,,2026-07-20 16:45:30.40231
874,2026-07-20 16:50:31.914252,9490.33,2007.98,7482.35,89.59,0.94,1,2,,,,,2026-07-20 16:50:44.778076
875,2026-07-20 16:55:46.730338,9490.33,2007.98,7482.35,89.59,0.94,1,2,,,,,2026-07-20 16:55:59.742045
876,2026-07-20 17:01:01.74198,9490.33,2007.98,7482.35,89.59,0.94,1,2,,,,,2026-07-20 17:01:15.577611
877,2026-07-20 17:06:17.029418,9490.33,2007.98,7482.35,89.59,0.94,1,2,,,,,2026-07-20 17:06:30.069861
878,2026-07-20 17:11:31.494451,9490.33,2007.98,7482.35,89.59,0.94,1,2,,,,,2026-07-20 17:11:44.099513
879,2026-07-20 17:16:46.559492,9490.33,2007.98,7482.35,89.59,0.94,1,2,,,,,2026-07-20 17:16:58.799623
880,2026-07-20 17:22:00.661846,9490.33,2007.98,7482.35,89.59,0.94,1,2,,,,,2026-07-20 17:22:13.688158
881,2026-07-20 17:27:15.179898,9490.33,2007.98,7482.35,89.59,0.94,1,2,,,,,2026-07-20 17:27:28.410029
882,2026-07-20 17:32:29.851507,9490.33,2007.98,7482.35,89.59,0.94,1,2,,,,,2026-07-20 17:32:42.860567
883,2026-07-20 17:37:44.945849,9490.33,2007.98,7482.35,89.59,0.94,1,2,,,,,2026-07-20 17:37:58.451148
884,2026-07-20 17:42:59.880273,9490.33,2007.98,7482.35,89.59,0.94,1,2,,,,,2026-07-20 17:43:13.492963
885,2026-07-20 17:48:15.304105,9490.33,2007.98,7482.35,89.59,0.94,1,2,,,,,2026-07-20 17:48:28.369699
886,2026-07-20 17:53:29.816498,9490.33,2007.98,7482.35,89.59,0.94,1,2,,,,,2026-07-20 17:53:43.284308
887,2026-07-20 17:58:44.782572,10118.31,10118.31,0.00,0.00,0.00,0,3,,,,,2026-07-20 17:58:55.885002
888,2026-07-20 18:03:57.563189,10118.31,10118.31,0.00,60.58,0.60,1,3,,,,,2026-07-20 18:04:11.94411
889,2026-07-20 18:09:14.076533,10114.96,8589.92,1525.04,60.58,0.60,1,3,,,,,2026-07-20 18:09:28.22985
890,2026-07-20 18:14:29.694675,10114.96,8589.92,1525.04,60.58,0.60,1,3,,,,,2026-07-20 18:14:43.744216
891,2026-07-20 18:19:45.693941,10114.96,8589.92,1525.04,60.58,0.60,1,3,,,,,2026-07-20 18:19:57.556212
892,2026-07-20 18:24:59.539192,10114.96,8589.92,1525.04,60.58,0.60,1,3,,,,,2026-07-20 18:25:13.594064
893,2026-07-20 18:30:15.549151,10114.96,8589.92,1525.04,60.58,0.60,1,3,,,,,2026-07-20 18:30:29.454607
894,2026-07-20 18:35:31.536243,10114.96,8589.92,1525.04,60.58,0.60,1,3,,,,,2026-07-20 18:35:45.249928
895,2026-07-20 18:40:47.302458,10114.96,8589.92,1525.04,60.58,0.60,1,3,,,,,2026-07-20 18:40:59.85803
896,2026-07-20 18:46:01.318093,10114.96,8589.92,1525.04,60.58,0.60,1,3,,,,,2026-07-20 18:46:15.521096
897,2026-07-20 18:51:17.461793,10114.96,8589.92,1525.04,60.58,0.60,1,3,,,,,2026-07-20 18:51:31.107349
898,2026-07-20 18:56:32.692048,10114.96,8589.92,1525.04,60.58,0.60,1,3,,,,,2026-07-20 18:56:46.486117
899,2026-07-20 19:01:48.329083,10114.96,8589.92,1525.04,60.58,0.60,1,3,,,,,2026-07-20 19:02:01.355297
900,2026-07-20 19:07:03.778851,10114.96,8589.92,1525.04,60.58,0.60,1,3,,,,,2026-07-20 19:07:16.558126
901,2026-07-20 19:12:19.311429,10114.96,8589.92,1525.04,60.58,0.60,1,3,,,,,2026-07-20 19:12:33.271944
902,2026-07-20 19:17:35.036616,10114.96,8589.92,1525.04,60.58,0.60,1,3,,,,,2026-07-20 19:17:48.428847
903,2026-07-20 19:22:50.635414,10114.96,8589.92,1525.04,60.58,0.60,1,3,,,,,2026-07-20 19:23:02.702989
904,2026-07-20 19:28:04.34203,10114.96,8589.92,1525.04,60.58,0.60,1,3,,,,,2026-07-20 19:28:17.104446
905,2026-07-20 19:33:18.859988,10114.96,8589.92,1525.04,60.58,0.60,1,3,,,,,2026-07-20 19:33:32.038026
906,2026-07-20 19:38:34.01285,10114.96,8589.92,1525.04,60.58,0.60,1,3,,,,,2026-07-20 19:38:48.567852
907,2026-07-20 19:43:50.39077,10114.96,8589.92,1525.04,60.58,0.60,1,3,,,,,2026-07-20 19:44:04.833246
908,2026-07-20 19:49:07.279849,10114.96,8589.92,1525.04,60.58,0.60,1,3,,,,,2026-07-20 19:49:20.747647
909,2026-07-20 19:54:23.31561,10114.96,8589.92,1525.04,60.58,0.60,1,3,,,,,2026-07-20 19:54:36.626367
910,2026-07-20 19:59:38.337283,10114.96,8589.92,1525.04,60.58,0.60,1,3,,,,,2026-07-20 19:59:52.990577
911,2026-07-20 20:04:55.28569,10114.96,8589.92,1525.04,60.58,0.60,1,3,,,,,2026-07-20 20:05:09.150133
912,2026-07-20 20:10:13.529894,10114.96,8589.92,1525.04,60.58,0.60,1,3,,,,,2026-07-20 20:10:25.836539
913,2026-07-20 20:15:27.595639,10114.96,8589.92,1525.04,60.58,0.60,1,3,,,,,2026-07-20 20:15:40.730169
914,2026-07-20 20:20:42.583974,10114.96,8589.92,1525.04,60.58,0.60,1,3,,,,,2026-07-20 20:20:55.99873
915,2026-07-20 20:25:58.301849,10114.96,8589.92,1525.04,60.58,0.60,1,3,,,,,2026-07-20 20:26:10.873049
916,2026-07-20 20:31:12.562116,10114.96,8589.92,1525.04,60.58,0.60,1,4,,,,,2026-07-20 20:31:25.809931
917,2026-07-20 20:36:28.509622,10114.96,8589.92,1525.04,272.92,2.70,2,4,,,,,2026-07-20 20:36:44.770312
918,2026-07-20 20:41:46.737015,10103.01,3135.10,6967.91,272.92,2.70,2,4,,,,,2026-07-20 20:42:01.530932
919,2026-07-20 20:47:04.054846,10103.01,3135.10,6967.91,272.92,2.70,2,4,,,,,2026-07-20 20:47:18.381656
920,2026-07-20 20:52:20.998487,10103.01,3135.10,6967.91,272.92,2.70,2,4,,,,,2026-07-20 20:52:35.359101
921,2026-07-20 20:57:37.509851,10103.01,3135.10,6967.91,272.92,2.70,2,4,,,,,2026-07-20 20:57:51.211121
922,2026-07-20 21:02:53.06114,10103.01,3135.10,6967.91,272.92,2.70,2,4,,,,,2026-07-20 21:03:07.546931
923,2026-07-20 21:08:10.456817,10103.01,3135.10,6967.91,272.92,2.70,2,4,,,,,2026-07-20 21:08:24.607116
924,2026-07-20 21:13:26.452677,10103.01,3135.10,6967.91,272.92,2.70,2,4,,,,,2026-07-20 21:13:42.267489
925,2026-07-20 21:18:44.052846,10103.01,3135.10,6967.91,272.92,2.70,2,4,,,,,2026-07-20 21:18:58.860326
926,2026-07-20 21:24:00.686342,10103.01,3135.10,6967.91,272.92,2.70,2,4,,,,,2026-07-20 21:24:15.005167
927,2026-07-20 21:29:17.750744,10103.01,3135.10,6967.91,272.92,2.70,2,4,,,,,2026-07-20 21:29:32.30524
928,2026-07-20 21:34:34.433185,10103.01,3135.10,6967.91,272.92,2.70,2,4,,,,,2026-07-20 21:34:49.087263
929,2026-07-20 21:39:51.319582,10103.01,3135.10,6967.91,272.92,2.70,2,4,,,,,2026-07-20 21:40:06.316571
930,2026-07-20 21:45:08.325632,10103.01,3135.10,6967.91,272.92,2.70,2,4,,,,,2026-07-20 21:45:23.523434
931,2026-07-20 21:50:25.697847,10103.01,3135.10,6967.91,272.92,2.70,2,4,,,,,2026-07-20 21:50:41.93717
932,2026-07-20 21:55:44.16492,10103.01,3135.10,6967.91,272.92,2.70,2,4,,,,,2026-07-20 21:55:58.11283
933,2026-07-20 22:01:00.349873,10103.01,3135.10,6967.91,272.92,2.70,2,4,,,,,2026-07-20 22:01:15.945081
934,2026-07-20 22:06:18.10285,10103.01,3135.10,6967.91,272.92,2.70,2,4,,,,,2026-07-20 22:06:33.748823
935,2026-07-20 22:11:36.066026,10103.01,3135.10,6967.91,272.92,2.70,2,4,,,,,2026-07-20 22:11:51.240247
936,2026-07-20 22:16:53.756171,10103.01,3135.10,6967.91,272.92,2.70,2,4,,,,,2026-07-20 22:17:08.021902
937,2026-07-20 22:22:09.828874,10103.01,3135.10,6967.91,272.92,2.70,2,4,,,,,2026-07-20 22:22:24.073855
938,2026-07-20 22:27:25.976358,10103.01,3135.10,6967.91,272.92,2.70,2,4,,,,,2026-07-20 22:27:39.795864
939,2026-07-20 22:32:41.508712,10103.01,3135.10,6967.91,272.92,2.70,2,4,,,,,2026-07-20 22:32:54.908314
940,2026-07-20 22:37:56.53685,10103.01,3135.10,6967.91,272.92,2.70,2,4,,,,,2026-07-20 22:38:10.577128
941,2026-07-20 22:43:12.755531,10103.01,3135.10,6967.91,272.92,2.70,2,4,,,,,2026-07-20 22:43:27.683924
942,2026-07-20 22:48:29.459783,10103.01,3135.10,6967.91,272.92,2.70,2,4,,,,,2026-07-20 22:48:43.099561
943,2026-07-20 22:53:45.294797,10103.01,3135.10,6967.91,272.92,2.70,2,4,,,,,2026-07-20 22:53:59.060929
944,2026-07-20 22:59:00.54538,10103.01,3135.10,6967.91,272.92,2.70,2,4,,,,,2026-07-20 22:59:14.903643
945,2026-07-20 23:04:16.589579,10103.01,3135.10,6967.91,272.92,2.70,2,4,,,,,2026-07-20 23:04:31.819235
946,2026-07-20 23:09:33.663856,10103.01,3135.10,6967.91,272.92,2.70,2,4,,,,,2026-07-20 23:09:48.417268
947,2026-07-20 23:14:50.725844,10103.01,3135.10,6967.91,272.92,2.70,2,4,,,,,2026-07-20 23:15:04.356856
948,2026-07-20 23:20:06.574195,10103.01,3135.10,6967.91,272.92,2.70,2,4,,,,,2026-07-20 23:20:21.730615
949,2026-07-20 23:25:24.075848,10103.01,3135.10,6967.91,272.92,2.70,2,4,,,,,2026-07-20 23:25:37.932098
950,2026-07-20 23:30:39.79187,10103.01,3135.10,6967.91,272.92,2.70,2,4,,,,,2026-07-20 23:30:53.385748
951,2026-07-20 23:35:55.536845,10103.01,3135.10,6967.91,272.92,2.70,2,4,,,,,2026-07-20 23:36:09.73079
952,2026-07-20 23:41:11.434402,10103.01,3135.10,6967.91,272.92,2.70,2,4,,,,,2026-07-20 23:41:25.440501
953,2026-07-20 23:46:27.324296,10103.01,3135.10,6967.91,272.92,2.70,2,4,,,,,2026-07-20 23:46:42.812275
954,2026-07-20 23:51:44.635822,10103.01,3135.10,6967.91,272.92,2.70,2,4,,,,,2026-07-20 23:51:59.385976
955,2026-07-20 23:57:01.378232,10103.01,3135.10,6967.91,272.92,2.70,2,4,,,,,2026-07-20 23:57:16.137121
956,2026-07-21 00:02:18.080607,10105.37,3137.46,6967.91,272.92,2.70,2,0,,,,,2026-07-21 00:02:33.129991
957,2026-07-21 00:07:34.599861,10105.37,3137.46,6967.91,272.92,2.70,2,0,,,,,2026-07-21 00:07:48.64585
958,2026-07-21 00:12:50.566802,10105.37,3137.46,6967.91,272.92,2.70,2,0,,,,,2026-07-21 00:13:06.846532
959,2026-07-21 00:18:08.528318,10105.37,3137.46,6967.91,272.92,2.70,2,0,,,,,2026-07-21 00:18:23.640855
960,2026-07-21 00:23:26.045535,10105.37,3137.46,6967.91,272.92,2.70,2,0,,,,,2026-07-21 00:23:43.357313
961,2026-07-21 00:28:45.34786,10105.37,3137.46,6967.91,272.92,2.70,2,0,,,,,2026-07-21 00:29:01.978117
962,2026-07-21 00:34:03.957313,10105.37,3137.46,6967.91,272.92,2.70,2,0,,,,,2026-07-21 00:34:20.461593
963,2026-07-21 00:39:22.250453,10105.37,3137.46,6967.91,272.92,2.70,2,0,,,,,2026-07-21 00:39:39.252053
964,2026-07-21 00:44:41.236012,10105.37,3137.46,6967.91,272.92,2.70,2,0,,,,,2026-07-21 00:44:57.044472
965,2026-07-21 00:49:58.909915,10105.37,3137.46,6967.91,272.92,2.70,2,0,,,,,2026-07-21 00:50:15.289697
966,2026-07-21 00:55:16.83735,10105.37,3137.46,6967.91,272.92,2.70,2,0,,,,,2026-07-21 00:55:32.271016
967,2026-07-21 01:00:33.691573,10105.37,3137.46,6967.91,272.92,2.70,2,0,,,,,2026-07-21 01:00:48.671007
968,2026-07-21 01:05:52.854363,10105.37,3137.46,6967.91,272.92,2.70,2,0,,,,,2026-07-21 01:06:08.632196
969,2026-07-21 01:11:10.238456,10105.37,3137.46,6967.91,272.92,2.70,2,0,,,,,2026-07-21 01:11:26.475771
970,2026-07-21 01:16:28.407701,10105.37,3137.46,6967.91,272.92,2.70,2,0,,,,,2026-07-21 01:16:43.643779
971,2026-07-21 01:21:45.540132,10105.37,3137.46,6967.91,272.92,2.70,2,0,,,,,2026-07-21 01:22:00.451912
972,2026-07-21 01:27:02.489256,10105.37,3137.46,6967.91,272.92,2.70,2,0,,,,,2026-07-21 01:27:17.052504
973,2026-07-21 01:32:18.455322,10105.37,3137.46,6967.91,272.92,2.70,2,0,,,,,2026-07-21 01:32:33.662452
974,2026-07-21 01:37:35.640269,10105.37,3137.46,6967.91,272.92,2.70,2,0,,,,,2026-07-21 01:37:50.412859
975,2026-07-21 01:42:52.718851,10105.37,3137.46,6967.91,272.92,2.70,2,0,,,,,2026-07-21 01:43:06.780665
976,2026-07-21 01:48:08.745666,10105.37,3137.46,6967.91,272.92,2.70,2,0,,,,,2026-07-21 01:48:23.921039
977,2026-07-21 01:53:26.164254,10105.37,3137.46,6967.91,272.92,2.70,2,0,,,,,2026-07-21 01:53:40.304868
978,2026-07-21 01:58:43.460848,10105.37,3137.46,6967.91,272.92,2.70,2,0,,,,,2026-07-21 01:58:58.926853
979,2026-07-21 02:04:01.402016,10105.37,3137.46,6967.91,272.92,2.70,2,0,,,,,2026-07-21 02:04:16.938352
980,2026-07-21 02:09:18.764035,10105.37,3137.46,6967.91,272.92,2.70,2,0,,,,,2026-07-21 02:09:35.731307
981,2026-07-21 02:14:38.049851,10105.37,3137.46,6967.91,272.92,2.70,2,0,,,,,2026-07-21 02:14:53.242164
982,2026-07-21 02:19:55.357847,10105.37,3137.46,6967.91,272.92,2.70,2,0,,,,,2026-07-21 02:20:10.227306
983,2026-07-21 02:25:12.08751,10105.37,3137.46,6967.91,272.92,2.70,2,0,,,,,2026-07-21 02:25:26.749157
984,2026-07-21 02:30:28.673233,10105.37,3137.46,6967.91,272.92,2.70,2,0,,,,,2026-07-21 02:30:44.165228
985,2026-07-21 02:35:46.246365,10105.37,3137.46,6967.91,272.92,2.70,2,0,,,,,2026-07-21 02:36:01.889989
986,2026-07-21 02:41:03.903856,10105.37,3137.46,6967.91,272.92,2.70,2,0,,,,,2026-07-21 02:41:19.240299
987,2026-07-21 02:46:21.591304,10105.37,3137.46,6967.91,272.92,2.70,2,0,,,,,2026-07-21 02:46:36.882687
988,2026-07-21 02:51:38.681981,10105.37,3137.46,6967.91,272.92,2.70,2,0,,,,,2026-07-21 02:51:52.969352
989,2026-07-21 02:56:55.261331,10105.37,3137.46,6967.91,272.92,2.70,2,0,,,,,2026-07-21 02:57:10.166137
990,2026-07-21 03:02:12.110266,10105.37,3137.46,6967.91,272.92,2.70,2,0,,,,,2026-07-21 03:02:28.93631
991,2026-07-21 03:07:30.989139,10105.37,3137.46,6967.91,272.92,2.70,2,0,,,,,2026-07-21 03:07:46.910717
992,2026-07-21 03:12:49.510889,10105.37,3137.46,6967.91,272.92,2.70,2,0,,,,,2026-07-21 03:13:04.659565
993,2026-07-21 03:18:07.922427,10105.37,3137.46,6967.91,272.92,2.70,2,0,,,,,2026-07-21 03:18:23.088203
994,2026-07-21 03:23:25.129615,10105.37,3137.46,6967.91,272.92,2.70,2,0,,,,,2026-07-21 03:23:41.77823
995,2026-07-21 03:28:44.310076,10105.37,3137.46,6967.91,272.92,2.70,2,0,,,,,2026-07-21 03:28:59.138078
996,2026-07-21 03:34:01.914318,10105.37,3137.46,6967.91,272.92,2.70,2,0,,,,,2026-07-21 03:34:18.055716
997,2026-07-21 03:39:19.905466,10105.37,3137.46,6967.91,272.92,2.70,2,0,,,,,2026-07-21 03:39:36.078173
998,2026-07-21 03:44:38.09637,10105.37,3137.46,6967.91,272.92,2.70,2,0,,,,,2026-07-21 03:44:52.935559
999,2026-07-21 03:49:54.763857,10105.37,3137.46,6967.91,272.92,2.70,2,0,,,,,2026-07-21 03:50:08.958223
1000,2026-07-21 03:55:11.732585,10105.37,3137.46,6967.91,272.92,2.70,2,0,,,,,2026-07-21 03:55:25.274852
1001,2026-07-21 04:00:28.032504,10105.37,3137.46,6967.91,272.92,2.70,2,0,,,,,2026-07-21 04:00:45.723229
1002,2026-07-21 04:05:47.934543,10105.37,3137.46,6967.91,272.92,2.70,2,0,,,,,2026-07-21 04:06:03.708801
1003,2026-07-21 04:11:05.754525,10105.37,3137.46,6967.91,272.92,2.70,2,0,,,,,2026-07-21 04:11:21.44605
1004,2026-07-21 04:16:23.825438,10105.37,3137.46,6967.91,272.92,2.70,2,0,,,,,2026-07-21 04:16:38.782871
1005,2026-07-21 04:21:40.676108,10105.37,3137.46,6967.91,272.92,2.70,2,0,,,,,2026-07-21 04:21:55.356904
1006,2026-07-21 04:26:57.076567,10105.37,3137.46,6967.91,272.92,2.70,2,0,,,,,2026-07-21 04:27:12.0313
1007,2026-07-21 04:32:14.012848,10105.37,3137.46,6967.91,272.92,2.70,2,0,,,,,2026-07-21 04:32:28.444758
1008,2026-07-21 04:37:31.335272,10105.37,3137.46,6967.91,272.92,2.70,2,0,,,,,2026-07-21 04:37:46.406636
1009,2026-07-21 04:42:48.594143,10105.37,3137.46,6967.91,272.92,2.70,2,0,,,,,2026-07-21 04:43:03.542097
1010,2026-07-21 04:48:05.473855,10105.37,3137.46,6967.91,272.92,2.70,2,0,,,,,2026-07-21 04:48:20.053511
1011,2026-07-21 04:53:21.88185,10105.37,3137.46,6967.91,272.92,2.70,2,0,,,,,2026-07-21 04:53:34.941702
1012,2026-07-21 04:58:37.178681,10105.37,3137.46,6967.91,272.92,2.70,2,0,,,,,2026-07-21 04:58:52.35215
1013,2026-07-21 05:03:54.065861,10105.37,3137.46,6967.91,272.92,2.70,2,0,,,,,2026-07-21 05:04:11.379141
1014,2026-07-21 05:09:14.703851,10105.37,3137.46,6967.91,272.92,2.70,2,0,,,,,2026-07-21 05:09:30.185693
1015,2026-07-21 05:14:34.378458,10105.37,3137.46,6967.91,272.92,2.70,2,0,,,,,2026-07-21 05:14:49.174414
1016,2026-07-21 05:19:51.089147,10105.37,3137.46,6967.91,272.92,2.70,2,0,,,,,2026-07-21 05:20:07.487295
1017,2026-07-21 05:25:10.542148,10105.37,3137.46,6967.91,272.92,2.70,2,0,,,,,2026-07-21 05:25:25.827004
1018,2026-07-21 05:30:31.311853,10105.37,3137.46,6967.91,272.92,2.70,2,0,,,,,2026-07-21 05:30:46.227494
1019,2026-07-21 05:35:48.120183,10105.37,3137.46,6967.91,272.92,2.70,2,0,,,,,2026-07-21 05:36:02.837255
1020,2026-07-21 05:41:04.675163,10105.37,3137.46,6967.91,272.92,2.70,2,0,,,,,2026-07-21 05:41:20.710204
1021,2026-07-21 05:46:22.558588,10105.37,3137.46,6967.91,272.92,2.70,2,0,,,,,2026-07-21 05:46:39.174292
1022,2026-07-21 05:51:40.916157,10105.37,3137.46,6967.91,272.92,2.70,2,0,,,,,2026-07-21 05:51:56.841438
1023,2026-07-21 05:56:58.707329,10105.37,3137.46,6967.91,272.92,2.70,2,0,,,,,2026-07-21 05:57:15.112654
1024,2026-07-21 06:02:16.83542,10105.37,3137.46,6967.91,272.92,2.70,2,0,,,,,2026-07-21 06:02:33.2471
1025,2026-07-21 06:07:34.937113,10105.37,3137.46,6967.91,272.92,2.70,2,0,,,,,2026-07-21 06:07:49.751371
1026,2026-07-21 06:12:51.495859,10105.37,3137.46,6967.91,272.92,2.70,2,0,,,,,2026-07-21 06:13:07.212437
1027,2026-07-21 06:18:09.04422,10105.37,3137.46,6967.91,272.92,2.70,2,0,,,,,2026-07-21 06:18:24.558013
1028,2026-07-21 06:23:26.580014,10105.37,3137.46,6967.91,272.92,2.70,2,0,,,,,2026-07-21 06:23:45.279335
1029,2026-07-21 06:28:47.146575,10105.37,3137.46,6967.91,272.92,2.70,2,0,,,,,2026-07-21 06:29:04.003719
1030,2026-07-21 06:34:05.451842,10105.37,3137.46,6967.91,272.92,2.70,2,0,,,,,2026-07-21 06:34:22.963592
1031,2026-07-21 06:39:24.467308,10105.37,3137.46,6967.91,272.92,2.70,2,0,,,,,2026-07-21 06:39:41.498141
1032,2026-07-21 06:44:43.367993,10105.37,3137.46,6967.91,272.92,2.70,2,0,,,,,2026-07-21 06:44:58.247683
1033,2026-07-21 06:49:59.696847,10105.37,3137.46,6967.91,272.92,2.70,2,0,,,,,2026-07-21 06:50:15.646013
1034,2026-07-21 06:55:17.178142,10105.37,3137.46,6967.91,272.92,2.70,2,0,,,,,2026-07-21 06:55:33.183216
1035,2026-07-21 07:00:34.960499,10105.37,3137.46,6967.91,272.92,2.70,2,0,,,,,2026-07-21 07:00:49.587297
1036,2026-07-21 07:05:51.090978,10105.37,3137.46,6967.91,272.92,2.70,2,0,,,,,2026-07-21 07:06:05.517852
1037,2026-07-21 07:11:07.451793,10105.37,3137.46,6967.91,272.92,2.70,2,0,,,,,2026-07-21 07:11:22.445843
1038,2026-07-21 07:16:24.882952,10105.37,3137.46,6967.91,272.92,2.70,2,0,,,,,2026-07-21 07:16:41.133648
1039,2026-07-21 07:21:42.695874,10105.37,3137.46,6967.91,272.92,2.70,2,0,,,,,2026-07-21 07:21:58.627237
1040,2026-07-21 07:27:00.227853,10105.37,3137.46,6967.91,272.92,2.70,2,0,,,,,2026-07-21 07:27:15.343031
1041,2026-07-21 07:32:16.814001,10105.37,3137.46,6967.91,272.92,2.70,2,0,,,,,2026-07-21 07:32:32.969619
1042,2026-07-21 07:37:34.784142,10105.37,3137.46,6967.91,272.92,2.70,2,0,,,,,2026-07-21 07:37:49.368446
1043,2026-07-21 07:42:51.0683,10105.37,3137.46,6967.91,272.92,2.70,2,0,,,,,2026-07-21 07:43:07.054843
1044,2026-07-21 07:48:08.636254,10105.37,3137.46,6967.91,272.92,2.70,2,0,,,,,2026-07-21 07:48:24.737907
1045,2026-07-21 07:53:26.561852,10105.37,3137.46,6967.91,272.92,2.70,2,0,,,,,2026-07-21 07:53:41.98138
1046,2026-07-21 07:58:44.107844,11693.88,3137.46,5442.87,272.92,2.33,1,0,,,,,2026-07-21 07:58:59.195021
1047,2026-07-21 08:04:01.085849,10173.96,4731.09,5442.87,212.34,2.09,1,0,,,,,2026-07-21 08:04:14.385555
1048,2026-07-21 08:09:15.991662,10173.96,4731.09,5442.87,212.34,2.09,1,0,,,,,2026-07-21 08:09:29.366874
1049,2026-07-21 08:14:31.278794,10173.96,4731.09,5442.87,212.34,2.09,1,0,,,,,2026-07-21 08:14:44.777994
1050,2026-07-21 08:19:46.481321,10173.96,4731.09,5442.87,212.34,2.09,1,0,,,,,2026-07-21 08:20:00.328271
1051,2026-07-21 08:25:01.92886,10173.96,4731.09,5442.87,212.34,2.09,1,0,,,,,2026-07-21 08:25:15.60222
1052,2026-07-21 08:30:22.151037,10173.96,4731.09,5442.87,212.34,2.09,1,0,,,,,2026-07-21 08:30:35.925733
1053,2026-07-21 08:35:37.541724,10173.96,4731.09,5442.87,212.34,2.09,1,0,,,,,2026-07-21 08:35:51.973853
1054,2026-07-21 08:40:53.674126,10173.96,4731.09,5442.87,212.34,2.09,1,0,,,,,2026-07-21 08:41:07.593742
1055,2026-07-21 08:46:09.25928,10173.96,4731.09,5442.87,212.34,2.09,1,0,,,,,2026-07-21 08:46:21.359047
1056,2026-07-21 08:51:23.532839,10173.96,4731.09,5442.87,212.34,2.09,1,0,,,,,2026-07-21 08:51:37.613852
1057,2026-07-21 08:56:39.53605,10173.96,4731.09,5442.87,212.34,2.09,1,0,,,,,2026-07-21 08:56:52.86786
1058,2026-07-21 09:01:54.423621,10173.96,4731.09,5442.87,212.34,2.09,1,0,,,,,2026-07-21 09:02:08.698553
1059,2026-07-21 09:07:10.409573,10173.96,4731.09,5442.87,212.34,2.09,1,0,,,,,2026-07-21 09:07:23.623029
1060,2026-07-21 09:12:25.172626,10173.96,4731.09,5442.87,212.34,2.09,1,0,,,,,2026-07-21 09:12:37.586359
1061,2026-07-21 09:17:39.37925,10173.96,4731.09,5442.87,212.34,2.09,1,0,,,,,2026-07-21 09:17:51.732201
1062,2026-07-21 09:22:53.430652,10173.96,4731.09,5442.87,212.34,2.09,1,0,,,,,2026-07-21 09:23:06.798676
1063,2026-07-21 09:28:08.579943,10173.96,4731.09,5442.87,212.34,2.09,1,0,,,,,2026-07-21 09:28:23.104309
1064,2026-07-21 09:33:25.283029,10173.96,4731.09,5442.87,212.34,2.09,1,0,,,,,2026-07-21 09:33:38.517076
1065,2026-07-21 09:38:40.558988,10173.96,4731.09,5442.87,212.34,2.09,1,0,,,,,2026-07-21 09:38:55.230051
1066,2026-07-21 09:43:56.988271,10173.96,4731.09,5442.87,212.34,2.09,1,0,,,,,2026-07-21 09:44:10.274106
1067,2026-07-21 09:49:11.869849,10173.96,4731.09,5442.87,212.34,2.09,1,0,,,,,2026-07-21 09:49:24.551989
1068,2026-07-21 09:54:26.221138,10173.96,4731.09,5442.87,212.34,2.09,1,0,,,,,2026-07-21 09:54:39.602356
1069,2026-07-21 09:59:41.374853,10173.96,4731.09,5442.87,212.34,2.09,1,0,,,,,2026-07-21 09:59:54.440884
1070,2026-07-21 10:04:56.192855,10173.96,4731.09,5442.87,212.34,2.09,1,0,,,,,2026-07-21 10:05:11.460949
1071,2026-07-21 10:10:13.119866,10173.96,4731.09,5442.87,212.34,2.09,1,1,,,,,2026-07-21 10:10:34.413854
1072,2026-07-21 10:15:36.347868,10170.29,3060.42,7109.87,248.54,2.44,2,1,,,,,2026-07-21 10:15:54.627235
1073,2026-07-21 10:20:56.343522,10170.29,3060.42,7109.87,248.54,2.44,2,1,,,,,2026-07-21 10:21:14.264856
1074,2026-07-21 10:26:16.361252,10170.29,3060.42,7109.87,248.54,2.44,2,1,,,,,2026-07-21 10:26:33.600202
1075,2026-07-21 10:36:35.871229,10356.21,8689.21,1667.00,36.20,0.35,1,1,,,,,2026-07-21 10:36:50.573202
1076,2026-07-21 10:41:52.889163,10356.21,8689.21,1667.00,36.20,0.35,1,1,,,,,2026-07-21 10:42:07.434898
1077,2026-07-21 10:47:09.607382,10356.21,8689.21,1667.00,36.20,0.35,1,1,,,,,2026-07-21 10:47:23.389924
1078,2026-07-21 10:52:25.197826,10356.21,8689.21,1667.00,36.20,0.35,1,1,,,,,2026-07-21 10:52:41.060019
1079,2026-07-21 10:57:42.637636,10356.21,8689.21,1667.00,36.20,0.35,1,1,,,,,2026-07-21 10:57:56.880167
1080,2026-07-21 11:02:58.907235,10356.21,8689.21,1667.00,36.20,0.35,1,1,,,,,2026-07-21 11:03:12.88238
1081,2026-07-21 11:08:14.640594,10356.21,8689.21,1667.00,36.20,0.35,1,1,,,,,2026-07-21 11:08:28.092037
1082,2026-07-21 11:13:29.775318,10356.21,8689.21,1667.00,36.20,0.35,1,1,,,,,2026-07-21 11:13:43.296165
1083,2026-07-21 11:18:44.931714,10356.21,8689.21,1667.00,36.20,0.35,1,1,,,,,2026-07-21 11:18:57.483324
1084,2026-07-21 11:23:59.989186,10356.21,8689.21,1667.00,36.20,0.35,1,1,,,,,2026-07-21 11:24:12.750068
1085,2026-07-21 11:29:14.331066,10356.21,8689.21,1667.00,36.20,0.35,1,1,,,,,2026-07-21 11:29:27.559234
1086,2026-07-21 11:34:29.60114,10356.21,8689.21,1667.00,36.20,0.35,1,2,,,,,2026-07-21 11:34:41.852301
1087,2026-07-21 11:39:43.750848,10356.21,8689.21,1667.00,98.33,0.95,2,2,,,,,2026-07-21 11:39:59.894851
1088,2026-07-21 11:45:01.400719,10351.71,6631.57,3720.14,98.33,0.95,2,2,,,,,2026-07-21 11:45:18.199153
1089,2026-07-21 11:50:19.797777,10351.71,6631.57,3720.14,98.33,0.95,2,2,,,,,2026-07-21 11:50:35.95925
1090,2026-07-21 11:55:37.692212,10351.71,6631.57,3720.14,98.33,0.95,2,2,,,,,2026-07-21 11:55:52.013163
1091,2026-07-21 12:00:53.784429,10351.71,6631.57,3720.14,98.33,0.95,2,2,,,,,2026-07-21 12:01:10.135533
1092,2026-07-21 12:06:11.928446,10351.71,6631.57,3720.14,98.33,0.95,2,2,,,,,2026-07-21 12:06:27.334017
1093,2026-07-21 12:11:29.010132,10351.71,6631.57,3720.14,98.33,0.95,2,2,,,,,2026-07-21 12:11:45.955217
1094,2026-07-21 12:16:47.912735,10351.71,6631.57,3720.14,98.33,0.95,2,2,,,,,2026-07-21 12:17:03.742482
1095,2026-07-21 12:22:05.778349,10351.71,6631.57,3720.14,98.33,0.95,2,2,,,,,2026-07-21 12:22:24.913847
1096,2026-07-21 12:27:27.138282,10351.71,6631.57,3720.14,98.33,0.95,2,2,,,,,2026-07-21 12:27:43.127917
1097,2026-07-21 12:32:45.01633,10351.71,6631.57,3720.14,98.33,0.95,2,2,,,,,2026-07-21 12:33:00.484182
1098,2026-07-21 12:38:02.965841,10351.71,6631.57,3720.14,98.33,0.95,2,2,,,,,2026-07-21 12:38:19.152764
1099,2026-07-21 12:43:21.590125,10351.71,6631.57,3720.14,98.33,0.95,2,2,,,,,2026-07-21 12:43:38.37963
1100,2026-07-21 12:48:40.277847,10351.71,6631.57,3720.14,98.33,0.95,2,2,,,,,2026-07-21 12:48:55.923845
1101,2026-07-21 12:53:57.742847,10351.71,6631.57,3720.14,98.33,0.95,2,2,,,,,2026-07-21 12:54:13.253423
1102,2026-07-21 12:59:15.185449,10351.71,6631.57,3720.14,98.33,0.95,2,2,,,,,2026-07-21 12:59:30.568047
1103,2026-07-21 13:04:32.425695,10351.71,6631.57,3720.14,98.33,0.95,2,2,,,,,2026-07-21 13:04:52.385195
1104,2026-07-21 13:09:54.713268,10351.71,6631.57,3720.14,98.33,0.95,2,2,,,,,2026-07-21 13:10:29.663424
