id,signal_id,symbol,run_time,run_number,dqs,ranker_score,entry,sl,tp,risk_pct,status,trajectory,delta,created_at
1,,XRPUSDT,2026-07-15 07:18:26.777558,1,67,67,1.10620000,1.09540000,1.12050000,2.10,ACTIVE,STABLE,0,2026-07-15 07:18:34.231461
2,,XRPUSDT,2026-07-15 07:23:34.469267,2,67,67,1.10620000,1.09540000,1.12050000,2.10,ACTIVE,STABLE,0,2026-07-15 07:23:45.163858
3,,XRPUSDT,2026-07-15 07:34:51.826931,3,67,67,1.10620000,1.09540000,1.12050000,2.10,ACTIVE,STABLE,0,2026-07-15 07:39:04.152484
4,,XRPUSDT,2026-07-15 07:44:04.889353,4,67,67,1.10620000,1.09540000,1.12050000,2.10,ACTIVE,STABLE,0,2026-07-15 07:49:30.842905
5,,BTCUSDT,2026-07-16 08:35:52.767849,1,62,62,63913.00000000,64679.31790000,62916.78673000,0.60,ACTIVE,STABLE,0,2026-07-16 08:36:28.485418
6,,XRPUSDT,2026-07-16 18:47:26.81606,1,76,76,1.08810000,1.07110000,1.12489000,22.50,ACTIVE,STABLE,0,2026-07-16 18:47:32.131898
7,,XRPUSDT,2026-07-16 18:52:32.262316,2,76,76,1.08810000,1.07110000,1.12489000,22.50,ACTIVE,STABLE,0,2026-07-16 18:52:37.394831
8,,XRPUSDT,2026-07-16 18:57:37.495083,3,78,78,1.08810000,1.07110000,1.12489000,22.50,ACTIVE,IMPROVING,2,2026-07-16 18:57:43.669372
9,,XRPUSDT,2026-07-16 19:02:43.815432,4,78,78,1.08810000,1.07110000,1.12489000,22.50,ACTIVE,STABLE,0,2026-07-16 19:02:50.69742
10,,XRPUSDT,2026-07-16 19:07:50.864539,5,78,78,1.08810000,1.07110000,1.12489000,22.50,ACTIVE,STABLE,0,2026-07-16 19:07:57.358915
11,,XRPUSDT,2026-07-16 19:12:57.491608,6,76,76,1.08810000,1.07110000,1.12489000,22.50,ACTIVE,DECLINING,-2,2026-07-16 19:13:03.319124
12,,XRPUSDT,2026-07-16 19:18:03.427909,7,76,76,1.08810000,1.07110000,1.12489000,22.50,ACTIVE,STABLE,0,2026-07-16 19:18:09.691101
13,,XRPUSDT,2026-07-16 19:23:09.838152,8,76,76,1.08810000,1.07110000,1.12489000,22.50,ACTIVE,STABLE,0,2026-07-16 19:23:16.383965
14,,XRPUSDT,2026-07-16 19:28:16.522278,9,76,76,1.08810000,1.07110000,1.12489000,22.50,ACTIVE,STABLE,0,2026-07-16 19:28:22.971934
15,,XRPUSDT,2026-07-16 19:33:23.136663,10,79,79,1.09390000,1.11330000,1.06900000,7.50,ACTIVE,IMPROVING,3,2026-07-16 19:33:29.613462
16,,XRPUSDT,2026-07-16 19:38:29.760444,11,79,79,1.09390000,1.11330000,1.06900000,7.50,ACTIVE,STABLE,0,2026-07-16 19:38:35.142912
17,,XRPUSDT,2026-07-16 19:43:35.288037,12,79,79,1.09390000,1.11330000,1.06900000,7.50,ACTIVE,STABLE,0,2026-07-16 19:43:41.77424
18,,XRPUSDT,2026-07-16 20:09:05.907314,13,76,76,1.09600000,1.11460000,1.07220000,7.50,ACTIVE,DECLINING,-3,2026-07-16 20:09:12.432021
19,,XRPUSDT,2026-07-16 20:14:12.559646,14,76,76,1.09600000,1.11460000,1.07220000,7.50,ACTIVE,STABLE,0,2026-07-16 20:14:18.698327
20,,XRPUSDT,2026-07-16 20:19:18.81253,15,76,76,1.09600000,1.11460000,1.07220000,7.50,ACTIVE,STABLE,0,2026-07-16 20:19:24.866065
21,,XRPUSDT,2026-07-16 20:24:24.953352,16,76,76,1.09600000,1.11460000,1.07220000,7.50,ACTIVE,STABLE,0,2026-07-16 20:24:31.457388
22,,SOLUSDT,2026-07-16 20:29:31.586184,1,81,81,75.82000000,76.66860000,74.68856000,12.50,ACTIVE,STABLE,0,2026-07-16 20:29:38.095983
23,,SOLUSDT,2026-07-16 20:34:38.239289,2,81,81,75.82000000,76.66860000,74.68856000,12.50,ACTIVE,STABLE,0,2026-07-16 20:34:44.660927
24,,SOLUSDT,2026-07-16 20:39:44.806195,3,81,81,75.82000000,76.66860000,74.68856000,12.50,ACTIVE,STABLE,0,2026-07-16 20:39:50.612579
25,,SOLUSDT,2026-07-16 20:44:50.761063,4,81,81,75.82000000,76.66860000,74.68856000,12.50,ACTIVE,STABLE,0,2026-07-16 20:44:57.054125
26,,SOLUSDT,2026-07-16 22:06:30.24362,5,77,77,75.86000000,76.45140000,75.07144000,7.50,ACTIVE,DECLINING,-4,2026-07-16 22:06:36.261096
27,,SOLUSDT,2026-07-16 22:11:36.393076,6,77,77,75.86000000,76.45140000,75.07144000,7.50,ACTIVE,STABLE,0,2026-07-16 22:11:42.614616
28,,SOLUSDT,2026-07-16 22:16:42.740121,7,77,77,75.86000000,76.45140000,75.07144000,7.50,ACTIVE,STABLE,0,2026-07-16 22:16:49.707764
29,,SOLUSDT,2026-07-16 22:42:18.141266,8,85,85,75.66000000,76.22570000,74.90568000,0.00,ACTIVE,IMPROVING,8,2026-07-16 22:42:24.16481
30,,XRPUSDT,2026-07-16 22:42:18.141266,1,51,51,1.09330000,1.08570000,1.09938000,0.60,ACTIVE,STABLE,0,2026-07-16 22:42:24.179584
31,,SOLUSDT,2026-07-16 22:47:24.33385,9,85,85,75.66000000,76.22570000,74.90568000,0.00,ACTIVE,STABLE,0,2026-07-16 22:47:30.239483
32,,XRPUSDT,2026-07-16 22:47:24.33385,2,51,51,1.09330000,1.08570000,1.09938000,0.60,ACTIVE,STABLE,0,2026-07-16 22:47:30.247748
33,,SOLUSDT,2026-07-16 22:52:30.34708,10,85,85,75.66000000,76.22570000,74.90568000,0.00,ACTIVE,STABLE,0,2026-07-16 22:52:36.395248
34,,XRPUSDT,2026-07-16 22:52:30.34708,3,51,51,1.09330000,1.08570000,1.09938000,0.60,ACTIVE,STABLE,0,2026-07-16 22:52:36.408829
35,,SOLUSDT,2026-07-16 22:57:36.557391,11,85,85,75.66000000,76.22570000,74.90568000,0.00,ACTIVE,STABLE,0,2026-07-16 22:57:44.230372
36,,XRPUSDT,2026-07-16 22:57:36.557391,4,51,51,1.09330000,1.08570000,1.09938000,0.60,ACTIVE,STABLE,0,2026-07-16 22:57:44.248706
37,,SOLUSDT,2026-07-16 23:02:44.425569,12,76,76,75.38000000,75.96500000,74.60000000,7.50,ACTIVE,DECLINING,-9,2026-07-16 23:02:51.757698
38,,XRPUSDT,2026-07-16 23:02:44.425569,5,60,60,1.08960000,1.08150000,1.09608000,0.60,ACTIVE,IMPROVING,9,2026-07-16 23:02:51.769995
39,,SOLUSDT,2026-07-16 23:07:51.908432,13,76,76,75.38000000,75.96500000,74.60000000,7.50,ACTIVE,STABLE,0,2026-07-16 23:07:58.616498
40,,XRPUSDT,2026-07-16 23:07:51.908432,6,60,60,1.08960000,1.08150000,1.09608000,0.60,ACTIVE,STABLE,0,2026-07-16 23:07:58.627599
41,,SOLUSDT,2026-07-16 23:12:58.763457,14,76,76,75.38000000,75.96500000,74.60000000,7.50,ACTIVE,STABLE,0,2026-07-16 23:13:06.177119
42,,XRPUSDT,2026-07-16 23:12:58.763457,7,60,60,1.08960000,1.08150000,1.09608000,0.60,ACTIVE,STABLE,0,2026-07-16 23:13:06.18857
43,,SOLUSDT,2026-07-16 23:18:06.311186,15,76,76,75.28000000,75.92500000,74.42000000,7.50,ACTIVE,STABLE,0,2026-07-16 23:18:14.101417
44,,XRPUSDT,2026-07-16 23:18:06.311186,8,78,78,1.08850000,1.08060000,1.09914000,7.50,ACTIVE,IMPROVING,18,2026-07-16 23:18:14.115736
45,,SOLUSDT,2026-07-16 23:23:14.23508,16,63,63,75.28000000,75.92500000,74.76400000,0.60,EXPIRED,DECLINING,-13,2026-07-16 23:23:20.927174
46,,XRPUSDT,2026-07-16 23:23:14.23508,9,100,100,1.08850000,1.08060000,1.09914000,0.00,BOOSTED,IMPROVING,22,2026-07-16 23:23:20.938714
47,,SOLUSDT,2026-07-16 23:28:21.065909,17,63,63,75.28000000,75.92500000,74.76400000,0.60,EXPIRED,STABLE,0,2026-07-16 23:28:28.720142
48,,XRPUSDT,2026-07-16 23:28:21.065909,10,100,100,1.08850000,1.08060000,1.09914000,0.00,BOOSTED,STABLE,0,2026-07-16 23:28:28.734175
49,,SOLUSDT,2026-07-16 23:33:28.877666,18,63,63,75.28000000,75.92500000,74.76400000,0.60,EXPIRED,STABLE,0,2026-07-16 23:33:35.503734
50,,XRPUSDT,2026-07-16 23:33:28.877666,11,100,100,1.08850000,1.08060000,1.09914000,0.00,BOOSTED,STABLE,0,2026-07-16 23:33:35.518014
51,,BTCUSDT,2026-07-16 23:38:35.65986,1,61,61,63787.00000000,64118.09290000,63522.12568000,0.60,ACTIVE,STABLE,0,2026-07-16 23:38:42.818809
52,,ETHUSDT,2026-07-16 23:38:35.65986,1,50,50,1860.00000000,1875.48860000,1847.60912000,0.60,ACTIVE,STABLE,0,2026-07-16 23:38:42.826483
53,,SOLUSDT,2026-07-16 23:38:35.65986,19,78,78,75.09000000,75.78210000,73.93640000,7.50,ACTIVE,IMPROVING,15,2026-07-16 23:38:42.833905
54,,XRPUSDT,2026-07-16 23:38:35.65986,12,94,94,1.08630000,1.07820000,1.09710000,0.00,BOOSTED,DECLINING,-6,2026-07-16 23:38:42.841896
55,,BTCUSDT,2026-07-16 23:43:43.012186,2,61,61,63787.00000000,64118.09290000,63522.12568000,0.60,ACTIVE,STABLE,0,2026-07-16 23:43:51.319548
56,,ETHUSDT,2026-07-16 23:43:43.012186,2,50,50,1860.00000000,1875.48860000,1847.60912000,0.60,ACTIVE,STABLE,0,2026-07-16 23:43:51.327567
57,,SOLUSDT,2026-07-16 23:43:43.012186,20,78,78,75.09000000,75.78210000,73.93640000,7.50,ACTIVE,STABLE,0,2026-07-16 23:43:51.335925
58,,XRPUSDT,2026-07-16 23:43:43.012186,13,94,94,1.08630000,1.07820000,1.09710000,0.00,BOOSTED,STABLE,0,2026-07-16 23:43:51.344699
59,,BTCUSDT,2026-07-16 23:48:51.474517,3,61,61,63787.00000000,64118.09290000,63522.12568000,0.60,ACTIVE,STABLE,0,2026-07-16 23:48:59.881552
60,,ETHUSDT,2026-07-16 23:48:51.474517,3,50,50,1860.00000000,1875.48860000,1847.60912000,0.60,ACTIVE,STABLE,0,2026-07-16 23:48:59.895156
61,,SOLUSDT,2026-07-16 23:48:51.474517,21,78,78,75.09000000,75.78210000,73.93640000,7.50,ACTIVE,STABLE,0,2026-07-16 23:48:59.907009
62,,XRPUSDT,2026-07-16 23:48:51.474517,14,94,94,1.08630000,1.07820000,1.09710000,0.00,BOOSTED,STABLE,0,2026-07-16 23:48:59.918707
63,,BTCUSDT,2026-07-16 23:54:00.083892,4,61,61,63787.00000000,64118.09290000,63522.12568000,0.60,ACTIVE,STABLE,0,2026-07-16 23:54:08.247104
64,,ETHUSDT,2026-07-16 23:54:00.083892,4,50,50,1860.00000000,1875.48860000,1847.60912000,0.60,ACTIVE,STABLE,0,2026-07-16 23:54:08.25964
65,,SOLUSDT,2026-07-16 23:54:00.083892,22,78,78,75.09000000,75.78210000,73.93640000,7.50,ACTIVE,STABLE,0,2026-07-16 23:54:08.267128
66,,XRPUSDT,2026-07-16 23:54:00.083892,15,94,94,1.08630000,1.07820000,1.09710000,0.00,BOOSTED,STABLE,0,2026-07-16 23:54:08.275322
67,,BTCUSDT,2026-07-16 23:59:08.426369,5,64,64,63805.50000000,64144.28570000,63534.47144000,0.60,ACTIVE,IMPROVING,3,2026-07-16 23:59:16.936428
68,,XRPUSDT,2026-07-16 23:59:08.426369,16,94,94,1.08690000,1.07870000,1.09778000,0.00,BOOSTED,STABLE,0,2026-07-16 23:59:16.948394
69,,BTCUSDT,2026-07-17 00:04:17.123415,6,64,64,63805.50000000,64144.28570000,63534.47144000,0.60,ACTIVE,STABLE,0,2026-07-17 00:04:24.674722
70,,XRPUSDT,2026-07-17 00:04:17.123415,17,94,94,1.08690000,1.07870000,1.09778000,0.00,BOOSTED,STABLE,0,2026-07-17 00:04:24.685554
71,,BTCUSDT,2026-07-17 00:09:24.807278,7,64,64,63805.50000000,64144.28570000,63534.47144000,0.60,ACTIVE,STABLE,0,2026-07-17 00:09:33.003509
72,,XRPUSDT,2026-07-17 00:09:24.807278,18,94,94,1.08690000,1.07870000,1.09778000,0.00,BOOSTED,STABLE,0,2026-07-17 00:09:33.01199
73,,BTCUSDT,2026-07-17 00:14:33.118469,8,61,61,63724.60000000,64078.02140000,63441.86288000,0.60,ACTIVE,DECLINING,-3,2026-07-17 00:14:41.94826
74,,XRPUSDT,2026-07-17 00:14:33.118469,19,90,90,1.08610000,1.07790000,1.09706000,0.00,EXPIRED,DECLINING,-4,2026-07-17 00:14:41.956573
75,,BTCUSDT,2026-07-17 00:19:42.148939,9,58,58,63724.60000000,64078.02140000,63441.86288000,0.60,EXPIRED,DECLINING,-3,2026-07-17 00:19:50.470934
76,,XRPUSDT,2026-07-17 00:19:42.148939,20,100,100,1.08610000,1.07790000,1.09706000,0.00,ACTIVE,IMPROVING,10,2026-07-17 00:19:50.481174
77,,BTCUSDT,2026-07-17 00:24:50.609611,10,58,58,63724.60000000,64078.02140000,63441.86288000,0.60,EXPIRED,STABLE,0,2026-07-17 00:24:59.289351
78,,XRPUSDT,2026-07-17 00:24:50.609611,21,100,100,1.08610000,1.07790000,1.09706000,0.00,ACTIVE,STABLE,0,2026-07-17 00:24:59.303469
79,,BTCUSDT,2026-07-17 00:29:59.459577,11,58,58,63724.60000000,64078.02140000,63441.86288000,0.60,EXPIRED,STABLE,0,2026-07-17 00:30:07.809794
80,,XRPUSDT,2026-07-17 00:29:59.459577,22,100,100,1.08610000,1.07790000,1.09706000,0.00,ACTIVE,STABLE,0,2026-07-17 00:30:07.82017
81,,BTCUSDT,2026-07-17 00:35:08.036041,12,58,58,63749.80000000,64121.54290000,63378.05710000,0.60,EXPIRED,STABLE,0,2026-07-17 00:35:16.61688
82,,SOLUSDT,2026-07-17 00:35:08.036041,23,61,61,75.28000000,76.00210000,74.55790000,0.60,ACTIVE,DECLINING,-17,2026-07-17 00:35:16.626992
83,,XRPUSDT,2026-07-17 00:35:08.036041,23,100,100,1.08610000,1.07740000,1.09762000,0.00,ACTIVE,STABLE,0,2026-07-17 00:35:16.635055
84,,BTCUSDT,2026-07-17 00:40:16.761504,13,76,76,63749.80000000,64121.54290000,63130.22860000,7.50,ACTIVE,IMPROVING,18,2026-07-17 00:40:24.472612
85,,SOLUSDT,2026-07-17 00:40:16.761504,24,61,61,75.28000000,76.00210000,74.55790000,0.60,ACTIVE,STABLE,0,2026-07-17 00:40:24.482991
86,,XRPUSDT,2026-07-17 00:40:16.761504,24,92,92,1.08610000,1.09480000,1.07458000,0.00,ACTIVE,DECLINING,-8,2026-07-17 00:40:24.492018
87,,BTCUSDT,2026-07-17 00:45:24.65242,14,76,76,63749.80000000,64121.54290000,63130.22860000,7.50,ACTIVE,STABLE,0,2026-07-17 00:45:32.490319
88,,SOLUSDT,2026-07-17 00:45:24.65242,25,61,61,75.28000000,76.00210000,74.55790000,0.60,ACTIVE,STABLE,0,2026-07-17 00:45:32.499614
89,,XRPUSDT,2026-07-17 00:45:24.65242,25,92,92,1.08610000,1.09480000,1.07458000,0.00,ACTIVE,STABLE,0,2026-07-17 00:45:32.507581
90,,BTCUSDT,2026-07-17 00:50:32.643441,15,76,76,63749.80000000,64121.54290000,63130.22860000,7.50,ACTIVE,STABLE,0,2026-07-17 00:50:40.583594
91,,SOLUSDT,2026-07-17 00:50:32.643441,26,61,61,75.28000000,76.00210000,74.55790000,0.60,ACTIVE,STABLE,0,2026-07-17 00:50:40.595349
92,,XRPUSDT,2026-07-17 00:50:32.643441,26,92,92,1.08610000,1.09480000,1.07458000,0.00,ACTIVE,STABLE,0,2026-07-17 00:50:40.60517
93,,BTCUSDT,2026-07-17 00:55:40.729855,16,77,77,63801.90000000,64200.79290000,63137.07860000,7.50,ACTIVE,IMPROVING,1,2026-07-17 00:55:48.447168
94,,ETHUSDT,2026-07-17 00:55:40.729855,5,78,78,1861.43000000,1880.55500000,1829.55500000,7.50,ACTIVE,IMPROVING,28,2026-07-17 00:55:48.455171
95,,SOLUSDT,2026-07-17 00:55:40.729855,27,60,60,75.36000000,76.12500000,74.59500000,0.60,EXPIRED,DECLINING,-1,2026-07-17 00:55:48.462255
96,,BTCUSDT,2026-07-17 01:00:48.585817,17,77,77,63801.90000000,64200.79290000,63137.07860000,7.50,ACTIVE,STABLE,0,2026-07-17 01:00:58.25283
97,,ETHUSDT,2026-07-17 01:00:48.585817,6,78,78,1861.43000000,1880.55500000,1829.55500000,7.50,ACTIVE,STABLE,0,2026-07-17 01:00:58.264775
98,,SOLUSDT,2026-07-17 01:00:48.585817,28,60,60,75.36000000,76.12500000,74.59500000,0.60,EXPIRED,STABLE,0,2026-07-17 01:00:58.275409
99,,BTCUSDT,2026-07-17 01:05:58.425342,18,77,77,63801.90000000,64200.79290000,63137.07860000,7.50,ACTIVE,STABLE,0,2026-07-17 01:06:05.840027
100,,ETHUSDT,2026-07-17 01:05:58.425342,7,78,78,1861.43000000,1880.55500000,1829.55500000,7.50,ACTIVE,STABLE,0,2026-07-17 01:06:05.848319
101,,SOLUSDT,2026-07-17 01:05:58.425342,29,60,60,75.36000000,76.12500000,74.59500000,0.60,EXPIRED,STABLE,0,2026-07-17 01:06:05.855404
102,,BTCUSDT,2026-07-17 01:11:05.955959,19,77,77,63801.90000000,64200.79290000,63137.07860000,7.50,ACTIVE,STABLE,0,2026-07-17 01:11:15.567269
103,,ETHUSDT,2026-07-17 01:11:05.955959,8,78,78,1861.43000000,1880.55500000,1829.55500000,7.50,ACTIVE,STABLE,0,2026-07-17 01:11:15.579483
104,,SOLUSDT,2026-07-17 01:11:05.955959,30,60,60,75.36000000,76.12500000,74.59500000,0.60,EXPIRED,STABLE,0,2026-07-17 01:11:15.590103
105,,ETHUSDT,2026-07-17 01:36:54.121538,9,66,66,1861.39000000,1893.75140000,1829.02860000,2.10,ACTIVE,DECLINING,-12,2026-07-17 01:37:02.371116
106,,XRPUSDT,2026-07-17 01:36:54.121538,27,53,53,1.09330000,1.10320000,1.08340000,0.60,EXPIRED,DECLINING,-39,2026-07-17 01:37:02.379138
107,,ETHUSDT,2026-07-17 01:42:02.488973,10,66,66,1861.39000000,1893.75140000,1829.02860000,2.10,ACTIVE,STABLE,0,2026-07-17 01:42:12.127826
108,,XRPUSDT,2026-07-17 01:42:02.488973,28,53,53,1.09330000,1.10320000,1.08340000,0.60,EXPIRED,STABLE,0,2026-07-17 01:42:12.13714
109,,ETHUSDT,2026-07-17 01:47:12.274451,11,66,66,1861.39000000,1893.75140000,1829.02860000,2.10,ACTIVE,STABLE,0,2026-07-17 01:47:20.66995
110,,XRPUSDT,2026-07-17 01:47:12.274451,29,53,53,1.09330000,1.10320000,1.08340000,0.60,EXPIRED,STABLE,0,2026-07-17 01:47:20.680923
111,,BTCUSDT,2026-07-17 01:52:20.790302,20,53,53,63710.10000000,64435.56430000,62984.63570000,0.60,ACTIVE,DECLINING,-24,2026-07-17 01:52:30.24266
112,,BTCUSDT,2026-07-17 01:57:30.363107,21,71,71,63710.10000000,64435.56430000,62984.63570000,3.00,ACTIVE,IMPROVING,18,2026-07-17 01:57:38.720982
113,,BTCUSDT,2026-07-17 02:02:38.872615,22,71,71,63710.10000000,64435.56430000,62984.63570000,3.00,ACTIVE,STABLE,0,2026-07-17 02:02:48.431519
114,,BTCUSDT,2026-07-17 02:07:48.570824,23,71,71,63710.10000000,64435.56430000,62984.63570000,3.00,ACTIVE,STABLE,0,2026-07-17 02:07:57.750378
115,,BTCUSDT,2026-07-17 02:12:57.901025,24,79,79,63545.20000000,64034.37140000,62729.91430000,7.50,ACTIVE,IMPROVING,8,2026-07-17 02:13:04.787016
116,,ETHUSDT,2026-07-17 02:12:57.901025,12,50,50,1853.29000000,1882.83250000,1823.74750000,0.60,EXPIRED,DECLINING,-16,2026-07-17 02:13:04.797943
117,,SOLUSDT,2026-07-17 02:12:57.901025,1,55,55,75.15000000,75.99640000,74.30360000,0.60,ACTIVE,STABLE,0,2026-07-17 02:13:04.808087
118,,BTCUSDT,2026-07-17 02:18:04.97097,25,79,79,63545.20000000,64034.37140000,62729.91430000,7.50,ACTIVE,STABLE,0,2026-07-17 02:18:14.425104
119,,ETHUSDT,2026-07-17 02:18:04.97097,13,50,50,1853.29000000,1882.83250000,1823.74750000,0.60,EXPIRED,STABLE,0,2026-07-17 02:18:14.435399
120,,SOLUSDT,2026-07-17 02:18:04.97097,2,55,55,75.15000000,75.99640000,74.30360000,0.60,ACTIVE,STABLE,0,2026-07-17 02:18:14.443417
121,,BTCUSDT,2026-07-17 02:23:14.565254,26,79,79,63545.20000000,64034.37140000,62729.91430000,7.50,ACTIVE,STABLE,0,2026-07-17 02:23:23.060534
122,,ETHUSDT,2026-07-17 02:23:14.565254,14,50,50,1853.29000000,1882.83250000,1823.74750000,0.60,EXPIRED,STABLE,0,2026-07-17 02:23:23.070581
123,,SOLUSDT,2026-07-17 02:23:14.565254,3,55,55,75.15000000,75.99640000,74.30360000,0.60,ACTIVE,STABLE,0,2026-07-17 02:23:23.080397
124,,BTCUSDT,2026-07-17 02:28:23.216411,27,79,79,63545.20000000,64034.37140000,62729.91430000,7.50,ACTIVE,STABLE,0,2026-07-17 02:28:32.265873
125,,ETHUSDT,2026-07-17 02:28:23.216411,15,50,50,1853.29000000,1882.83250000,1823.74750000,0.60,EXPIRED,STABLE,0,2026-07-17 02:28:32.276144
126,,SOLUSDT,2026-07-17 02:28:23.216411,4,55,55,75.15000000,75.99640000,74.30360000,0.60,ACTIVE,STABLE,0,2026-07-17 02:28:32.283829
127,,BTCUSDT,2026-07-17 02:33:32.459409,28,77,77,63537.40000000,64054.08570000,62676.25710000,7.50,ACTIVE,DECLINING,-2,2026-07-17 02:33:41.893313
128,,ETHUSDT,2026-07-17 02:33:32.459409,16,50,50,1850.00000000,1881.33090000,1818.66910000,0.60,EXPIRED,STABLE,0,2026-07-17 02:33:41.904501
129,,XRPUSDT,2026-07-17 02:33:32.459409,1,51,51,1.08770000,1.09840000,1.07700000,0.60,ACTIVE,STABLE,0,2026-07-17 02:33:41.917267
130,,BTCUSDT,2026-07-17 02:38:42.050083,29,77,77,63537.40000000,64054.08570000,62676.25710000,7.50,ACTIVE,STABLE,0,2026-07-17 02:38:50.639756
131,,ETHUSDT,2026-07-17 02:38:42.050083,17,50,50,1850.00000000,1881.33090000,1818.66910000,0.60,EXPIRED,STABLE,0,2026-07-17 02:38:50.65437
132,,XRPUSDT,2026-07-17 02:38:42.050083,2,51,51,1.08770000,1.09840000,1.07700000,0.60,ACTIVE,STABLE,0,2026-07-17 02:38:50.667658
133,,BTCUSDT,2026-07-17 02:43:50.832574,30,77,77,63537.40000000,64054.08570000,62676.25710000,7.50,ACTIVE,STABLE,0,2026-07-17 02:43:58.140309
134,,ETHUSDT,2026-07-17 02:43:50.832574,18,50,50,1850.00000000,1881.33090000,1818.66910000,0.60,EXPIRED,STABLE,0,2026-07-17 02:43:58.155681
135,,XRPUSDT,2026-07-17 02:43:50.832574,3,51,51,1.08770000,1.09840000,1.07700000,0.60,ACTIVE,STABLE,0,2026-07-17 02:43:58.169339
136,,BTCUSDT,2026-07-17 02:48:58.337001,31,77,77,63385.10000000,63916.48570000,62499.45710000,7.50,ACTIVE,STABLE,0,2026-07-17 02:49:06.800331
137,,ETHUSDT,2026-07-17 02:48:58.337001,19,51,51,1846.37000000,1878.69540000,1814.04460000,0.60,ACTIVE,IMPROVING,1,2026-07-17 02:49:06.814417
138,,SOLUSDT,2026-07-17 02:48:58.337001,5,52,52,74.85000000,75.72430000,73.97570000,0.60,ACTIVE,DECLINING,-3,2026-07-17 02:49:06.827674
139,,BTCUSDT,2026-07-17 02:54:06.974887,32,77,77,63385.10000000,63916.48570000,62499.45710000,7.50,ACTIVE,STABLE,0,2026-07-17 02:54:14.626558
140,,ETHUSDT,2026-07-17 02:54:06.974887,20,51,51,1846.37000000,1878.69540000,1814.04460000,0.60,ACTIVE,STABLE,0,2026-07-17 02:54:14.63769
141,,SOLUSDT,2026-07-17 02:54:06.974887,6,52,52,74.85000000,75.72430000,73.97570000,0.60,ACTIVE,STABLE,0,2026-07-17 02:54:14.647962
142,,BTCUSDT,2026-07-17 02:59:14.801822,33,77,77,63385.10000000,63916.48570000,62499.45710000,7.50,ACTIVE,STABLE,0,2026-07-17 02:59:21.643346
143,,ETHUSDT,2026-07-17 02:59:14.801822,21,51,51,1846.37000000,1878.69540000,1814.04460000,0.60,ACTIVE,STABLE,0,2026-07-17 02:59:21.654403
144,,SOLUSDT,2026-07-17 02:59:14.801822,7,52,52,74.85000000,75.72430000,73.97570000,0.60,ACTIVE,STABLE,0,2026-07-17 02:59:21.664329
145,,BTCUSDT,2026-07-17 03:04:21.803257,34,77,77,63385.10000000,63916.48570000,62499.45710000,7.50,ACTIVE,STABLE,0,2026-07-17 03:04:29.459653
146,,ETHUSDT,2026-07-17 03:04:21.803257,22,51,51,1846.37000000,1878.69540000,1814.04460000,0.60,ACTIVE,STABLE,0,2026-07-17 03:04:29.47294
147,,SOLUSDT,2026-07-17 03:04:21.803257,8,52,52,74.85000000,75.72430000,73.97570000,0.60,ACTIVE,STABLE,0,2026-07-17 03:04:29.485031
148,,ETHUSDT,2026-07-17 03:50:34.141745,23,58,58,1854.54000000,1885.77900000,1823.30100000,0.60,ACTIVE,IMPROVING,7,2026-07-17 03:50:40.403637
149,,SOLUSDT,2026-07-17 03:50:34.141745,9,70,70,75.22000000,76.07500000,74.08000000,3.00,ACTIVE,IMPROVING,18,2026-07-17 03:50:40.414288
150,,XRPUSDT,2026-07-17 03:50:34.141745,4,54,54,1.09270000,1.10350000,1.08190000,0.60,ACTIVE,IMPROVING,3,2026-07-17 03:50:40.424207
151,,ETHUSDT,2026-07-17 03:55:40.591716,24,58,58,1854.54000000,1885.77900000,1823.30100000,0.60,ACTIVE,STABLE,0,2026-07-17 03:55:49.401995
152,,SOLUSDT,2026-07-17 03:55:40.591716,10,70,70,75.22000000,76.07500000,74.08000000,3.00,ACTIVE,STABLE,0,2026-07-17 03:55:49.410243
153,,XRPUSDT,2026-07-17 03:55:40.591716,5,54,54,1.09270000,1.10350000,1.08190000,0.60,ACTIVE,STABLE,0,2026-07-17 03:55:49.417318
154,,ETHUSDT,2026-07-17 04:00:49.518801,25,58,58,1854.54000000,1885.77900000,1823.30100000,0.60,ACTIVE,STABLE,0,2026-07-17 04:00:58.443837
155,,SOLUSDT,2026-07-17 04:00:49.518801,11,70,70,75.22000000,76.07500000,74.08000000,3.00,ACTIVE,STABLE,0,2026-07-17 04:00:58.45512
156,,XRPUSDT,2026-07-17 04:00:49.518801,6,54,54,1.09270000,1.10350000,1.08190000,0.60,ACTIVE,STABLE,0,2026-07-17 04:00:58.465692
157,,BTCUSDT,2026-07-17 04:05:58.594995,35,60,60,63537.90000000,64055.57140000,63020.22860000,0.60,EXPIRED,DECLINING,-17,2026-07-17 04:06:06.041141
158,,BTCUSDT,2026-07-17 04:11:06.160132,36,60,60,63537.90000000,64055.57140000,63020.22860000,0.60,EXPIRED,STABLE,0,2026-07-17 04:11:14.484434
159,,BTCUSDT,2026-07-17 04:16:14.592243,37,60,60,63537.90000000,64055.57140000,63020.22860000,0.60,EXPIRED,STABLE,0,2026-07-17 04:16:23.187546
160,,BTCUSDT,2026-07-17 04:21:23.30208,38,60,60,63537.90000000,64055.57140000,63020.22860000,0.60,EXPIRED,STABLE,0,2026-07-17 04:21:32.589544
161,,SOLUSDT,2026-07-17 04:26:32.74371,12,56,56,74.92000000,75.70210000,74.13790000,0.60,ACTIVE,DECLINING,-14,2026-07-17 04:26:41.593286
162,,SOLUSDT,2026-07-17 04:31:41.743921,13,56,56,74.92000000,75.70210000,74.13790000,0.60,ACTIVE,STABLE,0,2026-07-17 04:31:51.312017
163,,SOLUSDT,2026-07-17 04:36:51.452405,14,56,56,74.92000000,75.70210000,74.13790000,0.60,ACTIVE,STABLE,0,2026-07-17 04:37:00.583102
164,,SOLUSDT,2026-07-17 04:42:00.706515,15,56,56,74.92000000,75.70210000,74.13790000,0.60,ACTIVE,STABLE,0,2026-07-17 04:42:09.205586
165,,BTCUSDT,2026-07-17 04:47:09.326353,39,60,60,63321.70000000,63815.62860000,62827.77140000,0.60,EXPIRED,STABLE,0,2026-07-17 04:47:17.88147
166,,ETHUSDT,2026-07-17 04:47:09.326353,26,96,96,1846.00000000,1866.91000000,1811.15000000,0.00,BOOSTED,IMPROVING,38,2026-07-17 04:47:17.901619
167,,SOLUSDT,2026-07-17 04:47:09.326353,16,62,62,74.94000000,75.73710000,74.14290000,0.60,ACTIVE,IMPROVING,6,2026-07-17 04:47:17.912836
168,,BTCUSDT,2026-07-17 04:52:18.057443,40,60,60,63321.70000000,63815.62860000,62827.77140000,0.60,EXPIRED,STABLE,0,2026-07-17 04:52:27.132891
169,,ETHUSDT,2026-07-17 04:52:18.057443,27,96,96,1846.00000000,1866.91000000,1811.15000000,0.00,BOOSTED,STABLE,0,2026-07-17 04:52:27.143378
170,,SOLUSDT,2026-07-17 04:52:18.057443,17,62,62,74.94000000,75.73710000,74.14290000,0.60,ACTIVE,STABLE,0,2026-07-17 04:52:27.151306
171,,BTCUSDT,2026-07-17 04:57:27.292263,41,60,60,63321.70000000,63815.62860000,62827.77140000,0.60,EXPIRED,STABLE,0,2026-07-17 04:57:35.691388
172,,ETHUSDT,2026-07-17 04:57:27.292263,28,96,96,1846.00000000,1866.91000000,1811.15000000,0.00,BOOSTED,STABLE,0,2026-07-17 04:57:35.701966
173,,SOLUSDT,2026-07-17 04:57:27.292263,18,62,62,74.94000000,75.73710000,74.14290000,0.60,ACTIVE,STABLE,0,2026-07-17 04:57:35.71098
174,,BTCUSDT,2026-07-17 05:02:35.843998,42,60,60,63321.70000000,63815.62860000,62827.77140000,0.60,EXPIRED,STABLE,0,2026-07-17 05:02:44.448383
175,,ETHUSDT,2026-07-17 05:02:35.843998,29,96,96,1846.00000000,1866.91000000,1811.15000000,0.00,BOOSTED,STABLE,0,2026-07-17 05:02:44.460382
176,,SOLUSDT,2026-07-17 05:02:35.843998,19,62,62,74.94000000,75.73710000,74.14290000,0.60,ACTIVE,STABLE,0,2026-07-17 05:02:44.47121
177,,BTCUSDT,2026-07-17 05:07:44.630956,43,77,77,63462.80000000,63959.75000000,62634.55000000,7.50,ACTIVE,IMPROVING,17,2026-07-17 05:07:51.9559
178,,ETHUSDT,2026-07-17 05:07:44.630956,30,57,57,1849.61000000,1869.90710000,1829.31290000,0.60,BOOSTED,DECLINING,-39,2026-07-17 05:07:51.969896
179,,SOLUSDT,2026-07-17 05:07:44.630956,20,58,58,75.19000000,76.01070000,74.36930000,0.60,ACTIVE,DECLINING,-4,2026-07-17 05:07:51.982646
180,,BTCUSDT,2026-07-17 05:12:52.135161,44,77,77,63462.80000000,63959.75000000,62634.55000000,7.50,ACTIVE,STABLE,0,2026-07-17 05:13:00.304513
181,,ETHUSDT,2026-07-17 05:12:52.135161,31,57,57,1849.61000000,1869.90710000,1829.31290000,0.60,BOOSTED,STABLE,0,2026-07-17 05:13:00.3142
182,,SOLUSDT,2026-07-17 05:12:52.135161,21,58,58,75.19000000,76.01070000,74.36930000,0.60,ACTIVE,STABLE,0,2026-07-17 05:13:00.322216
183,,BTCUSDT,2026-07-17 05:18:00.457997,45,77,77,63462.80000000,63959.75000000,62634.55000000,7.50,ACTIVE,STABLE,0,2026-07-17 05:18:09.076954
184,,ETHUSDT,2026-07-17 05:18:00.457997,32,57,57,1849.61000000,1869.90710000,1829.31290000,0.60,BOOSTED,STABLE,0,2026-07-17 05:18:09.090984
185,,SOLUSDT,2026-07-17 05:18:00.457997,22,58,58,75.19000000,76.01070000,74.36930000,0.60,ACTIVE,STABLE,0,2026-07-17 05:18:09.102915
186,,BTCUSDT,2026-07-17 05:43:45.646763,46,76,76,63167.30000000,63598.65710000,62448.37140000,7.50,ACTIVE,DECLINING,-1,2026-07-17 05:43:54.241578
187,,ETHUSDT,2026-07-17 05:43:45.646763,33,74,74,1835.09000000,1853.86570000,1810.05570000,3.00,BOOSTED,IMPROVING,17,2026-07-17 05:43:54.256604
188,,SOLUSDT,2026-07-17 05:43:45.646763,23,56,56,74.63000000,75.40140000,73.85860000,0.60,EXPIRED,DECLINING,-2,2026-07-17 05:43:54.271462
189,,BTCUSDT,2026-07-17 05:48:54.439244,47,76,76,63167.30000000,63598.65710000,62448.37140000,7.50,ACTIVE,STABLE,0,2026-07-17 05:49:01.886226
190,,ETHUSDT,2026-07-17 05:48:54.439244,34,74,74,1835.09000000,1853.86570000,1810.05570000,3.00,BOOSTED,STABLE,0,2026-07-17 05:49:01.896486
191,,SOLUSDT,2026-07-17 05:48:54.439244,24,56,56,74.63000000,75.40140000,73.85860000,0.60,EXPIRED,STABLE,0,2026-07-17 05:49:01.905992
192,,BTCUSDT,2026-07-17 05:54:02.058867,48,76,76,63167.30000000,63598.65710000,62448.37140000,7.50,ACTIVE,STABLE,0,2026-07-17 05:54:11.710151
193,,ETHUSDT,2026-07-17 05:54:02.058867,35,74,74,1835.09000000,1853.86570000,1810.05570000,3.00,BOOSTED,STABLE,0,2026-07-17 05:54:11.722297
194,,SOLUSDT,2026-07-17 05:54:02.058867,25,56,56,74.63000000,75.40140000,73.85860000,0.60,EXPIRED,STABLE,0,2026-07-17 05:54:11.733385
195,,BTCUSDT,2026-07-17 05:59:11.882463,49,76,76,63167.30000000,63598.65710000,62448.37140000,7.50,ACTIVE,STABLE,0,2026-07-17 05:59:19.140247
196,,ETHUSDT,2026-07-17 05:59:11.882463,36,74,74,1835.09000000,1853.86570000,1810.05570000,3.00,BOOSTED,STABLE,0,2026-07-17 05:59:19.148435
197,,SOLUSDT,2026-07-17 05:59:11.882463,26,56,56,74.63000000,75.40140000,73.85860000,0.60,EXPIRED,STABLE,0,2026-07-17 05:59:19.155621
198,,BTCUSDT,2026-07-17 06:04:19.256621,50,79,79,62826.80000000,63316.93570000,62009.90710000,7.50,ACTIVE,IMPROVING,3,2026-07-17 06:04:28.278999
199,,ETHUSDT,2026-07-17 06:04:19.256621,37,59,59,1826.00000000,1846.42140000,1805.57860000,0.60,BOOSTED,DECLINING,-15,2026-07-17 06:04:28.291206
200,,SOLUSDT,2026-07-17 06:04:19.256621,27,58,58,74.37000000,75.20140000,73.53860000,0.60,ACTIVE,IMPROVING,2,2026-07-17 06:04:28.302169
201,,BTCUSDT,2026-07-17 06:09:28.440999,51,79,79,62826.80000000,63316.93570000,62009.90710000,7.50,ACTIVE,STABLE,0,2026-07-17 06:09:36.560685
202,,ETHUSDT,2026-07-17 06:09:28.440999,38,59,59,1826.00000000,1846.42140000,1805.57860000,0.60,BOOSTED,STABLE,0,2026-07-17 06:09:36.575021
203,,SOLUSDT,2026-07-17 06:09:28.440999,28,58,58,74.37000000,75.20140000,73.53860000,0.60,ACTIVE,STABLE,0,2026-07-17 06:09:36.587558
204,,BTCUSDT,2026-07-17 06:14:36.732272,52,79,79,62826.80000000,63316.93570000,62009.90710000,7.50,ACTIVE,STABLE,0,2026-07-17 06:14:46.47606
205,,ETHUSDT,2026-07-17 06:14:36.732272,39,59,59,1826.00000000,1846.42140000,1805.57860000,0.60,BOOSTED,STABLE,0,2026-07-17 06:14:46.490767
206,,SOLUSDT,2026-07-17 06:14:36.732272,29,58,58,74.37000000,75.20140000,73.53860000,0.60,ACTIVE,STABLE,0,2026-07-17 06:14:46.504114
207,,BTCUSDT,2026-07-17 06:19:46.657675,53,79,79,62760.00000000,63260.80710000,61925.32140000,7.50,ACTIVE,STABLE,0,2026-07-17 06:19:55.564799
208,,ETHUSDT,2026-07-17 06:19:46.657675,40,52,52,1824.93000000,1845.59790000,1804.26210000,0.60,EXPIRED,DECLINING,-7,2026-07-17 06:19:55.576327
209,,SOLUSDT,2026-07-17 06:19:46.657675,30,58,58,74.37000000,75.20140000,73.53860000,0.60,ACTIVE,STABLE,0,2026-07-17 06:19:55.586661
210,,BTCUSDT,2026-07-17 06:24:55.743802,54,76,76,62760.00000000,63260.80710000,61925.32140000,7.50,ACTIVE,DECLINING,-3,2026-07-17 06:25:05.379014
211,,ETHUSDT,2026-07-17 06:24:55.743802,41,51,51,1824.93000000,1845.59790000,1804.26210000,0.60,EXPIRED,DECLINING,-1,2026-07-17 06:25:05.390497
212,,SOLUSDT,2026-07-17 06:24:55.743802,31,58,58,74.49000000,75.30000000,73.68000000,0.60,ACTIVE,STABLE,0,2026-07-17 06:25:05.401108
213,,BTCUSDT,2026-07-17 06:30:05.536283,55,76,76,62760.00000000,63260.80710000,61925.32140000,7.50,ACTIVE,STABLE,0,2026-07-17 06:30:14.773333
214,,ETHUSDT,2026-07-17 06:30:05.536283,42,51,51,1824.93000000,1845.59790000,1804.26210000,0.60,EXPIRED,STABLE,0,2026-07-17 06:30:14.78362
215,,SOLUSDT,2026-07-17 06:30:05.536283,32,58,58,74.49000000,75.30000000,73.68000000,0.60,ACTIVE,STABLE,0,2026-07-17 06:30:14.791893
216,,BTCUSDT,2026-07-17 06:35:14.923388,56,76,76,62760.00000000,63260.80710000,61925.32140000,7.50,ACTIVE,STABLE,0,2026-07-17 06:35:24.328369
217,,ETHUSDT,2026-07-17 06:35:14.923388,43,51,51,1824.93000000,1845.59790000,1804.26210000,0.60,EXPIRED,STABLE,0,2026-07-17 06:35:24.337838
218,,SOLUSDT,2026-07-17 06:35:14.923388,33,58,58,74.49000000,75.30000000,73.68000000,0.60,ACTIVE,STABLE,0,2026-07-17 06:35:24.345778
219,,BTCUSDT,2026-07-17 06:40:24.464819,57,61,61,62862.20000000,62350.57140000,63527.31718000,1.80,EXPIRED,DECLINING,-15,2026-07-17 06:40:32.685201
220,,ETHUSDT,2026-07-17 06:40:24.464819,44,73,73,1833.00000000,1853.24360000,1806.00860000,3.00,ACTIVE,IMPROVING,22,2026-07-17 06:40:32.697571
221,,SOLUSDT,2026-07-17 06:40:24.464819,34,60,60,74.67000000,75.46290000,73.87710000,0.60,ACTIVE,IMPROVING,2,2026-07-17 06:40:32.709685
222,,BTCUSDT,2026-07-17 06:45:32.837101,58,61,61,62862.20000000,62350.57140000,63527.31718000,1.80,EXPIRED,STABLE,0,2026-07-17 06:45:42.21912
223,,ETHUSDT,2026-07-17 06:45:32.837101,45,73,73,1833.00000000,1853.24360000,1806.00860000,3.00,ACTIVE,STABLE,0,2026-07-17 06:45:42.228744
224,,SOLUSDT,2026-07-17 06:45:32.837101,35,60,60,74.67000000,75.46290000,73.87710000,0.60,ACTIVE,STABLE,0,2026-07-17 06:45:42.236842
225,,BTCUSDT,2026-07-17 06:50:42.361161,59,61,61,62862.20000000,62350.57140000,63527.31718000,1.80,EXPIRED,STABLE,0,2026-07-17 06:50:49.885754
226,,ETHUSDT,2026-07-17 06:50:42.361161,46,73,73,1833.00000000,1853.24360000,1806.00860000,3.00,ACTIVE,STABLE,0,2026-07-17 06:50:49.897288
227,,SOLUSDT,2026-07-17 06:50:42.361161,36,60,60,74.67000000,75.46290000,73.87710000,0.60,ACTIVE,STABLE,0,2026-07-17 06:50:49.907124
228,,BTCUSDT,2026-07-17 06:55:50.030977,60,61,61,62862.20000000,62350.57140000,63527.31718000,1.80,EXPIRED,STABLE,0,2026-07-17 06:55:57.660692
229,,ETHUSDT,2026-07-17 06:55:50.030977,47,73,73,1833.00000000,1853.24360000,1806.00860000,3.00,ACTIVE,STABLE,0,2026-07-17 06:55:57.673035
230,,SOLUSDT,2026-07-17 06:55:50.030977,37,60,60,74.67000000,75.46290000,73.87710000,0.60,ACTIVE,STABLE,0,2026-07-17 06:55:57.683856
231,,BTCUSDT,2026-07-17 07:00:57.822875,61,63,63,62865.50000000,62354.47140000,63376.52860000,1.80,ACTIVE,IMPROVING,2,2026-07-17 07:01:06.40255
232,,ETHUSDT,2026-07-17 07:00:57.822875,48,73,73,1831.11000000,1850.95710000,1804.64710000,3.00,ACTIVE,STABLE,0,2026-07-17 07:01:06.414115
233,,SOLUSDT,2026-07-17 07:00:57.822875,38,58,58,74.47000000,75.25000000,73.69000000,0.60,ACTIVE,DECLINING,-2,2026-07-17 07:01:06.424296
234,,BTCUSDT,2026-07-17 07:06:06.57277,62,63,63,62865.50000000,62354.47140000,63376.52860000,1.80,ACTIVE,STABLE,0,2026-07-17 07:06:15.036904
235,,ETHUSDT,2026-07-17 07:06:06.57277,49,73,73,1831.11000000,1850.95710000,1804.64710000,3.00,ACTIVE,STABLE,0,2026-07-17 07:06:15.052393
236,,SOLUSDT,2026-07-17 07:06:06.57277,39,58,58,74.47000000,75.25000000,73.69000000,0.60,ACTIVE,STABLE,0,2026-07-17 07:06:15.066384
237,,BTCUSDT,2026-07-17 07:11:15.228056,63,63,63,62865.50000000,62354.47140000,63376.52860000,1.80,ACTIVE,STABLE,0,2026-07-17 07:11:22.022494
238,,ETHUSDT,2026-07-17 07:11:15.228056,50,73,73,1831.11000000,1850.95710000,1804.64710000,3.00,ACTIVE,STABLE,0,2026-07-17 07:11:22.031988
239,,SOLUSDT,2026-07-17 07:11:15.228056,40,58,58,74.47000000,75.25000000,73.69000000,0.60,ACTIVE,STABLE,0,2026-07-17 07:11:22.040108
240,,BTCUSDT,2026-07-17 07:16:22.166274,64,85,85,62840.00000000,62326.01430000,63953.63577000,0.00,ACTIVE,IMPROVING,22,2026-07-17 07:16:31.025793
241,,ETHUSDT,2026-07-17 07:16:22.166274,51,90,90,1828.78000000,1848.69790000,1795.58360000,0.00,ACTIVE,IMPROVING,17,2026-07-17 07:16:31.038315
242,,SOLUSDT,2026-07-17 07:16:22.166274,41,58,58,74.47000000,75.25000000,73.69000000,0.60,ACTIVE,STABLE,0,2026-07-17 07:16:31.048719
243,,BTCUSDT,2026-07-17 07:21:31.17002,65,85,85,62840.00000000,62326.01430000,63953.63577000,0.00,ACTIVE,STABLE,0,2026-07-17 07:21:39.40398
244,,ETHUSDT,2026-07-17 07:21:31.17002,52,90,90,1828.78000000,1848.69790000,1795.58360000,0.00,ACTIVE,STABLE,0,2026-07-17 07:21:39.416282
245,,SOLUSDT,2026-07-17 07:21:31.17002,42,57,57,74.49000000,75.26140000,73.71860000,0.60,EXPIRED,DECLINING,-1,2026-07-17 07:21:39.42944
246,,BTCUSDT,2026-07-17 07:26:39.545845,66,85,85,62840.00000000,62326.01430000,63953.63577000,0.00,ACTIVE,STABLE,0,2026-07-17 07:26:47.940582
247,,ETHUSDT,2026-07-17 07:26:39.545845,53,90,90,1828.78000000,1848.69790000,1795.58360000,0.00,ACTIVE,STABLE,0,2026-07-17 07:26:47.952161
248,,SOLUSDT,2026-07-17 07:26:39.545845,43,57,57,74.49000000,75.26140000,73.71860000,0.60,EXPIRED,STABLE,0,2026-07-17 07:26:47.962034
249,,BTCUSDT,2026-07-17 07:31:48.096675,67,85,85,62840.00000000,62326.01430000,63953.63577000,0.00,ACTIVE,STABLE,0,2026-07-17 07:31:55.296871
250,,ETHUSDT,2026-07-17 07:31:48.096675,54,90,90,1828.78000000,1848.69790000,1795.58360000,0.00,ACTIVE,STABLE,0,2026-07-17 07:31:55.305232
251,,SOLUSDT,2026-07-17 07:31:48.096675,44,57,57,74.49000000,75.26140000,73.71860000,0.60,EXPIRED,STABLE,0,2026-07-17 07:31:55.31275
252,,BTCUSDT,2026-07-17 07:36:55.408187,68,85,85,62899.40000000,62382.75710000,64018.79282000,0.00,ACTIVE,STABLE,0,2026-07-17 07:37:04.070529
253,,BNBUSDT,2026-07-17 07:36:55.408187,1,51,51,568.40000000,572.27860000,563.35782000,1.80,ACTIVE,STABLE,0,2026-07-17 07:37:04.082601
254,,BTCUSDT,2026-07-17 07:42:04.321732,69,85,85,62899.40000000,62382.75710000,64018.79282000,0.00,ACTIVE,STABLE,0,2026-07-17 07:42:12.111475
255,,BNBUSDT,2026-07-17 07:42:04.321732,2,51,51,568.40000000,572.27860000,563.35782000,1.80,ACTIVE,STABLE,0,2026-07-17 07:42:12.124785
256,,BTCUSDT,2026-07-17 07:47:12.272381,70,85,85,62899.40000000,62382.75710000,64018.79282000,0.00,ACTIVE,STABLE,0,2026-07-17 07:47:20.546743
257,,BNBUSDT,2026-07-17 07:47:12.272381,3,51,51,568.40000000,572.27860000,563.35782000,1.80,ACTIVE,STABLE,0,2026-07-17 07:47:20.559466
258,,BTCUSDT,2026-07-17 07:52:20.708373,71,85,85,62899.40000000,62382.75710000,64018.79282000,0.00,ACTIVE,STABLE,0,2026-07-17 07:52:28.311928
259,,BNBUSDT,2026-07-17 07:52:20.708373,4,51,51,568.40000000,572.27860000,563.35782000,1.80,ACTIVE,STABLE,0,2026-07-17 07:52:28.325639
260,,BTCUSDT,2026-07-17 08:18:02.378,72,85,85,62820.60000000,63313.32860000,61999.38570000,0.00,ACTIVE,STABLE,0,2026-07-17 08:18:09.269416
261,,ETHUSDT,2026-07-17 08:18:02.378,55,100,100,1828.77000000,1848.16930000,1796.43790000,0.00,BOOSTED,IMPROVING,10,2026-07-17 08:18:09.280937
262,,SOLUSDT,2026-07-17 08:18:02.378,1,74,74,74.55000000,75.25930000,73.79344000,3.00,ACTIVE,STABLE,0,2026-07-17 08:18:09.290609
263,,XRPUSDT,2026-07-17 08:18:02.378,1,59,59,1.08370000,1.09380000,1.07360000,0.60,ACTIVE,STABLE,0,2026-07-17 08:18:09.300327
264,,BNBUSDT,2026-07-17 08:18:02.378,5,59,59,565.00000000,561.05710000,570.12577000,1.80,ACTIVE,IMPROVING,8,2026-07-17 08:18:09.310147
265,,BTCUSDT,2026-07-17 08:23:09.479617,73,85,85,62820.60000000,63313.32860000,61999.38570000,0.00,ACTIVE,STABLE,0,2026-07-17 08:23:17.829038
266,,ETHUSDT,2026-07-17 08:23:09.479617,56,100,100,1828.77000000,1848.16930000,1796.43790000,0.00,BOOSTED,STABLE,0,2026-07-17 08:23:17.839274
267,,SOLUSDT,2026-07-17 08:23:09.479617,2,74,74,74.55000000,75.25930000,73.79344000,3.00,ACTIVE,STABLE,0,2026-07-17 08:23:17.847299
268,,XRPUSDT,2026-07-17 08:23:09.479617,2,59,59,1.08370000,1.09380000,1.07360000,0.60,ACTIVE,STABLE,0,2026-07-17 08:23:17.855005
269,,BNBUSDT,2026-07-17 08:23:09.479617,6,59,59,565.00000000,561.05710000,570.12577000,1.80,ACTIVE,STABLE,0,2026-07-17 08:23:17.862917
270,,BTCUSDT,2026-07-17 08:28:18.007257,74,85,85,62820.60000000,63313.32860000,61999.38570000,0.00,ACTIVE,STABLE,0,2026-07-17 08:28:24.078757
271,,ETHUSDT,2026-07-17 08:28:18.007257,57,100,100,1828.77000000,1848.16930000,1796.43790000,0.00,BOOSTED,STABLE,0,2026-07-17 08:28:24.09063
272,,SOLUSDT,2026-07-17 08:28:18.007257,3,74,74,74.55000000,75.25930000,73.79344000,3.00,ACTIVE,STABLE,0,2026-07-17 08:28:24.100603
273,,XRPUSDT,2026-07-17 08:28:18.007257,3,59,59,1.08370000,1.09380000,1.07360000,0.60,ACTIVE,STABLE,0,2026-07-17 08:28:24.110584
274,,BNBUSDT,2026-07-17 08:28:18.007257,7,59,59,565.00000000,561.05710000,570.12577000,1.80,ACTIVE,STABLE,0,2026-07-17 08:28:24.120509
275,,BTCUSDT,2026-07-17 08:33:24.242225,75,65,65,62790.90000000,62281.82140000,63673.30282000,6.30,ACTIVE,DECLINING,-20,2026-07-17 08:33:33.119542
276,,ETHUSDT,2026-07-17 08:33:24.242225,58,100,100,1825.14000000,1844.96570000,1792.09710000,0.00,BOOSTED,STABLE,0,2026-07-17 08:33:33.131156
277,,SOLUSDT,2026-07-17 08:33:24.242225,4,74,74,74.47000000,75.20500000,73.49000000,3.00,ACTIVE,STABLE,0,2026-07-17 08:33:33.141145
278,,BTCUSDT,2026-07-17 08:38:33.299996,76,65,65,62790.90000000,62281.82140000,63673.30282000,6.30,ACTIVE,STABLE,0,2026-07-17 08:38:41.202179
279,,ETHUSDT,2026-07-17 08:38:33.299996,59,100,100,1825.14000000,1844.96570000,1792.09710000,0.00,BOOSTED,STABLE,0,2026-07-17 08:38:41.216368
280,,SOLUSDT,2026-07-17 08:38:33.299996,5,72,72,74.47000000,75.20500000,73.49000000,3.00,ACTIVE,DECLINING,-2,2026-07-17 08:38:41.229012
281,,BTCUSDT,2026-07-17 08:43:41.420191,77,65,65,62790.90000000,62281.82140000,63673.30282000,6.30,ACTIVE,STABLE,0,2026-07-17 08:43:49.641237
282,,ETHUSDT,2026-07-17 08:43:41.420191,60,100,100,1825.14000000,1844.96570000,1792.09710000,0.00,BOOSTED,STABLE,0,2026-07-17 08:43:49.655568
283,,SOLUSDT,2026-07-17 08:43:41.420191,6,72,72,74.47000000,75.20500000,73.49000000,3.00,ACTIVE,STABLE,0,2026-07-17 08:43:49.66904
284,,BTCUSDT,2026-07-17 08:48:49.856549,78,65,65,62790.90000000,62281.82140000,63673.30282000,6.30,ACTIVE,STABLE,0,2026-07-17 08:48:58.343504
285,,ETHUSDT,2026-07-17 08:48:49.856549,61,100,100,1825.14000000,1844.96570000,1792.09710000,0.00,BOOSTED,STABLE,0,2026-07-17 08:48:58.351499
286,,SOLUSDT,2026-07-17 08:48:49.856549,7,72,72,74.47000000,75.20500000,73.49000000,3.00,ACTIVE,STABLE,0,2026-07-17 08:48:58.358476
287,,BNBUSDT,2026-07-17 08:53:58.474664,8,99,99,563.40000000,559.30710000,572.26782000,0.00,ACTIVE,IMPROVING,40,2026-07-17 08:54:04.794755
288,,BNBUSDT,2026-07-17 08:59:04.953197,9,99,99,563.40000000,559.30710000,572.26782000,0.00,ACTIVE,STABLE,0,2026-07-17 08:59:13.099222
289,,BNBUSDT,2026-07-17 09:04:13.222995,10,99,99,563.40000000,559.30710000,572.26782000,0.00,ACTIVE,STABLE,0,2026-07-17 09:04:21.090987
290,,BNBUSDT,2026-07-17 09:09:21.270098,11,99,99,563.40000000,559.30710000,572.26782000,0.00,ACTIVE,STABLE,0,2026-07-17 09:09:28.070189
291,,ETHUSDT,2026-07-17 09:14:28.251818,62,60,60,1829.68000000,1812.17070000,1847.18930000,0.60,BOOSTED,DECLINING,-40,2026-07-17 09:14:37.018592
292,,XRPUSDT,2026-07-17 09:14:28.251818,4,85,85,1.08540000,1.07520000,1.10240000,0.00,ACTIVE,IMPROVING,26,2026-07-17 09:14:37.032601
293,,BNBUSDT,2026-07-17 09:14:28.251818,12,77,77,564.20000000,560.21430000,572.83577000,22.50,ACTIVE,DECLINING,-22,2026-07-17 09:14:37.045393
294,,ETHUSDT,2026-07-17 09:19:37.227013,63,60,60,1829.68000000,1812.17070000,1847.18930000,0.60,BOOSTED,STABLE,0,2026-07-17 09:19:43.962823
295,,XRPUSDT,2026-07-17 09:19:37.227013,5,85,85,1.08540000,1.07520000,1.10240000,0.00,ACTIVE,STABLE,0,2026-07-17 09:19:43.97574
296,,BNBUSDT,2026-07-17 09:19:37.227013,13,77,77,564.20000000,560.21430000,572.83577000,22.50,ACTIVE,STABLE,0,2026-07-17 09:19:43.986742
297,,ETHUSDT,2026-07-17 09:24:44.129591,64,60,60,1829.68000000,1812.17070000,1847.18930000,0.60,BOOSTED,STABLE,0,2026-07-17 09:24:51.813816
298,,XRPUSDT,2026-07-17 09:24:44.129591,6,85,85,1.08540000,1.07520000,1.10240000,0.00,ACTIVE,STABLE,0,2026-07-17 09:24:51.82221
299,,BNBUSDT,2026-07-17 09:24:44.129591,14,77,77,564.20000000,560.21430000,572.83577000,22.50,ACTIVE,STABLE,0,2026-07-17 09:24:51.829633
300,,ETHUSDT,2026-07-17 09:29:51.958308,65,60,60,1829.68000000,1812.17070000,1847.18930000,0.60,BOOSTED,STABLE,0,2026-07-17 09:30:00.325933
301,,XRPUSDT,2026-07-17 09:29:51.958308,7,85,85,1.08540000,1.07520000,1.10240000,0.00,ACTIVE,STABLE,0,2026-07-17 09:30:00.339535
302,,BNBUSDT,2026-07-17 09:29:51.958308,15,77,77,564.20000000,560.21430000,572.83577000,22.50,ACTIVE,STABLE,0,2026-07-17 09:30:00.351866
303,,BTCUSDT,2026-07-17 09:35:00.530452,79,85,85,62905.20000000,62470.67140000,63629.41430000,0.00,ACTIVE,IMPROVING,20,2026-07-17 09:35:08.412474
304,,ETHUSDT,2026-07-17 09:35:00.530452,66,53,53,1831.17000000,1814.99570000,1844.10944000,0.60,EXPIRED,DECLINING,-7,2026-07-17 09:35:08.424952
305,,XRPUSDT,2026-07-17 09:35:00.530452,8,78,78,1.08720000,1.07750000,1.10330000,7.50,ACTIVE,DECLINING,-7,2026-07-17 09:35:08.435904
306,,BTCUSDT,2026-07-17 09:40:08.633396,80,85,85,62905.20000000,62470.67140000,63629.41430000,0.00,ACTIVE,STABLE,0,2026-07-17 09:40:18.323299
307,,ETHUSDT,2026-07-17 09:40:08.633396,67,53,53,1831.17000000,1814.99570000,1844.10944000,0.60,EXPIRED,STABLE,0,2026-07-17 09:40:18.337445
308,,XRPUSDT,2026-07-17 09:40:08.633396,9,78,78,1.08720000,1.07750000,1.10330000,7.50,ACTIVE,STABLE,0,2026-07-17 09:40:18.350267
309,,BTCUSDT,2026-07-17 09:45:18.517083,81,85,85,62905.20000000,62470.67140000,63629.41430000,0.00,ACTIVE,STABLE,0,2026-07-17 09:45:26.977851
310,,ETHUSDT,2026-07-17 09:45:18.517083,68,53,53,1831.17000000,1814.99570000,1844.10944000,0.60,EXPIRED,STABLE,0,2026-07-17 09:45:26.990096
311,,XRPUSDT,2026-07-17 09:45:18.517083,10,78,78,1.08720000,1.07750000,1.10330000,7.50,ACTIVE,STABLE,0,2026-07-17 09:45:27.00082
312,,BNBUSDT,2026-07-17 09:50:27.162366,16,90,90,565.10000000,568.67860000,559.13570000,0.00,ACTIVE,IMPROVING,13,2026-07-17 09:50:36.631127
313,,BNBUSDT,2026-07-17 09:55:36.758467,17,77,77,565.10000000,568.67860000,559.13570000,7.50,ACTIVE,DECLINING,-13,2026-07-17 09:55:46.293065
314,,BNBUSDT,2026-07-17 10:00:46.491876,18,77,77,565.10000000,568.67860000,559.13570000,7.50,ACTIVE,STABLE,0,2026-07-17 10:00:56.56489
315,,BNBUSDT,2026-07-17 10:05:56.704081,19,77,77,565.10000000,568.67860000,559.13570000,7.50,ACTIVE,STABLE,0,2026-07-17 10:06:07.491132
316,,SOLUSDT,2026-07-17 10:11:07.650618,8,81,81,74.67000000,75.24640000,73.90144000,12.50,ACTIVE,IMPROVING,9,2026-07-17 10:11:18.437707
317,,XRPUSDT,2026-07-17 10:11:07.650618,11,77,77,1.08610000,1.07740000,1.09770000,7.50,EXPIRED,DECLINING,-1,2026-07-17 10:11:18.454337
318,,BNBUSDT,2026-07-17 10:11:07.650618,20,82,82,564.80000000,568.57140000,558.51430000,12.50,ACTIVE,IMPROVING,5,2026-07-17 10:11:18.470281
319,,SOLUSDT,2026-07-17 10:16:18.657251,9,81,81,74.67000000,75.24640000,73.90144000,12.50,ACTIVE,STABLE,0,2026-07-17 10:16:28.277794
320,,XRPUSDT,2026-07-17 10:16:18.657251,12,77,77,1.08610000,1.07740000,1.09770000,7.50,EXPIRED,STABLE,0,2026-07-17 10:16:28.286297
321,,BNBUSDT,2026-07-17 10:16:18.657251,21,82,82,564.80000000,568.57140000,558.51430000,12.50,ACTIVE,STABLE,0,2026-07-17 10:16:28.293801
322,,SOLUSDT,2026-07-17 10:21:28.412515,10,81,81,74.67000000,75.24640000,73.90144000,12.50,ACTIVE,STABLE,0,2026-07-17 10:21:37.720887
323,,XRPUSDT,2026-07-17 10:21:28.412515,13,77,77,1.08610000,1.07740000,1.09770000,7.50,EXPIRED,STABLE,0,2026-07-17 10:21:37.735026
324,,BNBUSDT,2026-07-17 10:21:28.412515,22,82,82,564.80000000,568.57140000,558.51430000,12.50,ACTIVE,STABLE,0,2026-07-17 10:21:37.748396
325,,SOLUSDT,2026-07-17 10:26:37.904999,11,81,81,74.67000000,75.24640000,73.90144000,12.50,ACTIVE,STABLE,0,2026-07-17 10:26:48.682767
326,,XRPUSDT,2026-07-17 10:26:37.904999,14,77,77,1.08610000,1.07740000,1.09770000,7.50,EXPIRED,STABLE,0,2026-07-17 10:26:48.693949
327,,BNBUSDT,2026-07-17 10:26:37.904999,23,82,82,564.80000000,568.57140000,558.51430000,12.50,ACTIVE,STABLE,0,2026-07-17 10:26:48.70403
328,,ETHUSDT,2026-07-17 10:31:48.834311,1,68,68,1836.06000000,1821.46290000,1851.63032000,2.10,ACTIVE,STABLE,0,2026-07-17 10:31:56.721603
329,,SOLUSDT,2026-07-17 10:31:48.834311,12,79,79,74.70000000,75.28930000,73.91432000,7.50,ACTIVE,DECLINING,-2,2026-07-17 10:31:56.732242
330,,XRPUSDT,2026-07-17 10:31:48.834311,15,85,85,1.08510000,1.07650000,1.09662000,0.00,ACTIVE,IMPROVING,8,2026-07-17 10:31:56.741207
331,,BNBUSDT,2026-07-17 10:31:48.834311,24,82,82,564.60000000,568.47860000,558.13570000,12.50,ACTIVE,STABLE,0,2026-07-17 10:31:56.74911
332,,ETHUSDT,2026-07-17 10:36:56.865076,2,68,68,1836.06000000,1821.46290000,1851.63032000,2.10,ACTIVE,STABLE,0,2026-07-17 10:37:06.99525
333,,SOLUSDT,2026-07-17 10:36:56.865076,13,79,79,74.70000000,75.28930000,73.91432000,7.50,ACTIVE,STABLE,0,2026-07-17 10:37:07.004707
334,,XRPUSDT,2026-07-17 10:36:56.865076,16,85,85,1.08510000,1.07650000,1.09662000,0.00,ACTIVE,STABLE,0,2026-07-17 10:37:07.012688
335,,BNBUSDT,2026-07-17 10:36:56.865076,25,82,82,564.60000000,568.47860000,558.13570000,12.50,ACTIVE,STABLE,0,2026-07-17 10:37:07.020474
336,,ETHUSDT,2026-07-17 10:42:07.173248,3,68,68,1836.06000000,1821.46290000,1851.63032000,2.10,ACTIVE,STABLE,0,2026-07-17 10:42:17.734906
337,,SOLUSDT,2026-07-17 10:42:07.173248,14,79,79,74.70000000,75.28930000,73.91432000,7.50,ACTIVE,STABLE,0,2026-07-17 10:42:17.745434
338,,XRPUSDT,2026-07-17 10:42:07.173248,17,85,85,1.08510000,1.07650000,1.09662000,0.00,ACTIVE,STABLE,0,2026-07-17 10:42:17.754601
339,,BNBUSDT,2026-07-17 10:42:07.173248,26,82,82,564.60000000,568.47860000,558.13570000,12.50,ACTIVE,STABLE,0,2026-07-17 10:42:17.764044
340,,BTCUSDT,2026-07-17 10:47:17.88976,82,74,74,63128.90000000,62731.93570000,63552.32856000,3.00,ACTIVE,DECLINING,-11,2026-07-17 10:47:29.520803
341,,ETHUSDT,2026-07-17 10:47:17.88976,4,62,62,1838.50000000,1824.10000000,1850.02000000,0.60,ACTIVE,DECLINING,-6,2026-07-17 10:47:29.534261
342,,XRPUSDT,2026-07-17 10:47:17.88976,18,85,85,1.08510000,1.07650000,1.09662000,0.00,ACTIVE,STABLE,0,2026-07-17 10:47:29.546657
343,,BNBUSDT,2026-07-17 10:47:17.88976,27,82,82,564.60000000,568.47860000,558.13570000,12.50,ACTIVE,STABLE,0,2026-07-17 10:47:29.562106
344,,BTCUSDT,2026-07-17 10:52:29.748073,83,76,76,63128.90000000,62731.93570000,63658.18568000,7.50,ACTIVE,IMPROVING,2,2026-07-17 10:52:39.668759
345,,ETHUSDT,2026-07-17 10:52:29.748073,5,89,89,1838.50000000,1824.10000000,1857.70000000,0.00,ACTIVE,IMPROVING,27,2026-07-17 10:52:39.678166
346,,XRPUSDT,2026-07-17 10:52:29.748073,19,77,77,1.08710000,1.07860000,1.09838000,7.50,ACTIVE,DECLINING,-8,2026-07-17 10:52:39.686303
347,,BNBUSDT,2026-07-17 10:52:29.748073,28,79,79,564.70000000,560.58570000,573.61423000,22.50,ACTIVE,DECLINING,-3,2026-07-17 10:52:39.694524
348,,BTCUSDT,2026-07-17 10:57:39.844379,84,76,76,63128.90000000,62731.93570000,63658.18568000,7.50,ACTIVE,STABLE,0,2026-07-17 10:57:49.336825
349,,ETHUSDT,2026-07-17 10:57:39.844379,6,89,89,1838.50000000,1824.10000000,1857.70000000,0.00,ACTIVE,STABLE,0,2026-07-17 10:57:49.349712
350,,XRPUSDT,2026-07-17 10:57:39.844379,20,77,77,1.08710000,1.07860000,1.09838000,7.50,ACTIVE,STABLE,0,2026-07-17 10:57:49.360393
351,,BNBUSDT,2026-07-17 10:57:39.844379,29,79,79,564.70000000,560.58570000,573.61423000,22.50,ACTIVE,STABLE,0,2026-07-17 10:57:49.370894
352,,BTCUSDT,2026-07-17 11:02:49.5323,85,76,76,63128.90000000,62731.93570000,63658.18568000,7.50,ACTIVE,STABLE,0,2026-07-17 11:02:59.380866
353,,ETHUSDT,2026-07-17 11:02:49.5323,7,89,89,1838.50000000,1824.10000000,1857.70000000,0.00,ACTIVE,STABLE,0,2026-07-17 11:02:59.392331
354,,XRPUSDT,2026-07-17 11:02:49.5323,21,77,77,1.08710000,1.07860000,1.09838000,7.50,ACTIVE,STABLE,0,2026-07-17 11:02:59.402018
355,,BNBUSDT,2026-07-17 11:02:49.5323,30,79,79,564.70000000,560.58570000,573.61423000,22.50,ACTIVE,STABLE,0,2026-07-17 11:02:59.41182
356,,SOLUSDT,2026-07-17 11:07:59.583999,15,50,50,74.75000000,75.29430000,74.31456000,1.80,EXPIRED,DECLINING,-29,2026-07-17 11:08:09.987705
357,,BNBUSDT,2026-07-17 11:07:59.583999,31,54,54,563.30000000,567.05000000,559.55000000,0.60,EXPIRED,DECLINING,-25,2026-07-17 11:08:09.997993
358,,SOLUSDT,2026-07-17 11:13:10.109991,16,50,50,74.75000000,75.29430000,74.31456000,1.80,EXPIRED,STABLE,0,2026-07-17 11:13:20.464519
359,,BNBUSDT,2026-07-17 11:13:10.109991,32,54,54,563.30000000,567.05000000,559.55000000,0.60,EXPIRED,STABLE,0,2026-07-17 11:13:20.480197
360,,SOLUSDT,2026-07-17 11:18:20.641815,17,50,50,74.75000000,75.29430000,74.31456000,1.80,EXPIRED,STABLE,0,2026-07-17 11:18:29.769863
361,,BNBUSDT,2026-07-17 11:18:20.641815,33,54,54,563.30000000,567.05000000,559.55000000,0.60,EXPIRED,STABLE,0,2026-07-17 11:18:29.782283
362,,SOLUSDT,2026-07-17 11:23:29.93133,18,50,50,74.75000000,75.29430000,74.31456000,1.80,EXPIRED,STABLE,0,2026-07-17 11:23:39.135908
363,,BNBUSDT,2026-07-17 11:23:29.93133,34,54,54,563.30000000,567.05000000,559.55000000,0.60,EXPIRED,STABLE,0,2026-07-17 11:23:39.146173
364,,SOLUSDT,2026-07-17 11:28:39.253338,19,50,50,74.70000000,75.25070000,74.25944000,1.80,EXPIRED,STABLE,0,2026-07-17 11:28:48.502627
365,,BNBUSDT,2026-07-17 11:28:39.253338,35,54,54,563.40000000,567.12860000,559.67140000,0.60,EXPIRED,STABLE,0,2026-07-17 11:28:48.513987
366,,SOLUSDT,2026-07-17 11:33:48.656579,20,50,50,74.70000000,75.25070000,74.25944000,1.80,EXPIRED,STABLE,0,2026-07-17 11:33:57.436647
367,,BNBUSDT,2026-07-17 11:33:48.656579,36,54,54,563.40000000,567.12860000,559.67140000,0.60,EXPIRED,STABLE,0,2026-07-17 11:33:57.446719
368,,SOLUSDT,2026-07-17 11:38:57.580408,21,50,50,74.70000000,75.25070000,74.25944000,1.80,EXPIRED,STABLE,0,2026-07-17 11:39:06.651408
369,,BNBUSDT,2026-07-17 11:38:57.580408,37,54,54,563.40000000,567.12860000,559.67140000,0.60,EXPIRED,STABLE,0,2026-07-17 11:39:06.662559
370,,SOLUSDT,2026-07-17 11:44:06.811856,22,50,50,74.70000000,75.25070000,74.25944000,1.80,EXPIRED,STABLE,0,2026-07-17 11:44:17.280904
371,,BNBUSDT,2026-07-17 11:44:06.811856,38,54,54,563.40000000,567.12860000,559.67140000,0.60,EXPIRED,STABLE,0,2026-07-17 11:44:17.292695
372,,SOLUSDT,2026-07-17 11:49:17.441467,23,55,55,74.94000000,75.52710000,74.47032000,1.80,ACTIVE,IMPROVING,5,2026-07-17 11:49:26.657276
373,,BNBUSDT,2026-07-17 11:49:17.441467,39,50,50,563.80000000,567.63570000,559.96430000,0.60,EXPIRED,DECLINING,-4,2026-07-17 11:49:26.671488
374,,SOLUSDT,2026-07-17 11:54:26.862848,24,55,55,74.94000000,75.52710000,74.47032000,1.80,ACTIVE,STABLE,0,2026-07-17 11:54:36.804015
375,,BNBUSDT,2026-07-17 11:54:26.862848,40,50,50,563.80000000,567.63570000,559.96430000,0.60,EXPIRED,STABLE,0,2026-07-17 11:54:36.813916
376,,SOLUSDT,2026-07-17 11:59:36.954748,25,55,55,74.94000000,75.52710000,74.47032000,1.80,ACTIVE,STABLE,0,2026-07-17 11:59:46.621686
377,,BNBUSDT,2026-07-17 11:59:36.954748,41,50,50,563.80000000,567.63570000,559.96430000,0.60,EXPIRED,STABLE,0,2026-07-17 11:59:46.633009
378,,BNBUSDT,2026-07-17 12:04:46.817563,42,50,50,563.80000000,567.63570000,559.96430000,0.60,EXPIRED,STABLE,0,2026-07-17 12:04:57.501996
379,,BTCUSDT,2026-07-17 13:06:41.036726,1,78,78,63114.10000000,63467.90710000,62642.35712000,7.50,ACTIVE,STABLE,0,2026-07-17 13:06:50.761385
380,,BTCUSDT,2026-07-17 13:11:50.893526,2,78,78,63114.10000000,63467.90710000,62642.35712000,7.50,ACTIVE,STABLE,0,2026-07-17 13:11:58.320334
381,,BTCUSDT,2026-07-17 13:16:58.445971,3,78,78,63114.10000000,63467.90710000,62642.35712000,7.50,ACTIVE,STABLE,0,2026-07-17 13:17:04.867089
382,,BTCUSDT,2026-07-17 13:22:05.001197,4,80,80,62781.40000000,63179.28570000,62250.88568000,12.50,ACTIVE,IMPROVING,2,2026-07-17 13:22:12.082998
383,,BTCUSDT,2026-07-17 13:27:12.187572,5,80,80,62781.40000000,63179.28570000,62250.88568000,12.50,ACTIVE,STABLE,0,2026-07-17 13:27:18.738799
384,,BTCUSDT,2026-07-17 13:32:18.866683,6,80,80,62781.40000000,63179.28570000,62250.88568000,12.50,ACTIVE,STABLE,0,2026-07-17 13:32:25.376663
385,,BTCUSDT,2026-07-17 13:37:25.52282,7,80,80,62781.40000000,63179.28570000,62250.88568000,12.50,ACTIVE,STABLE,0,2026-07-17 13:37:30.892905
386,,BTCUSDT,2026-07-17 13:42:31.047783,8,52,52,62669.60000000,63102.56430000,62236.63570000,0.60,ACTIVE,DECLINING,-28,2026-07-17 13:42:36.631824
387,,ETHUSDT,2026-07-17 13:42:31.047783,1,72,72,1807.56000000,1837.23110000,1777.88890000,3.00,ACTIVE,STABLE,0,2026-07-17 13:42:36.642988
388,,SOLUSDT,2026-07-17 13:42:31.047783,26,59,59,73.38000000,74.54680000,72.21320000,0.60,ACTIVE,IMPROVING,4,2026-07-17 13:42:36.652973
389,,XRPUSDT,2026-07-17 13:42:31.047783,1,100,100,1.07020000,1.07880000,1.05590000,0.00,ACTIVE,STABLE,0,2026-07-17 13:42:36.663088
390,,BNBUSDT,2026-07-17 13:42:31.047783,1,53,53,555.90000000,549.68790000,563.97573000,1.80,ACTIVE,STABLE,0,2026-07-17 13:42:36.672882
391,,BTCUSDT,2026-07-17 13:47:36.854154,9,52,52,62669.60000000,63102.56430000,62236.63570000,0.60,ACTIVE,STABLE,0,2026-07-17 13:47:44.037015
392,,ETHUSDT,2026-07-17 13:47:36.854154,2,72,72,1807.56000000,1837.23110000,1777.88890000,3.00,ACTIVE,STABLE,0,2026-07-17 13:47:44.047915
393,,SOLUSDT,2026-07-17 13:47:36.854154,27,59,59,73.38000000,74.54680000,72.21320000,0.60,ACTIVE,STABLE,0,2026-07-17 13:47:44.058056
394,,XRPUSDT,2026-07-17 13:47:36.854154,2,100,100,1.07020000,1.07880000,1.05590000,0.00,ACTIVE,STABLE,0,2026-07-17 13:47:44.067915
395,,BNBUSDT,2026-07-17 13:47:36.854154,2,53,53,555.90000000,549.68790000,563.97573000,1.80,ACTIVE,STABLE,0,2026-07-17 13:47:44.078182
396,,BTCUSDT,2026-07-17 13:52:44.209174,10,52,52,62669.60000000,63102.56430000,62236.63570000,0.60,ACTIVE,STABLE,0,2026-07-17 13:52:51.500054
397,,ETHUSDT,2026-07-17 13:52:44.209174,3,72,72,1807.56000000,1837.23110000,1777.88890000,3.00,ACTIVE,STABLE,0,2026-07-17 13:52:51.50987
398,,SOLUSDT,2026-07-17 13:52:44.209174,28,59,59,73.38000000,74.54680000,72.21320000,0.60,ACTIVE,STABLE,0,2026-07-17 13:52:51.518838
399,,XRPUSDT,2026-07-17 13:52:44.209174,3,100,100,1.07020000,1.07880000,1.05590000,0.00,ACTIVE,STABLE,0,2026-07-17 13:52:51.528093
400,,BNBUSDT,2026-07-17 13:52:44.209174,3,53,53,555.90000000,549.68790000,563.97573000,1.80,ACTIVE,STABLE,0,2026-07-17 13:52:51.538733
401,,BTCUSDT,2026-07-17 13:57:51.660072,11,52,52,62669.60000000,63102.56430000,62236.63570000,0.60,ACTIVE,STABLE,0,2026-07-17 13:57:57.389847
402,,ETHUSDT,2026-07-17 13:57:51.660072,4,72,72,1807.56000000,1837.23110000,1777.88890000,3.00,ACTIVE,STABLE,0,2026-07-17 13:57:57.401206
403,,SOLUSDT,2026-07-17 13:57:51.660072,29,59,59,73.38000000,74.54680000,72.21320000,0.60,ACTIVE,STABLE,0,2026-07-17 13:57:57.412276
404,,XRPUSDT,2026-07-17 13:57:51.660072,4,100,100,1.07020000,1.07880000,1.05590000,0.00,ACTIVE,STABLE,0,2026-07-17 13:57:57.423255
405,,BNBUSDT,2026-07-17 13:57:51.660072,4,53,53,555.90000000,549.68790000,563.97573000,1.80,ACTIVE,STABLE,0,2026-07-17 13:57:57.43379
406,,BTCUSDT,2026-07-17 14:02:57.591628,12,56,56,62845.30000000,63628.78210000,61826.77327000,0.60,ACTIVE,IMPROVING,4,2026-07-17 14:03:04.015953
407,,ETHUSDT,2026-07-17 14:02:57.591628,5,56,56,1816.04000000,1782.84930000,1859.18791000,1.80,ACTIVE,DECLINING,-16,2026-07-17 14:03:04.028903
408,,XRPUSDT,2026-07-17 14:02:57.591628,5,50,50,1.07650000,1.08660000,1.06640000,0.60,ACTIVE,DECLINING,-50,2026-07-17 14:03:04.039904
409,,ETHUSDT,2026-07-17 14:08:04.206939,6,56,56,1816.04000000,1782.84930000,1859.18791000,1.80,ACTIVE,STABLE,0,2026-07-17 14:08:09.657429
410,,XRPUSDT,2026-07-17 14:08:04.206939,6,50,50,1.07650000,1.08660000,1.06640000,0.60,ACTIVE,STABLE,0,2026-07-17 14:08:09.666929
411,,ETHUSDT,2026-07-17 14:13:09.797944,7,56,56,1816.04000000,1782.84930000,1859.18791000,1.80,ACTIVE,STABLE,0,2026-07-17 14:13:13.800632
412,,XRPUSDT,2026-07-17 14:13:09.797944,7,50,50,1.07650000,1.08660000,1.06640000,0.60,ACTIVE,STABLE,0,2026-07-17 14:13:13.810934
413,,XRPUSDT,2026-07-17 14:18:13.942811,8,50,50,1.07650000,1.08660000,1.06640000,0.60,ACTIVE,STABLE,0,2026-07-17 14:18:19.340175
414,,SOLUSDT,2026-07-17 14:58:58.534313,30,64,64,74.28000000,75.46500000,72.73950000,0.60,BOOSTED,IMPROVING,5,2026-07-17 14:59:03.977636
415,,XRPUSDT,2026-07-17 14:58:58.534313,9,56,56,1.08230000,1.09450000,1.06644000,1.80,ACTIVE,IMPROVING,6,2026-07-17 14:59:03.991152
416,,SOLUSDT,2026-07-17 15:04:04.166362,31,64,64,74.28000000,75.46500000,72.73950000,0.60,BOOSTED,STABLE,0,2026-07-17 15:04:09.829229
417,,XRPUSDT,2026-07-17 15:04:04.166362,10,56,56,1.08230000,1.09450000,1.06644000,1.80,ACTIVE,STABLE,0,2026-07-17 15:04:09.841857
418,,SOLUSDT,2026-07-17 15:09:09.991552,32,64,64,74.28000000,75.46500000,72.73950000,0.60,BOOSTED,STABLE,0,2026-07-17 15:09:15.53135
419,,XRPUSDT,2026-07-17 15:09:09.991552,11,56,56,1.08230000,1.09450000,1.06644000,1.80,ACTIVE,STABLE,0,2026-07-17 15:09:15.541265
420,,SOLUSDT,2026-07-17 15:14:15.69023,33,64,64,74.28000000,75.46500000,72.73950000,0.60,BOOSTED,STABLE,0,2026-07-17 15:14:21.154271
421,,XRPUSDT,2026-07-17 15:14:15.69023,12,56,56,1.08230000,1.09450000,1.06644000,1.80,ACTIVE,STABLE,0,2026-07-17 15:14:21.166636
422,,ETHUSDT,2026-07-17 15:19:21.329631,8,65,65,1815.52000000,1785.28210000,1867.93223000,6.30,ACTIVE,IMPROVING,9,2026-07-17 15:19:26.595353
423,,SOLUSDT,2026-07-17 15:19:21.329631,34,58,58,74.03000000,75.24500000,72.45050000,0.60,BOOSTED,DECLINING,-6,2026-07-17 15:19:26.60592
424,,ETHUSDT,2026-07-17 15:24:26.776556,9,65,65,1815.52000000,1785.28210000,1867.93223000,6.30,ACTIVE,STABLE,0,2026-07-17 15:24:30.77449
425,,SOLUSDT,2026-07-17 15:24:26.776556,35,58,58,74.03000000,75.24500000,72.45050000,0.60,BOOSTED,STABLE,0,2026-07-17 15:24:30.784813
426,,ETHUSDT,2026-07-17 15:29:30.937137,10,65,65,1815.52000000,1785.28210000,1867.93223000,6.30,ACTIVE,STABLE,0,2026-07-17 15:29:36.330125
427,,SOLUSDT,2026-07-17 15:29:30.937137,36,58,58,74.03000000,75.24500000,72.45050000,0.60,BOOSTED,STABLE,0,2026-07-17 15:29:36.341503
428,,SOLUSDT,2026-07-17 15:34:36.501059,37,58,58,74.03000000,75.24500000,72.45050000,0.60,BOOSTED,STABLE,0,2026-07-17 15:34:42.052313
429,,SOLUSDT,2026-07-17 15:39:42.229841,38,50,50,74.30000000,75.57710000,72.63977000,0.60,EXPIRED,DECLINING,-8,2026-07-17 15:39:47.224945
430,,XRPUSDT,2026-07-17 15:39:42.229841,13,54,54,1.07780000,1.09190000,1.05947000,1.80,ACTIVE,DECLINING,-2,2026-07-17 15:39:47.239643
431,,BNBUSDT,2026-07-17 15:39:42.229841,5,52,52,561.20000000,569.94710000,549.82877000,1.80,ACTIVE,DECLINING,-1,2026-07-17 15:39:47.253285
432,,SOLUSDT,2026-07-17 15:44:47.426672,39,50,50,74.30000000,75.57710000,72.63977000,0.60,EXPIRED,STABLE,0,2026-07-17 15:44:52.75145
433,,XRPUSDT,2026-07-17 15:44:47.426672,14,54,54,1.07780000,1.09190000,1.05947000,1.80,ACTIVE,STABLE,0,2026-07-17 15:44:52.760934
434,,BNBUSDT,2026-07-17 15:44:47.426672,6,52,52,561.20000000,569.94710000,549.82877000,1.80,ACTIVE,STABLE,0,2026-07-17 15:44:52.769844
435,,SOLUSDT,2026-07-17 15:49:52.920055,40,50,50,74.30000000,75.57710000,72.63977000,0.60,EXPIRED,STABLE,0,2026-07-17 15:49:58.466987
436,,XRPUSDT,2026-07-17 15:49:52.920055,15,54,54,1.07780000,1.09190000,1.05947000,1.80,ACTIVE,STABLE,0,2026-07-17 15:49:58.476414
437,,BNBUSDT,2026-07-17 15:49:52.920055,7,52,52,561.20000000,569.94710000,549.82877000,1.80,ACTIVE,STABLE,0,2026-07-17 15:49:58.484299
438,,ETHUSDT,2026-07-17 16:15:20.853503,11,51,51,1829.24000000,1873.29610000,1771.96707000,1.80,ACTIVE,DECLINING,-14,2026-07-17 16:15:26.128369
439,,XRPUSDT,2026-07-17 16:15:20.853503,16,54,54,1.08350000,1.09910000,1.06322000,1.80,ACTIVE,STABLE,0,2026-07-17 16:15:26.141913
440,,ETHUSDT,2026-07-17 16:20:26.310067,12,51,51,1829.24000000,1873.29610000,1771.96707000,1.80,ACTIVE,STABLE,0,2026-07-17 16:20:30.996195
441,,XRPUSDT,2026-07-17 16:20:26.310067,17,54,54,1.08350000,1.09910000,1.06322000,1.80,ACTIVE,STABLE,0,2026-07-17 16:20:31.00852
442,,ETHUSDT,2026-07-17 16:25:31.154884,13,51,51,1829.24000000,1873.29610000,1771.96707000,1.80,ACTIVE,STABLE,0,2026-07-17 16:25:36.376756
443,,XRPUSDT,2026-07-17 16:25:31.154884,18,54,54,1.08350000,1.09910000,1.06322000,1.80,ACTIVE,STABLE,0,2026-07-17 16:25:36.391454
444,,ETHUSDT,2026-07-17 16:30:36.554165,14,51,51,1829.24000000,1873.29610000,1771.96707000,1.80,ACTIVE,STABLE,0,2026-07-17 16:30:41.523607
445,,XRPUSDT,2026-07-17 16:30:36.554165,19,54,54,1.08350000,1.09910000,1.06322000,1.80,ACTIVE,STABLE,0,2026-07-17 16:30:41.534628
446,,ETHUSDT,2026-07-17 16:35:41.680664,15,53,53,1834.70000000,1880.51660000,1775.13842000,1.80,ACTIVE,IMPROVING,2,2026-07-17 16:35:45.622739
447,,ETHUSDT,2026-07-17 16:40:45.770966,16,53,53,1834.70000000,1880.51660000,1775.13842000,1.80,ACTIVE,STABLE,0,2026-07-17 16:40:50.744429
448,,ETHUSDT,2026-07-17 16:45:50.903415,17,53,53,1834.70000000,1880.51660000,1775.13842000,1.80,ACTIVE,STABLE,0,2026-07-17 16:45:55.842179
449,,ETHUSDT,2026-07-17 16:50:55.984033,18,53,53,1834.70000000,1880.51660000,1775.13842000,1.80,ACTIVE,STABLE,0,2026-07-17 16:51:00.328299
450,,ETHUSDT,2026-07-17 17:16:19.212421,19,61,61,1839.82000000,1869.43430000,1801.32141000,1.80,ACTIVE,IMPROVING,8,2026-07-17 17:16:22.437307
451,,ETHUSDT,2026-07-17 17:21:22.557487,20,61,61,1839.82000000,1869.43430000,1801.32141000,1.80,ACTIVE,STABLE,0,2026-07-17 17:21:26.371936
452,,ETHUSDT,2026-07-17 17:26:26.52263,21,61,61,1839.82000000,1869.43430000,1801.32141000,1.80,ACTIVE,STABLE,0,2026-07-17 17:26:30.890825
453,,ETHUSDT,2026-07-17 17:31:31.022161,22,53,53,1845.60000000,1875.01290000,1807.36323000,1.80,ACTIVE,DECLINING,-8,2026-07-17 17:31:34.446854
454,,SOLUSDT,2026-07-17 17:31:31.022161,1,57,57,75.29000000,76.46640000,73.76068000,1.80,ACTIVE,STABLE,0,2026-07-17 17:31:34.461984
455,,ETHUSDT,2026-07-17 17:36:34.619041,23,53,53,1845.60000000,1875.01290000,1807.36323000,1.80,ACTIVE,STABLE,0,2026-07-17 17:36:38.984437
456,,SOLUSDT,2026-07-17 17:36:34.619041,2,57,57,75.29000000,76.46640000,73.76068000,1.80,ACTIVE,STABLE,0,2026-07-17 17:36:39.000316
457,,ETHUSDT,2026-07-17 17:41:39.150074,24,53,53,1845.60000000,1875.01290000,1807.36323000,1.80,ACTIVE,STABLE,0,2026-07-17 17:41:43.583651
458,,SOLUSDT,2026-07-17 17:41:39.150074,3,57,57,75.29000000,76.46640000,73.76068000,1.80,ACTIVE,STABLE,0,2026-07-17 17:41:43.59321
459,,ETHUSDT,2026-07-17 17:46:43.723496,25,53,53,1845.60000000,1875.01290000,1807.36323000,1.80,ACTIVE,STABLE,0,2026-07-17 17:46:48.143402
460,,SOLUSDT,2026-07-17 17:46:43.723496,4,57,57,75.29000000,76.46640000,73.76068000,1.80,ACTIVE,STABLE,0,2026-07-17 17:46:48.158479
461,,ETHUSDT,2026-07-17 18:32:22.011964,26,55,55,1835.05000000,1801.25650000,1868.84350000,1.80,ACTIVE,IMPROVING,2,2026-07-17 18:32:26.261762
462,,SOLUSDT,2026-07-17 18:32:22.011964,5,78,78,75.00000000,73.99710000,76.67140000,7.50,ACTIVE,IMPROVING,21,2026-07-17 18:32:26.272977
463,,ETHUSDT,2026-07-17 18:37:26.417312,27,55,55,1835.05000000,1801.25650000,1868.84350000,1.80,ACTIVE,STABLE,0,2026-07-17 18:37:30.725215
464,,SOLUSDT,2026-07-17 18:37:26.417312,6,78,78,75.00000000,73.99710000,76.67140000,7.50,ACTIVE,STABLE,0,2026-07-17 18:37:30.739672
465,,ETHUSDT,2026-07-17 18:42:30.885755,28,55,55,1835.05000000,1801.25650000,1868.84350000,1.80,ACTIVE,STABLE,0,2026-07-17 18:42:34.632055
466,,SOLUSDT,2026-07-17 18:42:30.885755,7,78,78,75.00000000,73.99710000,76.67140000,7.50,ACTIVE,STABLE,0,2026-07-17 18:42:34.641579
467,,SOLUSDT,2026-07-17 18:47:34.766624,8,67,67,74.98000000,74.02210000,76.25710000,2.10,ACTIVE,DECLINING,-11,2026-07-17 18:47:39.217318
468,,XRPUSDT,2026-07-17 18:47:34.766624,1,81,81,1.08790000,1.10010000,1.06750000,37.50,ACTIVE,STABLE,0,2026-07-17 18:47:39.234983
469,,SOLUSDT,2026-07-17 18:52:39.425513,9,62,62,74.98000000,74.02210000,75.93790000,0.60,EXPIRED,DECLINING,-5,2026-07-17 18:52:43.135382
470,,XRPUSDT,2026-07-17 18:52:39.425513,2,74,74,1.08790000,1.10010000,1.07160000,9.00,ACTIVE,DECLINING,-7,2026-07-17 18:52:43.14566
471,,SOLUSDT,2026-07-17 18:57:43.248938,10,62,62,74.98000000,74.02210000,75.93790000,0.60,EXPIRED,STABLE,0,2026-07-17 18:57:47.732659
472,,XRPUSDT,2026-07-17 18:57:43.248938,3,74,74,1.08790000,1.10010000,1.07160000,9.00,ACTIVE,STABLE,0,2026-07-17 18:57:47.742073
473,,SOLUSDT,2026-07-17 19:02:47.866552,11,62,62,74.98000000,74.02210000,75.93790000,0.60,EXPIRED,STABLE,0,2026-07-17 19:02:52.182339
474,,XRPUSDT,2026-07-17 19:02:47.866552,4,74,74,1.08790000,1.10010000,1.07160000,9.00,ACTIVE,STABLE,0,2026-07-17 19:02:52.194906
475,,XRPUSDT,2026-07-17 19:28:09.41925,5,81,81,1.08690000,1.07160000,1.10650000,12.50,ACTIVE,IMPROVING,7,2026-07-17 19:28:13.878723
476,,XRPUSDT,2026-07-17 19:33:14.005434,6,81,81,1.08690000,1.07160000,1.10650000,12.50,ACTIVE,STABLE,0,2026-07-17 19:33:18.432348
477,,XRPUSDT,2026-07-17 19:38:18.591518,7,81,81,1.08690000,1.07160000,1.10650000,12.50,ACTIVE,STABLE,0,2026-07-17 19:38:22.84853
478,,XRPUSDT,2026-07-17 19:43:22.984281,8,81,81,1.08690000,1.07160000,1.10650000,12.50,ACTIVE,STABLE,0,2026-07-17 19:43:27.428401
479,,XRPUSDT,2026-07-17 19:48:27.564002,9,82,82,1.08900000,1.07360000,1.10870000,12.50,ACTIVE,IMPROVING,1,2026-07-17 19:48:31.755317
480,,XRPUSDT,2026-07-17 19:53:31.89075,10,82,82,1.08900000,1.07360000,1.10870000,12.50,ACTIVE,STABLE,0,2026-07-17 19:53:36.152985
481,,XRPUSDT,2026-07-17 19:58:36.283003,11,82,82,1.08900000,1.07360000,1.10870000,12.50,ACTIVE,STABLE,0,2026-07-17 19:58:40.209953
482,,SOLUSDT,2026-07-17 20:03:40.324081,1,64,64,75.15000000,74.12210000,76.17790000,0.60,ACTIVE,STABLE,0,2026-07-17 20:03:44.787428
483,,SOLUSDT,2026-07-17 20:08:44.979928,2,68,68,75.15000000,74.12210000,76.20430000,2.10,ACTIVE,IMPROVING,4,2026-07-17 20:08:49.246916
484,,SOLUSDT,2026-07-17 20:13:49.393159,3,68,68,75.15000000,74.12210000,76.20430000,2.10,ACTIVE,STABLE,0,2026-07-17 20:13:53.683381
485,,SOLUSDT,2026-07-17 20:18:53.820649,4,68,68,75.15000000,74.12210000,76.20430000,2.10,ACTIVE,STABLE,0,2026-07-17 20:18:58.082855
486,,SOLUSDT,2026-07-17 21:04:34.09983,5,79,79,75.08000000,74.24990000,76.14430000,7.50,ACTIVE,IMPROVING,11,2026-07-17 21:04:38.350531
487,,XRPUSDT,2026-07-17 21:04:34.09983,12,77,77,1.08900000,1.07940000,1.10490000,7.50,ACTIVE,DECLINING,-5,2026-07-17 21:04:38.361815
488,,SOLUSDT,2026-07-17 21:09:38.497707,6,79,79,75.08000000,74.24990000,76.14430000,7.50,ACTIVE,STABLE,0,2026-07-17 21:09:42.868185
489,,XRPUSDT,2026-07-17 21:09:38.497707,13,77,77,1.08900000,1.07940000,1.10490000,7.50,ACTIVE,STABLE,0,2026-07-17 21:09:42.880969
490,,SOLUSDT,2026-07-17 21:14:43.038523,7,79,79,75.08000000,74.24990000,76.14430000,7.50,ACTIVE,STABLE,0,2026-07-17 21:14:47.083314
491,,XRPUSDT,2026-07-17 21:14:43.038523,14,77,77,1.08900000,1.07940000,1.10490000,7.50,ACTIVE,STABLE,0,2026-07-17 21:14:47.095141
492,,XRPUSDT,2026-07-17 21:19:47.222662,15,77,77,1.08900000,1.07940000,1.10490000,7.50,ACTIVE,STABLE,0,2026-07-17 21:19:52.084254
493,,SOLUSDT,2026-07-17 21:40:05.351297,8,64,64,74.98000000,75.59930000,74.36070000,0.60,ACTIVE,DECLINING,-15,2026-07-17 21:40:10.154841
494,,SOLUSDT,2026-07-17 21:45:10.272216,9,77,77,74.98000000,75.59930000,73.94790000,7.50,ACTIVE,IMPROVING,13,2026-07-17 21:45:14.759826
495,,SOLUSDT,2026-07-17 21:50:14.930562,10,77,77,74.98000000,75.59930000,73.94790000,7.50,ACTIVE,STABLE,0,2026-07-17 21:50:18.813759
496,,SOLUSDT,2026-07-17 21:55:18.937405,11,77,77,74.98000000,75.59930000,73.94790000,7.50,ACTIVE,STABLE,0,2026-07-17 21:55:23.364379
497,,SOLUSDT,2026-07-17 22:20:40.656427,12,51,51,74.98000000,75.57570000,74.50344000,0.60,ACTIVE,DECLINING,-26,2026-07-17 22:20:44.569824
498,,SOLUSDT,2026-07-17 22:25:44.693167,13,51,51,74.98000000,75.57570000,74.50344000,0.60,ACTIVE,STABLE,0,2026-07-17 22:25:48.699815
499,,SOLUSDT,2026-07-17 22:30:48.841026,14,51,51,74.98000000,75.57570000,74.50344000,0.60,ACTIVE,STABLE,0,2026-07-17 22:30:52.999703
500,,SOLUSDT,2026-07-17 22:35:53.107337,15,51,51,74.98000000,75.57570000,74.50344000,0.60,ACTIVE,STABLE,0,2026-07-17 22:35:57.478232
501,,SOLUSDT,2026-07-18 02:29:14.320236,1,67,67,75.30000000,74.89290000,75.73432000,2.10,ACTIVE,STABLE,0,2026-07-18 02:29:19.272336
502,,SOLUSDT,2026-07-18 02:34:19.397178,2,67,67,75.30000000,74.89290000,75.73432000,2.10,ACTIVE,STABLE,0,2026-07-18 02:34:26.639692
503,,SOLUSDT,2026-07-18 02:39:26.765907,3,67,67,75.30000000,74.89290000,75.73432000,2.10,ACTIVE,STABLE,0,2026-07-18 02:39:33.344376
504,,SOLUSDT,2026-07-18 02:44:33.459272,4,67,67,75.30000000,74.89290000,75.73432000,2.10,ACTIVE,STABLE,0,2026-07-18 02:44:39.915354
505,,SOLUSDT,2026-07-18 02:49:40.048433,5,54,54,75.30000000,74.89710000,75.62232000,0.60,ACTIVE,DECLINING,-13,2026-07-18 02:49:46.441345
506,,XRPUSDT,2026-07-18 02:49:40.048433,1,52,52,1.08950000,1.08460000,1.09342000,0.60,ACTIVE,STABLE,0,2026-07-18 02:49:46.451946
507,,SOLUSDT,2026-07-18 02:54:46.590357,6,54,54,75.30000000,74.89710000,75.62232000,0.60,ACTIVE,STABLE,0,2026-07-18 02:54:52.328391
508,,XRPUSDT,2026-07-18 02:54:46.590357,2,52,52,1.08950000,1.08460000,1.09342000,0.60,ACTIVE,STABLE,0,2026-07-18 02:54:52.338546
509,,SOLUSDT,2026-07-18 02:59:52.463779,7,54,54,75.30000000,74.89710000,75.62232000,0.60,ACTIVE,STABLE,0,2026-07-18 02:59:58.746154
510,,XRPUSDT,2026-07-18 02:59:52.463779,3,52,52,1.08950000,1.08460000,1.09342000,0.60,ACTIVE,STABLE,0,2026-07-18 02:59:58.758524
511,,XRPUSDT,2026-07-18 03:25:22.505552,4,55,55,1.09040000,1.08590000,1.09400000,0.60,ACTIVE,IMPROVING,3,2026-07-18 03:25:27.475033
512,,XRPUSDT,2026-07-18 03:30:27.621853,5,53,53,1.09040000,1.08590000,1.09400000,0.60,ACTIVE,DECLINING,-2,2026-07-18 03:30:34.11404
513,,XRPUSDT,2026-07-18 03:35:34.265188,6,53,53,1.09040000,1.08590000,1.09400000,0.60,ACTIVE,STABLE,0,2026-07-18 03:35:40.797676
514,,XRPUSDT,2026-07-18 03:40:40.934814,7,53,53,1.09040000,1.08590000,1.09400000,0.60,ACTIVE,STABLE,0,2026-07-18 03:40:46.553534
515,,SOLUSDT,2026-07-18 04:06:12.650394,8,61,61,75.30000000,74.92070000,75.60344000,0.60,ACTIVE,IMPROVING,7,2026-07-18 04:06:18.85677
516,,SOLUSDT,2026-07-18 04:11:18.991371,9,61,61,75.30000000,74.92070000,75.60344000,0.60,ACTIVE,STABLE,0,2026-07-18 04:11:23.855752
517,,SOLUSDT,2026-07-18 04:16:23.99142,10,61,61,75.30000000,74.92070000,75.60344000,0.60,ACTIVE,STABLE,0,2026-07-18 04:16:30.500125
518,,ETHUSDT,2026-07-18 04:41:54.582446,1,52,52,1842.76000000,1834.43500000,1849.42000000,0.60,ACTIVE,STABLE,0,2026-07-18 04:42:00.469244
519,,SOLUSDT,2026-07-18 04:41:54.582446,11,75,75,75.12000000,74.74290000,75.62288000,7.50,ACTIVE,IMPROVING,14,2026-07-18 04:42:00.479654
520,,ETHUSDT,2026-07-18 04:47:00.609902,2,53,53,1842.76000000,1834.43500000,1849.42000000,0.60,ACTIVE,IMPROVING,1,2026-07-18 04:47:07.070517
521,,SOLUSDT,2026-07-18 04:47:00.609902,12,62,62,75.12000000,74.74290000,75.42168000,0.60,ACTIVE,DECLINING,-13,2026-07-18 04:47:07.083961
522,,ETHUSDT,2026-07-18 04:52:07.213393,3,53,53,1842.76000000,1834.43500000,1849.42000000,0.60,ACTIVE,STABLE,0,2026-07-18 04:52:13.387436
523,,SOLUSDT,2026-07-18 04:52:07.213393,13,62,62,75.12000000,74.74290000,75.42168000,0.60,ACTIVE,STABLE,0,2026-07-18 04:52:13.398003
524,,ETHUSDT,2026-07-18 04:57:13.512973,4,53,53,1842.76000000,1834.43500000,1849.42000000,0.60,ACTIVE,STABLE,0,2026-07-18 04:57:20.091743
525,,SOLUSDT,2026-07-18 04:57:13.512973,14,62,62,75.12000000,74.74290000,75.42168000,0.60,ACTIVE,STABLE,0,2026-07-18 04:57:20.105137
526,,SOLUSDT,2026-07-18 05:38:04.225784,15,59,59,74.95000000,75.32290000,74.65168000,0.60,EXPIRED,DECLINING,-3,2026-07-18 05:38:10.193526
527,,ETHUSDT,2026-07-18 06:03:30.602554,5,64,64,1846.86000000,1838.69790000,1853.38968000,0.60,ACTIVE,IMPROVING,11,2026-07-18 06:03:36.188339
528,,SOLUSDT,2026-07-18 06:03:30.602554,16,63,63,74.91000000,75.28930000,74.60656000,0.60,ACTIVE,IMPROVING,4,2026-07-18 06:03:36.200355
529,,ETHUSDT,2026-07-18 06:08:36.374264,6,64,64,1846.86000000,1838.69790000,1853.38968000,0.60,ACTIVE,STABLE,0,2026-07-18 06:08:42.882534
530,,SOLUSDT,2026-07-18 06:08:36.374264,17,63,63,74.91000000,75.28930000,74.60656000,0.60,ACTIVE,STABLE,0,2026-07-18 06:08:42.891874
531,,ETHUSDT,2026-07-18 06:13:43.014401,7,64,64,1846.86000000,1838.69790000,1853.38968000,0.60,ACTIVE,STABLE,0,2026-07-18 06:13:48.430582
532,,SOLUSDT,2026-07-18 06:13:43.014401,18,63,63,74.91000000,75.28930000,74.60656000,0.60,ACTIVE,STABLE,0,2026-07-18 06:13:48.442851
533,,ETHUSDT,2026-07-18 06:18:48.577657,8,66,66,1844.20000000,1836.41930000,1852.49944000,2.10,BOOSTED,IMPROVING,2,2026-07-18 06:18:55.138126
534,,ETHUSDT,2026-07-18 06:23:55.280212,9,66,66,1844.20000000,1836.41930000,1852.49944000,2.10,BOOSTED,STABLE,0,2026-07-18 06:24:01.74282
535,,ETHUSDT,2026-07-18 06:29:01.893469,10,66,66,1844.20000000,1836.41930000,1852.49944000,2.10,BOOSTED,STABLE,0,2026-07-18 06:29:08.057333
536,,ETHUSDT,2026-07-18 06:34:08.196016,11,66,66,1844.20000000,1836.41930000,1852.49944000,2.10,BOOSTED,STABLE,0,2026-07-18 06:34:14.381768
537,,SOLUSDT,2026-07-18 07:14:59.695371,19,73,73,74.91000000,75.27860000,74.51688000,3.00,ACTIVE,IMPROVING,10,2026-07-18 07:15:05.231025
538,,SOLUSDT,2026-07-18 07:20:05.382631,20,53,53,74.91000000,75.27860000,74.61512000,0.60,ACTIVE,DECLINING,-20,2026-07-18 07:20:12.884125
539,,SOLUSDT,2026-07-18 07:25:13.025266,21,53,53,74.91000000,75.27860000,74.61512000,0.60,ACTIVE,STABLE,0,2026-07-18 07:25:20.590644
540,,SOLUSDT,2026-07-18 07:30:20.723488,22,53,53,74.91000000,75.27860000,74.61512000,0.60,ACTIVE,STABLE,0,2026-07-18 07:30:28.336007
541,,ETHUSDT,2026-07-18 07:35:28.471234,12,52,52,1844.59000000,1836.43860000,1851.11112000,0.60,BOOSTED,DECLINING,-14,2026-07-18 07:35:35.481231
542,,SOLUSDT,2026-07-18 07:35:28.471234,23,54,54,74.90000000,75.26430000,74.60856000,0.60,ACTIVE,IMPROVING,1,2026-07-18 07:35:35.492664
543,,ETHUSDT,2026-07-18 07:40:35.619744,13,52,52,1844.59000000,1836.43860000,1851.11112000,0.60,BOOSTED,STABLE,0,2026-07-18 07:40:42.563595
544,,SOLUSDT,2026-07-18 07:40:35.619744,24,54,54,74.90000000,75.26430000,74.60856000,0.60,ACTIVE,STABLE,0,2026-07-18 07:40:42.574568
545,,ETHUSDT,2026-07-18 07:45:42.679912,14,52,52,1844.59000000,1836.43860000,1851.11112000,0.60,BOOSTED,STABLE,0,2026-07-18 07:45:49.000445
546,,SOLUSDT,2026-07-18 07:45:42.679912,25,54,54,74.90000000,75.26430000,74.60856000,0.60,ACTIVE,STABLE,0,2026-07-18 07:45:49.011837
547,,ETHUSDT,2026-07-18 07:50:49.147992,15,52,52,1844.59000000,1836.43860000,1851.11112000,0.60,BOOSTED,STABLE,0,2026-07-18 07:50:56.273152
548,,SOLUSDT,2026-07-18 07:50:49.147992,26,54,54,74.90000000,75.26430000,74.60856000,0.60,ACTIVE,STABLE,0,2026-07-18 07:50:56.284472
549,,ETHUSDT,2026-07-18 08:11:16.906085,16,56,56,1841.88000000,1834.02430000,1848.16456000,0.60,BOOSTED,IMPROVING,4,2026-07-18 08:11:24.735482
550,,ETHUSDT,2026-07-18 08:16:24.899839,17,55,55,1841.88000000,1834.02430000,1848.16456000,0.60,BOOSTED,DECLINING,-1,2026-07-18 08:16:32.280664
551,,ETHUSDT,2026-07-18 08:21:32.40787,18,55,55,1841.88000000,1834.02430000,1848.16456000,0.60,BOOSTED,STABLE,0,2026-07-18 08:21:38.826759
552,,ETHUSDT,2026-07-18 08:26:38.958273,19,55,55,1841.88000000,1834.02430000,1848.16456000,0.60,BOOSTED,STABLE,0,2026-07-18 08:26:46.138129
553,,SOLUSDT,2026-07-18 08:31:46.259486,27,70,70,74.90000000,75.26640000,74.50912000,3.00,ACTIVE,IMPROVING,16,2026-07-18 08:31:52.72044
554,,SOLUSDT,2026-07-18 08:36:52.827515,28,72,72,74.90000000,75.26640000,74.50912000,3.00,BOOSTED,IMPROVING,2,2026-07-18 08:37:00.39179
555,,SOLUSDT,2026-07-18 08:42:00.53732,29,72,72,74.90000000,75.26640000,74.50912000,3.00,BOOSTED,STABLE,0,2026-07-18 08:42:06.629862
556,,SOLUSDT,2026-07-18 08:47:06.742267,30,72,72,74.90000000,75.26640000,74.50912000,3.00,BOOSTED,STABLE,0,2026-07-18 08:47:14.077263
557,,SOLUSDT,2026-07-18 09:12:41.137087,31,54,54,74.86000000,75.21360000,74.57712000,0.60,BOOSTED,DECLINING,-18,2026-07-18 09:12:47.735202
558,,SOLUSDT,2026-07-18 09:17:47.87144,32,54,54,74.86000000,75.21360000,74.57712000,0.60,BOOSTED,STABLE,0,2026-07-18 09:17:55.308169
559,,SOLUSDT,2026-07-18 09:22:55.433518,33,54,54,74.86000000,75.21360000,74.57712000,0.60,BOOSTED,STABLE,0,2026-07-18 09:23:02.288649
560,,SOLUSDT,2026-07-18 09:28:02.454022,34,54,54,74.72000000,75.08640000,74.42688000,0.60,BOOSTED,STABLE,0,2026-07-18 09:28:10.417406
561,,SOLUSDT,2026-07-18 09:33:10.530347,35,56,56,74.72000000,75.08640000,74.42688000,0.60,BOOSTED,IMPROVING,2,2026-07-18 09:33:17.846387
562,,SOLUSDT,2026-07-18 09:38:17.988079,36,56,56,74.72000000,75.08640000,74.42688000,0.60,BOOSTED,STABLE,0,2026-07-18 09:38:25.5248
563,,SOLUSDT,2026-07-18 09:43:25.667273,37,56,56,74.72000000,75.08640000,74.42688000,0.60,BOOSTED,STABLE,0,2026-07-18 09:43:30.981021
564,,SOLUSDT,2026-07-18 09:48:31.103437,38,56,56,74.71000000,75.10000000,74.32000000,0.60,BOOSTED,STABLE,0,2026-07-18 09:48:37.519773
565,,SOLUSDT,2026-07-18 09:53:37.657082,39,68,68,74.71000000,75.10000000,74.19000000,2.10,BOOSTED,IMPROVING,12,2026-07-18 09:53:44.26425
566,,SOLUSDT,2026-07-18 09:58:44.39653,40,68,68,74.71000000,75.10000000,74.19000000,2.10,BOOSTED,STABLE,0,2026-07-18 09:58:50.367026
567,,SOLUSDT,2026-07-18 10:03:50.487405,41,68,68,74.71000000,75.10000000,74.19000000,2.10,BOOSTED,STABLE,0,2026-07-18 10:03:58.038751
568,,SOLUSDT,2026-07-18 10:29:26.865563,42,65,65,74.77000000,75.14070000,74.37456000,2.10,BOOSTED,DECLINING,-3,2026-07-18 10:29:33.942843
569,,SOLUSDT,2026-07-18 10:34:34.071836,43,65,65,74.77000000,75.14070000,74.37456000,2.10,BOOSTED,STABLE,0,2026-07-18 10:34:41.420969
570,,SOLUSDT,2026-07-18 10:39:41.561008,44,65,65,74.77000000,75.14070000,74.37456000,2.10,BOOSTED,STABLE,0,2026-07-18 10:39:47.791337
571,,SOLUSDT,2026-07-18 10:44:47.907134,45,65,65,74.77000000,75.14070000,74.37456000,2.10,BOOSTED,STABLE,0,2026-07-18 10:44:56.343481
572,,SOLUSDT,2026-07-18 11:25:48.370434,46,51,51,74.90000000,75.23000000,74.63600000,0.60,EXPIRED,DECLINING,-14,2026-07-18 11:25:55.457553
573,,XRPUSDT,2026-07-18 11:25:48.370434,1,53,53,1.08700000,1.09220000,1.08180000,0.60,ACTIVE,STABLE,0,2026-07-18 11:25:55.466935
574,,BNBUSDT,2026-07-18 11:25:48.370434,1,55,55,569.60000000,567.82140000,571.02288000,0.60,ACTIVE,STABLE,0,2026-07-18 11:25:55.475442
575,,SOLUSDT,2026-07-18 11:30:55.606143,47,51,51,74.90000000,75.23000000,74.63600000,0.60,EXPIRED,STABLE,0,2026-07-18 11:31:01.194198
576,,XRPUSDT,2026-07-18 11:30:55.606143,2,53,53,1.08700000,1.09220000,1.08180000,0.60,ACTIVE,STABLE,0,2026-07-18 11:31:01.205177
577,,BNBUSDT,2026-07-18 11:30:55.606143,2,55,55,569.60000000,567.82140000,571.02288000,0.60,ACTIVE,STABLE,0,2026-07-18 11:31:01.214941
578,,SOLUSDT,2026-07-18 11:36:01.344529,48,51,51,74.90000000,75.23000000,74.63600000,0.60,EXPIRED,STABLE,0,2026-07-18 11:36:08.401132
579,,XRPUSDT,2026-07-18 11:36:01.344529,3,53,53,1.08700000,1.09220000,1.08180000,0.60,ACTIVE,STABLE,0,2026-07-18 11:36:08.410406
580,,BNBUSDT,2026-07-18 11:36:01.344529,3,55,55,569.60000000,567.82140000,571.02288000,0.60,ACTIVE,STABLE,0,2026-07-18 11:36:08.41824
581,,SOLUSDT,2026-07-18 11:41:08.537471,49,51,51,74.90000000,75.23000000,74.63600000,0.60,EXPIRED,STABLE,0,2026-07-18 11:41:16.0395
582,,XRPUSDT,2026-07-18 11:41:08.537471,4,53,53,1.08700000,1.09220000,1.08180000,0.60,ACTIVE,STABLE,0,2026-07-18 11:41:16.049611
583,,BNBUSDT,2026-07-18 11:41:08.537471,4,55,55,569.60000000,567.82140000,571.02288000,0.60,ACTIVE,STABLE,0,2026-07-18 11:41:16.058898
584,,XRPUSDT,2026-07-18 11:46:16.171715,5,53,53,1.08710000,1.09200000,1.08220000,0.60,ACTIVE,STABLE,0,2026-07-18 11:46:22.499873
585,,BNBUSDT,2026-07-18 11:46:16.171715,5,55,55,569.90000000,568.10000000,571.34000000,0.60,ACTIVE,STABLE,0,2026-07-18 11:46:22.508244
586,,XRPUSDT,2026-07-18 11:51:22.601076,6,53,53,1.08710000,1.09200000,1.08220000,0.60,ACTIVE,STABLE,0,2026-07-18 11:51:29.963459
587,,BNBUSDT,2026-07-18 11:51:22.601076,6,55,55,569.90000000,568.10000000,571.34000000,0.60,ACTIVE,STABLE,0,2026-07-18 11:51:29.976199
588,,XRPUSDT,2026-07-18 11:56:30.124272,7,53,53,1.08710000,1.09200000,1.08220000,0.60,ACTIVE,STABLE,0,2026-07-18 11:56:37.133443
589,,BNBUSDT,2026-07-18 11:56:30.124272,7,55,55,569.90000000,568.10000000,571.34000000,0.60,ACTIVE,STABLE,0,2026-07-18 11:56:37.142896
590,,XRPUSDT,2026-07-18 12:01:37.263292,8,53,53,1.08710000,1.09200000,1.08220000,0.60,ACTIVE,STABLE,0,2026-07-18 12:01:45.439108
591,,BNBUSDT,2026-07-18 12:01:37.263292,8,55,55,569.90000000,568.10000000,571.34000000,0.60,ACTIVE,STABLE,0,2026-07-18 12:01:45.454367
592,,XRPUSDT,2026-07-18 12:06:45.641756,9,66,66,1.08820000,1.09350000,1.08110000,2.10,ACTIVE,IMPROVING,13,2026-07-18 12:06:52.923399
593,,BNBUSDT,2026-07-18 12:06:45.641756,9,78,78,569.70000000,567.81430000,572.21432000,7.50,ACTIVE,IMPROVING,23,2026-07-18 12:06:52.931605
594,,XRPUSDT,2026-07-18 12:11:53.079958,10,66,66,1.08820000,1.09350000,1.08110000,2.10,ACTIVE,STABLE,0,2026-07-18 12:12:02.880074
595,,BNBUSDT,2026-07-18 12:11:53.079958,10,78,78,569.70000000,567.81430000,572.21432000,7.50,ACTIVE,STABLE,0,2026-07-18 12:12:02.891957
596,,XRPUSDT,2026-07-18 12:17:03.024344,11,66,66,1.08820000,1.09350000,1.08110000,2.10,ACTIVE,STABLE,0,2026-07-18 12:17:12.733947
597,,BNBUSDT,2026-07-18 12:17:03.024344,11,78,78,569.70000000,567.81430000,572.21432000,7.50,ACTIVE,STABLE,0,2026-07-18 12:17:12.747901
598,,XRPUSDT,2026-07-18 13:03:24.73729,12,57,57,1.08870000,1.09430000,1.08142000,1.80,ACTIVE,DECLINING,-9,2026-07-18 13:03:33.794621
599,,XRPUSDT,2026-07-18 13:08:33.940621,13,57,57,1.08870000,1.09430000,1.08142000,1.80,ACTIVE,STABLE,0,2026-07-18 13:08:43.482462
600,,XRPUSDT,2026-07-18 13:13:43.625574,14,57,57,1.08870000,1.09430000,1.08142000,1.80,ACTIVE,STABLE,0,2026-07-18 13:13:52.356176
601,,BTCUSDT,2026-07-18 13:18:52.514597,1,78,78,63980.40000000,64262.03570000,63614.27359000,7.50,ACTIVE,STABLE,0,2026-07-18 13:19:01.589858
602,,BTCUSDT,2026-07-18 13:24:01.81458,2,80,80,63980.40000000,64262.03570000,63614.27359000,12.50,ACTIVE,IMPROVING,2,2026-07-18 13:24:09.051573
603,,BTCUSDT,2026-07-18 13:29:09.176844,3,80,80,63980.40000000,64262.03570000,63614.27359000,12.50,ACTIVE,STABLE,0,2026-07-18 13:29:17.014706
604,,BTCUSDT,2026-07-18 13:34:17.165805,4,80,80,63980.40000000,64262.03570000,63614.27359000,12.50,ACTIVE,STABLE,0,2026-07-18 13:34:25.072932
605,,BTCUSDT,2026-07-18 13:39:25.188696,5,80,80,64051.50000000,64369.26430000,63638.40641000,12.50,ACTIVE,STABLE,0,2026-07-18 13:39:33.612517
606,,BTCUSDT,2026-07-18 13:59:58.236164,6,72,72,64024.70000000,63690.99290000,64458.51923000,3.00,ACTIVE,DECLINING,-8,2026-07-18 14:00:06.050532
607,,BTCUSDT,2026-07-18 14:05:06.162768,7,72,72,64024.70000000,63690.99290000,64458.51923000,3.00,ACTIVE,STABLE,0,2026-07-18 14:05:13.798043
608,,BTCUSDT,2026-07-18 14:10:13.928406,8,72,72,64024.70000000,63690.99290000,64458.51923000,3.00,ACTIVE,STABLE,0,2026-07-18 14:10:22.571911
609,,BTCUSDT,2026-07-18 14:15:22.721772,9,72,72,64024.70000000,63690.99290000,64458.51923000,3.00,ACTIVE,STABLE,0,2026-07-18 14:15:29.490237
610,,BTCUSDT,2026-07-18 15:52:54.927044,10,79,79,64083.40000000,63823.92140000,64645.60359000,7.50,ACTIVE,IMPROVING,7,2026-07-18 15:53:02.605946
611,,BTCUSDT,2026-07-18 15:58:02.707923,11,50,50,64083.40000000,63823.92140000,64420.72218000,0.60,ACTIVE,DECLINING,-29,2026-07-18 15:58:10.781909
612,,BTCUSDT,2026-07-18 16:03:10.887506,12,50,50,64083.40000000,63823.92140000,64420.72218000,0.60,ACTIVE,STABLE,0,2026-07-18 16:03:19.542385
613,,BTCUSDT,2026-07-18 16:08:19.681417,13,50,50,64083.40000000,63823.92140000,64420.72218000,0.60,ACTIVE,STABLE,0,2026-07-18 16:08:28.258943
614,,BTCUSDT,2026-07-18 17:46:08.940825,14,65,65,64322.20000000,64070.30710000,64758.81423000,2.10,ACTIVE,IMPROVING,15,2026-07-18 17:46:16.154864
615,,SOLUSDT,2026-07-18 17:46:08.940825,1,100,100,75.30000000,75.85500000,74.09750000,0.00,ACTIVE,STABLE,0,2026-07-18 17:46:16.171698
616,,BTCUSDT,2026-07-18 17:51:16.382617,15,65,65,64322.20000000,64070.30710000,64758.81423000,2.10,ACTIVE,STABLE,0,2026-07-18 17:51:24.826821
617,,SOLUSDT,2026-07-18 17:51:16.382617,2,100,100,75.30000000,75.85500000,74.09750000,0.00,ACTIVE,STABLE,0,2026-07-18 17:51:24.839221
618,,BTCUSDT,2026-07-18 17:56:24.992852,16,65,65,64322.20000000,64070.30710000,64758.81423000,2.10,ACTIVE,STABLE,0,2026-07-18 17:56:37.221774
619,,SOLUSDT,2026-07-18 17:56:24.992852,3,100,100,75.30000000,75.85500000,74.09750000,0.00,ACTIVE,STABLE,0,2026-07-18 17:56:37.238271
620,,BTCUSDT,2026-07-18 18:01:37.438225,17,65,65,64322.20000000,64070.30710000,64758.81423000,2.10,ACTIVE,STABLE,0,2026-07-18 18:01:49.919271
621,,SOLUSDT,2026-07-18 18:01:37.438225,4,100,100,75.30000000,75.85500000,74.09750000,0.00,ACTIVE,STABLE,0,2026-07-18 18:01:49.93912
622,,BTCUSDT,2026-07-18 18:06:50.171814,18,65,65,64322.20000000,64070.30710000,64758.81423000,2.10,ACTIVE,STABLE,0,2026-07-18 18:07:02.232223
623,,SOLUSDT,2026-07-18 18:06:50.171814,5,100,100,75.30000000,75.85500000,74.09750000,0.00,ACTIVE,STABLE,0,2026-07-18 18:07:02.264619
624,,SOLUSDT,2026-07-18 18:12:02.482547,6,52,52,75.33000000,74.79000000,76.03200000,0.60,ACTIVE,DECLINING,-48,2026-07-18 18:12:09.799786
625,,XRPUSDT,2026-07-18 18:12:02.482547,1,50,50,1.09200000,1.08580000,1.10006000,1.80,ACTIVE,STABLE,0,2026-07-18 18:12:09.809082
626,,SOLUSDT,2026-07-18 18:17:09.9517,7,52,52,75.33000000,74.79000000,76.03200000,0.60,ACTIVE,STABLE,0,2026-07-18 18:17:18.138641
627,,XRPUSDT,2026-07-18 18:17:09.9517,2,50,50,1.09200000,1.08580000,1.10006000,1.80,ACTIVE,STABLE,0,2026-07-18 18:17:18.149023
628,,SOLUSDT,2026-07-18 18:22:18.29137,8,52,52,75.33000000,74.79000000,76.03200000,0.60,ACTIVE,STABLE,0,2026-07-18 18:22:25.544107
629,,XRPUSDT,2026-07-18 18:22:18.29137,3,50,50,1.09200000,1.08580000,1.10006000,1.80,ACTIVE,STABLE,0,2026-07-18 18:22:25.555401
630,,SOLUSDT,2026-07-18 18:27:25.702992,9,52,52,75.33000000,74.79000000,76.03200000,0.60,ACTIVE,STABLE,0,2026-07-18 18:27:33.943558
631,,XRPUSDT,2026-07-18 18:27:25.702992,4,50,50,1.09200000,1.08580000,1.10006000,1.80,ACTIVE,STABLE,0,2026-07-18 18:27:33.956997
632,,ETHUSDT,2026-07-18 18:32:34.120095,1,61,61,1860.64000000,1881.29180000,1833.79266000,1.80,ACTIVE,STABLE,0,2026-07-18 18:32:42.593937
633,,SOLUSDT,2026-07-18 18:32:34.120095,10,51,51,75.40000000,74.41640000,76.67868000,0.60,EXPIRED,DECLINING,-1,2026-07-18 18:32:42.603361
634,,XRPUSDT,2026-07-18 18:32:34.120095,5,50,50,1.09350000,1.08640000,1.10260000,1.80,ACTIVE,STABLE,0,2026-07-18 18:32:42.612791
635,,ETHUSDT,2026-07-18 18:37:42.812757,2,61,61,1860.64000000,1881.29180000,1833.79266000,1.80,ACTIVE,STABLE,0,2026-07-18 18:37:52.055093
636,,SOLUSDT,2026-07-18 18:37:42.812757,11,69,69,75.40000000,74.41640000,76.67868000,2.10,ACTIVE,IMPROVING,18,2026-07-18 18:37:52.073649
637,,XRPUSDT,2026-07-18 18:37:42.812757,6,50,50,1.09350000,1.08640000,1.10260000,1.80,ACTIVE,STABLE,0,2026-07-18 18:37:52.091255
638,,ETHUSDT,2026-07-18 18:42:52.313955,3,61,61,1860.64000000,1881.29180000,1833.79266000,1.80,ACTIVE,STABLE,0,2026-07-18 18:43:01.034985
639,,SOLUSDT,2026-07-18 18:42:52.313955,12,69,69,75.40000000,74.41640000,76.67868000,2.10,ACTIVE,STABLE,0,2026-07-18 18:43:01.050083
640,,XRPUSDT,2026-07-18 18:42:52.313955,7,50,50,1.09350000,1.08640000,1.10260000,1.80,ACTIVE,STABLE,0,2026-07-18 18:43:01.062244
641,,ETHUSDT,2026-07-18 18:48:01.220323,4,61,61,1860.64000000,1881.29180000,1833.79266000,1.80,ACTIVE,STABLE,0,2026-07-18 18:48:09.96601
642,,SOLUSDT,2026-07-18 18:48:01.220323,13,69,69,75.40000000,74.41640000,76.67868000,2.10,ACTIVE,STABLE,0,2026-07-18 18:48:09.983546
643,,XRPUSDT,2026-07-18 18:48:01.220323,8,50,50,1.09350000,1.08640000,1.10260000,1.80,ACTIVE,STABLE,0,2026-07-18 18:48:10.002084
644,,ETHUSDT,2026-07-18 18:53:10.210382,5,73,73,1855.92000000,1877.55210000,1827.79827000,9.00,ACTIVE,IMPROVING,12,2026-07-18 18:53:20.024532
645,,XRPUSDT,2026-07-18 18:53:10.210382,9,50,50,1.08970000,1.08230000,1.09932000,1.80,ACTIVE,STABLE,0,2026-07-18 18:53:20.037755
646,,ETHUSDT,2026-07-18 18:58:20.192492,6,73,73,1855.92000000,1877.55210000,1827.79827000,9.00,ACTIVE,STABLE,0,2026-07-18 18:58:28.81222
647,,XRPUSDT,2026-07-18 18:58:20.192492,10,52,52,1.08970000,1.08230000,1.09932000,1.80,ACTIVE,IMPROVING,2,2026-07-18 18:58:28.822005
648,,ETHUSDT,2026-07-18 19:03:28.981632,7,73,73,1855.92000000,1877.55210000,1827.79827000,9.00,ACTIVE,STABLE,0,2026-07-18 19:03:37.152383
649,,XRPUSDT,2026-07-18 19:03:28.981632,11,52,52,1.08970000,1.08230000,1.09932000,1.80,ACTIVE,STABLE,0,2026-07-18 19:03:37.161333
650,,ETHUSDT,2026-07-18 19:08:37.280373,8,73,73,1855.92000000,1877.55210000,1827.79827000,9.00,ACTIVE,STABLE,0,2026-07-18 19:08:45.942274
651,,XRPUSDT,2026-07-18 19:08:37.280373,12,52,52,1.08970000,1.08230000,1.09932000,1.80,ACTIVE,STABLE,0,2026-07-18 19:08:45.952923
652,,ETHUSDT,2026-07-18 19:13:46.097445,9,73,73,1859.01000000,1881.74790000,1829.45073000,9.00,ACTIVE,STABLE,0,2026-07-18 19:13:55.824372
653,,XRPUSDT,2026-07-18 19:13:46.097445,13,52,52,1.08970000,1.08230000,1.09932000,1.80,ACTIVE,STABLE,0,2026-07-18 19:13:55.84213
654,,ETHUSDT,2026-07-18 19:18:56.090083,10,73,73,1859.01000000,1881.74790000,1829.45073000,9.00,ACTIVE,STABLE,0,2026-07-18 19:19:05.303764
655,,SOLUSDT,2026-07-18 19:18:56.090083,14,77,77,75.27000000,74.60790000,76.70468000,7.50,ACTIVE,IMPROVING,8,2026-07-18 19:19:05.318067
656,,XRPUSDT,2026-07-18 19:18:56.090083,14,52,52,1.09130000,1.08390000,1.10092000,1.80,ACTIVE,STABLE,0,2026-07-18 19:19:05.330916
657,,ETHUSDT,2026-07-18 19:24:05.53048,11,73,73,1859.01000000,1881.74790000,1829.45073000,9.00,ACTIVE,STABLE,0,2026-07-18 19:24:15.104865
658,,SOLUSDT,2026-07-18 19:24:05.53048,15,77,77,75.27000000,74.60790000,76.70468000,7.50,ACTIVE,STABLE,0,2026-07-18 19:24:15.114962
659,,XRPUSDT,2026-07-18 19:24:05.53048,15,52,52,1.09130000,1.08390000,1.10092000,1.80,ACTIVE,STABLE,0,2026-07-18 19:24:15.122849
660,,ETHUSDT,2026-07-18 19:29:15.284574,12,73,73,1859.01000000,1881.74790000,1829.45073000,9.00,ACTIVE,STABLE,0,2026-07-18 19:29:24.493367
661,,SOLUSDT,2026-07-18 19:29:15.284574,16,77,77,75.27000000,74.60790000,76.70468000,7.50,ACTIVE,STABLE,0,2026-07-18 19:29:24.506928
662,,XRPUSDT,2026-07-18 19:29:15.284574,16,52,52,1.09130000,1.08390000,1.10092000,1.80,ACTIVE,STABLE,0,2026-07-18 19:29:24.519405
663,,BTCUSDT,2026-07-18 19:34:24.697469,19,85,85,64447.10000000,64030.21790000,65141.90359000,0.00,ACTIVE,IMPROVING,20,2026-07-18 19:34:32.527365
664,,ETHUSDT,2026-07-18 19:34:24.697469,13,69,69,1856.15000000,1871.83790000,1828.95777000,6.30,ACTIVE,DECLINING,-4,2026-07-18 19:34:32.539126
665,,SOLUSDT,2026-07-18 19:34:24.697469,17,77,77,75.20000000,74.54000000,76.63000000,7.50,ACTIVE,STABLE,0,2026-07-18 19:34:32.550178
666,,BTCUSDT,2026-07-18 19:39:32.716016,20,85,85,64447.10000000,64030.21790000,65141.90359000,0.00,ACTIVE,STABLE,0,2026-07-18 19:39:42.771687
667,,ETHUSDT,2026-07-18 19:39:32.716016,14,69,69,1856.15000000,1871.83790000,1828.95777000,6.30,ACTIVE,STABLE,0,2026-07-18 19:39:42.786574
668,,SOLUSDT,2026-07-18 19:39:32.716016,18,75,75,75.20000000,74.54000000,76.63000000,7.50,ACTIVE,DECLINING,-2,2026-07-18 19:39:42.798656
669,,BTCUSDT,2026-07-18 19:44:42.97716,21,85,85,64447.10000000,64030.21790000,65141.90359000,0.00,ACTIVE,STABLE,0,2026-07-18 19:44:53.252798
670,,ETHUSDT,2026-07-18 19:44:42.97716,15,69,69,1856.15000000,1871.83790000,1828.95777000,6.30,ACTIVE,STABLE,0,2026-07-18 19:44:53.262469
671,,SOLUSDT,2026-07-18 19:44:42.97716,19,75,75,75.20000000,74.54000000,76.63000000,7.50,ACTIVE,STABLE,0,2026-07-18 19:44:53.270397
672,,BTCUSDT,2026-07-18 19:49:53.415646,22,85,85,64447.10000000,64030.21790000,65141.90359000,0.00,ACTIVE,STABLE,0,2026-07-18 19:50:03.329167
673,,ETHUSDT,2026-07-18 19:49:53.415646,16,69,69,1856.15000000,1871.83790000,1828.95777000,6.30,ACTIVE,STABLE,0,2026-07-18 19:50:03.345183
674,,SOLUSDT,2026-07-18 19:49:53.415646,20,75,75,75.20000000,74.54000000,76.63000000,7.50,ACTIVE,STABLE,0,2026-07-18 19:50:03.356469
675,,BTCUSDT,2026-07-18 19:55:03.535071,23,85,85,64447.10000000,64030.21790000,65141.90359000,0.00,ACTIVE,STABLE,0,2026-07-18 19:55:12.58151
676,,ETHUSDT,2026-07-18 19:55:03.535071,17,69,69,1856.15000000,1871.83790000,1828.95777000,6.30,ACTIVE,STABLE,0,2026-07-18 19:55:12.596302
677,,SOLUSDT,2026-07-18 19:55:03.535071,21,75,75,75.20000000,74.54000000,76.63000000,7.50,ACTIVE,STABLE,0,2026-07-18 19:55:12.609782
678,,XRPUSDT,2026-07-18 20:00:12.792253,17,77,77,1.09220000,1.08280000,1.10793000,22.50,ACTIVE,IMPROVING,25,2026-07-18 20:00:20.424398
679,,XRPUSDT,2026-07-18 20:05:20.570348,18,77,77,1.09220000,1.08280000,1.10793000,22.50,ACTIVE,STABLE,0,2026-07-18 20:05:30.557327
680,,XRPUSDT,2026-07-18 20:10:30.704213,19,77,77,1.09220000,1.08280000,1.10793000,22.50,ACTIVE,STABLE,0,2026-07-18 20:10:40.342506
681,,BTCUSDT,2026-07-18 20:15:40.474683,24,85,85,64540.90000000,64119.22640000,65243.68923000,0.00,ACTIVE,STABLE,0,2026-07-18 20:15:48.198429
682,,ETHUSDT,2026-07-18 20:15:40.474683,18,75,75,1857.14000000,1872.74430000,1823.33077000,22.50,ACTIVE,IMPROVING,6,2026-07-18 20:15:48.209338
683,,SOLUSDT,2026-07-18 20:15:40.474683,22,77,77,75.43000000,74.81070000,76.77173000,7.50,ACTIVE,IMPROVING,2,2026-07-18 20:15:48.218992
684,,XRPUSDT,2026-07-18 20:15:40.474683,20,80,80,1.09300000,1.08360000,1.10873000,37.50,BOOSTED,IMPROVING,3,2026-07-18 20:15:48.229118
685,,BTCUSDT,2026-07-18 20:20:48.37808,25,85,85,64540.90000000,64119.22640000,65243.68923000,0.00,ACTIVE,STABLE,0,2026-07-18 20:20:57.496556
686,,ETHUSDT,2026-07-18 20:20:48.37808,19,75,75,1857.14000000,1872.74430000,1823.33077000,22.50,ACTIVE,STABLE,0,2026-07-18 20:20:57.512264
687,,SOLUSDT,2026-07-18 20:20:48.37808,23,77,77,75.43000000,74.81070000,76.77173000,7.50,ACTIVE,STABLE,0,2026-07-18 20:20:57.526604
688,,XRPUSDT,2026-07-18 20:20:48.37808,21,80,80,1.09300000,1.08360000,1.10873000,37.50,BOOSTED,STABLE,0,2026-07-18 20:20:57.540599
689,,BTCUSDT,2026-07-18 20:25:57.735025,26,85,85,64540.90000000,64119.22640000,65243.68923000,0.00,ACTIVE,STABLE,0,2026-07-18 20:26:06.759858
690,,ETHUSDT,2026-07-18 20:25:57.735025,20,75,75,1857.14000000,1872.74430000,1823.33077000,22.50,ACTIVE,STABLE,0,2026-07-18 20:26:06.771727
691,,SOLUSDT,2026-07-18 20:25:57.735025,24,77,77,75.43000000,74.81070000,76.77173000,7.50,ACTIVE,STABLE,0,2026-07-18 20:26:06.783643
692,,XRPUSDT,2026-07-18 20:25:57.735025,22,80,80,1.09300000,1.08360000,1.10873000,37.50,BOOSTED,STABLE,0,2026-07-18 20:26:06.795971
693,,BTCUSDT,2026-07-18 20:31:06.94132,27,85,85,64540.90000000,64119.22640000,65243.68923000,0.00,ACTIVE,STABLE,0,2026-07-18 20:31:15.582599
694,,ETHUSDT,2026-07-18 20:31:06.94132,21,75,75,1857.14000000,1872.74430000,1823.33077000,22.50,ACTIVE,STABLE,0,2026-07-18 20:31:15.595011
695,,SOLUSDT,2026-07-18 20:31:06.94132,25,77,77,75.43000000,74.81070000,76.77173000,7.50,ACTIVE,STABLE,0,2026-07-18 20:31:15.605689
696,,XRPUSDT,2026-07-18 20:31:06.94132,23,80,80,1.09300000,1.08360000,1.10873000,37.50,BOOSTED,STABLE,0,2026-07-18 20:31:15.61611
697,,BTCUSDT,2026-07-18 20:36:15.777882,28,85,85,64613.40000000,64194.67930000,65311.26782000,0.00,ACTIVE,STABLE,0,2026-07-18 20:36:25.227279
698,,ETHUSDT,2026-07-18 20:36:15.777882,22,75,75,1858.74000000,1874.34860000,1824.92141000,22.50,ACTIVE,STABLE,0,2026-07-18 20:36:25.241938
699,,XRPUSDT,2026-07-18 20:36:15.777882,24,80,80,1.09300000,1.08360000,1.10873000,37.50,BOOSTED,STABLE,0,2026-07-18 20:36:25.253442
700,,BTCUSDT,2026-07-18 20:41:25.469316,29,85,85,64613.40000000,64194.67930000,65311.26782000,0.00,ACTIVE,STABLE,0,2026-07-18 20:41:34.244915
701,,ETHUSDT,2026-07-18 20:41:25.469316,23,88,88,1858.74000000,1874.34860000,1824.92141000,0.00,ACTIVE,IMPROVING,13,2026-07-18 20:41:34.256155
702,,BTCUSDT,2026-07-18 20:46:34.405322,30,85,85,64613.40000000,64194.67930000,65311.26782000,0.00,ACTIVE,STABLE,0,2026-07-18 20:46:43.294576
703,,ETHUSDT,2026-07-18 20:46:34.405322,24,88,88,1858.74000000,1874.34860000,1824.92141000,0.00,ACTIVE,STABLE,0,2026-07-18 20:46:43.306888
704,,BTCUSDT,2026-07-18 20:51:43.467775,31,85,85,64613.40000000,64194.67930000,65311.26782000,0.00,ACTIVE,STABLE,0,2026-07-18 20:51:52.049299
705,,ETHUSDT,2026-07-18 20:51:43.467775,25,88,88,1858.74000000,1874.34860000,1824.92141000,0.00,ACTIVE,STABLE,0,2026-07-18 20:51:52.057994
706,,ETHUSDT,2026-07-18 20:56:52.20439,26,88,88,1855.31000000,1870.67640000,1822.01609000,0.00,ACTIVE,STABLE,0,2026-07-18 20:57:01.250479
707,,XRPUSDT,2026-07-18 20:56:52.20439,25,83,83,1.09290000,1.08390000,1.10798000,37.50,BOOSTED,IMPROVING,3,2026-07-18 20:57:01.271103
708,,ETHUSDT,2026-07-18 21:02:01.510189,27,88,88,1855.31000000,1870.67640000,1822.01609000,0.00,ACTIVE,STABLE,0,2026-07-18 21:02:10.734107
709,,XRPUSDT,2026-07-18 21:02:01.510189,26,83,83,1.09290000,1.08390000,1.10798000,37.50,BOOSTED,STABLE,0,2026-07-18 21:02:10.745541
710,,ETHUSDT,2026-07-18 21:07:10.897823,28,88,88,1855.31000000,1870.67640000,1822.01609000,0.00,ACTIVE,STABLE,0,2026-07-18 21:07:19.818943
711,,XRPUSDT,2026-07-18 21:07:10.897823,27,83,83,1.09290000,1.08390000,1.10798000,37.50,BOOSTED,STABLE,0,2026-07-18 21:07:19.83348
712,,ETHUSDT,2026-07-18 21:12:20.010682,29,88,88,1855.31000000,1870.67640000,1822.01609000,0.00,ACTIVE,STABLE,0,2026-07-18 21:12:27.77449
713,,XRPUSDT,2026-07-18 21:12:20.010682,28,83,83,1.09290000,1.08390000,1.10798000,37.50,BOOSTED,STABLE,0,2026-07-18 21:12:27.782728
714,,ETHUSDT,2026-07-18 21:17:28.009025,30,88,88,1855.31000000,1870.67640000,1822.01609000,0.00,ACTIVE,STABLE,0,2026-07-18 21:17:37.223935
715,,XRPUSDT,2026-07-18 21:17:28.009025,29,83,83,1.09290000,1.08390000,1.10798000,37.50,BOOSTED,STABLE,0,2026-07-18 21:17:37.238186
716,,ETHUSDT,2026-07-18 21:22:37.413378,31,57,57,1857.54000000,1842.90000000,1876.57200000,1.80,ACTIVE,DECLINING,-31,2026-07-18 21:22:46.123708
717,,SOLUSDT,2026-07-18 21:22:37.413378,26,77,77,75.47000000,74.93860000,76.35570000,7.50,ACTIVE,STABLE,0,2026-07-18 21:22:46.136186
718,,XRPUSDT,2026-07-18 21:22:37.413378,30,85,85,1.09370000,1.08550000,1.10420000,0.00,BOOSTED,IMPROVING,2,2026-07-18 21:22:46.14876
719,,ETHUSDT,2026-07-18 21:27:46.334074,32,57,57,1857.54000000,1842.90000000,1876.57200000,1.80,ACTIVE,STABLE,0,2026-07-18 21:27:55.247043
720,,SOLUSDT,2026-07-18 21:27:46.334074,27,77,77,75.47000000,74.93860000,76.35570000,7.50,ACTIVE,STABLE,0,2026-07-18 21:27:55.258313
721,,XRPUSDT,2026-07-18 21:27:46.334074,31,85,85,1.09370000,1.08550000,1.10420000,0.00,BOOSTED,STABLE,0,2026-07-18 21:27:55.268982
722,,ETHUSDT,2026-07-18 21:32:55.421807,33,57,57,1857.54000000,1842.90000000,1876.57200000,1.80,ACTIVE,STABLE,0,2026-07-18 21:33:02.816258
723,,SOLUSDT,2026-07-18 21:32:55.421807,28,77,77,75.47000000,74.93860000,76.35570000,7.50,ACTIVE,STABLE,0,2026-07-18 21:33:02.827741
724,,XRPUSDT,2026-07-18 21:32:55.421807,32,85,85,1.09370000,1.08550000,1.10420000,0.00,BOOSTED,STABLE,0,2026-07-18 21:33:02.837344
725,,XRPUSDT,2026-07-18 22:03:46.036136,33,85,85,1.09350000,1.08460000,1.10500000,0.00,BOOSTED,STABLE,0,2026-07-18 22:03:54.912443
726,,XRPUSDT,2026-07-18 22:08:55.092978,34,85,85,1.09350000,1.08460000,1.10500000,0.00,BOOSTED,STABLE,0,2026-07-18 22:09:03.88749
727,,XRPUSDT,2026-07-18 22:14:04.029455,35,85,85,1.09350000,1.08460000,1.10500000,0.00,BOOSTED,STABLE,0,2026-07-18 22:14:11.532294
728,,BTCUSDT,2026-07-18 22:19:11.703087,32,83,83,64780.60000000,64340.79140000,65513.61423000,12.50,ACTIVE,DECLINING,-2,2026-07-18 22:19:21.30746
729,,ETHUSDT,2026-07-18 22:19:11.703087,34,88,88,1862.45000000,1875.16790000,1834.89468000,0.00,ACTIVE,IMPROVING,31,2026-07-18 22:19:21.321589
730,,XRPUSDT,2026-07-18 22:19:11.703087,36,85,85,1.09350000,1.08460000,1.10500000,0.00,BOOSTED,STABLE,0,2026-07-18 22:19:21.334613
731,,BTCUSDT,2026-07-18 22:24:21.550513,33,85,85,64780.60000000,64442.28570000,65513.61423000,0.00,ACTIVE,IMPROVING,2,2026-07-18 22:24:29.874962
732,,ETHUSDT,2026-07-18 22:24:21.550513,35,87,87,1862.45000000,1875.16790000,1834.89468000,0.00,ACTIVE,DECLINING,-1,2026-07-18 22:24:29.886696
733,,BTCUSDT,2026-07-18 22:29:30.057192,34,85,85,64780.60000000,64442.28570000,65513.61423000,0.00,ACTIVE,STABLE,0,2026-07-18 22:29:38.772
734,,ETHUSDT,2026-07-18 22:29:30.057192,36,87,87,1862.45000000,1875.16790000,1834.89468000,0.00,ACTIVE,STABLE,0,2026-07-18 22:29:38.78224
735,,BTCUSDT,2026-07-18 22:34:38.926197,35,85,85,64780.60000000,64442.28570000,65513.61423000,0.00,ACTIVE,STABLE,0,2026-07-18 22:34:47.662669
736,,ETHUSDT,2026-07-18 22:34:38.926197,37,87,87,1862.45000000,1875.16790000,1834.89468000,0.00,ACTIVE,STABLE,0,2026-07-18 22:34:47.678644
737,,BTCUSDT,2026-07-18 22:39:47.836013,36,85,85,64780.60000000,64442.28570000,65513.61423000,0.00,ACTIVE,STABLE,0,2026-07-18 22:39:56.76268
738,,ETHUSDT,2026-07-18 22:39:47.836013,38,87,87,1862.45000000,1875.16790000,1834.89468000,0.00,ACTIVE,STABLE,0,2026-07-18 22:39:56.772303
739,,XRPUSDT,2026-07-18 22:44:56.924589,37,59,59,1.09160000,1.08480000,1.09840000,0.60,BOOSTED,DECLINING,-26,2026-07-18 22:45:06.046396
740,,XRPUSDT,2026-07-18 22:50:06.2465,38,59,59,1.09160000,1.08480000,1.09840000,0.60,BOOSTED,STABLE,0,2026-07-18 22:50:16.386599
741,,XRPUSDT,2026-07-18 22:55:16.553044,39,59,59,1.09160000,1.08480000,1.09840000,0.60,BOOSTED,STABLE,0,2026-07-18 22:55:26.661751
742,,XRPUSDT,2026-07-18 23:00:26.830142,40,59,59,1.09160000,1.08480000,1.09840000,0.60,BOOSTED,STABLE,0,2026-07-18 23:00:36.133459
743,,BTCUSDT,2026-07-18 23:05:36.273675,37,85,85,64810.00000000,64462.94290000,65561.95718000,0.00,ACTIVE,STABLE,0,2026-07-18 23:05:44.160441
744,,ETHUSDT,2026-07-18 23:05:36.273675,39,82,82,1863.63000000,1851.90860000,1883.16570000,12.50,EXPIRED,DECLINING,-5,2026-07-18 23:05:44.171894
745,,SOLUSDT,2026-07-18 23:05:36.273675,29,58,58,75.54000000,75.10710000,75.88632000,0.60,ACTIVE,DECLINING,-19,2026-07-18 23:05:44.182758
746,,XRPUSDT,2026-07-18 23:05:36.273675,41,85,85,1.09330000,1.08650000,1.10450000,0.00,BOOSTED,IMPROVING,26,2026-07-18 23:05:44.192318
747,,BTCUSDT,2026-07-18 23:10:44.329014,38,85,85,64810.00000000,64462.94290000,65561.95718000,0.00,ACTIVE,STABLE,0,2026-07-18 23:10:53.079185
748,,ETHUSDT,2026-07-18 23:10:44.329014,40,82,82,1863.63000000,1851.90860000,1883.16570000,12.50,EXPIRED,STABLE,0,2026-07-18 23:10:53.088709
749,,SOLUSDT,2026-07-18 23:10:44.329014,30,58,58,75.54000000,75.10710000,75.88632000,0.60,ACTIVE,STABLE,0,2026-07-18 23:10:53.097104
750,,XRPUSDT,2026-07-18 23:10:44.329014,42,85,85,1.09330000,1.08650000,1.10450000,0.00,BOOSTED,STABLE,0,2026-07-18 23:10:53.106826
751,,BTCUSDT,2026-07-18 23:15:53.25669,39,85,85,64810.00000000,64462.94290000,65561.95718000,0.00,ACTIVE,STABLE,0,2026-07-18 23:16:02.917568
752,,ETHUSDT,2026-07-18 23:15:53.25669,41,82,82,1863.63000000,1851.90860000,1883.16570000,12.50,EXPIRED,STABLE,0,2026-07-18 23:16:02.932346
753,,SOLUSDT,2026-07-18 23:15:53.25669,31,58,58,75.54000000,75.10710000,75.88632000,0.60,ACTIVE,STABLE,0,2026-07-18 23:16:02.942213
754,,XRPUSDT,2026-07-18 23:15:53.25669,43,85,85,1.09330000,1.08650000,1.10450000,0.00,BOOSTED,STABLE,0,2026-07-18 23:16:02.952197
755,,BTCUSDT,2026-07-18 23:21:03.111687,40,85,85,64810.00000000,64462.94290000,65561.95718000,0.00,ACTIVE,STABLE,0,2026-07-18 23:21:12.568736
756,,ETHUSDT,2026-07-18 23:21:03.111687,42,82,82,1863.63000000,1851.90860000,1883.16570000,12.50,EXPIRED,STABLE,0,2026-07-18 23:21:12.579918
757,,SOLUSDT,2026-07-18 23:21:03.111687,32,58,58,75.54000000,75.10710000,75.88632000,0.60,ACTIVE,STABLE,0,2026-07-18 23:21:12.589416
758,,XRPUSDT,2026-07-18 23:21:03.111687,44,85,85,1.09330000,1.08650000,1.10450000,0.00,BOOSTED,STABLE,0,2026-07-18 23:21:12.599006
759,,XRPUSDT,2026-07-18 23:26:12.719877,45,80,80,1.09210000,1.08520000,1.10360000,37.50,BOOSTED,DECLINING,-5,2026-07-18 23:26:22.655005
760,,XRPUSDT,2026-07-18 23:31:22.783753,46,80,80,1.09210000,1.08520000,1.10360000,37.50,BOOSTED,STABLE,0,2026-07-18 23:31:32.398422
761,,XRPUSDT,2026-07-18 23:36:32.547075,47,80,80,1.09210000,1.08520000,1.10360000,37.50,BOOSTED,STABLE,0,2026-07-18 23:36:42.265925
762,,XRPUSDT,2026-07-18 23:41:42.418943,48,80,80,1.09210000,1.08520000,1.10360000,37.50,BOOSTED,STABLE,0,2026-07-18 23:41:53.27416
763,,XRPUSDT,2026-07-18 23:46:53.417643,49,85,85,1.09260000,1.08590000,1.10370000,0.00,BOOSTED,IMPROVING,5,2026-07-18 23:47:02.504982
764,,XRPUSDT,2026-07-18 23:52:02.66336,50,85,85,1.09260000,1.08590000,1.10370000,0.00,BOOSTED,STABLE,0,2026-07-18 23:52:11.617768
765,,XRPUSDT,2026-07-18 23:57:11.746919,51,85,85,1.09260000,1.08590000,1.10370000,0.00,BOOSTED,STABLE,0,2026-07-18 23:57:20.374085
766,,XRPUSDT,2026-07-19 00:02:20.508726,52,85,85,1.09260000,1.08590000,1.10370000,0.00,BOOSTED,STABLE,0,2026-07-19 00:02:29.86317
767,,BTCUSDT,2026-07-19 00:07:29.998421,41,85,85,64809.10000000,64478.02860000,65526.42141000,0.00,ACTIVE,STABLE,0,2026-07-19 00:07:40.015231
768,,SOLUSDT,2026-07-19 00:07:29.998421,33,54,54,75.48000000,75.04930000,75.82456000,0.60,EXPIRED,DECLINING,-4,2026-07-19 00:07:40.026903
769,,XRPUSDT,2026-07-19 00:07:29.998421,53,79,79,1.09240000,1.08610000,1.10280000,7.50,BOOSTED,DECLINING,-6,2026-07-19 00:07:40.036923
770,,BTCUSDT,2026-07-19 00:12:40.186229,42,85,85,64809.10000000,64478.02860000,65526.42141000,0.00,ACTIVE,STABLE,0,2026-07-19 00:12:49.26158
771,,SOLUSDT,2026-07-19 00:12:40.186229,34,54,54,75.48000000,75.04930000,75.82456000,0.60,EXPIRED,STABLE,0,2026-07-19 00:12:49.274791
772,,XRPUSDT,2026-07-19 00:12:40.186229,54,79,79,1.09240000,1.08610000,1.10280000,7.50,BOOSTED,STABLE,0,2026-07-19 00:12:49.285397
773,,BTCUSDT,2026-07-19 00:17:49.434695,43,85,85,64809.10000000,64478.02860000,65526.42141000,0.00,ACTIVE,STABLE,0,2026-07-19 00:17:59.33118
774,,SOLUSDT,2026-07-19 00:17:49.434695,35,54,54,75.48000000,75.04930000,75.82456000,0.60,EXPIRED,STABLE,0,2026-07-19 00:17:59.344014
775,,XRPUSDT,2026-07-19 00:17:49.434695,55,79,79,1.09240000,1.08610000,1.10280000,7.50,BOOSTED,STABLE,0,2026-07-19 00:17:59.355491
776,,BTCUSDT,2026-07-19 00:22:59.495896,44,85,85,64809.10000000,64478.02860000,65526.42141000,0.00,ACTIVE,STABLE,0,2026-07-19 00:23:09.335828
777,,SOLUSDT,2026-07-19 00:22:59.495896,36,54,54,75.48000000,75.04930000,75.82456000,0.60,EXPIRED,STABLE,0,2026-07-19 00:23:09.347923
778,,XRPUSDT,2026-07-19 00:22:59.495896,56,79,79,1.09240000,1.08610000,1.10280000,7.50,BOOSTED,STABLE,0,2026-07-19 00:23:09.358613
779,,XRPUSDT,2026-07-19 00:28:09.483769,57,78,78,1.09260000,1.08650000,1.10076000,7.50,EXPIRED,DECLINING,-1,2026-07-19 00:28:19.724116
780,,XRPUSDT,2026-07-19 00:33:19.876225,58,78,78,1.09260000,1.08650000,1.10076000,7.50,EXPIRED,STABLE,0,2026-07-19 00:33:29.374909
781,,XRPUSDT,2026-07-19 00:38:29.512123,59,78,78,1.09260000,1.08650000,1.10076000,7.50,EXPIRED,STABLE,0,2026-07-19 00:38:39.236786
782,,XRPUSDT,2026-07-19 00:43:39.359502,60,78,78,1.09260000,1.08650000,1.10076000,7.50,EXPIRED,STABLE,0,2026-07-19 00:43:49.292983
783,,XRPUSDT,2026-07-19 00:48:49.418758,61,100,100,1.09170000,1.08600000,1.09930000,0.00,ACTIVE,IMPROVING,22,2026-07-19 00:48:58.318123
784,,XRPUSDT,2026-07-19 00:53:58.447436,62,100,100,1.09170000,1.08600000,1.09930000,0.00,ACTIVE,STABLE,0,2026-07-19 00:54:08.579852
785,,XRPUSDT,2026-07-19 00:59:08.724621,63,100,100,1.09170000,1.08600000,1.09930000,0.00,ACTIVE,STABLE,0,2026-07-19 00:59:18.489205
786,,XRPUSDT,2026-07-19 01:04:18.64232,64,100,100,1.09170000,1.08600000,1.09930000,0.00,ACTIVE,STABLE,0,2026-07-19 01:04:27.676415
787,,SOLUSDT,2026-07-19 01:09:27.819721,1,62,62,75.54000000,75.15430000,75.84856000,0.60,ACTIVE,STABLE,0,2026-07-19 01:09:37.636174
788,,XRPUSDT,2026-07-19 01:09:27.819721,65,73,73,1.09330000,1.08840000,1.09850000,3.00,ACTIVE,DECLINING,-27,2026-07-19 01:09:37.648234
789,,SOLUSDT,2026-07-19 01:14:37.811086,2,62,62,75.54000000,75.15430000,75.84856000,0.60,ACTIVE,STABLE,0,2026-07-19 01:14:46.6417
790,,XRPUSDT,2026-07-19 01:14:37.811086,66,73,73,1.09330000,1.08840000,1.09850000,3.00,ACTIVE,STABLE,0,2026-07-19 01:14:46.653671
791,,SOLUSDT,2026-07-19 01:19:46.804915,3,62,62,75.54000000,75.15430000,75.84856000,0.60,ACTIVE,STABLE,0,2026-07-19 01:19:56.427667
792,,XRPUSDT,2026-07-19 01:19:46.804915,67,73,73,1.09330000,1.08840000,1.09850000,3.00,ACTIVE,STABLE,0,2026-07-19 01:19:56.44081
793,,SOLUSDT,2026-07-19 01:24:56.604994,4,62,62,75.54000000,75.15430000,75.84856000,0.60,ACTIVE,STABLE,0,2026-07-19 01:25:05.745165
794,,XRPUSDT,2026-07-19 01:24:56.604994,68,73,73,1.09330000,1.08840000,1.09850000,3.00,ACTIVE,STABLE,0,2026-07-19 01:25:05.759515
795,,SOLUSDT,2026-07-19 01:30:05.982979,5,62,62,75.58000000,75.22210000,75.86632000,0.60,ACTIVE,STABLE,0,2026-07-19 01:30:15.918944
796,,XRPUSDT,2026-07-19 01:30:05.982979,69,75,75,1.09370000,1.08880000,1.10018000,7.50,ACTIVE,IMPROVING,2,2026-07-19 01:30:15.931456
797,,SOLUSDT,2026-07-19 01:35:16.107242,6,62,62,75.58000000,75.22210000,75.86632000,0.60,ACTIVE,STABLE,0,2026-07-19 01:35:26.28815
798,,XRPUSDT,2026-07-19 01:35:16.107242,70,75,75,1.09370000,1.08880000,1.10018000,7.50,ACTIVE,STABLE,0,2026-07-19 01:35:26.302866
799,,SOLUSDT,2026-07-19 01:40:26.470135,7,62,62,75.58000000,75.22210000,75.86632000,0.60,ACTIVE,STABLE,0,2026-07-19 01:40:35.369796
800,,XRPUSDT,2026-07-19 01:40:26.470135,71,75,75,1.09370000,1.08880000,1.10018000,7.50,ACTIVE,STABLE,0,2026-07-19 01:40:35.381202
801,,SOLUSDT,2026-07-19 01:45:35.524561,8,62,62,75.58000000,75.22210000,75.86632000,0.60,ACTIVE,STABLE,0,2026-07-19 01:45:44.172904
802,,XRPUSDT,2026-07-19 01:45:35.524561,72,75,75,1.09370000,1.08880000,1.10018000,7.50,ACTIVE,STABLE,0,2026-07-19 01:45:44.184054
803,,SOLUSDT,2026-07-19 01:50:44.292948,9,58,58,75.52000000,75.17500000,75.79600000,0.60,ACTIVE,DECLINING,-4,2026-07-19 01:50:52.878113
804,,XRPUSDT,2026-07-19 01:50:44.292948,73,51,51,1.09300000,1.08840000,1.09668000,0.60,ACTIVE,DECLINING,-24,2026-07-19 01:50:52.891617
805,,SOLUSDT,2026-07-19 01:55:53.04087,10,58,58,75.52000000,75.17500000,75.79600000,0.60,ACTIVE,STABLE,0,2026-07-19 01:56:01.841417
806,,XRPUSDT,2026-07-19 01:55:53.04087,74,51,51,1.09300000,1.08840000,1.09668000,0.60,ACTIVE,STABLE,0,2026-07-19 01:56:01.855285
807,,SOLUSDT,2026-07-19 02:01:01.999711,11,58,58,75.52000000,75.17500000,75.79600000,0.60,ACTIVE,STABLE,0,2026-07-19 02:01:11.650876
808,,XRPUSDT,2026-07-19 02:01:01.999711,75,51,51,1.09300000,1.08840000,1.09668000,0.60,ACTIVE,STABLE,0,2026-07-19 02:01:11.662322
809,,SOLUSDT,2026-07-19 02:06:11.777979,12,58,58,75.52000000,75.17500000,75.79600000,0.60,ACTIVE,STABLE,0,2026-07-19 02:06:21.607947
810,,XRPUSDT,2026-07-19 02:06:11.777979,76,51,51,1.09300000,1.08840000,1.09668000,0.60,ACTIVE,STABLE,0,2026-07-19 02:06:21.62403
811,,SOLUSDT,2026-07-19 02:11:21.787501,13,58,58,75.88000000,75.49860000,76.18512000,0.60,ACTIVE,STABLE,0,2026-07-19 02:11:30.378419
812,,SOLUSDT,2026-07-19 02:16:30.508695,14,58,58,75.88000000,75.49860000,76.18512000,0.60,ACTIVE,STABLE,0,2026-07-19 02:16:40.715503
813,,SOLUSDT,2026-07-19 02:21:40.888299,15,58,58,75.88000000,75.49860000,76.18512000,0.60,ACTIVE,STABLE,0,2026-07-19 02:21:50.636961
814,,SOLUSDT,2026-07-19 02:26:50.779441,16,58,58,75.88000000,75.49860000,76.18512000,0.60,ACTIVE,STABLE,0,2026-07-19 02:27:00.504294
815,,SOLUSDT,2026-07-19 02:32:00.634906,17,63,63,75.97000000,75.47500000,76.46500000,0.60,ACTIVE,IMPROVING,5,2026-07-19 02:32:10.274708
816,,SOLUSDT,2026-07-19 02:37:10.411041,18,63,63,75.97000000,75.47500000,76.46500000,0.60,ACTIVE,STABLE,0,2026-07-19 02:37:18.068595
817,,SOLUSDT,2026-07-19 02:42:18.268033,19,63,63,75.97000000,75.47500000,76.46500000,0.60,ACTIVE,STABLE,0,2026-07-19 02:42:25.68695
818,,SOLUSDT,2026-07-19 02:47:25.828355,20,63,63,75.97000000,75.47500000,76.46500000,0.60,ACTIVE,STABLE,0,2026-07-19 02:47:33.462905
819,,ETHUSDT,2026-07-19 02:52:33.592483,1,65,65,1871.82000000,1859.40210000,1888.37710000,2.10,ACTIVE,STABLE,0,2026-07-19 02:52:39.692359
820,,ETHUSDT,2026-07-19 02:57:39.821382,2,65,65,1871.82000000,1859.40210000,1888.37710000,2.10,ACTIVE,STABLE,0,2026-07-19 02:57:47.427333
821,,ETHUSDT,2026-07-19 03:02:47.590017,3,65,65,1871.82000000,1859.40210000,1888.37710000,2.10,ACTIVE,STABLE,0,2026-07-19 03:02:55.423263
822,,ETHUSDT,2026-07-19 03:07:55.543531,4,65,65,1871.82000000,1859.40210000,1888.37710000,2.10,ACTIVE,STABLE,0,2026-07-19 03:08:02.056798
823,,BTCUSDT,2026-07-19 03:13:02.220967,1,85,85,64757.20000000,64994.13570000,64441.28568000,0.00,ACTIVE,STABLE,0,2026-07-19 03:13:10.239917
824,,SOLUSDT,2026-07-19 03:13:02.220967,21,64,64,76.05000000,75.21990000,77.12913000,0.60,ACTIVE,IMPROVING,1,2026-07-19 03:13:10.251355
825,,BTCUSDT,2026-07-19 03:18:10.411505,2,85,85,64757.20000000,64994.13570000,64441.28568000,0.00,ACTIVE,STABLE,0,2026-07-19 03:18:17.483721
826,,SOLUSDT,2026-07-19 03:18:10.411505,22,64,64,76.05000000,75.21990000,77.12913000,0.60,ACTIVE,STABLE,0,2026-07-19 03:18:17.495114
827,,BTCUSDT,2026-07-19 03:23:17.659595,3,85,85,64757.20000000,64994.13570000,64441.28568000,0.00,ACTIVE,STABLE,0,2026-07-19 03:23:25.587573
828,,SOLUSDT,2026-07-19 03:23:17.659595,23,64,64,76.05000000,75.21990000,77.12913000,0.60,ACTIVE,STABLE,0,2026-07-19 03:23:25.59713
829,,BTCUSDT,2026-07-19 03:28:25.731589,4,85,85,64757.20000000,64994.13570000,64441.28568000,0.00,ACTIVE,STABLE,0,2026-07-19 03:28:33.55362
830,,SOLUSDT,2026-07-19 03:28:25.731589,24,64,64,76.05000000,75.21990000,77.12913000,0.60,ACTIVE,STABLE,0,2026-07-19 03:28:33.564573
831,,BTCUSDT,2026-07-19 03:33:33.70095,5,80,80,64627.80000000,64892.22860000,64187.08570000,12.50,ACTIVE,DECLINING,-5,2026-07-19 03:33:40.680779
832,,BTCUSDT,2026-07-19 03:38:40.833065,6,80,80,64627.80000000,64892.22860000,64187.08570000,12.50,ACTIVE,STABLE,0,2026-07-19 03:38:48.736186
833,,BTCUSDT,2026-07-19 03:43:48.858834,7,80,80,64627.80000000,64892.22860000,64187.08570000,12.50,ACTIVE,STABLE,0,2026-07-19 03:43:56.53514
834,,BTCUSDT,2026-07-19 03:48:56.70239,8,80,80,64627.80000000,64892.22860000,64187.08570000,12.50,ACTIVE,STABLE,0,2026-07-19 03:49:04.362226
835,,BTCUSDT,2026-07-19 04:14:32.238752,9,78,78,64622.00000000,64872.67140000,64287.77144000,7.50,EXPIRED,DECLINING,-2,2026-07-19 04:14:39.62395
836,,BTCUSDT,2026-07-19 04:19:39.730756,10,59,59,64622.00000000,64872.67140000,64421.46288000,0.60,EXPIRED,DECLINING,-19,2026-07-19 04:19:45.231567
837,,BTCUSDT,2026-07-19 04:24:45.373313,11,59,59,64622.00000000,64872.67140000,64421.46288000,0.60,EXPIRED,STABLE,0,2026-07-19 04:24:51.329223
838,,BTCUSDT,2026-07-19 04:29:51.446542,12,59,59,64622.00000000,64872.67140000,64421.46288000,0.60,EXPIRED,STABLE,0,2026-07-19 04:30:02.078405
839,,BTCUSDT,2026-07-19 04:35:02.309431,13,59,59,64622.00000000,64872.67140000,64421.46288000,0.60,EXPIRED,STABLE,0,2026-07-19 04:35:12.364932
840,,SOLUSDT,2026-07-19 07:03:19.103724,1,54,54,76.03000000,75.62290000,76.35568000,0.60,ACTIVE,STABLE,0,2026-07-19 07:03:26.235102
841,,SOLUSDT,2026-07-19 07:08:26.406918,2,54,54,76.03000000,75.62290000,76.35568000,0.60,ACTIVE,STABLE,0,2026-07-19 07:08:33.275193
842,,SOLUSDT,2026-07-19 07:13:33.42135,3,54,54,76.03000000,75.62290000,76.35568000,0.60,ACTIVE,STABLE,0,2026-07-19 07:13:39.832006
843,,SOLUSDT,2026-07-19 07:18:39.97251,4,54,54,76.03000000,75.62290000,76.35568000,0.60,ACTIVE,STABLE,0,2026-07-19 07:18:45.704433
844,,SOLUSDT,2026-07-19 07:23:45.846159,5,63,63,76.06000000,75.65500000,76.38400000,0.60,ACTIVE,IMPROVING,9,2026-07-19 07:23:53.098069
845,,SOLUSDT,2026-07-19 07:28:53.23258,6,66,66,76.06000000,75.65500000,76.49200000,2.10,ACTIVE,IMPROVING,3,2026-07-19 07:29:00.166802
846,,SOLUSDT,2026-07-19 07:34:00.315615,7,66,66,76.06000000,75.65500000,76.49200000,2.10,ACTIVE,STABLE,0,2026-07-19 07:34:07.155729
847,,SOLUSDT,2026-07-19 07:39:07.298804,8,66,66,76.06000000,75.65500000,76.49200000,2.10,ACTIVE,STABLE,0,2026-07-19 07:39:13.476997
848,,SOLUSDT,2026-07-19 07:44:13.622716,9,66,66,76.06000000,75.65500000,76.49200000,2.10,ACTIVE,STABLE,0,2026-07-19 07:44:20.30412
849,,BNBUSDT,2026-07-19 07:49:20.445413,1,61,61,569.20000000,567.44290000,570.60568000,0.60,ACTIVE,STABLE,0,2026-07-19 07:49:26.448633
850,,BNBUSDT,2026-07-19 07:54:26.634939,2,61,61,569.20000000,567.44290000,570.60568000,0.60,ACTIVE,STABLE,0,2026-07-19 07:54:33.406482
851,,BNBUSDT,2026-07-19 07:59:33.553646,3,61,61,569.20000000,567.44290000,570.60568000,0.60,ACTIVE,STABLE,0,2026-07-19 07:59:41.08953
852,,SOLUSDT,2026-07-19 08:50:50.344031,10,67,67,76.23000000,75.78000000,76.83000000,2.10,BOOSTED,IMPROVING,1,2026-07-19 08:50:58.202883
853,,SOLUSDT,2026-07-19 08:55:58.360318,11,67,67,76.23000000,75.78000000,76.83000000,2.10,BOOSTED,STABLE,0,2026-07-19 08:56:05.53474
854,,SOLUSDT,2026-07-19 09:01:05.686438,12,67,67,76.23000000,75.78000000,76.83000000,2.10,BOOSTED,STABLE,0,2026-07-19 09:01:13.594596
855,,SOLUSDT,2026-07-19 09:06:13.741607,13,67,67,76.23000000,75.78000000,76.83000000,2.10,BOOSTED,STABLE,0,2026-07-19 09:06:20.73025
856,,SOLUSDT,2026-07-19 09:11:20.86089,14,53,53,76.25000000,75.81290000,76.68710000,0.60,BOOSTED,DECLINING,-14,2026-07-19 09:11:28.064605
857,,SOLUSDT,2026-07-19 09:16:28.211504,15,53,53,76.25000000,75.81290000,76.68710000,0.60,BOOSTED,STABLE,0,2026-07-19 09:16:35.979886
858,,SOLUSDT,2026-07-19 09:21:36.132079,16,53,53,76.25000000,75.81290000,76.68710000,0.60,BOOSTED,STABLE,0,2026-07-19 09:21:42.570352
859,,SOLUSDT,2026-07-19 09:26:42.697604,17,53,53,76.25000000,75.81290000,76.68710000,0.60,BOOSTED,STABLE,0,2026-07-19 09:26:50.560975
860,,BNBUSDT,2026-07-19 09:31:50.743282,4,50,50,567.30000000,565.41430000,568.80856000,0.60,ACTIVE,DECLINING,-11,2026-07-19 09:32:03.19847
861,,BNBUSDT,2026-07-19 09:37:03.48011,5,50,50,567.30000000,565.41430000,568.80856000,0.60,ACTIVE,STABLE,0,2026-07-19 09:37:15.447542
862,,BNBUSDT,2026-07-19 09:42:15.732542,6,50,50,567.30000000,565.41430000,568.80856000,0.60,ACTIVE,STABLE,0,2026-07-19 09:42:27.425794
863,,BNBUSDT,2026-07-19 09:47:27.753501,7,50,50,567.30000000,565.41430000,568.80856000,0.60,ACTIVE,STABLE,0,2026-07-19 09:47:40.701517
864,,BNBUSDT,2026-07-19 09:52:40.887701,8,50,50,567.30000000,565.41430000,568.80856000,0.60,ACTIVE,STABLE,0,2026-07-19 09:52:53.731099
865,,BNBUSDT,2026-07-19 09:57:53.94936,9,50,50,567.30000000,565.41430000,568.80856000,0.60,ACTIVE,STABLE,0,2026-07-19 09:58:02.374462
866,,SOLUSDT,2026-07-19 11:16:26.014468,18,62,62,76.29000000,75.74570000,76.83430000,1.80,BOOSTED,IMPROVING,9,2026-07-19 11:16:34.471292
867,,BTCUSDT,2026-07-19 11:21:34.635824,1,50,50,64516.60000000,64727.69710000,64305.50290000,1.80,ACTIVE,STABLE,0,2026-07-19 11:21:46.809082
868,,SOLUSDT,2026-07-19 11:21:34.635824,19,62,62,76.29000000,75.74570000,76.83430000,1.80,BOOSTED,STABLE,0,2026-07-19 11:21:46.829327
869,,BTCUSDT,2026-07-19 11:26:47.07926,2,50,50,64516.60000000,64727.69710000,64305.50290000,1.80,ACTIVE,STABLE,0,2026-07-19 11:26:54.514585
870,,SOLUSDT,2026-07-19 11:26:47.07926,20,62,62,76.29000000,75.74570000,76.83430000,1.80,BOOSTED,STABLE,0,2026-07-19 11:26:54.528875
871,,BTCUSDT,2026-07-19 11:31:54.6668,3,50,50,64516.60000000,64727.69710000,64305.50290000,1.80,ACTIVE,STABLE,0,2026-07-19 11:32:08.2364
872,,SOLUSDT,2026-07-19 11:31:54.6668,21,62,62,76.29000000,75.74570000,76.83430000,1.80,BOOSTED,STABLE,0,2026-07-19 11:32:08.272768
873,,BTCUSDT,2026-07-19 11:37:08.573363,4,50,50,64516.60000000,64727.69710000,64305.50290000,1.80,ACTIVE,STABLE,0,2026-07-19 11:37:15.280734
874,,SOLUSDT,2026-07-19 11:37:08.573363,22,62,62,76.29000000,75.74570000,76.83430000,1.80,BOOSTED,STABLE,0,2026-07-19 11:37:15.294376
875,,BTCUSDT,2026-07-19 11:42:15.459618,5,50,50,64516.60000000,64727.69710000,64305.50290000,1.80,ACTIVE,STABLE,0,2026-07-19 11:42:28.317336
876,,SOLUSDT,2026-07-19 11:42:15.459618,23,62,62,76.29000000,75.74570000,76.83430000,1.80,BOOSTED,STABLE,0,2026-07-19 11:42:28.336898
877,,BTCUSDT,2026-07-19 12:49:19.398133,6,57,57,64332.80000000,64634.68570000,63940.34859000,0.60,ACTIVE,IMPROVING,7,2026-07-19 12:49:26.173659
878,,BTCUSDT,2026-07-19 12:54:26.339282,7,57,57,64332.80000000,64634.68570000,63940.34859000,0.60,ACTIVE,STABLE,0,2026-07-19 12:54:32.770853
879,,BTCUSDT,2026-07-19 12:59:32.952473,8,57,57,64332.80000000,64634.68570000,63940.34859000,0.60,ACTIVE,STABLE,0,2026-07-19 12:59:44.115975
880,,BTCUSDT,2026-07-19 13:04:44.396118,9,57,57,64332.80000000,64634.68570000,63940.34859000,0.60,ACTIVE,STABLE,0,2026-07-19 13:04:56.845232
881,,BTCUSDT,2026-07-19 13:09:57.091938,10,57,57,64332.80000000,64634.68570000,63940.34859000,0.60,ACTIVE,STABLE,0,2026-07-19 13:10:11.449856
882,,BTCUSDT,2026-07-19 13:51:36.924585,11,79,79,64383.80000000,64712.30000000,63672.05000000,7.50,ACTIVE,IMPROVING,22,2026-07-19 13:51:44.683546
883,,BTCUSDT,2026-07-19 13:56:44.891688,12,79,79,64383.80000000,64712.30000000,63672.05000000,7.50,ACTIVE,STABLE,0,2026-07-19 13:56:53.386674
884,,BTCUSDT,2026-07-19 14:01:53.512859,13,79,79,64383.80000000,64712.30000000,63672.05000000,7.50,ACTIVE,STABLE,0,2026-07-19 14:02:04.89196
885,,BTCUSDT,2026-07-19 14:07:05.121031,14,79,79,64383.80000000,64712.30000000,63672.05000000,7.50,ACTIVE,STABLE,0,2026-07-19 14:07:13.676999
886,,BTCUSDT,2026-07-19 14:12:13.800947,15,79,79,64498.70000000,64837.52860000,63764.57141000,7.50,ACTIVE,STABLE,0,2026-07-19 14:12:23.362197
887,,BTCUSDT,2026-07-19 14:17:23.543208,16,79,79,64498.70000000,64837.52860000,63764.57141000,7.50,ACTIVE,STABLE,0,2026-07-19 14:17:34.384643
888,,BTCUSDT,2026-07-19 14:22:34.609609,17,79,79,64498.70000000,64837.52860000,63764.57141000,7.50,ACTIVE,STABLE,0,2026-07-19 14:22:47.970017
889,,BTCUSDT,2026-07-19 14:27:48.188695,18,79,79,64498.70000000,64837.52860000,63764.57141000,7.50,ACTIVE,STABLE,0,2026-07-19 14:28:45.088466
890,,BTCUSDT,2026-07-19 15:45:00.980883,19,71,71,64498.70000000,64159.87140000,65086.00282000,3.00,ACTIVE,DECLINING,-8,2026-07-19 15:49:34.732204
891,,XRPUSDT,2026-07-19 15:45:00.980883,1,63,63,1.09440000,1.08670000,1.10441000,1.80,ACTIVE,STABLE,0,2026-07-19 15:49:34.751333
892,,BTCUSDT,2026-07-19 16:00:06.335012,20,77,77,64560.00000000,64206.06430000,65326.86077000,7.50,ACTIVE,IMPROVING,6,2026-07-19 16:04:15.344518
893,,XRPUSDT,2026-07-19 16:00:06.335012,2,63,63,1.09440000,1.08670000,1.10441000,1.80,ACTIVE,STABLE,0,2026-07-19 16:04:15.375626
894,,XRPUSDT,2026-07-20 11:17:58.460656,1,85,85,1.09050000,1.10060000,1.07554000,0.00,ACTIVE,STABLE,0,2026-07-20 11:18:11.956941
895,,XRPUSDT,2026-07-20 11:23:12.400765,2,85,85,1.09050000,1.10060000,1.07554000,0.00,ACTIVE,STABLE,0,2026-07-20 11:23:23.383403
896,,ETHUSDT,2026-07-20 11:28:26.252096,1,68,68,1866.48000000,1853.38570000,1897.90632000,2.10,ACTIVE,STABLE,0,2026-07-20 11:28:37.563156
897,,XRPUSDT,2026-07-20 11:28:26.252096,3,85,85,1.09050000,1.10060000,1.07554000,0.00,ACTIVE,STABLE,0,2026-07-20 11:28:37.58421
898,,ETHUSDT,2026-07-20 11:33:40.611389,2,68,68,1866.48000000,1853.38570000,1897.90632000,2.10,ACTIVE,STABLE,0,2026-07-20 11:33:56.864076
899,,XRPUSDT,2026-07-20 11:33:40.611389,4,85,85,1.09050000,1.10060000,1.07554000,0.00,ACTIVE,STABLE,0,2026-07-20 11:33:56.892508
900,,SOLUSDT,2026-07-20 11:38:58.99452,1,82,82,76.49000000,75.75790000,78.68640000,12.50,ACTIVE,STABLE,0,2026-07-20 11:39:13.126159
901,,XRPUSDT,2026-07-20 11:38:58.99452,5,85,85,1.09050000,1.10060000,1.07554000,0.00,ACTIVE,STABLE,0,2026-07-20 11:39:13.146862
902,,SOLUSDT,2026-07-20 11:44:15.088644,2,78,78,77.05000000,76.30890000,79.27320000,7.50,ACTIVE,DECLINING,-4,2026-07-20 11:44:27.552181
903,,XRPUSDT,2026-07-20 11:44:15.088644,6,85,85,1.09360000,1.10090000,1.07952000,0.00,ACTIVE,STABLE,0,2026-07-20 11:44:27.575411
904,,SOLUSDT,2026-07-20 11:49:30.595724,3,78,78,77.05000000,76.30890000,79.27320000,7.50,ACTIVE,STABLE,0,2026-07-20 11:49:47.724483
905,,SOLUSDT,2026-07-20 11:54:49.793294,4,78,78,77.05000000,76.30890000,79.27320000,7.50,ACTIVE,STABLE,0,2026-07-20 11:55:04.790237
906,,SOLUSDT,2026-07-20 12:00:06.846847,5,78,78,77.05000000,76.30890000,79.27320000,7.50,ACTIVE,STABLE,0,2026-07-20 12:00:22.598171
907,,XRPUSDT,2026-07-20 12:00:06.846847,7,100,100,1.10470000,1.09560000,1.12640000,0.00,ACTIVE,IMPROVING,15,2026-07-20 12:00:22.616584
908,,SOLUSDT,2026-07-20 12:05:24.999723,6,78,78,77.05000000,76.30890000,79.27320000,7.50,ACTIVE,STABLE,0,2026-07-20 12:05:40.737407
909,,XRPUSDT,2026-07-20 12:05:24.999723,8,100,100,1.10470000,1.09560000,1.12640000,0.00,ACTIVE,STABLE,0,2026-07-20 12:05:40.768165
910,,SOLUSDT,2026-07-20 12:10:42.941733,7,78,78,77.05000000,76.30890000,79.27320000,7.50,ACTIVE,STABLE,0,2026-07-20 12:10:57.374599
911,,XRPUSDT,2026-07-20 12:10:42.941733,9,100,100,1.10470000,1.09560000,1.12640000,0.00,ACTIVE,STABLE,0,2026-07-20 12:10:57.395469
912,,SOLUSDT,2026-07-20 12:15:59.973664,8,78,78,77.05000000,76.30890000,79.27320000,7.50,ACTIVE,STABLE,0,2026-07-20 12:16:15.217681
913,,XRPUSDT,2026-07-20 12:15:59.973664,10,100,100,1.10470000,1.09560000,1.12640000,0.00,ACTIVE,STABLE,0,2026-07-20 12:16:15.238264
914,,SOLUSDT,2026-07-20 12:21:17.061942,9,78,78,77.05000000,76.30890000,79.27320000,7.50,ACTIVE,STABLE,0,2026-07-20 12:21:31.982948
915,,XRPUSDT,2026-07-20 12:21:17.061942,11,100,100,1.10470000,1.09560000,1.12640000,0.00,ACTIVE,STABLE,0,2026-07-20 12:21:32.010202
916,,SOLUSDT,2026-07-20 12:26:34.400581,10,85,85,77.05000000,76.30890000,79.27320000,0.00,ACTIVE,IMPROVING,7,2026-07-20 12:26:49.63985
917,,XRPUSDT,2026-07-20 12:26:34.400581,12,99,99,1.10470000,1.09560000,1.12640000,0.00,ACTIVE,DECLINING,-1,2026-07-20 12:26:49.65762
918,,SOLUSDT,2026-07-20 12:31:52.25864,11,85,85,77.05000000,76.30890000,79.27320000,0.00,ACTIVE,STABLE,0,2026-07-20 12:32:08.315901
919,,XRPUSDT,2026-07-20 12:31:52.25864,13,99,99,1.10470000,1.09560000,1.12640000,0.00,ACTIVE,STABLE,0,2026-07-20 12:32:08.335706
920,,SOLUSDT,2026-07-20 12:37:10.72236,12,85,85,77.05000000,76.30890000,79.27320000,0.00,ACTIVE,STABLE,0,2026-07-20 12:37:26.336494
921,,XRPUSDT,2026-07-20 12:37:10.72236,14,99,99,1.10470000,1.09560000,1.12640000,0.00,ACTIVE,STABLE,0,2026-07-20 12:37:26.360177
922,,SOLUSDT,2026-07-20 12:42:28.762414,13,85,85,77.05000000,76.30890000,79.27320000,0.00,ACTIVE,STABLE,0,2026-07-20 12:42:44.482946
923,,XRPUSDT,2026-07-20 12:42:28.762414,15,99,99,1.10470000,1.09560000,1.12640000,0.00,ACTIVE,STABLE,0,2026-07-20 12:42:44.502404
924,,BTCUSDT,2026-07-20 12:47:46.844222,1,59,59,64700.10000000,64265.11790000,65744.05712000,0.60,ACTIVE,STABLE,0,2026-07-20 12:48:00.987877
925,,BTCUSDT,2026-07-20 12:53:03.369543,2,59,59,64700.10000000,64265.11790000,65744.05712000,0.60,ACTIVE,STABLE,0,2026-07-20 12:53:18.811201
926,,BTCUSDT,2026-07-20 12:58:21.490081,3,59,59,64700.10000000,64265.11790000,65744.05712000,0.60,ACTIVE,STABLE,0,2026-07-20 12:58:36.186493
927,,BTCUSDT,2026-07-20 13:03:38.679422,4,59,59,64700.10000000,64265.11790000,65744.05712000,0.60,ACTIVE,STABLE,0,2026-07-20 13:03:53.429515
928,,BTCUSDT,2026-07-20 13:08:55.729281,5,59,59,64700.10000000,64265.11790000,65744.05712000,0.60,ACTIVE,STABLE,0,2026-07-20 13:09:09.034741
929,,BTCUSDT,2026-07-20 13:14:11.396761,6,59,59,64700.10000000,64265.11790000,65744.05712000,0.60,ACTIVE,STABLE,0,2026-07-20 13:14:25.275704
930,,BTCUSDT,2026-07-20 13:19:28.567135,7,59,59,64700.10000000,64265.11790000,65744.05712000,0.60,ACTIVE,STABLE,0,2026-07-20 13:19:43.600033
931,,BTCUSDT,2026-07-20 13:24:45.662705,8,59,59,64700.10000000,64265.11790000,65744.05712000,0.60,ACTIVE,STABLE,0,2026-07-20 13:25:00.169686
932,,BTCUSDT,2026-07-20 13:30:03.897849,9,59,59,64700.10000000,64265.11790000,65744.05712000,0.60,ACTIVE,STABLE,0,2026-07-20 13:30:20.137767
933,,BTCUSDT,2026-07-20 13:35:22.758311,10,59,59,64700.10000000,64265.11790000,65744.05712000,0.60,ACTIVE,STABLE,0,2026-07-20 13:35:38.394604
934,,BTCUSDT,2026-07-20 13:40:40.994197,11,59,59,64700.10000000,64265.11790000,65744.05712000,0.60,ACTIVE,STABLE,0,2026-07-20 13:40:55.663554
935,,BTCUSDT,2026-07-20 13:45:58.039268,12,59,59,64700.10000000,64265.11790000,65744.05712000,0.60,ACTIVE,STABLE,0,2026-07-20 13:46:14.019342
936,,BTCUSDT,2026-07-20 13:51:16.40284,13,85,85,64646.30000000,63995.41790000,66148.33570000,0.00,ACTIVE,IMPROVING,26,2026-07-20 13:51:31.872775
937,,ETHUSDT,2026-07-20 13:51:16.40284,1,61,61,1876.00000000,1859.23290000,1926.30140000,0.60,ACTIVE,STABLE,0,2026-07-20 13:51:31.895881
938,,SOLUSDT,2026-07-20 13:51:16.40284,14,85,85,76.91000000,76.14570000,79.20290000,0.00,ACTIVE,STABLE,0,2026-07-20 13:51:31.936855
939,,BTCUSDT,2026-07-20 13:56:34.05884,14,85,85,64646.30000000,63995.41790000,66148.33570000,0.00,ACTIVE,STABLE,0,2026-07-20 13:56:47.637347
940,,ETHUSDT,2026-07-20 13:56:34.05884,2,61,61,1876.00000000,1859.23290000,1926.30140000,0.60,ACTIVE,STABLE,0,2026-07-20 13:56:47.675081
941,,SOLUSDT,2026-07-20 13:56:34.05884,15,85,85,76.91000000,76.14570000,79.20290000,0.00,ACTIVE,STABLE,0,2026-07-20 13:56:47.69621
942,,BTCUSDT,2026-07-20 14:01:51.249668,15,85,85,64646.30000000,63995.41790000,66148.33570000,0.00,ACTIVE,STABLE,0,2026-07-20 14:02:07.235379
943,,SOLUSDT,2026-07-20 14:01:51.249668,16,81,81,76.91000000,76.14570000,79.20290000,12.50,ACTIVE,DECLINING,-4,2026-07-20 14:02:07.255559
944,,BTCUSDT,2026-07-20 14:07:09.972758,16,62,62,64646.30000000,63995.41790000,66148.33570000,0.60,ACTIVE,DECLINING,-23,2026-07-20 14:07:23.184908
945,,SOLUSDT,2026-07-20 14:07:09.972758,17,77,77,76.91000000,76.14570000,79.20290000,7.50,EXPIRED,DECLINING,-4,2026-07-20 14:07:23.211787
946,,BTCUSDT,2026-07-20 14:12:26.184049,17,62,62,64646.30000000,63995.41790000,66148.33570000,0.60,ACTIVE,STABLE,0,2026-07-20 14:12:37.77594
947,,SOLUSDT,2026-07-20 14:12:26.184049,18,77,77,76.91000000,76.14570000,79.20290000,7.50,EXPIRED,STABLE,0,2026-07-20 14:12:37.795455
948,,BTCUSDT,2026-07-20 14:17:40.818165,18,62,62,64646.30000000,63995.41790000,66148.33570000,0.60,ACTIVE,STABLE,0,2026-07-20 14:17:54.889841
949,,SOLUSDT,2026-07-20 14:17:40.818165,19,77,77,76.91000000,76.14570000,79.20290000,7.50,EXPIRED,STABLE,0,2026-07-20 14:17:54.920857
950,,BTCUSDT,2026-07-20 14:22:57.379156,19,62,62,64646.30000000,63995.41790000,66148.33570000,0.60,ACTIVE,STABLE,0,2026-07-20 14:23:11.510978
951,,SOLUSDT,2026-07-20 14:22:57.379156,20,77,77,76.91000000,76.14570000,79.20290000,7.50,EXPIRED,STABLE,0,2026-07-20 14:23:11.530894
952,,BTCUSDT,2026-07-20 14:28:14.025876,20,62,62,64646.30000000,63995.41790000,66148.33570000,0.60,ACTIVE,STABLE,0,2026-07-20 14:28:27.330161
953,,SOLUSDT,2026-07-20 14:28:14.025876,21,77,77,76.91000000,76.14570000,79.20290000,7.50,EXPIRED,STABLE,0,2026-07-20 14:28:27.350494
954,,BTCUSDT,2026-07-20 14:33:29.386858,21,62,62,64646.30000000,63995.41790000,66148.33570000,0.60,ACTIVE,STABLE,0,2026-07-20 14:33:42.172932
955,,SOLUSDT,2026-07-20 14:33:29.386858,22,77,77,76.91000000,76.14570000,79.20290000,7.50,EXPIRED,STABLE,0,2026-07-20 14:33:42.198846
956,,BTCUSDT,2026-07-20 14:38:45.268035,22,62,62,64646.30000000,63995.41790000,66148.33570000,0.60,ACTIVE,STABLE,0,2026-07-20 14:38:58.708265
957,,SOLUSDT,2026-07-20 14:38:45.268035,23,77,77,76.91000000,76.14570000,79.20290000,7.50,EXPIRED,STABLE,0,2026-07-20 14:38:58.745751
958,,BTCUSDT,2026-07-20 14:44:01.241892,23,62,62,64646.30000000,63995.41790000,66148.33570000,0.60,ACTIVE,STABLE,0,2026-07-20 14:44:13.732913
959,,SOLUSDT,2026-07-20 14:44:01.241892,24,77,77,76.91000000,76.14570000,79.20290000,7.50,EXPIRED,STABLE,0,2026-07-20 14:44:13.755519
960,,BTCUSDT,2026-07-20 14:49:15.686467,24,62,62,64646.30000000,63995.41790000,66148.33570000,0.60,ACTIVE,STABLE,0,2026-07-20 14:49:29.327456
961,,SOLUSDT,2026-07-20 14:49:15.686467,25,77,77,76.91000000,76.14570000,79.20290000,7.50,EXPIRED,STABLE,0,2026-07-20 14:49:29.340738
962,,BTCUSDT,2026-07-20 14:54:31.556777,25,62,62,64646.30000000,63995.41790000,66148.33570000,0.60,ACTIVE,STABLE,0,2026-07-20 14:54:46.81617
963,,SOLUSDT,2026-07-20 14:54:31.556777,26,77,77,76.91000000,76.14570000,79.20290000,7.50,EXPIRED,STABLE,0,2026-07-20 14:54:46.834251
964,,SOLUSDT,2026-07-20 16:08:16.960562,1,54,54,77.68000000,76.80290000,80.24568000,0.60,ACTIVE,STABLE,0,2026-07-20 16:08:30.268587
965,,BTCUSDT,2026-07-20 16:13:32.205859,26,69,69,65318.10000000,64589.76070000,68158.62327000,2.10,ACTIVE,IMPROVING,7,2026-07-20 16:13:48.005931
966,,SOLUSDT,2026-07-20 16:13:32.205859,2,53,53,77.68000000,76.80290000,80.24568000,0.60,ACTIVE,DECLINING,-1,2026-07-20 16:13:48.034902
967,,BTCUSDT,2026-07-20 16:18:50.326845,27,69,69,65318.10000000,64589.76070000,68158.62327000,2.10,ACTIVE,STABLE,0,2026-07-20 16:19:07.052858
968,,SOLUSDT,2026-07-20 16:18:50.326845,3,53,53,77.68000000,76.80290000,80.24568000,0.60,ACTIVE,STABLE,0,2026-07-20 16:19:07.07557
969,,BTCUSDT,2026-07-20 16:24:09.763701,28,69,69,65318.10000000,64589.76070000,68158.62327000,2.10,ACTIVE,STABLE,0,2026-07-20 16:24:24.655293
970,,SOLUSDT,2026-07-20 16:24:09.763701,4,53,53,77.68000000,76.80290000,80.24568000,0.60,ACTIVE,STABLE,0,2026-07-20 16:24:24.679179
971,,BTCUSDT,2026-07-20 16:29:26.322624,29,69,69,65318.10000000,64589.76070000,68158.62327000,2.10,ACTIVE,STABLE,0,2026-07-20 16:29:41.726331
972,,SOLUSDT,2026-07-20 16:29:26.322624,5,53,53,77.68000000,76.80290000,80.24568000,0.60,ACTIVE,STABLE,0,2026-07-20 16:29:41.747034
973,,BTCUSDT,2026-07-20 16:34:43.346295,30,69,69,65318.10000000,64589.76070000,68158.62327000,2.10,ACTIVE,STABLE,0,2026-07-20 16:34:58.232416
974,,SOLUSDT,2026-07-20 16:34:43.346295,6,53,53,77.68000000,76.80290000,80.24568000,0.60,ACTIVE,STABLE,0,2026-07-20 16:34:58.25266
975,,BTCUSDT,2026-07-20 16:40:00.277857,31,69,69,65318.10000000,64589.76070000,68158.62327000,2.10,ACTIVE,STABLE,0,2026-07-20 16:40:14.782863
976,,SOLUSDT,2026-07-20 16:40:00.277857,7,53,53,77.68000000,76.80290000,80.24568000,0.60,ACTIVE,STABLE,0,2026-07-20 16:40:14.805793
977,,BTCUSDT,2026-07-20 16:45:16.489132,32,69,69,65318.10000000,64589.76070000,68158.62327000,2.10,ACTIVE,STABLE,0,2026-07-20 16:45:30.270325
978,,SOLUSDT,2026-07-20 16:45:16.489132,8,53,53,77.68000000,76.80290000,80.24568000,0.60,ACTIVE,STABLE,0,2026-07-20 16:45:30.299321
979,,BTCUSDT,2026-07-20 16:50:31.914252,33,69,69,65318.10000000,64589.76070000,68158.62327000,2.10,ACTIVE,STABLE,0,2026-07-20 16:50:44.671097
980,,SOLUSDT,2026-07-20 16:50:31.914252,9,53,53,77.68000000,76.80290000,80.24568000,0.60,ACTIVE,STABLE,0,2026-07-20 16:50:44.693256
981,,BTCUSDT,2026-07-20 16:55:46.730338,34,69,69,65318.10000000,64589.76070000,68158.62327000,2.10,ACTIVE,STABLE,0,2026-07-20 16:55:59.596328
982,,SOLUSDT,2026-07-20 16:55:46.730338,10,53,53,77.68000000,76.80290000,80.24568000,0.60,ACTIVE,STABLE,0,2026-07-20 16:55:59.637909
983,,BTCUSDT,2026-07-20 17:01:01.74198,35,69,69,65318.10000000,64589.76070000,68158.62327000,2.10,ACTIVE,STABLE,0,2026-07-20 17:01:15.471188
984,,SOLUSDT,2026-07-20 17:01:01.74198,11,53,53,77.68000000,76.80290000,80.24568000,0.60,ACTIVE,STABLE,0,2026-07-20 17:01:15.489739
985,,BTCUSDT,2026-07-20 17:06:17.029418,36,69,69,65318.10000000,64589.76070000,68158.62327000,2.10,ACTIVE,STABLE,0,2026-07-20 17:06:29.98184
986,,SOLUSDT,2026-07-20 17:06:17.029418,12,53,53,77.68000000,76.80290000,80.24568000,0.60,ACTIVE,STABLE,0,2026-07-20 17:06:29.997216
987,,SOLUSDT,2026-07-20 17:11:31.494451,13,53,53,77.68000000,76.80290000,80.24568000,0.60,ACTIVE,STABLE,0,2026-07-20 17:11:43.99706
988,,XRPUSDT,2026-07-20 18:19:45.693941,1,100,100,1.11800000,1.12990000,1.08069000,0.00,ACTIVE,STABLE,0,2026-07-20 18:19:57.461905
989,,XRPUSDT,2026-07-20 18:24:59.539192,2,100,100,1.11800000,1.12990000,1.08069000,0.00,ACTIVE,STABLE,0,2026-07-20 18:25:13.49828
990,,XRPUSDT,2026-07-20 18:30:15.549151,3,100,100,1.11800000,1.12990000,1.08069000,0.00,ACTIVE,STABLE,0,2026-07-20 18:30:29.339075
991,,XRPUSDT,2026-07-20 18:35:31.536243,4,100,100,1.11800000,1.12990000,1.08069000,0.00,ACTIVE,STABLE,0,2026-07-20 18:35:45.106315
992,,XRPUSDT,2026-07-20 18:40:47.302458,5,100,100,1.11800000,1.12990000,1.08069000,0.00,ACTIVE,STABLE,0,2026-07-20 18:40:59.694423
993,,XRPUSDT,2026-07-20 18:46:01.318093,6,100,100,1.11800000,1.12990000,1.08069000,0.00,ACTIVE,STABLE,0,2026-07-20 18:46:15.404859
994,,XRPUSDT,2026-07-20 18:51:17.461793,7,100,100,1.11800000,1.12990000,1.08069000,0.00,ACTIVE,STABLE,0,2026-07-20 18:51:30.881131
995,,XRPUSDT,2026-07-20 18:56:32.692048,8,100,100,1.11800000,1.12990000,1.08069000,0.00,ACTIVE,STABLE,0,2026-07-20 18:56:46.311924
996,,XRPUSDT,2026-07-20 19:01:48.329083,9,100,100,1.11800000,1.12990000,1.08069000,0.00,ACTIVE,STABLE,0,2026-07-20 19:02:01.220712
997,,XRPUSDT,2026-07-20 19:07:03.778851,10,100,100,1.11800000,1.12990000,1.08069000,0.00,ACTIVE,STABLE,0,2026-07-20 19:07:16.483747
998,,XRPUSDT,2026-07-20 19:12:19.311429,11,100,100,1.11800000,1.12990000,1.08069000,0.00,ACTIVE,STABLE,0,2026-07-20 19:12:33.169736
999,,XRPUSDT,2026-07-20 19:17:35.036616,12,100,100,1.11800000,1.12990000,1.08069000,0.00,ACTIVE,STABLE,0,2026-07-20 19:17:48.314059
1000,,XRPUSDT,2026-07-20 19:22:50.635414,13,95,95,1.11470000,1.12400000,1.09230000,0.00,ACTIVE,DECLINING,-5,2026-07-20 19:23:02.579291
1001,,XRPUSDT,2026-07-20 19:28:04.34203,14,97,97,1.11470000,1.12400000,1.09230000,0.00,ACTIVE,IMPROVING,2,2026-07-20 19:28:16.994156
1002,,XRPUSDT,2026-07-20 19:33:18.859988,15,97,97,1.11470000,1.12400000,1.09230000,0.00,ACTIVE,STABLE,0,2026-07-20 19:33:31.964009
1003,,XRPUSDT,2026-07-20 19:38:34.01285,16,97,97,1.11470000,1.12400000,1.09230000,0.00,ACTIVE,STABLE,0,2026-07-20 19:38:48.450159
1004,,XRPUSDT,2026-07-20 19:43:50.39077,17,97,97,1.11470000,1.12400000,1.09230000,0.00,ACTIVE,STABLE,0,2026-07-20 19:44:04.742968
1005,,XRPUSDT,2026-07-20 19:49:07.279849,18,97,97,1.11470000,1.12400000,1.09230000,0.00,ACTIVE,STABLE,0,2026-07-20 19:49:20.686779
1006,,XRPUSDT,2026-07-20 19:54:23.31561,19,97,97,1.11470000,1.12400000,1.09230000,0.00,ACTIVE,STABLE,0,2026-07-20 19:54:36.543964
1007,,XRPUSDT,2026-07-20 19:59:38.337283,20,97,97,1.11470000,1.12400000,1.09230000,0.00,ACTIVE,STABLE,0,2026-07-20 19:59:52.90806
1008,,XRPUSDT,2026-07-20 20:04:55.28569,21,97,97,1.11470000,1.12400000,1.09230000,0.00,ACTIVE,STABLE,0,2026-07-20 20:05:09.072173
1009,,XRPUSDT,2026-07-20 20:10:13.529894,22,97,97,1.11470000,1.12400000,1.09230000,0.00,ACTIVE,STABLE,0,2026-07-20 20:10:25.76375
1010,,XRPUSDT,2026-07-20 20:15:27.595639,23,97,97,1.11470000,1.12400000,1.09230000,0.00,ACTIVE,STABLE,0,2026-07-20 20:15:40.638173
1011,,XRPUSDT,2026-07-20 20:20:42.583974,24,97,97,1.11470000,1.12400000,1.09230000,0.00,ACTIVE,STABLE,0,2026-07-20 20:20:55.873098
1012,,XRPUSDT,2026-07-20 20:25:58.301849,25,85,85,1.11400000,1.12310000,1.09210000,0.00,ACTIVE,DECLINING,-12,2026-07-20 20:26:10.774892
1013,,SOLUSDT,2026-07-20 20:31:12.562116,1,65,65,77.64000000,76.88110000,79.91680000,2.10,ACTIVE,STABLE,0,2026-07-20 20:31:25.492844
1014,,XRPUSDT,2026-07-20 20:31:12.562116,26,85,85,1.11400000,1.12310000,1.09210000,0.00,ACTIVE,STABLE,0,2026-07-20 20:31:25.514194
1015,,SOLUSDT,2026-07-20 20:36:28.509622,2,65,65,77.64000000,76.88110000,79.91680000,2.10,ACTIVE,STABLE,0,2026-07-20 20:36:44.634426
1016,,XRPUSDT,2026-07-20 20:36:28.509622,27,85,85,1.11400000,1.12310000,1.09210000,0.00,ACTIVE,STABLE,0,2026-07-20 20:36:44.654789
1017,,SOLUSDT,2026-07-20 20:41:46.737015,3,65,65,77.64000000,76.88110000,79.91680000,2.10,ACTIVE,STABLE,0,2026-07-20 20:42:01.428184
1018,,XRPUSDT,2026-07-20 20:41:46.737015,28,85,85,1.11400000,1.12310000,1.09210000,0.00,ACTIVE,STABLE,0,2026-07-20 20:42:01.445109
1019,,SOLUSDT,2026-07-20 20:47:04.054846,4,65,65,77.64000000,76.88110000,79.91680000,2.10,ACTIVE,STABLE,0,2026-07-20 20:47:18.243288
1020,,XRPUSDT,2026-07-20 20:47:04.054846,29,85,85,1.11400000,1.12310000,1.09210000,0.00,ACTIVE,STABLE,0,2026-07-20 20:47:18.261346
1021,,SOLUSDT,2026-07-20 20:52:20.998487,5,65,65,77.64000000,76.88110000,79.91680000,2.10,ACTIVE,STABLE,0,2026-07-20 20:52:35.209154
1022,,XRPUSDT,2026-07-20 20:52:20.998487,30,85,85,1.11400000,1.12310000,1.09210000,0.00,ACTIVE,STABLE,0,2026-07-20 20:52:35.228941
1023,,SOLUSDT,2026-07-20 20:57:37.509851,6,65,65,77.64000000,76.88110000,79.91680000,2.10,ACTIVE,STABLE,0,2026-07-20 20:57:51.03618
1024,,XRPUSDT,2026-07-20 20:57:37.509851,31,85,85,1.11400000,1.12310000,1.09210000,0.00,ACTIVE,STABLE,0,2026-07-20 20:57:51.060203
1025,,SOLUSDT,2026-07-20 21:02:53.06114,7,65,65,77.64000000,76.88110000,79.91680000,2.10,ACTIVE,STABLE,0,2026-07-20 21:03:07.384667
1026,,XRPUSDT,2026-07-20 21:02:53.06114,32,85,85,1.11400000,1.12310000,1.09210000,0.00,ACTIVE,STABLE,0,2026-07-20 21:03:07.411489
1027,,SOLUSDT,2026-07-20 21:08:10.456817,8,65,65,77.64000000,76.88110000,79.91680000,2.10,ACTIVE,STABLE,0,2026-07-20 21:08:24.468486
1028,,XRPUSDT,2026-07-20 21:08:10.456817,33,85,85,1.11400000,1.12310000,1.09210000,0.00,ACTIVE,STABLE,0,2026-07-20 21:08:24.489236
1029,,SOLUSDT,2026-07-20 21:13:26.452677,9,65,65,77.64000000,76.88110000,79.91680000,2.10,ACTIVE,STABLE,0,2026-07-20 21:13:42.105181
1030,,XRPUSDT,2026-07-20 21:13:26.452677,34,85,85,1.11400000,1.12310000,1.09210000,0.00,ACTIVE,STABLE,0,2026-07-20 21:13:42.128437
1031,,SOLUSDT,2026-07-20 21:18:44.052846,10,65,65,77.64000000,76.88110000,79.91680000,2.10,ACTIVE,STABLE,0,2026-07-20 21:18:58.684842
1032,,XRPUSDT,2026-07-20 21:18:44.052846,35,85,85,1.11400000,1.12310000,1.09210000,0.00,ACTIVE,STABLE,0,2026-07-20 21:18:58.705162
1033,,SOLUSDT,2026-07-20 21:24:00.686342,11,65,65,77.64000000,76.88110000,79.91680000,2.10,ACTIVE,STABLE,0,2026-07-20 21:24:14.863141
1034,,XRPUSDT,2026-07-20 21:24:00.686342,36,85,85,1.11400000,1.12310000,1.09210000,0.00,ACTIVE,STABLE,0,2026-07-20 21:24:14.887498
1035,,SOLUSDT,2026-07-20 21:29:17.750744,12,59,59,77.93000000,77.17290000,80.20140000,0.60,ACTIVE,DECLINING,-6,2026-07-20 21:29:32.194404
1036,,XRPUSDT,2026-07-20 21:29:17.750744,37,82,82,1.11800000,1.12780000,1.09450000,12.50,EXPIRED,DECLINING,-3,2026-07-20 21:29:32.214433
1037,,XRPUSDT,2026-07-20 21:34:34.433185,38,81,81,1.11800000,1.12780000,1.09450000,12.50,EXPIRED,DECLINING,-1,2026-07-20 21:34:49.027351
1038,,XRPUSDT,2026-07-20 21:39:51.319582,39,81,81,1.11800000,1.12780000,1.09450000,12.50,EXPIRED,STABLE,0,2026-07-20 21:40:06.230877
1039,,XRPUSDT,2026-07-20 21:45:08.325632,40,81,81,1.11800000,1.12780000,1.09450000,12.50,EXPIRED,STABLE,0,2026-07-20 21:45:23.453922
1040,,XRPUSDT,2026-07-20 21:50:25.697847,41,81,81,1.11800000,1.12780000,1.09450000,12.50,EXPIRED,STABLE,0,2026-07-20 21:50:41.854145
1041,,XRPUSDT,2026-07-20 21:55:44.16492,42,81,81,1.11800000,1.12780000,1.09450000,12.50,EXPIRED,STABLE,0,2026-07-20 21:55:58.045409
1042,,XRPUSDT,2026-07-20 22:01:00.349873,43,81,81,1.11800000,1.12780000,1.09450000,12.50,EXPIRED,STABLE,0,2026-07-20 22:01:15.827111
1043,,XRPUSDT,2026-07-20 22:06:18.10285,44,81,81,1.11800000,1.12780000,1.09450000,12.50,EXPIRED,STABLE,0,2026-07-20 22:06:33.651198
1044,,XRPUSDT,2026-07-20 22:11:36.066026,45,81,81,1.11800000,1.12780000,1.09450000,12.50,EXPIRED,STABLE,0,2026-07-20 22:11:51.148576
1045,,XRPUSDT,2026-07-20 22:16:53.756171,46,81,81,1.11800000,1.12780000,1.09450000,12.50,EXPIRED,STABLE,0,2026-07-20 22:17:07.927461
1046,,XRPUSDT,2026-07-20 22:22:09.828874,47,81,81,1.11800000,1.12780000,1.09450000,12.50,EXPIRED,STABLE,0,2026-07-20 22:22:23.961075
1047,,XRPUSDT,2026-07-20 22:27:25.976358,48,81,81,1.11800000,1.12780000,1.09450000,12.50,EXPIRED,STABLE,0,2026-07-20 22:27:39.719136
1048,,SOLUSDT,2026-07-21 03:44:38.09637,1,54,54,78.21000000,77.57790000,80.10640000,0.60,ACTIVE,STABLE,0,2026-07-21 03:44:52.850959
1049,,SOLUSDT,2026-07-21 03:49:54.763857,2,54,54,78.21000000,77.57790000,80.10640000,0.60,ACTIVE,STABLE,0,2026-07-21 03:50:08.799645
1050,,XRPUSDT,2026-07-21 03:49:54.763857,1,94,94,1.12280000,1.10870000,1.14090000,0.00,ACTIVE,STABLE,0,2026-07-21 03:50:08.812743
1051,,BNBUSDT,2026-07-21 03:49:54.763857,1,50,50,574.30000000,572.04290000,579.94290000,0.60,ACTIVE,STABLE,0,2026-07-21 03:50:08.841964
1052,,BTCUSDT,2026-07-21 03:55:11.732585,1,57,57,65450.00000000,65062.28570000,66613.14290000,0.60,ACTIVE,STABLE,0,2026-07-21 03:55:25.05684
1053,,SOLUSDT,2026-07-21 03:55:11.732585,3,54,54,78.21000000,77.57790000,80.10640000,0.60,ACTIVE,STABLE,0,2026-07-21 03:55:25.077218
1054,,XRPUSDT,2026-07-21 03:55:11.732585,2,93,93,1.12280000,1.10870000,1.14090000,0.00,ACTIVE,DECLINING,-1,2026-07-21 03:55:25.094039
1055,,BNBUSDT,2026-07-21 03:55:11.732585,2,50,50,574.30000000,572.04290000,579.94290000,0.60,ACTIVE,STABLE,0,2026-07-21 03:55:25.108997
1056,,XRPUSDT,2026-07-21 04:00:28.032504,3,94,94,1.12280000,1.10870000,1.14090000,0.00,ACTIVE,IMPROVING,1,2026-07-21 04:00:45.538433
1057,,BNBUSDT,2026-07-21 04:00:28.032504,3,52,52,574.30000000,572.04290000,579.94290000,0.60,ACTIVE,IMPROVING,2,2026-07-21 04:00:45.566437
1058,,XRPUSDT,2026-07-21 04:05:47.934543,4,94,94,1.12280000,1.10870000,1.14090000,0.00,ACTIVE,STABLE,0,2026-07-21 04:06:03.501852
1059,,BNBUSDT,2026-07-21 04:05:47.934543,4,52,52,574.30000000,572.04290000,579.94290000,0.60,ACTIVE,STABLE,0,2026-07-21 04:06:03.536836
1060,,XRPUSDT,2026-07-21 04:11:05.754525,5,94,94,1.12280000,1.10870000,1.14090000,0.00,ACTIVE,STABLE,0,2026-07-21 04:11:21.301849
1061,,BNBUSDT,2026-07-21 04:11:05.754525,5,52,52,574.30000000,572.04290000,579.94290000,0.60,ACTIVE,STABLE,0,2026-07-21 04:11:21.3238
1062,,XRPUSDT,2026-07-21 04:16:23.825438,6,94,94,1.12280000,1.10870000,1.14090000,0.00,ACTIVE,STABLE,0,2026-07-21 04:16:38.606405
1063,,BNBUSDT,2026-07-21 04:16:23.825438,6,52,52,574.30000000,572.04290000,579.94290000,0.60,ACTIVE,STABLE,0,2026-07-21 04:16:38.62596
1064,,XRPUSDT,2026-07-21 04:21:40.676108,7,94,94,1.12280000,1.10870000,1.14090000,0.00,ACTIVE,STABLE,0,2026-07-21 04:21:55.222076
1065,,BNBUSDT,2026-07-21 04:21:40.676108,7,52,52,574.30000000,572.04290000,579.94290000,0.60,ACTIVE,STABLE,0,2026-07-21 04:21:55.240972
1066,,XRPUSDT,2026-07-21 04:26:57.076567,8,94,94,1.12280000,1.10870000,1.14090000,0.00,ACTIVE,STABLE,0,2026-07-21 04:27:11.867905
1067,,BNBUSDT,2026-07-21 04:26:57.076567,8,52,52,574.30000000,572.04290000,579.94290000,0.60,ACTIVE,STABLE,0,2026-07-21 04:27:11.895415
1068,,XRPUSDT,2026-07-21 04:32:14.012848,9,94,94,1.12280000,1.10870000,1.14090000,0.00,ACTIVE,STABLE,0,2026-07-21 04:32:28.279821
1069,,BNBUSDT,2026-07-21 04:32:14.012848,9,52,52,574.30000000,572.04290000,579.94290000,0.60,ACTIVE,STABLE,0,2026-07-21 04:32:28.29749
1070,,XRPUSDT,2026-07-21 04:37:31.335272,10,94,94,1.12280000,1.10870000,1.14090000,0.00,ACTIVE,STABLE,0,2026-07-21 04:37:46.239115
1071,,BNBUSDT,2026-07-21 04:37:31.335272,10,52,52,574.30000000,572.04290000,579.94290000,0.60,ACTIVE,STABLE,0,2026-07-21 04:37:46.255077
1072,,XRPUSDT,2026-07-21 04:42:48.594143,11,94,94,1.12280000,1.10870000,1.14090000,0.00,ACTIVE,STABLE,0,2026-07-21 04:43:03.367826
1073,,BNBUSDT,2026-07-21 04:42:48.594143,11,52,52,574.30000000,572.04290000,579.94290000,0.60,ACTIVE,STABLE,0,2026-07-21 04:43:03.391376
1074,,XRPUSDT,2026-07-21 04:48:05.473855,12,94,94,1.12280000,1.10870000,1.14090000,0.00,ACTIVE,STABLE,0,2026-07-21 04:48:19.882631
1075,,BNBUSDT,2026-07-21 04:48:05.473855,12,52,52,574.30000000,572.04290000,579.94290000,0.60,ACTIVE,STABLE,0,2026-07-21 04:48:19.897731
1076,,XRPUSDT,2026-07-21 05:51:40.916157,13,100,100,1.12840000,1.13980000,1.09291000,0.00,ACTIVE,IMPROVING,6,2026-07-21 05:51:56.673586
1077,,XRPUSDT,2026-07-21 05:56:58.707329,14,100,100,1.12840000,1.13980000,1.09291000,0.00,ACTIVE,STABLE,0,2026-07-21 05:57:15.012397
1078,,XRPUSDT,2026-07-21 06:02:16.83542,15,92,92,1.12840000,1.14320000,1.09291000,0.00,ACTIVE,DECLINING,-8,2026-07-21 06:02:33.125793
1079,,BTCUSDT,2026-07-21 06:07:34.937113,1,52,52,65559.10000000,65239.63570000,66325.81432000,0.60,ACTIVE,STABLE,0,2026-07-21 06:07:49.623537
1080,,XRPUSDT,2026-07-21 06:07:34.937113,16,94,94,1.12840000,1.14320000,1.09291000,0.00,ACTIVE,IMPROVING,2,2026-07-21 06:07:49.65473
1081,,BTCUSDT,2026-07-21 06:12:51.495859,2,52,52,65559.10000000,65239.63570000,66325.81432000,0.60,ACTIVE,STABLE,0,2026-07-21 06:13:07.0733
1082,,XRPUSDT,2026-07-21 06:12:51.495859,17,94,94,1.12840000,1.14320000,1.09291000,0.00,ACTIVE,STABLE,0,2026-07-21 06:13:07.091003
1083,,BTCUSDT,2026-07-21 06:18:09.04422,3,52,52,65559.10000000,65239.63570000,66325.81432000,0.60,ACTIVE,STABLE,0,2026-07-21 06:18:24.359094
1084,,XRPUSDT,2026-07-21 06:18:09.04422,18,94,94,1.12840000,1.14320000,1.09291000,0.00,ACTIVE,STABLE,0,2026-07-21 06:18:24.387481
1085,,BTCUSDT,2026-07-21 06:23:26.580014,4,52,52,65559.10000000,65239.63570000,66325.81432000,0.60,ACTIVE,STABLE,0,2026-07-21 06:23:45.0819
1086,,XRPUSDT,2026-07-21 06:23:26.580014,19,94,94,1.12840000,1.14320000,1.09291000,0.00,ACTIVE,STABLE,0,2026-07-21 06:23:45.121681
1087,,BTCUSDT,2026-07-21 06:28:47.146575,5,52,52,65559.10000000,65239.63570000,66325.81432000,0.60,ACTIVE,STABLE,0,2026-07-21 06:29:03.793335
1088,,XRPUSDT,2026-07-21 06:28:47.146575,20,94,94,1.12840000,1.14320000,1.09291000,0.00,ACTIVE,STABLE,0,2026-07-21 06:29:03.829847
1089,,BTCUSDT,2026-07-21 06:34:05.451842,6,52,52,65559.10000000,65239.63570000,66325.81432000,0.60,ACTIVE,STABLE,0,2026-07-21 06:34:22.822503
1090,,XRPUSDT,2026-07-21 06:34:05.451842,21,94,94,1.12840000,1.14320000,1.09291000,0.00,ACTIVE,STABLE,0,2026-07-21 06:34:22.844562
1091,,BTCUSDT,2026-07-21 06:39:24.467308,7,52,52,65559.10000000,65239.63570000,66325.81432000,0.60,ACTIVE,STABLE,0,2026-07-21 06:39:41.337298
1092,,XRPUSDT,2026-07-21 06:39:24.467308,22,94,94,1.12840000,1.14320000,1.09291000,0.00,ACTIVE,STABLE,0,2026-07-21 06:39:41.402853
1093,,BTCUSDT,2026-07-21 06:44:43.367993,8,52,52,65559.10000000,65239.63570000,66325.81432000,0.60,ACTIVE,STABLE,0,2026-07-21 06:44:58.086756
1094,,XRPUSDT,2026-07-21 06:44:43.367993,23,94,94,1.12840000,1.14320000,1.09291000,0.00,ACTIVE,STABLE,0,2026-07-21 06:44:58.107681
1095,,BTCUSDT,2026-07-21 06:49:59.696847,9,52,52,65559.10000000,65239.63570000,66325.81432000,0.60,ACTIVE,STABLE,0,2026-07-21 06:50:15.544851
1096,,XRPUSDT,2026-07-21 06:49:59.696847,24,94,94,1.12840000,1.14320000,1.09291000,0.00,ACTIVE,STABLE,0,2026-07-21 06:50:15.558844
1097,,BTCUSDT,2026-07-21 06:55:17.178142,10,52,52,65559.10000000,65239.63570000,66325.81432000,0.60,ACTIVE,STABLE,0,2026-07-21 06:55:33.042906
1098,,XRPUSDT,2026-07-21 06:55:17.178142,25,94,94,1.12840000,1.14320000,1.09291000,0.00,ACTIVE,STABLE,0,2026-07-21 06:55:33.063033
1099,,XRPUSDT,2026-07-21 07:00:34.960499,26,100,100,1.13490000,1.14850000,1.10227000,0.00,ACTIVE,IMPROVING,6,2026-07-21 07:00:49.491242
1100,,XRPUSDT,2026-07-21 07:05:51.090978,27,100,100,1.13490000,1.14850000,1.10227000,0.00,ACTIVE,STABLE,0,2026-07-21 07:06:05.406379
1101,,XRPUSDT,2026-07-21 07:11:07.451793,28,100,100,1.13490000,1.14850000,1.10227000,0.00,ACTIVE,STABLE,0,2026-07-21 07:11:22.347194
1102,,XRPUSDT,2026-07-21 07:16:24.882952,29,100,100,1.13490000,1.14850000,1.10227000,0.00,ACTIVE,STABLE,0,2026-07-21 07:16:40.854484
1103,,XRPUSDT,2026-07-21 07:21:42.695874,30,100,100,1.13490000,1.14850000,1.10227000,0.00,ACTIVE,STABLE,0,2026-07-21 07:21:58.514926
1104,,XRPUSDT,2026-07-21 07:27:00.227853,31,100,100,1.13490000,1.14850000,1.10227000,0.00,ACTIVE,STABLE,0,2026-07-21 07:27:15.248117
1105,,XRPUSDT,2026-07-21 07:32:16.814001,32,100,100,1.13490000,1.14850000,1.10227000,0.00,ACTIVE,STABLE,0,2026-07-21 07:32:32.854489
1106,,XRPUSDT,2026-07-21 07:37:34.784142,33,100,100,1.13490000,1.14850000,1.10227000,0.00,ACTIVE,STABLE,0,2026-07-21 07:37:49.261246
1107,,XRPUSDT,2026-07-21 07:42:51.0683,34,100,100,1.13490000,1.14850000,1.10227000,0.00,ACTIVE,STABLE,0,2026-07-21 07:43:06.882486
1108,,XRPUSDT,2026-07-21 07:48:08.636254,35,100,100,1.13490000,1.14850000,1.10227000,0.00,ACTIVE,STABLE,0,2026-07-21 07:48:24.589156
1109,,XRPUSDT,2026-07-21 07:53:26.561852,36,100,100,1.13490000,1.14850000,1.10227000,0.00,ACTIVE,STABLE,0,2026-07-21 07:53:41.784586
1110,,XRPUSDT,2026-07-21 07:58:44.107844,37,100,100,1.13490000,1.14850000,1.10227000,0.00,ACTIVE,STABLE,0,2026-07-21 07:58:59.070059
1111,,SOLUSDT,2026-07-21 08:04:01.085849,1,78,78,78.59000000,78.02750000,80.27750000,7.50,ACTIVE,STABLE,0,2026-07-21 08:04:14.165053
1112,,XRPUSDT,2026-07-21 08:04:01.085849,38,100,100,1.13460000,1.14840000,1.10145000,0.00,ACTIVE,STABLE,0,2026-07-21 08:04:14.191835
1113,,BNBUSDT,2026-07-21 08:04:01.085849,1,57,57,576.40000000,578.21430000,571.86430000,0.60,ACTIVE,STABLE,0,2026-07-21 08:04:14.239169
1114,,SOLUSDT,2026-07-21 08:09:15.991662,2,76,76,78.59000000,78.02750000,80.27750000,7.50,ACTIVE,DECLINING,-2,2026-07-21 08:09:29.200751
1115,,XRPUSDT,2026-07-21 08:09:15.991662,39,100,100,1.13460000,1.14840000,1.10145000,0.00,ACTIVE,STABLE,0,2026-07-21 08:09:29.216684
1116,,BNBUSDT,2026-07-21 08:09:15.991662,2,57,57,576.40000000,578.21430000,571.86430000,0.60,ACTIVE,STABLE,0,2026-07-21 08:09:29.233733
1117,,SOLUSDT,2026-07-21 08:14:31.278794,3,76,76,78.59000000,78.02750000,80.27750000,7.50,ACTIVE,STABLE,0,2026-07-21 08:14:44.526582
1118,,XRPUSDT,2026-07-21 08:14:31.278794,40,100,100,1.13460000,1.14840000,1.10145000,0.00,ACTIVE,STABLE,0,2026-07-21 08:14:44.546304
1119,,BNBUSDT,2026-07-21 08:14:31.278794,3,57,57,576.40000000,578.21430000,571.86430000,0.60,ACTIVE,STABLE,0,2026-07-21 08:14:44.562434
1120,,SOLUSDT,2026-07-21 08:19:46.481321,4,81,81,78.59000000,78.02750000,80.27750000,12.50,ACTIVE,IMPROVING,5,2026-07-21 08:20:00.129594
1121,,XRPUSDT,2026-07-21 08:19:46.481321,41,100,100,1.13460000,1.14840000,1.10145000,0.00,ACTIVE,STABLE,0,2026-07-21 08:20:00.154068
1122,,BNBUSDT,2026-07-21 08:19:46.481321,4,57,57,576.40000000,578.21430000,571.86430000,0.60,ACTIVE,STABLE,0,2026-07-21 08:20:00.172256
1123,,SOLUSDT,2026-07-21 08:25:01.92886,5,81,81,78.59000000,78.02750000,80.27750000,12.50,ACTIVE,STABLE,0,2026-07-21 08:25:15.431429
1124,,XRPUSDT,2026-07-21 08:25:01.92886,42,100,100,1.13460000,1.14840000,1.10145000,0.00,ACTIVE,STABLE,0,2026-07-21 08:25:15.460098
1125,,BNBUSDT,2026-07-21 08:25:01.92886,5,57,57,576.40000000,578.21430000,571.86430000,0.60,ACTIVE,STABLE,0,2026-07-21 08:25:15.478186
1126,,SOLUSDT,2026-07-21 08:30:22.151037,6,81,81,78.59000000,78.02750000,80.27750000,12.50,ACTIVE,STABLE,0,2026-07-21 08:30:35.736369
1127,,XRPUSDT,2026-07-21 08:30:22.151037,43,100,100,1.13460000,1.14840000,1.10145000,0.00,ACTIVE,STABLE,0,2026-07-21 08:30:35.751852
1128,,BNBUSDT,2026-07-21 08:30:22.151037,6,57,57,576.40000000,578.21430000,571.86430000,0.60,ACTIVE,STABLE,0,2026-07-21 08:30:35.775246
1129,,SOLUSDT,2026-07-21 08:35:37.541724,7,81,81,78.59000000,78.02750000,80.27750000,12.50,ACTIVE,STABLE,0,2026-07-21 08:35:51.705854
1130,,XRPUSDT,2026-07-21 08:35:37.541724,44,100,100,1.13460000,1.14840000,1.10145000,0.00,ACTIVE,STABLE,0,2026-07-21 08:35:51.738991
1131,,BNBUSDT,2026-07-21 08:35:37.541724,7,57,57,576.40000000,578.21430000,571.86430000,0.60,ACTIVE,STABLE,0,2026-07-21 08:35:51.768017
1132,,SOLUSDT,2026-07-21 08:40:53.674126,8,81,81,78.59000000,78.02750000,80.27750000,12.50,ACTIVE,STABLE,0,2026-07-21 08:41:07.368376
1133,,XRPUSDT,2026-07-21 08:40:53.674126,45,100,100,1.13460000,1.14840000,1.10145000,0.00,ACTIVE,STABLE,0,2026-07-21 08:41:07.391161
1134,,BNBUSDT,2026-07-21 08:40:53.674126,8,57,57,576.40000000,578.21430000,571.86430000,0.60,ACTIVE,STABLE,0,2026-07-21 08:41:07.411856
1135,,SOLUSDT,2026-07-21 08:46:09.25928,9,81,81,78.59000000,78.02750000,80.27750000,12.50,ACTIVE,STABLE,0,2026-07-21 08:46:21.208707
1136,,XRPUSDT,2026-07-21 08:46:09.25928,46,100,100,1.13460000,1.14840000,1.10145000,0.00,ACTIVE,STABLE,0,2026-07-21 08:46:21.229227
1137,,BNBUSDT,2026-07-21 08:46:09.25928,9,57,57,576.40000000,578.21430000,571.86430000,0.60,ACTIVE,STABLE,0,2026-07-21 08:46:21.24932
1138,,SOLUSDT,2026-07-21 08:51:23.532839,10,81,81,78.59000000,78.02750000,80.27750000,12.50,ACTIVE,STABLE,0,2026-07-21 08:51:37.318124
1139,,XRPUSDT,2026-07-21 08:51:23.532839,47,100,100,1.13460000,1.14840000,1.10145000,0.00,ACTIVE,STABLE,0,2026-07-21 08:51:37.331826
1140,,BNBUSDT,2026-07-21 08:51:23.532839,10,57,57,576.40000000,578.21430000,571.86430000,0.60,ACTIVE,STABLE,0,2026-07-21 08:51:37.345942
1141,,SOLUSDT,2026-07-21 08:56:39.53605,11,81,81,78.59000000,78.02750000,80.27750000,12.50,ACTIVE,STABLE,0,2026-07-21 08:56:52.675675
1142,,XRPUSDT,2026-07-21 08:56:39.53605,48,100,100,1.13460000,1.14840000,1.10145000,0.00,ACTIVE,STABLE,0,2026-07-21 08:56:52.693276
1143,,BNBUSDT,2026-07-21 08:56:39.53605,11,57,57,576.40000000,578.21430000,571.86430000,0.60,ACTIVE,STABLE,0,2026-07-21 08:56:52.712061
1144,,SOLUSDT,2026-07-21 09:01:54.423621,12,81,81,78.59000000,78.02750000,80.27750000,12.50,ACTIVE,STABLE,0,2026-07-21 09:02:08.54015
1145,,XRPUSDT,2026-07-21 09:01:54.423621,49,100,100,1.13460000,1.14840000,1.10145000,0.00,ACTIVE,STABLE,0,2026-07-21 09:02:08.558093
1146,,BNBUSDT,2026-07-21 09:01:54.423621,12,57,57,576.40000000,578.21430000,571.86430000,0.60,ACTIVE,STABLE,0,2026-07-21 09:02:08.575666
1147,,XRPUSDT,2026-07-21 09:22:53.430652,50,85,85,1.13290000,1.14180000,1.11160000,0.00,ACTIVE,DECLINING,-15,2026-07-21 09:23:06.684172
1148,,XRPUSDT,2026-07-21 09:28:08.579943,51,85,85,1.13290000,1.14180000,1.11160000,0.00,ACTIVE,STABLE,0,2026-07-21 09:28:23.021219
1149,,XRPUSDT,2026-07-21 09:33:25.283029,52,85,85,1.13290000,1.14180000,1.11160000,0.00,ACTIVE,STABLE,0,2026-07-21 09:33:38.401043
1150,,XRPUSDT,2026-07-21 09:38:40.558988,53,85,85,1.13290000,1.14180000,1.11160000,0.00,ACTIVE,STABLE,0,2026-07-21 09:38:55.083465
1151,,XRPUSDT,2026-07-21 09:43:56.988271,54,85,85,1.13290000,1.14180000,1.11160000,0.00,ACTIVE,STABLE,0,2026-07-21 09:44:10.119276
1152,,XRPUSDT,2026-07-21 09:49:11.869849,55,85,85,1.13290000,1.14180000,1.11160000,0.00,ACTIVE,STABLE,0,2026-07-21 09:49:24.446552
1153,,XRPUSDT,2026-07-21 09:54:26.221138,56,85,85,1.13290000,1.14180000,1.11160000,0.00,ACTIVE,STABLE,0,2026-07-21 09:54:39.45672
1154,,XRPUSDT,2026-07-21 09:59:41.374853,57,85,85,1.13290000,1.14180000,1.11160000,0.00,ACTIVE,STABLE,0,2026-07-21 09:59:54.278033
1155,,XRPUSDT,2026-07-21 10:04:56.192855,58,85,85,1.13290000,1.14180000,1.11160000,0.00,ACTIVE,STABLE,0,2026-07-21 10:05:11.342041
1156,,BTCUSDT,2026-07-21 10:10:13.119866,1,66,66,66307.00000000,65947.07140000,67386.78570000,2.10,ACTIVE,STABLE,0,2026-07-21 10:10:34.14208
1157,,BNBUSDT,2026-07-21 10:10:13.119866,13,78,78,579.20000000,581.34290000,572.23577000,22.50,ACTIVE,IMPROVING,21,2026-07-21 10:10:34.164066
1158,,BTCUSDT,2026-07-21 10:15:36.347868,2,66,66,66307.00000000,65947.07140000,67386.78570000,2.10,TRADING,STABLE,0,2026-07-21 10:15:54.475234
1159,,BNBUSDT,2026-07-21 10:15:36.347868,14,79,79,579.20000000,581.34290000,572.23577000,22.50,ACTIVE,IMPROVING,1,2026-07-21 10:15:54.494016
1160,,BTCUSDT,2026-07-21 10:20:56.343522,3,61,61,66307.00000000,65947.07140000,67386.78570000,0.60,TRADING,DECLINING,-5,2026-07-21 10:21:13.944854
1161,,BNBUSDT,2026-07-21 10:20:56.343522,15,79,79,579.20000000,581.34290000,572.23577000,22.50,ACTIVE,STABLE,0,2026-07-21 10:21:14.014408
1162,,BTCUSDT,2026-07-21 10:26:16.361252,4,69,69,66307.00000000,65947.07140000,67386.78570000,2.10,TRADING,IMPROVING,8,2026-07-21 10:26:33.383691
1163,,BNBUSDT,2026-07-21 10:26:16.361252,16,79,79,579.20000000,581.34290000,572.23577000,22.50,ACTIVE,STABLE,0,2026-07-21 10:26:33.401865
1164,,BTCUSDT,2026-07-21 10:36:35.871229,5,69,69,66307.00000000,65947.07140000,67386.78570000,2.10,TRADING,STABLE,0,2026-07-21 10:36:50.305964
1165,,BNBUSDT,2026-07-21 10:36:35.871229,17,79,79,579.20000000,581.34290000,572.23577000,22.50,ACTIVE,STABLE,0,2026-07-21 10:36:50.355133
1166,,BTCUSDT,2026-07-21 10:41:52.889163,6,69,69,66307.00000000,65947.07140000,67386.78570000,2.10,TRADING,STABLE,0,2026-07-21 10:42:07.206523
1167,,BNBUSDT,2026-07-21 10:41:52.889163,18,79,79,579.20000000,581.34290000,572.23577000,22.50,ACTIVE,STABLE,0,2026-07-21 10:42:07.22934
1168,,BTCUSDT,2026-07-21 10:47:09.607382,7,69,69,66307.00000000,65947.07140000,67386.78570000,2.10,TRADING,STABLE,0,2026-07-21 10:47:23.19284
1169,,BNBUSDT,2026-07-21 10:47:09.607382,19,79,79,579.20000000,581.34290000,572.23577000,22.50,ACTIVE,STABLE,0,2026-07-21 10:47:23.211872
1170,,BTCUSDT,2026-07-21 10:52:25.197826,8,69,69,66307.00000000,65947.07140000,67386.78570000,2.10,TRADING,STABLE,0,2026-07-21 10:52:40.857139
1171,,BNBUSDT,2026-07-21 10:52:25.197826,20,79,79,579.20000000,581.34290000,572.23577000,22.50,ACTIVE,STABLE,0,2026-07-21 10:52:40.872198
1172,,BTCUSDT,2026-07-21 10:57:42.637636,9,69,69,66307.00000000,65947.07140000,67386.78570000,2.10,TRADING,STABLE,0,2026-07-21 10:57:56.650166
1173,,BNBUSDT,2026-07-21 10:57:42.637636,21,79,79,579.20000000,581.34290000,572.23577000,22.50,ACTIVE,STABLE,0,2026-07-21 10:57:56.680336
1174,,BTCUSDT,2026-07-21 11:02:58.907235,10,69,69,66307.00000000,65947.07140000,67386.78570000,2.10,TRADING,STABLE,0,2026-07-21 11:03:12.651185
1175,,BNBUSDT,2026-07-21 11:02:58.907235,22,79,79,579.20000000,581.34290000,572.23577000,22.50,ACTIVE,STABLE,0,2026-07-21 11:03:12.670987
1176,,BTCUSDT,2026-07-21 11:08:14.640594,11,69,69,66307.00000000,65947.07140000,67386.78570000,2.10,TRADING,STABLE,0,2026-07-21 11:08:27.928635
1177,,BNBUSDT,2026-07-21 11:08:14.640594,23,79,79,579.20000000,581.34290000,572.23577000,22.50,ACTIVE,STABLE,0,2026-07-21 11:08:27.944409
1178,,BTCUSDT,2026-07-21 11:13:29.775318,12,69,69,66307.00000000,65947.07140000,67386.78570000,2.10,TRADING,STABLE,0,2026-07-21 11:13:43.12717
1179,,BNBUSDT,2026-07-21 11:13:29.775318,24,79,79,579.20000000,581.34290000,572.23577000,22.50,ACTIVE,STABLE,0,2026-07-21 11:13:43.147636
1180,,ETHUSDT,2026-07-21 11:18:44.931714,1,55,55,1931.31000000,1916.66640000,1965.10290000,0.60,ACTIVE,STABLE,0,2026-07-21 11:18:57.308898
1181,,XRPUSDT,2026-07-21 11:18:44.931714,59,85,85,1.12950000,1.13620000,1.11662000,0.00,ACTIVE,STABLE,0,2026-07-21 11:18:57.328349
1182,,ETHUSDT,2026-07-21 11:23:59.989186,2,57,57,1931.31000000,1916.66640000,1965.10290000,0.60,ACTIVE,IMPROVING,2,2026-07-21 11:24:12.522768
1183,,XRPUSDT,2026-07-21 11:23:59.989186,60,85,85,1.12950000,1.13620000,1.11662000,0.00,ACTIVE,STABLE,0,2026-07-21 11:24:12.545692
1184,,ETHUSDT,2026-07-21 11:29:14.331066,3,57,57,1931.31000000,1916.66640000,1965.10290000,0.60,ACTIVE,STABLE,0,2026-07-21 11:29:27.389944
1185,,XRPUSDT,2026-07-21 11:29:14.331066,61,85,85,1.12950000,1.13620000,1.11662000,0.00,ACTIVE,STABLE,0,2026-07-21 11:29:27.408369
1186,,ETHUSDT,2026-07-21 11:34:29.60114,4,63,63,1931.31000000,1916.66640000,1965.10290000,0.60,ACTIVE,IMPROVING,6,2026-07-21 11:34:41.646674
1187,,XRPUSDT,2026-07-21 11:34:29.60114,62,85,85,1.12950000,1.13620000,1.11662000,0.00,ACTIVE,STABLE,0,2026-07-21 11:34:41.66221
1188,,ETHUSDT,2026-07-21 11:39:43.750848,5,63,63,1931.31000000,1916.66640000,1965.10290000,0.60,ACTIVE,STABLE,0,2026-07-21 11:39:59.627184
1189,,XRPUSDT,2026-07-21 11:39:43.750848,63,85,85,1.12950000,1.13620000,1.11662000,0.00,ACTIVE,STABLE,0,2026-07-21 11:39:59.652874
1190,,ETHUSDT,2026-07-21 11:45:01.400719,6,63,63,1931.31000000,1916.66640000,1965.10290000,0.60,ACTIVE,STABLE,0,2026-07-21 11:45:17.988049
1191,,XRPUSDT,2026-07-21 11:45:01.400719,64,85,85,1.12950000,1.13620000,1.11662000,0.00,ACTIVE,STABLE,0,2026-07-21 11:45:18.014046
1192,,ETHUSDT,2026-07-21 11:50:19.797777,7,63,63,1931.31000000,1916.66640000,1965.10290000,0.60,ACTIVE,STABLE,0,2026-07-21 11:50:35.761688
1193,,XRPUSDT,2026-07-21 11:50:19.797777,65,85,85,1.12950000,1.13620000,1.11662000,0.00,ACTIVE,STABLE,0,2026-07-21 11:50:35.790792
1194,,ETHUSDT,2026-07-21 11:55:37.692212,8,63,63,1931.31000000,1916.66640000,1965.10290000,0.60,ACTIVE,STABLE,0,2026-07-21 11:55:51.760089
1195,,XRPUSDT,2026-07-21 11:55:37.692212,66,85,85,1.12950000,1.13620000,1.11662000,0.00,ACTIVE,STABLE,0,2026-07-21 11:55:51.793054
1196,,ETHUSDT,2026-07-21 12:00:53.784429,9,63,63,1931.31000000,1916.66640000,1965.10290000,0.60,ACTIVE,STABLE,0,2026-07-21 12:01:09.906164
1197,,XRPUSDT,2026-07-21 12:00:53.784429,67,85,85,1.12950000,1.13620000,1.11662000,0.00,ACTIVE,STABLE,0,2026-07-21 12:01:09.938582
1198,,ETHUSDT,2026-07-21 12:06:11.928446,10,63,63,1931.31000000,1916.66640000,1965.10290000,0.60,ACTIVE,STABLE,0,2026-07-21 12:06:27.132047
1199,,XRPUSDT,2026-07-21 12:06:11.928446,68,85,85,1.12950000,1.13620000,1.11662000,0.00,ACTIVE,STABLE,0,2026-07-21 12:06:27.179731
1200,,ETHUSDT,2026-07-21 12:11:29.010132,11,63,63,1931.31000000,1916.66640000,1965.10290000,0.60,ACTIVE,STABLE,0,2026-07-21 12:11:45.747761
1201,,XRPUSDT,2026-07-21 12:11:29.010132,69,85,85,1.12950000,1.13620000,1.11662000,0.00,ACTIVE,STABLE,0,2026-07-21 12:11:45.766645
1202,,BTCUSDT,2026-07-21 12:16:47.912735,13,67,67,66318.60000000,66034.72500000,66999.90000000,2.10,TRADING,DECLINING,-2,2026-07-21 12:17:03.487079
1203,,ETHUSDT,2026-07-21 12:16:47.912735,12,63,63,1935.61000000,1923.29710000,1958.34144000,0.60,ACTIVE,STABLE,0,2026-07-21 12:17:03.508142
1204,,XRPUSDT,2026-07-21 12:16:47.912735,70,52,52,1.13560000,1.14030000,1.12880000,1.80,EXPIRED,DECLINING,-33,2026-07-21 12:17:03.524728
1205,,BTCUSDT,2026-07-21 12:22:05.778349,14,59,59,66318.60000000,66034.72500000,66999.90000000,0.60,EXPIRED,DECLINING,-8,2026-07-21 12:22:24.759538
1206,,ETHUSDT,2026-07-21 12:22:05.778349,13,57,57,1935.61000000,1923.29710000,1958.34144000,0.60,ACTIVE,DECLINING,-6,2026-07-21 12:22:24.787671
1207,,BTCUSDT,2026-07-21 12:27:27.138282,15,59,59,66318.60000000,66034.72500000,66999.90000000,0.60,EXPIRED,STABLE,0,2026-07-21 12:27:42.998563
1208,,ETHUSDT,2026-07-21 12:27:27.138282,14,57,57,1935.61000000,1923.29710000,1958.34144000,0.60,ACTIVE,STABLE,0,2026-07-21 12:27:43.019493
1209,,BTCUSDT,2026-07-21 12:32:45.01633,16,59,59,66318.60000000,66034.72500000,66999.90000000,0.60,EXPIRED,STABLE,0,2026-07-21 12:33:00.247272
1210,,ETHUSDT,2026-07-21 12:32:45.01633,15,57,57,1935.61000000,1923.29710000,1958.34144000,0.60,ACTIVE,STABLE,0,2026-07-21 12:33:00.285078
1211,,BTCUSDT,2026-07-21 12:38:02.965841,17,55,55,66386.10000000,66102.88570000,67065.81432000,0.60,EXPIRED,DECLINING,-4,2026-07-21 12:38:19.051439
1212,,BTCUSDT,2026-07-21 12:43:21.590125,18,57,57,66386.10000000,66102.88570000,67065.81432000,0.60,ACTIVE,IMPROVING,2,2026-07-21 12:43:38.26382
1213,,BTCUSDT,2026-07-21 12:48:40.277847,19,57,57,66386.10000000,66102.88570000,67065.81432000,0.60,ACTIVE,STABLE,0,2026-07-21 12:48:55.771865
1214,,BTCUSDT,2026-07-21 12:53:57.742847,20,57,57,66386.10000000,66102.88570000,67065.81432000,0.60,ACTIVE,STABLE,0,2026-07-21 12:54:13.094886
1215,,BTCUSDT,2026-07-21 12:59:15.185449,21,57,57,66386.10000000,66102.88570000,67065.81432000,0.60,ACTIVE,STABLE,0,2026-07-21 12:59:30.448475
1216,,BTCUSDT,2026-07-21 13:04:32.425695,22,57,57,66386.10000000,66102.88570000,67065.81432000,0.60,ACTIVE,STABLE,0,2026-07-21 13:04:52.128927
1217,,BTCUSDT,2026-07-21 13:09:54.713268,23,57,57,66386.10000000,66102.88570000,67065.81432000,0.60,ACTIVE,STABLE,0,2026-07-21 13:10:29.289519
