id,run_time,signal_id,symbol,dqs,gate_reached,gate_passed,gate_reason,final_action,created_at,checksum
265704,2026-07-21 14:34:39.596002+00,45,XRPUSDT,63,GATE_1_EXPIRED,f,Signal already expired,SKIPPED,2026-07-21 14:34:39.596002+00,
265703,2026-07-21 14:34:39.591227+00,46,ETHUSDT,68,GATE_1_EXPIRED,f,Signal already expired,SKIPPED,2026-07-21 14:34:39.591227+00,
265702,2026-07-21 14:34:39.584005+00,47,SOLUSDT,78,GATE_1_EXPIRED,f,Signal already expired,SKIPPED,2026-07-21 14:34:39.584005+00,
265701,2026-07-21 14:34:39.575275+00,49,SOLUSDT,65,GATE_1_EXPIRED,f,Signal already expired,SKIPPED,2026-07-21 14:34:39.575275+00,
265700,2026-07-21 14:34:39.568884+00,50,BTCUSDT,66,GATE_1_EXPIRED,f,Signal already expired,SKIPPED,2026-07-21 14:34:39.568884+00,
265699,2026-07-21 14:34:39.557989+00,51,ETHUSDT,63,GATE_1_EXPIRED,f,Signal already expired,SKIPPED,2026-07-21 14:34:39.557989+00,
265698,2026-07-21 14:34:24.605789+00,45,XRPUSDT,63,GATE_1_EXPIRED,f,Signal already expired,SKIPPED,2026-07-21 14:34:24.605789+00,
265697,2026-07-21 14:34:24.598196+00,46,ETHUSDT,68,GATE_1_EXPIRED,f,Signal already expired,SKIPPED,2026-07-21 14:34:24.598196+00,
265696,2026-07-21 14:34:24.591208+00,47,SOLUSDT,78,GATE_1_EXPIRED,f,Signal already expired,SKIPPED,2026-07-21 14:34:24.591208+00,
265695,2026-07-21 14:34:24.583818+00,49,SOLUSDT,65,GATE_1_EXPIRED,f,Signal already expired,SKIPPED,2026-07-21 14:34:24.583818+00,
265694,2026-07-21 14:34:24.578334+00,50,BTCUSDT,66,GATE_1_EXPIRED,f,Signal already expired,SKIPPED,2026-07-21 14:34:24.578334+00,
265693,2026-07-21 14:34:24.565969+00,51,ETHUSDT,63,GATE_1_EXPIRED,f,Signal already expired,SKIPPED,2026-07-21 14:34:24.565969+00,
265692,2026-07-21 14:34:09.579682+00,45,XRPUSDT,63,GATE_1_EXPIRED,f,Signal already expired,SKIPPED,2026-07-21 14:34:09.579682+00,
265691,2026-07-21 14:34:09.575437+00,46,ETHUSDT,68,GATE_1_EXPIRED,f,Signal already expired,SKIPPED,2026-07-21 14:34:09.575437+00,
265690,2026-07-21 14:34:09.567404+00,47,SOLUSDT,78,GATE_1_EXPIRED,f,Signal already expired,SKIPPED,2026-07-21 14:34:09.567404+00,
265689,2026-07-21 14:34:09.562257+00,49,SOLUSDT,65,GATE_1_EXPIRED,f,Signal already expired,SKIPPED,2026-07-21 14:34:09.562257+00,
265688,2026-07-21 14:34:09.553989+00,50,BTCUSDT,66,GATE_1_EXPIRED,f,Signal already expired,SKIPPED,2026-07-21 14:34:09.553989+00,
265687,2026-07-21 14:34:09.547519+00,51,ETHUSDT,63,GATE_1_EXPIRED,f,Signal already expired,SKIPPED,2026-07-21 14:34:09.547519+00,
265686,2026-07-21 14:33:54.563899+00,45,XRPUSDT,63,GATE_1_EXPIRED,f,Signal already expired,SKIPPED,2026-07-21 14:33:54.563899+00,
265685,2026-07-21 14:33:54.556086+00,46,ETHUSDT,68,GATE_1_EXPIRED,f,Signal already expired,SKIPPED,2026-07-21 14:33:54.556086+00,
265684,2026-07-21 14:33:54.549192+00,47,SOLUSDT,78,GATE_1_EXPIRED,f,Signal already expired,SKIPPED,2026-07-21 14:33:54.549192+00,
265683,2026-07-21 14:33:54.537574+00,49,SOLUSDT,65,GATE_1_EXPIRED,f,Signal already expired,SKIPPED,2026-07-21 14:33:54.537574+00,
265682,2026-07-21 14:33:54.532781+00,50,BTCUSDT,66,GATE_1_EXPIRED,f,Signal already expired,SKIPPED,2026-07-21 14:33:54.532781+00,
265681,2026-07-21 14:33:54.523769+00,51,ETHUSDT,63,GATE_1_EXPIRED,f,Signal already expired,SKIPPED,2026-07-21 14:33:54.523769+00,
265680,2026-07-21 14:33:39.552903+00,45,XRPUSDT,63,GATE_1_EXPIRED,f,Signal already expired,SKIPPED,2026-07-21 14:33:39.552903+00,
265679,2026-07-21 14:33:39.544041+00,46,ETHUSDT,68,GATE_1_EXPIRED,f,Signal already expired,SKIPPED,2026-07-21 14:33:39.544041+00,
265678,2026-07-21 14:33:39.540839+00,47,SOLUSDT,78,GATE_1_EXPIRED,f,Signal already expired,SKIPPED,2026-07-21 14:33:39.540839+00,
265677,2026-07-21 14:33:39.534971+00,49,SOLUSDT,65,GATE_1_EXPIRED,f,Signal already expired,SKIPPED,2026-07-21 14:33:39.534971+00,
265676,2026-07-21 14:33:39.530043+00,50,BTCUSDT,66,GATE_1_EXPIRED,f,Signal already expired,SKIPPED,2026-07-21 14:33:39.530043+00,
265675,2026-07-21 14:33:39.525291+00,51,ETHUSDT,63,GATE_1_EXPIRED,f,Signal already expired,SKIPPED,2026-07-21 14:33:39.525291+00,
265674,2026-07-21 14:33:24.641174+00,45,XRPUSDT,63,GATE_1_EXPIRED,f,Signal already expired,SKIPPED,2026-07-21 14:33:24.641174+00,
265673,2026-07-21 14:33:24.632456+00,46,ETHUSDT,68,GATE_1_EXPIRED,f,Signal already expired,SKIPPED,2026-07-21 14:33:24.632456+00,
265672,2026-07-21 14:33:24.628153+00,47,SOLUSDT,78,GATE_1_EXPIRED,f,Signal already expired,SKIPPED,2026-07-21 14:33:24.628153+00,
265671,2026-07-21 14:33:24.620194+00,49,SOLUSDT,65,GATE_1_EXPIRED,f,Signal already expired,SKIPPED,2026-07-21 14:33:24.620194+00,
265670,2026-07-21 14:33:24.611205+00,50,BTCUSDT,66,GATE_1_EXPIRED,f,Signal already expired,SKIPPED,2026-07-21 14:33:24.611205+00,
265669,2026-07-21 14:33:24.595473+00,51,ETHUSDT,63,GATE_1_EXPIRED,f,Signal already expired,SKIPPED,2026-07-21 14:33:24.595473+00,
265668,2026-07-21 14:33:09.601638+00,45,XRPUSDT,63,GATE_1_EXPIRED,f,Signal already expired,SKIPPED,2026-07-21 14:33:09.601638+00,
265667,2026-07-21 14:33:09.591536+00,46,ETHUSDT,68,GATE_1_EXPIRED,f,Signal already expired,SKIPPED,2026-07-21 14:33:09.591536+00,
265666,2026-07-21 14:33:09.585063+00,47,SOLUSDT,78,GATE_1_EXPIRED,f,Signal already expired,SKIPPED,2026-07-21 14:33:09.585063+00,
265665,2026-07-21 14:33:09.579738+00,49,SOLUSDT,65,GATE_1_EXPIRED,f,Signal already expired,SKIPPED,2026-07-21 14:33:09.579738+00,
265664,2026-07-21 14:33:09.571298+00,50,BTCUSDT,66,GATE_1_EXPIRED,f,Signal already expired,SKIPPED,2026-07-21 14:33:09.571298+00,
265663,2026-07-21 14:33:09.559274+00,51,ETHUSDT,63,GATE_1_EXPIRED,f,Signal already expired,SKIPPED,2026-07-21 14:33:09.559274+00,
265662,2026-07-21 14:32:54.499391+00,45,XRPUSDT,63,GATE_1_EXPIRED,f,Signal already expired,SKIPPED,2026-07-21 14:32:54.499391+00,
265661,2026-07-21 14:32:54.495093+00,46,ETHUSDT,68,GATE_1_EXPIRED,f,Signal already expired,SKIPPED,2026-07-21 14:32:54.495093+00,
265660,2026-07-21 14:32:54.490685+00,47,SOLUSDT,78,GATE_1_EXPIRED,f,Signal already expired,SKIPPED,2026-07-21 14:32:54.490685+00,
265659,2026-07-21 14:32:54.485464+00,49,SOLUSDT,65,GATE_1_EXPIRED,f,Signal already expired,SKIPPED,2026-07-21 14:32:54.485464+00,
265658,2026-07-21 14:32:54.47756+00,50,BTCUSDT,66,GATE_1_EXPIRED,f,Signal already expired,SKIPPED,2026-07-21 14:32:54.47756+00,
265657,2026-07-21 14:32:54.469861+00,51,ETHUSDT,63,GATE_1_EXPIRED,f,Signal already expired,SKIPPED,2026-07-21 14:32:54.469861+00,
265656,2026-07-21 14:32:39.551988+00,45,XRPUSDT,63,GATE_1_EXPIRED,f,Signal already expired,SKIPPED,2026-07-21 14:32:39.551988+00,
265655,2026-07-21 14:32:39.545766+00,46,ETHUSDT,68,GATE_1_EXPIRED,f,Signal already expired,SKIPPED,2026-07-21 14:32:39.545766+00,
265654,2026-07-21 14:32:39.538522+00,47,SOLUSDT,78,GATE_1_EXPIRED,f,Signal already expired,SKIPPED,2026-07-21 14:32:39.538522+00,
265653,2026-07-21 14:32:39.529472+00,49,SOLUSDT,65,GATE_1_EXPIRED,f,Signal already expired,SKIPPED,2026-07-21 14:32:39.529472+00,
265652,2026-07-21 14:32:39.521275+00,50,BTCUSDT,66,GATE_1_EXPIRED,f,Signal already expired,SKIPPED,2026-07-21 14:32:39.521275+00,
265651,2026-07-21 14:32:39.51424+00,51,ETHUSDT,63,GATE_1_EXPIRED,f,Signal already expired,SKIPPED,2026-07-21 14:32:39.51424+00,
265650,2026-07-21 14:32:24.487496+00,45,XRPUSDT,63,GATE_1_EXPIRED,f,Signal already expired,SKIPPED,2026-07-21 14:32:24.487496+00,
265649,2026-07-21 14:32:24.482448+00,46,ETHUSDT,68,GATE_1_EXPIRED,f,Signal already expired,SKIPPED,2026-07-21 14:32:24.482448+00,
265648,2026-07-21 14:32:24.478467+00,47,SOLUSDT,78,GATE_1_EXPIRED,f,Signal already expired,SKIPPED,2026-07-21 14:32:24.478467+00,
265647,2026-07-21 14:32:24.474411+00,49,SOLUSDT,65,GATE_1_EXPIRED,f,Signal already expired,SKIPPED,2026-07-21 14:32:24.474411+00,
265646,2026-07-21 14:32:24.469187+00,50,BTCUSDT,66,GATE_1_EXPIRED,f,Signal already expired,SKIPPED,2026-07-21 14:32:24.469187+00,
265645,2026-07-21 14:32:24.463412+00,51,ETHUSDT,63,GATE_1_EXPIRED,f,Signal already expired,SKIPPED,2026-07-21 14:32:24.463412+00,
265644,2026-07-21 14:32:09.543575+00,45,XRPUSDT,63,GATE_1_EXPIRED,f,Signal already expired,SKIPPED,2026-07-21 14:32:09.543575+00,
265643,2026-07-21 14:32:09.537195+00,46,ETHUSDT,68,GATE_1_EXPIRED,f,Signal already expired,SKIPPED,2026-07-21 14:32:09.537195+00,
265642,2026-07-21 14:32:09.531096+00,47,SOLUSDT,78,GATE_1_EXPIRED,f,Signal already expired,SKIPPED,2026-07-21 14:32:09.531096+00,
265641,2026-07-21 14:32:09.52599+00,49,SOLUSDT,65,GATE_1_EXPIRED,f,Signal already expired,SKIPPED,2026-07-21 14:32:09.52599+00,
265640,2026-07-21 14:32:09.519127+00,50,BTCUSDT,66,GATE_1_EXPIRED,f,Signal already expired,SKIPPED,2026-07-21 14:32:09.519127+00,
265639,2026-07-21 14:32:09.512781+00,51,ETHUSDT,63,GATE_1_EXPIRED,f,Signal already expired,SKIPPED,2026-07-21 14:32:09.512781+00,
265638,2026-07-21 14:31:54.638194+00,45,XRPUSDT,63,GATE_1_EXPIRED,f,Signal already expired,SKIPPED,2026-07-21 14:31:54.638194+00,
265637,2026-07-21 14:31:54.631073+00,46,ETHUSDT,68,GATE_1_EXPIRED,f,Signal already expired,SKIPPED,2026-07-21 14:31:54.631073+00,
265636,2026-07-21 14:31:54.621785+00,47,SOLUSDT,78,GATE_1_EXPIRED,f,Signal already expired,SKIPPED,2026-07-21 14:31:54.621785+00,
265635,2026-07-21 14:31:54.610983+00,49,SOLUSDT,65,GATE_1_EXPIRED,f,Signal already expired,SKIPPED,2026-07-21 14:31:54.610983+00,
265634,2026-07-21 14:31:54.602086+00,50,BTCUSDT,66,GATE_1_EXPIRED,f,Signal already expired,SKIPPED,2026-07-21 14:31:54.602086+00,
265633,2026-07-21 14:31:54.596846+00,51,ETHUSDT,63,GATE_1_EXPIRED,f,Signal already expired,SKIPPED,2026-07-21 14:31:54.596846+00,
265632,2026-07-21 14:31:39.543849+00,45,XRPUSDT,63,GATE_1_EXPIRED,f,Signal already expired,SKIPPED,2026-07-21 14:31:39.543849+00,
265631,2026-07-21 14:31:39.537131+00,46,ETHUSDT,68,GATE_1_EXPIRED,f,Signal already expired,SKIPPED,2026-07-21 14:31:39.537131+00,
265630,2026-07-21 14:31:39.527358+00,47,SOLUSDT,78,GATE_1_EXPIRED,f,Signal already expired,SKIPPED,2026-07-21 14:31:39.527358+00,
265629,2026-07-21 14:31:39.516898+00,49,SOLUSDT,65,GATE_1_EXPIRED,f,Signal already expired,SKIPPED,2026-07-21 14:31:39.516898+00,
265628,2026-07-21 14:31:39.510892+00,50,BTCUSDT,66,GATE_1_EXPIRED,f,Signal already expired,SKIPPED,2026-07-21 14:31:39.510892+00,
265627,2026-07-21 14:31:39.503937+00,51,ETHUSDT,63,GATE_1_EXPIRED,f,Signal already expired,SKIPPED,2026-07-21 14:31:39.503937+00,
265626,2026-07-21 14:31:24.535275+00,45,XRPUSDT,63,GATE_1_EXPIRED,f,Signal already expired,SKIPPED,2026-07-21 14:31:24.535275+00,
265625,2026-07-21 14:31:24.521189+00,46,ETHUSDT,68,GATE_1_EXPIRED,f,Signal already expired,SKIPPED,2026-07-21 14:31:24.521189+00,
265624,2026-07-21 14:31:24.516247+00,47,SOLUSDT,78,GATE_1_EXPIRED,f,Signal already expired,SKIPPED,2026-07-21 14:31:24.516247+00,
265623,2026-07-21 14:31:24.512206+00,49,SOLUSDT,65,GATE_1_EXPIRED,f,Signal already expired,SKIPPED,2026-07-21 14:31:24.512206+00,
265622,2026-07-21 14:31:24.505802+00,50,BTCUSDT,66,GATE_1_EXPIRED,f,Signal already expired,SKIPPED,2026-07-21 14:31:24.505802+00,
265621,2026-07-21 14:31:24.496905+00,51,ETHUSDT,63,GATE_1_EXPIRED,f,Signal already expired,SKIPPED,2026-07-21 14:31:24.496905+00,
265620,2026-07-21 14:31:09.562564+00,45,XRPUSDT,63,GATE_1_EXPIRED,f,Signal already expired,SKIPPED,2026-07-21 14:31:09.562564+00,
265619,2026-07-21 14:31:09.558523+00,46,ETHUSDT,68,GATE_1_EXPIRED,f,Signal already expired,SKIPPED,2026-07-21 14:31:09.558523+00,
265618,2026-07-21 14:31:09.552355+00,47,SOLUSDT,78,GATE_1_EXPIRED,f,Signal already expired,SKIPPED,2026-07-21 14:31:09.552355+00,
265617,2026-07-21 14:31:09.548324+00,49,SOLUSDT,65,GATE_1_EXPIRED,f,Signal already expired,SKIPPED,2026-07-21 14:31:09.548324+00,
265616,2026-07-21 14:31:09.542214+00,50,BTCUSDT,66,GATE_1_EXPIRED,f,Signal already expired,SKIPPED,2026-07-21 14:31:09.542214+00,
265615,2026-07-21 14:31:09.529038+00,51,ETHUSDT,63,GATE_1_EXPIRED,f,Signal already expired,SKIPPED,2026-07-21 14:31:09.529038+00,
265614,2026-07-21 14:30:54.418571+00,45,XRPUSDT,63,GATE_1_EXPIRED,f,Signal already expired,SKIPPED,2026-07-21 14:30:54.418571+00,
265613,2026-07-21 14:30:54.413707+00,46,ETHUSDT,68,GATE_1_EXPIRED,f,Signal already expired,SKIPPED,2026-07-21 14:30:54.413707+00,
265612,2026-07-21 14:30:54.410216+00,47,SOLUSDT,78,GATE_1_EXPIRED,f,Signal already expired,SKIPPED,2026-07-21 14:30:54.410216+00,
265611,2026-07-21 14:30:54.404962+00,49,SOLUSDT,65,GATE_1_EXPIRED,f,Signal already expired,SKIPPED,2026-07-21 14:30:54.404962+00,
265610,2026-07-21 14:30:54.400908+00,50,BTCUSDT,66,GATE_1_EXPIRED,f,Signal already expired,SKIPPED,2026-07-21 14:30:54.400908+00,
265609,2026-07-21 14:30:54.391388+00,51,ETHUSDT,63,GATE_1_EXPIRED,f,Signal already expired,SKIPPED,2026-07-21 14:30:54.391388+00,
265608,2026-07-21 14:30:39.455095+00,45,XRPUSDT,63,GATE_1_EXPIRED,f,Signal already expired,SKIPPED,2026-07-21 14:30:39.455095+00,
265607,2026-07-21 14:30:39.428561+00,46,ETHUSDT,68,GATE_1_EXPIRED,f,Signal already expired,SKIPPED,2026-07-21 14:30:39.428561+00,
265606,2026-07-21 14:30:39.421008+00,47,SOLUSDT,78,GATE_1_EXPIRED,f,Signal already expired,SKIPPED,2026-07-21 14:30:39.421008+00,
265605,2026-07-21 14:30:39.410375+00,49,SOLUSDT,65,GATE_1_EXPIRED,f,Signal already expired,SKIPPED,2026-07-21 14:30:39.410375+00,
265604,2026-07-21 14:30:39.39823+00,50,BTCUSDT,66,GATE_1_EXPIRED,f,Signal already expired,SKIPPED,2026-07-21 14:30:39.39823+00,
265603,2026-07-21 14:30:39.39101+00,51,ETHUSDT,63,GATE_1_EXPIRED,f,Signal already expired,SKIPPED,2026-07-21 14:30:39.39101+00,
265602,2026-07-21 14:30:24.557637+00,45,XRPUSDT,63,GATE_1_EXPIRED,f,Signal already expired,SKIPPED,2026-07-21 14:30:24.557637+00,
265601,2026-07-21 14:30:24.551806+00,46,ETHUSDT,68,GATE_1_EXPIRED,f,Signal already expired,SKIPPED,2026-07-21 14:30:24.551806+00,
265600,2026-07-21 14:30:24.546503+00,47,SOLUSDT,78,GATE_1_EXPIRED,f,Signal already expired,SKIPPED,2026-07-21 14:30:24.546503+00,
265599,2026-07-21 14:30:24.541494+00,49,SOLUSDT,65,GATE_1_EXPIRED,f,Signal already expired,SKIPPED,2026-07-21 14:30:24.541494+00,
265598,2026-07-21 14:30:24.53403+00,50,BTCUSDT,66,GATE_1_EXPIRED,f,Signal already expired,SKIPPED,2026-07-21 14:30:24.53403+00,
265597,2026-07-21 14:30:24.521389+00,51,ETHUSDT,63,GATE_1_EXPIRED,f,Signal already expired,SKIPPED,2026-07-21 14:30:24.521389+00,
265596,2026-07-21 14:30:09.507214+00,45,XRPUSDT,63,GATE_1_EXPIRED,f,Signal already expired,SKIPPED,2026-07-21 14:30:09.507214+00,
265595,2026-07-21 14:30:09.499893+00,46,ETHUSDT,68,GATE_1_EXPIRED,f,Signal already expired,SKIPPED,2026-07-21 14:30:09.499893+00,
265594,2026-07-21 14:30:09.4971+00,47,SOLUSDT,78,GATE_1_EXPIRED,f,Signal already expired,SKIPPED,2026-07-21 14:30:09.4971+00,
265593,2026-07-21 14:30:09.493792+00,49,SOLUSDT,65,GATE_1_EXPIRED,f,Signal already expired,SKIPPED,2026-07-21 14:30:09.493792+00,
265592,2026-07-21 14:30:09.488193+00,50,BTCUSDT,66,GATE_1_EXPIRED,f,Signal already expired,SKIPPED,2026-07-21 14:30:09.488193+00,
265591,2026-07-21 14:30:09.483198+00,51,ETHUSDT,63,GATE_1_EXPIRED,f,Signal already expired,SKIPPED,2026-07-21 14:30:09.483198+00,
265590,2026-07-21 14:29:53.856323+00,45,XRPUSDT,63,GATE_1_EXPIRED,f,Signal already expired,SKIPPED,2026-07-21 14:29:53.856323+00,
265589,2026-07-21 14:29:53.84315+00,46,ETHUSDT,68,GATE_1_EXPIRED,f,Signal already expired,SKIPPED,2026-07-21 14:29:53.84315+00,
265588,2026-07-21 14:29:53.828705+00,47,SOLUSDT,78,GATE_1_EXPIRED,f,Signal already expired,SKIPPED,2026-07-21 14:29:53.828705+00,
265587,2026-07-21 14:29:53.816913+00,49,SOLUSDT,65,GATE_1_EXPIRED,f,Signal already expired,SKIPPED,2026-07-21 14:29:53.816913+00,
265586,2026-07-21 14:29:53.810307+00,50,BTCUSDT,66,GATE_1_EXPIRED,f,Signal already expired,SKIPPED,2026-07-21 14:29:53.810307+00,
265585,2026-07-21 14:29:53.800941+00,51,ETHUSDT,63,GATE_1_EXPIRED,f,Signal already expired,SKIPPED,2026-07-21 14:29:53.800941+00,
265584,2026-07-21 14:29:24.890401+00,45,XRPUSDT,63,GATE_1_EXPIRED,f,Signal already expired,SKIPPED,2026-07-21 14:29:24.890401+00,
265583,2026-07-21 14:29:24.882975+00,46,ETHUSDT,68,GATE_1_EXPIRED,f,Signal already expired,SKIPPED,2026-07-21 14:29:24.882975+00,
265582,2026-07-21 14:29:24.87678+00,47,SOLUSDT,78,GATE_1_EXPIRED,f,Signal already expired,SKIPPED,2026-07-21 14:29:24.87678+00,
265581,2026-07-21 14:29:24.87145+00,49,SOLUSDT,65,GATE_1_EXPIRED,f,Signal already expired,SKIPPED,2026-07-21 14:29:24.87145+00,
265580,2026-07-21 14:29:24.866841+00,50,BTCUSDT,66,GATE_1_EXPIRED,f,Signal already expired,SKIPPED,2026-07-21 14:29:24.866841+00,
265579,2026-07-21 14:29:24.858891+00,51,ETHUSDT,63,GATE_1_EXPIRED,f,Signal already expired,SKIPPED,2026-07-21 14:29:24.858891+00,
265578,2026-07-21 14:29:10.18991+00,45,XRPUSDT,63,GATE_1_EXPIRED,f,Signal already expired,SKIPPED,2026-07-21 14:29:10.18991+00,
265577,2026-07-21 14:29:10.181912+00,46,ETHUSDT,68,GATE_1_EXPIRED,f,Signal already expired,SKIPPED,2026-07-21 14:29:10.181912+00,
265576,2026-07-21 14:29:10.174209+00,47,SOLUSDT,78,GATE_1_EXPIRED,f,Signal already expired,SKIPPED,2026-07-21 14:29:10.174209+00,
265575,2026-07-21 14:29:10.1622+00,49,SOLUSDT,65,GATE_1_EXPIRED,f,Signal already expired,SKIPPED,2026-07-21 14:29:10.1622+00,
265574,2026-07-21 14:29:10.150964+00,50,BTCUSDT,66,GATE_1_EXPIRED,f,Signal already expired,SKIPPED,2026-07-21 14:29:10.150964+00,
265573,2026-07-21 14:29:10.120453+00,51,ETHUSDT,63,GATE_1_EXPIRED,f,Signal already expired,SKIPPED,2026-07-21 14:29:10.120453+00,
265572,2026-07-21 14:28:54.972843+00,45,XRPUSDT,63,GATE_1_EXPIRED,f,Signal already expired,SKIPPED,2026-07-21 14:28:54.972843+00,
265571,2026-07-21 14:28:54.965027+00,46,ETHUSDT,68,GATE_1_EXPIRED,f,Signal already expired,SKIPPED,2026-07-21 14:28:54.965027+00,
265570,2026-07-21 14:28:54.959046+00,47,SOLUSDT,78,GATE_1_EXPIRED,f,Signal already expired,SKIPPED,2026-07-21 14:28:54.959046+00,
265569,2026-07-21 14:28:54.952817+00,49,SOLUSDT,65,GATE_1_EXPIRED,f,Signal already expired,SKIPPED,2026-07-21 14:28:54.952817+00,
265568,2026-07-21 14:28:54.943773+00,50,BTCUSDT,66,GATE_1_EXPIRED,f,Signal already expired,SKIPPED,2026-07-21 14:28:54.943773+00,
265567,2026-07-21 14:28:54.936066+00,51,ETHUSDT,63,GATE_1_EXPIRED,f,Signal already expired,SKIPPED,2026-07-21 14:28:54.936066+00,
265566,2026-07-21 14:28:40.025838+00,45,XRPUSDT,63,GATE_1_EXPIRED,f,Signal already expired,SKIPPED,2026-07-21 14:28:40.025838+00,
265565,2026-07-21 14:28:40.021212+00,46,ETHUSDT,68,GATE_1_EXPIRED,f,Signal already expired,SKIPPED,2026-07-21 14:28:40.021212+00,
265564,2026-07-21 14:28:40.013714+00,47,SOLUSDT,78,GATE_1_EXPIRED,f,Signal already expired,SKIPPED,2026-07-21 14:28:40.013714+00,
265563,2026-07-21 14:28:40.006897+00,49,SOLUSDT,65,GATE_1_EXPIRED,f,Signal already expired,SKIPPED,2026-07-21 14:28:40.006897+00,
265562,2026-07-21 14:28:39.998599+00,50,BTCUSDT,66,GATE_1_EXPIRED,f,Signal already expired,SKIPPED,2026-07-21 14:28:39.998599+00,
265561,2026-07-21 14:28:39.986214+00,51,ETHUSDT,63,GATE_1_EXPIRED,f,Signal already expired,SKIPPED,2026-07-21 14:28:39.986214+00,
265560,2026-07-21 14:28:24.952081+00,45,XRPUSDT,63,GATE_1_EXPIRED,f,Signal already expired,SKIPPED,2026-07-21 14:28:24.952081+00,
265559,2026-07-21 14:28:24.946246+00,46,ETHUSDT,68,GATE_1_EXPIRED,f,Signal already expired,SKIPPED,2026-07-21 14:28:24.946246+00,
265558,2026-07-21 14:28:24.941211+00,47,SOLUSDT,78,GATE_1_EXPIRED,f,Signal already expired,SKIPPED,2026-07-21 14:28:24.941211+00,
265557,2026-07-21 14:28:24.935206+00,49,SOLUSDT,65,GATE_1_EXPIRED,f,Signal already expired,SKIPPED,2026-07-21 14:28:24.935206+00,
265556,2026-07-21 14:28:24.929027+00,50,BTCUSDT,66,GATE_1_EXPIRED,f,Signal already expired,SKIPPED,2026-07-21 14:28:24.929027+00,
265555,2026-07-21 14:28:24.920771+00,51,ETHUSDT,63,GATE_1_EXPIRED,f,Signal already expired,SKIPPED,2026-07-21 14:28:24.920771+00,
265554,2026-07-21 14:28:09.95078+00,45,XRPUSDT,63,GATE_1_EXPIRED,f,Signal already expired,SKIPPED,2026-07-21 14:28:09.95078+00,
265553,2026-07-21 14:28:09.944973+00,46,ETHUSDT,68,GATE_1_EXPIRED,f,Signal already expired,SKIPPED,2026-07-21 14:28:09.944973+00,
265552,2026-07-21 14:28:09.939207+00,47,SOLUSDT,78,GATE_1_EXPIRED,f,Signal already expired,SKIPPED,2026-07-21 14:28:09.939207+00,
265551,2026-07-21 14:28:09.930804+00,49,SOLUSDT,65,GATE_1_EXPIRED,f,Signal already expired,SKIPPED,2026-07-21 14:28:09.930804+00,
265550,2026-07-21 14:28:09.924988+00,50,BTCUSDT,66,GATE_1_EXPIRED,f,Signal already expired,SKIPPED,2026-07-21 14:28:09.924988+00,
265549,2026-07-21 14:28:09.915364+00,51,ETHUSDT,63,GATE_1_EXPIRED,f,Signal already expired,SKIPPED,2026-07-21 14:28:09.915364+00,
265548,2026-07-21 14:27:54.967427+00,45,XRPUSDT,63,GATE_1_EXPIRED,f,Signal already expired,SKIPPED,2026-07-21 14:27:54.967427+00,
265547,2026-07-21 14:27:54.96105+00,46,ETHUSDT,68,GATE_1_EXPIRED,f,Signal already expired,SKIPPED,2026-07-21 14:27:54.96105+00,
265546,2026-07-21 14:27:54.956073+00,47,SOLUSDT,78,GATE_1_EXPIRED,f,Signal already expired,SKIPPED,2026-07-21 14:27:54.956073+00,
265545,2026-07-21 14:27:54.951148+00,49,SOLUSDT,65,GATE_1_EXPIRED,f,Signal already expired,SKIPPED,2026-07-21 14:27:54.951148+00,
265544,2026-07-21 14:27:54.937435+00,50,BTCUSDT,66,GATE_1_EXPIRED,f,Signal already expired,SKIPPED,2026-07-21 14:27:54.937435+00,
265543,2026-07-21 14:27:54.9243+00,51,ETHUSDT,63,GATE_1_EXPIRED,f,Signal already expired,SKIPPED,2026-07-21 14:27:54.9243+00,
265542,2026-07-21 14:27:39.913137+00,45,XRPUSDT,63,GATE_1_EXPIRED,f,Signal already expired,SKIPPED,2026-07-21 14:27:39.913137+00,
265541,2026-07-21 14:27:39.909119+00,46,ETHUSDT,68,GATE_1_EXPIRED,f,Signal already expired,SKIPPED,2026-07-21 14:27:39.909119+00,
265540,2026-07-21 14:27:39.906024+00,47,SOLUSDT,78,GATE_1_EXPIRED,f,Signal already expired,SKIPPED,2026-07-21 14:27:39.906024+00,
265539,2026-07-21 14:27:39.902979+00,49,SOLUSDT,65,GATE_1_EXPIRED,f,Signal already expired,SKIPPED,2026-07-21 14:27:39.902979+00,
265538,2026-07-21 14:27:39.898272+00,50,BTCUSDT,66,GATE_1_EXPIRED,f,Signal already expired,SKIPPED,2026-07-21 14:27:39.898272+00,
265537,2026-07-21 14:27:39.893708+00,51,ETHUSDT,63,GATE_1_EXPIRED,f,Signal already expired,SKIPPED,2026-07-21 14:27:39.893708+00,
265536,2026-07-21 14:27:25.015223+00,45,XRPUSDT,63,GATE_1_EXPIRED,f,Signal already expired,SKIPPED,2026-07-21 14:27:25.015223+00,
265535,2026-07-21 14:27:25.009216+00,46,ETHUSDT,68,GATE_1_EXPIRED,f,Signal already expired,SKIPPED,2026-07-21 14:27:25.009216+00,
265534,2026-07-21 14:27:25.004933+00,47,SOLUSDT,78,GATE_1_EXPIRED,f,Signal already expired,SKIPPED,2026-07-21 14:27:25.004933+00,
265533,2026-07-21 14:27:25.000215+00,49,SOLUSDT,65,GATE_1_EXPIRED,f,Signal already expired,SKIPPED,2026-07-21 14:27:25.000215+00,
265532,2026-07-21 14:27:24.989733+00,50,BTCUSDT,66,GATE_1_EXPIRED,f,Signal already expired,SKIPPED,2026-07-21 14:27:24.989733+00,
265531,2026-07-21 14:27:24.982249+00,51,ETHUSDT,63,GATE_1_EXPIRED,f,Signal already expired,SKIPPED,2026-07-21 14:27:24.982249+00,
265530,2026-07-21 14:27:09.966967+00,45,XRPUSDT,63,GATE_1_EXPIRED,f,Signal already expired,SKIPPED,2026-07-21 14:27:09.966967+00,
265529,2026-07-21 14:27:09.962818+00,46,ETHUSDT,68,GATE_1_EXPIRED,f,Signal already expired,SKIPPED,2026-07-21 14:27:09.962818+00,
265528,2026-07-21 14:27:09.956002+00,47,SOLUSDT,78,GATE_1_EXPIRED,f,Signal already expired,SKIPPED,2026-07-21 14:27:09.956002+00,
265527,2026-07-21 14:27:09.949725+00,49,SOLUSDT,65,GATE_1_EXPIRED,f,Signal already expired,SKIPPED,2026-07-21 14:27:09.949725+00,
265526,2026-07-21 14:27:09.943845+00,50,BTCUSDT,66,GATE_1_EXPIRED,f,Signal already expired,SKIPPED,2026-07-21 14:27:09.943845+00,
265525,2026-07-21 14:27:09.935214+00,51,ETHUSDT,63,GATE_1_EXPIRED,f,Signal already expired,SKIPPED,2026-07-21 14:27:09.935214+00,
265524,2026-07-21 14:26:54.175867+00,45,XRPUSDT,63,GATE_1_EXPIRED,f,Signal already expired,SKIPPED,2026-07-21 14:26:54.175867+00,
265523,2026-07-21 14:26:54.162722+00,46,ETHUSDT,68,GATE_1_EXPIRED,f,Signal already expired,SKIPPED,2026-07-21 14:26:54.162722+00,
265522,2026-07-21 14:26:54.148368+00,47,SOLUSDT,78,GATE_1_EXPIRED,f,Signal already expired,SKIPPED,2026-07-21 14:26:54.148368+00,
265521,2026-07-21 14:26:54.132093+00,49,SOLUSDT,65,GATE_1_EXPIRED,f,Signal already expired,SKIPPED,2026-07-21 14:26:54.132093+00,
265520,2026-07-21 14:26:54.0612+00,50,BTCUSDT,66,GATE_1_EXPIRED,f,Signal already expired,SKIPPED,2026-07-21 14:26:54.0612+00,
265519,2026-07-21 14:26:53.97021+00,51,ETHUSDT,63,GATE_1_EXPIRED,f,Signal already expired,SKIPPED,2026-07-21 14:26:53.97021+00,
265518,2026-07-21 14:26:15.848752+00,45,XRPUSDT,63,GATE_1_EXPIRED,f,Signal already expired,SKIPPED,2026-07-21 14:26:15.848752+00,
265517,2026-07-21 14:26:15.842113+00,46,ETHUSDT,68,GATE_1_EXPIRED,f,Signal already expired,SKIPPED,2026-07-21 14:26:15.842113+00,
265516,2026-07-21 14:26:15.83469+00,47,SOLUSDT,78,GATE_1_EXPIRED,f,Signal already expired,SKIPPED,2026-07-21 14:26:15.83469+00,
265515,2026-07-21 14:26:15.829718+00,49,SOLUSDT,65,GATE_1_EXPIRED,f,Signal already expired,SKIPPED,2026-07-21 14:26:15.829718+00,
265514,2026-07-21 14:26:15.82466+00,50,BTCUSDT,66,GATE_1_EXPIRED,f,Signal already expired,SKIPPED,2026-07-21 14:26:15.82466+00,
265513,2026-07-21 14:26:15.817367+00,51,ETHUSDT,63,GATE_1_EXPIRED,f,Signal already expired,SKIPPED,2026-07-21 14:26:15.817367+00,
265512,2026-07-21 14:26:00.87208+00,45,XRPUSDT,63,GATE_1_EXPIRED,f,Signal already expired,SKIPPED,2026-07-21 14:26:00.87208+00,
265511,2026-07-21 14:26:00.86577+00,46,ETHUSDT,68,GATE_1_EXPIRED,f,Signal already expired,SKIPPED,2026-07-21 14:26:00.86577+00,
265510,2026-07-21 14:26:00.858938+00,47,SOLUSDT,78,GATE_1_EXPIRED,f,Signal already expired,SKIPPED,2026-07-21 14:26:00.858938+00,
265509,2026-07-21 14:26:00.853979+00,49,SOLUSDT,65,GATE_1_EXPIRED,f,Signal already expired,SKIPPED,2026-07-21 14:26:00.853979+00,
265508,2026-07-21 14:26:00.848329+00,50,BTCUSDT,66,GATE_1_EXPIRED,f,Signal already expired,SKIPPED,2026-07-21 14:26:00.848329+00,
265507,2026-07-21 14:26:00.831239+00,51,ETHUSDT,63,GATE_1_EXPIRED,f,Signal already expired,SKIPPED,2026-07-21 14:26:00.831239+00,
265506,2026-07-21 14:25:45.851339+00,45,XRPUSDT,63,GATE_1_EXPIRED,f,Signal already expired,SKIPPED,2026-07-21 14:25:45.851339+00,
265505,2026-07-21 14:25:45.844928+00,46,ETHUSDT,68,GATE_1_EXPIRED,f,Signal already expired,SKIPPED,2026-07-21 14:25:45.844928+00,
265504,2026-07-21 14:25:45.840976+00,47,SOLUSDT,78,GATE_1_EXPIRED,f,Signal already expired,SKIPPED,2026-07-21 14:25:45.840976+00,
265503,2026-07-21 14:25:45.836253+00,49,SOLUSDT,65,GATE_1_EXPIRED,f,Signal already expired,SKIPPED,2026-07-21 14:25:45.836253+00,
265502,2026-07-21 14:25:45.833046+00,50,BTCUSDT,66,GATE_1_EXPIRED,f,Signal already expired,SKIPPED,2026-07-21 14:25:45.833046+00,
265501,2026-07-21 14:25:45.827202+00,51,ETHUSDT,63,GATE_1_EXPIRED,f,Signal already expired,SKIPPED,2026-07-21 14:25:45.827202+00,
265500,2026-07-21 14:25:30.829695+00,45,XRPUSDT,63,GATE_1_EXPIRED,f,Signal already expired,SKIPPED,2026-07-21 14:25:30.829695+00,
265499,2026-07-21 14:25:30.821905+00,46,ETHUSDT,68,GATE_1_EXPIRED,f,Signal already expired,SKIPPED,2026-07-21 14:25:30.821905+00,
265498,2026-07-21 14:25:30.817707+00,47,SOLUSDT,78,GATE_1_EXPIRED,f,Signal already expired,SKIPPED,2026-07-21 14:25:30.817707+00,
265497,2026-07-21 14:25:30.811692+00,49,SOLUSDT,65,GATE_1_EXPIRED,f,Signal already expired,SKIPPED,2026-07-21 14:25:30.811692+00,
265496,2026-07-21 14:25:30.801476+00,50,BTCUSDT,66,GATE_1_EXPIRED,f,Signal already expired,SKIPPED,2026-07-21 14:25:30.801476+00,
265495,2026-07-21 14:25:30.795529+00,51,ETHUSDT,63,GATE_1_EXPIRED,f,Signal already expired,SKIPPED,2026-07-21 14:25:30.795529+00,
265494,2026-07-21 14:25:15.825735+00,45,XRPUSDT,63,GATE_1_EXPIRED,f,Signal already expired,SKIPPED,2026-07-21 14:25:15.825735+00,
265493,2026-07-21 14:25:15.818075+00,46,ETHUSDT,68,GATE_1_EXPIRED,f,Signal already expired,SKIPPED,2026-07-21 14:25:15.818075+00,
265492,2026-07-21 14:25:15.812016+00,47,SOLUSDT,78,GATE_1_EXPIRED,f,Signal already expired,SKIPPED,2026-07-21 14:25:15.812016+00,
265491,2026-07-21 14:25:15.8059+00,49,SOLUSDT,65,GATE_1_EXPIRED,f,Signal already expired,SKIPPED,2026-07-21 14:25:15.8059+00,
265490,2026-07-21 14:25:15.800215+00,50,BTCUSDT,66,GATE_1_EXPIRED,f,Signal already expired,SKIPPED,2026-07-21 14:25:15.800215+00,
265489,2026-07-21 14:25:15.79259+00,51,ETHUSDT,63,GATE_1_EXPIRED,f,Signal already expired,SKIPPED,2026-07-21 14:25:15.79259+00,
265488,2026-07-21 14:25:00.786691+00,45,XRPUSDT,63,GATE_1_EXPIRED,f,Signal already expired,SKIPPED,2026-07-21 14:25:00.786691+00,
265487,2026-07-21 14:25:00.781583+00,46,ETHUSDT,68,GATE_1_EXPIRED,f,Signal already expired,SKIPPED,2026-07-21 14:25:00.781583+00,
265486,2026-07-21 14:25:00.776933+00,47,SOLUSDT,78,GATE_1_EXPIRED,f,Signal already expired,SKIPPED,2026-07-21 14:25:00.776933+00,
265485,2026-07-21 14:25:00.77129+00,49,SOLUSDT,65,GATE_1_EXPIRED,f,Signal already expired,SKIPPED,2026-07-21 14:25:00.77129+00,
265484,2026-07-21 14:25:00.766813+00,50,BTCUSDT,66,GATE_1_EXPIRED,f,Signal already expired,SKIPPED,2026-07-21 14:25:00.766813+00,
265483,2026-07-21 14:25:00.76007+00,51,ETHUSDT,63,GATE_1_EXPIRED,f,Signal already expired,SKIPPED,2026-07-21 14:25:00.76007+00,
265482,2026-07-21 14:24:45.821588+00,45,XRPUSDT,63,GATE_1_EXPIRED,f,Signal already expired,SKIPPED,2026-07-21 14:24:45.821588+00,
265481,2026-07-21 14:24:45.817327+00,46,ETHUSDT,68,GATE_1_EXPIRED,f,Signal already expired,SKIPPED,2026-07-21 14:24:45.817327+00,
265480,2026-07-21 14:24:45.813252+00,47,SOLUSDT,78,GATE_1_EXPIRED,f,Signal already expired,SKIPPED,2026-07-21 14:24:45.813252+00,
265479,2026-07-21 14:24:45.809893+00,49,SOLUSDT,65,GATE_1_EXPIRED,f,Signal already expired,SKIPPED,2026-07-21 14:24:45.809893+00,
265478,2026-07-21 14:24:45.806838+00,50,BTCUSDT,66,GATE_1_EXPIRED,f,Signal already expired,SKIPPED,2026-07-21 14:24:45.806838+00,
265477,2026-07-21 14:24:45.796845+00,51,ETHUSDT,63,GATE_1_EXPIRED,f,Signal already expired,SKIPPED,2026-07-21 14:24:45.796845+00,
265476,2026-07-21 14:24:30.887217+00,45,XRPUSDT,63,GATE_1_EXPIRED,f,Signal already expired,SKIPPED,2026-07-21 14:24:30.887217+00,
265475,2026-07-21 14:24:30.88039+00,46,ETHUSDT,68,GATE_1_EXPIRED,f,Signal already expired,SKIPPED,2026-07-21 14:24:30.88039+00,
265474,2026-07-21 14:24:30.871856+00,47,SOLUSDT,78,GATE_1_EXPIRED,f,Signal already expired,SKIPPED,2026-07-21 14:24:30.871856+00,
265473,2026-07-21 14:24:30.863213+00,49,SOLUSDT,65,GATE_1_EXPIRED,f,Signal already expired,SKIPPED,2026-07-21 14:24:30.863213+00,
265472,2026-07-21 14:24:30.856411+00,50,BTCUSDT,66,GATE_1_EXPIRED,f,Signal already expired,SKIPPED,2026-07-21 14:24:30.856411+00,
265471,2026-07-21 14:24:30.847953+00,51,ETHUSDT,63,GATE_1_EXPIRED,f,Signal already expired,SKIPPED,2026-07-21 14:24:30.847953+00,
265470,2026-07-21 14:24:15.858854+00,45,XRPUSDT,63,GATE_1_EXPIRED,f,Signal already expired,SKIPPED,2026-07-21 14:24:15.858854+00,
265469,2026-07-21 14:24:15.851989+00,46,ETHUSDT,68,GATE_1_EXPIRED,f,Signal already expired,SKIPPED,2026-07-21 14:24:15.851989+00,
265468,2026-07-21 14:24:15.845337+00,47,SOLUSDT,78,GATE_1_EXPIRED,f,Signal already expired,SKIPPED,2026-07-21 14:24:15.845337+00,
265467,2026-07-21 14:24:15.839293+00,49,SOLUSDT,65,GATE_1_EXPIRED,f,Signal already expired,SKIPPED,2026-07-21 14:24:15.839293+00,
265466,2026-07-21 14:24:15.8336+00,50,BTCUSDT,66,GATE_1_EXPIRED,f,Signal already expired,SKIPPED,2026-07-21 14:24:15.8336+00,
265465,2026-07-21 14:24:15.8255+00,51,ETHUSDT,63,GATE_1_EXPIRED,f,Signal already expired,SKIPPED,2026-07-21 14:24:15.8255+00,
265464,2026-07-21 14:24:00.891571+00,45,XRPUSDT,63,GATE_1_EXPIRED,f,Signal already expired,SKIPPED,2026-07-21 14:24:00.891571+00,
265463,2026-07-21 14:24:00.888192+00,46,ETHUSDT,68,GATE_1_EXPIRED,f,Signal already expired,SKIPPED,2026-07-21 14:24:00.888192+00,
265462,2026-07-21 14:24:00.878831+00,47,SOLUSDT,78,GATE_1_EXPIRED,f,Signal already expired,SKIPPED,2026-07-21 14:24:00.878831+00,
265461,2026-07-21 14:24:00.873902+00,49,SOLUSDT,65,GATE_1_EXPIRED,f,Signal already expired,SKIPPED,2026-07-21 14:24:00.873902+00,
265460,2026-07-21 14:24:00.859671+00,50,BTCUSDT,66,GATE_1_EXPIRED,f,Signal already expired,SKIPPED,2026-07-21 14:24:00.859671+00,
265459,2026-07-21 14:24:00.851213+00,51,ETHUSDT,63,GATE_1_EXPIRED,f,Signal already expired,SKIPPED,2026-07-21 14:24:00.851213+00,
265458,2026-07-21 14:23:45.855258+00,45,XRPUSDT,63,GATE_1_EXPIRED,f,Signal already expired,SKIPPED,2026-07-21 14:23:45.855258+00,
265457,2026-07-21 14:23:45.850645+00,46,ETHUSDT,68,GATE_1_EXPIRED,f,Signal already expired,SKIPPED,2026-07-21 14:23:45.850645+00,
265456,2026-07-21 14:23:45.842981+00,47,SOLUSDT,78,GATE_1_EXPIRED,f,Signal already expired,SKIPPED,2026-07-21 14:23:45.842981+00,
265455,2026-07-21 14:23:45.830724+00,49,SOLUSDT,65,GATE_1_EXPIRED,f,Signal already expired,SKIPPED,2026-07-21 14:23:45.830724+00,
265454,2026-07-21 14:23:45.819877+00,50,BTCUSDT,66,GATE_1_EXPIRED,f,Signal already expired,SKIPPED,2026-07-21 14:23:45.819877+00,
265453,2026-07-21 14:23:45.807968+00,51,ETHUSDT,63,GATE_1_EXPIRED,f,Signal already expired,SKIPPED,2026-07-21 14:23:45.807968+00,
265452,2026-07-21 14:23:30.869757+00,45,XRPUSDT,63,GATE_1_EXPIRED,f,Signal already expired,SKIPPED,2026-07-21 14:23:30.869757+00,
265451,2026-07-21 14:23:30.862911+00,46,ETHUSDT,68,GATE_1_EXPIRED,f,Signal already expired,SKIPPED,2026-07-21 14:23:30.862911+00,
265450,2026-07-21 14:23:30.853223+00,47,SOLUSDT,78,GATE_1_EXPIRED,f,Signal already expired,SKIPPED,2026-07-21 14:23:30.853223+00,
265449,2026-07-21 14:23:30.84385+00,49,SOLUSDT,65,GATE_1_EXPIRED,f,Signal already expired,SKIPPED,2026-07-21 14:23:30.84385+00,
265448,2026-07-21 14:23:30.836054+00,50,BTCUSDT,66,GATE_1_EXPIRED,f,Signal already expired,SKIPPED,2026-07-21 14:23:30.836054+00,
265447,2026-07-21 14:23:30.827499+00,51,ETHUSDT,63,GATE_1_EXPIRED,f,Signal already expired,SKIPPED,2026-07-21 14:23:30.827499+00,
265446,2026-07-21 14:23:15.777903+00,45,XRPUSDT,63,GATE_1_EXPIRED,f,Signal already expired,SKIPPED,2026-07-21 14:23:15.777903+00,
265445,2026-07-21 14:23:15.768198+00,46,ETHUSDT,68,GATE_1_EXPIRED,f,Signal already expired,SKIPPED,2026-07-21 14:23:15.768198+00,
265444,2026-07-21 14:23:15.760199+00,47,SOLUSDT,78,GATE_1_EXPIRED,f,Signal already expired,SKIPPED,2026-07-21 14:23:15.760199+00,
265443,2026-07-21 14:23:15.753312+00,49,SOLUSDT,65,GATE_1_EXPIRED,f,Signal already expired,SKIPPED,2026-07-21 14:23:15.753312+00,
265442,2026-07-21 14:23:15.748346+00,50,BTCUSDT,66,GATE_1_EXPIRED,f,Signal already expired,SKIPPED,2026-07-21 14:23:15.748346+00,
265441,2026-07-21 14:23:15.742559+00,51,ETHUSDT,63,GATE_1_EXPIRED,f,Signal already expired,SKIPPED,2026-07-21 14:23:15.742559+00,
265440,2026-07-21 14:23:00.887129+00,45,XRPUSDT,63,GATE_1_EXPIRED,f,Signal already expired,SKIPPED,2026-07-21 14:23:00.887129+00,
265439,2026-07-21 14:23:00.880828+00,46,ETHUSDT,68,GATE_1_EXPIRED,f,Signal already expired,SKIPPED,2026-07-21 14:23:00.880828+00,
265438,2026-07-21 14:23:00.870063+00,47,SOLUSDT,78,GATE_1_EXPIRED,f,Signal already expired,SKIPPED,2026-07-21 14:23:00.870063+00,
265437,2026-07-21 14:23:00.861815+00,49,SOLUSDT,65,GATE_1_EXPIRED,f,Signal already expired,SKIPPED,2026-07-21 14:23:00.861815+00,
265436,2026-07-21 14:23:00.85145+00,50,BTCUSDT,66,GATE_1_EXPIRED,f,Signal already expired,SKIPPED,2026-07-21 14:23:00.85145+00,
265435,2026-07-21 14:23:00.836992+00,51,ETHUSDT,63,GATE_1_EXPIRED,f,Signal already expired,SKIPPED,2026-07-21 14:23:00.836992+00,
265434,2026-07-21 14:22:45.835671+00,45,XRPUSDT,63,GATE_1_EXPIRED,f,Signal already expired,SKIPPED,2026-07-21 14:22:45.835671+00,
265433,2026-07-21 14:22:45.828611+00,46,ETHUSDT,68,GATE_1_EXPIRED,f,Signal already expired,SKIPPED,2026-07-21 14:22:45.828611+00,
265432,2026-07-21 14:22:45.822115+00,47,SOLUSDT,78,GATE_1_EXPIRED,f,Signal already expired,SKIPPED,2026-07-21 14:22:45.822115+00,
265431,2026-07-21 14:22:45.815205+00,49,SOLUSDT,65,GATE_1_EXPIRED,f,Signal already expired,SKIPPED,2026-07-21 14:22:45.815205+00,
265430,2026-07-21 14:22:45.804831+00,50,BTCUSDT,66,GATE_1_EXPIRED,f,Signal already expired,SKIPPED,2026-07-21 14:22:45.804831+00,
265429,2026-07-21 14:22:45.797793+00,51,ETHUSDT,63,GATE_1_EXPIRED,f,Signal already expired,SKIPPED,2026-07-21 14:22:45.797793+00,
265428,2026-07-21 14:22:30.872396+00,45,XRPUSDT,63,GATE_1_EXPIRED,f,Signal already expired,SKIPPED,2026-07-21 14:22:30.872396+00,
265427,2026-07-21 14:22:30.864891+00,46,ETHUSDT,68,GATE_1_EXPIRED,f,Signal already expired,SKIPPED,2026-07-21 14:22:30.864891+00,
265426,2026-07-21 14:22:30.859206+00,47,SOLUSDT,78,GATE_1_EXPIRED,f,Signal already expired,SKIPPED,2026-07-21 14:22:30.859206+00,
265425,2026-07-21 14:22:30.852389+00,49,SOLUSDT,65,GATE_1_EXPIRED,f,Signal already expired,SKIPPED,2026-07-21 14:22:30.852389+00,
265424,2026-07-21 14:22:30.845875+00,50,BTCUSDT,66,GATE_1_EXPIRED,f,Signal already expired,SKIPPED,2026-07-21 14:22:30.845875+00,
265423,2026-07-21 14:22:30.838923+00,51,ETHUSDT,63,GATE_1_EXPIRED,f,Signal already expired,SKIPPED,2026-07-21 14:22:30.838923+00,
265422,2026-07-21 14:22:15.839024+00,45,XRPUSDT,63,GATE_1_EXPIRED,f,Signal already expired,SKIPPED,2026-07-21 14:22:15.839024+00,
265421,2026-07-21 14:22:15.829871+00,46,ETHUSDT,68,GATE_1_EXPIRED,f,Signal already expired,SKIPPED,2026-07-21 14:22:15.829871+00,
265420,2026-07-21 14:22:15.824295+00,47,SOLUSDT,78,GATE_1_EXPIRED,f,Signal already expired,SKIPPED,2026-07-21 14:22:15.824295+00,
265419,2026-07-21 14:22:15.820195+00,49,SOLUSDT,65,GATE_1_EXPIRED,f,Signal already expired,SKIPPED,2026-07-21 14:22:15.820195+00,
265418,2026-07-21 14:22:15.813467+00,50,BTCUSDT,66,GATE_1_EXPIRED,f,Signal already expired,SKIPPED,2026-07-21 14:22:15.813467+00,
265417,2026-07-21 14:22:15.799641+00,51,ETHUSDT,63,GATE_1_EXPIRED,f,Signal already expired,SKIPPED,2026-07-21 14:22:15.799641+00,
265416,2026-07-21 14:22:00.753188+00,45,XRPUSDT,63,GATE_1_EXPIRED,f,Signal already expired,SKIPPED,2026-07-21 14:22:00.753188+00,
265415,2026-07-21 14:22:00.747854+00,46,ETHUSDT,68,GATE_1_EXPIRED,f,Signal already expired,SKIPPED,2026-07-21 14:22:00.747854+00,
265414,2026-07-21 14:22:00.739308+00,47,SOLUSDT,78,GATE_1_EXPIRED,f,Signal already expired,SKIPPED,2026-07-21 14:22:00.739308+00,
265413,2026-07-21 14:22:00.732629+00,49,SOLUSDT,65,GATE_1_EXPIRED,f,Signal already expired,SKIPPED,2026-07-21 14:22:00.732629+00,
265412,2026-07-21 14:22:00.726854+00,50,BTCUSDT,66,GATE_1_EXPIRED,f,Signal already expired,SKIPPED,2026-07-21 14:22:00.726854+00,
265411,2026-07-21 14:22:00.719855+00,51,ETHUSDT,63,GATE_1_EXPIRED,f,Signal already expired,SKIPPED,2026-07-21 14:22:00.719855+00,
265410,2026-07-21 14:21:45.820619+00,45,XRPUSDT,63,GATE_1_EXPIRED,f,Signal already expired,SKIPPED,2026-07-21 14:21:45.820619+00,
265409,2026-07-21 14:21:45.805603+00,46,ETHUSDT,68,GATE_1_EXPIRED,f,Signal already expired,SKIPPED,2026-07-21 14:21:45.805603+00,
265408,2026-07-21 14:21:45.801328+00,47,SOLUSDT,78,GATE_1_EXPIRED,f,Signal already expired,SKIPPED,2026-07-21 14:21:45.801328+00,
265407,2026-07-21 14:21:45.787484+00,49,SOLUSDT,65,GATE_1_EXPIRED,f,Signal already expired,SKIPPED,2026-07-21 14:21:45.787484+00,
265406,2026-07-21 14:21:45.781482+00,50,BTCUSDT,66,GATE_1_EXPIRED,f,Signal already expired,SKIPPED,2026-07-21 14:21:45.781482+00,
265405,2026-07-21 14:21:45.772468+00,51,ETHUSDT,63,GATE_1_EXPIRED,f,Signal already expired,SKIPPED,2026-07-21 14:21:45.772468+00,
265404,2026-07-21 14:21:30.788202+00,45,XRPUSDT,63,GATE_1_EXPIRED,f,Signal already expired,SKIPPED,2026-07-21 14:21:30.788202+00,
265403,2026-07-21 14:21:30.78242+00,46,ETHUSDT,68,GATE_1_EXPIRED,f,Signal already expired,SKIPPED,2026-07-21 14:21:30.78242+00,
265402,2026-07-21 14:21:30.778059+00,47,SOLUSDT,78,GATE_1_EXPIRED,f,Signal already expired,SKIPPED,2026-07-21 14:21:30.778059+00,
265401,2026-07-21 14:21:30.773401+00,49,SOLUSDT,65,GATE_1_EXPIRED,f,Signal already expired,SKIPPED,2026-07-21 14:21:30.773401+00,
265400,2026-07-21 14:21:30.763302+00,50,BTCUSDT,66,GATE_1_EXPIRED,f,Signal already expired,SKIPPED,2026-07-21 14:21:30.763302+00,
265399,2026-07-21 14:21:30.75231+00,51,ETHUSDT,63,GATE_1_EXPIRED,f,Signal already expired,SKIPPED,2026-07-21 14:21:30.75231+00,
265398,2026-07-21 14:21:15.821622+00,45,XRPUSDT,63,GATE_1_EXPIRED,f,Signal already expired,SKIPPED,2026-07-21 14:21:15.821622+00,
265397,2026-07-21 14:21:15.814194+00,46,ETHUSDT,68,GATE_1_EXPIRED,f,Signal already expired,SKIPPED,2026-07-21 14:21:15.814194+00,
265396,2026-07-21 14:21:15.808841+00,47,SOLUSDT,78,GATE_1_EXPIRED,f,Signal already expired,SKIPPED,2026-07-21 14:21:15.808841+00,
265395,2026-07-21 14:21:15.804759+00,49,SOLUSDT,65,GATE_1_EXPIRED,f,Signal already expired,SKIPPED,2026-07-21 14:21:15.804759+00,
265394,2026-07-21 14:21:15.798269+00,50,BTCUSDT,66,GATE_1_EXPIRED,f,Signal already expired,SKIPPED,2026-07-21 14:21:15.798269+00,
265393,2026-07-21 14:21:15.789226+00,51,ETHUSDT,63,GATE_1_EXPIRED,f,Signal already expired,SKIPPED,2026-07-21 14:21:15.789226+00,
265392,2026-07-21 14:21:00.792069+00,45,XRPUSDT,63,GATE_1_EXPIRED,f,Signal already expired,SKIPPED,2026-07-21 14:21:00.792069+00,
265391,2026-07-21 14:21:00.780254+00,46,ETHUSDT,68,GATE_1_EXPIRED,f,Signal already expired,SKIPPED,2026-07-21 14:21:00.780254+00,
265390,2026-07-21 14:21:00.769587+00,47,SOLUSDT,78,GATE_1_EXPIRED,f,Signal already expired,SKIPPED,2026-07-21 14:21:00.769587+00,
265389,2026-07-21 14:21:00.760485+00,49,SOLUSDT,65,GATE_1_EXPIRED,f,Signal already expired,SKIPPED,2026-07-21 14:21:00.760485+00,
265388,2026-07-21 14:21:00.754338+00,50,BTCUSDT,66,GATE_1_EXPIRED,f,Signal already expired,SKIPPED,2026-07-21 14:21:00.754338+00,
265387,2026-07-21 14:21:00.743204+00,51,ETHUSDT,63,GATE_1_EXPIRED,f,Signal already expired,SKIPPED,2026-07-21 14:21:00.743204+00,
265386,2026-07-21 14:20:45.813978+00,45,XRPUSDT,63,GATE_1_EXPIRED,f,Signal already expired,SKIPPED,2026-07-21 14:20:45.813978+00,
265385,2026-07-21 14:20:45.806047+00,46,ETHUSDT,68,GATE_1_EXPIRED,f,Signal already expired,SKIPPED,2026-07-21 14:20:45.806047+00,
265384,2026-07-21 14:20:45.789883+00,47,SOLUSDT,78,GATE_1_EXPIRED,f,Signal already expired,SKIPPED,2026-07-21 14:20:45.789883+00,
265383,2026-07-21 14:20:45.774608+00,49,SOLUSDT,65,GATE_1_EXPIRED,f,Signal already expired,SKIPPED,2026-07-21 14:20:45.774608+00,
265382,2026-07-21 14:20:45.770009+00,50,BTCUSDT,66,GATE_1_EXPIRED,f,Signal already expired,SKIPPED,2026-07-21 14:20:45.770009+00,
265381,2026-07-21 14:20:45.761668+00,51,ETHUSDT,63,GATE_1_EXPIRED,f,Signal already expired,SKIPPED,2026-07-21 14:20:45.761668+00,
265380,2026-07-21 14:20:30.914094+00,45,XRPUSDT,63,GATE_1_EXPIRED,f,Signal already expired,SKIPPED,2026-07-21 14:20:30.914094+00,
265379,2026-07-21 14:20:30.910632+00,46,ETHUSDT,68,GATE_1_EXPIRED,f,Signal already expired,SKIPPED,2026-07-21 14:20:30.910632+00,
265378,2026-07-21 14:20:30.906205+00,47,SOLUSDT,78,GATE_1_EXPIRED,f,Signal already expired,SKIPPED,2026-07-21 14:20:30.906205+00,
265377,2026-07-21 14:20:30.902833+00,49,SOLUSDT,65,GATE_1_EXPIRED,f,Signal already expired,SKIPPED,2026-07-21 14:20:30.902833+00,
265376,2026-07-21 14:20:30.894765+00,50,BTCUSDT,66,GATE_1_EXPIRED,f,Signal already expired,SKIPPED,2026-07-21 14:20:30.894765+00,
265375,2026-07-21 14:20:30.882351+00,51,ETHUSDT,63,GATE_1_EXPIRED,f,Signal already expired,SKIPPED,2026-07-21 14:20:30.882351+00,
265374,2026-07-21 14:20:16.012013+00,45,XRPUSDT,63,GATE_1_EXPIRED,f,Signal already expired,SKIPPED,2026-07-21 14:20:16.012013+00,
265373,2026-07-21 14:20:16.007607+00,46,ETHUSDT,68,GATE_1_EXPIRED,f,Signal already expired,SKIPPED,2026-07-21 14:20:16.007607+00,
265372,2026-07-21 14:20:16.00472+00,47,SOLUSDT,78,GATE_1_EXPIRED,f,Signal already expired,SKIPPED,2026-07-21 14:20:16.00472+00,
265371,2026-07-21 14:20:15.999579+00,49,SOLUSDT,65,GATE_1_EXPIRED,f,Signal already expired,SKIPPED,2026-07-21 14:20:15.999579+00,
265370,2026-07-21 14:20:15.995082+00,50,BTCUSDT,66,GATE_1_EXPIRED,f,Signal already expired,SKIPPED,2026-07-21 14:20:15.995082+00,
265369,2026-07-21 14:20:15.98463+00,51,ETHUSDT,63,GATE_1_EXPIRED,f,Signal already expired,SKIPPED,2026-07-21 14:20:15.98463+00,
265368,2026-07-21 14:20:00.857527+00,45,XRPUSDT,63,GATE_1_EXPIRED,f,Signal already expired,SKIPPED,2026-07-21 14:20:00.857527+00,
265367,2026-07-21 14:20:00.848257+00,46,ETHUSDT,68,GATE_1_EXPIRED,f,Signal already expired,SKIPPED,2026-07-21 14:20:00.848257+00,
265366,2026-07-21 14:20:00.841678+00,47,SOLUSDT,78,GATE_1_EXPIRED,f,Signal already expired,SKIPPED,2026-07-21 14:20:00.841678+00,
265365,2026-07-21 14:20:00.834957+00,49,SOLUSDT,65,GATE_1_EXPIRED,f,Signal already expired,SKIPPED,2026-07-21 14:20:00.834957+00,
265364,2026-07-21 14:20:00.830074+00,50,BTCUSDT,66,GATE_1_EXPIRED,f,Signal already expired,SKIPPED,2026-07-21 14:20:00.830074+00,
265363,2026-07-21 14:20:00.816715+00,51,ETHUSDT,63,GATE_1_EXPIRED,f,Signal already expired,SKIPPED,2026-07-21 14:20:00.816715+00,
265362,2026-07-21 14:19:45.756204+00,45,XRPUSDT,63,GATE_1_EXPIRED,f,Signal already expired,SKIPPED,2026-07-21 14:19:45.756204+00,
265361,2026-07-21 14:19:45.744804+00,46,ETHUSDT,68,GATE_1_EXPIRED,f,Signal already expired,SKIPPED,2026-07-21 14:19:45.744804+00,
265360,2026-07-21 14:19:45.740593+00,47,SOLUSDT,78,GATE_1_EXPIRED,f,Signal already expired,SKIPPED,2026-07-21 14:19:45.740593+00,
265359,2026-07-21 14:19:45.736193+00,49,SOLUSDT,65,GATE_1_EXPIRED,f,Signal already expired,SKIPPED,2026-07-21 14:19:45.736193+00,
265358,2026-07-21 14:19:45.728198+00,50,BTCUSDT,66,GATE_1_EXPIRED,f,Signal already expired,SKIPPED,2026-07-21 14:19:45.728198+00,
265357,2026-07-21 14:19:45.721778+00,51,ETHUSDT,63,GATE_1_EXPIRED,f,Signal already expired,SKIPPED,2026-07-21 14:19:45.721778+00,
265356,2026-07-21 14:19:30.743768+00,45,XRPUSDT,63,GATE_1_EXPIRED,f,Signal already expired,SKIPPED,2026-07-21 14:19:30.743768+00,
265355,2026-07-21 14:19:30.738124+00,46,ETHUSDT,68,GATE_1_EXPIRED,f,Signal already expired,SKIPPED,2026-07-21 14:19:30.738124+00,
265354,2026-07-21 14:19:30.731668+00,47,SOLUSDT,78,GATE_1_EXPIRED,f,Signal already expired,SKIPPED,2026-07-21 14:19:30.731668+00,
265353,2026-07-21 14:19:30.725436+00,49,SOLUSDT,65,GATE_1_EXPIRED,f,Signal already expired,SKIPPED,2026-07-21 14:19:30.725436+00,
265352,2026-07-21 14:19:30.717687+00,50,BTCUSDT,66,GATE_1_EXPIRED,f,Signal already expired,SKIPPED,2026-07-21 14:19:30.717687+00,
265351,2026-07-21 14:19:30.710861+00,51,ETHUSDT,63,GATE_1_EXPIRED,f,Signal already expired,SKIPPED,2026-07-21 14:19:30.710861+00,
265350,2026-07-21 14:19:15.778695+00,45,XRPUSDT,63,GATE_1_EXPIRED,f,Signal already expired,SKIPPED,2026-07-21 14:19:15.778695+00,
265349,2026-07-21 14:19:15.769398+00,46,ETHUSDT,68,GATE_1_EXPIRED,f,Signal already expired,SKIPPED,2026-07-21 14:19:15.769398+00,
265348,2026-07-21 14:19:15.763006+00,47,SOLUSDT,78,GATE_1_EXPIRED,f,Signal already expired,SKIPPED,2026-07-21 14:19:15.763006+00,
265347,2026-07-21 14:19:15.754734+00,49,SOLUSDT,65,GATE_1_EXPIRED,f,Signal already expired,SKIPPED,2026-07-21 14:19:15.754734+00,
265346,2026-07-21 14:19:15.746209+00,50,BTCUSDT,66,GATE_1_EXPIRED,f,Signal already expired,SKIPPED,2026-07-21 14:19:15.746209+00,
265345,2026-07-21 14:19:15.739043+00,51,ETHUSDT,63,GATE_1_EXPIRED,f,Signal already expired,SKIPPED,2026-07-21 14:19:15.739043+00,
265344,2026-07-21 14:19:00.770703+00,45,XRPUSDT,63,GATE_1_EXPIRED,f,Signal already expired,SKIPPED,2026-07-21 14:19:00.770703+00,
265343,2026-07-21 14:19:00.75656+00,46,ETHUSDT,68,GATE_1_EXPIRED,f,Signal already expired,SKIPPED,2026-07-21 14:19:00.75656+00,
265342,2026-07-21 14:19:00.74635+00,47,SOLUSDT,78,GATE_1_EXPIRED,f,Signal already expired,SKIPPED,2026-07-21 14:19:00.74635+00,
265341,2026-07-21 14:19:00.740875+00,49,SOLUSDT,65,GATE_1_EXPIRED,f,Signal already expired,SKIPPED,2026-07-21 14:19:00.740875+00,
265340,2026-07-21 14:19:00.730459+00,50,BTCUSDT,66,GATE_1_EXPIRED,f,Signal already expired,SKIPPED,2026-07-21 14:19:00.730459+00,
265339,2026-07-21 14:19:00.715977+00,51,ETHUSDT,63,GATE_1_EXPIRED,f,Signal already expired,SKIPPED,2026-07-21 14:19:00.715977+00,
265338,2026-07-21 14:18:46.005206+00,45,XRPUSDT,63,GATE_1_EXPIRED,f,Signal already expired,SKIPPED,2026-07-21 14:18:46.005206+00,
265337,2026-07-21 14:18:45.998333+00,46,ETHUSDT,68,GATE_1_EXPIRED,f,Signal already expired,SKIPPED,2026-07-21 14:18:45.998333+00,
265336,2026-07-21 14:18:45.988218+00,47,SOLUSDT,78,GATE_1_EXPIRED,f,Signal already expired,SKIPPED,2026-07-21 14:18:45.988218+00,
265335,2026-07-21 14:18:45.978122+00,49,SOLUSDT,65,GATE_1_EXPIRED,f,Signal already expired,SKIPPED,2026-07-21 14:18:45.978122+00,
265334,2026-07-21 14:18:45.974211+00,50,BTCUSDT,66,GATE_1_EXPIRED,f,Signal already expired,SKIPPED,2026-07-21 14:18:45.974211+00,
265333,2026-07-21 14:18:45.954804+00,51,ETHUSDT,63,GATE_1_EXPIRED,f,Signal already expired,SKIPPED,2026-07-21 14:18:45.954804+00,
265332,2026-07-21 14:18:30.74824+00,45,XRPUSDT,63,GATE_1_EXPIRED,f,Signal already expired,SKIPPED,2026-07-21 14:18:30.74824+00,
265331,2026-07-21 14:18:30.738777+00,46,ETHUSDT,68,GATE_1_EXPIRED,f,Signal already expired,SKIPPED,2026-07-21 14:18:30.738777+00,
265330,2026-07-21 14:18:30.728107+00,47,SOLUSDT,78,GATE_1_EXPIRED,f,Signal already expired,SKIPPED,2026-07-21 14:18:30.728107+00,
265329,2026-07-21 14:18:30.718278+00,49,SOLUSDT,65,GATE_1_EXPIRED,f,Signal already expired,SKIPPED,2026-07-21 14:18:30.718278+00,
265328,2026-07-21 14:18:30.707568+00,50,BTCUSDT,66,GATE_1_EXPIRED,f,Signal already expired,SKIPPED,2026-07-21 14:18:30.707568+00,
265327,2026-07-21 14:18:30.698725+00,51,ETHUSDT,63,GATE_1_EXPIRED,f,Signal already expired,SKIPPED,2026-07-21 14:18:30.698725+00,
265326,2026-07-21 14:18:15.740636+00,45,XRPUSDT,63,GATE_1_EXPIRED,f,Signal already expired,SKIPPED,2026-07-21 14:18:15.740636+00,
265325,2026-07-21 14:18:15.734773+00,46,ETHUSDT,68,GATE_1_EXPIRED,f,Signal already expired,SKIPPED,2026-07-21 14:18:15.734773+00,
265324,2026-07-21 14:18:15.727451+00,47,SOLUSDT,78,GATE_1_EXPIRED,f,Signal already expired,SKIPPED,2026-07-21 14:18:15.727451+00,
265323,2026-07-21 14:18:15.721981+00,49,SOLUSDT,65,GATE_1_EXPIRED,f,Signal already expired,SKIPPED,2026-07-21 14:18:15.721981+00,
265322,2026-07-21 14:18:15.713276+00,50,BTCUSDT,66,GATE_1_EXPIRED,f,Signal already expired,SKIPPED,2026-07-21 14:18:15.713276+00,
265321,2026-07-21 14:18:15.703564+00,51,ETHUSDT,63,GATE_1_EXPIRED,f,Signal already expired,SKIPPED,2026-07-21 14:18:15.703564+00,
265320,2026-07-21 14:18:00.7127+00,45,XRPUSDT,63,GATE_1_EXPIRED,f,Signal already expired,SKIPPED,2026-07-21 14:18:00.7127+00,
265319,2026-07-21 14:18:00.706379+00,46,ETHUSDT,68,GATE_1_EXPIRED,f,Signal already expired,SKIPPED,2026-07-21 14:18:00.706379+00,
265318,2026-07-21 14:18:00.697864+00,47,SOLUSDT,78,GATE_1_EXPIRED,f,Signal already expired,SKIPPED,2026-07-21 14:18:00.697864+00,
265317,2026-07-21 14:18:00.691193+00,49,SOLUSDT,65,GATE_1_EXPIRED,f,Signal already expired,SKIPPED,2026-07-21 14:18:00.691193+00,
265316,2026-07-21 14:18:00.684098+00,50,BTCUSDT,66,GATE_1_EXPIRED,f,Signal already expired,SKIPPED,2026-07-21 14:18:00.684098+00,
265315,2026-07-21 14:18:00.678729+00,51,ETHUSDT,63,GATE_1_EXPIRED,f,Signal already expired,SKIPPED,2026-07-21 14:18:00.678729+00,
265314,2026-07-21 14:17:45.718101+00,45,XRPUSDT,63,GATE_1_EXPIRED,f,Signal already expired,SKIPPED,2026-07-21 14:17:45.718101+00,
265313,2026-07-21 14:17:45.709234+00,46,ETHUSDT,68,GATE_1_EXPIRED,f,Signal already expired,SKIPPED,2026-07-21 14:17:45.709234+00,
265312,2026-07-21 14:17:45.704824+00,47,SOLUSDT,78,GATE_1_EXPIRED,f,Signal already expired,SKIPPED,2026-07-21 14:17:45.704824+00,
265311,2026-07-21 14:17:45.696609+00,49,SOLUSDT,65,GATE_1_EXPIRED,f,Signal already expired,SKIPPED,2026-07-21 14:17:45.696609+00,
265310,2026-07-21 14:17:45.688924+00,50,BTCUSDT,66,GATE_1_EXPIRED,f,Signal already expired,SKIPPED,2026-07-21 14:17:45.688924+00,
265309,2026-07-21 14:17:45.680591+00,51,ETHUSDT,63,GATE_1_EXPIRED,f,Signal already expired,SKIPPED,2026-07-21 14:17:45.680591+00,
265308,2026-07-21 14:17:30.685258+00,45,XRPUSDT,63,GATE_1_EXPIRED,f,Signal already expired,SKIPPED,2026-07-21 14:17:30.685258+00,
265307,2026-07-21 14:17:30.681857+00,46,ETHUSDT,68,GATE_1_EXPIRED,f,Signal already expired,SKIPPED,2026-07-21 14:17:30.681857+00,
265306,2026-07-21 14:17:30.676274+00,47,SOLUSDT,78,GATE_1_EXPIRED,f,Signal already expired,SKIPPED,2026-07-21 14:17:30.676274+00,
265305,2026-07-21 14:17:30.667429+00,49,SOLUSDT,65,GATE_1_EXPIRED,f,Signal already expired,SKIPPED,2026-07-21 14:17:30.667429+00,
265304,2026-07-21 14:17:30.663744+00,50,BTCUSDT,66,GATE_1_EXPIRED,f,Signal already expired,SKIPPED,2026-07-21 14:17:30.663744+00,
265303,2026-07-21 14:17:30.658773+00,51,ETHUSDT,63,GATE_1_EXPIRED,f,Signal already expired,SKIPPED,2026-07-21 14:17:30.658773+00,
265302,2026-07-21 14:17:15.693616+00,45,XRPUSDT,63,GATE_1_EXPIRED,f,Signal already expired,SKIPPED,2026-07-21 14:17:15.693616+00,
265301,2026-07-21 14:17:15.687176+00,46,ETHUSDT,68,GATE_1_EXPIRED,f,Signal already expired,SKIPPED,2026-07-21 14:17:15.687176+00,
265300,2026-07-21 14:17:15.673066+00,47,SOLUSDT,78,GATE_1_EXPIRED,f,Signal already expired,SKIPPED,2026-07-21 14:17:15.673066+00,
265299,2026-07-21 14:17:15.666862+00,49,SOLUSDT,65,GATE_1_EXPIRED,f,Signal already expired,SKIPPED,2026-07-21 14:17:15.666862+00,
265298,2026-07-21 14:17:15.662907+00,50,BTCUSDT,66,GATE_1_EXPIRED,f,Signal already expired,SKIPPED,2026-07-21 14:17:15.662907+00,
265297,2026-07-21 14:17:15.655983+00,51,ETHUSDT,63,GATE_1_EXPIRED,f,Signal already expired,SKIPPED,2026-07-21 14:17:15.655983+00,
265296,2026-07-21 14:17:00.665197+00,45,XRPUSDT,63,GATE_1_EXPIRED,f,Signal already expired,SKIPPED,2026-07-21 14:17:00.665197+00,
265295,2026-07-21 14:17:00.661471+00,46,ETHUSDT,68,GATE_1_EXPIRED,f,Signal already expired,SKIPPED,2026-07-21 14:17:00.661471+00,
265294,2026-07-21 14:17:00.658543+00,47,SOLUSDT,78,GATE_1_EXPIRED,f,Signal already expired,SKIPPED,2026-07-21 14:17:00.658543+00,
265293,2026-07-21 14:17:00.655691+00,49,SOLUSDT,65,GATE_1_EXPIRED,f,Signal already expired,SKIPPED,2026-07-21 14:17:00.655691+00,
265292,2026-07-21 14:17:00.653029+00,50,BTCUSDT,66,GATE_1_EXPIRED,f,Signal already expired,SKIPPED,2026-07-21 14:17:00.653029+00,
265291,2026-07-21 14:17:00.648332+00,51,ETHUSDT,63,GATE_1_EXPIRED,f,Signal already expired,SKIPPED,2026-07-21 14:17:00.648332+00,
265290,2026-07-21 14:16:46.136668+00,45,XRPUSDT,63,GATE_1_EXPIRED,f,Signal already expired,SKIPPED,2026-07-21 14:16:46.136668+00,
265289,2026-07-21 14:16:46.129569+00,46,ETHUSDT,68,GATE_1_EXPIRED,f,Signal already expired,SKIPPED,2026-07-21 14:16:46.129569+00,
265288,2026-07-21 14:16:46.122189+00,47,SOLUSDT,78,GATE_1_EXPIRED,f,Signal already expired,SKIPPED,2026-07-21 14:16:46.122189+00,
265287,2026-07-21 14:16:46.11642+00,49,SOLUSDT,65,GATE_1_EXPIRED,f,Signal already expired,SKIPPED,2026-07-21 14:16:46.11642+00,
265286,2026-07-21 14:16:46.040258+00,50,BTCUSDT,66,GATE_1_EXPIRED,f,Signal already expired,SKIPPED,2026-07-21 14:16:46.040258+00,
265285,2026-07-21 14:16:45.642784+00,51,ETHUSDT,63,GATE_1_EXPIRED,f,Signal already expired,SKIPPED,2026-07-21 14:16:45.642784+00,
265284,2026-07-21 14:16:30.669607+00,45,XRPUSDT,63,GATE_1_EXPIRED,f,Signal already expired,SKIPPED,2026-07-21 14:16:30.669607+00,
265283,2026-07-21 14:16:30.664841+00,46,ETHUSDT,68,GATE_1_EXPIRED,f,Signal already expired,SKIPPED,2026-07-21 14:16:30.664841+00,
265282,2026-07-21 14:16:30.659826+00,47,SOLUSDT,78,GATE_1_EXPIRED,f,Signal already expired,SKIPPED,2026-07-21 14:16:30.659826+00,
265281,2026-07-21 14:16:30.655628+00,49,SOLUSDT,65,GATE_1_EXPIRED,f,Signal already expired,SKIPPED,2026-07-21 14:16:30.655628+00,
265280,2026-07-21 14:16:30.648661+00,50,BTCUSDT,66,GATE_1_EXPIRED,f,Signal already expired,SKIPPED,2026-07-21 14:16:30.648661+00,
265279,2026-07-21 14:16:30.640987+00,51,ETHUSDT,63,GATE_1_EXPIRED,f,Signal already expired,SKIPPED,2026-07-21 14:16:30.640987+00,
265278,2026-07-21 14:16:15.663524+00,45,XRPUSDT,63,GATE_1_EXPIRED,f,Signal already expired,SKIPPED,2026-07-21 14:16:15.663524+00,
265277,2026-07-21 14:16:15.659349+00,46,ETHUSDT,68,GATE_1_EXPIRED,f,Signal already expired,SKIPPED,2026-07-21 14:16:15.659349+00,
265276,2026-07-21 14:16:15.654907+00,47,SOLUSDT,78,GATE_1_EXPIRED,f,Signal already expired,SKIPPED,2026-07-21 14:16:15.654907+00,
265275,2026-07-21 14:16:15.650837+00,49,SOLUSDT,65,GATE_1_EXPIRED,f,Signal already expired,SKIPPED,2026-07-21 14:16:15.650837+00,
265274,2026-07-21 14:16:15.647024+00,50,BTCUSDT,66,GATE_1_EXPIRED,f,Signal already expired,SKIPPED,2026-07-21 14:16:15.647024+00,
265273,2026-07-21 14:16:15.642055+00,51,ETHUSDT,63,GATE_1_EXPIRED,f,Signal already expired,SKIPPED,2026-07-21 14:16:15.642055+00,
265272,2026-07-21 14:16:00.664691+00,45,XRPUSDT,63,GATE_1_EXPIRED,f,Signal already expired,SKIPPED,2026-07-21 14:16:00.664691+00,
265271,2026-07-21 14:16:00.661184+00,46,ETHUSDT,68,GATE_1_EXPIRED,f,Signal already expired,SKIPPED,2026-07-21 14:16:00.661184+00,
265270,2026-07-21 14:16:00.657874+00,47,SOLUSDT,78,GATE_1_EXPIRED,f,Signal already expired,SKIPPED,2026-07-21 14:16:00.657874+00,
265269,2026-07-21 14:16:00.655148+00,49,SOLUSDT,65,GATE_1_EXPIRED,f,Signal already expired,SKIPPED,2026-07-21 14:16:00.655148+00,
265268,2026-07-21 14:16:00.651154+00,50,BTCUSDT,66,GATE_1_EXPIRED,f,Signal already expired,SKIPPED,2026-07-21 14:16:00.651154+00,
265267,2026-07-21 14:16:00.646253+00,51,ETHUSDT,63,GATE_1_EXPIRED,f,Signal already expired,SKIPPED,2026-07-21 14:16:00.646253+00,
265266,2026-07-21 14:15:45.670866+00,45,XRPUSDT,63,GATE_1_EXPIRED,f,Signal already expired,SKIPPED,2026-07-21 14:15:45.670866+00,
265265,2026-07-21 14:15:45.666536+00,46,ETHUSDT,68,GATE_1_EXPIRED,f,Signal already expired,SKIPPED,2026-07-21 14:15:45.666536+00,
265264,2026-07-21 14:15:45.662431+00,47,SOLUSDT,78,GATE_1_EXPIRED,f,Signal already expired,SKIPPED,2026-07-21 14:15:45.662431+00,
265263,2026-07-21 14:15:45.652492+00,49,SOLUSDT,65,GATE_1_EXPIRED,f,Signal already expired,SKIPPED,2026-07-21 14:15:45.652492+00,
265262,2026-07-21 14:15:45.645725+00,50,BTCUSDT,66,GATE_1_EXPIRED,f,Signal already expired,SKIPPED,2026-07-21 14:15:45.645725+00,
265261,2026-07-21 14:15:45.639935+00,51,ETHUSDT,63,GATE_1_EXPIRED,f,Signal already expired,SKIPPED,2026-07-21 14:15:45.639935+00,
265260,2026-07-21 14:15:30.668656+00,45,XRPUSDT,63,GATE_1_EXPIRED,f,Signal already expired,SKIPPED,2026-07-21 14:15:30.668656+00,
265259,2026-07-21 14:15:30.664665+00,46,ETHUSDT,68,GATE_1_EXPIRED,f,Signal already expired,SKIPPED,2026-07-21 14:15:30.664665+00,
265258,2026-07-21 14:15:30.660703+00,47,SOLUSDT,78,GATE_1_EXPIRED,f,Signal already expired,SKIPPED,2026-07-21 14:15:30.660703+00,
265257,2026-07-21 14:15:30.656684+00,49,SOLUSDT,65,GATE_1_EXPIRED,f,Signal already expired,SKIPPED,2026-07-21 14:15:30.656684+00,
265256,2026-07-21 14:15:30.653781+00,50,BTCUSDT,66,GATE_1_EXPIRED,f,Signal already expired,SKIPPED,2026-07-21 14:15:30.653781+00,
265255,2026-07-21 14:15:30.648942+00,51,ETHUSDT,63,GATE_1_EXPIRED,f,Signal already expired,SKIPPED,2026-07-21 14:15:30.648942+00,
265254,2026-07-21 14:15:15.677225+00,45,XRPUSDT,63,GATE_1_EXPIRED,f,Signal already expired,SKIPPED,2026-07-21 14:15:15.677225+00,
265253,2026-07-21 14:15:15.670818+00,46,ETHUSDT,68,GATE_1_EXPIRED,f,Signal already expired,SKIPPED,2026-07-21 14:15:15.670818+00,
265252,2026-07-21 14:15:15.666066+00,47,SOLUSDT,78,GATE_1_EXPIRED,f,Signal already expired,SKIPPED,2026-07-21 14:15:15.666066+00,
265251,2026-07-21 14:15:15.659025+00,49,SOLUSDT,65,GATE_1_EXPIRED,f,Signal already expired,SKIPPED,2026-07-21 14:15:15.659025+00,
265250,2026-07-21 14:15:15.652268+00,50,BTCUSDT,66,GATE_1_EXPIRED,f,Signal already expired,SKIPPED,2026-07-21 14:15:15.652268+00,
265249,2026-07-21 14:15:15.644723+00,51,ETHUSDT,63,GATE_1_EXPIRED,f,Signal already expired,SKIPPED,2026-07-21 14:15:15.644723+00,
265248,2026-07-21 14:15:00.655954+00,45,XRPUSDT,63,GATE_1_EXPIRED,f,Signal already expired,SKIPPED,2026-07-21 14:15:00.655954+00,
265247,2026-07-21 14:15:00.651524+00,46,ETHUSDT,68,GATE_1_EXPIRED,f,Signal already expired,SKIPPED,2026-07-21 14:15:00.651524+00,
265246,2026-07-21 14:15:00.645065+00,47,SOLUSDT,78,GATE_1_EXPIRED,f,Signal already expired,SKIPPED,2026-07-21 14:15:00.645065+00,
265245,2026-07-21 14:15:00.639023+00,49,SOLUSDT,65,GATE_1_EXPIRED,f,Signal already expired,SKIPPED,2026-07-21 14:15:00.639023+00,
265244,2026-07-21 14:15:00.632947+00,50,BTCUSDT,66,GATE_1_EXPIRED,f,Signal already expired,SKIPPED,2026-07-21 14:15:00.632947+00,
265243,2026-07-21 14:15:00.628345+00,51,ETHUSDT,63,GATE_1_EXPIRED,f,Signal already expired,SKIPPED,2026-07-21 14:15:00.628345+00,
265242,2026-07-21 14:14:45.675577+00,45,XRPUSDT,63,GATE_1_EXPIRED,f,Signal already expired,SKIPPED,2026-07-21 14:14:45.675577+00,
265241,2026-07-21 14:14:45.661841+00,46,ETHUSDT,68,GATE_1_EXPIRED,f,Signal already expired,SKIPPED,2026-07-21 14:14:45.661841+00,
265240,2026-07-21 14:14:45.652339+00,47,SOLUSDT,78,GATE_1_EXPIRED,f,Signal already expired,SKIPPED,2026-07-21 14:14:45.652339+00,
265239,2026-07-21 14:14:45.646555+00,49,SOLUSDT,65,GATE_1_EXPIRED,f,Signal already expired,SKIPPED,2026-07-21 14:14:45.646555+00,
265238,2026-07-21 14:14:45.63608+00,50,BTCUSDT,66,GATE_1_EXPIRED,f,Signal already expired,SKIPPED,2026-07-21 14:14:45.63608+00,
265237,2026-07-21 14:14:45.627361+00,51,ETHUSDT,63,GATE_1_EXPIRED,f,Signal already expired,SKIPPED,2026-07-21 14:14:45.627361+00,
265236,2026-07-21 14:14:30.660709+00,45,XRPUSDT,63,GATE_1_EXPIRED,f,Signal already expired,SKIPPED,2026-07-21 14:14:30.660709+00,
265235,2026-07-21 14:14:30.65551+00,46,ETHUSDT,68,GATE_1_EXPIRED,f,Signal already expired,SKIPPED,2026-07-21 14:14:30.65551+00,
265234,2026-07-21 14:14:30.650487+00,47,SOLUSDT,78,GATE_1_EXPIRED,f,Signal already expired,SKIPPED,2026-07-21 14:14:30.650487+00,
265233,2026-07-21 14:14:30.644184+00,49,SOLUSDT,65,GATE_1_EXPIRED,f,Signal already expired,SKIPPED,2026-07-21 14:14:30.644184+00,
265232,2026-07-21 14:14:30.635388+00,50,BTCUSDT,66,GATE_1_EXPIRED,f,Signal already expired,SKIPPED,2026-07-21 14:14:30.635388+00,
265231,2026-07-21 14:14:30.62677+00,51,ETHUSDT,63,GATE_1_EXPIRED,f,Signal already expired,SKIPPED,2026-07-21 14:14:30.62677+00,
265230,2026-07-21 14:14:15.653953+00,45,XRPUSDT,63,GATE_1_EXPIRED,f,Signal already expired,SKIPPED,2026-07-21 14:14:15.653953+00,
265229,2026-07-21 14:14:15.648201+00,46,ETHUSDT,68,GATE_1_EXPIRED,f,Signal already expired,SKIPPED,2026-07-21 14:14:15.648201+00,
265228,2026-07-21 14:14:15.640711+00,47,SOLUSDT,78,GATE_1_EXPIRED,f,Signal already expired,SKIPPED,2026-07-21 14:14:15.640711+00,
265227,2026-07-21 14:14:15.635214+00,49,SOLUSDT,65,GATE_1_EXPIRED,f,Signal already expired,SKIPPED,2026-07-21 14:14:15.635214+00,
265226,2026-07-21 14:14:15.62856+00,50,BTCUSDT,66,GATE_1_EXPIRED,f,Signal already expired,SKIPPED,2026-07-21 14:14:15.62856+00,
265225,2026-07-21 14:14:15.621196+00,51,ETHUSDT,63,GATE_1_EXPIRED,f,Signal already expired,SKIPPED,2026-07-21 14:14:15.621196+00,
265224,2026-07-21 14:14:00.674517+00,45,XRPUSDT,63,GATE_1_EXPIRED,f,Signal already expired,SKIPPED,2026-07-21 14:14:00.674517+00,
265223,2026-07-21 14:14:00.660697+00,46,ETHUSDT,68,GATE_1_EXPIRED,f,Signal already expired,SKIPPED,2026-07-21 14:14:00.660697+00,
265222,2026-07-21 14:14:00.648076+00,47,SOLUSDT,78,GATE_1_EXPIRED,f,Signal already expired,SKIPPED,2026-07-21 14:14:00.648076+00,
265221,2026-07-21 14:14:00.637044+00,49,SOLUSDT,65,GATE_1_EXPIRED,f,Signal already expired,SKIPPED,2026-07-21 14:14:00.637044+00,
265220,2026-07-21 14:14:00.628472+00,50,BTCUSDT,66,GATE_1_EXPIRED,f,Signal already expired,SKIPPED,2026-07-21 14:14:00.628472+00,
265219,2026-07-21 14:14:00.623416+00,51,ETHUSDT,63,GATE_1_EXPIRED,f,Signal already expired,SKIPPED,2026-07-21 14:14:00.623416+00,
265218,2026-07-21 14:13:45.651564+00,45,XRPUSDT,63,GATE_1_EXPIRED,f,Signal already expired,SKIPPED,2026-07-21 14:13:45.651564+00,
265217,2026-07-21 14:13:45.641582+00,46,ETHUSDT,68,GATE_1_EXPIRED,f,Signal already expired,SKIPPED,2026-07-21 14:13:45.641582+00,
265216,2026-07-21 14:13:45.63476+00,47,SOLUSDT,78,GATE_1_EXPIRED,f,Signal already expired,SKIPPED,2026-07-21 14:13:45.63476+00,
265215,2026-07-21 14:13:45.629623+00,49,SOLUSDT,65,GATE_1_EXPIRED,f,Signal already expired,SKIPPED,2026-07-21 14:13:45.629623+00,
265214,2026-07-21 14:13:45.626434+00,50,BTCUSDT,66,GATE_1_EXPIRED,f,Signal already expired,SKIPPED,2026-07-21 14:13:45.626434+00,
265213,2026-07-21 14:13:45.622767+00,51,ETHUSDT,63,GATE_1_EXPIRED,f,Signal already expired,SKIPPED,2026-07-21 14:13:45.622767+00,
265212,2026-07-21 14:13:30.643533+00,45,XRPUSDT,63,GATE_1_EXPIRED,f,Signal already expired,SKIPPED,2026-07-21 14:13:30.643533+00,
265211,2026-07-21 14:13:30.63931+00,46,ETHUSDT,68,GATE_1_EXPIRED,f,Signal already expired,SKIPPED,2026-07-21 14:13:30.63931+00,
265210,2026-07-21 14:13:30.635292+00,47,SOLUSDT,78,GATE_1_EXPIRED,f,Signal already expired,SKIPPED,2026-07-21 14:13:30.635292+00,
265209,2026-07-21 14:13:30.631218+00,49,SOLUSDT,65,GATE_1_EXPIRED,f,Signal already expired,SKIPPED,2026-07-21 14:13:30.631218+00,
265208,2026-07-21 14:13:30.627195+00,50,BTCUSDT,66,GATE_1_EXPIRED,f,Signal already expired,SKIPPED,2026-07-21 14:13:30.627195+00,
265207,2026-07-21 14:13:30.619546+00,51,ETHUSDT,63,GATE_1_EXPIRED,f,Signal already expired,SKIPPED,2026-07-21 14:13:30.619546+00,
265206,2026-07-21 14:13:15.653999+00,45,XRPUSDT,63,GATE_1_EXPIRED,f,Signal already expired,SKIPPED,2026-07-21 14:13:15.653999+00,
265205,2026-07-21 14:13:15.64687+00,46,ETHUSDT,68,GATE_1_EXPIRED,f,Signal already expired,SKIPPED,2026-07-21 14:13:15.64687+00,
265204,2026-07-21 14:13:15.638012+00,47,SOLUSDT,78,GATE_1_EXPIRED,f,Signal already expired,SKIPPED,2026-07-21 14:13:15.638012+00,
265203,2026-07-21 14:13:15.629378+00,49,SOLUSDT,65,GATE_1_EXPIRED,f,Signal already expired,SKIPPED,2026-07-21 14:13:15.629378+00,
265202,2026-07-21 14:13:15.623955+00,50,BTCUSDT,66,GATE_1_EXPIRED,f,Signal already expired,SKIPPED,2026-07-21 14:13:15.623955+00,
265201,2026-07-21 14:13:15.61276+00,51,ETHUSDT,63,GATE_1_EXPIRED,f,Signal already expired,SKIPPED,2026-07-21 14:13:15.61276+00,
265200,2026-07-21 14:13:00.642553+00,45,XRPUSDT,63,GATE_1_EXPIRED,f,Signal already expired,SKIPPED,2026-07-21 14:13:00.642553+00,
265199,2026-07-21 14:13:00.636587+00,46,ETHUSDT,68,GATE_1_EXPIRED,f,Signal already expired,SKIPPED,2026-07-21 14:13:00.636587+00,
265198,2026-07-21 14:13:00.629074+00,47,SOLUSDT,78,GATE_1_EXPIRED,f,Signal already expired,SKIPPED,2026-07-21 14:13:00.629074+00,
265197,2026-07-21 14:13:00.623714+00,49,SOLUSDT,65,GATE_1_EXPIRED,f,Signal already expired,SKIPPED,2026-07-21 14:13:00.623714+00,
265196,2026-07-21 14:13:00.615174+00,50,BTCUSDT,66,GATE_1_EXPIRED,f,Signal already expired,SKIPPED,2026-07-21 14:13:00.615174+00,
265195,2026-07-21 14:13:00.610424+00,51,ETHUSDT,63,GATE_1_EXPIRED,f,Signal already expired,SKIPPED,2026-07-21 14:13:00.610424+00,
265194,2026-07-21 14:12:45.632685+00,45,XRPUSDT,63,GATE_1_EXPIRED,f,Signal already expired,SKIPPED,2026-07-21 14:12:45.632685+00,
265193,2026-07-21 14:12:45.629045+00,46,ETHUSDT,68,GATE_1_EXPIRED,f,Signal already expired,SKIPPED,2026-07-21 14:12:45.629045+00,
265192,2026-07-21 14:12:45.623172+00,47,SOLUSDT,78,GATE_1_EXPIRED,f,Signal already expired,SKIPPED,2026-07-21 14:12:45.623172+00,
265191,2026-07-21 14:12:45.618461+00,49,SOLUSDT,65,GATE_1_EXPIRED,f,Signal already expired,SKIPPED,2026-07-21 14:12:45.618461+00,
265190,2026-07-21 14:12:45.614405+00,50,BTCUSDT,66,GATE_1_EXPIRED,f,Signal already expired,SKIPPED,2026-07-21 14:12:45.614405+00,
265189,2026-07-21 14:12:45.608084+00,51,ETHUSDT,63,GATE_1_EXPIRED,f,Signal already expired,SKIPPED,2026-07-21 14:12:45.608084+00,
265188,2026-07-21 14:12:30.642412+00,45,XRPUSDT,63,GATE_1_EXPIRED,f,Signal already expired,SKIPPED,2026-07-21 14:12:30.642412+00,
265187,2026-07-21 14:12:30.63346+00,46,ETHUSDT,68,GATE_1_EXPIRED,f,Signal already expired,SKIPPED,2026-07-21 14:12:30.63346+00,
265186,2026-07-21 14:12:30.622409+00,47,SOLUSDT,78,GATE_1_EXPIRED,f,Signal already expired,SKIPPED,2026-07-21 14:12:30.622409+00,
265185,2026-07-21 14:12:30.618721+00,49,SOLUSDT,65,GATE_1_EXPIRED,f,Signal already expired,SKIPPED,2026-07-21 14:12:30.618721+00,
265184,2026-07-21 14:12:30.612023+00,50,BTCUSDT,66,GATE_1_EXPIRED,f,Signal already expired,SKIPPED,2026-07-21 14:12:30.612023+00,
265183,2026-07-21 14:12:30.606393+00,51,ETHUSDT,63,GATE_1_EXPIRED,f,Signal already expired,SKIPPED,2026-07-21 14:12:30.606393+00,
265182,2026-07-21 14:12:15.62855+00,45,XRPUSDT,63,GATE_1_EXPIRED,f,Signal already expired,SKIPPED,2026-07-21 14:12:15.62855+00,
265181,2026-07-21 14:12:15.623422+00,46,ETHUSDT,68,GATE_1_EXPIRED,f,Signal already expired,SKIPPED,2026-07-21 14:12:15.623422+00,
265180,2026-07-21 14:12:15.618376+00,47,SOLUSDT,78,GATE_1_EXPIRED,f,Signal already expired,SKIPPED,2026-07-21 14:12:15.618376+00,
265179,2026-07-21 14:12:15.613167+00,49,SOLUSDT,65,GATE_1_EXPIRED,f,Signal already expired,SKIPPED,2026-07-21 14:12:15.613167+00,
265178,2026-07-21 14:12:15.607851+00,50,BTCUSDT,66,GATE_1_EXPIRED,f,Signal already expired,SKIPPED,2026-07-21 14:12:15.607851+00,
265177,2026-07-21 14:12:15.600891+00,51,ETHUSDT,63,GATE_1_EXPIRED,f,Signal already expired,SKIPPED,2026-07-21 14:12:15.600891+00,
265176,2026-07-21 14:12:00.643804+00,45,XRPUSDT,63,GATE_1_EXPIRED,f,Signal already expired,SKIPPED,2026-07-21 14:12:00.643804+00,
265175,2026-07-21 14:12:00.638652+00,46,ETHUSDT,68,GATE_1_EXPIRED,f,Signal already expired,SKIPPED,2026-07-21 14:12:00.638652+00,
265174,2026-07-21 14:12:00.629244+00,47,SOLUSDT,78,GATE_1_EXPIRED,f,Signal already expired,SKIPPED,2026-07-21 14:12:00.629244+00,
265173,2026-07-21 14:12:00.620604+00,49,SOLUSDT,65,GATE_1_EXPIRED,f,Signal already expired,SKIPPED,2026-07-21 14:12:00.620604+00,
265172,2026-07-21 14:12:00.607953+00,50,BTCUSDT,66,GATE_1_EXPIRED,f,Signal already expired,SKIPPED,2026-07-21 14:12:00.607953+00,
265171,2026-07-21 14:12:00.600863+00,51,ETHUSDT,63,GATE_1_EXPIRED,f,Signal already expired,SKIPPED,2026-07-21 14:12:00.600863+00,
265170,2026-07-21 14:11:45.622109+00,45,XRPUSDT,63,GATE_1_EXPIRED,f,Signal already expired,SKIPPED,2026-07-21 14:11:45.622109+00,
265169,2026-07-21 14:11:45.616242+00,46,ETHUSDT,68,GATE_1_EXPIRED,f,Signal already expired,SKIPPED,2026-07-21 14:11:45.616242+00,
265168,2026-07-21 14:11:45.612448+00,47,SOLUSDT,78,GATE_1_EXPIRED,f,Signal already expired,SKIPPED,2026-07-21 14:11:45.612448+00,
265167,2026-07-21 14:11:45.608769+00,49,SOLUSDT,65,GATE_1_EXPIRED,f,Signal already expired,SKIPPED,2026-07-21 14:11:45.608769+00,
265166,2026-07-21 14:11:45.604868+00,50,BTCUSDT,66,GATE_1_EXPIRED,f,Signal already expired,SKIPPED,2026-07-21 14:11:45.604868+00,
265165,2026-07-21 14:11:45.597203+00,51,ETHUSDT,63,GATE_1_EXPIRED,f,Signal already expired,SKIPPED,2026-07-21 14:11:45.597203+00,
265164,2026-07-21 14:11:30.636965+00,45,XRPUSDT,63,GATE_1_EXPIRED,f,Signal already expired,SKIPPED,2026-07-21 14:11:30.636965+00,
265163,2026-07-21 14:11:30.62977+00,46,ETHUSDT,68,GATE_1_EXPIRED,f,Signal already expired,SKIPPED,2026-07-21 14:11:30.62977+00,
265162,2026-07-21 14:11:30.625488+00,47,SOLUSDT,78,GATE_1_EXPIRED,f,Signal already expired,SKIPPED,2026-07-21 14:11:30.625488+00,
265161,2026-07-21 14:11:30.619058+00,49,SOLUSDT,65,GATE_1_EXPIRED,f,Signal already expired,SKIPPED,2026-07-21 14:11:30.619058+00,
265160,2026-07-21 14:11:30.609346+00,50,BTCUSDT,66,GATE_1_EXPIRED,f,Signal already expired,SKIPPED,2026-07-21 14:11:30.609346+00,
265159,2026-07-21 14:11:30.601189+00,51,ETHUSDT,63,GATE_1_EXPIRED,f,Signal already expired,SKIPPED,2026-07-21 14:11:30.601189+00,
265158,2026-07-21 14:11:15.628874+00,45,XRPUSDT,63,GATE_1_EXPIRED,f,Signal already expired,SKIPPED,2026-07-21 14:11:15.628874+00,
265157,2026-07-21 14:11:15.623779+00,46,ETHUSDT,68,GATE_1_EXPIRED,f,Signal already expired,SKIPPED,2026-07-21 14:11:15.623779+00,
265156,2026-07-21 14:11:15.616736+00,47,SOLUSDT,78,GATE_1_EXPIRED,f,Signal already expired,SKIPPED,2026-07-21 14:11:15.616736+00,
265155,2026-07-21 14:11:15.6104+00,49,SOLUSDT,65,GATE_1_EXPIRED,f,Signal already expired,SKIPPED,2026-07-21 14:11:15.6104+00,
265154,2026-07-21 14:11:15.606007+00,50,BTCUSDT,66,GATE_1_EXPIRED,f,Signal already expired,SKIPPED,2026-07-21 14:11:15.606007+00,
265153,2026-07-21 14:11:15.597722+00,51,ETHUSDT,63,GATE_1_EXPIRED,f,Signal already expired,SKIPPED,2026-07-21 14:11:15.597722+00,
265152,2026-07-21 14:11:00.746369+00,45,XRPUSDT,63,GATE_1_EXPIRED,f,Signal already expired,SKIPPED,2026-07-21 14:11:00.746369+00,
265151,2026-07-21 14:11:00.733199+00,46,ETHUSDT,68,GATE_1_EXPIRED,f,Signal already expired,SKIPPED,2026-07-21 14:11:00.733199+00,
265150,2026-07-21 14:11:00.723174+00,47,SOLUSDT,78,GATE_1_EXPIRED,f,Signal already expired,SKIPPED,2026-07-21 14:11:00.723174+00,
265149,2026-07-21 14:11:00.702253+00,49,SOLUSDT,65,GATE_1_EXPIRED,f,Signal already expired,SKIPPED,2026-07-21 14:11:00.702253+00,
265148,2026-07-21 14:11:00.65863+00,50,BTCUSDT,66,GATE_1_EXPIRED,f,Signal already expired,SKIPPED,2026-07-21 14:11:00.65863+00,
265147,2026-07-21 14:11:00.617334+00,51,ETHUSDT,63,GATE_1_EXPIRED,f,Signal already expired,SKIPPED,2026-07-21 14:11:00.617334+00,
265146,2026-07-21 14:10:45.644214+00,45,XRPUSDT,63,GATE_1_EXPIRED,f,Signal already expired,SKIPPED,2026-07-21 14:10:45.644214+00,
265145,2026-07-21 14:10:45.638675+00,46,ETHUSDT,68,GATE_1_EXPIRED,f,Signal already expired,SKIPPED,2026-07-21 14:10:45.638675+00,
265144,2026-07-21 14:10:45.63407+00,47,SOLUSDT,78,GATE_1_EXPIRED,f,Signal already expired,SKIPPED,2026-07-21 14:10:45.63407+00,
265143,2026-07-21 14:10:45.630442+00,49,SOLUSDT,65,GATE_1_EXPIRED,f,Signal already expired,SKIPPED,2026-07-21 14:10:45.630442+00,
265142,2026-07-21 14:10:45.626444+00,50,BTCUSDT,66,GATE_1_EXPIRED,f,Signal already expired,SKIPPED,2026-07-21 14:10:45.626444+00,
265141,2026-07-21 14:10:45.617834+00,51,ETHUSDT,63,GATE_1_EXPIRED,f,Signal already expired,SKIPPED,2026-07-21 14:10:45.617834+00,
265140,2026-07-21 14:10:30.634269+00,45,XRPUSDT,63,GATE_1_EXPIRED,f,Signal already expired,SKIPPED,2026-07-21 14:10:30.634269+00,
265139,2026-07-21 14:10:30.627906+00,46,ETHUSDT,68,GATE_1_EXPIRED,f,Signal already expired,SKIPPED,2026-07-21 14:10:30.627906+00,
265138,2026-07-21 14:10:30.619529+00,47,SOLUSDT,78,GATE_1_EXPIRED,f,Signal already expired,SKIPPED,2026-07-21 14:10:30.619529+00,
265137,2026-07-21 14:10:30.614971+00,49,SOLUSDT,65,GATE_1_EXPIRED,f,Signal already expired,SKIPPED,2026-07-21 14:10:30.614971+00,
265136,2026-07-21 14:10:30.610022+00,50,BTCUSDT,66,GATE_1_EXPIRED,f,Signal already expired,SKIPPED,2026-07-21 14:10:30.610022+00,
265135,2026-07-21 14:10:30.604354+00,51,ETHUSDT,63,GATE_1_EXPIRED,f,Signal already expired,SKIPPED,2026-07-21 14:10:30.604354+00,
265134,2026-07-21 14:10:15.575542+00,45,XRPUSDT,63,GATE_1_EXPIRED,f,Signal already expired,SKIPPED,2026-07-21 14:10:15.575542+00,
265133,2026-07-21 14:10:15.566774+00,46,ETHUSDT,68,GATE_1_EXPIRED,f,Signal already expired,SKIPPED,2026-07-21 14:10:15.566774+00,
265132,2026-07-21 14:10:15.563093+00,47,SOLUSDT,78,GATE_1_EXPIRED,f,Signal already expired,SKIPPED,2026-07-21 14:10:15.563093+00,
265131,2026-07-21 14:10:15.559203+00,49,SOLUSDT,65,GATE_1_EXPIRED,f,Signal already expired,SKIPPED,2026-07-21 14:10:15.559203+00,
265130,2026-07-21 14:10:15.55322+00,50,BTCUSDT,66,GATE_1_EXPIRED,f,Signal already expired,SKIPPED,2026-07-21 14:10:15.55322+00,
265129,2026-07-21 14:10:15.548297+00,51,ETHUSDT,63,GATE_1_EXPIRED,f,Signal already expired,SKIPPED,2026-07-21 14:10:15.548297+00,
265128,2026-07-21 14:10:00.568977+00,45,XRPUSDT,63,GATE_1_EXPIRED,f,Signal already expired,SKIPPED,2026-07-21 14:10:00.568977+00,
265127,2026-07-21 14:10:00.562551+00,46,ETHUSDT,68,GATE_1_EXPIRED,f,Signal already expired,SKIPPED,2026-07-21 14:10:00.562551+00,
265126,2026-07-21 14:10:00.558421+00,47,SOLUSDT,78,GATE_1_EXPIRED,f,Signal already expired,SKIPPED,2026-07-21 14:10:00.558421+00,
265125,2026-07-21 14:10:00.551598+00,49,SOLUSDT,65,GATE_1_EXPIRED,f,Signal already expired,SKIPPED,2026-07-21 14:10:00.551598+00,
265124,2026-07-21 14:10:00.547254+00,50,BTCUSDT,66,GATE_1_EXPIRED,f,Signal already expired,SKIPPED,2026-07-21 14:10:00.547254+00,
265123,2026-07-21 14:10:00.540685+00,51,ETHUSDT,63,GATE_1_EXPIRED,f,Signal already expired,SKIPPED,2026-07-21 14:10:00.540685+00,
265122,2026-07-21 14:09:45.584039+00,45,XRPUSDT,63,GATE_1_EXPIRED,f,Signal already expired,SKIPPED,2026-07-21 14:09:45.584039+00,
265121,2026-07-21 14:09:45.5711+00,46,ETHUSDT,68,GATE_1_EXPIRED,f,Signal already expired,SKIPPED,2026-07-21 14:09:45.5711+00,
265120,2026-07-21 14:09:45.565394+00,47,SOLUSDT,78,GATE_1_EXPIRED,f,Signal already expired,SKIPPED,2026-07-21 14:09:45.565394+00,
265119,2026-07-21 14:09:45.555847+00,49,SOLUSDT,65,GATE_1_EXPIRED,f,Signal already expired,SKIPPED,2026-07-21 14:09:45.555847+00,
265118,2026-07-21 14:09:45.548857+00,50,BTCUSDT,66,GATE_1_EXPIRED,f,Signal already expired,SKIPPED,2026-07-21 14:09:45.548857+00,
265117,2026-07-21 14:09:45.543533+00,51,ETHUSDT,63,GATE_1_EXPIRED,f,Signal already expired,SKIPPED,2026-07-21 14:09:45.543533+00,
265116,2026-07-21 14:09:30.571138+00,45,XRPUSDT,63,GATE_1_EXPIRED,f,Signal already expired,SKIPPED,2026-07-21 14:09:30.571138+00,
265115,2026-07-21 14:09:30.562403+00,46,ETHUSDT,68,GATE_1_EXPIRED,f,Signal already expired,SKIPPED,2026-07-21 14:09:30.562403+00,
265114,2026-07-21 14:09:30.551209+00,47,SOLUSDT,78,GATE_1_EXPIRED,f,Signal already expired,SKIPPED,2026-07-21 14:09:30.551209+00,
265113,2026-07-21 14:09:30.544808+00,49,SOLUSDT,65,GATE_1_EXPIRED,f,Signal already expired,SKIPPED,2026-07-21 14:09:30.544808+00,
265112,2026-07-21 14:09:30.541235+00,50,BTCUSDT,66,GATE_1_EXPIRED,f,Signal already expired,SKIPPED,2026-07-21 14:09:30.541235+00,
265111,2026-07-21 14:09:30.537361+00,51,ETHUSDT,63,GATE_1_EXPIRED,f,Signal already expired,SKIPPED,2026-07-21 14:09:30.537361+00,
265110,2026-07-21 14:09:15.588089+00,45,XRPUSDT,63,GATE_1_EXPIRED,f,Signal already expired,SKIPPED,2026-07-21 14:09:15.588089+00,
265109,2026-07-21 14:09:15.584177+00,46,ETHUSDT,68,GATE_1_EXPIRED,f,Signal already expired,SKIPPED,2026-07-21 14:09:15.584177+00,
265108,2026-07-21 14:09:15.578453+00,47,SOLUSDT,78,GATE_1_EXPIRED,f,Signal already expired,SKIPPED,2026-07-21 14:09:15.578453+00,
265107,2026-07-21 14:09:15.567189+00,49,SOLUSDT,65,GATE_1_EXPIRED,f,Signal already expired,SKIPPED,2026-07-21 14:09:15.567189+00,
265106,2026-07-21 14:09:15.560276+00,50,BTCUSDT,66,GATE_1_EXPIRED,f,Signal already expired,SKIPPED,2026-07-21 14:09:15.560276+00,
265105,2026-07-21 14:09:15.55363+00,51,ETHUSDT,63,GATE_1_EXPIRED,f,Signal already expired,SKIPPED,2026-07-21 14:09:15.55363+00,
265104,2026-07-21 14:09:00.552724+00,45,XRPUSDT,63,GATE_1_EXPIRED,f,Signal already expired,SKIPPED,2026-07-21 14:09:00.552724+00,
265103,2026-07-21 14:09:00.549295+00,46,ETHUSDT,68,GATE_1_EXPIRED,f,Signal already expired,SKIPPED,2026-07-21 14:09:00.549295+00,
265102,2026-07-21 14:09:00.543533+00,47,SOLUSDT,78,GATE_1_EXPIRED,f,Signal already expired,SKIPPED,2026-07-21 14:09:00.543533+00,
265101,2026-07-21 14:09:00.539608+00,49,SOLUSDT,65,GATE_1_EXPIRED,f,Signal already expired,SKIPPED,2026-07-21 14:09:00.539608+00,
265100,2026-07-21 14:09:00.536892+00,50,BTCUSDT,66,GATE_1_EXPIRED,f,Signal already expired,SKIPPED,2026-07-21 14:09:00.536892+00,
265099,2026-07-21 14:09:00.534117+00,51,ETHUSDT,63,GATE_1_EXPIRED,f,Signal already expired,SKIPPED,2026-07-21 14:09:00.534117+00,
265098,2026-07-21 14:08:45.589601+00,45,XRPUSDT,63,GATE_1_EXPIRED,f,Signal already expired,SKIPPED,2026-07-21 14:08:45.589601+00,
265097,2026-07-21 14:08:45.581393+00,46,ETHUSDT,68,GATE_1_EXPIRED,f,Signal already expired,SKIPPED,2026-07-21 14:08:45.581393+00,
265096,2026-07-21 14:08:45.571238+00,47,SOLUSDT,78,GATE_1_EXPIRED,f,Signal already expired,SKIPPED,2026-07-21 14:08:45.571238+00,
265095,2026-07-21 14:08:45.565146+00,49,SOLUSDT,65,GATE_1_EXPIRED,f,Signal already expired,SKIPPED,2026-07-21 14:08:45.565146+00,
265094,2026-07-21 14:08:45.560753+00,50,BTCUSDT,66,GATE_1_EXPIRED,f,Signal already expired,SKIPPED,2026-07-21 14:08:45.560753+00,
265093,2026-07-21 14:08:45.552336+00,51,ETHUSDT,63,GATE_1_EXPIRED,f,Signal already expired,SKIPPED,2026-07-21 14:08:45.552336+00,
265092,2026-07-21 14:08:30.56999+00,45,XRPUSDT,63,GATE_1_EXPIRED,f,Signal already expired,SKIPPED,2026-07-21 14:08:30.56999+00,
265091,2026-07-21 14:08:30.560805+00,46,ETHUSDT,68,GATE_1_EXPIRED,f,Signal already expired,SKIPPED,2026-07-21 14:08:30.560805+00,
265090,2026-07-21 14:08:30.55565+00,47,SOLUSDT,78,GATE_1_EXPIRED,f,Signal already expired,SKIPPED,2026-07-21 14:08:30.55565+00,
265089,2026-07-21 14:08:30.547052+00,49,SOLUSDT,65,GATE_1_EXPIRED,f,Signal already expired,SKIPPED,2026-07-21 14:08:30.547052+00,
265088,2026-07-21 14:08:30.534577+00,50,BTCUSDT,66,GATE_1_EXPIRED,f,Signal already expired,SKIPPED,2026-07-21 14:08:30.534577+00,
265087,2026-07-21 14:08:30.530323+00,51,ETHUSDT,63,GATE_1_EXPIRED,f,Signal already expired,SKIPPED,2026-07-21 14:08:30.530323+00,
265086,2026-07-21 14:08:15.555695+00,45,XRPUSDT,63,GATE_1_EXPIRED,f,Signal already expired,SKIPPED,2026-07-21 14:08:15.555695+00,
265085,2026-07-21 14:08:15.552125+00,46,ETHUSDT,68,GATE_1_EXPIRED,f,Signal already expired,SKIPPED,2026-07-21 14:08:15.552125+00,
265084,2026-07-21 14:08:15.546356+00,47,SOLUSDT,78,GATE_1_EXPIRED,f,Signal already expired,SKIPPED,2026-07-21 14:08:15.546356+00,
265083,2026-07-21 14:08:15.540366+00,49,SOLUSDT,65,GATE_1_EXPIRED,f,Signal already expired,SKIPPED,2026-07-21 14:08:15.540366+00,
265082,2026-07-21 14:08:15.534672+00,50,BTCUSDT,66,GATE_1_EXPIRED,f,Signal already expired,SKIPPED,2026-07-21 14:08:15.534672+00,
265081,2026-07-21 14:08:15.527774+00,51,ETHUSDT,63,GATE_1_EXPIRED,f,Signal already expired,SKIPPED,2026-07-21 14:08:15.527774+00,
265080,2026-07-21 14:08:00.543447+00,45,XRPUSDT,63,GATE_1_EXPIRED,f,Signal already expired,SKIPPED,2026-07-21 14:08:00.543447+00,
265079,2026-07-21 14:08:00.53984+00,46,ETHUSDT,68,GATE_1_EXPIRED,f,Signal already expired,SKIPPED,2026-07-21 14:08:00.53984+00,
265078,2026-07-21 14:08:00.535763+00,47,SOLUSDT,78,GATE_1_EXPIRED,f,Signal already expired,SKIPPED,2026-07-21 14:08:00.535763+00,
265077,2026-07-21 14:08:00.531217+00,49,SOLUSDT,65,GATE_1_EXPIRED,f,Signal already expired,SKIPPED,2026-07-21 14:08:00.531217+00,
265076,2026-07-21 14:08:00.52768+00,50,BTCUSDT,66,GATE_1_EXPIRED,f,Signal already expired,SKIPPED,2026-07-21 14:08:00.52768+00,
265075,2026-07-21 14:08:00.523628+00,51,ETHUSDT,63,GATE_1_EXPIRED,f,Signal already expired,SKIPPED,2026-07-21 14:08:00.523628+00,
265074,2026-07-21 14:07:45.539985+00,45,XRPUSDT,63,GATE_1_EXPIRED,f,Signal already expired,SKIPPED,2026-07-21 14:07:45.539985+00,
265073,2026-07-21 14:07:45.536098+00,46,ETHUSDT,68,GATE_1_EXPIRED,f,Signal already expired,SKIPPED,2026-07-21 14:07:45.536098+00,
265072,2026-07-21 14:07:45.531907+00,47,SOLUSDT,78,GATE_1_EXPIRED,f,Signal already expired,SKIPPED,2026-07-21 14:07:45.531907+00,
265071,2026-07-21 14:07:45.52912+00,49,SOLUSDT,65,GATE_1_EXPIRED,f,Signal already expired,SKIPPED,2026-07-21 14:07:45.52912+00,
265070,2026-07-21 14:07:45.525842+00,50,BTCUSDT,66,GATE_1_EXPIRED,f,Signal already expired,SKIPPED,2026-07-21 14:07:45.525842+00,
265069,2026-07-21 14:07:45.523095+00,51,ETHUSDT,63,GATE_1_EXPIRED,f,Signal already expired,SKIPPED,2026-07-21 14:07:45.523095+00,
265068,2026-07-21 14:07:30.533925+00,45,XRPUSDT,63,GATE_1_EXPIRED,f,Signal already expired,SKIPPED,2026-07-21 14:07:30.533925+00,
265067,2026-07-21 14:07:30.531196+00,46,ETHUSDT,68,GATE_1_EXPIRED,f,Signal already expired,SKIPPED,2026-07-21 14:07:30.531196+00,
265066,2026-07-21 14:07:30.528693+00,47,SOLUSDT,78,GATE_1_EXPIRED,f,Signal already expired,SKIPPED,2026-07-21 14:07:30.528693+00,
265065,2026-07-21 14:07:30.524842+00,49,SOLUSDT,65,GATE_1_EXPIRED,f,Signal already expired,SKIPPED,2026-07-21 14:07:30.524842+00,
265064,2026-07-21 14:07:30.522287+00,50,BTCUSDT,66,GATE_1_EXPIRED,f,Signal already expired,SKIPPED,2026-07-21 14:07:30.522287+00,
265063,2026-07-21 14:07:30.51786+00,51,ETHUSDT,63,GATE_1_EXPIRED,f,Signal already expired,SKIPPED,2026-07-21 14:07:30.51786+00,
265062,2026-07-21 14:07:15.559046+00,45,XRPUSDT,63,GATE_1_EXPIRED,f,Signal already expired,SKIPPED,2026-07-21 14:07:15.559046+00,
265061,2026-07-21 14:07:15.548402+00,46,ETHUSDT,68,GATE_1_EXPIRED,f,Signal already expired,SKIPPED,2026-07-21 14:07:15.548402+00,
265060,2026-07-21 14:07:15.536406+00,47,SOLUSDT,78,GATE_1_EXPIRED,f,Signal already expired,SKIPPED,2026-07-21 14:07:15.536406+00,
265059,2026-07-21 14:07:15.532092+00,49,SOLUSDT,65,GATE_1_EXPIRED,f,Signal already expired,SKIPPED,2026-07-21 14:07:15.532092+00,
265058,2026-07-21 14:07:15.527876+00,50,BTCUSDT,66,GATE_1_EXPIRED,f,Signal already expired,SKIPPED,2026-07-21 14:07:15.527876+00,
265057,2026-07-21 14:07:15.516216+00,51,ETHUSDT,63,GATE_1_EXPIRED,f,Signal already expired,SKIPPED,2026-07-21 14:07:15.516216+00,
265056,2026-07-21 14:07:00.545746+00,45,XRPUSDT,63,GATE_1_EXPIRED,f,Signal already expired,SKIPPED,2026-07-21 14:07:00.545746+00,
265055,2026-07-21 14:07:00.537673+00,46,ETHUSDT,68,GATE_1_EXPIRED,f,Signal already expired,SKIPPED,2026-07-21 14:07:00.537673+00,
265054,2026-07-21 14:07:00.528636+00,47,SOLUSDT,78,GATE_1_EXPIRED,f,Signal already expired,SKIPPED,2026-07-21 14:07:00.528636+00,
265053,2026-07-21 14:07:00.523121+00,49,SOLUSDT,65,GATE_1_EXPIRED,f,Signal already expired,SKIPPED,2026-07-21 14:07:00.523121+00,
265052,2026-07-21 14:07:00.51873+00,50,BTCUSDT,66,GATE_1_EXPIRED,f,Signal already expired,SKIPPED,2026-07-21 14:07:00.51873+00,
265051,2026-07-21 14:07:00.512977+00,51,ETHUSDT,63,GATE_1_EXPIRED,f,Signal already expired,SKIPPED,2026-07-21 14:07:00.512977+00,
265050,2026-07-21 14:06:45.57984+00,45,XRPUSDT,63,GATE_1_EXPIRED,f,Signal already expired,SKIPPED,2026-07-21 14:06:45.57984+00,
265049,2026-07-21 14:06:45.576073+00,46,ETHUSDT,68,GATE_1_EXPIRED,f,Signal already expired,SKIPPED,2026-07-21 14:06:45.576073+00,
265048,2026-07-21 14:06:45.572154+00,47,SOLUSDT,78,GATE_1_EXPIRED,f,Signal already expired,SKIPPED,2026-07-21 14:06:45.572154+00,
265047,2026-07-21 14:06:45.56555+00,49,SOLUSDT,65,GATE_1_EXPIRED,f,Signal already expired,SKIPPED,2026-07-21 14:06:45.56555+00,
265046,2026-07-21 14:06:45.558396+00,50,BTCUSDT,66,GATE_1_EXPIRED,f,Signal already expired,SKIPPED,2026-07-21 14:06:45.558396+00,
265045,2026-07-21 14:06:45.551136+00,51,ETHUSDT,63,GATE_1_EXPIRED,f,Signal already expired,SKIPPED,2026-07-21 14:06:45.551136+00,
265044,2026-07-21 14:06:30.616434+00,45,XRPUSDT,63,GATE_1_EXPIRED,f,Signal already expired,SKIPPED,2026-07-21 14:06:30.616434+00,
265043,2026-07-21 14:06:30.609549+00,46,ETHUSDT,68,GATE_1_EXPIRED,f,Signal already expired,SKIPPED,2026-07-21 14:06:30.609549+00,
265042,2026-07-21 14:06:30.600979+00,47,SOLUSDT,78,GATE_1_EXPIRED,f,Signal already expired,SKIPPED,2026-07-21 14:06:30.600979+00,
265041,2026-07-21 14:06:30.592986+00,49,SOLUSDT,65,GATE_1_EXPIRED,f,Signal already expired,SKIPPED,2026-07-21 14:06:30.592986+00,
265040,2026-07-21 14:06:30.59036+00,50,BTCUSDT,66,GATE_1_EXPIRED,f,Signal already expired,SKIPPED,2026-07-21 14:06:30.59036+00,
265039,2026-07-21 14:06:30.584755+00,51,ETHUSDT,63,GATE_1_EXPIRED,f,Signal already expired,SKIPPED,2026-07-21 14:06:30.584755+00,
265038,2026-07-21 14:06:15.611908+00,45,XRPUSDT,63,GATE_1_EXPIRED,f,Signal already expired,SKIPPED,2026-07-21 14:06:15.611908+00,
265037,2026-07-21 14:06:15.603211+00,46,ETHUSDT,68,GATE_1_EXPIRED,f,Signal already expired,SKIPPED,2026-07-21 14:06:15.603211+00,
265036,2026-07-21 14:06:15.596274+00,47,SOLUSDT,78,GATE_1_EXPIRED,f,Signal already expired,SKIPPED,2026-07-21 14:06:15.596274+00,
265035,2026-07-21 14:06:15.583097+00,49,SOLUSDT,65,GATE_1_EXPIRED,f,Signal already expired,SKIPPED,2026-07-21 14:06:15.583097+00,
265034,2026-07-21 14:06:15.573153+00,50,BTCUSDT,66,GATE_1_EXPIRED,f,Signal already expired,SKIPPED,2026-07-21 14:06:15.573153+00,
265033,2026-07-21 14:06:15.565213+00,51,ETHUSDT,63,GATE_1_EXPIRED,f,Signal already expired,SKIPPED,2026-07-21 14:06:15.565213+00,
265032,2026-07-21 14:06:00.575092+00,45,XRPUSDT,63,GATE_1_EXPIRED,f,Signal already expired,SKIPPED,2026-07-21 14:06:00.575092+00,
265031,2026-07-21 14:06:00.572472+00,46,ETHUSDT,68,GATE_1_EXPIRED,f,Signal already expired,SKIPPED,2026-07-21 14:06:00.572472+00,
265030,2026-07-21 14:06:00.569527+00,47,SOLUSDT,78,GATE_1_EXPIRED,f,Signal already expired,SKIPPED,2026-07-21 14:06:00.569527+00,
265029,2026-07-21 14:06:00.5668+00,49,SOLUSDT,65,GATE_1_EXPIRED,f,Signal already expired,SKIPPED,2026-07-21 14:06:00.5668+00,
265028,2026-07-21 14:06:00.562997+00,50,BTCUSDT,66,GATE_1_EXPIRED,f,Signal already expired,SKIPPED,2026-07-21 14:06:00.562997+00,
265027,2026-07-21 14:06:00.558932+00,51,ETHUSDT,63,GATE_1_EXPIRED,f,Signal already expired,SKIPPED,2026-07-21 14:06:00.558932+00,
265026,2026-07-21 14:05:45.632214+00,45,XRPUSDT,63,GATE_1_EXPIRED,f,Signal already expired,SKIPPED,2026-07-21 14:05:45.632214+00,
265025,2026-07-21 14:05:45.623584+00,46,ETHUSDT,68,GATE_1_EXPIRED,f,Signal already expired,SKIPPED,2026-07-21 14:05:45.623584+00,
265024,2026-07-21 14:05:45.617232+00,47,SOLUSDT,78,GATE_1_EXPIRED,f,Signal already expired,SKIPPED,2026-07-21 14:05:45.617232+00,
265023,2026-07-21 14:05:45.607769+00,49,SOLUSDT,65,GATE_1_EXPIRED,f,Signal already expired,SKIPPED,2026-07-21 14:05:45.607769+00,
265022,2026-07-21 14:05:45.596712+00,50,BTCUSDT,66,GATE_1_EXPIRED,f,Signal already expired,SKIPPED,2026-07-21 14:05:45.596712+00,
265021,2026-07-21 14:05:45.580574+00,51,ETHUSDT,63,GATE_1_EXPIRED,f,Signal already expired,SKIPPED,2026-07-21 14:05:45.580574+00,
265020,2026-07-21 14:05:30.583949+00,45,XRPUSDT,63,GATE_1_EXPIRED,f,Signal already expired,SKIPPED,2026-07-21 14:05:30.583949+00,
265019,2026-07-21 14:05:30.575021+00,46,ETHUSDT,68,GATE_1_EXPIRED,f,Signal already expired,SKIPPED,2026-07-21 14:05:30.575021+00,
265018,2026-07-21 14:05:30.568645+00,47,SOLUSDT,78,GATE_1_EXPIRED,f,Signal already expired,SKIPPED,2026-07-21 14:05:30.568645+00,
265017,2026-07-21 14:05:30.56252+00,49,SOLUSDT,65,GATE_1_EXPIRED,f,Signal already expired,SKIPPED,2026-07-21 14:05:30.56252+00,
265016,2026-07-21 14:05:30.552299+00,50,BTCUSDT,66,GATE_1_EXPIRED,f,Signal already expired,SKIPPED,2026-07-21 14:05:30.552299+00,
265015,2026-07-21 14:05:30.546338+00,51,ETHUSDT,63,GATE_1_EXPIRED,f,Signal already expired,SKIPPED,2026-07-21 14:05:30.546338+00,
265014,2026-07-21 14:05:15.555058+00,45,XRPUSDT,63,GATE_1_EXPIRED,f,Signal already expired,SKIPPED,2026-07-21 14:05:15.555058+00,
265013,2026-07-21 14:05:15.551581+00,46,ETHUSDT,68,GATE_1_EXPIRED,f,Signal already expired,SKIPPED,2026-07-21 14:05:15.551581+00,
265012,2026-07-21 14:05:15.547903+00,47,SOLUSDT,78,GATE_1_EXPIRED,f,Signal already expired,SKIPPED,2026-07-21 14:05:15.547903+00,
265011,2026-07-21 14:05:15.544432+00,49,SOLUSDT,65,GATE_1_EXPIRED,f,Signal already expired,SKIPPED,2026-07-21 14:05:15.544432+00,
265010,2026-07-21 14:05:15.538418+00,50,BTCUSDT,66,GATE_1_EXPIRED,f,Signal already expired,SKIPPED,2026-07-21 14:05:15.538418+00,
265009,2026-07-21 14:05:15.532141+00,51,ETHUSDT,63,GATE_1_EXPIRED,f,Signal already expired,SKIPPED,2026-07-21 14:05:15.532141+00,
265008,2026-07-21 14:05:00.554468+00,45,XRPUSDT,63,GATE_1_EXPIRED,f,Signal already expired,SKIPPED,2026-07-21 14:05:00.554468+00,
265007,2026-07-21 14:05:00.551809+00,46,ETHUSDT,68,GATE_1_EXPIRED,f,Signal already expired,SKIPPED,2026-07-21 14:05:00.551809+00,
265006,2026-07-21 14:05:00.549431+00,47,SOLUSDT,78,GATE_1_EXPIRED,f,Signal already expired,SKIPPED,2026-07-21 14:05:00.549431+00,
265005,2026-07-21 14:05:00.546888+00,49,SOLUSDT,65,GATE_1_EXPIRED,f,Signal already expired,SKIPPED,2026-07-21 14:05:00.546888+00,
265004,2026-07-21 14:05:00.544241+00,50,BTCUSDT,66,GATE_1_EXPIRED,f,Signal already expired,SKIPPED,2026-07-21 14:05:00.544241+00,
265003,2026-07-21 14:05:00.540213+00,51,ETHUSDT,63,GATE_1_EXPIRED,f,Signal already expired,SKIPPED,2026-07-21 14:05:00.540213+00,
265002,2026-07-21 14:04:45.582813+00,45,XRPUSDT,63,GATE_1_EXPIRED,f,Signal already expired,SKIPPED,2026-07-21 14:04:45.582813+00,
265001,2026-07-21 14:04:45.577636+00,46,ETHUSDT,68,GATE_1_EXPIRED,f,Signal already expired,SKIPPED,2026-07-21 14:04:45.577636+00,
265000,2026-07-21 14:04:45.57079+00,47,SOLUSDT,78,GATE_1_EXPIRED,f,Signal already expired,SKIPPED,2026-07-21 14:04:45.57079+00,
264999,2026-07-21 14:04:45.565654+00,49,SOLUSDT,65,GATE_1_EXPIRED,f,Signal already expired,SKIPPED,2026-07-21 14:04:45.565654+00,
264998,2026-07-21 14:04:45.560937+00,50,BTCUSDT,66,GATE_1_EXPIRED,f,Signal already expired,SKIPPED,2026-07-21 14:04:45.560937+00,
264997,2026-07-21 14:04:45.555107+00,51,ETHUSDT,63,GATE_1_EXPIRED,f,Signal already expired,SKIPPED,2026-07-21 14:04:45.555107+00,
264996,2026-07-21 14:04:30.556114+00,45,XRPUSDT,63,GATE_1_EXPIRED,f,Signal already expired,SKIPPED,2026-07-21 14:04:30.556114+00,
264995,2026-07-21 14:04:30.551023+00,46,ETHUSDT,68,GATE_1_EXPIRED,f,Signal already expired,SKIPPED,2026-07-21 14:04:30.551023+00,
264994,2026-07-21 14:04:30.545132+00,47,SOLUSDT,78,GATE_1_EXPIRED,f,Signal already expired,SKIPPED,2026-07-21 14:04:30.545132+00,
264993,2026-07-21 14:04:30.539109+00,49,SOLUSDT,65,GATE_1_EXPIRED,f,Signal already expired,SKIPPED,2026-07-21 14:04:30.539109+00,
264992,2026-07-21 14:04:30.533684+00,50,BTCUSDT,66,GATE_1_EXPIRED,f,Signal already expired,SKIPPED,2026-07-21 14:04:30.533684+00,
264991,2026-07-21 14:04:30.527748+00,51,ETHUSDT,63,GATE_1_EXPIRED,f,Signal already expired,SKIPPED,2026-07-21 14:04:30.527748+00,
264990,2026-07-21 14:04:15.552447+00,45,XRPUSDT,63,GATE_1_EXPIRED,f,Signal already expired,SKIPPED,2026-07-21 14:04:15.552447+00,
264989,2026-07-21 14:04:15.548428+00,46,ETHUSDT,68,GATE_1_EXPIRED,f,Signal already expired,SKIPPED,2026-07-21 14:04:15.548428+00,
264988,2026-07-21 14:04:15.541791+00,47,SOLUSDT,78,GATE_1_EXPIRED,f,Signal already expired,SKIPPED,2026-07-21 14:04:15.541791+00,
264987,2026-07-21 14:04:15.532872+00,49,SOLUSDT,65,GATE_1_EXPIRED,f,Signal already expired,SKIPPED,2026-07-21 14:04:15.532872+00,
264986,2026-07-21 14:04:15.52879+00,50,BTCUSDT,66,GATE_1_EXPIRED,f,Signal already expired,SKIPPED,2026-07-21 14:04:15.52879+00,
264985,2026-07-21 14:04:15.523043+00,51,ETHUSDT,63,GATE_1_EXPIRED,f,Signal already expired,SKIPPED,2026-07-21 14:04:15.523043+00,
264984,2026-07-21 14:04:00.605109+00,45,XRPUSDT,63,GATE_1_EXPIRED,f,Signal already expired,SKIPPED,2026-07-21 14:04:00.605109+00,
264983,2026-07-21 14:04:00.601736+00,46,ETHUSDT,68,GATE_1_EXPIRED,f,Signal already expired,SKIPPED,2026-07-21 14:04:00.601736+00,
264982,2026-07-21 14:04:00.596633+00,47,SOLUSDT,78,GATE_1_EXPIRED,f,Signal already expired,SKIPPED,2026-07-21 14:04:00.596633+00,
264981,2026-07-21 14:04:00.590786+00,49,SOLUSDT,65,GATE_1_EXPIRED,f,Signal already expired,SKIPPED,2026-07-21 14:04:00.590786+00,
264980,2026-07-21 14:04:00.584347+00,50,BTCUSDT,66,GATE_1_EXPIRED,f,Signal already expired,SKIPPED,2026-07-21 14:04:00.584347+00,
264979,2026-07-21 14:04:00.572281+00,51,ETHUSDT,63,GATE_1_EXPIRED,f,Signal already expired,SKIPPED,2026-07-21 14:04:00.572281+00,
264978,2026-07-21 14:03:45.551428+00,45,XRPUSDT,63,GATE_1_EXPIRED,f,Signal already expired,SKIPPED,2026-07-21 14:03:45.551428+00,
264977,2026-07-21 14:03:45.546261+00,46,ETHUSDT,68,GATE_1_EXPIRED,f,Signal already expired,SKIPPED,2026-07-21 14:03:45.546261+00,
264976,2026-07-21 14:03:45.54215+00,47,SOLUSDT,78,GATE_1_EXPIRED,f,Signal already expired,SKIPPED,2026-07-21 14:03:45.54215+00,
264975,2026-07-21 14:03:45.535094+00,49,SOLUSDT,65,GATE_1_EXPIRED,f,Signal already expired,SKIPPED,2026-07-21 14:03:45.535094+00,
264974,2026-07-21 14:03:45.52837+00,50,BTCUSDT,66,GATE_1_EXPIRED,f,Signal already expired,SKIPPED,2026-07-21 14:03:45.52837+00,
264973,2026-07-21 14:03:45.519974+00,51,ETHUSDT,63,GATE_1_EXPIRED,f,Signal already expired,SKIPPED,2026-07-21 14:03:45.519974+00,
264972,2026-07-21 14:03:30.574374+00,45,XRPUSDT,63,GATE_1_EXPIRED,f,Signal already expired,SKIPPED,2026-07-21 14:03:30.574374+00,
264971,2026-07-21 14:03:30.570894+00,46,ETHUSDT,68,GATE_1_EXPIRED,f,Signal already expired,SKIPPED,2026-07-21 14:03:30.570894+00,
264970,2026-07-21 14:03:30.565217+00,47,SOLUSDT,78,GATE_1_EXPIRED,f,Signal already expired,SKIPPED,2026-07-21 14:03:30.565217+00,
264969,2026-07-21 14:03:30.561261+00,49,SOLUSDT,65,GATE_1_EXPIRED,f,Signal already expired,SKIPPED,2026-07-21 14:03:30.561261+00,
264968,2026-07-21 14:03:30.556518+00,50,BTCUSDT,66,GATE_1_EXPIRED,f,Signal already expired,SKIPPED,2026-07-21 14:03:30.556518+00,
264967,2026-07-21 14:03:30.545442+00,51,ETHUSDT,63,GATE_1_EXPIRED,f,Signal already expired,SKIPPED,2026-07-21 14:03:30.545442+00,
264966,2026-07-21 14:03:15.53701+00,45,XRPUSDT,63,GATE_1_EXPIRED,f,Signal already expired,SKIPPED,2026-07-21 14:03:15.53701+00,
264965,2026-07-21 14:03:15.531409+00,46,ETHUSDT,68,GATE_1_EXPIRED,f,Signal already expired,SKIPPED,2026-07-21 14:03:15.531409+00,
264964,2026-07-21 14:03:15.525392+00,47,SOLUSDT,78,GATE_1_EXPIRED,f,Signal already expired,SKIPPED,2026-07-21 14:03:15.525392+00,
264963,2026-07-21 14:03:15.51956+00,49,SOLUSDT,65,GATE_1_EXPIRED,f,Signal already expired,SKIPPED,2026-07-21 14:03:15.51956+00,
264962,2026-07-21 14:03:15.515264+00,50,BTCUSDT,66,GATE_1_EXPIRED,f,Signal already expired,SKIPPED,2026-07-21 14:03:15.515264+00,
264961,2026-07-21 14:03:15.510333+00,51,ETHUSDT,63,GATE_1_EXPIRED,f,Signal already expired,SKIPPED,2026-07-21 14:03:15.510333+00,
264960,2026-07-21 14:03:00.535171+00,45,XRPUSDT,63,GATE_1_EXPIRED,f,Signal already expired,SKIPPED,2026-07-21 14:03:00.535171+00,
264959,2026-07-21 14:03:00.532516+00,46,ETHUSDT,68,GATE_1_EXPIRED,f,Signal already expired,SKIPPED,2026-07-21 14:03:00.532516+00,
264958,2026-07-21 14:03:00.528864+00,47,SOLUSDT,78,GATE_1_EXPIRED,f,Signal already expired,SKIPPED,2026-07-21 14:03:00.528864+00,
264957,2026-07-21 14:03:00.524384+00,49,SOLUSDT,65,GATE_1_EXPIRED,f,Signal already expired,SKIPPED,2026-07-21 14:03:00.524384+00,
264956,2026-07-21 14:03:00.520792+00,50,BTCUSDT,66,GATE_1_EXPIRED,f,Signal already expired,SKIPPED,2026-07-21 14:03:00.520792+00,
264955,2026-07-21 14:03:00.515576+00,51,ETHUSDT,63,GATE_1_EXPIRED,f,Signal already expired,SKIPPED,2026-07-21 14:03:00.515576+00,
264954,2026-07-21 14:02:45.544067+00,45,XRPUSDT,63,GATE_1_EXPIRED,f,Signal already expired,SKIPPED,2026-07-21 14:02:45.544067+00,
264953,2026-07-21 14:02:45.535948+00,46,ETHUSDT,68,GATE_1_EXPIRED,f,Signal already expired,SKIPPED,2026-07-21 14:02:45.535948+00,
264952,2026-07-21 14:02:45.529201+00,47,SOLUSDT,78,GATE_1_EXPIRED,f,Signal already expired,SKIPPED,2026-07-21 14:02:45.529201+00,
264951,2026-07-21 14:02:45.521412+00,49,SOLUSDT,65,GATE_1_EXPIRED,f,Signal already expired,SKIPPED,2026-07-21 14:02:45.521412+00,
264950,2026-07-21 14:02:45.511322+00,50,BTCUSDT,66,GATE_1_EXPIRED,f,Signal already expired,SKIPPED,2026-07-21 14:02:45.511322+00,
264949,2026-07-21 14:02:45.505173+00,51,ETHUSDT,63,GATE_1_EXPIRED,f,Signal already expired,SKIPPED,2026-07-21 14:02:45.505173+00,
264948,2026-07-21 14:02:30.540987+00,45,XRPUSDT,63,GATE_1_EXPIRED,f,Signal already expired,SKIPPED,2026-07-21 14:02:30.540987+00,
264947,2026-07-21 14:02:30.534395+00,46,ETHUSDT,68,GATE_1_EXPIRED,f,Signal already expired,SKIPPED,2026-07-21 14:02:30.534395+00,
264946,2026-07-21 14:02:30.530501+00,47,SOLUSDT,78,GATE_1_EXPIRED,f,Signal already expired,SKIPPED,2026-07-21 14:02:30.530501+00,
264945,2026-07-21 14:02:30.523608+00,49,SOLUSDT,65,GATE_1_EXPIRED,f,Signal already expired,SKIPPED,2026-07-21 14:02:30.523608+00,
264944,2026-07-21 14:02:30.516314+00,50,BTCUSDT,66,GATE_1_EXPIRED,f,Signal already expired,SKIPPED,2026-07-21 14:02:30.516314+00,
264943,2026-07-21 14:02:30.511627+00,51,ETHUSDT,63,GATE_1_EXPIRED,f,Signal already expired,SKIPPED,2026-07-21 14:02:30.511627+00,
264942,2026-07-21 14:02:15.540718+00,45,XRPUSDT,63,GATE_1_EXPIRED,f,Signal already expired,SKIPPED,2026-07-21 14:02:15.540718+00,
264941,2026-07-21 14:02:15.531834+00,46,ETHUSDT,68,GATE_1_EXPIRED,f,Signal already expired,SKIPPED,2026-07-21 14:02:15.531834+00,
264940,2026-07-21 14:02:15.523686+00,47,SOLUSDT,78,GATE_1_EXPIRED,f,Signal already expired,SKIPPED,2026-07-21 14:02:15.523686+00,
264939,2026-07-21 14:02:15.515978+00,49,SOLUSDT,65,GATE_1_EXPIRED,f,Signal already expired,SKIPPED,2026-07-21 14:02:15.515978+00,
264938,2026-07-21 14:02:15.510223+00,50,BTCUSDT,66,GATE_1_EXPIRED,f,Signal already expired,SKIPPED,2026-07-21 14:02:15.510223+00,
264937,2026-07-21 14:02:15.504468+00,51,ETHUSDT,63,GATE_1_EXPIRED,f,Signal already expired,SKIPPED,2026-07-21 14:02:15.504468+00,
264936,2026-07-21 14:02:00.534204+00,45,XRPUSDT,63,GATE_1_EXPIRED,f,Signal already expired,SKIPPED,2026-07-21 14:02:00.534204+00,
264935,2026-07-21 14:02:00.527226+00,46,ETHUSDT,68,GATE_1_EXPIRED,f,Signal already expired,SKIPPED,2026-07-21 14:02:00.527226+00,
264934,2026-07-21 14:02:00.521496+00,47,SOLUSDT,78,GATE_1_EXPIRED,f,Signal already expired,SKIPPED,2026-07-21 14:02:00.521496+00,
264933,2026-07-21 14:02:00.51454+00,49,SOLUSDT,65,GATE_1_EXPIRED,f,Signal already expired,SKIPPED,2026-07-21 14:02:00.51454+00,
264932,2026-07-21 14:02:00.510793+00,50,BTCUSDT,66,GATE_1_EXPIRED,f,Signal already expired,SKIPPED,2026-07-21 14:02:00.510793+00,
264931,2026-07-21 14:02:00.504191+00,51,ETHUSDT,63,GATE_1_EXPIRED,f,Signal already expired,SKIPPED,2026-07-21 14:02:00.504191+00,
264930,2026-07-21 14:01:45.519251+00,45,XRPUSDT,63,GATE_1_EXPIRED,f,Signal already expired,SKIPPED,2026-07-21 14:01:45.519251+00,
264929,2026-07-21 14:01:45.513205+00,46,ETHUSDT,68,GATE_1_EXPIRED,f,Signal already expired,SKIPPED,2026-07-21 14:01:45.513205+00,
264928,2026-07-21 14:01:45.509681+00,47,SOLUSDT,78,GATE_1_EXPIRED,f,Signal already expired,SKIPPED,2026-07-21 14:01:45.509681+00,
264927,2026-07-21 14:01:45.503261+00,49,SOLUSDT,65,GATE_1_EXPIRED,f,Signal already expired,SKIPPED,2026-07-21 14:01:45.503261+00,
264926,2026-07-21 14:01:45.497438+00,50,BTCUSDT,66,GATE_1_EXPIRED,f,Signal already expired,SKIPPED,2026-07-21 14:01:45.497438+00,
264925,2026-07-21 14:01:45.490711+00,51,ETHUSDT,63,GATE_1_EXPIRED,f,Signal already expired,SKIPPED,2026-07-21 14:01:45.490711+00,
264924,2026-07-21 14:01:30.510619+00,45,XRPUSDT,63,GATE_1_EXPIRED,f,Signal already expired,SKIPPED,2026-07-21 14:01:30.510619+00,
264923,2026-07-21 14:01:30.506699+00,46,ETHUSDT,68,GATE_1_EXPIRED,f,Signal already expired,SKIPPED,2026-07-21 14:01:30.506699+00,
264922,2026-07-21 14:01:30.502684+00,47,SOLUSDT,78,GATE_1_EXPIRED,f,Signal already expired,SKIPPED,2026-07-21 14:01:30.502684+00,
264921,2026-07-21 14:01:30.498731+00,49,SOLUSDT,65,GATE_1_EXPIRED,f,Signal already expired,SKIPPED,2026-07-21 14:01:30.498731+00,
264920,2026-07-21 14:01:30.494798+00,50,BTCUSDT,66,GATE_1_EXPIRED,f,Signal already expired,SKIPPED,2026-07-21 14:01:30.494798+00,
264919,2026-07-21 14:01:30.48944+00,51,ETHUSDT,63,GATE_1_EXPIRED,f,Signal already expired,SKIPPED,2026-07-21 14:01:30.48944+00,
264918,2026-07-21 14:01:15.509046+00,45,XRPUSDT,63,GATE_1_EXPIRED,f,Signal already expired,SKIPPED,2026-07-21 14:01:15.509046+00,
264917,2026-07-21 14:01:15.506216+00,46,ETHUSDT,68,GATE_1_EXPIRED,f,Signal already expired,SKIPPED,2026-07-21 14:01:15.506216+00,
264916,2026-07-21 14:01:15.503555+00,47,SOLUSDT,78,GATE_1_EXPIRED,f,Signal already expired,SKIPPED,2026-07-21 14:01:15.503555+00,
264915,2026-07-21 14:01:15.499713+00,49,SOLUSDT,65,GATE_1_EXPIRED,f,Signal already expired,SKIPPED,2026-07-21 14:01:15.499713+00,
264914,2026-07-21 14:01:15.495851+00,50,BTCUSDT,66,GATE_1_EXPIRED,f,Signal already expired,SKIPPED,2026-07-21 14:01:15.495851+00,
264913,2026-07-21 14:01:15.489616+00,51,ETHUSDT,63,GATE_1_EXPIRED,f,Signal already expired,SKIPPED,2026-07-21 14:01:15.489616+00,
264912,2026-07-21 14:01:00.524196+00,45,XRPUSDT,63,GATE_1_EXPIRED,f,Signal already expired,SKIPPED,2026-07-21 14:01:00.524196+00,
264911,2026-07-21 14:01:00.514819+00,46,ETHUSDT,68,GATE_1_EXPIRED,f,Signal already expired,SKIPPED,2026-07-21 14:01:00.514819+00,
264910,2026-07-21 14:01:00.508783+00,47,SOLUSDT,78,GATE_1_EXPIRED,f,Signal already expired,SKIPPED,2026-07-21 14:01:00.508783+00,
264909,2026-07-21 14:01:00.497888+00,49,SOLUSDT,65,GATE_1_EXPIRED,f,Signal already expired,SKIPPED,2026-07-21 14:01:00.497888+00,
264908,2026-07-21 14:01:00.492503+00,50,BTCUSDT,66,GATE_1_EXPIRED,f,Signal already expired,SKIPPED,2026-07-21 14:01:00.492503+00,
264907,2026-07-21 14:01:00.485924+00,51,ETHUSDT,63,GATE_1_EXPIRED,f,Signal already expired,SKIPPED,2026-07-21 14:01:00.485924+00,
264906,2026-07-21 14:00:45.518691+00,45,XRPUSDT,63,GATE_1_EXPIRED,f,Signal already expired,SKIPPED,2026-07-21 14:00:45.518691+00,
264905,2026-07-21 14:00:45.512658+00,46,ETHUSDT,68,GATE_1_EXPIRED,f,Signal already expired,SKIPPED,2026-07-21 14:00:45.512658+00,
264904,2026-07-21 14:00:45.501894+00,47,SOLUSDT,78,GATE_1_EXPIRED,f,Signal already expired,SKIPPED,2026-07-21 14:00:45.501894+00,
264903,2026-07-21 14:00:45.495173+00,49,SOLUSDT,65,GATE_1_EXPIRED,f,Signal already expired,SKIPPED,2026-07-21 14:00:45.495173+00,
264902,2026-07-21 14:00:45.48628+00,50,BTCUSDT,66,GATE_1_EXPIRED,f,Signal already expired,SKIPPED,2026-07-21 14:00:45.48628+00,
264901,2026-07-21 14:00:45.48077+00,51,ETHUSDT,63,GATE_1_EXPIRED,f,Signal already expired,SKIPPED,2026-07-21 14:00:45.48077+00,
264900,2026-07-21 14:00:30.522228+00,45,XRPUSDT,63,GATE_1_EXPIRED,f,Signal already expired,SKIPPED,2026-07-21 14:00:30.522228+00,
264899,2026-07-21 14:00:30.512153+00,46,ETHUSDT,68,GATE_1_EXPIRED,f,Signal already expired,SKIPPED,2026-07-21 14:00:30.512153+00,
264898,2026-07-21 14:00:30.508088+00,47,SOLUSDT,78,GATE_1_EXPIRED,f,Signal already expired,SKIPPED,2026-07-21 14:00:30.508088+00,
264897,2026-07-21 14:00:30.502842+00,49,SOLUSDT,65,GATE_1_EXPIRED,f,Signal already expired,SKIPPED,2026-07-21 14:00:30.502842+00,
264896,2026-07-21 14:00:30.498568+00,50,BTCUSDT,66,GATE_1_EXPIRED,f,Signal already expired,SKIPPED,2026-07-21 14:00:30.498568+00,
264895,2026-07-21 14:00:30.491473+00,51,ETHUSDT,63,GATE_1_EXPIRED,f,Signal already expired,SKIPPED,2026-07-21 14:00:30.491473+00,
264894,2026-07-21 14:00:15.523257+00,45,XRPUSDT,63,GATE_1_EXPIRED,f,Signal already expired,SKIPPED,2026-07-21 14:00:15.523257+00,
264893,2026-07-21 14:00:15.519554+00,46,ETHUSDT,68,GATE_1_EXPIRED,f,Signal already expired,SKIPPED,2026-07-21 14:00:15.519554+00,
264892,2026-07-21 14:00:15.513197+00,47,SOLUSDT,78,GATE_1_EXPIRED,f,Signal already expired,SKIPPED,2026-07-21 14:00:15.513197+00,
264891,2026-07-21 14:00:15.505865+00,49,SOLUSDT,65,GATE_1_EXPIRED,f,Signal already expired,SKIPPED,2026-07-21 14:00:15.505865+00,
264890,2026-07-21 14:00:15.500698+00,50,BTCUSDT,66,GATE_1_EXPIRED,f,Signal already expired,SKIPPED,2026-07-21 14:00:15.500698+00,
264889,2026-07-21 14:00:15.495399+00,51,ETHUSDT,63,GATE_1_EXPIRED,f,Signal already expired,SKIPPED,2026-07-21 14:00:15.495399+00,
264888,2026-07-21 14:00:00.498152+00,45,XRPUSDT,63,GATE_1_EXPIRED,f,Signal already expired,SKIPPED,2026-07-21 14:00:00.498152+00,
264887,2026-07-21 14:00:00.493699+00,46,ETHUSDT,68,GATE_1_EXPIRED,f,Signal already expired,SKIPPED,2026-07-21 14:00:00.493699+00,
264886,2026-07-21 14:00:00.489299+00,47,SOLUSDT,78,GATE_1_EXPIRED,f,Signal already expired,SKIPPED,2026-07-21 14:00:00.489299+00,
264885,2026-07-21 14:00:00.484839+00,49,SOLUSDT,65,GATE_1_EXPIRED,f,Signal already expired,SKIPPED,2026-07-21 14:00:00.484839+00,
264884,2026-07-21 14:00:00.479691+00,50,BTCUSDT,66,GATE_1_EXPIRED,f,Signal already expired,SKIPPED,2026-07-21 14:00:00.479691+00,
264883,2026-07-21 14:00:00.4749+00,51,ETHUSDT,63,GATE_1_EXPIRED,f,Signal already expired,SKIPPED,2026-07-21 14:00:00.4749+00,
264882,2026-07-21 13:59:45.495318+00,45,XRPUSDT,63,GATE_1_EXPIRED,f,Signal already expired,SKIPPED,2026-07-21 13:59:45.495318+00,
264881,2026-07-21 13:59:45.491457+00,46,ETHUSDT,68,GATE_1_EXPIRED,f,Signal already expired,SKIPPED,2026-07-21 13:59:45.491457+00,
264880,2026-07-21 13:59:45.487289+00,47,SOLUSDT,78,GATE_1_EXPIRED,f,Signal already expired,SKIPPED,2026-07-21 13:59:45.487289+00,
264879,2026-07-21 13:59:45.482995+00,49,SOLUSDT,65,GATE_1_EXPIRED,f,Signal already expired,SKIPPED,2026-07-21 13:59:45.482995+00,
264878,2026-07-21 13:59:45.478762+00,50,BTCUSDT,66,GATE_1_EXPIRED,f,Signal already expired,SKIPPED,2026-07-21 13:59:45.478762+00,
264877,2026-07-21 13:59:45.473898+00,51,ETHUSDT,63,GATE_1_EXPIRED,f,Signal already expired,SKIPPED,2026-07-21 13:59:45.473898+00,
264876,2026-07-21 13:59:30.495399+00,45,XRPUSDT,63,GATE_1_EXPIRED,f,Signal already expired,SKIPPED,2026-07-21 13:59:30.495399+00,
264875,2026-07-21 13:59:30.491699+00,46,ETHUSDT,68,GATE_1_EXPIRED,f,Signal already expired,SKIPPED,2026-07-21 13:59:30.491699+00,
264874,2026-07-21 13:59:30.487484+00,47,SOLUSDT,78,GATE_1_EXPIRED,f,Signal already expired,SKIPPED,2026-07-21 13:59:30.487484+00,
264873,2026-07-21 13:59:30.484574+00,49,SOLUSDT,65,GATE_1_EXPIRED,f,Signal already expired,SKIPPED,2026-07-21 13:59:30.484574+00,
264872,2026-07-21 13:59:30.478786+00,50,BTCUSDT,66,GATE_1_EXPIRED,f,Signal already expired,SKIPPED,2026-07-21 13:59:30.478786+00,
264871,2026-07-21 13:59:30.472062+00,51,ETHUSDT,63,GATE_1_EXPIRED,f,Signal already expired,SKIPPED,2026-07-21 13:59:30.472062+00,
264870,2026-07-21 13:59:15.500276+00,45,XRPUSDT,63,GATE_1_EXPIRED,f,Signal already expired,SKIPPED,2026-07-21 13:59:15.500276+00,
264869,2026-07-21 13:59:15.494203+00,46,ETHUSDT,68,GATE_1_EXPIRED,f,Signal already expired,SKIPPED,2026-07-21 13:59:15.494203+00,
264868,2026-07-21 13:59:15.486008+00,47,SOLUSDT,78,GATE_1_EXPIRED,f,Signal already expired,SKIPPED,2026-07-21 13:59:15.486008+00,
264867,2026-07-21 13:59:15.48191+00,49,SOLUSDT,65,GATE_1_EXPIRED,f,Signal already expired,SKIPPED,2026-07-21 13:59:15.48191+00,
264866,2026-07-21 13:59:15.47777+00,50,BTCUSDT,66,GATE_1_EXPIRED,f,Signal already expired,SKIPPED,2026-07-21 13:59:15.47777+00,
264865,2026-07-21 13:59:15.469831+00,51,ETHUSDT,63,GATE_1_EXPIRED,f,Signal already expired,SKIPPED,2026-07-21 13:59:15.469831+00,
264864,2026-07-21 13:59:00.513589+00,45,XRPUSDT,63,GATE_1_EXPIRED,f,Signal already expired,SKIPPED,2026-07-21 13:59:00.513589+00,
264863,2026-07-21 13:59:00.507963+00,46,ETHUSDT,68,GATE_1_EXPIRED,f,Signal already expired,SKIPPED,2026-07-21 13:59:00.507963+00,
264862,2026-07-21 13:59:00.499336+00,47,SOLUSDT,78,GATE_1_EXPIRED,f,Signal already expired,SKIPPED,2026-07-21 13:59:00.499336+00,
264861,2026-07-21 13:59:00.489187+00,49,SOLUSDT,65,GATE_1_EXPIRED,f,Signal already expired,SKIPPED,2026-07-21 13:59:00.489187+00,
264860,2026-07-21 13:59:00.477714+00,50,BTCUSDT,66,GATE_1_EXPIRED,f,Signal already expired,SKIPPED,2026-07-21 13:59:00.477714+00,
264859,2026-07-21 13:59:00.46655+00,51,ETHUSDT,63,GATE_1_EXPIRED,f,Signal already expired,SKIPPED,2026-07-21 13:59:00.46655+00,
264858,2026-07-21 13:58:45.498045+00,45,XRPUSDT,63,GATE_1_EXPIRED,f,Signal already expired,SKIPPED,2026-07-21 13:58:45.498045+00,
264857,2026-07-21 13:58:45.492709+00,46,ETHUSDT,68,GATE_1_EXPIRED,f,Signal already expired,SKIPPED,2026-07-21 13:58:45.492709+00,
264856,2026-07-21 13:58:45.487588+00,47,SOLUSDT,78,GATE_1_EXPIRED,f,Signal already expired,SKIPPED,2026-07-21 13:58:45.487588+00,
264855,2026-07-21 13:58:45.482201+00,49,SOLUSDT,65,GATE_1_EXPIRED,f,Signal already expired,SKIPPED,2026-07-21 13:58:45.482201+00,
264854,2026-07-21 13:58:45.468869+00,50,BTCUSDT,66,GATE_1_EXPIRED,f,Signal already expired,SKIPPED,2026-07-21 13:58:45.468869+00,
264853,2026-07-21 13:58:45.461334+00,51,ETHUSDT,63,GATE_1_EXPIRED,f,Signal already expired,SKIPPED,2026-07-21 13:58:45.461334+00,
264852,2026-07-21 13:58:30.512018+00,45,XRPUSDT,63,GATE_1_EXPIRED,f,Signal already expired,SKIPPED,2026-07-21 13:58:30.512018+00,
264851,2026-07-21 13:58:30.501204+00,46,ETHUSDT,68,GATE_1_EXPIRED,f,Signal already expired,SKIPPED,2026-07-21 13:58:30.501204+00,
264850,2026-07-21 13:58:30.492368+00,47,SOLUSDT,78,GATE_1_EXPIRED,f,Signal already expired,SKIPPED,2026-07-21 13:58:30.492368+00,
264849,2026-07-21 13:58:30.487381+00,49,SOLUSDT,65,GATE_1_EXPIRED,f,Signal already expired,SKIPPED,2026-07-21 13:58:30.487381+00,
264848,2026-07-21 13:58:30.478625+00,50,BTCUSDT,66,GATE_1_EXPIRED,f,Signal already expired,SKIPPED,2026-07-21 13:58:30.478625+00,
264847,2026-07-21 13:58:30.468945+00,51,ETHUSDT,63,GATE_1_EXPIRED,f,Signal already expired,SKIPPED,2026-07-21 13:58:30.468945+00,
264846,2026-07-21 13:58:15.482201+00,45,XRPUSDT,63,GATE_1_EXPIRED,f,Signal already expired,SKIPPED,2026-07-21 13:58:15.482201+00,
264845,2026-07-21 13:58:15.474795+00,46,ETHUSDT,68,GATE_1_EXPIRED,f,Signal already expired,SKIPPED,2026-07-21 13:58:15.474795+00,
264844,2026-07-21 13:58:15.471355+00,47,SOLUSDT,78,GATE_1_EXPIRED,f,Signal already expired,SKIPPED,2026-07-21 13:58:15.471355+00,
264843,2026-07-21 13:58:15.465555+00,49,SOLUSDT,65,GATE_1_EXPIRED,f,Signal already expired,SKIPPED,2026-07-21 13:58:15.465555+00,
264842,2026-07-21 13:58:15.45929+00,50,BTCUSDT,66,GATE_1_EXPIRED,f,Signal already expired,SKIPPED,2026-07-21 13:58:15.45929+00,
264841,2026-07-21 13:58:15.454314+00,51,ETHUSDT,63,GATE_1_EXPIRED,f,Signal already expired,SKIPPED,2026-07-21 13:58:15.454314+00,
264840,2026-07-21 13:58:00.469375+00,45,XRPUSDT,63,GATE_1_EXPIRED,f,Signal already expired,SKIPPED,2026-07-21 13:58:00.469375+00,
264839,2026-07-21 13:58:00.466885+00,46,ETHUSDT,68,GATE_1_EXPIRED,f,Signal already expired,SKIPPED,2026-07-21 13:58:00.466885+00,
264838,2026-07-21 13:58:00.464248+00,47,SOLUSDT,78,GATE_1_EXPIRED,f,Signal already expired,SKIPPED,2026-07-21 13:58:00.464248+00,
264837,2026-07-21 13:58:00.461575+00,49,SOLUSDT,65,GATE_1_EXPIRED,f,Signal already expired,SKIPPED,2026-07-21 13:58:00.461575+00,
264836,2026-07-21 13:58:00.459036+00,50,BTCUSDT,66,GATE_1_EXPIRED,f,Signal already expired,SKIPPED,2026-07-21 13:58:00.459036+00,
264835,2026-07-21 13:58:00.454041+00,51,ETHUSDT,63,GATE_1_EXPIRED,f,Signal already expired,SKIPPED,2026-07-21 13:58:00.454041+00,
264834,2026-07-21 13:57:45.479741+00,45,XRPUSDT,63,GATE_1_EXPIRED,f,Signal already expired,SKIPPED,2026-07-21 13:57:45.479741+00,
264833,2026-07-21 13:57:45.474204+00,46,ETHUSDT,68,GATE_1_EXPIRED,f,Signal already expired,SKIPPED,2026-07-21 13:57:45.474204+00,
264832,2026-07-21 13:57:45.468443+00,47,SOLUSDT,78,GATE_1_EXPIRED,f,Signal already expired,SKIPPED,2026-07-21 13:57:45.468443+00,
264831,2026-07-21 13:57:45.459747+00,49,SOLUSDT,65,GATE_1_EXPIRED,f,Signal already expired,SKIPPED,2026-07-21 13:57:45.459747+00,
264830,2026-07-21 13:57:45.450654+00,50,BTCUSDT,66,GATE_1_EXPIRED,f,Signal already expired,SKIPPED,2026-07-21 13:57:45.450654+00,
264829,2026-07-21 13:57:45.443776+00,51,ETHUSDT,63,GATE_1_EXPIRED,f,Signal already expired,SKIPPED,2026-07-21 13:57:45.443776+00,
264828,2026-07-21 13:57:30.467056+00,45,XRPUSDT,63,GATE_1_EXPIRED,f,Signal already expired,SKIPPED,2026-07-21 13:57:30.467056+00,
264827,2026-07-21 13:57:30.464626+00,46,ETHUSDT,68,GATE_1_EXPIRED,f,Signal already expired,SKIPPED,2026-07-21 13:57:30.464626+00,
264826,2026-07-21 13:57:30.462083+00,47,SOLUSDT,78,GATE_1_EXPIRED,f,Signal already expired,SKIPPED,2026-07-21 13:57:30.462083+00,
264825,2026-07-21 13:57:30.459047+00,49,SOLUSDT,65,GATE_1_EXPIRED,f,Signal already expired,SKIPPED,2026-07-21 13:57:30.459047+00,
264824,2026-07-21 13:57:30.456689+00,50,BTCUSDT,66,GATE_1_EXPIRED,f,Signal already expired,SKIPPED,2026-07-21 13:57:30.456689+00,
264823,2026-07-21 13:57:30.45276+00,51,ETHUSDT,63,GATE_1_EXPIRED,f,Signal already expired,SKIPPED,2026-07-21 13:57:30.45276+00,
264822,2026-07-21 13:57:15.490308+00,45,XRPUSDT,63,GATE_1_EXPIRED,f,Signal already expired,SKIPPED,2026-07-21 13:57:15.490308+00,
264821,2026-07-21 13:57:15.485923+00,46,ETHUSDT,68,GATE_1_EXPIRED,f,Signal already expired,SKIPPED,2026-07-21 13:57:15.485923+00,
264820,2026-07-21 13:57:15.479333+00,47,SOLUSDT,78,GATE_1_EXPIRED,f,Signal already expired,SKIPPED,2026-07-21 13:57:15.479333+00,
264819,2026-07-21 13:57:15.471579+00,49,SOLUSDT,65,GATE_1_EXPIRED,f,Signal already expired,SKIPPED,2026-07-21 13:57:15.471579+00,
264818,2026-07-21 13:57:15.46337+00,50,BTCUSDT,66,GATE_1_EXPIRED,f,Signal already expired,SKIPPED,2026-07-21 13:57:15.46337+00,
264817,2026-07-21 13:57:15.451279+00,51,ETHUSDT,63,GATE_1_EXPIRED,f,Signal already expired,SKIPPED,2026-07-21 13:57:15.451279+00,
264816,2026-07-21 13:57:00.483994+00,45,XRPUSDT,63,GATE_1_EXPIRED,f,Signal already expired,SKIPPED,2026-07-21 13:57:00.483994+00,
264815,2026-07-21 13:57:00.47825+00,46,ETHUSDT,68,GATE_1_EXPIRED,f,Signal already expired,SKIPPED,2026-07-21 13:57:00.47825+00,
264814,2026-07-21 13:57:00.471857+00,47,SOLUSDT,78,GATE_1_EXPIRED,f,Signal already expired,SKIPPED,2026-07-21 13:57:00.471857+00,
264813,2026-07-21 13:57:00.46469+00,49,SOLUSDT,65,GATE_1_EXPIRED,f,Signal already expired,SKIPPED,2026-07-21 13:57:00.46469+00,
264812,2026-07-21 13:57:00.453154+00,50,BTCUSDT,66,GATE_1_EXPIRED,f,Signal already expired,SKIPPED,2026-07-21 13:57:00.453154+00,
264811,2026-07-21 13:57:00.447486+00,51,ETHUSDT,63,GATE_1_EXPIRED,f,Signal already expired,SKIPPED,2026-07-21 13:57:00.447486+00,
264810,2026-07-21 13:56:45.469448+00,45,XRPUSDT,63,GATE_1_EXPIRED,f,Signal already expired,SKIPPED,2026-07-21 13:56:45.469448+00,
264809,2026-07-21 13:56:45.465334+00,46,ETHUSDT,68,GATE_1_EXPIRED,f,Signal already expired,SKIPPED,2026-07-21 13:56:45.465334+00,
264808,2026-07-21 13:56:45.458111+00,47,SOLUSDT,78,GATE_1_EXPIRED,f,Signal already expired,SKIPPED,2026-07-21 13:56:45.458111+00,
264807,2026-07-21 13:56:45.449098+00,49,SOLUSDT,65,GATE_1_EXPIRED,f,Signal already expired,SKIPPED,2026-07-21 13:56:45.449098+00,
264806,2026-07-21 13:56:45.441897+00,50,BTCUSDT,66,GATE_1_EXPIRED,f,Signal already expired,SKIPPED,2026-07-21 13:56:45.441897+00,
264805,2026-07-21 13:56:45.435793+00,51,ETHUSDT,63,GATE_1_EXPIRED,f,Signal already expired,SKIPPED,2026-07-21 13:56:45.435793+00,
264804,2026-07-21 13:56:30.480528+00,44,BTCUSDT,79,GATE_1_EXPIRED,f,Signal already expired,SKIPPED,2026-07-21 13:56:30.480528+00,
264803,2026-07-21 13:56:30.477537+00,45,XRPUSDT,63,GATE_1_EXPIRED,f,Signal already expired,SKIPPED,2026-07-21 13:56:30.477537+00,
264802,2026-07-21 13:56:30.472123+00,46,ETHUSDT,68,GATE_1_EXPIRED,f,Signal already expired,SKIPPED,2026-07-21 13:56:30.472123+00,
264801,2026-07-21 13:56:30.466112+00,47,SOLUSDT,78,GATE_1_EXPIRED,f,Signal already expired,SKIPPED,2026-07-21 13:56:30.466112+00,
264800,2026-07-21 13:56:30.460321+00,49,SOLUSDT,65,GATE_1_EXPIRED,f,Signal already expired,SKIPPED,2026-07-21 13:56:30.460321+00,
264799,2026-07-21 13:56:30.453067+00,50,BTCUSDT,66,GATE_1_EXPIRED,f,Signal already expired,SKIPPED,2026-07-21 13:56:30.453067+00,
264798,2026-07-21 13:56:30.447989+00,51,ETHUSDT,63,GATE_1_EXPIRED,f,Signal already expired,SKIPPED,2026-07-21 13:56:30.447989+00,
264797,2026-07-21 13:56:15.466249+00,44,BTCUSDT,79,GATE_1_EXPIRED,f,Signal already expired,SKIPPED,2026-07-21 13:56:15.466249+00,
264796,2026-07-21 13:56:15.462383+00,45,XRPUSDT,63,GATE_1_EXPIRED,f,Signal already expired,SKIPPED,2026-07-21 13:56:15.462383+00,
264795,2026-07-21 13:56:15.458482+00,46,ETHUSDT,68,GATE_1_EXPIRED,f,Signal already expired,SKIPPED,2026-07-21 13:56:15.458482+00,
264794,2026-07-21 13:56:15.453825+00,47,SOLUSDT,78,GATE_1_EXPIRED,f,Signal already expired,SKIPPED,2026-07-21 13:56:15.453825+00,
264793,2026-07-21 13:56:15.447683+00,49,SOLUSDT,65,GATE_1_EXPIRED,f,Signal already expired,SKIPPED,2026-07-21 13:56:15.447683+00,
264792,2026-07-21 13:56:15.443495+00,50,BTCUSDT,66,GATE_1_EXPIRED,f,Signal already expired,SKIPPED,2026-07-21 13:56:15.443495+00,
264791,2026-07-21 13:56:15.438143+00,51,ETHUSDT,63,GATE_1_EXPIRED,f,Signal already expired,SKIPPED,2026-07-21 13:56:15.438143+00,
264790,2026-07-21 13:56:00.475317+00,44,BTCUSDT,79,GATE_1_EXPIRED,f,Signal already expired,SKIPPED,2026-07-21 13:56:00.475317+00,
264789,2026-07-21 13:56:00.469445+00,45,XRPUSDT,63,GATE_1_EXPIRED,f,Signal already expired,SKIPPED,2026-07-21 13:56:00.469445+00,
264788,2026-07-21 13:56:00.464045+00,46,ETHUSDT,68,GATE_1_EXPIRED,f,Signal already expired,SKIPPED,2026-07-21 13:56:00.464045+00,
264787,2026-07-21 13:56:00.459547+00,47,SOLUSDT,78,GATE_1_EXPIRED,f,Signal already expired,SKIPPED,2026-07-21 13:56:00.459547+00,
264786,2026-07-21 13:56:00.453813+00,49,SOLUSDT,65,GATE_1_EXPIRED,f,Signal already expired,SKIPPED,2026-07-21 13:56:00.453813+00,
264785,2026-07-21 13:56:00.449669+00,50,BTCUSDT,66,GATE_1_EXPIRED,f,Signal already expired,SKIPPED,2026-07-21 13:56:00.449669+00,
264784,2026-07-21 13:56:00.435741+00,51,ETHUSDT,63,GATE_1_EXPIRED,f,Signal already expired,SKIPPED,2026-07-21 13:56:00.435741+00,
264783,2026-07-21 13:55:45.501015+00,44,BTCUSDT,79,GATE_1_EXPIRED,f,Signal already expired,SKIPPED,2026-07-21 13:55:45.501015+00,
264782,2026-07-21 13:55:45.49154+00,45,XRPUSDT,63,GATE_1_EXPIRED,f,Signal already expired,SKIPPED,2026-07-21 13:55:45.49154+00,
264781,2026-07-21 13:55:45.483515+00,46,ETHUSDT,68,GATE_1_EXPIRED,f,Signal already expired,SKIPPED,2026-07-21 13:55:45.483515+00,
264780,2026-07-21 13:55:45.478151+00,47,SOLUSDT,78,GATE_1_EXPIRED,f,Signal already expired,SKIPPED,2026-07-21 13:55:45.478151+00,
264779,2026-07-21 13:55:45.470597+00,49,SOLUSDT,65,GATE_1_EXPIRED,f,Signal already expired,SKIPPED,2026-07-21 13:55:45.470597+00,
264778,2026-07-21 13:55:45.462844+00,50,BTCUSDT,66,GATE_1_EXPIRED,f,Signal already expired,SKIPPED,2026-07-21 13:55:45.462844+00,
264777,2026-07-21 13:55:45.453215+00,51,ETHUSDT,63,GATE_1_EXPIRED,f,Signal already expired,SKIPPED,2026-07-21 13:55:45.453215+00,
264776,2026-07-21 13:55:30.483892+00,44,BTCUSDT,79,GATE_1_EXPIRED,f,Signal already expired,SKIPPED,2026-07-21 13:55:30.483892+00,
264775,2026-07-21 13:55:30.478988+00,45,XRPUSDT,63,GATE_1_EXPIRED,f,Signal already expired,SKIPPED,2026-07-21 13:55:30.478988+00,
264774,2026-07-21 13:55:30.474401+00,46,ETHUSDT,68,GATE_1_EXPIRED,f,Signal already expired,SKIPPED,2026-07-21 13:55:30.474401+00,
264773,2026-07-21 13:55:30.47076+00,47,SOLUSDT,78,GATE_1_EXPIRED,f,Signal already expired,SKIPPED,2026-07-21 13:55:30.47076+00,
264772,2026-07-21 13:55:30.465778+00,49,SOLUSDT,65,GATE_1_EXPIRED,f,Signal already expired,SKIPPED,2026-07-21 13:55:30.465778+00,
264771,2026-07-21 13:55:30.462207+00,50,BTCUSDT,66,GATE_1_EXPIRED,f,Signal already expired,SKIPPED,2026-07-21 13:55:30.462207+00,
264770,2026-07-21 13:55:30.45648+00,51,ETHUSDT,63,GATE_1_EXPIRED,f,Signal already expired,SKIPPED,2026-07-21 13:55:30.45648+00,
264769,2026-07-21 13:55:15.491188+00,44,BTCUSDT,79,GATE_1_EXPIRED,f,Signal already expired,SKIPPED,2026-07-21 13:55:15.491188+00,
264768,2026-07-21 13:55:15.47703+00,45,XRPUSDT,63,GATE_1_EXPIRED,f,Signal already expired,SKIPPED,2026-07-21 13:55:15.47703+00,
264767,2026-07-21 13:55:15.467959+00,46,ETHUSDT,68,GATE_1_EXPIRED,f,Signal already expired,SKIPPED,2026-07-21 13:55:15.467959+00,
264766,2026-07-21 13:55:15.453139+00,47,SOLUSDT,78,GATE_1_EXPIRED,f,Signal already expired,SKIPPED,2026-07-21 13:55:15.453139+00,
264765,2026-07-21 13:55:15.447511+00,49,SOLUSDT,65,GATE_1_EXPIRED,f,Signal already expired,SKIPPED,2026-07-21 13:55:15.447511+00,
264764,2026-07-21 13:55:15.441863+00,50,BTCUSDT,66,GATE_1_EXPIRED,f,Signal already expired,SKIPPED,2026-07-21 13:55:15.441863+00,
264763,2026-07-21 13:55:15.431182+00,51,ETHUSDT,63,GATE_1_EXPIRED,f,Signal already expired,SKIPPED,2026-07-21 13:55:15.431182+00,
264762,2026-07-21 13:55:00.470679+00,44,BTCUSDT,79,GATE_1_EXPIRED,f,Signal already expired,SKIPPED,2026-07-21 13:55:00.470679+00,
264761,2026-07-21 13:55:00.467574+00,45,XRPUSDT,63,GATE_1_EXPIRED,f,Signal already expired,SKIPPED,2026-07-21 13:55:00.467574+00,
264760,2026-07-21 13:55:00.464936+00,46,ETHUSDT,68,GATE_1_EXPIRED,f,Signal already expired,SKIPPED,2026-07-21 13:55:00.464936+00,
264759,2026-07-21 13:55:00.461235+00,47,SOLUSDT,78,GATE_1_EXPIRED,f,Signal already expired,SKIPPED,2026-07-21 13:55:00.461235+00,
264758,2026-07-21 13:55:00.457481+00,49,SOLUSDT,65,GATE_1_EXPIRED,f,Signal already expired,SKIPPED,2026-07-21 13:55:00.457481+00,
264757,2026-07-21 13:55:00.451456+00,50,BTCUSDT,66,GATE_1_EXPIRED,f,Signal already expired,SKIPPED,2026-07-21 13:55:00.451456+00,
264756,2026-07-21 13:55:00.44322+00,51,ETHUSDT,63,GATE_1_EXPIRED,f,Signal already expired,SKIPPED,2026-07-21 13:55:00.44322+00,
264755,2026-07-21 13:54:45.471233+00,44,BTCUSDT,79,GATE_1_EXPIRED,f,Signal already expired,SKIPPED,2026-07-21 13:54:45.471233+00,
264754,2026-07-21 13:54:45.466885+00,45,XRPUSDT,63,GATE_1_EXPIRED,f,Signal already expired,SKIPPED,2026-07-21 13:54:45.466885+00,
264753,2026-07-21 13:54:45.462481+00,46,ETHUSDT,68,GATE_1_EXPIRED,f,Signal already expired,SKIPPED,2026-07-21 13:54:45.462481+00,
264752,2026-07-21 13:54:45.457765+00,47,SOLUSDT,78,GATE_1_EXPIRED,f,Signal already expired,SKIPPED,2026-07-21 13:54:45.457765+00,
264751,2026-07-21 13:54:45.453195+00,49,SOLUSDT,65,GATE_1_EXPIRED,f,Signal already expired,SKIPPED,2026-07-21 13:54:45.453195+00,
264750,2026-07-21 13:54:45.448348+00,50,BTCUSDT,66,GATE_1_EXPIRED,f,Signal already expired,SKIPPED,2026-07-21 13:54:45.448348+00,
264749,2026-07-21 13:54:45.440663+00,51,ETHUSDT,63,GATE_1_EXPIRED,f,Signal already expired,SKIPPED,2026-07-21 13:54:45.440663+00,
264748,2026-07-21 13:54:30.465392+00,44,BTCUSDT,79,GATE_1_EXPIRED,f,Signal already expired,SKIPPED,2026-07-21 13:54:30.465392+00,
264747,2026-07-21 13:54:30.458886+00,45,XRPUSDT,63,GATE_1_EXPIRED,f,Signal already expired,SKIPPED,2026-07-21 13:54:30.458886+00,
264746,2026-07-21 13:54:30.454151+00,46,ETHUSDT,68,GATE_1_EXPIRED,f,Signal already expired,SKIPPED,2026-07-21 13:54:30.454151+00,
264745,2026-07-21 13:54:30.448996+00,47,SOLUSDT,78,GATE_1_EXPIRED,f,Signal already expired,SKIPPED,2026-07-21 13:54:30.448996+00,
264744,2026-07-21 13:54:30.443732+00,49,SOLUSDT,65,GATE_1_EXPIRED,f,Signal already expired,SKIPPED,2026-07-21 13:54:30.443732+00,
264743,2026-07-21 13:54:30.440078+00,50,BTCUSDT,66,GATE_1_EXPIRED,f,Signal already expired,SKIPPED,2026-07-21 13:54:30.440078+00,
264742,2026-07-21 13:54:30.434219+00,51,ETHUSDT,63,GATE_1_EXPIRED,f,Signal already expired,SKIPPED,2026-07-21 13:54:30.434219+00,
264741,2026-07-21 13:54:15.460124+00,44,BTCUSDT,79,GATE_1_EXPIRED,f,Signal already expired,SKIPPED,2026-07-21 13:54:15.460124+00,
264740,2026-07-21 13:54:15.456064+00,45,XRPUSDT,63,GATE_1_EXPIRED,f,Signal already expired,SKIPPED,2026-07-21 13:54:15.456064+00,
264739,2026-07-21 13:54:15.450332+00,46,ETHUSDT,68,GATE_1_EXPIRED,f,Signal already expired,SKIPPED,2026-07-21 13:54:15.450332+00,
264738,2026-07-21 13:54:15.440936+00,47,SOLUSDT,78,GATE_1_EXPIRED,f,Signal already expired,SKIPPED,2026-07-21 13:54:15.440936+00,
264737,2026-07-21 13:54:15.434326+00,49,SOLUSDT,65,GATE_1_EXPIRED,f,Signal already expired,SKIPPED,2026-07-21 13:54:15.434326+00,
264736,2026-07-21 13:54:15.427046+00,50,BTCUSDT,66,GATE_1_EXPIRED,f,Signal already expired,SKIPPED,2026-07-21 13:54:15.427046+00,
264735,2026-07-21 13:54:15.42044+00,51,ETHUSDT,63,GATE_1_EXPIRED,f,Signal already expired,SKIPPED,2026-07-21 13:54:15.42044+00,
264734,2026-07-21 13:54:00.492224+00,44,BTCUSDT,79,GATE_1_EXPIRED,f,Signal already expired,SKIPPED,2026-07-21 13:54:00.492224+00,
264733,2026-07-21 13:54:00.48686+00,45,XRPUSDT,63,GATE_1_EXPIRED,f,Signal already expired,SKIPPED,2026-07-21 13:54:00.48686+00,
264732,2026-07-21 13:54:00.478364+00,46,ETHUSDT,68,GATE_1_EXPIRED,f,Signal already expired,SKIPPED,2026-07-21 13:54:00.478364+00,
264731,2026-07-21 13:54:00.473644+00,47,SOLUSDT,78,GATE_1_EXPIRED,f,Signal already expired,SKIPPED,2026-07-21 13:54:00.473644+00,
264730,2026-07-21 13:54:00.469866+00,49,SOLUSDT,65,GATE_1_EXPIRED,f,Signal already expired,SKIPPED,2026-07-21 13:54:00.469866+00,
264729,2026-07-21 13:54:00.464468+00,50,BTCUSDT,66,GATE_1_EXPIRED,f,Signal already expired,SKIPPED,2026-07-21 13:54:00.464468+00,
264728,2026-07-21 13:54:00.451007+00,51,ETHUSDT,63,GATE_1_EXPIRED,f,Signal already expired,SKIPPED,2026-07-21 13:54:00.451007+00,
264727,2026-07-21 13:53:45.465112+00,44,BTCUSDT,79,GATE_1_EXPIRED,f,Signal already expired,SKIPPED,2026-07-21 13:53:45.465112+00,
264726,2026-07-21 13:53:45.459015+00,45,XRPUSDT,63,GATE_1_EXPIRED,f,Signal already expired,SKIPPED,2026-07-21 13:53:45.459015+00,
264725,2026-07-21 13:53:45.454217+00,46,ETHUSDT,68,GATE_1_EXPIRED,f,Signal already expired,SKIPPED,2026-07-21 13:53:45.454217+00,
264724,2026-07-21 13:53:45.443898+00,47,SOLUSDT,78,GATE_1_EXPIRED,f,Signal already expired,SKIPPED,2026-07-21 13:53:45.443898+00,
264723,2026-07-21 13:53:45.434237+00,49,SOLUSDT,65,GATE_1_EXPIRED,f,Signal already expired,SKIPPED,2026-07-21 13:53:45.434237+00,
264722,2026-07-21 13:53:45.42964+00,50,BTCUSDT,66,GATE_1_EXPIRED,f,Signal already expired,SKIPPED,2026-07-21 13:53:45.42964+00,
264721,2026-07-21 13:53:45.422791+00,51,ETHUSDT,63,GATE_1_EXPIRED,f,Signal already expired,SKIPPED,2026-07-21 13:53:45.422791+00,
264720,2026-07-21 13:53:30.472683+00,44,BTCUSDT,79,GATE_1_EXPIRED,f,Signal already expired,SKIPPED,2026-07-21 13:53:30.472683+00,
264719,2026-07-21 13:53:30.465+00,45,XRPUSDT,63,GATE_1_EXPIRED,f,Signal already expired,SKIPPED,2026-07-21 13:53:30.465+00,
264718,2026-07-21 13:53:30.457154+00,46,ETHUSDT,68,GATE_1_EXPIRED,f,Signal already expired,SKIPPED,2026-07-21 13:53:30.457154+00,
264717,2026-07-21 13:53:30.452091+00,47,SOLUSDT,78,GATE_1_EXPIRED,f,Signal already expired,SKIPPED,2026-07-21 13:53:30.452091+00,
264716,2026-07-21 13:53:30.447225+00,49,SOLUSDT,65,GATE_1_EXPIRED,f,Signal already expired,SKIPPED,2026-07-21 13:53:30.447225+00,
264715,2026-07-21 13:53:30.438025+00,50,BTCUSDT,66,GATE_1_EXPIRED,f,Signal already expired,SKIPPED,2026-07-21 13:53:30.438025+00,
264714,2026-07-21 13:53:30.431648+00,51,ETHUSDT,63,GATE_1_EXPIRED,f,Signal already expired,SKIPPED,2026-07-21 13:53:30.431648+00,
264713,2026-07-21 13:53:15.473312+00,44,BTCUSDT,79,GATE_1_EXPIRED,f,Signal already expired,SKIPPED,2026-07-21 13:53:15.473312+00,
264712,2026-07-21 13:53:15.465539+00,45,XRPUSDT,63,GATE_1_EXPIRED,f,Signal already expired,SKIPPED,2026-07-21 13:53:15.465539+00,
264711,2026-07-21 13:53:15.457358+00,46,ETHUSDT,68,GATE_1_EXPIRED,f,Signal already expired,SKIPPED,2026-07-21 13:53:15.457358+00,
264710,2026-07-21 13:53:15.451554+00,47,SOLUSDT,78,GATE_1_EXPIRED,f,Signal already expired,SKIPPED,2026-07-21 13:53:15.451554+00,
264709,2026-07-21 13:53:15.445915+00,49,SOLUSDT,65,GATE_1_EXPIRED,f,Signal already expired,SKIPPED,2026-07-21 13:53:15.445915+00,
264708,2026-07-21 13:53:15.442193+00,50,BTCUSDT,66,GATE_1_EXPIRED,f,Signal already expired,SKIPPED,2026-07-21 13:53:15.442193+00,
264707,2026-07-21 13:53:15.436406+00,51,ETHUSDT,63,GATE_1_EXPIRED,f,Signal already expired,SKIPPED,2026-07-21 13:53:15.436406+00,
264706,2026-07-21 13:53:00.473139+00,44,BTCUSDT,79,GATE_1_EXPIRED,f,Signal already expired,SKIPPED,2026-07-21 13:53:00.473139+00,
264705,2026-07-21 13:53:00.467538+00,45,XRPUSDT,63,GATE_1_EXPIRED,f,Signal already expired,SKIPPED,2026-07-21 13:53:00.467538+00,
264704,2026-07-21 13:53:00.462214+00,46,ETHUSDT,68,GATE_1_EXPIRED,f,Signal already expired,SKIPPED,2026-07-21 13:53:00.462214+00,
264703,2026-07-21 13:53:00.456717+00,47,SOLUSDT,78,GATE_1_EXPIRED,f,Signal already expired,SKIPPED,2026-07-21 13:53:00.456717+00,
264702,2026-07-21 13:53:00.451274+00,49,SOLUSDT,65,GATE_1_EXPIRED,f,Signal already expired,SKIPPED,2026-07-21 13:53:00.451274+00,
264701,2026-07-21 13:53:00.445789+00,50,BTCUSDT,66,GATE_1_EXPIRED,f,Signal already expired,SKIPPED,2026-07-21 13:53:00.445789+00,
264700,2026-07-21 13:53:00.439458+00,51,ETHUSDT,63,GATE_1_EXPIRED,f,Signal already expired,SKIPPED,2026-07-21 13:53:00.439458+00,
264699,2026-07-21 13:52:45.47239+00,44,BTCUSDT,79,GATE_1_EXPIRED,f,Signal already expired,SKIPPED,2026-07-21 13:52:45.47239+00,
264698,2026-07-21 13:52:45.465813+00,45,XRPUSDT,63,GATE_1_EXPIRED,f,Signal already expired,SKIPPED,2026-07-21 13:52:45.465813+00,
264697,2026-07-21 13:52:45.458557+00,46,ETHUSDT,68,GATE_1_EXPIRED,f,Signal already expired,SKIPPED,2026-07-21 13:52:45.458557+00,
264696,2026-07-21 13:52:45.44853+00,47,SOLUSDT,78,GATE_1_EXPIRED,f,Signal already expired,SKIPPED,2026-07-21 13:52:45.44853+00,
264695,2026-07-21 13:52:45.442271+00,49,SOLUSDT,65,GATE_1_EXPIRED,f,Signal already expired,SKIPPED,2026-07-21 13:52:45.442271+00,
264694,2026-07-21 13:52:45.435238+00,50,BTCUSDT,66,GATE_1_EXPIRED,f,Signal already expired,SKIPPED,2026-07-21 13:52:45.435238+00,
264693,2026-07-21 13:52:45.426552+00,51,ETHUSDT,63,GATE_1_EXPIRED,f,Signal already expired,SKIPPED,2026-07-21 13:52:45.426552+00,
264692,2026-07-21 13:52:30.454659+00,44,BTCUSDT,79,GATE_1_EXPIRED,f,Signal already expired,SKIPPED,2026-07-21 13:52:30.454659+00,
264691,2026-07-21 13:52:30.448926+00,45,XRPUSDT,63,GATE_1_EXPIRED,f,Signal already expired,SKIPPED,2026-07-21 13:52:30.448926+00,
264690,2026-07-21 13:52:30.441737+00,46,ETHUSDT,68,GATE_1_EXPIRED,f,Signal already expired,SKIPPED,2026-07-21 13:52:30.441737+00,
264689,2026-07-21 13:52:30.434581+00,47,SOLUSDT,78,GATE_1_EXPIRED,f,Signal already expired,SKIPPED,2026-07-21 13:52:30.434581+00,
264688,2026-07-21 13:52:30.430625+00,49,SOLUSDT,65,GATE_1_EXPIRED,f,Signal already expired,SKIPPED,2026-07-21 13:52:30.430625+00,
264687,2026-07-21 13:52:30.426219+00,50,BTCUSDT,66,GATE_1_EXPIRED,f,Signal already expired,SKIPPED,2026-07-21 13:52:30.426219+00,
264686,2026-07-21 13:52:30.419647+00,51,ETHUSDT,63,GATE_1_EXPIRED,f,Signal already expired,SKIPPED,2026-07-21 13:52:30.419647+00,
264685,2026-07-21 13:52:15.448807+00,44,BTCUSDT,79,GATE_1_EXPIRED,f,Signal already expired,SKIPPED,2026-07-21 13:52:15.448807+00,
264684,2026-07-21 13:52:15.442855+00,45,XRPUSDT,63,GATE_1_EXPIRED,f,Signal already expired,SKIPPED,2026-07-21 13:52:15.442855+00,
264683,2026-07-21 13:52:15.434548+00,46,ETHUSDT,68,GATE_1_EXPIRED,f,Signal already expired,SKIPPED,2026-07-21 13:52:15.434548+00,
264682,2026-07-21 13:52:15.424124+00,47,SOLUSDT,78,GATE_1_EXPIRED,f,Signal already expired,SKIPPED,2026-07-21 13:52:15.424124+00,
264681,2026-07-21 13:52:15.417431+00,49,SOLUSDT,65,GATE_1_EXPIRED,f,Signal already expired,SKIPPED,2026-07-21 13:52:15.417431+00,
264680,2026-07-21 13:52:15.410978+00,50,BTCUSDT,66,GATE_1_EXPIRED,f,Signal already expired,SKIPPED,2026-07-21 13:52:15.410978+00,
264679,2026-07-21 13:52:15.404542+00,51,ETHUSDT,63,GATE_1_EXPIRED,f,Signal already expired,SKIPPED,2026-07-21 13:52:15.404542+00,
264678,2026-07-21 13:52:00.449217+00,44,BTCUSDT,79,GATE_1_EXPIRED,f,Signal already expired,SKIPPED,2026-07-21 13:52:00.449217+00,
264677,2026-07-21 13:52:00.442334+00,45,XRPUSDT,63,GATE_1_EXPIRED,f,Signal already expired,SKIPPED,2026-07-21 13:52:00.442334+00,
264676,2026-07-21 13:52:00.43604+00,46,ETHUSDT,68,GATE_1_EXPIRED,f,Signal already expired,SKIPPED,2026-07-21 13:52:00.43604+00,
264675,2026-07-21 13:52:00.431493+00,47,SOLUSDT,78,GATE_1_EXPIRED,f,Signal already expired,SKIPPED,2026-07-21 13:52:00.431493+00,
264674,2026-07-21 13:52:00.422917+00,49,SOLUSDT,65,GATE_1_EXPIRED,f,Signal already expired,SKIPPED,2026-07-21 13:52:00.422917+00,
264673,2026-07-21 13:52:00.411129+00,50,BTCUSDT,66,GATE_1_EXPIRED,f,Signal already expired,SKIPPED,2026-07-21 13:52:00.411129+00,
264672,2026-07-21 13:52:00.40497+00,51,ETHUSDT,63,GATE_1_EXPIRED,f,Signal already expired,SKIPPED,2026-07-21 13:52:00.40497+00,
264671,2026-07-21 13:51:45.447953+00,44,BTCUSDT,79,GATE_1_EXPIRED,f,Signal already expired,SKIPPED,2026-07-21 13:51:45.447953+00,
264670,2026-07-21 13:51:45.443216+00,45,XRPUSDT,63,GATE_1_EXPIRED,f,Signal already expired,SKIPPED,2026-07-21 13:51:45.443216+00,
264669,2026-07-21 13:51:45.438517+00,46,ETHUSDT,68,GATE_1_EXPIRED,f,Signal already expired,SKIPPED,2026-07-21 13:51:45.438517+00,
264668,2026-07-21 13:51:45.434614+00,47,SOLUSDT,78,GATE_1_EXPIRED,f,Signal already expired,SKIPPED,2026-07-21 13:51:45.434614+00,
264667,2026-07-21 13:51:45.431249+00,49,SOLUSDT,65,GATE_1_EXPIRED,f,Signal already expired,SKIPPED,2026-07-21 13:51:45.431249+00,
264666,2026-07-21 13:51:45.427204+00,50,BTCUSDT,66,GATE_1_EXPIRED,f,Signal already expired,SKIPPED,2026-07-21 13:51:45.427204+00,
264665,2026-07-21 13:51:45.422271+00,51,ETHUSDT,63,GATE_1_EXPIRED,f,Signal already expired,SKIPPED,2026-07-21 13:51:45.422271+00,
264664,2026-07-21 13:51:30.446483+00,44,BTCUSDT,79,GATE_1_EXPIRED,f,Signal already expired,SKIPPED,2026-07-21 13:51:30.446483+00,
264663,2026-07-21 13:51:30.438689+00,45,XRPUSDT,63,GATE_1_EXPIRED,f,Signal already expired,SKIPPED,2026-07-21 13:51:30.438689+00,
264662,2026-07-21 13:51:30.434151+00,46,ETHUSDT,68,GATE_1_EXPIRED,f,Signal already expired,SKIPPED,2026-07-21 13:51:30.434151+00,
264661,2026-07-21 13:51:30.42854+00,47,SOLUSDT,78,GATE_1_EXPIRED,f,Signal already expired,SKIPPED,2026-07-21 13:51:30.42854+00,
264660,2026-07-21 13:51:30.421974+00,49,SOLUSDT,65,GATE_1_EXPIRED,f,Signal already expired,SKIPPED,2026-07-21 13:51:30.421974+00,
264659,2026-07-21 13:51:30.415519+00,50,BTCUSDT,66,GATE_1_EXPIRED,f,Signal already expired,SKIPPED,2026-07-21 13:51:30.415519+00,
264658,2026-07-21 13:51:30.407546+00,51,ETHUSDT,63,GATE_1_EXPIRED,f,Signal already expired,SKIPPED,2026-07-21 13:51:30.407546+00,
264657,2026-07-21 13:51:15.59567+00,44,BTCUSDT,79,GATE_1_EXPIRED,f,Signal already expired,SKIPPED,2026-07-21 13:51:15.59567+00,
264656,2026-07-21 13:51:15.591746+00,45,XRPUSDT,63,GATE_1_EXPIRED,f,Signal already expired,SKIPPED,2026-07-21 13:51:15.591746+00,
264655,2026-07-21 13:51:15.586448+00,46,ETHUSDT,68,GATE_1_EXPIRED,f,Signal already expired,SKIPPED,2026-07-21 13:51:15.586448+00,
264654,2026-07-21 13:51:15.57936+00,47,SOLUSDT,78,GATE_1_EXPIRED,f,Signal already expired,SKIPPED,2026-07-21 13:51:15.57936+00,
264653,2026-07-21 13:51:15.57333+00,49,SOLUSDT,65,GATE_1_EXPIRED,f,Signal already expired,SKIPPED,2026-07-21 13:51:15.57333+00,
264652,2026-07-21 13:51:15.565367+00,50,BTCUSDT,66,GATE_1_EXPIRED,f,Signal already expired,SKIPPED,2026-07-21 13:51:15.565367+00,
264651,2026-07-21 13:51:15.407986+00,51,ETHUSDT,63,GATE_1_EXPIRED,f,Signal already expired,SKIPPED,2026-07-21 13:51:15.407986+00,
264650,2026-07-21 13:51:00.488923+00,44,BTCUSDT,79,GATE_1_EXPIRED,f,Signal already expired,SKIPPED,2026-07-21 13:51:00.488923+00,
264649,2026-07-21 13:51:00.482339+00,45,XRPUSDT,63,GATE_1_EXPIRED,f,Signal already expired,SKIPPED,2026-07-21 13:51:00.482339+00,
264648,2026-07-21 13:51:00.473737+00,46,ETHUSDT,68,GATE_1_EXPIRED,f,Signal already expired,SKIPPED,2026-07-21 13:51:00.473737+00,
264647,2026-07-21 13:51:00.45+00,47,SOLUSDT,78,GATE_1_EXPIRED,f,Signal already expired,SKIPPED,2026-07-21 13:51:00.45+00,
264646,2026-07-21 13:51:00.442192+00,49,SOLUSDT,65,GATE_1_EXPIRED,f,Signal already expired,SKIPPED,2026-07-21 13:51:00.442192+00,
264645,2026-07-21 13:51:00.436311+00,50,BTCUSDT,66,GATE_1_EXPIRED,f,Signal already expired,SKIPPED,2026-07-21 13:51:00.436311+00,
264644,2026-07-21 13:51:00.425465+00,51,ETHUSDT,63,GATE_1_EXPIRED,f,Signal already expired,SKIPPED,2026-07-21 13:51:00.425465+00,
264643,2026-07-21 13:50:45.437991+00,44,BTCUSDT,79,GATE_1_EXPIRED,f,Signal already expired,SKIPPED,2026-07-21 13:50:45.437991+00,
264642,2026-07-21 13:50:45.43296+00,45,XRPUSDT,63,GATE_1_EXPIRED,f,Signal already expired,SKIPPED,2026-07-21 13:50:45.43296+00,
264641,2026-07-21 13:50:45.429193+00,46,ETHUSDT,68,GATE_1_EXPIRED,f,Signal already expired,SKIPPED,2026-07-21 13:50:45.429193+00,
264640,2026-07-21 13:50:45.424339+00,47,SOLUSDT,78,GATE_1_EXPIRED,f,Signal already expired,SKIPPED,2026-07-21 13:50:45.424339+00,
264639,2026-07-21 13:50:45.420768+00,49,SOLUSDT,65,GATE_1_EXPIRED,f,Signal already expired,SKIPPED,2026-07-21 13:50:45.420768+00,
264638,2026-07-21 13:50:45.416593+00,50,BTCUSDT,66,GATE_1_EXPIRED,f,Signal already expired,SKIPPED,2026-07-21 13:50:45.416593+00,
264637,2026-07-21 13:50:45.407559+00,51,ETHUSDT,63,GATE_1_EXPIRED,f,Signal already expired,SKIPPED,2026-07-21 13:50:45.407559+00,
264636,2026-07-21 13:50:30.4383+00,44,BTCUSDT,79,GATE_1_EXPIRED,f,Signal already expired,SKIPPED,2026-07-21 13:50:30.4383+00,
264635,2026-07-21 13:50:30.431338+00,45,XRPUSDT,63,GATE_1_EXPIRED,f,Signal already expired,SKIPPED,2026-07-21 13:50:30.431338+00,
264634,2026-07-21 13:50:30.427569+00,46,ETHUSDT,68,GATE_1_EXPIRED,f,Signal already expired,SKIPPED,2026-07-21 13:50:30.427569+00,
264633,2026-07-21 13:50:30.423742+00,47,SOLUSDT,78,GATE_1_EXPIRED,f,Signal already expired,SKIPPED,2026-07-21 13:50:30.423742+00,
264632,2026-07-21 13:50:30.420057+00,49,SOLUSDT,65,GATE_1_EXPIRED,f,Signal already expired,SKIPPED,2026-07-21 13:50:30.420057+00,
264631,2026-07-21 13:50:30.415671+00,50,BTCUSDT,66,GATE_1_EXPIRED,f,Signal already expired,SKIPPED,2026-07-21 13:50:30.415671+00,
264630,2026-07-21 13:50:30.40388+00,51,ETHUSDT,63,GATE_1_EXPIRED,f,Signal already expired,SKIPPED,2026-07-21 13:50:30.40388+00,
264629,2026-07-21 13:50:15.487792+00,44,BTCUSDT,79,GATE_1_EXPIRED,f,Signal already expired,SKIPPED,2026-07-21 13:50:15.487792+00,
264628,2026-07-21 13:50:15.477585+00,45,XRPUSDT,63,GATE_1_EXPIRED,f,Signal already expired,SKIPPED,2026-07-21 13:50:15.477585+00,
264627,2026-07-21 13:50:15.467612+00,46,ETHUSDT,68,GATE_1_EXPIRED,f,Signal already expired,SKIPPED,2026-07-21 13:50:15.467612+00,
264626,2026-07-21 13:50:15.458523+00,47,SOLUSDT,78,GATE_1_EXPIRED,f,Signal already expired,SKIPPED,2026-07-21 13:50:15.458523+00,
264625,2026-07-21 13:50:15.446242+00,49,SOLUSDT,65,GATE_1_EXPIRED,f,Signal already expired,SKIPPED,2026-07-21 13:50:15.446242+00,
264624,2026-07-21 13:50:15.440562+00,50,BTCUSDT,66,GATE_1_EXPIRED,f,Signal already expired,SKIPPED,2026-07-21 13:50:15.440562+00,
264623,2026-07-21 13:50:15.431807+00,51,ETHUSDT,63,GATE_1_EXPIRED,f,Signal already expired,SKIPPED,2026-07-21 13:50:15.431807+00,
264622,2026-07-21 13:50:00.484495+00,44,BTCUSDT,79,GATE_1_EXPIRED,f,Signal already expired,SKIPPED,2026-07-21 13:50:00.484495+00,
264621,2026-07-21 13:50:00.480022+00,45,XRPUSDT,63,GATE_1_EXPIRED,f,Signal already expired,SKIPPED,2026-07-21 13:50:00.480022+00,
264620,2026-07-21 13:50:00.475797+00,46,ETHUSDT,68,GATE_1_EXPIRED,f,Signal already expired,SKIPPED,2026-07-21 13:50:00.475797+00,
264619,2026-07-21 13:50:00.469856+00,47,SOLUSDT,78,GATE_1_EXPIRED,f,Signal already expired,SKIPPED,2026-07-21 13:50:00.469856+00,
264618,2026-07-21 13:50:00.465387+00,49,SOLUSDT,65,GATE_1_EXPIRED,f,Signal already expired,SKIPPED,2026-07-21 13:50:00.465387+00,
264617,2026-07-21 13:50:00.461105+00,50,BTCUSDT,66,GATE_1_EXPIRED,f,Signal already expired,SKIPPED,2026-07-21 13:50:00.461105+00,
264616,2026-07-21 13:50:00.401668+00,51,ETHUSDT,63,GATE_1_EXPIRED,f,Signal already expired,SKIPPED,2026-07-21 13:50:00.401668+00,
264615,2026-07-21 13:49:45.435064+00,44,BTCUSDT,79,GATE_1_EXPIRED,f,Signal already expired,SKIPPED,2026-07-21 13:49:45.435064+00,
264614,2026-07-21 13:49:45.426936+00,45,XRPUSDT,63,GATE_1_EXPIRED,f,Signal already expired,SKIPPED,2026-07-21 13:49:45.426936+00,
264613,2026-07-21 13:49:45.421713+00,46,ETHUSDT,68,GATE_1_EXPIRED,f,Signal already expired,SKIPPED,2026-07-21 13:49:45.421713+00,
264612,2026-07-21 13:49:45.407052+00,47,SOLUSDT,78,GATE_1_EXPIRED,f,Signal already expired,SKIPPED,2026-07-21 13:49:45.407052+00,
264611,2026-07-21 13:49:45.398846+00,49,SOLUSDT,65,GATE_1_EXPIRED,f,Signal already expired,SKIPPED,2026-07-21 13:49:45.398846+00,
264610,2026-07-21 13:49:45.390521+00,50,BTCUSDT,66,GATE_1_EXPIRED,f,Signal already expired,SKIPPED,2026-07-21 13:49:45.390521+00,
264609,2026-07-21 13:49:45.382834+00,51,ETHUSDT,63,GATE_1_EXPIRED,f,Signal already expired,SKIPPED,2026-07-21 13:49:45.382834+00,
264608,2026-07-21 13:49:30.442781+00,44,BTCUSDT,79,GATE_1_EXPIRED,f,Signal already expired,SKIPPED,2026-07-21 13:49:30.442781+00,
264607,2026-07-21 13:49:30.436363+00,45,XRPUSDT,63,GATE_1_EXPIRED,f,Signal already expired,SKIPPED,2026-07-21 13:49:30.436363+00,
264606,2026-07-21 13:49:30.431142+00,46,ETHUSDT,68,GATE_1_EXPIRED,f,Signal already expired,SKIPPED,2026-07-21 13:49:30.431142+00,
264605,2026-07-21 13:49:30.4258+00,47,SOLUSDT,78,GATE_1_EXPIRED,f,Signal already expired,SKIPPED,2026-07-21 13:49:30.4258+00,
264604,2026-07-21 13:49:30.418954+00,49,SOLUSDT,65,GATE_1_EXPIRED,f,Signal already expired,SKIPPED,2026-07-21 13:49:30.418954+00,
264603,2026-07-21 13:49:30.413884+00,50,BTCUSDT,66,GATE_1_EXPIRED,f,Signal already expired,SKIPPED,2026-07-21 13:49:30.413884+00,
264602,2026-07-21 13:49:30.404953+00,51,ETHUSDT,63,GATE_1_EXPIRED,f,Signal already expired,SKIPPED,2026-07-21 13:49:30.404953+00,
264601,2026-07-21 13:49:15.435003+00,44,BTCUSDT,79,GATE_1_EXPIRED,f,Signal already expired,SKIPPED,2026-07-21 13:49:15.435003+00,
264600,2026-07-21 13:49:15.431262+00,45,XRPUSDT,63,GATE_1_EXPIRED,f,Signal already expired,SKIPPED,2026-07-21 13:49:15.431262+00,
264599,2026-07-21 13:49:15.424485+00,46,ETHUSDT,68,GATE_1_EXPIRED,f,Signal already expired,SKIPPED,2026-07-21 13:49:15.424485+00,
264598,2026-07-21 13:49:15.41783+00,47,SOLUSDT,78,GATE_1_EXPIRED,f,Signal already expired,SKIPPED,2026-07-21 13:49:15.41783+00,
264597,2026-07-21 13:49:15.409864+00,49,SOLUSDT,65,GATE_1_EXPIRED,f,Signal already expired,SKIPPED,2026-07-21 13:49:15.409864+00,
264596,2026-07-21 13:49:15.404853+00,50,BTCUSDT,66,GATE_1_EXPIRED,f,Signal already expired,SKIPPED,2026-07-21 13:49:15.404853+00,
264595,2026-07-21 13:49:15.395237+00,51,ETHUSDT,63,GATE_1_EXPIRED,f,Signal already expired,SKIPPED,2026-07-21 13:49:15.395237+00,
264594,2026-07-21 13:49:00.426797+00,44,BTCUSDT,79,GATE_1_EXPIRED,f,Signal already expired,SKIPPED,2026-07-21 13:49:00.426797+00,
264593,2026-07-21 13:49:00.422146+00,45,XRPUSDT,63,GATE_1_EXPIRED,f,Signal already expired,SKIPPED,2026-07-21 13:49:00.422146+00,
264592,2026-07-21 13:49:00.418429+00,46,ETHUSDT,68,GATE_1_EXPIRED,f,Signal already expired,SKIPPED,2026-07-21 13:49:00.418429+00,
264591,2026-07-21 13:49:00.41019+00,47,SOLUSDT,78,GATE_1_EXPIRED,f,Signal already expired,SKIPPED,2026-07-21 13:49:00.41019+00,
264590,2026-07-21 13:49:00.406129+00,49,SOLUSDT,65,GATE_1_EXPIRED,f,Signal already expired,SKIPPED,2026-07-21 13:49:00.406129+00,
264589,2026-07-21 13:49:00.401455+00,50,BTCUSDT,66,GATE_1_EXPIRED,f,Signal already expired,SKIPPED,2026-07-21 13:49:00.401455+00,
264588,2026-07-21 13:49:00.39604+00,51,ETHUSDT,63,GATE_1_EXPIRED,f,Signal already expired,SKIPPED,2026-07-21 13:49:00.39604+00,
264587,2026-07-21 13:48:45.413238+00,44,BTCUSDT,79,GATE_1_EXPIRED,f,Signal already expired,SKIPPED,2026-07-21 13:48:45.413238+00,
264586,2026-07-21 13:48:45.409214+00,45,XRPUSDT,63,GATE_1_EXPIRED,f,Signal already expired,SKIPPED,2026-07-21 13:48:45.409214+00,
264585,2026-07-21 13:48:45.405983+00,46,ETHUSDT,68,GATE_1_EXPIRED,f,Signal already expired,SKIPPED,2026-07-21 13:48:45.405983+00,
264584,2026-07-21 13:48:45.402888+00,47,SOLUSDT,78,GATE_1_EXPIRED,f,Signal already expired,SKIPPED,2026-07-21 13:48:45.402888+00,
264583,2026-07-21 13:48:45.398399+00,49,SOLUSDT,65,GATE_1_EXPIRED,f,Signal already expired,SKIPPED,2026-07-21 13:48:45.398399+00,
264582,2026-07-21 13:48:45.394482+00,50,BTCUSDT,66,GATE_1_EXPIRED,f,Signal already expired,SKIPPED,2026-07-21 13:48:45.394482+00,
264581,2026-07-21 13:48:45.386734+00,51,ETHUSDT,63,GATE_1_EXPIRED,f,Signal already expired,SKIPPED,2026-07-21 13:48:45.386734+00,
264580,2026-07-21 13:48:30.436756+00,44,BTCUSDT,79,GATE_1_EXPIRED,f,Signal already expired,SKIPPED,2026-07-21 13:48:30.436756+00,
264579,2026-07-21 13:48:30.431274+00,45,XRPUSDT,63,GATE_1_EXPIRED,f,Signal already expired,SKIPPED,2026-07-21 13:48:30.431274+00,
264578,2026-07-21 13:48:30.424694+00,46,ETHUSDT,68,GATE_1_EXPIRED,f,Signal already expired,SKIPPED,2026-07-21 13:48:30.424694+00,
264577,2026-07-21 13:48:30.418145+00,47,SOLUSDT,78,GATE_1_EXPIRED,f,Signal already expired,SKIPPED,2026-07-21 13:48:30.418145+00,
264576,2026-07-21 13:48:30.413852+00,49,SOLUSDT,65,GATE_1_EXPIRED,f,Signal already expired,SKIPPED,2026-07-21 13:48:30.413852+00,
264575,2026-07-21 13:48:30.405196+00,50,BTCUSDT,66,GATE_1_EXPIRED,f,Signal already expired,SKIPPED,2026-07-21 13:48:30.405196+00,
264574,2026-07-21 13:48:30.390148+00,51,ETHUSDT,63,GATE_1_EXPIRED,f,Signal already expired,SKIPPED,2026-07-21 13:48:30.390148+00,
264573,2026-07-21 13:48:15.422227+00,44,BTCUSDT,79,GATE_1_EXPIRED,f,Signal already expired,SKIPPED,2026-07-21 13:48:15.422227+00,
264572,2026-07-21 13:48:15.41509+00,45,XRPUSDT,63,GATE_1_EXPIRED,f,Signal already expired,SKIPPED,2026-07-21 13:48:15.41509+00,
264571,2026-07-21 13:48:15.40866+00,46,ETHUSDT,68,GATE_1_EXPIRED,f,Signal already expired,SKIPPED,2026-07-21 13:48:15.40866+00,
264570,2026-07-21 13:48:15.404075+00,47,SOLUSDT,78,GATE_1_EXPIRED,f,Signal already expired,SKIPPED,2026-07-21 13:48:15.404075+00,
264569,2026-07-21 13:48:15.399627+00,49,SOLUSDT,65,GATE_1_EXPIRED,f,Signal already expired,SKIPPED,2026-07-21 13:48:15.399627+00,
264568,2026-07-21 13:48:15.392639+00,50,BTCUSDT,66,GATE_1_EXPIRED,f,Signal already expired,SKIPPED,2026-07-21 13:48:15.392639+00,
264567,2026-07-21 13:48:15.387204+00,51,ETHUSDT,63,GATE_1_EXPIRED,f,Signal already expired,SKIPPED,2026-07-21 13:48:15.387204+00,
264566,2026-07-21 13:48:00.428591+00,44,BTCUSDT,79,GATE_1_EXPIRED,f,Signal already expired,SKIPPED,2026-07-21 13:48:00.428591+00,
264565,2026-07-21 13:48:00.423671+00,45,XRPUSDT,63,GATE_1_EXPIRED,f,Signal already expired,SKIPPED,2026-07-21 13:48:00.423671+00,
264564,2026-07-21 13:48:00.417317+00,46,ETHUSDT,68,GATE_1_EXPIRED,f,Signal already expired,SKIPPED,2026-07-21 13:48:00.417317+00,
264563,2026-07-21 13:48:00.410221+00,47,SOLUSDT,78,GATE_1_EXPIRED,f,Signal already expired,SKIPPED,2026-07-21 13:48:00.410221+00,
264562,2026-07-21 13:48:00.402757+00,49,SOLUSDT,65,GATE_1_EXPIRED,f,Signal already expired,SKIPPED,2026-07-21 13:48:00.402757+00,
264561,2026-07-21 13:48:00.396377+00,50,BTCUSDT,66,GATE_1_EXPIRED,f,Signal already expired,SKIPPED,2026-07-21 13:48:00.396377+00,
264560,2026-07-21 13:48:00.38741+00,51,ETHUSDT,63,GATE_1_EXPIRED,f,Signal already expired,SKIPPED,2026-07-21 13:48:00.38741+00,
264559,2026-07-21 13:47:45.410511+00,44,BTCUSDT,79,GATE_1_EXPIRED,f,Signal already expired,SKIPPED,2026-07-21 13:47:45.410511+00,
264558,2026-07-21 13:47:45.406874+00,45,XRPUSDT,63,GATE_1_EXPIRED,f,Signal already expired,SKIPPED,2026-07-21 13:47:45.406874+00,
264557,2026-07-21 13:47:45.403095+00,46,ETHUSDT,68,GATE_1_EXPIRED,f,Signal already expired,SKIPPED,2026-07-21 13:47:45.403095+00,
264556,2026-07-21 13:47:45.399024+00,47,SOLUSDT,78,GATE_1_EXPIRED,f,Signal already expired,SKIPPED,2026-07-21 13:47:45.399024+00,
264555,2026-07-21 13:47:45.392798+00,49,SOLUSDT,65,GATE_1_EXPIRED,f,Signal already expired,SKIPPED,2026-07-21 13:47:45.392798+00,
264554,2026-07-21 13:47:45.388733+00,50,BTCUSDT,66,GATE_1_EXPIRED,f,Signal already expired,SKIPPED,2026-07-21 13:47:45.388733+00,
264553,2026-07-21 13:47:45.382215+00,51,ETHUSDT,63,GATE_1_EXPIRED,f,Signal already expired,SKIPPED,2026-07-21 13:47:45.382215+00,
264552,2026-07-21 13:47:30.432046+00,44,BTCUSDT,79,GATE_1_EXPIRED,f,Signal already expired,SKIPPED,2026-07-21 13:47:30.432046+00,
264551,2026-07-21 13:47:30.423073+00,45,XRPUSDT,63,GATE_1_EXPIRED,f,Signal already expired,SKIPPED,2026-07-21 13:47:30.423073+00,
264550,2026-07-21 13:47:30.415839+00,46,ETHUSDT,68,GATE_1_EXPIRED,f,Signal already expired,SKIPPED,2026-07-21 13:47:30.415839+00,
264549,2026-07-21 13:47:30.406859+00,47,SOLUSDT,78,GATE_1_EXPIRED,f,Signal already expired,SKIPPED,2026-07-21 13:47:30.406859+00,
264548,2026-07-21 13:47:30.397883+00,49,SOLUSDT,65,GATE_1_EXPIRED,f,Signal already expired,SKIPPED,2026-07-21 13:47:30.397883+00,
264547,2026-07-21 13:47:30.391984+00,50,BTCUSDT,66,GATE_1_EXPIRED,f,Signal already expired,SKIPPED,2026-07-21 13:47:30.391984+00,
264546,2026-07-21 13:47:30.384813+00,51,ETHUSDT,63,GATE_1_EXPIRED,f,Signal already expired,SKIPPED,2026-07-21 13:47:30.384813+00,
264545,2026-07-21 13:47:15.459199+00,44,BTCUSDT,79,GATE_1_EXPIRED,f,Signal already expired,SKIPPED,2026-07-21 13:47:15.459199+00,
264544,2026-07-21 13:47:15.451113+00,45,XRPUSDT,63,GATE_1_EXPIRED,f,Signal already expired,SKIPPED,2026-07-21 13:47:15.451113+00,
264543,2026-07-21 13:47:15.445133+00,46,ETHUSDT,68,GATE_1_EXPIRED,f,Signal already expired,SKIPPED,2026-07-21 13:47:15.445133+00,
264542,2026-07-21 13:47:15.441256+00,47,SOLUSDT,78,GATE_1_EXPIRED,f,Signal already expired,SKIPPED,2026-07-21 13:47:15.441256+00,
264541,2026-07-21 13:47:15.434584+00,49,SOLUSDT,65,GATE_1_EXPIRED,f,Signal already expired,SKIPPED,2026-07-21 13:47:15.434584+00,
264540,2026-07-21 13:47:15.427816+00,50,BTCUSDT,66,GATE_1_EXPIRED,f,Signal already expired,SKIPPED,2026-07-21 13:47:15.427816+00,
264539,2026-07-21 13:47:15.417207+00,51,ETHUSDT,63,GATE_1_EXPIRED,f,Signal already expired,SKIPPED,2026-07-21 13:47:15.417207+00,
264538,2026-07-21 13:47:00.381662+00,44,BTCUSDT,79,GATE_1_EXPIRED,f,Signal already expired,SKIPPED,2026-07-21 13:47:00.381662+00,
264537,2026-07-21 13:47:00.379099+00,45,XRPUSDT,63,GATE_1_EXPIRED,f,Signal already expired,SKIPPED,2026-07-21 13:47:00.379099+00,
264536,2026-07-21 13:47:00.376492+00,46,ETHUSDT,68,GATE_1_EXPIRED,f,Signal already expired,SKIPPED,2026-07-21 13:47:00.376492+00,
264535,2026-07-21 13:47:00.373779+00,47,SOLUSDT,78,GATE_1_EXPIRED,f,Signal already expired,SKIPPED,2026-07-21 13:47:00.373779+00,
264534,2026-07-21 13:47:00.37123+00,49,SOLUSDT,65,GATE_1_EXPIRED,f,Signal already expired,SKIPPED,2026-07-21 13:47:00.37123+00,
264533,2026-07-21 13:47:00.368399+00,50,BTCUSDT,66,GATE_1_EXPIRED,f,Signal already expired,SKIPPED,2026-07-21 13:47:00.368399+00,
264532,2026-07-21 13:47:00.364476+00,51,ETHUSDT,63,GATE_1_EXPIRED,f,Signal already expired,SKIPPED,2026-07-21 13:47:00.364476+00,
264531,2026-07-21 13:46:45.389086+00,44,BTCUSDT,79,GATE_1_EXPIRED,f,Signal already expired,SKIPPED,2026-07-21 13:46:45.389086+00,
264530,2026-07-21 13:46:45.386375+00,45,XRPUSDT,63,GATE_1_EXPIRED,f,Signal already expired,SKIPPED,2026-07-21 13:46:45.386375+00,
264529,2026-07-21 13:46:45.38372+00,46,ETHUSDT,68,GATE_1_EXPIRED,f,Signal already expired,SKIPPED,2026-07-21 13:46:45.38372+00,
264528,2026-07-21 13:46:45.380998+00,47,SOLUSDT,78,GATE_1_EXPIRED,f,Signal already expired,SKIPPED,2026-07-21 13:46:45.380998+00,
264527,2026-07-21 13:46:45.378379+00,49,SOLUSDT,65,GATE_1_EXPIRED,f,Signal already expired,SKIPPED,2026-07-21 13:46:45.378379+00,
264526,2026-07-21 13:46:45.375713+00,50,BTCUSDT,66,GATE_1_EXPIRED,f,Signal already expired,SKIPPED,2026-07-21 13:46:45.375713+00,
264525,2026-07-21 13:46:45.368927+00,51,ETHUSDT,63,GATE_1_EXPIRED,f,Signal already expired,SKIPPED,2026-07-21 13:46:45.368927+00,
264524,2026-07-21 13:46:30.381142+00,44,BTCUSDT,79,GATE_1_EXPIRED,f,Signal already expired,SKIPPED,2026-07-21 13:46:30.381142+00,
264523,2026-07-21 13:46:30.377586+00,45,XRPUSDT,63,GATE_1_EXPIRED,f,Signal already expired,SKIPPED,2026-07-21 13:46:30.377586+00,
264522,2026-07-21 13:46:30.369676+00,46,ETHUSDT,68,GATE_1_EXPIRED,f,Signal already expired,SKIPPED,2026-07-21 13:46:30.369676+00,
264521,2026-07-21 13:46:30.364502+00,47,SOLUSDT,78,GATE_1_EXPIRED,f,Signal already expired,SKIPPED,2026-07-21 13:46:30.364502+00,
264520,2026-07-21 13:46:30.360328+00,49,SOLUSDT,65,GATE_1_EXPIRED,f,Signal already expired,SKIPPED,2026-07-21 13:46:30.360328+00,
264519,2026-07-21 13:46:30.353381+00,50,BTCUSDT,66,GATE_1_EXPIRED,f,Signal already expired,SKIPPED,2026-07-21 13:46:30.353381+00,
264518,2026-07-21 13:46:30.346035+00,51,ETHUSDT,63,GATE_1_EXPIRED,f,Signal already expired,SKIPPED,2026-07-21 13:46:30.346035+00,
264517,2026-07-21 13:46:15.392507+00,44,BTCUSDT,79,GATE_1_EXPIRED,f,Signal already expired,SKIPPED,2026-07-21 13:46:15.392507+00,
264516,2026-07-21 13:46:15.385409+00,45,XRPUSDT,63,GATE_1_EXPIRED,f,Signal already expired,SKIPPED,2026-07-21 13:46:15.385409+00,
264515,2026-07-21 13:46:15.3765+00,46,ETHUSDT,68,GATE_1_EXPIRED,f,Signal already expired,SKIPPED,2026-07-21 13:46:15.3765+00,
264514,2026-07-21 13:46:15.372198+00,47,SOLUSDT,78,GATE_1_EXPIRED,f,Signal already expired,SKIPPED,2026-07-21 13:46:15.372198+00,
264513,2026-07-21 13:46:15.367695+00,49,SOLUSDT,65,GATE_1_EXPIRED,f,Signal already expired,SKIPPED,2026-07-21 13:46:15.367695+00,
264512,2026-07-21 13:46:15.363209+00,50,BTCUSDT,66,GATE_1_EXPIRED,f,Signal already expired,SKIPPED,2026-07-21 13:46:15.363209+00,
264511,2026-07-21 13:46:15.357307+00,51,ETHUSDT,63,GATE_1_EXPIRED,f,Signal already expired,SKIPPED,2026-07-21 13:46:15.357307+00,
264510,2026-07-21 13:46:00.384998+00,44,BTCUSDT,79,GATE_1_EXPIRED,f,Signal already expired,SKIPPED,2026-07-21 13:46:00.384998+00,
264509,2026-07-21 13:46:00.377834+00,45,XRPUSDT,63,GATE_1_EXPIRED,f,Signal already expired,SKIPPED,2026-07-21 13:46:00.377834+00,
264508,2026-07-21 13:46:00.373989+00,46,ETHUSDT,68,GATE_1_EXPIRED,f,Signal already expired,SKIPPED,2026-07-21 13:46:00.373989+00,
264507,2026-07-21 13:46:00.369702+00,47,SOLUSDT,78,GATE_1_EXPIRED,f,Signal already expired,SKIPPED,2026-07-21 13:46:00.369702+00,
264506,2026-07-21 13:46:00.365827+00,49,SOLUSDT,65,GATE_1_EXPIRED,f,Signal already expired,SKIPPED,2026-07-21 13:46:00.365827+00,
264505,2026-07-21 13:46:00.362029+00,50,BTCUSDT,66,GATE_1_EXPIRED,f,Signal already expired,SKIPPED,2026-07-21 13:46:00.362029+00,
264504,2026-07-21 13:46:00.355967+00,51,ETHUSDT,63,GATE_1_EXPIRED,f,Signal already expired,SKIPPED,2026-07-21 13:46:00.355967+00,
264503,2026-07-21 13:45:45.403315+00,44,BTCUSDT,79,GATE_1_EXPIRED,f,Signal already expired,SKIPPED,2026-07-21 13:45:45.403315+00,
264502,2026-07-21 13:45:45.393991+00,45,XRPUSDT,63,GATE_1_EXPIRED,f,Signal already expired,SKIPPED,2026-07-21 13:45:45.393991+00,
264501,2026-07-21 13:45:45.389737+00,46,ETHUSDT,68,GATE_1_EXPIRED,f,Signal already expired,SKIPPED,2026-07-21 13:45:45.389737+00,
264500,2026-07-21 13:45:45.384235+00,47,SOLUSDT,78,GATE_1_EXPIRED,f,Signal already expired,SKIPPED,2026-07-21 13:45:45.384235+00,
264499,2026-07-21 13:45:45.379409+00,49,SOLUSDT,65,GATE_1_EXPIRED,f,Signal already expired,SKIPPED,2026-07-21 13:45:45.379409+00,
264498,2026-07-21 13:45:45.374998+00,50,BTCUSDT,66,GATE_1_EXPIRED,f,Signal already expired,SKIPPED,2026-07-21 13:45:45.374998+00,
264497,2026-07-21 13:45:45.369714+00,51,ETHUSDT,63,GATE_1_EXPIRED,f,Signal already expired,SKIPPED,2026-07-21 13:45:45.369714+00,
264496,2026-07-21 13:45:30.373376+00,44,BTCUSDT,79,GATE_1_EXPIRED,f,Signal already expired,SKIPPED,2026-07-21 13:45:30.373376+00,
264495,2026-07-21 13:45:30.366185+00,45,XRPUSDT,63,GATE_1_EXPIRED,f,Signal already expired,SKIPPED,2026-07-21 13:45:30.366185+00,
264494,2026-07-21 13:45:30.360108+00,46,ETHUSDT,68,GATE_1_EXPIRED,f,Signal already expired,SKIPPED,2026-07-21 13:45:30.360108+00,
264493,2026-07-21 13:45:30.354111+00,47,SOLUSDT,78,GATE_1_EXPIRED,f,Signal already expired,SKIPPED,2026-07-21 13:45:30.354111+00,
264492,2026-07-21 13:45:30.348515+00,49,SOLUSDT,65,GATE_1_EXPIRED,f,Signal already expired,SKIPPED,2026-07-21 13:45:30.348515+00,
264491,2026-07-21 13:45:30.344584+00,50,BTCUSDT,66,GATE_1_EXPIRED,f,Signal already expired,SKIPPED,2026-07-21 13:45:30.344584+00,
264490,2026-07-21 13:45:30.337931+00,51,ETHUSDT,63,GATE_1_EXPIRED,f,Signal already expired,SKIPPED,2026-07-21 13:45:30.337931+00,
264489,2026-07-21 13:45:15.3935+00,44,BTCUSDT,79,GATE_1_EXPIRED,f,Signal already expired,SKIPPED,2026-07-21 13:45:15.3935+00,
264488,2026-07-21 13:45:15.388287+00,45,XRPUSDT,63,GATE_1_EXPIRED,f,Signal already expired,SKIPPED,2026-07-21 13:45:15.388287+00,
264487,2026-07-21 13:45:15.383079+00,46,ETHUSDT,68,GATE_1_EXPIRED,f,Signal already expired,SKIPPED,2026-07-21 13:45:15.383079+00,
264486,2026-07-21 13:45:15.374075+00,47,SOLUSDT,78,GATE_1_EXPIRED,f,Signal already expired,SKIPPED,2026-07-21 13:45:15.374075+00,
264485,2026-07-21 13:45:15.364958+00,49,SOLUSDT,65,GATE_1_EXPIRED,f,Signal already expired,SKIPPED,2026-07-21 13:45:15.364958+00,
264484,2026-07-21 13:45:15.356491+00,50,BTCUSDT,66,GATE_1_EXPIRED,f,Signal already expired,SKIPPED,2026-07-21 13:45:15.356491+00,
264483,2026-07-21 13:45:15.349987+00,51,ETHUSDT,63,GATE_1_EXPIRED,f,Signal already expired,SKIPPED,2026-07-21 13:45:15.349987+00,
264482,2026-07-21 13:45:00.345215+00,44,BTCUSDT,79,GATE_1_EXPIRED,f,Signal already expired,SKIPPED,2026-07-21 13:45:00.345215+00,
264481,2026-07-21 13:45:00.341085+00,45,XRPUSDT,63,GATE_1_EXPIRED,f,Signal already expired,SKIPPED,2026-07-21 13:45:00.341085+00,
264480,2026-07-21 13:45:00.338356+00,46,ETHUSDT,68,GATE_1_EXPIRED,f,Signal already expired,SKIPPED,2026-07-21 13:45:00.338356+00,
264479,2026-07-21 13:45:00.335183+00,47,SOLUSDT,78,GATE_1_EXPIRED,f,Signal already expired,SKIPPED,2026-07-21 13:45:00.335183+00,
264478,2026-07-21 13:45:00.332392+00,49,SOLUSDT,65,GATE_1_EXPIRED,f,Signal already expired,SKIPPED,2026-07-21 13:45:00.332392+00,
264477,2026-07-21 13:45:00.329768+00,50,BTCUSDT,66,GATE_1_EXPIRED,f,Signal already expired,SKIPPED,2026-07-21 13:45:00.329768+00,
264476,2026-07-21 13:45:00.324858+00,51,ETHUSDT,63,GATE_1_EXPIRED,f,Signal already expired,SKIPPED,2026-07-21 13:45:00.324858+00,
264475,2026-07-21 13:44:45.37811+00,44,BTCUSDT,79,GATE_1_EXPIRED,f,Signal already expired,SKIPPED,2026-07-21 13:44:45.37811+00,
264474,2026-07-21 13:44:45.373903+00,45,XRPUSDT,63,GATE_1_EXPIRED,f,Signal already expired,SKIPPED,2026-07-21 13:44:45.373903+00,
264473,2026-07-21 13:44:45.369667+00,46,ETHUSDT,68,GATE_1_EXPIRED,f,Signal already expired,SKIPPED,2026-07-21 13:44:45.369667+00,
264472,2026-07-21 13:44:45.365215+00,47,SOLUSDT,78,GATE_1_EXPIRED,f,Signal already expired,SKIPPED,2026-07-21 13:44:45.365215+00,
264471,2026-07-21 13:44:45.357652+00,49,SOLUSDT,65,GATE_1_EXPIRED,f,Signal already expired,SKIPPED,2026-07-21 13:44:45.357652+00,
264470,2026-07-21 13:44:45.350681+00,50,BTCUSDT,66,GATE_1_EXPIRED,f,Signal already expired,SKIPPED,2026-07-21 13:44:45.350681+00,
264469,2026-07-21 13:44:45.343925+00,51,ETHUSDT,63,GATE_1_EXPIRED,f,Signal already expired,SKIPPED,2026-07-21 13:44:45.343925+00,
264468,2026-07-21 13:44:30.365389+00,44,BTCUSDT,79,GATE_1_EXPIRED,f,Signal already expired,SKIPPED,2026-07-21 13:44:30.365389+00,
264467,2026-07-21 13:44:30.361299+00,45,XRPUSDT,63,GATE_1_EXPIRED,f,Signal already expired,SKIPPED,2026-07-21 13:44:30.361299+00,
264466,2026-07-21 13:44:30.357601+00,46,ETHUSDT,68,GATE_1_EXPIRED,f,Signal already expired,SKIPPED,2026-07-21 13:44:30.357601+00,
264465,2026-07-21 13:44:30.351567+00,47,SOLUSDT,78,GATE_1_EXPIRED,f,Signal already expired,SKIPPED,2026-07-21 13:44:30.351567+00,
264464,2026-07-21 13:44:30.345824+00,49,SOLUSDT,65,GATE_1_EXPIRED,f,Signal already expired,SKIPPED,2026-07-21 13:44:30.345824+00,
264463,2026-07-21 13:44:30.340395+00,50,BTCUSDT,66,GATE_1_EXPIRED,f,Signal already expired,SKIPPED,2026-07-21 13:44:30.340395+00,
264462,2026-07-21 13:44:30.33446+00,51,ETHUSDT,63,GATE_1_EXPIRED,f,Signal already expired,SKIPPED,2026-07-21 13:44:30.33446+00,
264461,2026-07-21 13:44:15.378353+00,44,BTCUSDT,79,GATE_1_EXPIRED,f,Signal already expired,SKIPPED,2026-07-21 13:44:15.378353+00,
264460,2026-07-21 13:44:15.368713+00,45,XRPUSDT,63,GATE_1_EXPIRED,f,Signal already expired,SKIPPED,2026-07-21 13:44:15.368713+00,
264459,2026-07-21 13:44:15.362765+00,46,ETHUSDT,68,GATE_1_EXPIRED,f,Signal already expired,SKIPPED,2026-07-21 13:44:15.362765+00,
264458,2026-07-21 13:44:15.35248+00,47,SOLUSDT,78,GATE_1_EXPIRED,f,Signal already expired,SKIPPED,2026-07-21 13:44:15.35248+00,
264457,2026-07-21 13:44:15.34248+00,49,SOLUSDT,65,GATE_1_EXPIRED,f,Signal already expired,SKIPPED,2026-07-21 13:44:15.34248+00,
264456,2026-07-21 13:44:15.333696+00,50,BTCUSDT,66,GATE_1_EXPIRED,f,Signal already expired,SKIPPED,2026-07-21 13:44:15.333696+00,
264455,2026-07-21 13:44:15.320855+00,51,ETHUSDT,63,GATE_1_EXPIRED,f,Signal already expired,SKIPPED,2026-07-21 13:44:15.320855+00,
264454,2026-07-21 13:44:00.387507+00,44,BTCUSDT,79,GATE_1_EXPIRED,f,Signal already expired,SKIPPED,2026-07-21 13:44:00.387507+00,
264453,2026-07-21 13:44:00.383305+00,45,XRPUSDT,63,GATE_1_EXPIRED,f,Signal already expired,SKIPPED,2026-07-21 13:44:00.383305+00,
264452,2026-07-21 13:44:00.379073+00,46,ETHUSDT,68,GATE_1_EXPIRED,f,Signal already expired,SKIPPED,2026-07-21 13:44:00.379073+00,
264451,2026-07-21 13:44:00.374975+00,47,SOLUSDT,78,GATE_1_EXPIRED,f,Signal already expired,SKIPPED,2026-07-21 13:44:00.374975+00,
264450,2026-07-21 13:44:00.371982+00,49,SOLUSDT,65,GATE_1_EXPIRED,f,Signal already expired,SKIPPED,2026-07-21 13:44:00.371982+00,
264449,2026-07-21 13:44:00.362194+00,50,BTCUSDT,66,GATE_1_EXPIRED,f,Signal already expired,SKIPPED,2026-07-21 13:44:00.362194+00,
264448,2026-07-21 13:44:00.331776+00,51,ETHUSDT,63,GATE_1_EXPIRED,f,Signal already expired,SKIPPED,2026-07-21 13:44:00.331776+00,
264447,2026-07-21 13:43:45.371853+00,44,BTCUSDT,79,GATE_1_EXPIRED,f,Signal already expired,SKIPPED,2026-07-21 13:43:45.371853+00,
264446,2026-07-21 13:43:45.367661+00,45,XRPUSDT,63,GATE_1_EXPIRED,f,Signal already expired,SKIPPED,2026-07-21 13:43:45.367661+00,
264445,2026-07-21 13:43:45.359978+00,46,ETHUSDT,68,GATE_1_EXPIRED,f,Signal already expired,SKIPPED,2026-07-21 13:43:45.359978+00,
264444,2026-07-21 13:43:45.349536+00,47,SOLUSDT,78,GATE_1_EXPIRED,f,Signal already expired,SKIPPED,2026-07-21 13:43:45.349536+00,
264443,2026-07-21 13:43:45.340913+00,49,SOLUSDT,65,GATE_1_EXPIRED,f,Signal already expired,SKIPPED,2026-07-21 13:43:45.340913+00,
264442,2026-07-21 13:43:45.332367+00,50,BTCUSDT,66,GATE_1_EXPIRED,f,Signal already expired,SKIPPED,2026-07-21 13:43:45.332367+00,
264441,2026-07-21 13:43:45.326231+00,51,ETHUSDT,63,GATE_1_EXPIRED,f,Signal already expired,SKIPPED,2026-07-21 13:43:45.326231+00,
264440,2026-07-21 13:43:30.354891+00,44,BTCUSDT,79,GATE_1_EXPIRED,f,Signal already expired,SKIPPED,2026-07-21 13:43:30.354891+00,
264439,2026-07-21 13:43:30.35237+00,45,XRPUSDT,63,GATE_1_EXPIRED,f,Signal already expired,SKIPPED,2026-07-21 13:43:30.35237+00,
264438,2026-07-21 13:43:30.349399+00,46,ETHUSDT,68,GATE_1_EXPIRED,f,Signal already expired,SKIPPED,2026-07-21 13:43:30.349399+00,
264437,2026-07-21 13:43:30.344612+00,47,SOLUSDT,78,GATE_1_EXPIRED,f,Signal already expired,SKIPPED,2026-07-21 13:43:30.344612+00,
264436,2026-07-21 13:43:30.340453+00,49,SOLUSDT,65,GATE_1_EXPIRED,f,Signal already expired,SKIPPED,2026-07-21 13:43:30.340453+00,
264435,2026-07-21 13:43:30.337609+00,50,BTCUSDT,66,GATE_1_EXPIRED,f,Signal already expired,SKIPPED,2026-07-21 13:43:30.337609+00,
264434,2026-07-21 13:43:30.333225+00,51,ETHUSDT,63,GATE_1_EXPIRED,f,Signal already expired,SKIPPED,2026-07-21 13:43:30.333225+00,
264433,2026-07-21 13:43:15.364612+00,44,BTCUSDT,79,GATE_1_EXPIRED,f,Signal already expired,SKIPPED,2026-07-21 13:43:15.364612+00,
264432,2026-07-21 13:43:15.360658+00,45,XRPUSDT,63,GATE_1_EXPIRED,f,Signal already expired,SKIPPED,2026-07-21 13:43:15.360658+00,
264431,2026-07-21 13:43:15.35771+00,46,ETHUSDT,68,GATE_1_EXPIRED,f,Signal already expired,SKIPPED,2026-07-21 13:43:15.35771+00,
264430,2026-07-21 13:43:15.354669+00,47,SOLUSDT,78,GATE_1_EXPIRED,f,Signal already expired,SKIPPED,2026-07-21 13:43:15.354669+00,
264429,2026-07-21 13:43:15.350124+00,49,SOLUSDT,65,GATE_1_EXPIRED,f,Signal already expired,SKIPPED,2026-07-21 13:43:15.350124+00,
264428,2026-07-21 13:43:15.345878+00,50,BTCUSDT,66,GATE_1_EXPIRED,f,Signal already expired,SKIPPED,2026-07-21 13:43:15.345878+00,
264427,2026-07-21 13:43:15.340453+00,51,ETHUSDT,63,GATE_1_EXPIRED,f,Signal already expired,SKIPPED,2026-07-21 13:43:15.340453+00,
264426,2026-07-21 13:43:00.420852+00,44,BTCUSDT,79,GATE_1_EXPIRED,f,Signal already expired,SKIPPED,2026-07-21 13:43:00.420852+00,
264425,2026-07-21 13:43:00.406272+00,45,XRPUSDT,63,GATE_1_EXPIRED,f,Signal already expired,SKIPPED,2026-07-21 13:43:00.406272+00,
264424,2026-07-21 13:43:00.395734+00,46,ETHUSDT,68,GATE_1_EXPIRED,f,Signal already expired,SKIPPED,2026-07-21 13:43:00.395734+00,
264423,2026-07-21 13:43:00.386277+00,47,SOLUSDT,78,GATE_1_EXPIRED,f,Signal already expired,SKIPPED,2026-07-21 13:43:00.386277+00,
264422,2026-07-21 13:43:00.378682+00,49,SOLUSDT,65,GATE_1_EXPIRED,f,Signal already expired,SKIPPED,2026-07-21 13:43:00.378682+00,
264421,2026-07-21 13:43:00.374133+00,50,BTCUSDT,66,GATE_1_EXPIRED,f,Signal already expired,SKIPPED,2026-07-21 13:43:00.374133+00,
264420,2026-07-21 13:43:00.369103+00,51,ETHUSDT,63,GATE_1_EXPIRED,f,Signal already expired,SKIPPED,2026-07-21 13:43:00.369103+00,
264419,2026-07-21 13:42:45.370652+00,44,BTCUSDT,79,GATE_1_EXPIRED,f,Signal already expired,SKIPPED,2026-07-21 13:42:45.370652+00,
264418,2026-07-21 13:42:45.363003+00,45,XRPUSDT,63,GATE_1_EXPIRED,f,Signal already expired,SKIPPED,2026-07-21 13:42:45.363003+00,
264417,2026-07-21 13:42:45.354237+00,46,ETHUSDT,68,GATE_1_EXPIRED,f,Signal already expired,SKIPPED,2026-07-21 13:42:45.354237+00,
264416,2026-07-21 13:42:45.343666+00,47,SOLUSDT,78,GATE_1_EXPIRED,f,Signal already expired,SKIPPED,2026-07-21 13:42:45.343666+00,
264415,2026-07-21 13:42:45.336945+00,49,SOLUSDT,65,GATE_1_EXPIRED,f,Signal already expired,SKIPPED,2026-07-21 13:42:45.336945+00,
264414,2026-07-21 13:42:45.330979+00,50,BTCUSDT,66,GATE_1_EXPIRED,f,Signal already expired,SKIPPED,2026-07-21 13:42:45.330979+00,
264413,2026-07-21 13:42:45.32297+00,51,ETHUSDT,63,GATE_1_EXPIRED,f,Signal already expired,SKIPPED,2026-07-21 13:42:45.32297+00,
264412,2026-07-21 13:42:30.366832+00,44,BTCUSDT,79,GATE_1_EXPIRED,f,Signal already expired,SKIPPED,2026-07-21 13:42:30.366832+00,
264411,2026-07-21 13:42:30.363555+00,45,XRPUSDT,63,GATE_1_EXPIRED,f,Signal already expired,SKIPPED,2026-07-21 13:42:30.363555+00,
264410,2026-07-21 13:42:30.359227+00,46,ETHUSDT,68,GATE_1_EXPIRED,f,Signal already expired,SKIPPED,2026-07-21 13:42:30.359227+00,
264409,2026-07-21 13:42:30.354635+00,47,SOLUSDT,78,GATE_1_EXPIRED,f,Signal already expired,SKIPPED,2026-07-21 13:42:30.354635+00,
264408,2026-07-21 13:42:30.351766+00,49,SOLUSDT,65,GATE_1_EXPIRED,f,Signal already expired,SKIPPED,2026-07-21 13:42:30.351766+00,
264407,2026-07-21 13:42:30.349262+00,50,BTCUSDT,66,GATE_1_EXPIRED,f,Signal already expired,SKIPPED,2026-07-21 13:42:30.349262+00,
264406,2026-07-21 13:42:30.342774+00,51,ETHUSDT,63,GATE_1_EXPIRED,f,Signal already expired,SKIPPED,2026-07-21 13:42:30.342774+00,
264405,2026-07-21 13:42:15.383183+00,44,BTCUSDT,79,GATE_1_EXPIRED,f,Signal already expired,SKIPPED,2026-07-21 13:42:15.383183+00,
264404,2026-07-21 13:42:15.374756+00,45,XRPUSDT,63,GATE_1_EXPIRED,f,Signal already expired,SKIPPED,2026-07-21 13:42:15.374756+00,
264403,2026-07-21 13:42:15.365439+00,46,ETHUSDT,68,GATE_1_EXPIRED,f,Signal already expired,SKIPPED,2026-07-21 13:42:15.365439+00,
264402,2026-07-21 13:42:15.358088+00,47,SOLUSDT,78,GATE_1_EXPIRED,f,Signal already expired,SKIPPED,2026-07-21 13:42:15.358088+00,
264401,2026-07-21 13:42:15.351212+00,49,SOLUSDT,65,GATE_1_EXPIRED,f,Signal already expired,SKIPPED,2026-07-21 13:42:15.351212+00,
264400,2026-07-21 13:42:15.345002+00,50,BTCUSDT,66,GATE_1_EXPIRED,f,Signal already expired,SKIPPED,2026-07-21 13:42:15.345002+00,
264399,2026-07-21 13:42:15.321873+00,51,ETHUSDT,63,GATE_1_EXPIRED,f,Signal already expired,SKIPPED,2026-07-21 13:42:15.321873+00,
264398,2026-07-21 13:42:00.359358+00,44,BTCUSDT,79,GATE_1_EXPIRED,f,Signal already expired,SKIPPED,2026-07-21 13:42:00.359358+00,
264397,2026-07-21 13:42:00.354478+00,45,XRPUSDT,63,GATE_1_EXPIRED,f,Signal already expired,SKIPPED,2026-07-21 13:42:00.354478+00,
264396,2026-07-21 13:42:00.334294+00,46,ETHUSDT,68,GATE_1_EXPIRED,f,Signal already expired,SKIPPED,2026-07-21 13:42:00.334294+00,
264395,2026-07-21 13:42:00.328492+00,47,SOLUSDT,78,GATE_1_EXPIRED,f,Signal already expired,SKIPPED,2026-07-21 13:42:00.328492+00,
264394,2026-07-21 13:42:00.323796+00,49,SOLUSDT,65,GATE_1_EXPIRED,f,Signal already expired,SKIPPED,2026-07-21 13:42:00.323796+00,
264393,2026-07-21 13:42:00.314507+00,50,BTCUSDT,66,GATE_1_EXPIRED,f,Signal already expired,SKIPPED,2026-07-21 13:42:00.314507+00,
264392,2026-07-21 13:42:00.303658+00,51,ETHUSDT,63,GATE_1_EXPIRED,f,Signal already expired,SKIPPED,2026-07-21 13:42:00.303658+00,
264391,2026-07-21 13:41:45.370213+00,44,BTCUSDT,79,GATE_1_EXPIRED,f,Signal already expired,SKIPPED,2026-07-21 13:41:45.370213+00,
264390,2026-07-21 13:41:45.362423+00,45,XRPUSDT,63,GATE_1_EXPIRED,f,Signal already expired,SKIPPED,2026-07-21 13:41:45.362423+00,
264389,2026-07-21 13:41:45.354851+00,46,ETHUSDT,68,GATE_1_EXPIRED,f,Signal already expired,SKIPPED,2026-07-21 13:41:45.354851+00,
264388,2026-07-21 13:41:45.345279+00,47,SOLUSDT,78,GATE_1_EXPIRED,f,Signal already expired,SKIPPED,2026-07-21 13:41:45.345279+00,
264387,2026-07-21 13:41:45.334286+00,49,SOLUSDT,65,GATE_1_EXPIRED,f,Signal already expired,SKIPPED,2026-07-21 13:41:45.334286+00,
264386,2026-07-21 13:41:45.328956+00,50,BTCUSDT,66,GATE_1_EXPIRED,f,Signal already expired,SKIPPED,2026-07-21 13:41:45.328956+00,
264385,2026-07-21 13:41:45.322447+00,51,ETHUSDT,63,GATE_1_EXPIRED,f,Signal already expired,SKIPPED,2026-07-21 13:41:45.322447+00,
264384,2026-07-21 13:41:30.357603+00,44,BTCUSDT,79,GATE_1_EXPIRED,f,Signal already expired,SKIPPED,2026-07-21 13:41:30.357603+00,
264383,2026-07-21 13:41:30.346098+00,45,XRPUSDT,63,GATE_1_EXPIRED,f,Signal already expired,SKIPPED,2026-07-21 13:41:30.346098+00,
264382,2026-07-21 13:41:30.338566+00,46,ETHUSDT,68,GATE_1_EXPIRED,f,Signal already expired,SKIPPED,2026-07-21 13:41:30.338566+00,
264381,2026-07-21 13:41:30.333302+00,47,SOLUSDT,78,GATE_1_EXPIRED,f,Signal already expired,SKIPPED,2026-07-21 13:41:30.333302+00,
264380,2026-07-21 13:41:30.327294+00,49,SOLUSDT,65,GATE_1_EXPIRED,f,Signal already expired,SKIPPED,2026-07-21 13:41:30.327294+00,
264379,2026-07-21 13:41:30.316619+00,50,BTCUSDT,66,GATE_1_EXPIRED,f,Signal already expired,SKIPPED,2026-07-21 13:41:30.316619+00,
264378,2026-07-21 13:41:30.303294+00,51,ETHUSDT,63,GATE_1_EXPIRED,f,Signal already expired,SKIPPED,2026-07-21 13:41:30.303294+00,
264377,2026-07-21 13:41:15.348388+00,44,BTCUSDT,79,GATE_1_EXPIRED,f,Signal already expired,SKIPPED,2026-07-21 13:41:15.348388+00,
264376,2026-07-21 13:41:15.339355+00,45,XRPUSDT,63,GATE_1_EXPIRED,f,Signal already expired,SKIPPED,2026-07-21 13:41:15.339355+00,
264375,2026-07-21 13:41:15.329078+00,46,ETHUSDT,68,GATE_1_EXPIRED,f,Signal already expired,SKIPPED,2026-07-21 13:41:15.329078+00,
264374,2026-07-21 13:41:15.320756+00,47,SOLUSDT,78,GATE_1_EXPIRED,f,Signal already expired,SKIPPED,2026-07-21 13:41:15.320756+00,
264373,2026-07-21 13:41:15.31397+00,49,SOLUSDT,65,GATE_1_EXPIRED,f,Signal already expired,SKIPPED,2026-07-21 13:41:15.31397+00,
264372,2026-07-21 13:41:15.308115+00,50,BTCUSDT,66,GATE_1_EXPIRED,f,Signal already expired,SKIPPED,2026-07-21 13:41:15.308115+00,
264371,2026-07-21 13:41:15.301565+00,51,ETHUSDT,63,GATE_1_EXPIRED,f,Signal already expired,SKIPPED,2026-07-21 13:41:15.301565+00,
264370,2026-07-21 13:41:00.333631+00,44,BTCUSDT,79,GATE_1_EXPIRED,f,Signal already expired,SKIPPED,2026-07-21 13:41:00.333631+00,
264369,2026-07-21 13:41:00.330519+00,45,XRPUSDT,63,GATE_1_EXPIRED,f,Signal already expired,SKIPPED,2026-07-21 13:41:00.330519+00,
264368,2026-07-21 13:41:00.327698+00,46,ETHUSDT,68,GATE_1_EXPIRED,f,Signal already expired,SKIPPED,2026-07-21 13:41:00.327698+00,
264367,2026-07-21 13:41:00.323279+00,47,SOLUSDT,78,GATE_1_EXPIRED,f,Signal already expired,SKIPPED,2026-07-21 13:41:00.323279+00,
264366,2026-07-21 13:41:00.317204+00,49,SOLUSDT,65,GATE_1_EXPIRED,f,Signal already expired,SKIPPED,2026-07-21 13:41:00.317204+00,
264365,2026-07-21 13:41:00.313766+00,50,BTCUSDT,66,GATE_1_EXPIRED,f,Signal already expired,SKIPPED,2026-07-21 13:41:00.313766+00,
264364,2026-07-21 13:41:00.307572+00,51,ETHUSDT,63,GATE_1_EXPIRED,f,Signal already expired,SKIPPED,2026-07-21 13:41:00.307572+00,
264363,2026-07-21 13:40:45.368024+00,44,BTCUSDT,79,GATE_1_EXPIRED,f,Signal already expired,SKIPPED,2026-07-21 13:40:45.368024+00,
264362,2026-07-21 13:40:45.363618+00,45,XRPUSDT,63,GATE_1_EXPIRED,f,Signal already expired,SKIPPED,2026-07-21 13:40:45.363618+00,
264361,2026-07-21 13:40:45.358134+00,46,ETHUSDT,68,GATE_1_EXPIRED,f,Signal already expired,SKIPPED,2026-07-21 13:40:45.358134+00,
264360,2026-07-21 13:40:45.350495+00,47,SOLUSDT,78,GATE_1_EXPIRED,f,Signal already expired,SKIPPED,2026-07-21 13:40:45.350495+00,
264359,2026-07-21 13:40:45.341031+00,49,SOLUSDT,65,GATE_1_EXPIRED,f,Signal already expired,SKIPPED,2026-07-21 13:40:45.341031+00,
264358,2026-07-21 13:40:45.331482+00,50,BTCUSDT,66,GATE_1_EXPIRED,f,Signal already expired,SKIPPED,2026-07-21 13:40:45.331482+00,
264357,2026-07-21 13:40:45.316234+00,51,ETHUSDT,63,GATE_1_EXPIRED,f,Signal already expired,SKIPPED,2026-07-21 13:40:45.316234+00,
264356,2026-07-21 13:40:30.311374+00,44,BTCUSDT,79,GATE_1_EXPIRED,f,Signal already expired,SKIPPED,2026-07-21 13:40:30.311374+00,
264355,2026-07-21 13:40:30.308705+00,45,XRPUSDT,63,GATE_1_EXPIRED,f,Signal already expired,SKIPPED,2026-07-21 13:40:30.308705+00,
264354,2026-07-21 13:40:30.304429+00,46,ETHUSDT,68,GATE_1_EXPIRED,f,Signal already expired,SKIPPED,2026-07-21 13:40:30.304429+00,
264353,2026-07-21 13:40:30.299767+00,47,SOLUSDT,78,GATE_1_EXPIRED,f,Signal already expired,SKIPPED,2026-07-21 13:40:30.299767+00,
264352,2026-07-21 13:40:30.29375+00,49,SOLUSDT,65,GATE_1_EXPIRED,f,Signal already expired,SKIPPED,2026-07-21 13:40:30.29375+00,
264351,2026-07-21 13:40:30.287371+00,50,BTCUSDT,66,GATE_1_EXPIRED,f,Signal already expired,SKIPPED,2026-07-21 13:40:30.287371+00,
264350,2026-07-21 13:40:30.282134+00,51,ETHUSDT,63,GATE_1_EXPIRED,f,Signal already expired,SKIPPED,2026-07-21 13:40:30.282134+00,
264349,2026-07-21 13:40:15.342337+00,44,BTCUSDT,79,GATE_1_EXPIRED,f,Signal already expired,SKIPPED,2026-07-21 13:40:15.342337+00,
264348,2026-07-21 13:40:15.337047+00,45,XRPUSDT,63,GATE_1_EXPIRED,f,Signal already expired,SKIPPED,2026-07-21 13:40:15.337047+00,
264347,2026-07-21 13:40:15.332349+00,46,ETHUSDT,68,GATE_1_EXPIRED,f,Signal already expired,SKIPPED,2026-07-21 13:40:15.332349+00,
264346,2026-07-21 13:40:15.327889+00,47,SOLUSDT,78,GATE_1_EXPIRED,f,Signal already expired,SKIPPED,2026-07-21 13:40:15.327889+00,
264345,2026-07-21 13:40:15.321576+00,49,SOLUSDT,65,GATE_1_EXPIRED,f,Signal already expired,SKIPPED,2026-07-21 13:40:15.321576+00,
264344,2026-07-21 13:40:15.315989+00,50,BTCUSDT,66,GATE_1_EXPIRED,f,Signal already expired,SKIPPED,2026-07-21 13:40:15.315989+00,
264343,2026-07-21 13:40:15.310972+00,51,ETHUSDT,63,GATE_1_EXPIRED,f,Signal already expired,SKIPPED,2026-07-21 13:40:15.310972+00,
264342,2026-07-21 13:40:00.354199+00,44,BTCUSDT,79,GATE_1_EXPIRED,f,Signal already expired,SKIPPED,2026-07-21 13:40:00.354199+00,
264341,2026-07-21 13:40:00.340704+00,45,XRPUSDT,63,GATE_1_EXPIRED,f,Signal already expired,SKIPPED,2026-07-21 13:40:00.340704+00,
264340,2026-07-21 13:40:00.333762+00,46,ETHUSDT,68,GATE_1_EXPIRED,f,Signal already expired,SKIPPED,2026-07-21 13:40:00.333762+00,
264339,2026-07-21 13:40:00.329271+00,47,SOLUSDT,78,GATE_1_EXPIRED,f,Signal already expired,SKIPPED,2026-07-21 13:40:00.329271+00,
264338,2026-07-21 13:40:00.324669+00,49,SOLUSDT,65,GATE_1_EXPIRED,f,Signal already expired,SKIPPED,2026-07-21 13:40:00.324669+00,
264337,2026-07-21 13:40:00.318111+00,50,BTCUSDT,66,GATE_1_EXPIRED,f,Signal already expired,SKIPPED,2026-07-21 13:40:00.318111+00,
264336,2026-07-21 13:40:00.311588+00,51,ETHUSDT,63,GATE_1_EXPIRED,f,Signal already expired,SKIPPED,2026-07-21 13:40:00.311588+00,
264335,2026-07-21 13:39:45.335679+00,44,BTCUSDT,79,GATE_1_EXPIRED,f,Signal already expired,SKIPPED,2026-07-21 13:39:45.335679+00,
264334,2026-07-21 13:39:45.330246+00,45,XRPUSDT,63,GATE_1_EXPIRED,f,Signal already expired,SKIPPED,2026-07-21 13:39:45.330246+00,
264333,2026-07-21 13:39:45.321372+00,46,ETHUSDT,68,GATE_1_EXPIRED,f,Signal already expired,SKIPPED,2026-07-21 13:39:45.321372+00,
264332,2026-07-21 13:39:45.312881+00,47,SOLUSDT,78,GATE_1_EXPIRED,f,Signal already expired,SKIPPED,2026-07-21 13:39:45.312881+00,
264331,2026-07-21 13:39:45.307031+00,49,SOLUSDT,65,GATE_1_EXPIRED,f,Signal already expired,SKIPPED,2026-07-21 13:39:45.307031+00,
264330,2026-07-21 13:39:45.298605+00,50,BTCUSDT,66,GATE_1_EXPIRED,f,Signal already expired,SKIPPED,2026-07-21 13:39:45.298605+00,
264329,2026-07-21 13:39:45.289966+00,51,ETHUSDT,63,GATE_1_EXPIRED,f,Signal already expired,SKIPPED,2026-07-21 13:39:45.289966+00,
264328,2026-07-21 13:39:30.317666+00,44,BTCUSDT,79,GATE_1_EXPIRED,f,Signal already expired,SKIPPED,2026-07-21 13:39:30.317666+00,
264327,2026-07-21 13:39:30.312884+00,45,XRPUSDT,63,GATE_1_EXPIRED,f,Signal already expired,SKIPPED,2026-07-21 13:39:30.312884+00,
264326,2026-07-21 13:39:30.305877+00,46,ETHUSDT,68,GATE_1_EXPIRED,f,Signal already expired,SKIPPED,2026-07-21 13:39:30.305877+00,
264325,2026-07-21 13:39:30.297154+00,47,SOLUSDT,78,GATE_1_EXPIRED,f,Signal already expired,SKIPPED,2026-07-21 13:39:30.297154+00,
264324,2026-07-21 13:39:30.291895+00,49,SOLUSDT,65,GATE_1_EXPIRED,f,Signal already expired,SKIPPED,2026-07-21 13:39:30.291895+00,
264323,2026-07-21 13:39:30.288223+00,50,BTCUSDT,66,GATE_1_EXPIRED,f,Signal already expired,SKIPPED,2026-07-21 13:39:30.288223+00,
264322,2026-07-21 13:39:30.282859+00,51,ETHUSDT,63,GATE_1_EXPIRED,f,Signal already expired,SKIPPED,2026-07-21 13:39:30.282859+00,
264321,2026-07-21 13:39:15.326684+00,44,BTCUSDT,79,GATE_1_EXPIRED,f,Signal already expired,SKIPPED,2026-07-21 13:39:15.326684+00,
264320,2026-07-21 13:39:15.321928+00,45,XRPUSDT,63,GATE_1_EXPIRED,f,Signal already expired,SKIPPED,2026-07-21 13:39:15.321928+00,
264319,2026-07-21 13:39:15.317576+00,46,ETHUSDT,68,GATE_1_EXPIRED,f,Signal already expired,SKIPPED,2026-07-21 13:39:15.317576+00,
264318,2026-07-21 13:39:15.310126+00,47,SOLUSDT,78,GATE_1_EXPIRED,f,Signal already expired,SKIPPED,2026-07-21 13:39:15.310126+00,
264317,2026-07-21 13:39:15.306812+00,49,SOLUSDT,65,GATE_1_EXPIRED,f,Signal already expired,SKIPPED,2026-07-21 13:39:15.306812+00,
264316,2026-07-21 13:39:15.301208+00,50,BTCUSDT,66,GATE_1_EXPIRED,f,Signal already expired,SKIPPED,2026-07-21 13:39:15.301208+00,
264315,2026-07-21 13:39:15.295324+00,51,ETHUSDT,63,GATE_1_EXPIRED,f,Signal already expired,SKIPPED,2026-07-21 13:39:15.295324+00,
264314,2026-07-21 13:39:00.312332+00,44,BTCUSDT,79,GATE_1_EXPIRED,f,Signal already expired,SKIPPED,2026-07-21 13:39:00.312332+00,
264313,2026-07-21 13:39:00.305416+00,45,XRPUSDT,63,GATE_1_EXPIRED,f,Signal already expired,SKIPPED,2026-07-21 13:39:00.305416+00,
264312,2026-07-21 13:39:00.300214+00,46,ETHUSDT,68,GATE_1_EXPIRED,f,Signal already expired,SKIPPED,2026-07-21 13:39:00.300214+00,
264311,2026-07-21 13:39:00.291829+00,47,SOLUSDT,78,GATE_1_EXPIRED,f,Signal already expired,SKIPPED,2026-07-21 13:39:00.291829+00,
264310,2026-07-21 13:39:00.286932+00,49,SOLUSDT,65,GATE_1_EXPIRED,f,Signal already expired,SKIPPED,2026-07-21 13:39:00.286932+00,
264309,2026-07-21 13:39:00.279217+00,50,BTCUSDT,66,GATE_1_EXPIRED,f,Signal already expired,SKIPPED,2026-07-21 13:39:00.279217+00,
264308,2026-07-21 13:39:00.271298+00,51,ETHUSDT,63,GATE_1_EXPIRED,f,Signal already expired,SKIPPED,2026-07-21 13:39:00.271298+00,
264307,2026-07-21 13:38:45.332455+00,44,BTCUSDT,79,GATE_1_EXPIRED,f,Signal already expired,SKIPPED,2026-07-21 13:38:45.332455+00,
264306,2026-07-21 13:38:45.326681+00,45,XRPUSDT,63,GATE_1_EXPIRED,f,Signal already expired,SKIPPED,2026-07-21 13:38:45.326681+00,
264305,2026-07-21 13:38:45.319143+00,46,ETHUSDT,68,GATE_1_EXPIRED,f,Signal already expired,SKIPPED,2026-07-21 13:38:45.319143+00,
264304,2026-07-21 13:38:45.31082+00,47,SOLUSDT,78,GATE_1_EXPIRED,f,Signal already expired,SKIPPED,2026-07-21 13:38:45.31082+00,
264303,2026-07-21 13:38:45.301075+00,49,SOLUSDT,65,GATE_1_EXPIRED,f,Signal already expired,SKIPPED,2026-07-21 13:38:45.301075+00,
264302,2026-07-21 13:38:45.289861+00,50,BTCUSDT,66,GATE_1_EXPIRED,f,Signal already expired,SKIPPED,2026-07-21 13:38:45.289861+00,
264301,2026-07-21 13:38:45.279231+00,51,ETHUSDT,63,GATE_1_EXPIRED,f,Signal already expired,SKIPPED,2026-07-21 13:38:45.279231+00,
264300,2026-07-21 13:38:30.323799+00,44,BTCUSDT,79,GATE_1_EXPIRED,f,Signal already expired,SKIPPED,2026-07-21 13:38:30.323799+00,
264299,2026-07-21 13:38:30.318068+00,45,XRPUSDT,63,GATE_1_EXPIRED,f,Signal already expired,SKIPPED,2026-07-21 13:38:30.318068+00,
264298,2026-07-21 13:38:30.307721+00,46,ETHUSDT,68,GATE_1_EXPIRED,f,Signal already expired,SKIPPED,2026-07-21 13:38:30.307721+00,
264297,2026-07-21 13:38:30.300948+00,47,SOLUSDT,78,GATE_1_EXPIRED,f,Signal already expired,SKIPPED,2026-07-21 13:38:30.300948+00,
264296,2026-07-21 13:38:30.294018+00,49,SOLUSDT,65,GATE_1_EXPIRED,f,Signal already expired,SKIPPED,2026-07-21 13:38:30.294018+00,
264295,2026-07-21 13:38:30.287783+00,50,BTCUSDT,66,GATE_1_EXPIRED,f,Signal already expired,SKIPPED,2026-07-21 13:38:30.287783+00,
264294,2026-07-21 13:38:30.28044+00,51,ETHUSDT,63,GATE_1_EXPIRED,f,Signal already expired,SKIPPED,2026-07-21 13:38:30.28044+00,
264293,2026-07-21 13:38:15.326006+00,44,BTCUSDT,79,GATE_1_EXPIRED,f,Signal already expired,SKIPPED,2026-07-21 13:38:15.326006+00,
264292,2026-07-21 13:38:15.321316+00,45,XRPUSDT,63,GATE_1_EXPIRED,f,Signal already expired,SKIPPED,2026-07-21 13:38:15.321316+00,
264291,2026-07-21 13:38:15.316196+00,46,ETHUSDT,68,GATE_1_EXPIRED,f,Signal already expired,SKIPPED,2026-07-21 13:38:15.316196+00,
264290,2026-07-21 13:38:15.311241+00,47,SOLUSDT,78,GATE_1_EXPIRED,f,Signal already expired,SKIPPED,2026-07-21 13:38:15.311241+00,
264289,2026-07-21 13:38:15.306684+00,49,SOLUSDT,65,GATE_1_EXPIRED,f,Signal already expired,SKIPPED,2026-07-21 13:38:15.306684+00,
264288,2026-07-21 13:38:15.301959+00,50,BTCUSDT,66,GATE_1_EXPIRED,f,Signal already expired,SKIPPED,2026-07-21 13:38:15.301959+00,
264287,2026-07-21 13:38:15.296173+00,51,ETHUSDT,63,GATE_1_EXPIRED,f,Signal already expired,SKIPPED,2026-07-21 13:38:15.296173+00,
264286,2026-07-21 13:38:00.314608+00,44,BTCUSDT,79,GATE_1_EXPIRED,f,Signal already expired,SKIPPED,2026-07-21 13:38:00.314608+00,
264285,2026-07-21 13:38:00.302056+00,45,XRPUSDT,63,GATE_1_EXPIRED,f,Signal already expired,SKIPPED,2026-07-21 13:38:00.302056+00,
264284,2026-07-21 13:38:00.290485+00,46,ETHUSDT,68,GATE_1_EXPIRED,f,Signal already expired,SKIPPED,2026-07-21 13:38:00.290485+00,
264283,2026-07-21 13:38:00.284872+00,47,SOLUSDT,78,GATE_1_EXPIRED,f,Signal already expired,SKIPPED,2026-07-21 13:38:00.284872+00,
264282,2026-07-21 13:38:00.27791+00,49,SOLUSDT,65,GATE_1_EXPIRED,f,Signal already expired,SKIPPED,2026-07-21 13:38:00.27791+00,
264281,2026-07-21 13:38:00.267261+00,50,BTCUSDT,66,GATE_1_EXPIRED,f,Signal already expired,SKIPPED,2026-07-21 13:38:00.267261+00,
264280,2026-07-21 13:38:00.261182+00,51,ETHUSDT,63,GATE_1_EXPIRED,f,Signal already expired,SKIPPED,2026-07-21 13:38:00.261182+00,
264279,2026-07-21 13:37:45.299495+00,44,BTCUSDT,79,GATE_1_EXPIRED,f,Signal already expired,SKIPPED,2026-07-21 13:37:45.299495+00,
264278,2026-07-21 13:37:45.295738+00,45,XRPUSDT,63,GATE_1_EXPIRED,f,Signal already expired,SKIPPED,2026-07-21 13:37:45.295738+00,
264277,2026-07-21 13:37:45.292023+00,46,ETHUSDT,68,GATE_1_EXPIRED,f,Signal already expired,SKIPPED,2026-07-21 13:37:45.292023+00,
264276,2026-07-21 13:37:45.288343+00,47,SOLUSDT,78,GATE_1_EXPIRED,f,Signal already expired,SKIPPED,2026-07-21 13:37:45.288343+00,
264275,2026-07-21 13:37:45.283785+00,49,SOLUSDT,65,GATE_1_EXPIRED,f,Signal already expired,SKIPPED,2026-07-21 13:37:45.283785+00,
264274,2026-07-21 13:37:45.279466+00,50,BTCUSDT,66,GATE_1_EXPIRED,f,Signal already expired,SKIPPED,2026-07-21 13:37:45.279466+00,
264273,2026-07-21 13:37:45.272211+00,51,ETHUSDT,63,GATE_1_EXPIRED,f,Signal already expired,SKIPPED,2026-07-21 13:37:45.272211+00,
264272,2026-07-21 13:37:30.293734+00,44,BTCUSDT,79,GATE_1_EXPIRED,f,Signal already expired,SKIPPED,2026-07-21 13:37:30.293734+00,
264271,2026-07-21 13:37:30.288998+00,45,XRPUSDT,63,GATE_1_EXPIRED,f,Signal already expired,SKIPPED,2026-07-21 13:37:30.288998+00,
264270,2026-07-21 13:37:30.285222+00,46,ETHUSDT,68,GATE_1_EXPIRED,f,Signal already expired,SKIPPED,2026-07-21 13:37:30.285222+00,
264269,2026-07-21 13:37:30.282047+00,47,SOLUSDT,78,GATE_1_EXPIRED,f,Signal already expired,SKIPPED,2026-07-21 13:37:30.282047+00,
264268,2026-07-21 13:37:30.279063+00,49,SOLUSDT,65,GATE_1_EXPIRED,f,Signal already expired,SKIPPED,2026-07-21 13:37:30.279063+00,
264267,2026-07-21 13:37:30.276135+00,50,BTCUSDT,66,GATE_1_EXPIRED,f,Signal already expired,SKIPPED,2026-07-21 13:37:30.276135+00,
264266,2026-07-21 13:37:30.271084+00,51,ETHUSDT,63,GATE_1_EXPIRED,f,Signal already expired,SKIPPED,2026-07-21 13:37:30.271084+00,
264265,2026-07-21 13:37:15.278927+00,44,BTCUSDT,79,GATE_1_EXPIRED,f,Signal already expired,SKIPPED,2026-07-21 13:37:15.278927+00,
264264,2026-07-21 13:37:15.271933+00,45,XRPUSDT,63,GATE_1_EXPIRED,f,Signal already expired,SKIPPED,2026-07-21 13:37:15.271933+00,
264263,2026-07-21 13:37:15.268016+00,46,ETHUSDT,68,GATE_1_EXPIRED,f,Signal already expired,SKIPPED,2026-07-21 13:37:15.268016+00,
264262,2026-07-21 13:37:15.263875+00,47,SOLUSDT,78,GATE_1_EXPIRED,f,Signal already expired,SKIPPED,2026-07-21 13:37:15.263875+00,
264261,2026-07-21 13:37:15.260753+00,49,SOLUSDT,65,GATE_1_EXPIRED,f,Signal already expired,SKIPPED,2026-07-21 13:37:15.260753+00,
264260,2026-07-21 13:37:15.257579+00,50,BTCUSDT,66,GATE_1_EXPIRED,f,Signal already expired,SKIPPED,2026-07-21 13:37:15.257579+00,
264259,2026-07-21 13:37:15.250183+00,51,ETHUSDT,63,GATE_1_EXPIRED,f,Signal already expired,SKIPPED,2026-07-21 13:37:15.250183+00,
264258,2026-07-21 13:37:00.311238+00,44,BTCUSDT,79,GATE_1_EXPIRED,f,Signal already expired,SKIPPED,2026-07-21 13:37:00.311238+00,
264257,2026-07-21 13:37:00.302094+00,45,XRPUSDT,63,GATE_1_EXPIRED,f,Signal already expired,SKIPPED,2026-07-21 13:37:00.302094+00,
264256,2026-07-21 13:37:00.298036+00,46,ETHUSDT,68,GATE_1_EXPIRED,f,Signal already expired,SKIPPED,2026-07-21 13:37:00.298036+00,
264255,2026-07-21 13:37:00.291582+00,47,SOLUSDT,78,GATE_1_EXPIRED,f,Signal already expired,SKIPPED,2026-07-21 13:37:00.291582+00,
264254,2026-07-21 13:37:00.287235+00,49,SOLUSDT,65,GATE_1_EXPIRED,f,Signal already expired,SKIPPED,2026-07-21 13:37:00.287235+00,
264253,2026-07-21 13:37:00.28024+00,50,BTCUSDT,66,GATE_1_EXPIRED,f,Signal already expired,SKIPPED,2026-07-21 13:37:00.28024+00,
264252,2026-07-21 13:37:00.272173+00,51,ETHUSDT,63,GATE_1_EXPIRED,f,Signal already expired,SKIPPED,2026-07-21 13:37:00.272173+00,
264251,2026-07-21 13:36:45.28749+00,44,BTCUSDT,79,GATE_1_EXPIRED,f,Signal already expired,SKIPPED,2026-07-21 13:36:45.28749+00,
264250,2026-07-21 13:36:45.282227+00,45,XRPUSDT,63,GATE_1_EXPIRED,f,Signal already expired,SKIPPED,2026-07-21 13:36:45.282227+00,
264249,2026-07-21 13:36:45.278353+00,46,ETHUSDT,68,GATE_1_EXPIRED,f,Signal already expired,SKIPPED,2026-07-21 13:36:45.278353+00,
264248,2026-07-21 13:36:45.274253+00,47,SOLUSDT,78,GATE_1_EXPIRED,f,Signal already expired,SKIPPED,2026-07-21 13:36:45.274253+00,
264247,2026-07-21 13:36:45.268411+00,49,SOLUSDT,65,GATE_1_EXPIRED,f,Signal already expired,SKIPPED,2026-07-21 13:36:45.268411+00,
264246,2026-07-21 13:36:45.264222+00,50,BTCUSDT,66,GATE_1_EXPIRED,f,Signal already expired,SKIPPED,2026-07-21 13:36:45.264222+00,
264245,2026-07-21 13:36:45.255711+00,51,ETHUSDT,63,GATE_1_EXPIRED,f,Signal already expired,SKIPPED,2026-07-21 13:36:45.255711+00,
264244,2026-07-21 13:36:30.297416+00,44,BTCUSDT,79,GATE_1_EXPIRED,f,Signal already expired,SKIPPED,2026-07-21 13:36:30.297416+00,
264243,2026-07-21 13:36:30.29224+00,45,XRPUSDT,63,GATE_1_EXPIRED,f,Signal already expired,SKIPPED,2026-07-21 13:36:30.29224+00,
264242,2026-07-21 13:36:30.284189+00,46,ETHUSDT,68,GATE_1_EXPIRED,f,Signal already expired,SKIPPED,2026-07-21 13:36:30.284189+00,
264241,2026-07-21 13:36:30.27714+00,47,SOLUSDT,78,GATE_1_EXPIRED,f,Signal already expired,SKIPPED,2026-07-21 13:36:30.27714+00,
264240,2026-07-21 13:36:30.269405+00,49,SOLUSDT,65,GATE_1_EXPIRED,f,Signal already expired,SKIPPED,2026-07-21 13:36:30.269405+00,
264239,2026-07-21 13:36:30.265373+00,50,BTCUSDT,66,GATE_1_EXPIRED,f,Signal already expired,SKIPPED,2026-07-21 13:36:30.265373+00,
264238,2026-07-21 13:36:30.261554+00,51,ETHUSDT,63,GATE_1_EXPIRED,f,Signal already expired,SKIPPED,2026-07-21 13:36:30.261554+00,
264237,2026-07-21 13:36:15.309691+00,44,BTCUSDT,79,GATE_1_EXPIRED,f,Signal already expired,SKIPPED,2026-07-21 13:36:15.309691+00,
264236,2026-07-21 13:36:15.301388+00,45,XRPUSDT,63,GATE_1_EXPIRED,f,Signal already expired,SKIPPED,2026-07-21 13:36:15.301388+00,
264235,2026-07-21 13:36:15.293521+00,46,ETHUSDT,68,GATE_1_EXPIRED,f,Signal already expired,SKIPPED,2026-07-21 13:36:15.293521+00,
264234,2026-07-21 13:36:15.288406+00,47,SOLUSDT,78,GATE_1_EXPIRED,f,Signal already expired,SKIPPED,2026-07-21 13:36:15.288406+00,
264233,2026-07-21 13:36:15.278495+00,49,SOLUSDT,65,GATE_1_EXPIRED,f,Signal already expired,SKIPPED,2026-07-21 13:36:15.278495+00,
264232,2026-07-21 13:36:15.26423+00,50,BTCUSDT,66,GATE_1_EXPIRED,f,Signal already expired,SKIPPED,2026-07-21 13:36:15.26423+00,
264231,2026-07-21 13:36:15.254202+00,51,ETHUSDT,63,GATE_1_EXPIRED,f,Signal already expired,SKIPPED,2026-07-21 13:36:15.254202+00,
264230,2026-07-21 13:36:00.278917+00,44,BTCUSDT,79,GATE_1_EXPIRED,f,Signal already expired,SKIPPED,2026-07-21 13:36:00.278917+00,
264229,2026-07-21 13:36:00.272417+00,45,XRPUSDT,63,GATE_1_EXPIRED,f,Signal already expired,SKIPPED,2026-07-21 13:36:00.272417+00,
264228,2026-07-21 13:36:00.268493+00,46,ETHUSDT,68,GATE_1_EXPIRED,f,Signal already expired,SKIPPED,2026-07-21 13:36:00.268493+00,
264227,2026-07-21 13:36:00.264821+00,47,SOLUSDT,78,GATE_1_EXPIRED,f,Signal already expired,SKIPPED,2026-07-21 13:36:00.264821+00,
264226,2026-07-21 13:36:00.256402+00,49,SOLUSDT,65,GATE_1_EXPIRED,f,Signal already expired,SKIPPED,2026-07-21 13:36:00.256402+00,
264225,2026-07-21 13:36:00.250755+00,50,BTCUSDT,66,GATE_1_EXPIRED,f,Signal already expired,SKIPPED,2026-07-21 13:36:00.250755+00,
264224,2026-07-21 13:36:00.244152+00,51,ETHUSDT,63,GATE_1_EXPIRED,f,Signal already expired,SKIPPED,2026-07-21 13:36:00.244152+00,
264223,2026-07-21 13:35:45.309974+00,44,BTCUSDT,79,GATE_1_EXPIRED,f,Signal already expired,SKIPPED,2026-07-21 13:35:45.309974+00,
264222,2026-07-21 13:35:45.298085+00,45,XRPUSDT,63,GATE_1_EXPIRED,f,Signal already expired,SKIPPED,2026-07-21 13:35:45.298085+00,
264221,2026-07-21 13:35:45.287743+00,46,ETHUSDT,68,GATE_1_EXPIRED,f,Signal already expired,SKIPPED,2026-07-21 13:35:45.287743+00,
264220,2026-07-21 13:35:45.279553+00,47,SOLUSDT,78,GATE_1_EXPIRED,f,Signal already expired,SKIPPED,2026-07-21 13:35:45.279553+00,
264219,2026-07-21 13:35:45.273604+00,49,SOLUSDT,65,GATE_1_EXPIRED,f,Signal already expired,SKIPPED,2026-07-21 13:35:45.273604+00,
264218,2026-07-21 13:35:45.269205+00,50,BTCUSDT,66,GATE_1_EXPIRED,f,Signal already expired,SKIPPED,2026-07-21 13:35:45.269205+00,
264217,2026-07-21 13:35:45.260442+00,51,ETHUSDT,63,GATE_1_EXPIRED,f,Signal already expired,SKIPPED,2026-07-21 13:35:45.260442+00,
264216,2026-07-21 13:35:30.287225+00,44,BTCUSDT,79,GATE_1_EXPIRED,f,Signal already expired,SKIPPED,2026-07-21 13:35:30.287225+00,
264215,2026-07-21 13:35:30.282307+00,45,XRPUSDT,63,GATE_1_EXPIRED,f,Signal already expired,SKIPPED,2026-07-21 13:35:30.282307+00,
264214,2026-07-21 13:35:30.277441+00,46,ETHUSDT,68,GATE_1_EXPIRED,f,Signal already expired,SKIPPED,2026-07-21 13:35:30.277441+00,
264213,2026-07-21 13:35:30.271961+00,47,SOLUSDT,78,GATE_1_EXPIRED,f,Signal already expired,SKIPPED,2026-07-21 13:35:30.271961+00,
264212,2026-07-21 13:35:30.265645+00,49,SOLUSDT,65,GATE_1_EXPIRED,f,Signal already expired,SKIPPED,2026-07-21 13:35:30.265645+00,
264211,2026-07-21 13:35:30.258483+00,50,BTCUSDT,66,GATE_1_EXPIRED,f,Signal already expired,SKIPPED,2026-07-21 13:35:30.258483+00,
264210,2026-07-21 13:35:30.252507+00,51,ETHUSDT,63,GATE_1_EXPIRED,f,Signal already expired,SKIPPED,2026-07-21 13:35:30.252507+00,
264209,2026-07-21 13:35:15.265959+00,44,BTCUSDT,79,GATE_1_EXPIRED,f,Signal already expired,SKIPPED,2026-07-21 13:35:15.265959+00,
264208,2026-07-21 13:35:15.262215+00,45,XRPUSDT,63,GATE_1_EXPIRED,f,Signal already expired,SKIPPED,2026-07-21 13:35:15.262215+00,
264207,2026-07-21 13:35:15.257967+00,46,ETHUSDT,68,GATE_1_EXPIRED,f,Signal already expired,SKIPPED,2026-07-21 13:35:15.257967+00,
264206,2026-07-21 13:35:15.253681+00,47,SOLUSDT,78,GATE_1_EXPIRED,f,Signal already expired,SKIPPED,2026-07-21 13:35:15.253681+00,
264205,2026-07-21 13:35:15.250916+00,49,SOLUSDT,65,GATE_1_EXPIRED,f,Signal already expired,SKIPPED,2026-07-21 13:35:15.250916+00,
264204,2026-07-21 13:35:15.247714+00,50,BTCUSDT,66,GATE_1_EXPIRED,f,Signal already expired,SKIPPED,2026-07-21 13:35:15.247714+00,
264203,2026-07-21 13:35:15.243216+00,51,ETHUSDT,63,GATE_1_EXPIRED,f,Signal already expired,SKIPPED,2026-07-21 13:35:15.243216+00,
264202,2026-07-21 13:35:00.281785+00,44,BTCUSDT,79,GATE_1_EXPIRED,f,Signal already expired,SKIPPED,2026-07-21 13:35:00.281785+00,
264201,2026-07-21 13:35:00.275659+00,45,XRPUSDT,63,GATE_1_EXPIRED,f,Signal already expired,SKIPPED,2026-07-21 13:35:00.275659+00,
264200,2026-07-21 13:35:00.268853+00,46,ETHUSDT,68,GATE_1_EXPIRED,f,Signal already expired,SKIPPED,2026-07-21 13:35:00.268853+00,
264199,2026-07-21 13:35:00.262079+00,47,SOLUSDT,78,GATE_1_EXPIRED,f,Signal already expired,SKIPPED,2026-07-21 13:35:00.262079+00,
264198,2026-07-21 13:35:00.255432+00,49,SOLUSDT,65,GATE_1_EXPIRED,f,Signal already expired,SKIPPED,2026-07-21 13:35:00.255432+00,
264197,2026-07-21 13:35:00.251145+00,50,BTCUSDT,66,GATE_1_EXPIRED,f,Signal already expired,SKIPPED,2026-07-21 13:35:00.251145+00,
264196,2026-07-21 13:35:00.244543+00,51,ETHUSDT,63,GATE_1_EXPIRED,f,Signal already expired,SKIPPED,2026-07-21 13:35:00.244543+00,
264195,2026-07-21 13:34:45.305967+00,44,BTCUSDT,79,GATE_1_EXPIRED,f,Signal already expired,SKIPPED,2026-07-21 13:34:45.305967+00,
264194,2026-07-21 13:34:45.297937+00,45,XRPUSDT,63,GATE_1_EXPIRED,f,Signal already expired,SKIPPED,2026-07-21 13:34:45.297937+00,
264193,2026-07-21 13:34:45.291135+00,46,ETHUSDT,68,GATE_1_EXPIRED,f,Signal already expired,SKIPPED,2026-07-21 13:34:45.291135+00,
264192,2026-07-21 13:34:45.285301+00,47,SOLUSDT,78,GATE_1_EXPIRED,f,Signal already expired,SKIPPED,2026-07-21 13:34:45.285301+00,
264191,2026-07-21 13:34:45.27563+00,49,SOLUSDT,65,GATE_1_EXPIRED,f,Signal already expired,SKIPPED,2026-07-21 13:34:45.27563+00,
264190,2026-07-21 13:34:45.27047+00,50,BTCUSDT,66,GATE_1_EXPIRED,f,Signal already expired,SKIPPED,2026-07-21 13:34:45.27047+00,
264189,2026-07-21 13:34:45.266285+00,51,ETHUSDT,63,GATE_1_EXPIRED,f,Signal already expired,SKIPPED,2026-07-21 13:34:45.266285+00,
264188,2026-07-21 13:34:30.319629+00,44,BTCUSDT,79,GATE_1_EXPIRED,f,Signal already expired,SKIPPED,2026-07-21 13:34:30.319629+00,
264187,2026-07-21 13:34:30.313725+00,45,XRPUSDT,63,GATE_1_EXPIRED,f,Signal already expired,SKIPPED,2026-07-21 13:34:30.313725+00,
264186,2026-07-21 13:34:30.307805+00,46,ETHUSDT,68,GATE_1_EXPIRED,f,Signal already expired,SKIPPED,2026-07-21 13:34:30.307805+00,
264185,2026-07-21 13:34:30.301964+00,47,SOLUSDT,78,GATE_1_EXPIRED,f,Signal already expired,SKIPPED,2026-07-21 13:34:30.301964+00,
264184,2026-07-21 13:34:30.291963+00,49,SOLUSDT,65,GATE_1_EXPIRED,f,Signal already expired,SKIPPED,2026-07-21 13:34:30.291963+00,
264183,2026-07-21 13:34:30.281517+00,50,BTCUSDT,66,GATE_1_EXPIRED,f,Signal already expired,SKIPPED,2026-07-21 13:34:30.281517+00,
264182,2026-07-21 13:34:30.263812+00,51,ETHUSDT,63,GATE_1_EXPIRED,f,Signal already expired,SKIPPED,2026-07-21 13:34:30.263812+00,
264181,2026-07-21 13:34:15.268962+00,44,BTCUSDT,79,GATE_1_EXPIRED,f,Signal already expired,SKIPPED,2026-07-21 13:34:15.268962+00,
264180,2026-07-21 13:34:15.262264+00,45,XRPUSDT,63,GATE_1_EXPIRED,f,Signal already expired,SKIPPED,2026-07-21 13:34:15.262264+00,
264179,2026-07-21 13:34:15.255942+00,46,ETHUSDT,68,GATE_1_EXPIRED,f,Signal already expired,SKIPPED,2026-07-21 13:34:15.255942+00,
264178,2026-07-21 13:34:15.251105+00,47,SOLUSDT,78,GATE_1_EXPIRED,f,Signal already expired,SKIPPED,2026-07-21 13:34:15.251105+00,
264177,2026-07-21 13:34:15.243955+00,49,SOLUSDT,65,GATE_1_EXPIRED,f,Signal already expired,SKIPPED,2026-07-21 13:34:15.243955+00,
264176,2026-07-21 13:34:15.233824+00,50,BTCUSDT,66,GATE_1_EXPIRED,f,Signal already expired,SKIPPED,2026-07-21 13:34:15.233824+00,
264175,2026-07-21 13:34:15.227185+00,51,ETHUSDT,63,GATE_1_EXPIRED,f,Signal already expired,SKIPPED,2026-07-21 13:34:15.227185+00,
264174,2026-07-21 13:34:00.368201+00,44,BTCUSDT,79,GATE_1_EXPIRED,f,Signal already expired,SKIPPED,2026-07-21 13:34:00.368201+00,
264173,2026-07-21 13:34:00.361562+00,45,XRPUSDT,63,GATE_1_EXPIRED,f,Signal already expired,SKIPPED,2026-07-21 13:34:00.361562+00,
264172,2026-07-21 13:34:00.338053+00,46,ETHUSDT,68,GATE_1_EXPIRED,f,Signal already expired,SKIPPED,2026-07-21 13:34:00.338053+00,
264171,2026-07-21 13:34:00.328073+00,47,SOLUSDT,78,GATE_1_EXPIRED,f,Signal already expired,SKIPPED,2026-07-21 13:34:00.328073+00,
264170,2026-07-21 13:34:00.316959+00,49,SOLUSDT,65,GATE_1_EXPIRED,f,Signal already expired,SKIPPED,2026-07-21 13:34:00.316959+00,
264169,2026-07-21 13:34:00.306911+00,50,BTCUSDT,66,GATE_1_EXPIRED,f,Signal already expired,SKIPPED,2026-07-21 13:34:00.306911+00,
264168,2026-07-21 13:34:00.297314+00,51,ETHUSDT,63,GATE_1_EXPIRED,f,Signal already expired,SKIPPED,2026-07-21 13:34:00.297314+00,
264167,2026-07-21 13:33:45.254139+00,44,BTCUSDT,79,GATE_1_EXPIRED,f,Signal already expired,SKIPPED,2026-07-21 13:33:45.254139+00,
264166,2026-07-21 13:33:45.250959+00,45,XRPUSDT,63,GATE_1_EXPIRED,f,Signal already expired,SKIPPED,2026-07-21 13:33:45.250959+00,
264165,2026-07-21 13:33:45.247472+00,46,ETHUSDT,68,GATE_1_EXPIRED,f,Signal already expired,SKIPPED,2026-07-21 13:33:45.247472+00,
264164,2026-07-21 13:33:45.243288+00,47,SOLUSDT,78,GATE_1_EXPIRED,f,Signal already expired,SKIPPED,2026-07-21 13:33:45.243288+00,
264163,2026-07-21 13:33:45.23929+00,49,SOLUSDT,65,GATE_1_EXPIRED,f,Signal already expired,SKIPPED,2026-07-21 13:33:45.23929+00,
264162,2026-07-21 13:33:45.234227+00,50,BTCUSDT,66,GATE_1_EXPIRED,f,Signal already expired,SKIPPED,2026-07-21 13:33:45.234227+00,
264161,2026-07-21 13:33:45.227687+00,51,ETHUSDT,63,GATE_1_EXPIRED,f,Signal already expired,SKIPPED,2026-07-21 13:33:45.227687+00,
264160,2026-07-21 13:33:30.262384+00,44,BTCUSDT,79,GATE_1_EXPIRED,f,Signal already expired,SKIPPED,2026-07-21 13:33:30.262384+00,
264159,2026-07-21 13:33:30.259699+00,45,XRPUSDT,63,GATE_1_EXPIRED,f,Signal already expired,SKIPPED,2026-07-21 13:33:30.259699+00,
264158,2026-07-21 13:33:30.256356+00,46,ETHUSDT,68,GATE_1_EXPIRED,f,Signal already expired,SKIPPED,2026-07-21 13:33:30.256356+00,
264157,2026-07-21 13:33:30.252486+00,47,SOLUSDT,78,GATE_1_EXPIRED,f,Signal already expired,SKIPPED,2026-07-21 13:33:30.252486+00,
264156,2026-07-21 13:33:30.248533+00,49,SOLUSDT,65,GATE_1_EXPIRED,f,Signal already expired,SKIPPED,2026-07-21 13:33:30.248533+00,
264155,2026-07-21 13:33:30.244097+00,50,BTCUSDT,66,GATE_1_EXPIRED,f,Signal already expired,SKIPPED,2026-07-21 13:33:30.244097+00,
264154,2026-07-21 13:33:30.239029+00,51,ETHUSDT,63,GATE_1_EXPIRED,f,Signal already expired,SKIPPED,2026-07-21 13:33:30.239029+00,
264153,2026-07-21 13:33:15.286985+00,44,BTCUSDT,79,GATE_1_EXPIRED,f,Signal already expired,SKIPPED,2026-07-21 13:33:15.286985+00,
264152,2026-07-21 13:33:15.283811+00,45,XRPUSDT,63,GATE_1_EXPIRED,f,Signal already expired,SKIPPED,2026-07-21 13:33:15.283811+00,
264151,2026-07-21 13:33:15.280629+00,46,ETHUSDT,68,GATE_1_EXPIRED,f,Signal already expired,SKIPPED,2026-07-21 13:33:15.280629+00,
264150,2026-07-21 13:33:15.276171+00,47,SOLUSDT,78,GATE_1_EXPIRED,f,Signal already expired,SKIPPED,2026-07-21 13:33:15.276171+00,
264149,2026-07-21 13:33:15.272113+00,49,SOLUSDT,65,GATE_1_EXPIRED,f,Signal already expired,SKIPPED,2026-07-21 13:33:15.272113+00,
264148,2026-07-21 13:33:15.266456+00,50,BTCUSDT,66,GATE_1_EXPIRED,f,Signal already expired,SKIPPED,2026-07-21 13:33:15.266456+00,
264147,2026-07-21 13:33:15.258307+00,51,ETHUSDT,63,GATE_1_EXPIRED,f,Signal already expired,SKIPPED,2026-07-21 13:33:15.258307+00,
264146,2026-07-21 13:33:00.269865+00,44,BTCUSDT,79,GATE_1_EXPIRED,f,Signal already expired,SKIPPED,2026-07-21 13:33:00.269865+00,
264145,2026-07-21 13:33:00.261875+00,45,XRPUSDT,63,GATE_1_EXPIRED,f,Signal already expired,SKIPPED,2026-07-21 13:33:00.261875+00,
264144,2026-07-21 13:33:00.252299+00,46,ETHUSDT,68,GATE_1_EXPIRED,f,Signal already expired,SKIPPED,2026-07-21 13:33:00.252299+00,
264143,2026-07-21 13:33:00.242124+00,47,SOLUSDT,78,GATE_1_EXPIRED,f,Signal already expired,SKIPPED,2026-07-21 13:33:00.242124+00,
264142,2026-07-21 13:33:00.236405+00,49,SOLUSDT,65,GATE_1_EXPIRED,f,Signal already expired,SKIPPED,2026-07-21 13:33:00.236405+00,
264141,2026-07-21 13:33:00.230648+00,50,BTCUSDT,66,GATE_1_EXPIRED,f,Signal already expired,SKIPPED,2026-07-21 13:33:00.230648+00,
264140,2026-07-21 13:33:00.223295+00,51,ETHUSDT,63,GATE_1_EXPIRED,f,Signal already expired,SKIPPED,2026-07-21 13:33:00.223295+00,
264139,2026-07-21 13:32:45.254808+00,44,BTCUSDT,79,GATE_1_EXPIRED,f,Signal already expired,SKIPPED,2026-07-21 13:32:45.254808+00,
264138,2026-07-21 13:32:45.25214+00,45,XRPUSDT,63,GATE_1_EXPIRED,f,Signal already expired,SKIPPED,2026-07-21 13:32:45.25214+00,
264137,2026-07-21 13:32:45.249156+00,46,ETHUSDT,68,GATE_1_EXPIRED,f,Signal already expired,SKIPPED,2026-07-21 13:32:45.249156+00,
264136,2026-07-21 13:32:45.245845+00,47,SOLUSDT,78,GATE_1_EXPIRED,f,Signal already expired,SKIPPED,2026-07-21 13:32:45.245845+00,
264135,2026-07-21 13:32:45.240729+00,49,SOLUSDT,65,GATE_1_EXPIRED,f,Signal already expired,SKIPPED,2026-07-21 13:32:45.240729+00,
264134,2026-07-21 13:32:45.231721+00,50,BTCUSDT,66,GATE_1_EXPIRED,f,Signal already expired,SKIPPED,2026-07-21 13:32:45.231721+00,
264133,2026-07-21 13:32:45.215077+00,51,ETHUSDT,63,GATE_1_EXPIRED,f,Signal already expired,SKIPPED,2026-07-21 13:32:45.215077+00,
264132,2026-07-21 13:32:30.317509+00,44,BTCUSDT,79,GATE_1_EXPIRED,f,Signal already expired,SKIPPED,2026-07-21 13:32:30.317509+00,
264131,2026-07-21 13:32:30.294001+00,45,XRPUSDT,63,GATE_1_EXPIRED,f,Signal already expired,SKIPPED,2026-07-21 13:32:30.294001+00,
264130,2026-07-21 13:32:30.287268+00,46,ETHUSDT,68,GATE_1_EXPIRED,f,Signal already expired,SKIPPED,2026-07-21 13:32:30.287268+00,
264129,2026-07-21 13:32:30.276527+00,47,SOLUSDT,78,GATE_1_EXPIRED,f,Signal already expired,SKIPPED,2026-07-21 13:32:30.276527+00,
264128,2026-07-21 13:32:30.271097+00,49,SOLUSDT,65,GATE_1_EXPIRED,f,Signal already expired,SKIPPED,2026-07-21 13:32:30.271097+00,
264127,2026-07-21 13:32:30.259858+00,50,BTCUSDT,66,GATE_1_EXPIRED,f,Signal already expired,SKIPPED,2026-07-21 13:32:30.259858+00,
264126,2026-07-21 13:32:30.236392+00,51,ETHUSDT,63,GATE_1_EXPIRED,f,Signal already expired,SKIPPED,2026-07-21 13:32:30.236392+00,
264125,2026-07-21 13:32:15.296785+00,44,BTCUSDT,79,GATE_1_EXPIRED,f,Signal already expired,SKIPPED,2026-07-21 13:32:15.296785+00,
264124,2026-07-21 13:32:15.292371+00,45,XRPUSDT,63,GATE_1_EXPIRED,f,Signal already expired,SKIPPED,2026-07-21 13:32:15.292371+00,
264123,2026-07-21 13:32:15.288085+00,46,ETHUSDT,68,GATE_1_EXPIRED,f,Signal already expired,SKIPPED,2026-07-21 13:32:15.288085+00,
264122,2026-07-21 13:32:15.28285+00,47,SOLUSDT,78,GATE_1_EXPIRED,f,Signal already expired,SKIPPED,2026-07-21 13:32:15.28285+00,
264121,2026-07-21 13:32:15.277263+00,49,SOLUSDT,65,GATE_1_EXPIRED,f,Signal already expired,SKIPPED,2026-07-21 13:32:15.277263+00,
264120,2026-07-21 13:32:15.251918+00,50,BTCUSDT,66,GATE_1_EXPIRED,f,Signal already expired,SKIPPED,2026-07-21 13:32:15.251918+00,
264119,2026-07-21 13:32:15.217089+00,51,ETHUSDT,63,GATE_1_EXPIRED,f,Signal already expired,SKIPPED,2026-07-21 13:32:15.217089+00,
264118,2026-07-21 13:32:00.280818+00,44,BTCUSDT,79,GATE_1_EXPIRED,f,Signal already expired,SKIPPED,2026-07-21 13:32:00.280818+00,
264117,2026-07-21 13:32:00.276002+00,45,XRPUSDT,63,GATE_1_EXPIRED,f,Signal already expired,SKIPPED,2026-07-21 13:32:00.276002+00,
264116,2026-07-21 13:32:00.273242+00,46,ETHUSDT,68,GATE_1_EXPIRED,f,Signal already expired,SKIPPED,2026-07-21 13:32:00.273242+00,
264115,2026-07-21 13:32:00.270227+00,47,SOLUSDT,78,GATE_1_EXPIRED,f,Signal already expired,SKIPPED,2026-07-21 13:32:00.270227+00,
264114,2026-07-21 13:32:00.26609+00,49,SOLUSDT,65,GATE_1_EXPIRED,f,Signal already expired,SKIPPED,2026-07-21 13:32:00.26609+00,
264113,2026-07-21 13:32:00.262673+00,50,BTCUSDT,66,GATE_1_EXPIRED,f,Signal already expired,SKIPPED,2026-07-21 13:32:00.262673+00,
264112,2026-07-21 13:32:00.258079+00,51,ETHUSDT,63,GATE_1_EXPIRED,f,Signal already expired,SKIPPED,2026-07-21 13:32:00.258079+00,
264111,2026-07-21 13:31:45.248673+00,44,BTCUSDT,79,GATE_1_EXPIRED,f,Signal already expired,SKIPPED,2026-07-21 13:31:45.248673+00,
264110,2026-07-21 13:31:45.244743+00,45,XRPUSDT,63,GATE_1_EXPIRED,f,Signal already expired,SKIPPED,2026-07-21 13:31:45.244743+00,
264109,2026-07-21 13:31:45.241459+00,46,ETHUSDT,68,GATE_1_EXPIRED,f,Signal already expired,SKIPPED,2026-07-21 13:31:45.241459+00,
264108,2026-07-21 13:31:45.238375+00,47,SOLUSDT,78,GATE_1_EXPIRED,f,Signal already expired,SKIPPED,2026-07-21 13:31:45.238375+00,
264107,2026-07-21 13:31:45.231233+00,49,SOLUSDT,65,GATE_1_EXPIRED,f,Signal already expired,SKIPPED,2026-07-21 13:31:45.231233+00,
264106,2026-07-21 13:31:45.227812+00,50,BTCUSDT,66,GATE_1_EXPIRED,f,Signal already expired,SKIPPED,2026-07-21 13:31:45.227812+00,
264105,2026-07-21 13:31:45.222216+00,51,ETHUSDT,63,GATE_1_EXPIRED,f,Signal already expired,SKIPPED,2026-07-21 13:31:45.222216+00,
264104,2026-07-21 13:31:30.241337+00,44,BTCUSDT,79,GATE_1_EXPIRED,f,Signal already expired,SKIPPED,2026-07-21 13:31:30.241337+00,
264103,2026-07-21 13:31:30.237246+00,45,XRPUSDT,63,GATE_1_EXPIRED,f,Signal already expired,SKIPPED,2026-07-21 13:31:30.237246+00,
264102,2026-07-21 13:31:30.230999+00,46,ETHUSDT,68,GATE_1_EXPIRED,f,Signal already expired,SKIPPED,2026-07-21 13:31:30.230999+00,
264101,2026-07-21 13:31:30.227809+00,47,SOLUSDT,78,GATE_1_EXPIRED,f,Signal already expired,SKIPPED,2026-07-21 13:31:30.227809+00,
264100,2026-07-21 13:31:30.224003+00,49,SOLUSDT,65,GATE_1_EXPIRED,f,Signal already expired,SKIPPED,2026-07-21 13:31:30.224003+00,
264099,2026-07-21 13:31:30.220072+00,50,BTCUSDT,66,GATE_1_EXPIRED,f,Signal already expired,SKIPPED,2026-07-21 13:31:30.220072+00,
264098,2026-07-21 13:31:30.212815+00,51,ETHUSDT,63,GATE_1_EXPIRED,f,Signal already expired,SKIPPED,2026-07-21 13:31:30.212815+00,
264097,2026-07-21 13:31:15.24362+00,44,BTCUSDT,79,GATE_1_EXPIRED,f,Signal already expired,SKIPPED,2026-07-21 13:31:15.24362+00,
264096,2026-07-21 13:31:15.238656+00,45,XRPUSDT,63,GATE_1_EXPIRED,f,Signal already expired,SKIPPED,2026-07-21 13:31:15.238656+00,
264095,2026-07-21 13:31:15.234523+00,46,ETHUSDT,68,GATE_1_EXPIRED,f,Signal already expired,SKIPPED,2026-07-21 13:31:15.234523+00,
264094,2026-07-21 13:31:15.230799+00,47,SOLUSDT,78,GATE_1_EXPIRED,f,Signal already expired,SKIPPED,2026-07-21 13:31:15.230799+00,
264093,2026-07-21 13:31:15.223999+00,49,SOLUSDT,65,GATE_1_EXPIRED,f,Signal already expired,SKIPPED,2026-07-21 13:31:15.223999+00,
264092,2026-07-21 13:31:15.218942+00,50,BTCUSDT,66,GATE_1_EXPIRED,f,Signal already expired,SKIPPED,2026-07-21 13:31:15.218942+00,
264091,2026-07-21 13:31:15.213202+00,51,ETHUSDT,63,GATE_1_EXPIRED,f,Signal already expired,SKIPPED,2026-07-21 13:31:15.213202+00,
264090,2026-07-21 13:31:00.247204+00,44,BTCUSDT,79,GATE_1_EXPIRED,f,Signal already expired,SKIPPED,2026-07-21 13:31:00.247204+00,
264089,2026-07-21 13:31:00.241945+00,45,XRPUSDT,63,GATE_1_EXPIRED,f,Signal already expired,SKIPPED,2026-07-21 13:31:00.241945+00,
264088,2026-07-21 13:31:00.237054+00,46,ETHUSDT,68,GATE_1_EXPIRED,f,Signal already expired,SKIPPED,2026-07-21 13:31:00.237054+00,
264087,2026-07-21 13:31:00.232504+00,47,SOLUSDT,78,GATE_1_EXPIRED,f,Signal already expired,SKIPPED,2026-07-21 13:31:00.232504+00,
264086,2026-07-21 13:31:00.228978+00,49,SOLUSDT,65,GATE_1_EXPIRED,f,Signal already expired,SKIPPED,2026-07-21 13:31:00.228978+00,
264085,2026-07-21 13:31:00.224226+00,50,BTCUSDT,66,GATE_1_EXPIRED,f,Signal already expired,SKIPPED,2026-07-21 13:31:00.224226+00,
264084,2026-07-21 13:31:00.218153+00,51,ETHUSDT,63,GATE_1_EXPIRED,f,Signal already expired,SKIPPED,2026-07-21 13:31:00.218153+00,
264083,2026-07-21 13:30:45.254055+00,44,BTCUSDT,79,GATE_1_EXPIRED,f,Signal already expired,SKIPPED,2026-07-21 13:30:45.254055+00,
264082,2026-07-21 13:30:45.24849+00,45,XRPUSDT,63,GATE_1_EXPIRED,f,Signal already expired,SKIPPED,2026-07-21 13:30:45.24849+00,
264081,2026-07-21 13:30:45.243983+00,46,ETHUSDT,68,GATE_1_EXPIRED,f,Signal already expired,SKIPPED,2026-07-21 13:30:45.243983+00,
264080,2026-07-21 13:30:45.239631+00,47,SOLUSDT,78,GATE_1_EXPIRED,f,Signal already expired,SKIPPED,2026-07-21 13:30:45.239631+00,
264079,2026-07-21 13:30:45.233757+00,49,SOLUSDT,65,GATE_1_EXPIRED,f,Signal already expired,SKIPPED,2026-07-21 13:30:45.233757+00,
264078,2026-07-21 13:30:45.226484+00,50,BTCUSDT,66,GATE_1_EXPIRED,f,Signal already expired,SKIPPED,2026-07-21 13:30:45.226484+00,
264077,2026-07-21 13:30:45.218816+00,51,ETHUSDT,63,GATE_1_EXPIRED,f,Signal already expired,SKIPPED,2026-07-21 13:30:45.218816+00,
264076,2026-07-21 13:30:30.241153+00,44,BTCUSDT,79,GATE_1_EXPIRED,f,Signal already expired,SKIPPED,2026-07-21 13:30:30.241153+00,
264075,2026-07-21 13:30:30.237216+00,45,XRPUSDT,63,GATE_1_EXPIRED,f,Signal already expired,SKIPPED,2026-07-21 13:30:30.237216+00,
264074,2026-07-21 13:30:30.233883+00,46,ETHUSDT,68,GATE_1_EXPIRED,f,Signal already expired,SKIPPED,2026-07-21 13:30:30.233883+00,
264073,2026-07-21 13:30:30.229026+00,47,SOLUSDT,78,GATE_1_EXPIRED,f,Signal already expired,SKIPPED,2026-07-21 13:30:30.229026+00,
264072,2026-07-21 13:30:30.221485+00,49,SOLUSDT,65,GATE_1_EXPIRED,f,Signal already expired,SKIPPED,2026-07-21 13:30:30.221485+00,
264071,2026-07-21 13:30:30.217924+00,50,BTCUSDT,66,GATE_1_EXPIRED,f,Signal already expired,SKIPPED,2026-07-21 13:30:30.217924+00,
264070,2026-07-21 13:30:30.213344+00,51,ETHUSDT,63,GATE_1_EXPIRED,f,Signal already expired,SKIPPED,2026-07-21 13:30:30.213344+00,
264069,2026-07-21 13:30:15.243125+00,44,BTCUSDT,79,GATE_1_EXPIRED,f,Signal already expired,SKIPPED,2026-07-21 13:30:15.243125+00,
264068,2026-07-21 13:30:15.239131+00,45,XRPUSDT,63,GATE_1_EXPIRED,f,Signal already expired,SKIPPED,2026-07-21 13:30:15.239131+00,
264067,2026-07-21 13:30:15.234896+00,46,ETHUSDT,68,GATE_1_EXPIRED,f,Signal already expired,SKIPPED,2026-07-21 13:30:15.234896+00,
264066,2026-07-21 13:30:15.231748+00,47,SOLUSDT,78,GATE_1_EXPIRED,f,Signal already expired,SKIPPED,2026-07-21 13:30:15.231748+00,
264065,2026-07-21 13:30:15.224586+00,49,SOLUSDT,65,GATE_1_EXPIRED,f,Signal already expired,SKIPPED,2026-07-21 13:30:15.224586+00,
264064,2026-07-21 13:30:15.220122+00,50,BTCUSDT,66,GATE_1_EXPIRED,f,Signal already expired,SKIPPED,2026-07-21 13:30:15.220122+00,
264063,2026-07-21 13:30:15.214486+00,51,ETHUSDT,63,GATE_1_EXPIRED,f,Signal already expired,SKIPPED,2026-07-21 13:30:15.214486+00,
264062,2026-07-21 13:30:00.263938+00,44,BTCUSDT,79,GATE_1_EXPIRED,f,Signal already expired,SKIPPED,2026-07-21 13:30:00.263938+00,
264061,2026-07-21 13:30:00.24+00,45,XRPUSDT,63,GATE_1_EXPIRED,f,Signal already expired,SKIPPED,2026-07-21 13:30:00.24+00,
264060,2026-07-21 13:30:00.236804+00,46,ETHUSDT,68,GATE_1_EXPIRED,f,Signal already expired,SKIPPED,2026-07-21 13:30:00.236804+00,
264059,2026-07-21 13:30:00.233851+00,47,SOLUSDT,78,GATE_1_EXPIRED,f,Signal already expired,SKIPPED,2026-07-21 13:30:00.233851+00,
264058,2026-07-21 13:30:00.228443+00,49,SOLUSDT,65,GATE_1_EXPIRED,f,Signal already expired,SKIPPED,2026-07-21 13:30:00.228443+00,
264057,2026-07-21 13:30:00.225374+00,50,BTCUSDT,66,GATE_1_EXPIRED,f,Signal already expired,SKIPPED,2026-07-21 13:30:00.225374+00,
264056,2026-07-21 13:30:00.217858+00,51,ETHUSDT,63,GATE_1_EXPIRED,f,Signal already expired,SKIPPED,2026-07-21 13:30:00.217858+00,
264055,2026-07-21 13:29:45.240823+00,44,BTCUSDT,79,GATE_1_EXPIRED,f,Signal already expired,SKIPPED,2026-07-21 13:29:45.240823+00,
264054,2026-07-21 13:29:45.228968+00,45,XRPUSDT,63,GATE_1_EXPIRED,f,Signal already expired,SKIPPED,2026-07-21 13:29:45.228968+00,
264053,2026-07-21 13:29:45.222938+00,46,ETHUSDT,68,GATE_1_EXPIRED,f,Signal already expired,SKIPPED,2026-07-21 13:29:45.222938+00,
264052,2026-07-21 13:29:45.211799+00,47,SOLUSDT,78,GATE_1_EXPIRED,f,Signal already expired,SKIPPED,2026-07-21 13:29:45.211799+00,
264051,2026-07-21 13:29:45.20214+00,49,SOLUSDT,65,GATE_1_EXPIRED,f,Signal already expired,SKIPPED,2026-07-21 13:29:45.20214+00,
264050,2026-07-21 13:29:45.195835+00,50,BTCUSDT,66,GATE_1_EXPIRED,f,Signal already expired,SKIPPED,2026-07-21 13:29:45.195835+00,
264049,2026-07-21 13:29:45.188309+00,51,ETHUSDT,63,GATE_1_EXPIRED,f,Signal already expired,SKIPPED,2026-07-21 13:29:45.188309+00,
264048,2026-07-21 13:29:30.264843+00,44,BTCUSDT,79,GATE_1_EXPIRED,f,Signal already expired,SKIPPED,2026-07-21 13:29:30.264843+00,
264047,2026-07-21 13:29:30.259005+00,45,XRPUSDT,63,GATE_1_EXPIRED,f,Signal already expired,SKIPPED,2026-07-21 13:29:30.259005+00,
264046,2026-07-21 13:29:30.253222+00,46,ETHUSDT,68,GATE_1_EXPIRED,f,Signal already expired,SKIPPED,2026-07-21 13:29:30.253222+00,
264045,2026-07-21 13:29:30.247474+00,47,SOLUSDT,78,GATE_1_EXPIRED,f,Signal already expired,SKIPPED,2026-07-21 13:29:30.247474+00,
264044,2026-07-21 13:29:30.241871+00,49,SOLUSDT,65,GATE_1_EXPIRED,f,Signal already expired,SKIPPED,2026-07-21 13:29:30.241871+00,
264043,2026-07-21 13:29:30.236003+00,50,BTCUSDT,66,GATE_1_EXPIRED,f,Signal already expired,SKIPPED,2026-07-21 13:29:30.236003+00,
264042,2026-07-21 13:29:30.225438+00,51,ETHUSDT,63,GATE_1_EXPIRED,f,Signal already expired,SKIPPED,2026-07-21 13:29:30.225438+00,
264041,2026-07-21 13:29:15.186325+00,44,BTCUSDT,79,GATE_1_EXPIRED,f,Signal already expired,SKIPPED,2026-07-21 13:29:15.186325+00,
264040,2026-07-21 13:29:15.183521+00,45,XRPUSDT,63,GATE_1_EXPIRED,f,Signal already expired,SKIPPED,2026-07-21 13:29:15.183521+00,
264039,2026-07-21 13:29:15.180713+00,46,ETHUSDT,68,GATE_1_EXPIRED,f,Signal already expired,SKIPPED,2026-07-21 13:29:15.180713+00,
264038,2026-07-21 13:29:15.178204+00,47,SOLUSDT,78,GATE_1_EXPIRED,f,Signal already expired,SKIPPED,2026-07-21 13:29:15.178204+00,
264037,2026-07-21 13:29:15.175226+00,49,SOLUSDT,65,GATE_1_EXPIRED,f,Signal already expired,SKIPPED,2026-07-21 13:29:15.175226+00,
264036,2026-07-21 13:29:15.172324+00,50,BTCUSDT,66,GATE_1_EXPIRED,f,Signal already expired,SKIPPED,2026-07-21 13:29:15.172324+00,
264035,2026-07-21 13:29:15.168283+00,51,ETHUSDT,63,GATE_1_EXPIRED,f,Signal already expired,SKIPPED,2026-07-21 13:29:15.168283+00,
264034,2026-07-21 13:29:00.194743+00,44,BTCUSDT,79,GATE_1_EXPIRED,f,Signal already expired,SKIPPED,2026-07-21 13:29:00.194743+00,
264033,2026-07-21 13:29:00.191984+00,45,XRPUSDT,63,GATE_1_EXPIRED,f,Signal already expired,SKIPPED,2026-07-21 13:29:00.191984+00,
264032,2026-07-21 13:29:00.189144+00,46,ETHUSDT,68,GATE_1_EXPIRED,f,Signal already expired,SKIPPED,2026-07-21 13:29:00.189144+00,
264031,2026-07-21 13:29:00.186482+00,47,SOLUSDT,78,GATE_1_EXPIRED,f,Signal already expired,SKIPPED,2026-07-21 13:29:00.186482+00,
264030,2026-07-21 13:29:00.183831+00,49,SOLUSDT,65,GATE_1_EXPIRED,f,Signal already expired,SKIPPED,2026-07-21 13:29:00.183831+00,
264029,2026-07-21 13:29:00.180894+00,50,BTCUSDT,66,GATE_1_EXPIRED,f,Signal already expired,SKIPPED,2026-07-21 13:29:00.180894+00,
264028,2026-07-21 13:29:00.176759+00,51,ETHUSDT,63,GATE_1_EXPIRED,f,Signal already expired,SKIPPED,2026-07-21 13:29:00.176759+00,
264027,2026-07-21 13:28:45.186666+00,44,BTCUSDT,79,GATE_1_EXPIRED,f,Signal already expired,SKIPPED,2026-07-21 13:28:45.186666+00,
264026,2026-07-21 13:28:45.183804+00,45,XRPUSDT,63,GATE_1_EXPIRED,f,Signal already expired,SKIPPED,2026-07-21 13:28:45.183804+00,
264025,2026-07-21 13:28:45.180953+00,46,ETHUSDT,68,GATE_1_EXPIRED,f,Signal already expired,SKIPPED,2026-07-21 13:28:45.180953+00,
264024,2026-07-21 13:28:45.177999+00,47,SOLUSDT,78,GATE_1_EXPIRED,f,Signal already expired,SKIPPED,2026-07-21 13:28:45.177999+00,
264023,2026-07-21 13:28:45.175041+00,49,SOLUSDT,65,GATE_1_EXPIRED,f,Signal already expired,SKIPPED,2026-07-21 13:28:45.175041+00,
264022,2026-07-21 13:28:45.17258+00,50,BTCUSDT,66,GATE_1_EXPIRED,f,Signal already expired,SKIPPED,2026-07-21 13:28:45.17258+00,
264021,2026-07-21 13:28:45.168348+00,51,ETHUSDT,63,GATE_1_EXPIRED,f,Signal already expired,SKIPPED,2026-07-21 13:28:45.168348+00,
264020,2026-07-21 13:28:30.198527+00,44,BTCUSDT,79,GATE_1_EXPIRED,f,Signal already expired,SKIPPED,2026-07-21 13:28:30.198527+00,
264019,2026-07-21 13:28:30.194776+00,45,XRPUSDT,63,GATE_1_EXPIRED,f,Signal already expired,SKIPPED,2026-07-21 13:28:30.194776+00,
264018,2026-07-21 13:28:30.191064+00,46,ETHUSDT,68,GATE_1_EXPIRED,f,Signal already expired,SKIPPED,2026-07-21 13:28:30.191064+00,
264017,2026-07-21 13:28:30.185197+00,47,SOLUSDT,78,GATE_1_EXPIRED,f,Signal already expired,SKIPPED,2026-07-21 13:28:30.185197+00,
264016,2026-07-21 13:28:30.181642+00,49,SOLUSDT,65,GATE_1_EXPIRED,f,Signal already expired,SKIPPED,2026-07-21 13:28:30.181642+00,
264015,2026-07-21 13:28:30.177977+00,50,BTCUSDT,66,GATE_1_EXPIRED,f,Signal already expired,SKIPPED,2026-07-21 13:28:30.177977+00,
264014,2026-07-21 13:28:30.172637+00,51,ETHUSDT,63,GATE_1_EXPIRED,f,Signal already expired,SKIPPED,2026-07-21 13:28:30.172637+00,
264013,2026-07-21 13:28:15.214597+00,44,BTCUSDT,79,GATE_1_EXPIRED,f,Signal already expired,SKIPPED,2026-07-21 13:28:15.214597+00,
264012,2026-07-21 13:28:15.21065+00,45,XRPUSDT,63,GATE_1_EXPIRED,f,Signal already expired,SKIPPED,2026-07-21 13:28:15.21065+00,
264011,2026-07-21 13:28:15.206798+00,46,ETHUSDT,68,GATE_1_EXPIRED,f,Signal already expired,SKIPPED,2026-07-21 13:28:15.206798+00,
264010,2026-07-21 13:28:15.202641+00,47,SOLUSDT,78,GATE_1_EXPIRED,f,Signal already expired,SKIPPED,2026-07-21 13:28:15.202641+00,
264009,2026-07-21 13:28:15.198141+00,49,SOLUSDT,65,GATE_1_EXPIRED,f,Signal already expired,SKIPPED,2026-07-21 13:28:15.198141+00,
264008,2026-07-21 13:28:15.194521+00,50,BTCUSDT,66,GATE_1_EXPIRED,f,Signal already expired,SKIPPED,2026-07-21 13:28:15.194521+00,
264007,2026-07-21 13:28:15.187448+00,51,ETHUSDT,63,GATE_1_EXPIRED,f,Signal already expired,SKIPPED,2026-07-21 13:28:15.187448+00,
264006,2026-07-21 13:28:00.220667+00,44,BTCUSDT,79,GATE_1_EXPIRED,f,Signal already expired,SKIPPED,2026-07-21 13:28:00.220667+00,
264005,2026-07-21 13:28:00.21771+00,45,XRPUSDT,63,GATE_1_EXPIRED,f,Signal already expired,SKIPPED,2026-07-21 13:28:00.21771+00,
264004,2026-07-21 13:28:00.215082+00,46,ETHUSDT,68,GATE_1_EXPIRED,f,Signal already expired,SKIPPED,2026-07-21 13:28:00.215082+00,
264003,2026-07-21 13:28:00.212192+00,47,SOLUSDT,78,GATE_1_EXPIRED,f,Signal already expired,SKIPPED,2026-07-21 13:28:00.212192+00,
264002,2026-07-21 13:28:00.207811+00,49,SOLUSDT,65,GATE_1_EXPIRED,f,Signal already expired,SKIPPED,2026-07-21 13:28:00.207811+00,
264001,2026-07-21 13:28:00.199833+00,50,BTCUSDT,66,GATE_1_EXPIRED,f,Signal already expired,SKIPPED,2026-07-21 13:28:00.199833+00,
264000,2026-07-21 13:28:00.192917+00,51,ETHUSDT,63,GATE_1_EXPIRED,f,Signal already expired,SKIPPED,2026-07-21 13:28:00.192917+00,
263999,2026-07-21 13:27:45.335291+00,44,BTCUSDT,79,GATE_1_EXPIRED,f,Signal already expired,SKIPPED,2026-07-21 13:27:45.335291+00,
263998,2026-07-21 13:27:45.329363+00,45,XRPUSDT,63,GATE_1_EXPIRED,f,Signal already expired,SKIPPED,2026-07-21 13:27:45.329363+00,
263997,2026-07-21 13:27:45.323859+00,46,ETHUSDT,68,GATE_1_EXPIRED,f,Signal already expired,SKIPPED,2026-07-21 13:27:45.323859+00,
263996,2026-07-21 13:27:45.306127+00,47,SOLUSDT,78,GATE_1_EXPIRED,f,Signal already expired,SKIPPED,2026-07-21 13:27:45.306127+00,
263995,2026-07-21 13:27:45.295195+00,49,SOLUSDT,65,GATE_1_EXPIRED,f,Signal already expired,SKIPPED,2026-07-21 13:27:45.295195+00,
263994,2026-07-21 13:27:45.28672+00,50,BTCUSDT,66,GATE_1_EXPIRED,f,Signal already expired,SKIPPED,2026-07-21 13:27:45.28672+00,
263993,2026-07-21 13:27:45.273212+00,51,ETHUSDT,63,GATE_1_EXPIRED,f,Signal already expired,SKIPPED,2026-07-21 13:27:45.273212+00,
263992,2026-07-21 13:27:30.199978+00,44,BTCUSDT,79,GATE_1_EXPIRED,f,Signal already expired,SKIPPED,2026-07-21 13:27:30.199978+00,
263991,2026-07-21 13:27:30.195353+00,45,XRPUSDT,63,GATE_1_EXPIRED,f,Signal already expired,SKIPPED,2026-07-21 13:27:30.195353+00,
263990,2026-07-21 13:27:30.190859+00,46,ETHUSDT,68,GATE_1_EXPIRED,f,Signal already expired,SKIPPED,2026-07-21 13:27:30.190859+00,
263989,2026-07-21 13:27:30.186098+00,47,SOLUSDT,78,GATE_1_EXPIRED,f,Signal already expired,SKIPPED,2026-07-21 13:27:30.186098+00,
263988,2026-07-21 13:27:30.181324+00,49,SOLUSDT,65,GATE_1_EXPIRED,f,Signal already expired,SKIPPED,2026-07-21 13:27:30.181324+00,
263987,2026-07-21 13:27:30.175407+00,50,BTCUSDT,66,GATE_1_EXPIRED,f,Signal already expired,SKIPPED,2026-07-21 13:27:30.175407+00,
263986,2026-07-21 13:27:30.168805+00,51,ETHUSDT,63,GATE_1_EXPIRED,f,Signal already expired,SKIPPED,2026-07-21 13:27:30.168805+00,
263985,2026-07-21 13:27:14.813219+00,44,BTCUSDT,79,GATE_1_EXPIRED,f,Signal already expired,SKIPPED,2026-07-21 13:27:14.813219+00,
263984,2026-07-21 13:27:14.801871+00,45,XRPUSDT,63,GATE_1_EXPIRED,f,Signal already expired,SKIPPED,2026-07-21 13:27:14.801871+00,
263983,2026-07-21 13:27:14.790992+00,46,ETHUSDT,68,GATE_1_EXPIRED,f,Signal already expired,SKIPPED,2026-07-21 13:27:14.790992+00,
263982,2026-07-21 13:27:14.783894+00,47,SOLUSDT,78,GATE_1_EXPIRED,f,Signal already expired,SKIPPED,2026-07-21 13:27:14.783894+00,
263981,2026-07-21 13:27:14.77424+00,49,SOLUSDT,65,GATE_1_EXPIRED,f,Signal already expired,SKIPPED,2026-07-21 13:27:14.77424+00,
263980,2026-07-21 13:27:14.72149+00,50,BTCUSDT,66,GATE_1_EXPIRED,f,Signal already expired,SKIPPED,2026-07-21 13:27:14.72149+00,
263979,2026-07-21 13:27:14.669775+00,51,ETHUSDT,63,GATE_1_EXPIRED,f,Signal already expired,SKIPPED,2026-07-21 13:27:14.669775+00,
263978,2026-07-21 13:13:30.636572+00,51,ETHUSDT,63,GATE_1_EXPIRED,f,Signal already expired,SKIPPED,2026-07-21 13:13:30.636572+00,
263977,2026-07-21 13:13:04.614204+00,44,BTCUSDT,79,GATE_1_EXPIRED,f,Signal already expired,SKIPPED,2026-07-21 13:13:04.614204+00,
263976,2026-07-21 13:13:04.604749+00,45,XRPUSDT,63,GATE_1_EXPIRED,f,Signal already expired,SKIPPED,2026-07-21 13:13:04.604749+00,
263975,2026-07-21 13:13:04.599631+00,46,ETHUSDT,68,GATE_1_EXPIRED,f,Signal already expired,SKIPPED,2026-07-21 13:13:04.599631+00,
263974,2026-07-21 13:13:04.585586+00,47,SOLUSDT,78,GATE_1_EXPIRED,f,Signal already expired,SKIPPED,2026-07-21 13:13:04.585586+00,
263973,2026-07-21 13:13:04.579856+00,49,SOLUSDT,65,GATE_1_EXPIRED,f,Signal already expired,SKIPPED,2026-07-21 13:13:04.579856+00,
263972,2026-07-21 13:13:04.569875+00,50,BTCUSDT,66,GATE_1_EXPIRED,f,Signal already expired,SKIPPED,2026-07-21 13:13:04.569875+00,
263971,2026-07-21 13:13:04.564071+00,51,ETHUSDT,63,GATE_1_EXPIRED,f,Signal already expired,SKIPPED,2026-07-21 13:13:04.564071+00,
263970,2026-07-21 13:12:49.232868+00,44,BTCUSDT,79,GATE_1_EXPIRED,f,Signal already expired,SKIPPED,2026-07-21 13:12:49.232868+00,
263969,2026-07-21 13:12:49.226935+00,45,XRPUSDT,63,GATE_1_EXPIRED,f,Signal already expired,SKIPPED,2026-07-21 13:12:49.226935+00,
263968,2026-07-21 13:12:49.223277+00,46,ETHUSDT,68,GATE_1_EXPIRED,f,Signal already expired,SKIPPED,2026-07-21 13:12:49.223277+00,
263967,2026-07-21 13:12:49.219857+00,47,SOLUSDT,78,GATE_1_EXPIRED,f,Signal already expired,SKIPPED,2026-07-21 13:12:49.219857+00,
263966,2026-07-21 13:12:49.204417+00,49,SOLUSDT,65,GATE_1_EXPIRED,f,Signal already expired,SKIPPED,2026-07-21 13:12:49.204417+00,
263965,2026-07-21 13:12:49.201579+00,50,BTCUSDT,66,GATE_1_EXPIRED,f,Signal already expired,SKIPPED,2026-07-21 13:12:49.201579+00,
263964,2026-07-21 13:12:49.192098+00,51,ETHUSDT,63,GATE_1_EXPIRED,f,Signal already expired,SKIPPED,2026-07-21 13:12:49.192098+00,
263963,2026-07-21 13:12:34.553842+00,44,BTCUSDT,79,GATE_1_EXPIRED,f,Signal already expired,SKIPPED,2026-07-21 13:12:34.553842+00,
263962,2026-07-21 13:12:34.531845+00,45,XRPUSDT,63,GATE_1_EXPIRED,f,Signal already expired,SKIPPED,2026-07-21 13:12:34.531845+00,
263961,2026-07-21 13:12:34.514362+00,46,ETHUSDT,68,GATE_1_EXPIRED,f,Signal already expired,SKIPPED,2026-07-21 13:12:34.514362+00,
263960,2026-07-21 13:12:34.500928+00,47,SOLUSDT,78,GATE_1_EXPIRED,f,Signal already expired,SKIPPED,2026-07-21 13:12:34.500928+00,
263959,2026-07-21 13:12:34.481492+00,49,SOLUSDT,65,GATE_1_EXPIRED,f,Signal already expired,SKIPPED,2026-07-21 13:12:34.481492+00,
263958,2026-07-21 13:12:34.470853+00,50,BTCUSDT,66,GATE_1_EXPIRED,f,Signal already expired,SKIPPED,2026-07-21 13:12:34.470853+00,
263957,2026-07-21 13:12:34.4501+00,51,ETHUSDT,63,GATE_1_EXPIRED,f,Signal already expired,SKIPPED,2026-07-21 13:12:34.4501+00,
263956,2026-07-21 13:12:19.27334+00,44,BTCUSDT,79,GATE_1_EXPIRED,f,Signal already expired,SKIPPED,2026-07-21 13:12:19.27334+00,
263955,2026-07-21 13:12:19.26679+00,45,XRPUSDT,63,GATE_1_EXPIRED,f,Signal already expired,SKIPPED,2026-07-21 13:12:19.26679+00,
263954,2026-07-21 13:12:19.260853+00,46,ETHUSDT,68,GATE_1_EXPIRED,f,Signal already expired,SKIPPED,2026-07-21 13:12:19.260853+00,
263953,2026-07-21 13:12:19.251845+00,47,SOLUSDT,78,GATE_1_EXPIRED,f,Signal already expired,SKIPPED,2026-07-21 13:12:19.251845+00,
263952,2026-07-21 13:12:19.243164+00,49,SOLUSDT,65,GATE_1_EXPIRED,f,Signal already expired,SKIPPED,2026-07-21 13:12:19.243164+00,
263951,2026-07-21 13:12:19.238849+00,50,BTCUSDT,66,GATE_1_EXPIRED,f,Signal already expired,SKIPPED,2026-07-21 13:12:19.238849+00,
263950,2026-07-21 13:12:19.230949+00,51,ETHUSDT,63,GATE_1_EXPIRED,f,Signal already expired,SKIPPED,2026-07-21 13:12:19.230949+00,
263949,2026-07-21 13:12:04.376442+00,44,BTCUSDT,79,GATE_1_EXPIRED,f,Signal already expired,SKIPPED,2026-07-21 13:12:04.376442+00,
263948,2026-07-21 13:12:04.370841+00,45,XRPUSDT,63,GATE_1_EXPIRED,f,Signal already expired,SKIPPED,2026-07-21 13:12:04.370841+00,
263947,2026-07-21 13:12:04.3665+00,46,ETHUSDT,68,GATE_1_EXPIRED,f,Signal already expired,SKIPPED,2026-07-21 13:12:04.3665+00,
263946,2026-07-21 13:12:04.361357+00,47,SOLUSDT,78,GATE_1_EXPIRED,f,Signal already expired,SKIPPED,2026-07-21 13:12:04.361357+00,
263945,2026-07-21 13:12:04.356345+00,49,SOLUSDT,65,GATE_1_EXPIRED,f,Signal already expired,SKIPPED,2026-07-21 13:12:04.356345+00,
263944,2026-07-21 13:12:04.352594+00,50,BTCUSDT,66,GATE_1_EXPIRED,f,Signal already expired,SKIPPED,2026-07-21 13:12:04.352594+00,
263943,2026-07-21 13:12:04.346289+00,51,ETHUSDT,63,GATE_1_EXPIRED,f,Signal already expired,SKIPPED,2026-07-21 13:12:04.346289+00,
263942,2026-07-21 13:11:49.272851+00,44,BTCUSDT,79,GATE_1_EXPIRED,f,Signal already expired,SKIPPED,2026-07-21 13:11:49.272851+00,
263941,2026-07-21 13:11:49.264289+00,45,XRPUSDT,63,GATE_1_EXPIRED,f,Signal already expired,SKIPPED,2026-07-21 13:11:49.264289+00,
263940,2026-07-21 13:11:49.257854+00,46,ETHUSDT,68,GATE_1_EXPIRED,f,Signal already expired,SKIPPED,2026-07-21 13:11:49.257854+00,
263939,2026-07-21 13:11:49.250063+00,47,SOLUSDT,78,GATE_1_EXPIRED,f,Signal already expired,SKIPPED,2026-07-21 13:11:49.250063+00,
263938,2026-07-21 13:11:49.244347+00,49,SOLUSDT,65,GATE_1_EXPIRED,f,Signal already expired,SKIPPED,2026-07-21 13:11:49.244347+00,
263937,2026-07-21 13:11:49.240133+00,50,BTCUSDT,66,GATE_1_EXPIRED,f,Signal already expired,SKIPPED,2026-07-21 13:11:49.240133+00,
263936,2026-07-21 13:11:49.231819+00,51,ETHUSDT,63,GATE_1_EXPIRED,f,Signal already expired,SKIPPED,2026-07-21 13:11:49.231819+00,
263935,2026-07-21 13:11:34.873434+00,44,BTCUSDT,79,GATE_1_EXPIRED,f,Signal already expired,SKIPPED,2026-07-21 13:11:34.873434+00,
263934,2026-07-21 13:11:34.867873+00,45,XRPUSDT,63,GATE_1_EXPIRED,f,Signal already expired,SKIPPED,2026-07-21 13:11:34.867873+00,
263933,2026-07-21 13:11:34.852832+00,46,ETHUSDT,68,GATE_1_EXPIRED,f,Signal already expired,SKIPPED,2026-07-21 13:11:34.852832+00,
263932,2026-07-21 13:11:34.849977+00,47,SOLUSDT,78,GATE_1_EXPIRED,f,Signal already expired,SKIPPED,2026-07-21 13:11:34.849977+00,
263931,2026-07-21 13:11:34.844899+00,49,SOLUSDT,65,GATE_1_EXPIRED,f,Signal already expired,SKIPPED,2026-07-21 13:11:34.844899+00,
263930,2026-07-21 13:11:34.807622+00,50,BTCUSDT,66,GATE_1_EXPIRED,f,Signal already expired,SKIPPED,2026-07-21 13:11:34.807622+00,
263929,2026-07-21 13:11:34.791944+00,51,ETHUSDT,63,GATE_1_EXPIRED,f,Signal already expired,SKIPPED,2026-07-21 13:11:34.791944+00,
263928,2026-07-21 13:11:19.614093+00,44,BTCUSDT,79,GATE_1_EXPIRED,f,Signal already expired,SKIPPED,2026-07-21 13:11:19.614093+00,
263927,2026-07-21 13:11:19.607168+00,45,XRPUSDT,63,GATE_1_EXPIRED,f,Signal already expired,SKIPPED,2026-07-21 13:11:19.607168+00,
263926,2026-07-21 13:11:19.601098+00,46,ETHUSDT,68,GATE_1_EXPIRED,f,Signal already expired,SKIPPED,2026-07-21 13:11:19.601098+00,
263925,2026-07-21 13:11:19.595504+00,47,SOLUSDT,78,GATE_1_EXPIRED,f,Signal already expired,SKIPPED,2026-07-21 13:11:19.595504+00,
263924,2026-07-21 13:11:19.587605+00,49,SOLUSDT,65,GATE_1_EXPIRED,f,Signal already expired,SKIPPED,2026-07-21 13:11:19.587605+00,
263923,2026-07-21 13:11:19.579133+00,50,BTCUSDT,66,GATE_1_EXPIRED,f,Signal already expired,SKIPPED,2026-07-21 13:11:19.579133+00,
263922,2026-07-21 13:11:19.564164+00,51,ETHUSDT,63,GATE_1_EXPIRED,f,Signal already expired,SKIPPED,2026-07-21 13:11:19.564164+00,
263921,2026-07-21 13:11:04.616506+00,44,BTCUSDT,79,GATE_1_EXPIRED,f,Signal already expired,SKIPPED,2026-07-21 13:11:04.616506+00,
263920,2026-07-21 13:11:04.613722+00,45,XRPUSDT,63,GATE_1_EXPIRED,f,Signal already expired,SKIPPED,2026-07-21 13:11:04.613722+00,
263919,2026-07-21 13:11:04.610143+00,46,ETHUSDT,68,GATE_1_EXPIRED,f,Signal already expired,SKIPPED,2026-07-21 13:11:04.610143+00,
263918,2026-07-21 13:11:04.605191+00,47,SOLUSDT,78,GATE_1_EXPIRED,f,Signal already expired,SKIPPED,2026-07-21 13:11:04.605191+00,
263917,2026-07-21 13:11:04.599743+00,49,SOLUSDT,65,GATE_1_EXPIRED,f,Signal already expired,SKIPPED,2026-07-21 13:11:04.599743+00,
263916,2026-07-21 13:11:04.595536+00,50,BTCUSDT,66,GATE_1_EXPIRED,f,Signal already expired,SKIPPED,2026-07-21 13:11:04.595536+00,
263915,2026-07-21 13:11:04.587848+00,51,ETHUSDT,63,GATE_1_EXPIRED,f,Signal already expired,SKIPPED,2026-07-21 13:11:04.587848+00,
263914,2026-07-21 13:10:49.458849+00,44,BTCUSDT,79,GATE_1_EXPIRED,f,Signal already expired,SKIPPED,2026-07-21 13:10:49.458849+00,
263913,2026-07-21 13:10:49.451268+00,45,XRPUSDT,63,GATE_1_EXPIRED,f,Signal already expired,SKIPPED,2026-07-21 13:10:49.451268+00,
263912,2026-07-21 13:10:49.446631+00,46,ETHUSDT,68,GATE_1_EXPIRED,f,Signal already expired,SKIPPED,2026-07-21 13:10:49.446631+00,
263911,2026-07-21 13:10:49.440617+00,47,SOLUSDT,78,GATE_1_EXPIRED,f,Signal already expired,SKIPPED,2026-07-21 13:10:49.440617+00,
263910,2026-07-21 13:10:49.43241+00,49,SOLUSDT,65,GATE_1_EXPIRED,f,Signal already expired,SKIPPED,2026-07-21 13:10:49.43241+00,
263909,2026-07-21 13:10:49.426094+00,50,BTCUSDT,66,GATE_1_EXPIRED,f,Signal already expired,SKIPPED,2026-07-21 13:10:49.426094+00,
263908,2026-07-21 13:10:49.417882+00,51,ETHUSDT,63,GATE_1_EXPIRED,f,Signal already expired,SKIPPED,2026-07-21 13:10:49.417882+00,
263907,2026-07-21 13:10:34.467062+00,44,BTCUSDT,79,GATE_1_EXPIRED,f,Signal already expired,SKIPPED,2026-07-21 13:10:34.467062+00,
263906,2026-07-21 13:10:34.449547+00,45,XRPUSDT,63,GATE_1_EXPIRED,f,Signal already expired,SKIPPED,2026-07-21 13:10:34.449547+00,
263905,2026-07-21 13:10:34.441587+00,46,ETHUSDT,68,GATE_1_EXPIRED,f,Signal already expired,SKIPPED,2026-07-21 13:10:34.441587+00,
263904,2026-07-21 13:10:34.424011+00,47,SOLUSDT,78,GATE_1_EXPIRED,f,Signal already expired,SKIPPED,2026-07-21 13:10:34.424011+00,
263903,2026-07-21 13:10:34.41965+00,49,SOLUSDT,65,GATE_1_EXPIRED,f,Signal already expired,SKIPPED,2026-07-21 13:10:34.41965+00,
263902,2026-07-21 13:10:34.412774+00,50,BTCUSDT,66,GATE_1_EXPIRED,f,Signal already expired,SKIPPED,2026-07-21 13:10:34.412774+00,
263901,2026-07-21 13:10:34.38225+00,51,ETHUSDT,63,GATE_1_EXPIRED,f,Signal already expired,SKIPPED,2026-07-21 13:10:34.38225+00,
263900,2026-07-21 13:10:29.593955+00,,ETHUSDT,57,GATE_0C_REGIME,f,RegimeGate: DQS 57 < 60 required for MIXED,REJECTED,2026-07-21 13:10:29.593955+00,73ca509d7ab9ce35
263899,2026-07-21 13:10:29.516905+00,,BNBUSDT,79,GATE_4C_RISK,f,RiskBudgetLedger full,REJECTED,2026-07-21 13:10:29.516905+00,1750d826c0a2942f
263898,2026-07-21 13:10:19.667551+00,44,BTCUSDT,79,GATE_1_EXPIRED,f,Signal already expired,SKIPPED,2026-07-21 13:10:19.667551+00,
263897,2026-07-21 13:10:19.646206+00,45,XRPUSDT,63,GATE_1_EXPIRED,f,Signal already expired,SKIPPED,2026-07-21 13:10:19.646206+00,
263896,2026-07-21 13:10:19.635862+00,46,ETHUSDT,68,GATE_1_EXPIRED,f,Signal already expired,SKIPPED,2026-07-21 13:10:19.635862+00,
263895,2026-07-21 13:10:19.631749+00,47,SOLUSDT,78,GATE_1_EXPIRED,f,Signal already expired,SKIPPED,2026-07-21 13:10:19.631749+00,
263894,2026-07-21 13:10:19.626384+00,49,SOLUSDT,65,GATE_1_EXPIRED,f,Signal already expired,SKIPPED,2026-07-21 13:10:19.626384+00,
263893,2026-07-21 13:10:19.61885+00,50,BTCUSDT,66,GATE_1_EXPIRED,f,Signal already expired,SKIPPED,2026-07-21 13:10:19.61885+00,
263892,2026-07-21 13:10:19.596904+00,51,ETHUSDT,63,GATE_1_EXPIRED,f,Signal already expired,SKIPPED,2026-07-21 13:10:19.596904+00,
263891,2026-07-21 13:10:04.479858+00,44,BTCUSDT,79,GATE_1_EXPIRED,f,Signal already expired,SKIPPED,2026-07-21 13:10:04.479858+00,
263890,2026-07-21 13:10:04.468842+00,45,XRPUSDT,63,GATE_1_EXPIRED,f,Signal already expired,SKIPPED,2026-07-21 13:10:04.468842+00,
263889,2026-07-21 13:10:04.459777+00,46,ETHUSDT,68,GATE_1_EXPIRED,f,Signal already expired,SKIPPED,2026-07-21 13:10:04.459777+00,
263888,2026-07-21 13:10:04.452947+00,47,SOLUSDT,78,GATE_1_EXPIRED,f,Signal already expired,SKIPPED,2026-07-21 13:10:04.452947+00,
263887,2026-07-21 13:10:04.448302+00,49,SOLUSDT,65,GATE_1_EXPIRED,f,Signal already expired,SKIPPED,2026-07-21 13:10:04.448302+00,
263886,2026-07-21 13:10:04.443234+00,50,BTCUSDT,66,GATE_1_EXPIRED,f,Signal already expired,SKIPPED,2026-07-21 13:10:04.443234+00,
263885,2026-07-21 13:10:04.433856+00,51,ETHUSDT,63,GATE_1_EXPIRED,f,Signal already expired,SKIPPED,2026-07-21 13:10:04.433856+00,
263884,2026-07-21 13:09:49.353113+00,44,BTCUSDT,79,GATE_1_EXPIRED,f,Signal already expired,SKIPPED,2026-07-21 13:09:49.353113+00,
263883,2026-07-21 13:09:49.346847+00,45,XRPUSDT,63,GATE_1_EXPIRED,f,Signal already expired,SKIPPED,2026-07-21 13:09:49.346847+00,
263882,2026-07-21 13:09:49.341359+00,46,ETHUSDT,68,GATE_1_EXPIRED,f,Signal already expired,SKIPPED,2026-07-21 13:09:49.341359+00,
263881,2026-07-21 13:09:49.335662+00,47,SOLUSDT,78,GATE_1_EXPIRED,f,Signal already expired,SKIPPED,2026-07-21 13:09:49.335662+00,
263880,2026-07-21 13:09:49.329669+00,49,SOLUSDT,65,GATE_1_EXPIRED,f,Signal already expired,SKIPPED,2026-07-21 13:09:49.329669+00,
263879,2026-07-21 13:09:49.323877+00,50,BTCUSDT,66,GATE_1_EXPIRED,f,Signal already expired,SKIPPED,2026-07-21 13:09:49.323877+00,
263878,2026-07-21 13:09:49.316242+00,51,ETHUSDT,63,GATE_1_EXPIRED,f,Signal already expired,SKIPPED,2026-07-21 13:09:49.316242+00,
263877,2026-07-21 13:09:34.137042+00,44,BTCUSDT,79,GATE_1_EXPIRED,f,Signal already expired,SKIPPED,2026-07-21 13:09:34.137042+00,
263876,2026-07-21 13:09:34.130908+00,45,XRPUSDT,63,GATE_1_EXPIRED,f,Signal already expired,SKIPPED,2026-07-21 13:09:34.130908+00,
263875,2026-07-21 13:09:34.124521+00,46,ETHUSDT,68,GATE_1_EXPIRED,f,Signal already expired,SKIPPED,2026-07-21 13:09:34.124521+00,
263874,2026-07-21 13:09:34.116887+00,47,SOLUSDT,78,GATE_1_EXPIRED,f,Signal already expired,SKIPPED,2026-07-21 13:09:34.116887+00,
263873,2026-07-21 13:09:34.110871+00,49,SOLUSDT,65,GATE_1_EXPIRED,f,Signal already expired,SKIPPED,2026-07-21 13:09:34.110871+00,
263872,2026-07-21 13:09:34.102527+00,50,BTCUSDT,66,GATE_1_EXPIRED,f,Signal already expired,SKIPPED,2026-07-21 13:09:34.102527+00,
263871,2026-07-21 13:09:34.091591+00,51,ETHUSDT,63,GATE_1_EXPIRED,f,Signal already expired,SKIPPED,2026-07-21 13:09:34.091591+00,
263870,2026-07-21 13:09:19.209518+00,44,BTCUSDT,79,GATE_1_EXPIRED,f,Signal already expired,SKIPPED,2026-07-21 13:09:19.209518+00,
263869,2026-07-21 13:09:19.197703+00,45,XRPUSDT,63,GATE_1_EXPIRED,f,Signal already expired,SKIPPED,2026-07-21 13:09:19.197703+00,
263868,2026-07-21 13:09:19.190457+00,46,ETHUSDT,68,GATE_1_EXPIRED,f,Signal already expired,SKIPPED,2026-07-21 13:09:19.190457+00,
263867,2026-07-21 13:09:19.181055+00,47,SOLUSDT,78,GATE_1_EXPIRED,f,Signal already expired,SKIPPED,2026-07-21 13:09:19.181055+00,
263866,2026-07-21 13:09:19.174282+00,49,SOLUSDT,65,GATE_1_EXPIRED,f,Signal already expired,SKIPPED,2026-07-21 13:09:19.174282+00,
263865,2026-07-21 13:09:19.164418+00,50,BTCUSDT,66,GATE_1_EXPIRED,f,Signal already expired,SKIPPED,2026-07-21 13:09:19.164418+00,
263864,2026-07-21 13:09:19.153009+00,51,ETHUSDT,63,GATE_1_EXPIRED,f,Signal already expired,SKIPPED,2026-07-21 13:09:19.153009+00,
263863,2026-07-21 13:09:04.108065+00,44,BTCUSDT,79,GATE_1_EXPIRED,f,Signal already expired,SKIPPED,2026-07-21 13:09:04.108065+00,
263862,2026-07-21 13:09:04.104298+00,45,XRPUSDT,63,GATE_1_EXPIRED,f,Signal already expired,SKIPPED,2026-07-21 13:09:04.104298+00,
263861,2026-07-21 13:09:04.097218+00,46,ETHUSDT,68,GATE_1_EXPIRED,f,Signal already expired,SKIPPED,2026-07-21 13:09:04.097218+00,
263860,2026-07-21 13:09:04.093403+00,47,SOLUSDT,78,GATE_1_EXPIRED,f,Signal already expired,SKIPPED,2026-07-21 13:09:04.093403+00,
263859,2026-07-21 13:09:04.089693+00,49,SOLUSDT,65,GATE_1_EXPIRED,f,Signal already expired,SKIPPED,2026-07-21 13:09:04.089693+00,
263858,2026-07-21 13:09:04.085847+00,50,BTCUSDT,66,GATE_1_EXPIRED,f,Signal already expired,SKIPPED,2026-07-21 13:09:04.085847+00,
263857,2026-07-21 13:09:04.080425+00,51,ETHUSDT,63,GATE_1_EXPIRED,f,Signal already expired,SKIPPED,2026-07-21 13:09:04.080425+00,
263856,2026-07-21 13:08:49.183113+00,44,BTCUSDT,79,GATE_1_EXPIRED,f,Signal already expired,SKIPPED,2026-07-21 13:08:49.183113+00,
263855,2026-07-21 13:08:49.174759+00,45,XRPUSDT,63,GATE_1_EXPIRED,f,Signal already expired,SKIPPED,2026-07-21 13:08:49.174759+00,
263854,2026-07-21 13:08:49.169483+00,46,ETHUSDT,68,GATE_1_EXPIRED,f,Signal already expired,SKIPPED,2026-07-21 13:08:49.169483+00,
263853,2026-07-21 13:08:49.164328+00,47,SOLUSDT,78,GATE_1_EXPIRED,f,Signal already expired,SKIPPED,2026-07-21 13:08:49.164328+00,
263852,2026-07-21 13:08:49.154881+00,49,SOLUSDT,65,GATE_1_EXPIRED,f,Signal already expired,SKIPPED,2026-07-21 13:08:49.154881+00,
263851,2026-07-21 13:08:49.142227+00,50,BTCUSDT,66,GATE_1_EXPIRED,f,Signal already expired,SKIPPED,2026-07-21 13:08:49.142227+00,
263850,2026-07-21 13:08:49.128888+00,51,ETHUSDT,63,GATE_1_EXPIRED,f,Signal already expired,SKIPPED,2026-07-21 13:08:49.128888+00,
263849,2026-07-21 13:08:34.128306+00,44,BTCUSDT,79,GATE_1_EXPIRED,f,Signal already expired,SKIPPED,2026-07-21 13:08:34.128306+00,
263848,2026-07-21 13:08:34.124459+00,45,XRPUSDT,63,GATE_1_EXPIRED,f,Signal already expired,SKIPPED,2026-07-21 13:08:34.124459+00,
263847,2026-07-21 13:08:34.120377+00,46,ETHUSDT,68,GATE_1_EXPIRED,f,Signal already expired,SKIPPED,2026-07-21 13:08:34.120377+00,
263846,2026-07-21 13:08:34.116534+00,47,SOLUSDT,78,GATE_1_EXPIRED,f,Signal already expired,SKIPPED,2026-07-21 13:08:34.116534+00,
263845,2026-07-21 13:08:34.10697+00,49,SOLUSDT,65,GATE_1_EXPIRED,f,Signal already expired,SKIPPED,2026-07-21 13:08:34.10697+00,
263844,2026-07-21 13:08:34.095944+00,50,BTCUSDT,66,GATE_1_EXPIRED,f,Signal already expired,SKIPPED,2026-07-21 13:08:34.095944+00,
263843,2026-07-21 13:08:34.080852+00,51,ETHUSDT,63,GATE_1_EXPIRED,f,Signal already expired,SKIPPED,2026-07-21 13:08:34.080852+00,
263842,2026-07-21 13:08:19.279585+00,44,BTCUSDT,79,GATE_1_EXPIRED,f,Signal already expired,SKIPPED,2026-07-21 13:08:19.279585+00,
263841,2026-07-21 13:08:19.269902+00,45,XRPUSDT,63,GATE_1_EXPIRED,f,Signal already expired,SKIPPED,2026-07-21 13:08:19.269902+00,
263840,2026-07-21 13:08:19.263392+00,46,ETHUSDT,68,GATE_1_EXPIRED,f,Signal already expired,SKIPPED,2026-07-21 13:08:19.263392+00,
263839,2026-07-21 13:08:19.257094+00,47,SOLUSDT,78,GATE_1_EXPIRED,f,Signal already expired,SKIPPED,2026-07-21 13:08:19.257094+00,
263838,2026-07-21 13:08:19.249501+00,49,SOLUSDT,65,GATE_1_EXPIRED,f,Signal already expired,SKIPPED,2026-07-21 13:08:19.249501+00,
263837,2026-07-21 13:08:19.244101+00,50,BTCUSDT,66,GATE_1_EXPIRED,f,Signal already expired,SKIPPED,2026-07-21 13:08:19.244101+00,
263836,2026-07-21 13:08:19.230853+00,51,ETHUSDT,63,GATE_1_EXPIRED,f,Signal already expired,SKIPPED,2026-07-21 13:08:19.230853+00,
263835,2026-07-21 13:08:04.256362+00,44,BTCUSDT,79,GATE_1_EXPIRED,f,Signal already expired,SKIPPED,2026-07-21 13:08:04.256362+00,
263834,2026-07-21 13:08:04.249097+00,45,XRPUSDT,63,GATE_1_EXPIRED,f,Signal already expired,SKIPPED,2026-07-21 13:08:04.249097+00,
263833,2026-07-21 13:08:04.237666+00,46,ETHUSDT,68,GATE_1_EXPIRED,f,Signal already expired,SKIPPED,2026-07-21 13:08:04.237666+00,
263832,2026-07-21 13:08:04.219167+00,47,SOLUSDT,78,GATE_1_EXPIRED,f,Signal already expired,SKIPPED,2026-07-21 13:08:04.219167+00,
263831,2026-07-21 13:08:04.210314+00,49,SOLUSDT,65,GATE_1_EXPIRED,f,Signal already expired,SKIPPED,2026-07-21 13:08:04.210314+00,
263830,2026-07-21 13:08:04.201915+00,50,BTCUSDT,66,GATE_1_EXPIRED,f,Signal already expired,SKIPPED,2026-07-21 13:08:04.201915+00,
263829,2026-07-21 13:08:04.187267+00,51,ETHUSDT,63,GATE_1_EXPIRED,f,Signal already expired,SKIPPED,2026-07-21 13:08:04.187267+00,
263828,2026-07-21 13:07:49.221413+00,44,BTCUSDT,79,GATE_1_EXPIRED,f,Signal already expired,SKIPPED,2026-07-21 13:07:49.221413+00,
263827,2026-07-21 13:07:49.206944+00,45,XRPUSDT,63,GATE_1_EXPIRED,f,Signal already expired,SKIPPED,2026-07-21 13:07:49.206944+00,
263826,2026-07-21 13:07:49.199914+00,46,ETHUSDT,68,GATE_1_EXPIRED,f,Signal already expired,SKIPPED,2026-07-21 13:07:49.199914+00,
263825,2026-07-21 13:07:49.192319+00,47,SOLUSDT,78,GATE_1_EXPIRED,f,Signal already expired,SKIPPED,2026-07-21 13:07:49.192319+00,
263824,2026-07-21 13:07:49.186069+00,49,SOLUSDT,65,GATE_1_EXPIRED,f,Signal already expired,SKIPPED,2026-07-21 13:07:49.186069+00,
263823,2026-07-21 13:07:49.172714+00,50,BTCUSDT,66,GATE_1_EXPIRED,f,Signal already expired,SKIPPED,2026-07-21 13:07:49.172714+00,
263822,2026-07-21 13:07:49.157896+00,51,ETHUSDT,63,GATE_1_EXPIRED,f,Signal already expired,SKIPPED,2026-07-21 13:07:49.157896+00,
263821,2026-07-21 13:07:34.407376+00,44,BTCUSDT,79,GATE_1_EXPIRED,f,Signal already expired,SKIPPED,2026-07-21 13:07:34.407376+00,
263820,2026-07-21 13:07:34.403605+00,45,XRPUSDT,63,GATE_1_EXPIRED,f,Signal already expired,SKIPPED,2026-07-21 13:07:34.403605+00,
263819,2026-07-21 13:07:34.398586+00,46,ETHUSDT,68,GATE_1_EXPIRED,f,Signal already expired,SKIPPED,2026-07-21 13:07:34.398586+00,
263818,2026-07-21 13:07:34.386087+00,47,SOLUSDT,78,GATE_1_EXPIRED,f,Signal already expired,SKIPPED,2026-07-21 13:07:34.386087+00,
263817,2026-07-21 13:07:34.381203+00,49,SOLUSDT,65,GATE_1_EXPIRED,f,Signal already expired,SKIPPED,2026-07-21 13:07:34.381203+00,
263816,2026-07-21 13:07:34.371422+00,50,BTCUSDT,66,GATE_1_EXPIRED,f,Signal already expired,SKIPPED,2026-07-21 13:07:34.371422+00,
263815,2026-07-21 13:07:34.361584+00,51,ETHUSDT,63,GATE_1_EXPIRED,f,Signal already expired,SKIPPED,2026-07-21 13:07:34.361584+00,
263814,2026-07-21 13:07:19.211927+00,44,BTCUSDT,79,GATE_1_EXPIRED,f,Signal already expired,SKIPPED,2026-07-21 13:07:19.211927+00,
263813,2026-07-21 13:07:19.190422+00,45,XRPUSDT,63,GATE_1_EXPIRED,f,Signal already expired,SKIPPED,2026-07-21 13:07:19.190422+00,
263812,2026-07-21 13:07:19.184621+00,46,ETHUSDT,68,GATE_1_EXPIRED,f,Signal already expired,SKIPPED,2026-07-21 13:07:19.184621+00,
263811,2026-07-21 13:07:19.179883+00,47,SOLUSDT,78,GATE_1_EXPIRED,f,Signal already expired,SKIPPED,2026-07-21 13:07:19.179883+00,
263810,2026-07-21 13:07:19.174228+00,49,SOLUSDT,65,GATE_1_EXPIRED,f,Signal already expired,SKIPPED,2026-07-21 13:07:19.174228+00,
263809,2026-07-21 13:07:19.168704+00,50,BTCUSDT,66,GATE_1_EXPIRED,f,Signal already expired,SKIPPED,2026-07-21 13:07:19.168704+00,
263808,2026-07-21 13:07:19.16104+00,51,ETHUSDT,63,GATE_1_EXPIRED,f,Signal already expired,SKIPPED,2026-07-21 13:07:19.16104+00,
263807,2026-07-21 13:07:04.310866+00,44,BTCUSDT,79,GATE_1_EXPIRED,f,Signal already expired,SKIPPED,2026-07-21 13:07:04.310866+00,
263806,2026-07-21 13:07:04.293757+00,45,XRPUSDT,63,GATE_1_EXPIRED,f,Signal already expired,SKIPPED,2026-07-21 13:07:04.293757+00,
263805,2026-07-21 13:07:04.281257+00,46,ETHUSDT,68,GATE_1_EXPIRED,f,Signal already expired,SKIPPED,2026-07-21 13:07:04.281257+00,
263804,2026-07-21 13:07:04.264464+00,47,SOLUSDT,78,GATE_1_EXPIRED,f,Signal already expired,SKIPPED,2026-07-21 13:07:04.264464+00,
263803,2026-07-21 13:07:04.252987+00,49,SOLUSDT,65,GATE_1_EXPIRED,f,Signal already expired,SKIPPED,2026-07-21 13:07:04.252987+00,
263802,2026-07-21 13:07:04.243883+00,50,BTCUSDT,66,GATE_1_EXPIRED,f,Signal already expired,SKIPPED,2026-07-21 13:07:04.243883+00,
263801,2026-07-21 13:07:04.226691+00,51,ETHUSDT,63,GATE_1_EXPIRED,f,Signal already expired,SKIPPED,2026-07-21 13:07:04.226691+00,
263800,2026-07-21 13:06:49.168575+00,44,BTCUSDT,79,GATE_1_EXPIRED,f,Signal already expired,SKIPPED,2026-07-21 13:06:49.168575+00,
263799,2026-07-21 13:06:49.161798+00,45,XRPUSDT,63,GATE_1_EXPIRED,f,Signal already expired,SKIPPED,2026-07-21 13:06:49.161798+00,
263798,2026-07-21 13:06:49.156345+00,46,ETHUSDT,68,GATE_1_EXPIRED,f,Signal already expired,SKIPPED,2026-07-21 13:06:49.156345+00,
263797,2026-07-21 13:06:49.150308+00,47,SOLUSDT,78,GATE_1_EXPIRED,f,Signal already expired,SKIPPED,2026-07-21 13:06:49.150308+00,
263796,2026-07-21 13:06:49.140749+00,49,SOLUSDT,65,GATE_1_EXPIRED,f,Signal already expired,SKIPPED,2026-07-21 13:06:49.140749+00,
263795,2026-07-21 13:06:49.135653+00,50,BTCUSDT,66,GATE_1_EXPIRED,f,Signal already expired,SKIPPED,2026-07-21 13:06:49.135653+00,
263794,2026-07-21 13:06:49.125067+00,51,ETHUSDT,63,GATE_1_EXPIRED,f,Signal already expired,SKIPPED,2026-07-21 13:06:49.125067+00,
263793,2026-07-21 13:06:34.280103+00,44,BTCUSDT,79,GATE_1_EXPIRED,f,Signal already expired,SKIPPED,2026-07-21 13:06:34.280103+00,
263792,2026-07-21 13:06:34.273848+00,45,XRPUSDT,63,GATE_1_EXPIRED,f,Signal already expired,SKIPPED,2026-07-21 13:06:34.273848+00,
263791,2026-07-21 13:06:34.267672+00,46,ETHUSDT,68,GATE_1_EXPIRED,f,Signal already expired,SKIPPED,2026-07-21 13:06:34.267672+00,
263790,2026-07-21 13:06:34.259618+00,47,SOLUSDT,78,GATE_1_EXPIRED,f,Signal already expired,SKIPPED,2026-07-21 13:06:34.259618+00,
263789,2026-07-21 13:06:34.244852+00,49,SOLUSDT,65,GATE_1_EXPIRED,f,Signal already expired,SKIPPED,2026-07-21 13:06:34.244852+00,
263788,2026-07-21 13:06:34.235324+00,50,BTCUSDT,66,GATE_1_EXPIRED,f,Signal already expired,SKIPPED,2026-07-21 13:06:34.235324+00,
263787,2026-07-21 13:06:34.219091+00,51,ETHUSDT,63,GATE_1_EXPIRED,f,Signal already expired,SKIPPED,2026-07-21 13:06:34.219091+00,
263786,2026-07-21 13:06:19.109872+00,44,BTCUSDT,79,GATE_1_EXPIRED,f,Signal already expired,SKIPPED,2026-07-21 13:06:19.109872+00,
263785,2026-07-21 13:06:19.103458+00,45,XRPUSDT,63,GATE_1_EXPIRED,f,Signal already expired,SKIPPED,2026-07-21 13:06:19.103458+00,
263784,2026-07-21 13:06:19.098177+00,46,ETHUSDT,68,GATE_1_EXPIRED,f,Signal already expired,SKIPPED,2026-07-21 13:06:19.098177+00,
263783,2026-07-21 13:06:19.08678+00,47,SOLUSDT,78,GATE_1_EXPIRED,f,Signal already expired,SKIPPED,2026-07-21 13:06:19.08678+00,
263782,2026-07-21 13:06:19.080027+00,49,SOLUSDT,65,GATE_1_EXPIRED,f,Signal already expired,SKIPPED,2026-07-21 13:06:19.080027+00,
263781,2026-07-21 13:06:19.071698+00,50,BTCUSDT,66,GATE_1_EXPIRED,f,Signal already expired,SKIPPED,2026-07-21 13:06:19.071698+00,
263780,2026-07-21 13:06:19.061615+00,51,ETHUSDT,63,GATE_1_EXPIRED,f,Signal already expired,SKIPPED,2026-07-21 13:06:19.061615+00,
263779,2026-07-21 13:06:04.100277+00,44,BTCUSDT,79,GATE_1_EXPIRED,f,Signal already expired,SKIPPED,2026-07-21 13:06:04.100277+00,
263778,2026-07-21 13:06:04.094784+00,45,XRPUSDT,63,GATE_1_EXPIRED,f,Signal already expired,SKIPPED,2026-07-21 13:06:04.094784+00,
263777,2026-07-21 13:06:04.089384+00,46,ETHUSDT,68,GATE_1_EXPIRED,f,Signal already expired,SKIPPED,2026-07-21 13:06:04.089384+00,
263776,2026-07-21 13:06:04.080926+00,47,SOLUSDT,78,GATE_1_EXPIRED,f,Signal already expired,SKIPPED,2026-07-21 13:06:04.080926+00,
263775,2026-07-21 13:06:04.066884+00,49,SOLUSDT,65,GATE_1_EXPIRED,f,Signal already expired,SKIPPED,2026-07-21 13:06:04.066884+00,
263774,2026-07-21 13:06:04.058851+00,50,BTCUSDT,66,GATE_1_EXPIRED,f,Signal already expired,SKIPPED,2026-07-21 13:06:04.058851+00,
263773,2026-07-21 13:06:04.046055+00,51,ETHUSDT,63,GATE_1_EXPIRED,f,Signal already expired,SKIPPED,2026-07-21 13:06:04.046055+00,
263772,2026-07-21 13:05:49.064578+00,44,BTCUSDT,79,GATE_1_EXPIRED,f,Signal already expired,SKIPPED,2026-07-21 13:05:49.064578+00,
263771,2026-07-21 13:05:49.060389+00,45,XRPUSDT,63,GATE_1_EXPIRED,f,Signal already expired,SKIPPED,2026-07-21 13:05:49.060389+00,
263770,2026-07-21 13:05:49.054848+00,46,ETHUSDT,68,GATE_1_EXPIRED,f,Signal already expired,SKIPPED,2026-07-21 13:05:49.054848+00,
263769,2026-07-21 13:05:49.048953+00,47,SOLUSDT,78,GATE_1_EXPIRED,f,Signal already expired,SKIPPED,2026-07-21 13:05:49.048953+00,
263768,2026-07-21 13:05:49.045158+00,49,SOLUSDT,65,GATE_1_EXPIRED,f,Signal already expired,SKIPPED,2026-07-21 13:05:49.045158+00,
263767,2026-07-21 13:05:49.038478+00,50,BTCUSDT,66,GATE_1_EXPIRED,f,Signal already expired,SKIPPED,2026-07-21 13:05:49.038478+00,
263766,2026-07-21 13:05:49.027735+00,51,ETHUSDT,63,GATE_1_EXPIRED,f,Signal already expired,SKIPPED,2026-07-21 13:05:49.027735+00,
263765,2026-07-21 13:05:34.178216+00,44,BTCUSDT,79,GATE_1_EXPIRED,f,Signal already expired,SKIPPED,2026-07-21 13:05:34.178216+00,
263764,2026-07-21 13:05:34.16886+00,45,XRPUSDT,63,GATE_1_EXPIRED,f,Signal already expired,SKIPPED,2026-07-21 13:05:34.16886+00,
263763,2026-07-21 13:05:34.16096+00,46,ETHUSDT,68,GATE_1_EXPIRED,f,Signal already expired,SKIPPED,2026-07-21 13:05:34.16096+00,
263762,2026-07-21 13:05:34.154274+00,47,SOLUSDT,78,GATE_1_EXPIRED,f,Signal already expired,SKIPPED,2026-07-21 13:05:34.154274+00,
263761,2026-07-21 13:05:34.149357+00,49,SOLUSDT,65,GATE_1_EXPIRED,f,Signal already expired,SKIPPED,2026-07-21 13:05:34.149357+00,
263760,2026-07-21 13:05:34.136508+00,50,BTCUSDT,66,GATE_1_EXPIRED,f,Signal already expired,SKIPPED,2026-07-21 13:05:34.136508+00,
263759,2026-07-21 13:05:34.124532+00,51,ETHUSDT,63,GATE_1_EXPIRED,f,Signal already expired,SKIPPED,2026-07-21 13:05:34.124532+00,
263758,2026-07-21 13:05:19.164794+00,44,BTCUSDT,79,GATE_1_EXPIRED,f,Signal already expired,SKIPPED,2026-07-21 13:05:19.164794+00,
263757,2026-07-21 13:05:19.158378+00,45,XRPUSDT,63,GATE_1_EXPIRED,f,Signal already expired,SKIPPED,2026-07-21 13:05:19.158378+00,
263756,2026-07-21 13:05:19.153066+00,46,ETHUSDT,68,GATE_1_EXPIRED,f,Signal already expired,SKIPPED,2026-07-21 13:05:19.153066+00,
263755,2026-07-21 13:05:19.147926+00,47,SOLUSDT,78,GATE_1_EXPIRED,f,Signal already expired,SKIPPED,2026-07-21 13:05:19.147926+00,
263754,2026-07-21 13:05:19.143262+00,49,SOLUSDT,65,GATE_1_EXPIRED,f,Signal already expired,SKIPPED,2026-07-21 13:05:19.143262+00,
263753,2026-07-21 13:05:19.137124+00,50,BTCUSDT,66,GATE_1_EXPIRED,f,Signal already expired,SKIPPED,2026-07-21 13:05:19.137124+00,
263752,2026-07-21 13:05:19.113342+00,51,ETHUSDT,63,GATE_1_EXPIRED,f,Signal already expired,SKIPPED,2026-07-21 13:05:19.113342+00,
263751,2026-07-21 13:05:04.184569+00,44,BTCUSDT,79,GATE_1_EXPIRED,f,Signal already expired,SKIPPED,2026-07-21 13:05:04.184569+00,
263750,2026-07-21 13:05:04.176636+00,45,XRPUSDT,63,GATE_1_EXPIRED,f,Signal already expired,SKIPPED,2026-07-21 13:05:04.176636+00,
263749,2026-07-21 13:05:04.168267+00,46,ETHUSDT,68,GATE_1_EXPIRED,f,Signal already expired,SKIPPED,2026-07-21 13:05:04.168267+00,
263748,2026-07-21 13:05:04.161875+00,47,SOLUSDT,78,GATE_1_EXPIRED,f,Signal already expired,SKIPPED,2026-07-21 13:05:04.161875+00,
263747,2026-07-21 13:05:04.152555+00,49,SOLUSDT,65,GATE_1_EXPIRED,f,Signal already expired,SKIPPED,2026-07-21 13:05:04.152555+00,
263746,2026-07-21 13:05:04.142389+00,50,BTCUSDT,66,GATE_1_EXPIRED,f,Signal already expired,SKIPPED,2026-07-21 13:05:04.142389+00,
263745,2026-07-21 13:05:04.128169+00,51,ETHUSDT,63,GATE_1_EXPIRED,f,Signal already expired,SKIPPED,2026-07-21 13:05:04.128169+00,
263744,2026-07-21 13:04:52.345703+00,,ETHUSDT,57,GATE_0C_REGIME,f,RegimeGate: DQS 57 < 60 required for MIXED,REJECTED,2026-07-21 13:04:52.345703+00,54c9127053234814
263743,2026-07-21 13:04:52.291024+00,,BNBUSDT,79,GATE_4C_RISK,f,RiskBudgetLedger full,REJECTED,2026-07-21 13:04:52.291024+00,0d52d7635ab8937b
263742,2026-07-21 13:04:49.078338+00,44,BTCUSDT,79,GATE_1_EXPIRED,f,Signal already expired,SKIPPED,2026-07-21 13:04:49.078338+00,
263741,2026-07-21 13:04:49.074324+00,45,XRPUSDT,63,GATE_1_EXPIRED,f,Signal already expired,SKIPPED,2026-07-21 13:04:49.074324+00,
263740,2026-07-21 13:04:49.06686+00,46,ETHUSDT,68,GATE_1_EXPIRED,f,Signal already expired,SKIPPED,2026-07-21 13:04:49.06686+00,
263739,2026-07-21 13:04:49.059361+00,47,SOLUSDT,78,GATE_1_EXPIRED,f,Signal already expired,SKIPPED,2026-07-21 13:04:49.059361+00,
263738,2026-07-21 13:04:49.055027+00,49,SOLUSDT,65,GATE_1_EXPIRED,f,Signal already expired,SKIPPED,2026-07-21 13:04:49.055027+00,
263737,2026-07-21 13:04:49.05017+00,50,BTCUSDT,66,GATE_1_EXPIRED,f,Signal already expired,SKIPPED,2026-07-21 13:04:49.05017+00,
263736,2026-07-21 13:04:49.043705+00,51,ETHUSDT,63,GATE_1_EXPIRED,f,Signal already expired,SKIPPED,2026-07-21 13:04:49.043705+00,
263735,2026-07-21 13:04:34.103334+00,44,BTCUSDT,79,GATE_1_EXPIRED,f,Signal already expired,SKIPPED,2026-07-21 13:04:34.103334+00,
263734,2026-07-21 13:04:34.09927+00,45,XRPUSDT,63,GATE_1_EXPIRED,f,Signal already expired,SKIPPED,2026-07-21 13:04:34.09927+00,
263733,2026-07-21 13:04:34.086244+00,46,ETHUSDT,68,GATE_1_EXPIRED,f,Signal already expired,SKIPPED,2026-07-21 13:04:34.086244+00,
263732,2026-07-21 13:04:34.0768+00,47,SOLUSDT,78,GATE_1_EXPIRED,f,Signal already expired,SKIPPED,2026-07-21 13:04:34.0768+00,
263731,2026-07-21 13:04:34.068189+00,49,SOLUSDT,65,GATE_1_EXPIRED,f,Signal already expired,SKIPPED,2026-07-21 13:04:34.068189+00,
263730,2026-07-21 13:04:34.056327+00,50,BTCUSDT,66,GATE_1_EXPIRED,f,Signal already expired,SKIPPED,2026-07-21 13:04:34.056327+00,
263729,2026-07-21 13:04:34.041877+00,51,ETHUSDT,63,GATE_1_EXPIRED,f,Signal already expired,SKIPPED,2026-07-21 13:04:34.041877+00,
263728,2026-07-21 13:04:19.047+00,44,BTCUSDT,79,GATE_1_EXPIRED,f,Signal already expired,SKIPPED,2026-07-21 13:04:19.047+00,
263727,2026-07-21 13:04:19.043111+00,45,XRPUSDT,63,GATE_1_EXPIRED,f,Signal already expired,SKIPPED,2026-07-21 13:04:19.043111+00,
263726,2026-07-21 13:04:19.037794+00,46,ETHUSDT,68,GATE_1_EXPIRED,f,Signal already expired,SKIPPED,2026-07-21 13:04:19.037794+00,
263725,2026-07-21 13:04:19.032867+00,47,SOLUSDT,78,GATE_1_EXPIRED,f,Signal already expired,SKIPPED,2026-07-21 13:04:19.032867+00,
263724,2026-07-21 13:04:19.029144+00,49,SOLUSDT,65,GATE_1_EXPIRED,f,Signal already expired,SKIPPED,2026-07-21 13:04:19.029144+00,
263723,2026-07-21 13:04:19.023725+00,50,BTCUSDT,66,GATE_1_EXPIRED,f,Signal already expired,SKIPPED,2026-07-21 13:04:19.023725+00,
263722,2026-07-21 13:04:19.015702+00,51,ETHUSDT,63,GATE_1_EXPIRED,f,Signal already expired,SKIPPED,2026-07-21 13:04:19.015702+00,
263721,2026-07-21 13:04:04.120391+00,44,BTCUSDT,79,GATE_1_EXPIRED,f,Signal already expired,SKIPPED,2026-07-21 13:04:04.120391+00,
263720,2026-07-21 13:04:04.114291+00,45,XRPUSDT,63,GATE_1_EXPIRED,f,Signal already expired,SKIPPED,2026-07-21 13:04:04.114291+00,
263719,2026-07-21 13:04:04.109986+00,46,ETHUSDT,68,GATE_1_EXPIRED,f,Signal already expired,SKIPPED,2026-07-21 13:04:04.109986+00,
263718,2026-07-21 13:04:04.105844+00,47,SOLUSDT,78,GATE_1_EXPIRED,f,Signal already expired,SKIPPED,2026-07-21 13:04:04.105844+00,
263717,2026-07-21 13:04:04.100985+00,49,SOLUSDT,65,GATE_1_EXPIRED,f,Signal already expired,SKIPPED,2026-07-21 13:04:04.100985+00,
263716,2026-07-21 13:04:04.095946+00,50,BTCUSDT,66,GATE_1_EXPIRED,f,Signal already expired,SKIPPED,2026-07-21 13:04:04.095946+00,
263715,2026-07-21 13:04:04.076125+00,51,ETHUSDT,63,GATE_1_EXPIRED,f,Signal already expired,SKIPPED,2026-07-21 13:04:04.076125+00,
263714,2026-07-21 13:03:49.070411+00,44,BTCUSDT,79,GATE_1_EXPIRED,f,Signal already expired,SKIPPED,2026-07-21 13:03:49.070411+00,
263713,2026-07-21 13:03:49.065776+00,45,XRPUSDT,63,GATE_1_EXPIRED,f,Signal already expired,SKIPPED,2026-07-21 13:03:49.065776+00,
263712,2026-07-21 13:03:49.061526+00,46,ETHUSDT,68,GATE_1_EXPIRED,f,Signal already expired,SKIPPED,2026-07-21 13:03:49.061526+00,
263711,2026-07-21 13:03:49.055891+00,47,SOLUSDT,78,GATE_1_EXPIRED,f,Signal already expired,SKIPPED,2026-07-21 13:03:49.055891+00,
263710,2026-07-21 13:03:49.051086+00,49,SOLUSDT,65,GATE_1_EXPIRED,f,Signal already expired,SKIPPED,2026-07-21 13:03:49.051086+00,
263709,2026-07-21 13:03:49.04392+00,50,BTCUSDT,66,GATE_1_EXPIRED,f,Signal already expired,SKIPPED,2026-07-21 13:03:49.04392+00,
263708,2026-07-21 13:03:49.036848+00,51,ETHUSDT,63,GATE_1_EXPIRED,f,Signal already expired,SKIPPED,2026-07-21 13:03:49.036848+00,
263707,2026-07-21 13:03:34.118271+00,44,BTCUSDT,79,GATE_1_EXPIRED,f,Signal already expired,SKIPPED,2026-07-21 13:03:34.118271+00,
263706,2026-07-21 13:03:34.11163+00,45,XRPUSDT,63,GATE_1_EXPIRED,f,Signal already expired,SKIPPED,2026-07-21 13:03:34.11163+00,
263705,2026-07-21 13:03:34.107592+00,46,ETHUSDT,68,GATE_1_EXPIRED,f,Signal already expired,SKIPPED,2026-07-21 13:03:34.107592+00,
263704,2026-07-21 13:03:34.103346+00,47,SOLUSDT,78,GATE_1_EXPIRED,f,Signal already expired,SKIPPED,2026-07-21 13:03:34.103346+00,
263703,2026-07-21 13:03:34.09631+00,49,SOLUSDT,65,GATE_1_EXPIRED,f,Signal already expired,SKIPPED,2026-07-21 13:03:34.09631+00,
263702,2026-07-21 13:03:34.087094+00,50,BTCUSDT,66,GATE_1_EXPIRED,f,Signal already expired,SKIPPED,2026-07-21 13:03:34.087094+00,
263701,2026-07-21 13:03:34.076371+00,51,ETHUSDT,63,GATE_1_EXPIRED,f,Signal already expired,SKIPPED,2026-07-21 13:03:34.076371+00,
263700,2026-07-21 13:03:19.18417+00,44,BTCUSDT,79,GATE_1_EXPIRED,f,Signal already expired,SKIPPED,2026-07-21 13:03:19.18417+00,
263699,2026-07-21 13:03:19.165322+00,45,XRPUSDT,63,GATE_1_EXPIRED,f,Signal already expired,SKIPPED,2026-07-21 13:03:19.165322+00,
263698,2026-07-21 13:03:19.160474+00,46,ETHUSDT,68,GATE_1_EXPIRED,f,Signal already expired,SKIPPED,2026-07-21 13:03:19.160474+00,
263697,2026-07-21 13:03:19.154299+00,47,SOLUSDT,78,GATE_1_EXPIRED,f,Signal already expired,SKIPPED,2026-07-21 13:03:19.154299+00,
263696,2026-07-21 13:03:19.146303+00,49,SOLUSDT,65,GATE_1_EXPIRED,f,Signal already expired,SKIPPED,2026-07-21 13:03:19.146303+00,
263695,2026-07-21 13:03:19.142703+00,50,BTCUSDT,66,GATE_1_EXPIRED,f,Signal already expired,SKIPPED,2026-07-21 13:03:19.142703+00,
263694,2026-07-21 13:03:19.127146+00,51,ETHUSDT,63,GATE_1_EXPIRED,f,Signal already expired,SKIPPED,2026-07-21 13:03:19.127146+00,
263693,2026-07-21 13:03:04.137089+00,44,BTCUSDT,79,GATE_1_EXPIRED,f,Signal already expired,SKIPPED,2026-07-21 13:03:04.137089+00,
263692,2026-07-21 13:03:04.128195+00,45,XRPUSDT,63,GATE_1_EXPIRED,f,Signal already expired,SKIPPED,2026-07-21 13:03:04.128195+00,
263691,2026-07-21 13:03:04.123036+00,46,ETHUSDT,68,GATE_1_EXPIRED,f,Signal already expired,SKIPPED,2026-07-21 13:03:04.123036+00,
263690,2026-07-21 13:03:04.112275+00,47,SOLUSDT,78,GATE_1_EXPIRED,f,Signal already expired,SKIPPED,2026-07-21 13:03:04.112275+00,
263689,2026-07-21 13:03:04.105799+00,49,SOLUSDT,65,GATE_1_EXPIRED,f,Signal already expired,SKIPPED,2026-07-21 13:03:04.105799+00,
263688,2026-07-21 13:03:04.100404+00,50,BTCUSDT,66,GATE_1_EXPIRED,f,Signal already expired,SKIPPED,2026-07-21 13:03:04.100404+00,
263687,2026-07-21 13:03:04.091573+00,51,ETHUSDT,63,GATE_1_EXPIRED,f,Signal already expired,SKIPPED,2026-07-21 13:03:04.091573+00,
263686,2026-07-21 13:02:49.087898+00,44,BTCUSDT,79,GATE_1_EXPIRED,f,Signal already expired,SKIPPED,2026-07-21 13:02:49.087898+00,
263685,2026-07-21 13:02:49.082294+00,45,XRPUSDT,63,GATE_1_EXPIRED,f,Signal already expired,SKIPPED,2026-07-21 13:02:49.082294+00,
263684,2026-07-21 13:02:49.074345+00,46,ETHUSDT,68,GATE_1_EXPIRED,f,Signal already expired,SKIPPED,2026-07-21 13:02:49.074345+00,
263683,2026-07-21 13:02:49.066106+00,47,SOLUSDT,78,GATE_1_EXPIRED,f,Signal already expired,SKIPPED,2026-07-21 13:02:49.066106+00,
263682,2026-07-21 13:02:49.057766+00,49,SOLUSDT,65,GATE_1_EXPIRED,f,Signal already expired,SKIPPED,2026-07-21 13:02:49.057766+00,
263681,2026-07-21 13:02:49.048177+00,50,BTCUSDT,66,GATE_1_EXPIRED,f,Signal already expired,SKIPPED,2026-07-21 13:02:49.048177+00,
263680,2026-07-21 13:02:49.033849+00,51,ETHUSDT,63,GATE_1_EXPIRED,f,Signal already expired,SKIPPED,2026-07-21 13:02:49.033849+00,
263679,2026-07-21 13:02:34.048829+00,44,BTCUSDT,79,GATE_1_EXPIRED,f,Signal already expired,SKIPPED,2026-07-21 13:02:34.048829+00,
263678,2026-07-21 13:02:34.043626+00,45,XRPUSDT,63,GATE_1_EXPIRED,f,Signal already expired,SKIPPED,2026-07-21 13:02:34.043626+00,
263677,2026-07-21 13:02:34.038767+00,46,ETHUSDT,68,GATE_1_EXPIRED,f,Signal already expired,SKIPPED,2026-07-21 13:02:34.038767+00,
263676,2026-07-21 13:02:34.035061+00,47,SOLUSDT,78,GATE_1_EXPIRED,f,Signal already expired,SKIPPED,2026-07-21 13:02:34.035061+00,
263675,2026-07-21 13:02:34.0273+00,49,SOLUSDT,65,GATE_1_EXPIRED,f,Signal already expired,SKIPPED,2026-07-21 13:02:34.0273+00,
263674,2026-07-21 13:02:34.021728+00,50,BTCUSDT,66,GATE_1_EXPIRED,f,Signal already expired,SKIPPED,2026-07-21 13:02:34.021728+00,
263673,2026-07-21 13:02:34.011069+00,51,ETHUSDT,63,GATE_1_EXPIRED,f,Signal already expired,SKIPPED,2026-07-21 13:02:34.011069+00,
263672,2026-07-21 13:02:19.074161+00,44,BTCUSDT,79,GATE_1_EXPIRED,f,Signal already expired,SKIPPED,2026-07-21 13:02:19.074161+00,
263671,2026-07-21 13:02:19.067398+00,45,XRPUSDT,63,GATE_1_EXPIRED,f,Signal already expired,SKIPPED,2026-07-21 13:02:19.067398+00,
263670,2026-07-21 13:02:19.06211+00,46,ETHUSDT,68,GATE_1_EXPIRED,f,Signal already expired,SKIPPED,2026-07-21 13:02:19.06211+00,
263669,2026-07-21 13:02:19.057474+00,47,SOLUSDT,78,GATE_1_EXPIRED,f,Signal already expired,SKIPPED,2026-07-21 13:02:19.057474+00,
263668,2026-07-21 13:02:19.047781+00,49,SOLUSDT,65,GATE_1_EXPIRED,f,Signal already expired,SKIPPED,2026-07-21 13:02:19.047781+00,
263667,2026-07-21 13:02:19.036514+00,50,BTCUSDT,66,GATE_1_EXPIRED,f,Signal already expired,SKIPPED,2026-07-21 13:02:19.036514+00,
263666,2026-07-21 13:02:19.025685+00,51,ETHUSDT,63,GATE_1_EXPIRED,f,Signal already expired,SKIPPED,2026-07-21 13:02:19.025685+00,
263665,2026-07-21 13:02:04.064172+00,44,BTCUSDT,79,GATE_1_EXPIRED,f,Signal already expired,SKIPPED,2026-07-21 13:02:04.064172+00,
263664,2026-07-21 13:02:04.059411+00,45,XRPUSDT,63,GATE_1_EXPIRED,f,Signal already expired,SKIPPED,2026-07-21 13:02:04.059411+00,
263663,2026-07-21 13:02:04.052006+00,46,ETHUSDT,68,GATE_1_EXPIRED,f,Signal already expired,SKIPPED,2026-07-21 13:02:04.052006+00,
263662,2026-07-21 13:02:04.04384+00,47,SOLUSDT,78,GATE_1_EXPIRED,f,Signal already expired,SKIPPED,2026-07-21 13:02:04.04384+00,
263661,2026-07-21 13:02:04.037892+00,49,SOLUSDT,65,GATE_1_EXPIRED,f,Signal already expired,SKIPPED,2026-07-21 13:02:04.037892+00,
263660,2026-07-21 13:02:04.03065+00,50,BTCUSDT,66,GATE_1_EXPIRED,f,Signal already expired,SKIPPED,2026-07-21 13:02:04.03065+00,
263659,2026-07-21 13:02:04.023358+00,51,ETHUSDT,63,GATE_1_EXPIRED,f,Signal already expired,SKIPPED,2026-07-21 13:02:04.023358+00,
263658,2026-07-21 13:01:49.04624+00,44,BTCUSDT,79,GATE_1_EXPIRED,f,Signal already expired,SKIPPED,2026-07-21 13:01:49.04624+00,
263657,2026-07-21 13:01:49.042462+00,45,XRPUSDT,63,GATE_1_EXPIRED,f,Signal already expired,SKIPPED,2026-07-21 13:01:49.042462+00,
263656,2026-07-21 13:01:49.037152+00,46,ETHUSDT,68,GATE_1_EXPIRED,f,Signal already expired,SKIPPED,2026-07-21 13:01:49.037152+00,
263655,2026-07-21 13:01:49.032773+00,47,SOLUSDT,78,GATE_1_EXPIRED,f,Signal already expired,SKIPPED,2026-07-21 13:01:49.032773+00,
263654,2026-07-21 13:01:49.026462+00,49,SOLUSDT,65,GATE_1_EXPIRED,f,Signal already expired,SKIPPED,2026-07-21 13:01:49.026462+00,
263653,2026-07-21 13:01:49.020574+00,50,BTCUSDT,66,GATE_1_EXPIRED,f,Signal already expired,SKIPPED,2026-07-21 13:01:49.020574+00,
263652,2026-07-21 13:01:49.011769+00,51,ETHUSDT,63,GATE_1_EXPIRED,f,Signal already expired,SKIPPED,2026-07-21 13:01:49.011769+00,
263651,2026-07-21 13:01:34.145621+00,44,BTCUSDT,79,GATE_1_EXPIRED,f,Signal already expired,SKIPPED,2026-07-21 13:01:34.145621+00,
263650,2026-07-21 13:01:34.135858+00,45,XRPUSDT,63,GATE_1_EXPIRED,f,Signal already expired,SKIPPED,2026-07-21 13:01:34.135858+00,
263649,2026-07-21 13:01:34.128428+00,46,ETHUSDT,68,GATE_1_EXPIRED,f,Signal already expired,SKIPPED,2026-07-21 13:01:34.128428+00,
263648,2026-07-21 13:01:34.122954+00,47,SOLUSDT,78,GATE_1_EXPIRED,f,Signal already expired,SKIPPED,2026-07-21 13:01:34.122954+00,
263647,2026-07-21 13:01:34.115856+00,49,SOLUSDT,65,GATE_1_EXPIRED,f,Signal already expired,SKIPPED,2026-07-21 13:01:34.115856+00,
263646,2026-07-21 13:01:34.106464+00,50,BTCUSDT,66,GATE_1_EXPIRED,f,Signal already expired,SKIPPED,2026-07-21 13:01:34.106464+00,
263645,2026-07-21 13:01:34.097929+00,51,ETHUSDT,63,GATE_1_EXPIRED,f,Signal already expired,SKIPPED,2026-07-21 13:01:34.097929+00,
263644,2026-07-21 13:01:19.230046+00,44,BTCUSDT,79,GATE_1_EXPIRED,f,Signal already expired,SKIPPED,2026-07-21 13:01:19.230046+00,
263643,2026-07-21 13:01:19.222856+00,45,XRPUSDT,63,GATE_1_EXPIRED,f,Signal already expired,SKIPPED,2026-07-21 13:01:19.222856+00,
263642,2026-07-21 13:01:19.214548+00,46,ETHUSDT,68,GATE_1_EXPIRED,f,Signal already expired,SKIPPED,2026-07-21 13:01:19.214548+00,
263641,2026-07-21 13:01:19.196148+00,47,SOLUSDT,78,GATE_1_EXPIRED,f,Signal already expired,SKIPPED,2026-07-21 13:01:19.196148+00,
263640,2026-07-21 13:01:19.188361+00,49,SOLUSDT,65,GATE_1_EXPIRED,f,Signal already expired,SKIPPED,2026-07-21 13:01:19.188361+00,
263639,2026-07-21 13:01:19.182932+00,50,BTCUSDT,66,GATE_1_EXPIRED,f,Signal already expired,SKIPPED,2026-07-21 13:01:19.182932+00,
263638,2026-07-21 13:01:19.143147+00,51,ETHUSDT,63,GATE_1_EXPIRED,f,Signal already expired,SKIPPED,2026-07-21 13:01:19.143147+00,
263637,2026-07-21 13:01:04.028354+00,44,BTCUSDT,79,GATE_1_EXPIRED,f,Signal already expired,SKIPPED,2026-07-21 13:01:04.028354+00,
263636,2026-07-21 13:01:04.020632+00,45,XRPUSDT,63,GATE_1_EXPIRED,f,Signal already expired,SKIPPED,2026-07-21 13:01:04.020632+00,
263635,2026-07-21 13:01:04.012704+00,46,ETHUSDT,68,GATE_1_EXPIRED,f,Signal already expired,SKIPPED,2026-07-21 13:01:04.012704+00,
263634,2026-07-21 13:01:04.008913+00,47,SOLUSDT,78,GATE_1_EXPIRED,f,Signal already expired,SKIPPED,2026-07-21 13:01:04.008913+00,
263633,2026-07-21 13:01:04.005012+00,49,SOLUSDT,65,GATE_1_EXPIRED,f,Signal already expired,SKIPPED,2026-07-21 13:01:04.005012+00,
263632,2026-07-21 13:01:03.99929+00,50,BTCUSDT,66,GATE_1_EXPIRED,f,Signal already expired,SKIPPED,2026-07-21 13:01:03.99929+00,
263631,2026-07-21 13:01:03.984039+00,51,ETHUSDT,63,GATE_1_EXPIRED,f,Signal already expired,SKIPPED,2026-07-21 13:01:03.984039+00,
263630,2026-07-21 13:00:49.088215+00,44,BTCUSDT,79,GATE_1_EXPIRED,f,Signal already expired,SKIPPED,2026-07-21 13:00:49.088215+00,
263629,2026-07-21 13:00:49.081372+00,45,XRPUSDT,63,GATE_1_EXPIRED,f,Signal already expired,SKIPPED,2026-07-21 13:00:49.081372+00,
263628,2026-07-21 13:00:49.075218+00,46,ETHUSDT,68,GATE_1_EXPIRED,f,Signal already expired,SKIPPED,2026-07-21 13:00:49.075218+00,
263627,2026-07-21 13:00:49.068054+00,47,SOLUSDT,78,GATE_1_EXPIRED,f,Signal already expired,SKIPPED,2026-07-21 13:00:49.068054+00,
263626,2026-07-21 13:00:49.053229+00,49,SOLUSDT,65,GATE_1_EXPIRED,f,Signal already expired,SKIPPED,2026-07-21 13:00:49.053229+00,
263625,2026-07-21 13:00:49.042897+00,50,BTCUSDT,66,GATE_1_EXPIRED,f,Signal already expired,SKIPPED,2026-07-21 13:00:49.042897+00,
263624,2026-07-21 13:00:49.034854+00,51,ETHUSDT,63,GATE_1_EXPIRED,f,Signal already expired,SKIPPED,2026-07-21 13:00:49.034854+00,
263623,2026-07-21 13:00:34.034855+00,44,BTCUSDT,79,GATE_1_EXPIRED,f,Signal already expired,SKIPPED,2026-07-21 13:00:34.034855+00,
263622,2026-07-21 13:00:34.029411+00,45,XRPUSDT,63,GATE_1_EXPIRED,f,Signal already expired,SKIPPED,2026-07-21 13:00:34.029411+00,
263621,2026-07-21 13:00:34.024523+00,46,ETHUSDT,68,GATE_1_EXPIRED,f,Signal already expired,SKIPPED,2026-07-21 13:00:34.024523+00,
263620,2026-07-21 13:00:34.020125+00,47,SOLUSDT,78,GATE_1_EXPIRED,f,Signal already expired,SKIPPED,2026-07-21 13:00:34.020125+00,
263619,2026-07-21 13:00:34.016441+00,49,SOLUSDT,65,GATE_1_EXPIRED,f,Signal already expired,SKIPPED,2026-07-21 13:00:34.016441+00,
263618,2026-07-21 13:00:34.011475+00,50,BTCUSDT,66,GATE_1_EXPIRED,f,Signal already expired,SKIPPED,2026-07-21 13:00:34.011475+00,
263617,2026-07-21 13:00:34.005352+00,51,ETHUSDT,63,GATE_1_EXPIRED,f,Signal already expired,SKIPPED,2026-07-21 13:00:34.005352+00,
263616,2026-07-21 13:00:18.98893+00,44,BTCUSDT,79,GATE_1_EXPIRED,f,Signal already expired,SKIPPED,2026-07-21 13:00:18.98893+00,
263615,2026-07-21 13:00:18.980925+00,45,XRPUSDT,63,GATE_1_EXPIRED,f,Signal already expired,SKIPPED,2026-07-21 13:00:18.980925+00,
263614,2026-07-21 13:00:18.976079+00,46,ETHUSDT,68,GATE_1_EXPIRED,f,Signal already expired,SKIPPED,2026-07-21 13:00:18.976079+00,
263613,2026-07-21 13:00:18.967181+00,47,SOLUSDT,78,GATE_1_EXPIRED,f,Signal already expired,SKIPPED,2026-07-21 13:00:18.967181+00,
263612,2026-07-21 13:00:18.958493+00,49,SOLUSDT,65,GATE_1_EXPIRED,f,Signal already expired,SKIPPED,2026-07-21 13:00:18.958493+00,
263611,2026-07-21 13:00:18.942119+00,50,BTCUSDT,66,GATE_1_EXPIRED,f,Signal already expired,SKIPPED,2026-07-21 13:00:18.942119+00,
263610,2026-07-21 13:00:18.928365+00,51,ETHUSDT,63,GATE_1_EXPIRED,f,Signal already expired,SKIPPED,2026-07-21 13:00:18.928365+00,
263609,2026-07-21 13:00:03.984221+00,44,BTCUSDT,79,GATE_1_EXPIRED,f,Signal already expired,SKIPPED,2026-07-21 13:00:03.984221+00,
263608,2026-07-21 13:00:03.980047+00,45,XRPUSDT,63,GATE_1_EXPIRED,f,Signal already expired,SKIPPED,2026-07-21 13:00:03.980047+00,
263607,2026-07-21 13:00:03.974556+00,46,ETHUSDT,68,GATE_1_EXPIRED,f,Signal already expired,SKIPPED,2026-07-21 13:00:03.974556+00,
263606,2026-07-21 13:00:03.967364+00,47,SOLUSDT,78,GATE_1_EXPIRED,f,Signal already expired,SKIPPED,2026-07-21 13:00:03.967364+00,
263605,2026-07-21 13:00:03.96127+00,49,SOLUSDT,65,GATE_1_EXPIRED,f,Signal already expired,SKIPPED,2026-07-21 13:00:03.96127+00,
263604,2026-07-21 13:00:03.95702+00,50,BTCUSDT,66,GATE_1_EXPIRED,f,Signal already expired,SKIPPED,2026-07-21 13:00:03.95702+00,
263603,2026-07-21 13:00:03.950196+00,51,ETHUSDT,63,GATE_1_EXPIRED,f,Signal already expired,SKIPPED,2026-07-21 13:00:03.950196+00,
263602,2026-07-21 12:59:49.008+00,44,BTCUSDT,79,GATE_1_EXPIRED,f,Signal already expired,SKIPPED,2026-07-21 12:59:49.008+00,
263601,2026-07-21 12:59:49.002454+00,45,XRPUSDT,63,GATE_1_EXPIRED,f,Signal already expired,SKIPPED,2026-07-21 12:59:49.002454+00,
263600,2026-07-21 12:59:48.997096+00,46,ETHUSDT,68,GATE_1_EXPIRED,f,Signal already expired,SKIPPED,2026-07-21 12:59:48.997096+00,
263599,2026-07-21 12:59:48.988868+00,47,SOLUSDT,78,GATE_1_EXPIRED,f,Signal already expired,SKIPPED,2026-07-21 12:59:48.988868+00,
263598,2026-07-21 12:59:48.981763+00,49,SOLUSDT,65,GATE_1_EXPIRED,f,Signal already expired,SKIPPED,2026-07-21 12:59:48.981763+00,
263597,2026-07-21 12:59:48.971926+00,50,BTCUSDT,66,GATE_1_EXPIRED,f,Signal already expired,SKIPPED,2026-07-21 12:59:48.971926+00,
263596,2026-07-21 12:59:48.962154+00,51,ETHUSDT,63,GATE_1_EXPIRED,f,Signal already expired,SKIPPED,2026-07-21 12:59:48.962154+00,
263595,2026-07-21 12:59:34.023177+00,44,BTCUSDT,79,GATE_1_EXPIRED,f,Signal already expired,SKIPPED,2026-07-21 12:59:34.023177+00,
263594,2026-07-21 12:59:34.01783+00,45,XRPUSDT,63,GATE_1_EXPIRED,f,Signal already expired,SKIPPED,2026-07-21 12:59:34.01783+00,
263593,2026-07-21 12:59:34.012792+00,46,ETHUSDT,68,GATE_1_EXPIRED,f,Signal already expired,SKIPPED,2026-07-21 12:59:34.012792+00,
263592,2026-07-21 12:59:34.007542+00,47,SOLUSDT,78,GATE_1_EXPIRED,f,Signal already expired,SKIPPED,2026-07-21 12:59:34.007542+00,
263591,2026-07-21 12:59:34.002269+00,49,SOLUSDT,65,GATE_1_EXPIRED,f,Signal already expired,SKIPPED,2026-07-21 12:59:34.002269+00,
263590,2026-07-21 12:59:33.993423+00,50,BTCUSDT,66,GATE_1_EXPIRED,f,Signal already expired,SKIPPED,2026-07-21 12:59:33.993423+00,
263589,2026-07-21 12:59:33.981848+00,51,ETHUSDT,63,GATE_1_EXPIRED,f,Signal already expired,SKIPPED,2026-07-21 12:59:33.981848+00,
263588,2026-07-21 12:59:30.532834+00,,ETHUSDT,57,GATE_0C_REGIME,f,RegimeGate: DQS 57 < 60 required for MIXED,REJECTED,2026-07-21 12:59:30.532834+00,2488a888d427ee2f
263587,2026-07-21 12:59:30.508957+00,,BNBUSDT,79,GATE_4C_RISK,f,RiskBudgetLedger full,REJECTED,2026-07-21 12:59:30.508957+00,9b103ea140f5ef48
263586,2026-07-21 12:59:19.05132+00,44,BTCUSDT,79,GATE_1_EXPIRED,f,Signal already expired,SKIPPED,2026-07-21 12:59:19.05132+00,
263585,2026-07-21 12:59:19.044879+00,45,XRPUSDT,63,GATE_1_EXPIRED,f,Signal already expired,SKIPPED,2026-07-21 12:59:19.044879+00,
263584,2026-07-21 12:59:19.039536+00,46,ETHUSDT,68,GATE_1_EXPIRED,f,Signal already expired,SKIPPED,2026-07-21 12:59:19.039536+00,
263583,2026-07-21 12:59:19.033438+00,47,SOLUSDT,78,GATE_1_EXPIRED,f,Signal already expired,SKIPPED,2026-07-21 12:59:19.033438+00,
263582,2026-07-21 12:59:19.023757+00,49,SOLUSDT,65,GATE_1_EXPIRED,f,Signal already expired,SKIPPED,2026-07-21 12:59:19.023757+00,
263581,2026-07-21 12:59:19.016397+00,50,BTCUSDT,66,GATE_1_EXPIRED,f,Signal already expired,SKIPPED,2026-07-21 12:59:19.016397+00,
263580,2026-07-21 12:59:18.997331+00,51,ETHUSDT,63,GATE_1_EXPIRED,f,Signal already expired,SKIPPED,2026-07-21 12:59:18.997331+00,
263579,2026-07-21 12:59:03.968673+00,44,BTCUSDT,79,GATE_1_EXPIRED,f,Signal already expired,SKIPPED,2026-07-21 12:59:03.968673+00,
263578,2026-07-21 12:59:03.966065+00,45,XRPUSDT,63,GATE_1_EXPIRED,f,Signal already expired,SKIPPED,2026-07-21 12:59:03.966065+00,
263577,2026-07-21 12:59:03.963156+00,46,ETHUSDT,68,GATE_1_EXPIRED,f,Signal already expired,SKIPPED,2026-07-21 12:59:03.963156+00,
263576,2026-07-21 12:59:03.960457+00,47,SOLUSDT,78,GATE_1_EXPIRED,f,Signal already expired,SKIPPED,2026-07-21 12:59:03.960457+00,
263575,2026-07-21 12:59:03.955878+00,49,SOLUSDT,65,GATE_1_EXPIRED,f,Signal already expired,SKIPPED,2026-07-21 12:59:03.955878+00,
263574,2026-07-21 12:59:03.952351+00,50,BTCUSDT,66,GATE_1_EXPIRED,f,Signal already expired,SKIPPED,2026-07-21 12:59:03.952351+00,
263573,2026-07-21 12:59:03.946515+00,51,ETHUSDT,63,GATE_1_EXPIRED,f,Signal already expired,SKIPPED,2026-07-21 12:59:03.946515+00,
263572,2026-07-21 12:58:49.00786+00,44,BTCUSDT,79,GATE_1_EXPIRED,f,Signal already expired,SKIPPED,2026-07-21 12:58:49.00786+00,
263571,2026-07-21 12:58:49.002838+00,45,XRPUSDT,63,GATE_1_EXPIRED,f,Signal already expired,SKIPPED,2026-07-21 12:58:49.002838+00,
263570,2026-07-21 12:58:48.992402+00,46,ETHUSDT,68,GATE_1_EXPIRED,f,Signal already expired,SKIPPED,2026-07-21 12:58:48.992402+00,
263569,2026-07-21 12:58:48.988331+00,47,SOLUSDT,78,GATE_1_EXPIRED,f,Signal already expired,SKIPPED,2026-07-21 12:58:48.988331+00,
263568,2026-07-21 12:58:48.979967+00,49,SOLUSDT,65,GATE_1_EXPIRED,f,Signal already expired,SKIPPED,2026-07-21 12:58:48.979967+00,
263567,2026-07-21 12:58:48.973607+00,50,BTCUSDT,66,GATE_1_EXPIRED,f,Signal already expired,SKIPPED,2026-07-21 12:58:48.973607+00,
263566,2026-07-21 12:58:48.968334+00,51,ETHUSDT,63,GATE_1_EXPIRED,f,Signal already expired,SKIPPED,2026-07-21 12:58:48.968334+00,
263565,2026-07-21 12:58:34.001418+00,44,BTCUSDT,79,GATE_1_EXPIRED,f,Signal already expired,SKIPPED,2026-07-21 12:58:34.001418+00,
263564,2026-07-21 12:58:33.991257+00,45,XRPUSDT,63,GATE_1_EXPIRED,f,Signal already expired,SKIPPED,2026-07-21 12:58:33.991257+00,
263563,2026-07-21 12:58:33.986264+00,46,ETHUSDT,68,GATE_1_EXPIRED,f,Signal already expired,SKIPPED,2026-07-21 12:58:33.986264+00,
263562,2026-07-21 12:58:33.980405+00,47,SOLUSDT,78,GATE_1_EXPIRED,f,Signal already expired,SKIPPED,2026-07-21 12:58:33.980405+00,
263561,2026-07-21 12:58:33.975994+00,49,SOLUSDT,65,GATE_1_EXPIRED,f,Signal already expired,SKIPPED,2026-07-21 12:58:33.975994+00,
263560,2026-07-21 12:58:33.971675+00,50,BTCUSDT,66,GATE_1_EXPIRED,f,Signal already expired,SKIPPED,2026-07-21 12:58:33.971675+00,
263559,2026-07-21 12:58:33.962851+00,51,ETHUSDT,63,GATE_1_EXPIRED,f,Signal already expired,SKIPPED,2026-07-21 12:58:33.962851+00,
263558,2026-07-21 12:58:18.987001+00,44,BTCUSDT,79,GATE_1_EXPIRED,f,Signal already expired,SKIPPED,2026-07-21 12:58:18.987001+00,
263557,2026-07-21 12:58:18.981162+00,45,XRPUSDT,63,GATE_1_EXPIRED,f,Signal already expired,SKIPPED,2026-07-21 12:58:18.981162+00,
263556,2026-07-21 12:58:18.975416+00,46,ETHUSDT,68,GATE_1_EXPIRED,f,Signal already expired,SKIPPED,2026-07-21 12:58:18.975416+00,
263555,2026-07-21 12:58:18.961712+00,47,SOLUSDT,78,GATE_1_EXPIRED,f,Signal already expired,SKIPPED,2026-07-21 12:58:18.961712+00,
263554,2026-07-21 12:58:18.955601+00,49,SOLUSDT,65,GATE_1_EXPIRED,f,Signal already expired,SKIPPED,2026-07-21 12:58:18.955601+00,
263553,2026-07-21 12:58:18.951474+00,50,BTCUSDT,66,GATE_1_EXPIRED,f,Signal already expired,SKIPPED,2026-07-21 12:58:18.951474+00,
263552,2026-07-21 12:58:18.942856+00,51,ETHUSDT,63,GATE_1_EXPIRED,f,Signal already expired,SKIPPED,2026-07-21 12:58:18.942856+00,
263551,2026-07-21 12:58:04.021039+00,44,BTCUSDT,79,GATE_1_EXPIRED,f,Signal already expired,SKIPPED,2026-07-21 12:58:04.021039+00,
263550,2026-07-21 12:58:04.00923+00,45,XRPUSDT,63,GATE_1_EXPIRED,f,Signal already expired,SKIPPED,2026-07-21 12:58:04.00923+00,
263549,2026-07-21 12:58:04.001423+00,46,ETHUSDT,68,GATE_1_EXPIRED,f,Signal already expired,SKIPPED,2026-07-21 12:58:04.001423+00,
263548,2026-07-21 12:58:03.996833+00,47,SOLUSDT,78,GATE_1_EXPIRED,f,Signal already expired,SKIPPED,2026-07-21 12:58:03.996833+00,
263547,2026-07-21 12:58:03.98685+00,49,SOLUSDT,65,GATE_1_EXPIRED,f,Signal already expired,SKIPPED,2026-07-21 12:58:03.98685+00,
263546,2026-07-21 12:58:03.977232+00,50,BTCUSDT,66,GATE_1_EXPIRED,f,Signal already expired,SKIPPED,2026-07-21 12:58:03.977232+00,
263545,2026-07-21 12:58:03.95637+00,51,ETHUSDT,63,GATE_1_EXPIRED,f,Signal already expired,SKIPPED,2026-07-21 12:58:03.95637+00,
263544,2026-07-21 12:57:49.013549+00,44,BTCUSDT,79,GATE_1_EXPIRED,f,Signal already expired,SKIPPED,2026-07-21 12:57:49.013549+00,
263543,2026-07-21 12:57:49.007345+00,45,XRPUSDT,63,GATE_1_EXPIRED,f,Signal already expired,SKIPPED,2026-07-21 12:57:49.007345+00,
263542,2026-07-21 12:57:48.999528+00,46,ETHUSDT,68,GATE_1_EXPIRED,f,Signal already expired,SKIPPED,2026-07-21 12:57:48.999528+00,
263541,2026-07-21 12:57:48.99394+00,47,SOLUSDT,78,GATE_1_EXPIRED,f,Signal already expired,SKIPPED,2026-07-21 12:57:48.99394+00,
263540,2026-07-21 12:57:48.990208+00,49,SOLUSDT,65,GATE_1_EXPIRED,f,Signal already expired,SKIPPED,2026-07-21 12:57:48.990208+00,
263539,2026-07-21 12:57:48.984533+00,50,BTCUSDT,66,GATE_1_EXPIRED,f,Signal already expired,SKIPPED,2026-07-21 12:57:48.984533+00,
263538,2026-07-21 12:57:48.976865+00,51,ETHUSDT,63,GATE_1_EXPIRED,f,Signal already expired,SKIPPED,2026-07-21 12:57:48.976865+00,
263537,2026-07-21 12:57:34.024863+00,44,BTCUSDT,79,GATE_1_EXPIRED,f,Signal already expired,SKIPPED,2026-07-21 12:57:34.024863+00,
263536,2026-07-21 12:57:34.018321+00,45,XRPUSDT,63,GATE_1_EXPIRED,f,Signal already expired,SKIPPED,2026-07-21 12:57:34.018321+00,
263535,2026-07-21 12:57:34.013542+00,46,ETHUSDT,68,GATE_1_EXPIRED,f,Signal already expired,SKIPPED,2026-07-21 12:57:34.013542+00,
263534,2026-07-21 12:57:33.999359+00,47,SOLUSDT,78,GATE_1_EXPIRED,f,Signal already expired,SKIPPED,2026-07-21 12:57:33.999359+00,
263533,2026-07-21 12:57:33.994224+00,49,SOLUSDT,65,GATE_1_EXPIRED,f,Signal already expired,SKIPPED,2026-07-21 12:57:33.994224+00,
263532,2026-07-21 12:57:33.98315+00,50,BTCUSDT,66,GATE_1_EXPIRED,f,Signal already expired,SKIPPED,2026-07-21 12:57:33.98315+00,
263531,2026-07-21 12:57:33.973214+00,51,ETHUSDT,63,GATE_1_EXPIRED,f,Signal already expired,SKIPPED,2026-07-21 12:57:33.973214+00,
263530,2026-07-21 12:57:19.038055+00,44,BTCUSDT,79,GATE_1_EXPIRED,f,Signal already expired,SKIPPED,2026-07-21 12:57:19.038055+00,
263529,2026-07-21 12:57:19.029064+00,45,XRPUSDT,63,GATE_1_EXPIRED,f,Signal already expired,SKIPPED,2026-07-21 12:57:19.029064+00,
263528,2026-07-21 12:57:19.022867+00,46,ETHUSDT,68,GATE_1_EXPIRED,f,Signal already expired,SKIPPED,2026-07-21 12:57:19.022867+00,
263527,2026-07-21 12:57:19.016873+00,47,SOLUSDT,78,GATE_1_EXPIRED,f,Signal already expired,SKIPPED,2026-07-21 12:57:19.016873+00,
263526,2026-07-21 12:57:19.008218+00,49,SOLUSDT,65,GATE_1_EXPIRED,f,Signal already expired,SKIPPED,2026-07-21 12:57:19.008218+00,
263525,2026-07-21 12:57:18.999398+00,50,BTCUSDT,66,GATE_1_EXPIRED,f,Signal already expired,SKIPPED,2026-07-21 12:57:18.999398+00,
263524,2026-07-21 12:57:18.98075+00,51,ETHUSDT,63,GATE_1_EXPIRED,f,Signal already expired,SKIPPED,2026-07-21 12:57:18.98075+00,
263523,2026-07-21 12:57:04.002911+00,44,BTCUSDT,79,GATE_1_EXPIRED,f,Signal already expired,SKIPPED,2026-07-21 12:57:04.002911+00,
263522,2026-07-21 12:57:03.997136+00,45,XRPUSDT,63,GATE_1_EXPIRED,f,Signal already expired,SKIPPED,2026-07-21 12:57:03.997136+00,
263521,2026-07-21 12:57:03.991406+00,46,ETHUSDT,68,GATE_1_EXPIRED,f,Signal already expired,SKIPPED,2026-07-21 12:57:03.991406+00,
263520,2026-07-21 12:57:03.985571+00,47,SOLUSDT,78,GATE_1_EXPIRED,f,Signal already expired,SKIPPED,2026-07-21 12:57:03.985571+00,
263519,2026-07-21 12:57:03.973823+00,49,SOLUSDT,65,GATE_1_EXPIRED,f,Signal already expired,SKIPPED,2026-07-21 12:57:03.973823+00,
263518,2026-07-21 12:57:03.968278+00,50,BTCUSDT,66,GATE_1_EXPIRED,f,Signal already expired,SKIPPED,2026-07-21 12:57:03.968278+00,
263517,2026-07-21 12:57:03.948692+00,51,ETHUSDT,63,GATE_1_EXPIRED,f,Signal already expired,SKIPPED,2026-07-21 12:57:03.948692+00,
263516,2026-07-21 12:56:48.941497+00,44,BTCUSDT,79,GATE_1_EXPIRED,f,Signal already expired,SKIPPED,2026-07-21 12:56:48.941497+00,
263515,2026-07-21 12:56:48.934586+00,45,XRPUSDT,63,GATE_1_EXPIRED,f,Signal already expired,SKIPPED,2026-07-21 12:56:48.934586+00,
263514,2026-07-21 12:56:48.930726+00,46,ETHUSDT,68,GATE_1_EXPIRED,f,Signal already expired,SKIPPED,2026-07-21 12:56:48.930726+00,
263513,2026-07-21 12:56:48.925159+00,47,SOLUSDT,78,GATE_1_EXPIRED,f,Signal already expired,SKIPPED,2026-07-21 12:56:48.925159+00,
263512,2026-07-21 12:56:48.921397+00,49,SOLUSDT,65,GATE_1_EXPIRED,f,Signal already expired,SKIPPED,2026-07-21 12:56:48.921397+00,
263511,2026-07-21 12:56:48.917442+00,50,BTCUSDT,66,GATE_1_EXPIRED,f,Signal already expired,SKIPPED,2026-07-21 12:56:48.917442+00,
263510,2026-07-21 12:56:48.910653+00,51,ETHUSDT,63,GATE_1_EXPIRED,f,Signal already expired,SKIPPED,2026-07-21 12:56:48.910653+00,
263509,2026-07-21 12:56:33.965377+00,44,BTCUSDT,79,GATE_1_EXPIRED,f,Signal already expired,SKIPPED,2026-07-21 12:56:33.965377+00,
263508,2026-07-21 12:56:33.961569+00,45,XRPUSDT,63,GATE_1_EXPIRED,f,Signal already expired,SKIPPED,2026-07-21 12:56:33.961569+00,
263507,2026-07-21 12:56:33.95622+00,46,ETHUSDT,68,GATE_1_EXPIRED,f,Signal already expired,SKIPPED,2026-07-21 12:56:33.95622+00,
263506,2026-07-21 12:56:33.95017+00,47,SOLUSDT,78,GATE_1_EXPIRED,f,Signal already expired,SKIPPED,2026-07-21 12:56:33.95017+00,
263505,2026-07-21 12:56:33.944645+00,49,SOLUSDT,65,GATE_1_EXPIRED,f,Signal already expired,SKIPPED,2026-07-21 12:56:33.944645+00,
263504,2026-07-21 12:56:33.939453+00,50,BTCUSDT,66,GATE_1_EXPIRED,f,Signal already expired,SKIPPED,2026-07-21 12:56:33.939453+00,
263503,2026-07-21 12:56:33.930346+00,51,ETHUSDT,63,GATE_1_EXPIRED,f,Signal already expired,SKIPPED,2026-07-21 12:56:33.930346+00,
263502,2026-07-21 12:56:19.106742+00,44,BTCUSDT,79,GATE_1_EXPIRED,f,Signal already expired,SKIPPED,2026-07-21 12:56:19.106742+00,
263501,2026-07-21 12:56:19.101216+00,45,XRPUSDT,63,GATE_1_EXPIRED,f,Signal already expired,SKIPPED,2026-07-21 12:56:19.101216+00,
263500,2026-07-21 12:56:19.089849+00,46,ETHUSDT,68,GATE_1_EXPIRED,f,Signal already expired,SKIPPED,2026-07-21 12:56:19.089849+00,
263499,2026-07-21 12:56:19.080656+00,47,SOLUSDT,78,GATE_1_EXPIRED,f,Signal already expired,SKIPPED,2026-07-21 12:56:19.080656+00,
263498,2026-07-21 12:56:19.073168+00,49,SOLUSDT,65,GATE_1_EXPIRED,f,Signal already expired,SKIPPED,2026-07-21 12:56:19.073168+00,
263497,2026-07-21 12:56:19.063857+00,50,BTCUSDT,66,GATE_1_EXPIRED,f,Signal already expired,SKIPPED,2026-07-21 12:56:19.063857+00,
263496,2026-07-21 12:56:19.043844+00,51,ETHUSDT,63,GATE_1_EXPIRED,f,Signal already expired,SKIPPED,2026-07-21 12:56:19.043844+00,
263495,2026-07-21 12:56:03.983543+00,44,BTCUSDT,79,GATE_1_EXPIRED,f,Signal already expired,SKIPPED,2026-07-21 12:56:03.983543+00,
263494,2026-07-21 12:56:03.976856+00,45,XRPUSDT,63,GATE_1_EXPIRED,f,Signal already expired,SKIPPED,2026-07-21 12:56:03.976856+00,
263493,2026-07-21 12:56:03.968382+00,46,ETHUSDT,68,GATE_1_EXPIRED,f,Signal already expired,SKIPPED,2026-07-21 12:56:03.968382+00,
263492,2026-07-21 12:56:03.958856+00,47,SOLUSDT,78,GATE_1_EXPIRED,f,Signal already expired,SKIPPED,2026-07-21 12:56:03.958856+00,
263491,2026-07-21 12:56:03.946322+00,49,SOLUSDT,65,GATE_1_EXPIRED,f,Signal already expired,SKIPPED,2026-07-21 12:56:03.946322+00,
263490,2026-07-21 12:56:03.940513+00,50,BTCUSDT,66,GATE_1_EXPIRED,f,Signal already expired,SKIPPED,2026-07-21 12:56:03.940513+00,
263489,2026-07-21 12:56:03.935089+00,51,ETHUSDT,63,GATE_1_EXPIRED,f,Signal already expired,SKIPPED,2026-07-21 12:56:03.935089+00,
263488,2026-07-21 12:55:48.96486+00,44,BTCUSDT,79,GATE_1_EXPIRED,f,Signal already expired,SKIPPED,2026-07-21 12:55:48.96486+00,
263487,2026-07-21 12:55:48.960263+00,45,XRPUSDT,63,GATE_1_EXPIRED,f,Signal already expired,SKIPPED,2026-07-21 12:55:48.960263+00,
263486,2026-07-21 12:55:48.95719+00,46,ETHUSDT,68,GATE_1_EXPIRED,f,Signal already expired,SKIPPED,2026-07-21 12:55:48.95719+00,
263485,2026-07-21 12:55:48.954234+00,47,SOLUSDT,78,GATE_1_EXPIRED,f,Signal already expired,SKIPPED,2026-07-21 12:55:48.954234+00,
263484,2026-07-21 12:55:48.945374+00,49,SOLUSDT,65,GATE_1_EXPIRED,f,Signal already expired,SKIPPED,2026-07-21 12:55:48.945374+00,
263483,2026-07-21 12:55:48.940852+00,50,BTCUSDT,66,GATE_1_EXPIRED,f,Signal already expired,SKIPPED,2026-07-21 12:55:48.940852+00,
263482,2026-07-21 12:55:48.932246+00,51,ETHUSDT,63,GATE_1_EXPIRED,f,Signal already expired,SKIPPED,2026-07-21 12:55:48.932246+00,
263481,2026-07-21 12:55:33.983383+00,44,BTCUSDT,79,GATE_1_EXPIRED,f,Signal already expired,SKIPPED,2026-07-21 12:55:33.983383+00,
263480,2026-07-21 12:55:33.977298+00,45,XRPUSDT,63,GATE_1_EXPIRED,f,Signal already expired,SKIPPED,2026-07-21 12:55:33.977298+00,
263479,2026-07-21 12:55:33.966446+00,46,ETHUSDT,68,GATE_1_EXPIRED,f,Signal already expired,SKIPPED,2026-07-21 12:55:33.966446+00,
263478,2026-07-21 12:55:33.961022+00,47,SOLUSDT,78,GATE_1_EXPIRED,f,Signal already expired,SKIPPED,2026-07-21 12:55:33.961022+00,
263477,2026-07-21 12:55:33.949591+00,49,SOLUSDT,65,GATE_1_EXPIRED,f,Signal already expired,SKIPPED,2026-07-21 12:55:33.949591+00,
263476,2026-07-21 12:55:33.945686+00,50,BTCUSDT,66,GATE_1_EXPIRED,f,Signal already expired,SKIPPED,2026-07-21 12:55:33.945686+00,
263475,2026-07-21 12:55:33.930756+00,51,ETHUSDT,63,GATE_1_EXPIRED,f,Signal already expired,SKIPPED,2026-07-21 12:55:33.930756+00,
263474,2026-07-21 12:55:18.965361+00,44,BTCUSDT,79,GATE_1_EXPIRED,f,Signal already expired,SKIPPED,2026-07-21 12:55:18.965361+00,
263473,2026-07-21 12:55:18.959194+00,45,XRPUSDT,63,GATE_1_EXPIRED,f,Signal already expired,SKIPPED,2026-07-21 12:55:18.959194+00,
263472,2026-07-21 12:55:18.95302+00,46,ETHUSDT,68,GATE_1_EXPIRED,f,Signal already expired,SKIPPED,2026-07-21 12:55:18.95302+00,
263471,2026-07-21 12:55:18.948866+00,47,SOLUSDT,78,GATE_1_EXPIRED,f,Signal already expired,SKIPPED,2026-07-21 12:55:18.948866+00,
263470,2026-07-21 12:55:18.942327+00,49,SOLUSDT,65,GATE_1_EXPIRED,f,Signal already expired,SKIPPED,2026-07-21 12:55:18.942327+00,
263469,2026-07-21 12:55:18.93709+00,50,BTCUSDT,66,GATE_1_EXPIRED,f,Signal already expired,SKIPPED,2026-07-21 12:55:18.93709+00,
263468,2026-07-21 12:55:18.930189+00,51,ETHUSDT,63,GATE_1_EXPIRED,f,Signal already expired,SKIPPED,2026-07-21 12:55:18.930189+00,
263467,2026-07-21 12:55:03.992005+00,44,BTCUSDT,79,GATE_1_EXPIRED,f,Signal already expired,SKIPPED,2026-07-21 12:55:03.992005+00,
263466,2026-07-21 12:55:03.986384+00,45,XRPUSDT,63,GATE_1_EXPIRED,f,Signal already expired,SKIPPED,2026-07-21 12:55:03.986384+00,
263465,2026-07-21 12:55:03.980409+00,46,ETHUSDT,68,GATE_1_EXPIRED,f,Signal already expired,SKIPPED,2026-07-21 12:55:03.980409+00,
263464,2026-07-21 12:55:03.967972+00,47,SOLUSDT,78,GATE_1_EXPIRED,f,Signal already expired,SKIPPED,2026-07-21 12:55:03.967972+00,
263463,2026-07-21 12:55:03.957838+00,49,SOLUSDT,65,GATE_1_EXPIRED,f,Signal already expired,SKIPPED,2026-07-21 12:55:03.957838+00,
263462,2026-07-21 12:55:03.953741+00,50,BTCUSDT,66,GATE_1_EXPIRED,f,Signal already expired,SKIPPED,2026-07-21 12:55:03.953741+00,
263461,2026-07-21 12:55:03.94215+00,51,ETHUSDT,63,GATE_1_EXPIRED,f,Signal already expired,SKIPPED,2026-07-21 12:55:03.94215+00,
263460,2026-07-21 12:54:48.960224+00,44,BTCUSDT,79,GATE_1_EXPIRED,f,Signal already expired,SKIPPED,2026-07-21 12:54:48.960224+00,
263459,2026-07-21 12:54:48.953249+00,45,XRPUSDT,63,GATE_1_EXPIRED,f,Signal already expired,SKIPPED,2026-07-21 12:54:48.953249+00,
263458,2026-07-21 12:54:48.940295+00,46,ETHUSDT,68,GATE_1_EXPIRED,f,Signal already expired,SKIPPED,2026-07-21 12:54:48.940295+00,
263457,2026-07-21 12:54:48.931198+00,47,SOLUSDT,78,GATE_1_EXPIRED,f,Signal already expired,SKIPPED,2026-07-21 12:54:48.931198+00,
263456,2026-07-21 12:54:48.924369+00,49,SOLUSDT,65,GATE_1_EXPIRED,f,Signal already expired,SKIPPED,2026-07-21 12:54:48.924369+00,
263455,2026-07-21 12:54:48.910753+00,50,BTCUSDT,66,GATE_1_EXPIRED,f,Signal already expired,SKIPPED,2026-07-21 12:54:48.910753+00,
263454,2026-07-21 12:54:48.900827+00,51,ETHUSDT,63,GATE_1_EXPIRED,f,Signal already expired,SKIPPED,2026-07-21 12:54:48.900827+00,
263453,2026-07-21 12:54:33.928556+00,44,BTCUSDT,79,GATE_1_EXPIRED,f,Signal already expired,SKIPPED,2026-07-21 12:54:33.928556+00,
263452,2026-07-21 12:54:33.923329+00,45,XRPUSDT,63,GATE_1_EXPIRED,f,Signal already expired,SKIPPED,2026-07-21 12:54:33.923329+00,
263451,2026-07-21 12:54:33.919561+00,46,ETHUSDT,68,GATE_1_EXPIRED,f,Signal already expired,SKIPPED,2026-07-21 12:54:33.919561+00,
263450,2026-07-21 12:54:33.91357+00,47,SOLUSDT,78,GATE_1_EXPIRED,f,Signal already expired,SKIPPED,2026-07-21 12:54:33.91357+00,
263449,2026-07-21 12:54:33.909961+00,49,SOLUSDT,65,GATE_1_EXPIRED,f,Signal already expired,SKIPPED,2026-07-21 12:54:33.909961+00,
263448,2026-07-21 12:54:33.904533+00,50,BTCUSDT,66,GATE_1_EXPIRED,f,Signal already expired,SKIPPED,2026-07-21 12:54:33.904533+00,
263447,2026-07-21 12:54:33.89986+00,51,ETHUSDT,63,GATE_1_EXPIRED,f,Signal already expired,SKIPPED,2026-07-21 12:54:33.89986+00,
263446,2026-07-21 12:54:18.950331+00,44,BTCUSDT,79,GATE_1_EXPIRED,f,Signal already expired,SKIPPED,2026-07-21 12:54:18.950331+00,
263445,2026-07-21 12:54:18.945056+00,45,XRPUSDT,63,GATE_1_EXPIRED,f,Signal already expired,SKIPPED,2026-07-21 12:54:18.945056+00,
263444,2026-07-21 12:54:18.939791+00,46,ETHUSDT,68,GATE_1_EXPIRED,f,Signal already expired,SKIPPED,2026-07-21 12:54:18.939791+00,
263443,2026-07-21 12:54:18.936275+00,47,SOLUSDT,78,GATE_1_EXPIRED,f,Signal already expired,SKIPPED,2026-07-21 12:54:18.936275+00,
263442,2026-07-21 12:54:18.932359+00,49,SOLUSDT,65,GATE_1_EXPIRED,f,Signal already expired,SKIPPED,2026-07-21 12:54:18.932359+00,
263441,2026-07-21 12:54:18.92862+00,50,BTCUSDT,66,GATE_1_EXPIRED,f,Signal already expired,SKIPPED,2026-07-21 12:54:18.92862+00,
263440,2026-07-21 12:54:18.919645+00,51,ETHUSDT,63,GATE_1_EXPIRED,f,Signal already expired,SKIPPED,2026-07-21 12:54:18.919645+00,
263439,2026-07-21 12:54:13.204753+00,,ETHUSDT,57,GATE_0C_REGIME,f,RegimeGate: DQS 57 < 60 required for MIXED,REJECTED,2026-07-21 12:54:13.204753+00,58d868a8f11e787e
263438,2026-07-21 12:54:13.174904+00,,BNBUSDT,79,GATE_4C_RISK,f,RiskBudgetLedger full,REJECTED,2026-07-21 12:54:13.174904+00,f4b04893eecb4a74
263437,2026-07-21 12:54:04.00032+00,44,BTCUSDT,79,GATE_1_EXPIRED,f,Signal already expired,SKIPPED,2026-07-21 12:54:04.00032+00,
263436,2026-07-21 12:54:03.990432+00,45,XRPUSDT,63,GATE_1_EXPIRED,f,Signal already expired,SKIPPED,2026-07-21 12:54:03.990432+00,
263435,2026-07-21 12:54:03.980288+00,46,ETHUSDT,68,GATE_1_EXPIRED,f,Signal already expired,SKIPPED,2026-07-21 12:54:03.980288+00,
263434,2026-07-21 12:54:03.971984+00,47,SOLUSDT,78,GATE_1_EXPIRED,f,Signal already expired,SKIPPED,2026-07-21 12:54:03.971984+00,
263433,2026-07-21 12:54:03.96485+00,49,SOLUSDT,65,GATE_1_EXPIRED,f,Signal already expired,SKIPPED,2026-07-21 12:54:03.96485+00,
263432,2026-07-21 12:54:03.950392+00,50,BTCUSDT,66,GATE_1_EXPIRED,f,Signal already expired,SKIPPED,2026-07-21 12:54:03.950392+00,
263431,2026-07-21 12:54:03.935852+00,51,ETHUSDT,63,GATE_1_EXPIRED,f,Signal already expired,SKIPPED,2026-07-21 12:54:03.935852+00,
263430,2026-07-21 12:53:48.940757+00,44,BTCUSDT,79,GATE_1_EXPIRED,f,Signal already expired,SKIPPED,2026-07-21 12:53:48.940757+00,
263429,2026-07-21 12:53:48.93685+00,45,XRPUSDT,63,GATE_1_EXPIRED,f,Signal already expired,SKIPPED,2026-07-21 12:53:48.93685+00,
263428,2026-07-21 12:53:48.930607+00,46,ETHUSDT,68,GATE_1_EXPIRED,f,Signal already expired,SKIPPED,2026-07-21 12:53:48.930607+00,
263427,2026-07-21 12:53:48.920259+00,47,SOLUSDT,78,GATE_1_EXPIRED,f,Signal already expired,SKIPPED,2026-07-21 12:53:48.920259+00,
263426,2026-07-21 12:53:48.911725+00,49,SOLUSDT,65,GATE_1_EXPIRED,f,Signal already expired,SKIPPED,2026-07-21 12:53:48.911725+00,
263425,2026-07-21 12:53:48.904427+00,50,BTCUSDT,66,GATE_1_EXPIRED,f,Signal already expired,SKIPPED,2026-07-21 12:53:48.904427+00,
263424,2026-07-21 12:53:48.894932+00,51,ETHUSDT,63,GATE_1_EXPIRED,f,Signal already expired,SKIPPED,2026-07-21 12:53:48.894932+00,
263423,2026-07-21 12:53:33.962759+00,44,BTCUSDT,79,GATE_1_EXPIRED,f,Signal already expired,SKIPPED,2026-07-21 12:53:33.962759+00,
263422,2026-07-21 12:53:33.958344+00,45,XRPUSDT,63,GATE_1_EXPIRED,f,Signal already expired,SKIPPED,2026-07-21 12:53:33.958344+00,
263421,2026-07-21 12:53:33.952356+00,46,ETHUSDT,68,GATE_1_EXPIRED,f,Signal already expired,SKIPPED,2026-07-21 12:53:33.952356+00,
263420,2026-07-21 12:53:33.948315+00,47,SOLUSDT,78,GATE_1_EXPIRED,f,Signal already expired,SKIPPED,2026-07-21 12:53:33.948315+00,
263419,2026-07-21 12:53:33.941832+00,49,SOLUSDT,65,GATE_1_EXPIRED,f,Signal already expired,SKIPPED,2026-07-21 12:53:33.941832+00,
263418,2026-07-21 12:53:33.93509+00,50,BTCUSDT,66,GATE_1_EXPIRED,f,Signal already expired,SKIPPED,2026-07-21 12:53:33.93509+00,
263417,2026-07-21 12:53:33.924893+00,51,ETHUSDT,63,GATE_1_EXPIRED,f,Signal already expired,SKIPPED,2026-07-21 12:53:33.924893+00,
263416,2026-07-21 12:53:18.973875+00,44,BTCUSDT,79,GATE_1_EXPIRED,f,Signal already expired,SKIPPED,2026-07-21 12:53:18.973875+00,
263415,2026-07-21 12:53:18.962112+00,45,XRPUSDT,63,GATE_1_EXPIRED,f,Signal already expired,SKIPPED,2026-07-21 12:53:18.962112+00,
263414,2026-07-21 12:53:18.952775+00,46,ETHUSDT,68,GATE_1_EXPIRED,f,Signal already expired,SKIPPED,2026-07-21 12:53:18.952775+00,
263413,2026-07-21 12:53:18.944037+00,47,SOLUSDT,78,GATE_1_EXPIRED,f,Signal already expired,SKIPPED,2026-07-21 12:53:18.944037+00,
263412,2026-07-21 12:53:18.935367+00,49,SOLUSDT,65,GATE_1_EXPIRED,f,Signal already expired,SKIPPED,2026-07-21 12:53:18.935367+00,
263411,2026-07-21 12:53:18.926197+00,50,BTCUSDT,66,GATE_1_EXPIRED,f,Signal already expired,SKIPPED,2026-07-21 12:53:18.926197+00,
263410,2026-07-21 12:53:18.919916+00,51,ETHUSDT,63,GATE_1_EXPIRED,f,Signal already expired,SKIPPED,2026-07-21 12:53:18.919916+00,
263409,2026-07-21 12:53:03.943237+00,44,BTCUSDT,79,GATE_1_EXPIRED,f,Signal already expired,SKIPPED,2026-07-21 12:53:03.943237+00,
263408,2026-07-21 12:53:03.938617+00,45,XRPUSDT,63,GATE_1_EXPIRED,f,Signal already expired,SKIPPED,2026-07-21 12:53:03.938617+00,
263407,2026-07-21 12:53:03.928295+00,46,ETHUSDT,68,GATE_1_EXPIRED,f,Signal already expired,SKIPPED,2026-07-21 12:53:03.928295+00,
263406,2026-07-21 12:53:03.923728+00,47,SOLUSDT,78,GATE_1_EXPIRED,f,Signal already expired,SKIPPED,2026-07-21 12:53:03.923728+00,
263405,2026-07-21 12:53:03.912218+00,49,SOLUSDT,65,GATE_1_EXPIRED,f,Signal already expired,SKIPPED,2026-07-21 12:53:03.912218+00,
263404,2026-07-21 12:53:03.904283+00,50,BTCUSDT,66,GATE_1_EXPIRED,f,Signal already expired,SKIPPED,2026-07-21 12:53:03.904283+00,
263403,2026-07-21 12:53:03.891102+00,51,ETHUSDT,63,GATE_1_EXPIRED,f,Signal already expired,SKIPPED,2026-07-21 12:53:03.891102+00,
263402,2026-07-21 12:52:48.926224+00,44,BTCUSDT,79,GATE_1_EXPIRED,f,Signal already expired,SKIPPED,2026-07-21 12:52:48.926224+00,
263401,2026-07-21 12:52:48.920601+00,45,XRPUSDT,63,GATE_1_EXPIRED,f,Signal already expired,SKIPPED,2026-07-21 12:52:48.920601+00,
263400,2026-07-21 12:52:48.916185+00,46,ETHUSDT,68,GATE_1_EXPIRED,f,Signal already expired,SKIPPED,2026-07-21 12:52:48.916185+00,
263399,2026-07-21 12:52:48.912482+00,47,SOLUSDT,78,GATE_1_EXPIRED,f,Signal already expired,SKIPPED,2026-07-21 12:52:48.912482+00,
263398,2026-07-21 12:52:48.904064+00,49,SOLUSDT,65,GATE_1_EXPIRED,f,Signal already expired,SKIPPED,2026-07-21 12:52:48.904064+00,
263397,2026-07-21 12:52:48.889308+00,50,BTCUSDT,66,GATE_1_EXPIRED,f,Signal already expired,SKIPPED,2026-07-21 12:52:48.889308+00,
263396,2026-07-21 12:52:48.88341+00,51,ETHUSDT,63,GATE_1_EXPIRED,f,Signal already expired,SKIPPED,2026-07-21 12:52:48.88341+00,
263395,2026-07-21 12:52:33.967596+00,44,BTCUSDT,79,GATE_1_EXPIRED,f,Signal already expired,SKIPPED,2026-07-21 12:52:33.967596+00,
263394,2026-07-21 12:52:33.960223+00,45,XRPUSDT,63,GATE_1_EXPIRED,f,Signal already expired,SKIPPED,2026-07-21 12:52:33.960223+00,
263393,2026-07-21 12:52:33.946245+00,46,ETHUSDT,68,GATE_1_EXPIRED,f,Signal already expired,SKIPPED,2026-07-21 12:52:33.946245+00,
263392,2026-07-21 12:52:33.932251+00,47,SOLUSDT,78,GATE_1_EXPIRED,f,Signal already expired,SKIPPED,2026-07-21 12:52:33.932251+00,
263391,2026-07-21 12:52:33.920207+00,49,SOLUSDT,65,GATE_1_EXPIRED,f,Signal already expired,SKIPPED,2026-07-21 12:52:33.920207+00,
263390,2026-07-21 12:52:33.910503+00,50,BTCUSDT,66,GATE_1_EXPIRED,f,Signal already expired,SKIPPED,2026-07-21 12:52:33.910503+00,
263389,2026-07-21 12:52:33.902552+00,51,ETHUSDT,63,GATE_1_EXPIRED,f,Signal already expired,SKIPPED,2026-07-21 12:52:33.902552+00,
263388,2026-07-21 12:52:18.93316+00,44,BTCUSDT,79,GATE_1_EXPIRED,f,Signal already expired,SKIPPED,2026-07-21 12:52:18.93316+00,
263387,2026-07-21 12:52:18.919611+00,45,XRPUSDT,63,GATE_1_EXPIRED,f,Signal already expired,SKIPPED,2026-07-21 12:52:18.919611+00,
263386,2026-07-21 12:52:18.912509+00,46,ETHUSDT,68,GATE_1_EXPIRED,f,Signal already expired,SKIPPED,2026-07-21 12:52:18.912509+00,
263385,2026-07-21 12:52:18.906732+00,47,SOLUSDT,78,GATE_1_EXPIRED,f,Signal already expired,SKIPPED,2026-07-21 12:52:18.906732+00,
263384,2026-07-21 12:52:18.899852+00,49,SOLUSDT,65,GATE_1_EXPIRED,f,Signal already expired,SKIPPED,2026-07-21 12:52:18.899852+00,
263383,2026-07-21 12:52:18.893298+00,50,BTCUSDT,66,GATE_1_EXPIRED,f,Signal already expired,SKIPPED,2026-07-21 12:52:18.893298+00,
263382,2026-07-21 12:52:18.879796+00,51,ETHUSDT,63,GATE_1_EXPIRED,f,Signal already expired,SKIPPED,2026-07-21 12:52:18.879796+00,
263381,2026-07-21 12:52:03.987022+00,44,BTCUSDT,79,GATE_1_EXPIRED,f,Signal already expired,SKIPPED,2026-07-21 12:52:03.987022+00,
263380,2026-07-21 12:52:03.97905+00,45,XRPUSDT,63,GATE_1_EXPIRED,f,Signal already expired,SKIPPED,2026-07-21 12:52:03.97905+00,
263379,2026-07-21 12:52:03.971297+00,46,ETHUSDT,68,GATE_1_EXPIRED,f,Signal already expired,SKIPPED,2026-07-21 12:52:03.971297+00,
263378,2026-07-21 12:52:03.964083+00,47,SOLUSDT,78,GATE_1_EXPIRED,f,Signal already expired,SKIPPED,2026-07-21 12:52:03.964083+00,
263377,2026-07-21 12:52:03.958926+00,49,SOLUSDT,65,GATE_1_EXPIRED,f,Signal already expired,SKIPPED,2026-07-21 12:52:03.958926+00,
263376,2026-07-21 12:52:03.954774+00,50,BTCUSDT,66,GATE_1_EXPIRED,f,Signal already expired,SKIPPED,2026-07-21 12:52:03.954774+00,
263375,2026-07-21 12:52:03.947937+00,51,ETHUSDT,63,GATE_1_EXPIRED,f,Signal already expired,SKIPPED,2026-07-21 12:52:03.947937+00,
263374,2026-07-21 12:51:48.949296+00,44,BTCUSDT,79,GATE_1_EXPIRED,f,Signal already expired,SKIPPED,2026-07-21 12:51:48.949296+00,
263373,2026-07-21 12:51:48.940262+00,45,XRPUSDT,63,GATE_1_EXPIRED,f,Signal already expired,SKIPPED,2026-07-21 12:51:48.940262+00,
263372,2026-07-21 12:51:48.93261+00,46,ETHUSDT,68,GATE_1_EXPIRED,f,Signal already expired,SKIPPED,2026-07-21 12:51:48.93261+00,
263371,2026-07-21 12:51:48.926974+00,47,SOLUSDT,78,GATE_1_EXPIRED,f,Signal already expired,SKIPPED,2026-07-21 12:51:48.926974+00,
263370,2026-07-21 12:51:48.921305+00,49,SOLUSDT,65,GATE_1_EXPIRED,f,Signal already expired,SKIPPED,2026-07-21 12:51:48.921305+00,
263369,2026-07-21 12:51:48.915191+00,50,BTCUSDT,66,GATE_1_EXPIRED,f,Signal already expired,SKIPPED,2026-07-21 12:51:48.915191+00,
263368,2026-07-21 12:51:48.907543+00,51,ETHUSDT,63,GATE_1_EXPIRED,f,Signal already expired,SKIPPED,2026-07-21 12:51:48.907543+00,
263367,2026-07-21 12:51:33.907225+00,44,BTCUSDT,79,GATE_1_EXPIRED,f,Signal already expired,SKIPPED,2026-07-21 12:51:33.907225+00,
263366,2026-07-21 12:51:33.901314+00,45,XRPUSDT,63,GATE_1_EXPIRED,f,Signal already expired,SKIPPED,2026-07-21 12:51:33.901314+00,
263365,2026-07-21 12:51:33.897689+00,46,ETHUSDT,68,GATE_1_EXPIRED,f,Signal already expired,SKIPPED,2026-07-21 12:51:33.897689+00,
263364,2026-07-21 12:51:33.895109+00,47,SOLUSDT,78,GATE_1_EXPIRED,f,Signal already expired,SKIPPED,2026-07-21 12:51:33.895109+00,
263363,2026-07-21 12:51:33.892257+00,49,SOLUSDT,65,GATE_1_EXPIRED,f,Signal already expired,SKIPPED,2026-07-21 12:51:33.892257+00,
263362,2026-07-21 12:51:33.887388+00,50,BTCUSDT,66,GATE_1_EXPIRED,f,Signal already expired,SKIPPED,2026-07-21 12:51:33.887388+00,
263361,2026-07-21 12:51:33.879881+00,51,ETHUSDT,63,GATE_1_EXPIRED,f,Signal already expired,SKIPPED,2026-07-21 12:51:33.879881+00,
263360,2026-07-21 12:51:18.919334+00,44,BTCUSDT,79,GATE_1_EXPIRED,f,Signal already expired,SKIPPED,2026-07-21 12:51:18.919334+00,
263359,2026-07-21 12:51:18.910851+00,45,XRPUSDT,63,GATE_1_EXPIRED,f,Signal already expired,SKIPPED,2026-07-21 12:51:18.910851+00,
263358,2026-07-21 12:51:18.899241+00,46,ETHUSDT,68,GATE_1_EXPIRED,f,Signal already expired,SKIPPED,2026-07-21 12:51:18.899241+00,
263357,2026-07-21 12:51:18.889801+00,47,SOLUSDT,78,GATE_1_EXPIRED,f,Signal already expired,SKIPPED,2026-07-21 12:51:18.889801+00,
263356,2026-07-21 12:51:18.885679+00,49,SOLUSDT,65,GATE_1_EXPIRED,f,Signal already expired,SKIPPED,2026-07-21 12:51:18.885679+00,
263355,2026-07-21 12:51:18.881443+00,50,BTCUSDT,66,GATE_1_EXPIRED,f,Signal already expired,SKIPPED,2026-07-21 12:51:18.881443+00,
263354,2026-07-21 12:51:18.875758+00,51,ETHUSDT,63,GATE_1_EXPIRED,f,Signal already expired,SKIPPED,2026-07-21 12:51:18.875758+00,
263353,2026-07-21 12:51:03.877296+00,44,BTCUSDT,79,GATE_1_EXPIRED,f,Signal already expired,SKIPPED,2026-07-21 12:51:03.877296+00,
263352,2026-07-21 12:51:03.871852+00,45,XRPUSDT,63,GATE_1_EXPIRED,f,Signal already expired,SKIPPED,2026-07-21 12:51:03.871852+00,
263351,2026-07-21 12:51:03.86685+00,46,ETHUSDT,68,GATE_1_EXPIRED,f,Signal already expired,SKIPPED,2026-07-21 12:51:03.86685+00,
263350,2026-07-21 12:51:03.862881+00,47,SOLUSDT,78,GATE_1_EXPIRED,f,Signal already expired,SKIPPED,2026-07-21 12:51:03.862881+00,
263349,2026-07-21 12:51:03.859015+00,49,SOLUSDT,65,GATE_1_EXPIRED,f,Signal already expired,SKIPPED,2026-07-21 12:51:03.859015+00,
263348,2026-07-21 12:51:03.85532+00,50,BTCUSDT,66,GATE_1_EXPIRED,f,Signal already expired,SKIPPED,2026-07-21 12:51:03.85532+00,
263347,2026-07-21 12:51:03.848768+00,51,ETHUSDT,63,GATE_1_EXPIRED,f,Signal already expired,SKIPPED,2026-07-21 12:51:03.848768+00,
263346,2026-07-21 12:50:48.902445+00,44,BTCUSDT,79,GATE_1_EXPIRED,f,Signal already expired,SKIPPED,2026-07-21 12:50:48.902445+00,
263345,2026-07-21 12:50:48.896527+00,45,XRPUSDT,63,GATE_1_EXPIRED,f,Signal already expired,SKIPPED,2026-07-21 12:50:48.896527+00,
263344,2026-07-21 12:50:48.890711+00,46,ETHUSDT,68,GATE_1_EXPIRED,f,Signal already expired,SKIPPED,2026-07-21 12:50:48.890711+00,
263343,2026-07-21 12:50:48.885127+00,47,SOLUSDT,78,GATE_1_EXPIRED,f,Signal already expired,SKIPPED,2026-07-21 12:50:48.885127+00,
263342,2026-07-21 12:50:48.879659+00,49,SOLUSDT,65,GATE_1_EXPIRED,f,Signal already expired,SKIPPED,2026-07-21 12:50:48.879659+00,
263341,2026-07-21 12:50:48.875399+00,50,BTCUSDT,66,GATE_1_EXPIRED,f,Signal already expired,SKIPPED,2026-07-21 12:50:48.875399+00,
263340,2026-07-21 12:50:48.869849+00,51,ETHUSDT,63,GATE_1_EXPIRED,f,Signal already expired,SKIPPED,2026-07-21 12:50:48.869849+00,
263339,2026-07-21 12:50:33.88484+00,44,BTCUSDT,79,GATE_1_EXPIRED,f,Signal already expired,SKIPPED,2026-07-21 12:50:33.88484+00,
263338,2026-07-21 12:50:33.87814+00,45,XRPUSDT,63,GATE_1_EXPIRED,f,Signal already expired,SKIPPED,2026-07-21 12:50:33.87814+00,
263337,2026-07-21 12:50:33.870825+00,46,ETHUSDT,68,GATE_1_EXPIRED,f,Signal already expired,SKIPPED,2026-07-21 12:50:33.870825+00,
263336,2026-07-21 12:50:33.865225+00,47,SOLUSDT,78,GATE_1_EXPIRED,f,Signal already expired,SKIPPED,2026-07-21 12:50:33.865225+00,
263335,2026-07-21 12:50:33.860645+00,49,SOLUSDT,65,GATE_1_EXPIRED,f,Signal already expired,SKIPPED,2026-07-21 12:50:33.860645+00,
263334,2026-07-21 12:50:33.857004+00,50,BTCUSDT,66,GATE_1_EXPIRED,f,Signal already expired,SKIPPED,2026-07-21 12:50:33.857004+00,
263333,2026-07-21 12:50:33.851897+00,51,ETHUSDT,63,GATE_1_EXPIRED,f,Signal already expired,SKIPPED,2026-07-21 12:50:33.851897+00,
263332,2026-07-21 12:50:18.885574+00,44,BTCUSDT,79,GATE_1_EXPIRED,f,Signal already expired,SKIPPED,2026-07-21 12:50:18.885574+00,
263331,2026-07-21 12:50:18.880855+00,45,XRPUSDT,63,GATE_1_EXPIRED,f,Signal already expired,SKIPPED,2026-07-21 12:50:18.880855+00,
263330,2026-07-21 12:50:18.87601+00,46,ETHUSDT,68,GATE_1_EXPIRED,f,Signal already expired,SKIPPED,2026-07-21 12:50:18.87601+00,
263329,2026-07-21 12:50:18.872056+00,47,SOLUSDT,78,GATE_1_EXPIRED,f,Signal already expired,SKIPPED,2026-07-21 12:50:18.872056+00,
263328,2026-07-21 12:50:18.868421+00,49,SOLUSDT,65,GATE_1_EXPIRED,f,Signal already expired,SKIPPED,2026-07-21 12:50:18.868421+00,
263327,2026-07-21 12:50:18.862284+00,50,BTCUSDT,66,GATE_1_EXPIRED,f,Signal already expired,SKIPPED,2026-07-21 12:50:18.862284+00,
263326,2026-07-21 12:50:18.853844+00,51,ETHUSDT,63,GATE_1_EXPIRED,f,Signal already expired,SKIPPED,2026-07-21 12:50:18.853844+00,
263325,2026-07-21 12:50:03.920663+00,44,BTCUSDT,79,GATE_1_EXPIRED,f,Signal already expired,SKIPPED,2026-07-21 12:50:03.920663+00,
263324,2026-07-21 12:50:03.915873+00,45,XRPUSDT,63,GATE_1_EXPIRED,f,Signal already expired,SKIPPED,2026-07-21 12:50:03.915873+00,
263323,2026-07-21 12:50:03.910628+00,46,ETHUSDT,68,GATE_1_EXPIRED,f,Signal already expired,SKIPPED,2026-07-21 12:50:03.910628+00,
263322,2026-07-21 12:50:03.905737+00,47,SOLUSDT,78,GATE_1_EXPIRED,f,Signal already expired,SKIPPED,2026-07-21 12:50:03.905737+00,
263321,2026-07-21 12:50:03.90095+00,49,SOLUSDT,65,GATE_1_EXPIRED,f,Signal already expired,SKIPPED,2026-07-21 12:50:03.90095+00,
263320,2026-07-21 12:50:03.896185+00,50,BTCUSDT,66,GATE_1_EXPIRED,f,Signal already expired,SKIPPED,2026-07-21 12:50:03.896185+00,
263319,2026-07-21 12:50:03.887542+00,51,ETHUSDT,63,GATE_1_EXPIRED,f,Signal already expired,SKIPPED,2026-07-21 12:50:03.887542+00,
263318,2026-07-21 12:49:48.922596+00,44,BTCUSDT,79,GATE_1_EXPIRED,f,Signal already expired,SKIPPED,2026-07-21 12:49:48.922596+00,
263317,2026-07-21 12:49:48.91605+00,45,XRPUSDT,63,GATE_1_EXPIRED,f,Signal already expired,SKIPPED,2026-07-21 12:49:48.91605+00,
263316,2026-07-21 12:49:48.911702+00,46,ETHUSDT,68,GATE_1_EXPIRED,f,Signal already expired,SKIPPED,2026-07-21 12:49:48.911702+00,
263315,2026-07-21 12:49:48.907438+00,47,SOLUSDT,78,GATE_1_EXPIRED,f,Signal already expired,SKIPPED,2026-07-21 12:49:48.907438+00,
263314,2026-07-21 12:49:48.903131+00,49,SOLUSDT,65,GATE_1_EXPIRED,f,Signal already expired,SKIPPED,2026-07-21 12:49:48.903131+00,
263313,2026-07-21 12:49:48.899193+00,50,BTCUSDT,66,GATE_1_EXPIRED,f,Signal already expired,SKIPPED,2026-07-21 12:49:48.899193+00,
263312,2026-07-21 12:49:48.893616+00,51,ETHUSDT,63,GATE_1_EXPIRED,f,Signal already expired,SKIPPED,2026-07-21 12:49:48.893616+00,
263311,2026-07-21 12:49:33.858266+00,44,BTCUSDT,79,GATE_1_EXPIRED,f,Signal already expired,SKIPPED,2026-07-21 12:49:33.858266+00,
263310,2026-07-21 12:49:33.853231+00,45,XRPUSDT,63,GATE_1_EXPIRED,f,Signal already expired,SKIPPED,2026-07-21 12:49:33.853231+00,
263309,2026-07-21 12:49:33.850504+00,46,ETHUSDT,68,GATE_1_EXPIRED,f,Signal already expired,SKIPPED,2026-07-21 12:49:33.850504+00,
263308,2026-07-21 12:49:33.847853+00,47,SOLUSDT,78,GATE_1_EXPIRED,f,Signal already expired,SKIPPED,2026-07-21 12:49:33.847853+00,
263307,2026-07-21 12:49:33.841666+00,49,SOLUSDT,65,GATE_1_EXPIRED,f,Signal already expired,SKIPPED,2026-07-21 12:49:33.841666+00,
263306,2026-07-21 12:49:33.838886+00,50,BTCUSDT,66,GATE_1_EXPIRED,f,Signal already expired,SKIPPED,2026-07-21 12:49:33.838886+00,
263305,2026-07-21 12:49:33.831326+00,51,ETHUSDT,63,GATE_1_EXPIRED,f,Signal already expired,SKIPPED,2026-07-21 12:49:33.831326+00,
263304,2026-07-21 12:49:18.889311+00,44,BTCUSDT,79,GATE_1_EXPIRED,f,Signal already expired,SKIPPED,2026-07-21 12:49:18.889311+00,
263303,2026-07-21 12:49:18.884832+00,45,XRPUSDT,63,GATE_1_EXPIRED,f,Signal already expired,SKIPPED,2026-07-21 12:49:18.884832+00,
263302,2026-07-21 12:49:18.88106+00,46,ETHUSDT,68,GATE_1_EXPIRED,f,Signal already expired,SKIPPED,2026-07-21 12:49:18.88106+00,
263301,2026-07-21 12:49:18.877233+00,47,SOLUSDT,78,GATE_1_EXPIRED,f,Signal already expired,SKIPPED,2026-07-21 12:49:18.877233+00,
263300,2026-07-21 12:49:18.872114+00,49,SOLUSDT,65,GATE_1_EXPIRED,f,Signal already expired,SKIPPED,2026-07-21 12:49:18.872114+00,
263299,2026-07-21 12:49:18.866354+00,50,BTCUSDT,66,GATE_1_EXPIRED,f,Signal already expired,SKIPPED,2026-07-21 12:49:18.866354+00,
263298,2026-07-21 12:49:18.860858+00,51,ETHUSDT,63,GATE_1_EXPIRED,f,Signal already expired,SKIPPED,2026-07-21 12:49:18.860858+00,
263297,2026-07-21 12:49:03.877419+00,44,BTCUSDT,79,GATE_1_EXPIRED,f,Signal already expired,SKIPPED,2026-07-21 12:49:03.877419+00,
263296,2026-07-21 12:49:03.872375+00,45,XRPUSDT,63,GATE_1_EXPIRED,f,Signal already expired,SKIPPED,2026-07-21 12:49:03.872375+00,
263295,2026-07-21 12:49:03.867394+00,46,ETHUSDT,68,GATE_1_EXPIRED,f,Signal already expired,SKIPPED,2026-07-21 12:49:03.867394+00,
263294,2026-07-21 12:49:03.862444+00,47,SOLUSDT,78,GATE_1_EXPIRED,f,Signal already expired,SKIPPED,2026-07-21 12:49:03.862444+00,
263293,2026-07-21 12:49:03.857222+00,49,SOLUSDT,65,GATE_1_EXPIRED,f,Signal already expired,SKIPPED,2026-07-21 12:49:03.857222+00,
263292,2026-07-21 12:49:03.84914+00,50,BTCUSDT,66,GATE_1_EXPIRED,f,Signal already expired,SKIPPED,2026-07-21 12:49:03.84914+00,
263291,2026-07-21 12:49:03.839617+00,51,ETHUSDT,63,GATE_1_EXPIRED,f,Signal already expired,SKIPPED,2026-07-21 12:49:03.839617+00,
263290,2026-07-21 12:48:55.901173+00,,ETHUSDT,57,GATE_0C_REGIME,f,RegimeGate: DQS 57 < 60 required for MIXED,REJECTED,2026-07-21 12:48:55.901173+00,930742a948cae20a
263289,2026-07-21 12:48:55.881395+00,,BNBUSDT,79,GATE_4C_RISK,f,RiskBudgetLedger full,REJECTED,2026-07-21 12:48:55.881395+00,3c91543867e27620
263288,2026-07-21 12:48:48.900876+00,44,BTCUSDT,79,GATE_1_EXPIRED,f,Signal already expired,SKIPPED,2026-07-21 12:48:48.900876+00,
263287,2026-07-21 12:48:48.896296+00,45,XRPUSDT,63,GATE_1_EXPIRED,f,Signal already expired,SKIPPED,2026-07-21 12:48:48.896296+00,
263286,2026-07-21 12:48:48.889246+00,46,ETHUSDT,68,GATE_1_EXPIRED,f,Signal already expired,SKIPPED,2026-07-21 12:48:48.889246+00,
263285,2026-07-21 12:48:48.88326+00,47,SOLUSDT,78,GATE_1_EXPIRED,f,Signal already expired,SKIPPED,2026-07-21 12:48:48.88326+00,
263284,2026-07-21 12:48:48.877278+00,49,SOLUSDT,65,GATE_1_EXPIRED,f,Signal already expired,SKIPPED,2026-07-21 12:48:48.877278+00,
263283,2026-07-21 12:48:48.87121+00,50,BTCUSDT,66,GATE_1_EXPIRED,f,Signal already expired,SKIPPED,2026-07-21 12:48:48.87121+00,
263282,2026-07-21 12:48:48.862274+00,51,ETHUSDT,63,GATE_1_EXPIRED,f,Signal already expired,SKIPPED,2026-07-21 12:48:48.862274+00,
263281,2026-07-21 12:48:33.877282+00,44,BTCUSDT,79,GATE_1_EXPIRED,f,Signal already expired,SKIPPED,2026-07-21 12:48:33.877282+00,
263280,2026-07-21 12:48:33.872489+00,45,XRPUSDT,63,GATE_1_EXPIRED,f,Signal already expired,SKIPPED,2026-07-21 12:48:33.872489+00,
263279,2026-07-21 12:48:33.86775+00,46,ETHUSDT,68,GATE_1_EXPIRED,f,Signal already expired,SKIPPED,2026-07-21 12:48:33.86775+00,
263278,2026-07-21 12:48:33.863225+00,47,SOLUSDT,78,GATE_1_EXPIRED,f,Signal already expired,SKIPPED,2026-07-21 12:48:33.863225+00,
263277,2026-07-21 12:48:33.858649+00,49,SOLUSDT,65,GATE_1_EXPIRED,f,Signal already expired,SKIPPED,2026-07-21 12:48:33.858649+00,
263276,2026-07-21 12:48:33.853573+00,50,BTCUSDT,66,GATE_1_EXPIRED,f,Signal already expired,SKIPPED,2026-07-21 12:48:33.853573+00,
263275,2026-07-21 12:48:33.84592+00,51,ETHUSDT,63,GATE_1_EXPIRED,f,Signal already expired,SKIPPED,2026-07-21 12:48:33.84592+00,
263274,2026-07-21 12:48:18.890065+00,44,BTCUSDT,79,GATE_1_EXPIRED,f,Signal already expired,SKIPPED,2026-07-21 12:48:18.890065+00,
263273,2026-07-21 12:48:18.884645+00,45,XRPUSDT,63,GATE_1_EXPIRED,f,Signal already expired,SKIPPED,2026-07-21 12:48:18.884645+00,
263272,2026-07-21 12:48:18.879229+00,46,ETHUSDT,68,GATE_1_EXPIRED,f,Signal already expired,SKIPPED,2026-07-21 12:48:18.879229+00,
263271,2026-07-21 12:48:18.872243+00,47,SOLUSDT,78,GATE_1_EXPIRED,f,Signal already expired,SKIPPED,2026-07-21 12:48:18.872243+00,
263270,2026-07-21 12:48:18.867858+00,49,SOLUSDT,65,GATE_1_EXPIRED,f,Signal already expired,SKIPPED,2026-07-21 12:48:18.867858+00,
263269,2026-07-21 12:48:18.862256+00,50,BTCUSDT,66,GATE_1_EXPIRED,f,Signal already expired,SKIPPED,2026-07-21 12:48:18.862256+00,
263268,2026-07-21 12:48:18.855851+00,51,ETHUSDT,63,GATE_1_EXPIRED,f,Signal already expired,SKIPPED,2026-07-21 12:48:18.855851+00,
263267,2026-07-21 12:48:03.883789+00,44,BTCUSDT,79,GATE_1_EXPIRED,f,Signal already expired,SKIPPED,2026-07-21 12:48:03.883789+00,
263266,2026-07-21 12:48:03.877446+00,45,XRPUSDT,63,GATE_1_EXPIRED,f,Signal already expired,SKIPPED,2026-07-21 12:48:03.877446+00,
263265,2026-07-21 12:48:03.874873+00,46,ETHUSDT,68,GATE_1_EXPIRED,f,Signal already expired,SKIPPED,2026-07-21 12:48:03.874873+00,
263264,2026-07-21 12:48:03.870217+00,47,SOLUSDT,78,GATE_1_EXPIRED,f,Signal already expired,SKIPPED,2026-07-21 12:48:03.870217+00,
263263,2026-07-21 12:48:03.864091+00,49,SOLUSDT,65,GATE_1_EXPIRED,f,Signal already expired,SKIPPED,2026-07-21 12:48:03.864091+00,
263262,2026-07-21 12:48:03.861281+00,50,BTCUSDT,66,GATE_1_EXPIRED,f,Signal already expired,SKIPPED,2026-07-21 12:48:03.861281+00,
263261,2026-07-21 12:48:03.856191+00,51,ETHUSDT,63,GATE_1_EXPIRED,f,Signal already expired,SKIPPED,2026-07-21 12:48:03.856191+00,
263260,2026-07-21 12:47:48.880665+00,44,BTCUSDT,79,GATE_1_EXPIRED,f,Signal already expired,SKIPPED,2026-07-21 12:47:48.880665+00,
263259,2026-07-21 12:47:48.875689+00,45,XRPUSDT,63,GATE_1_EXPIRED,f,Signal already expired,SKIPPED,2026-07-21 12:47:48.875689+00,
263258,2026-07-21 12:47:48.869526+00,46,ETHUSDT,68,GATE_1_EXPIRED,f,Signal already expired,SKIPPED,2026-07-21 12:47:48.869526+00,
263257,2026-07-21 12:47:48.862316+00,47,SOLUSDT,78,GATE_1_EXPIRED,f,Signal already expired,SKIPPED,2026-07-21 12:47:48.862316+00,
263256,2026-07-21 12:47:48.853988+00,49,SOLUSDT,65,GATE_1_EXPIRED,f,Signal already expired,SKIPPED,2026-07-21 12:47:48.853988+00,
263255,2026-07-21 12:47:48.845279+00,50,BTCUSDT,66,GATE_1_EXPIRED,f,Signal already expired,SKIPPED,2026-07-21 12:47:48.845279+00,
263254,2026-07-21 12:47:48.827926+00,51,ETHUSDT,63,GATE_1_EXPIRED,f,Signal already expired,SKIPPED,2026-07-21 12:47:48.827926+00,
263253,2026-07-21 12:47:33.878321+00,44,BTCUSDT,79,GATE_1_EXPIRED,f,Signal already expired,SKIPPED,2026-07-21 12:47:33.878321+00,
263252,2026-07-21 12:47:33.871402+00,45,XRPUSDT,63,GATE_1_EXPIRED,f,Signal already expired,SKIPPED,2026-07-21 12:47:33.871402+00,
263251,2026-07-21 12:47:33.866141+00,46,ETHUSDT,68,GATE_1_EXPIRED,f,Signal already expired,SKIPPED,2026-07-21 12:47:33.866141+00,
263250,2026-07-21 12:47:33.862395+00,47,SOLUSDT,78,GATE_1_EXPIRED,f,Signal already expired,SKIPPED,2026-07-21 12:47:33.862395+00,
263249,2026-07-21 12:47:33.854075+00,49,SOLUSDT,65,GATE_1_EXPIRED,f,Signal already expired,SKIPPED,2026-07-21 12:47:33.854075+00,
263248,2026-07-21 12:47:33.849278+00,50,BTCUSDT,66,GATE_1_EXPIRED,f,Signal already expired,SKIPPED,2026-07-21 12:47:33.849278+00,
263247,2026-07-21 12:47:33.841845+00,51,ETHUSDT,63,GATE_1_EXPIRED,f,Signal already expired,SKIPPED,2026-07-21 12:47:33.841845+00,
263246,2026-07-21 12:47:18.907426+00,44,BTCUSDT,79,GATE_1_EXPIRED,f,Signal already expired,SKIPPED,2026-07-21 12:47:18.907426+00,
263245,2026-07-21 12:47:18.901644+00,45,XRPUSDT,63,GATE_1_EXPIRED,f,Signal already expired,SKIPPED,2026-07-21 12:47:18.901644+00,
263244,2026-07-21 12:47:18.892982+00,46,ETHUSDT,68,GATE_1_EXPIRED,f,Signal already expired,SKIPPED,2026-07-21 12:47:18.892982+00,
263243,2026-07-21 12:47:18.879231+00,47,SOLUSDT,78,GATE_1_EXPIRED,f,Signal already expired,SKIPPED,2026-07-21 12:47:18.879231+00,
263242,2026-07-21 12:47:18.872685+00,49,SOLUSDT,65,GATE_1_EXPIRED,f,Signal already expired,SKIPPED,2026-07-21 12:47:18.872685+00,
263241,2026-07-21 12:47:18.8533+00,50,BTCUSDT,66,GATE_1_EXPIRED,f,Signal already expired,SKIPPED,2026-07-21 12:47:18.8533+00,
263240,2026-07-21 12:47:18.842884+00,51,ETHUSDT,63,GATE_1_EXPIRED,f,Signal already expired,SKIPPED,2026-07-21 12:47:18.842884+00,
263239,2026-07-21 12:47:03.910249+00,44,BTCUSDT,79,GATE_1_EXPIRED,f,Signal already expired,SKIPPED,2026-07-21 12:47:03.910249+00,
263238,2026-07-21 12:47:03.901963+00,45,XRPUSDT,63,GATE_1_EXPIRED,f,Signal already expired,SKIPPED,2026-07-21 12:47:03.901963+00,
263237,2026-07-21 12:47:03.89656+00,46,ETHUSDT,68,GATE_1_EXPIRED,f,Signal already expired,SKIPPED,2026-07-21 12:47:03.89656+00,
263236,2026-07-21 12:47:03.889001+00,47,SOLUSDT,78,GATE_1_EXPIRED,f,Signal already expired,SKIPPED,2026-07-21 12:47:03.889001+00,
263235,2026-07-21 12:47:03.876836+00,49,SOLUSDT,65,GATE_1_EXPIRED,f,Signal already expired,SKIPPED,2026-07-21 12:47:03.876836+00,
263234,2026-07-21 12:47:03.866311+00,50,BTCUSDT,66,GATE_1_EXPIRED,f,Signal already expired,SKIPPED,2026-07-21 12:47:03.866311+00,
263233,2026-07-21 12:47:03.853845+00,51,ETHUSDT,63,GATE_1_EXPIRED,f,Signal already expired,SKIPPED,2026-07-21 12:47:03.853845+00,
263232,2026-07-21 12:46:48.89176+00,44,BTCUSDT,79,GATE_1_EXPIRED,f,Signal already expired,SKIPPED,2026-07-21 12:46:48.89176+00,
263231,2026-07-21 12:46:48.8865+00,45,XRPUSDT,63,GATE_1_EXPIRED,f,Signal already expired,SKIPPED,2026-07-21 12:46:48.8865+00,
263230,2026-07-21 12:46:48.883799+00,46,ETHUSDT,68,GATE_1_EXPIRED,f,Signal already expired,SKIPPED,2026-07-21 12:46:48.883799+00,
263229,2026-07-21 12:46:48.876853+00,47,SOLUSDT,78,GATE_1_EXPIRED,f,Signal already expired,SKIPPED,2026-07-21 12:46:48.876853+00,
263228,2026-07-21 12:46:48.86907+00,49,SOLUSDT,65,GATE_1_EXPIRED,f,Signal already expired,SKIPPED,2026-07-21 12:46:48.86907+00,
263227,2026-07-21 12:46:48.866362+00,50,BTCUSDT,66,GATE_1_EXPIRED,f,Signal already expired,SKIPPED,2026-07-21 12:46:48.866362+00,
263226,2026-07-21 12:46:48.851377+00,51,ETHUSDT,63,GATE_1_EXPIRED,f,Signal already expired,SKIPPED,2026-07-21 12:46:48.851377+00,
263225,2026-07-21 12:46:33.858855+00,44,BTCUSDT,79,GATE_1_EXPIRED,f,Signal already expired,SKIPPED,2026-07-21 12:46:33.858855+00,
263224,2026-07-21 12:46:33.853867+00,45,XRPUSDT,63,GATE_1_EXPIRED,f,Signal already expired,SKIPPED,2026-07-21 12:46:33.853867+00,
263223,2026-07-21 12:46:33.847314+00,46,ETHUSDT,68,GATE_1_EXPIRED,f,Signal already expired,SKIPPED,2026-07-21 12:46:33.847314+00,
263222,2026-07-21 12:46:33.841669+00,47,SOLUSDT,78,GATE_1_EXPIRED,f,Signal already expired,SKIPPED,2026-07-21 12:46:33.841669+00,
263221,2026-07-21 12:46:33.837407+00,49,SOLUSDT,65,GATE_1_EXPIRED,f,Signal already expired,SKIPPED,2026-07-21 12:46:33.837407+00,
263220,2026-07-21 12:46:33.831313+00,50,BTCUSDT,66,GATE_1_EXPIRED,f,Signal already expired,SKIPPED,2026-07-21 12:46:33.831313+00,
263219,2026-07-21 12:46:33.818858+00,51,ETHUSDT,63,GATE_1_EXPIRED,f,Signal already expired,SKIPPED,2026-07-21 12:46:33.818858+00,
263218,2026-07-21 12:46:18.817975+00,44,BTCUSDT,79,GATE_1_EXPIRED,f,Signal already expired,SKIPPED,2026-07-21 12:46:18.817975+00,
263217,2026-07-21 12:46:18.815328+00,45,XRPUSDT,63,GATE_1_EXPIRED,f,Signal already expired,SKIPPED,2026-07-21 12:46:18.815328+00,
263216,2026-07-21 12:46:18.81221+00,46,ETHUSDT,68,GATE_1_EXPIRED,f,Signal already expired,SKIPPED,2026-07-21 12:46:18.81221+00,
263215,2026-07-21 12:46:18.808891+00,47,SOLUSDT,78,GATE_1_EXPIRED,f,Signal already expired,SKIPPED,2026-07-21 12:46:18.808891+00,
263214,2026-07-21 12:46:18.806169+00,49,SOLUSDT,65,GATE_1_EXPIRED,f,Signal already expired,SKIPPED,2026-07-21 12:46:18.806169+00,
263213,2026-07-21 12:46:18.803268+00,50,BTCUSDT,66,GATE_1_EXPIRED,f,Signal already expired,SKIPPED,2026-07-21 12:46:18.803268+00,
263212,2026-07-21 12:46:18.798924+00,51,ETHUSDT,63,GATE_1_EXPIRED,f,Signal already expired,SKIPPED,2026-07-21 12:46:18.798924+00,
263211,2026-07-21 12:46:03.874213+00,44,BTCUSDT,79,GATE_1_EXPIRED,f,Signal already expired,SKIPPED,2026-07-21 12:46:03.874213+00,
263210,2026-07-21 12:46:03.868853+00,45,XRPUSDT,63,GATE_1_EXPIRED,f,Signal already expired,SKIPPED,2026-07-21 12:46:03.868853+00,
263209,2026-07-21 12:46:03.86201+00,46,ETHUSDT,68,GATE_1_EXPIRED,f,Signal already expired,SKIPPED,2026-07-21 12:46:03.86201+00,
263208,2026-07-21 12:46:03.854182+00,47,SOLUSDT,78,GATE_1_EXPIRED,f,Signal already expired,SKIPPED,2026-07-21 12:46:03.854182+00,
263207,2026-07-21 12:46:03.847514+00,49,SOLUSDT,65,GATE_1_EXPIRED,f,Signal already expired,SKIPPED,2026-07-21 12:46:03.847514+00,
263206,2026-07-21 12:46:03.841267+00,50,BTCUSDT,66,GATE_1_EXPIRED,f,Signal already expired,SKIPPED,2026-07-21 12:46:03.841267+00,
263205,2026-07-21 12:46:03.836415+00,51,ETHUSDT,63,GATE_1_EXPIRED,f,Signal already expired,SKIPPED,2026-07-21 12:46:03.836415+00,
263204,2026-07-21 12:45:48.836587+00,44,BTCUSDT,79,GATE_1_EXPIRED,f,Signal already expired,SKIPPED,2026-07-21 12:45:48.836587+00,
263203,2026-07-21 12:45:48.830868+00,45,XRPUSDT,63,GATE_1_EXPIRED,f,Signal already expired,SKIPPED,2026-07-21 12:45:48.830868+00,
263202,2026-07-21 12:45:48.825388+00,46,ETHUSDT,68,GATE_1_EXPIRED,f,Signal already expired,SKIPPED,2026-07-21 12:45:48.825388+00,
263201,2026-07-21 12:45:48.819641+00,47,SOLUSDT,78,GATE_1_EXPIRED,f,Signal already expired,SKIPPED,2026-07-21 12:45:48.819641+00,
263200,2026-07-21 12:45:48.812669+00,49,SOLUSDT,65,GATE_1_EXPIRED,f,Signal already expired,SKIPPED,2026-07-21 12:45:48.812669+00,
263199,2026-07-21 12:45:48.809288+00,50,BTCUSDT,66,GATE_1_EXPIRED,f,Signal already expired,SKIPPED,2026-07-21 12:45:48.809288+00,
263198,2026-07-21 12:45:48.799912+00,51,ETHUSDT,63,GATE_1_EXPIRED,f,Signal already expired,SKIPPED,2026-07-21 12:45:48.799912+00,
263197,2026-07-21 12:45:33.884409+00,44,BTCUSDT,79,GATE_1_EXPIRED,f,Signal already expired,SKIPPED,2026-07-21 12:45:33.884409+00,
263196,2026-07-21 12:45:33.877339+00,45,XRPUSDT,63,GATE_1_EXPIRED,f,Signal already expired,SKIPPED,2026-07-21 12:45:33.877339+00,
263195,2026-07-21 12:45:33.871888+00,46,ETHUSDT,68,GATE_1_EXPIRED,f,Signal already expired,SKIPPED,2026-07-21 12:45:33.871888+00,
263194,2026-07-21 12:45:33.86411+00,47,SOLUSDT,78,GATE_1_EXPIRED,f,Signal already expired,SKIPPED,2026-07-21 12:45:33.86411+00,
263193,2026-07-21 12:45:33.856873+00,49,SOLUSDT,65,GATE_1_EXPIRED,f,Signal already expired,SKIPPED,2026-07-21 12:45:33.856873+00,
263192,2026-07-21 12:45:33.848457+00,50,BTCUSDT,66,GATE_1_EXPIRED,f,Signal already expired,SKIPPED,2026-07-21 12:45:33.848457+00,
263191,2026-07-21 12:45:33.830098+00,51,ETHUSDT,63,GATE_1_EXPIRED,f,Signal already expired,SKIPPED,2026-07-21 12:45:33.830098+00,
263190,2026-07-21 12:45:18.871561+00,44,BTCUSDT,79,GATE_1_EXPIRED,f,Signal already expired,SKIPPED,2026-07-21 12:45:18.871561+00,
263189,2026-07-21 12:45:18.866344+00,45,XRPUSDT,63,GATE_1_EXPIRED,f,Signal already expired,SKIPPED,2026-07-21 12:45:18.866344+00,
263188,2026-07-21 12:45:18.862392+00,46,ETHUSDT,68,GATE_1_EXPIRED,f,Signal already expired,SKIPPED,2026-07-21 12:45:18.862392+00,
263187,2026-07-21 12:45:18.858252+00,47,SOLUSDT,78,GATE_1_EXPIRED,f,Signal already expired,SKIPPED,2026-07-21 12:45:18.858252+00,
263186,2026-07-21 12:45:18.854037+00,49,SOLUSDT,65,GATE_1_EXPIRED,f,Signal already expired,SKIPPED,2026-07-21 12:45:18.854037+00,
263185,2026-07-21 12:45:18.845019+00,50,BTCUSDT,66,GATE_1_EXPIRED,f,Signal already expired,SKIPPED,2026-07-21 12:45:18.845019+00,
263184,2026-07-21 12:45:18.836863+00,51,ETHUSDT,63,GATE_1_EXPIRED,f,Signal already expired,SKIPPED,2026-07-21 12:45:18.836863+00,
263183,2026-07-21 12:45:03.876664+00,44,BTCUSDT,79,GATE_1_EXPIRED,f,Signal already expired,SKIPPED,2026-07-21 12:45:03.876664+00,
263182,2026-07-21 12:45:03.867043+00,45,XRPUSDT,63,GATE_1_EXPIRED,f,Signal already expired,SKIPPED,2026-07-21 12:45:03.867043+00,
263181,2026-07-21 12:45:03.86176+00,46,ETHUSDT,68,GATE_1_EXPIRED,f,Signal already expired,SKIPPED,2026-07-21 12:45:03.86176+00,
263180,2026-07-21 12:45:03.850989+00,47,SOLUSDT,78,GATE_1_EXPIRED,f,Signal already expired,SKIPPED,2026-07-21 12:45:03.850989+00,
263179,2026-07-21 12:45:03.845235+00,49,SOLUSDT,65,GATE_1_EXPIRED,f,Signal already expired,SKIPPED,2026-07-21 12:45:03.845235+00,
263178,2026-07-21 12:45:03.837603+00,50,BTCUSDT,66,GATE_1_EXPIRED,f,Signal already expired,SKIPPED,2026-07-21 12:45:03.837603+00,
263177,2026-07-21 12:45:03.829914+00,51,ETHUSDT,63,GATE_1_EXPIRED,f,Signal already expired,SKIPPED,2026-07-21 12:45:03.829914+00,
263176,2026-07-21 12:44:48.887564+00,44,BTCUSDT,79,GATE_1_EXPIRED,f,Signal already expired,SKIPPED,2026-07-21 12:44:48.887564+00,
263175,2026-07-21 12:44:48.882219+00,45,XRPUSDT,63,GATE_1_EXPIRED,f,Signal already expired,SKIPPED,2026-07-21 12:44:48.882219+00,
263174,2026-07-21 12:44:48.87695+00,46,ETHUSDT,68,GATE_1_EXPIRED,f,Signal already expired,SKIPPED,2026-07-21 12:44:48.87695+00,
263173,2026-07-21 12:44:48.871693+00,47,SOLUSDT,78,GATE_1_EXPIRED,f,Signal already expired,SKIPPED,2026-07-21 12:44:48.871693+00,
263172,2026-07-21 12:44:48.866604+00,49,SOLUSDT,65,GATE_1_EXPIRED,f,Signal already expired,SKIPPED,2026-07-21 12:44:48.866604+00,
263171,2026-07-21 12:44:48.858183+00,50,BTCUSDT,66,GATE_1_EXPIRED,f,Signal already expired,SKIPPED,2026-07-21 12:44:48.858183+00,
263170,2026-07-21 12:44:48.839687+00,51,ETHUSDT,63,GATE_1_EXPIRED,f,Signal already expired,SKIPPED,2026-07-21 12:44:48.839687+00,
263169,2026-07-21 12:44:33.90286+00,44,BTCUSDT,79,GATE_1_EXPIRED,f,Signal already expired,SKIPPED,2026-07-21 12:44:33.90286+00,
263168,2026-07-21 12:44:33.89785+00,45,XRPUSDT,63,GATE_1_EXPIRED,f,Signal already expired,SKIPPED,2026-07-21 12:44:33.89785+00,
263167,2026-07-21 12:44:33.885244+00,46,ETHUSDT,68,GATE_1_EXPIRED,f,Signal already expired,SKIPPED,2026-07-21 12:44:33.885244+00,
263166,2026-07-21 12:44:33.879131+00,47,SOLUSDT,78,GATE_1_EXPIRED,f,Signal already expired,SKIPPED,2026-07-21 12:44:33.879131+00,
263165,2026-07-21 12:44:33.873431+00,49,SOLUSDT,65,GATE_1_EXPIRED,f,Signal already expired,SKIPPED,2026-07-21 12:44:33.873431+00,
263164,2026-07-21 12:44:33.863824+00,50,BTCUSDT,66,GATE_1_EXPIRED,f,Signal already expired,SKIPPED,2026-07-21 12:44:33.863824+00,
263163,2026-07-21 12:44:33.853014+00,51,ETHUSDT,63,GATE_1_EXPIRED,f,Signal already expired,SKIPPED,2026-07-21 12:44:33.853014+00,
263162,2026-07-21 12:44:18.832459+00,44,BTCUSDT,79,GATE_1_EXPIRED,f,Signal already expired,SKIPPED,2026-07-21 12:44:18.832459+00,
263161,2026-07-21 12:44:18.827738+00,45,XRPUSDT,63,GATE_1_EXPIRED,f,Signal already expired,SKIPPED,2026-07-21 12:44:18.827738+00,
263160,2026-07-21 12:44:18.823576+00,46,ETHUSDT,68,GATE_1_EXPIRED,f,Signal already expired,SKIPPED,2026-07-21 12:44:18.823576+00,
263159,2026-07-21 12:44:18.8171+00,47,SOLUSDT,78,GATE_1_EXPIRED,f,Signal already expired,SKIPPED,2026-07-21 12:44:18.8171+00,
263158,2026-07-21 12:44:18.813022+00,49,SOLUSDT,65,GATE_1_EXPIRED,f,Signal already expired,SKIPPED,2026-07-21 12:44:18.813022+00,
263157,2026-07-21 12:44:18.808729+00,50,BTCUSDT,66,GATE_1_EXPIRED,f,Signal already expired,SKIPPED,2026-07-21 12:44:18.808729+00,
263156,2026-07-21 12:44:18.799054+00,51,ETHUSDT,63,GATE_1_EXPIRED,f,Signal already expired,SKIPPED,2026-07-21 12:44:18.799054+00,
263155,2026-07-21 12:44:03.83268+00,44,BTCUSDT,79,GATE_1_EXPIRED,f,Signal already expired,SKIPPED,2026-07-21 12:44:03.83268+00,
263154,2026-07-21 12:44:03.824084+00,45,XRPUSDT,63,GATE_1_EXPIRED,f,Signal already expired,SKIPPED,2026-07-21 12:44:03.824084+00,
263153,2026-07-21 12:44:03.816891+00,46,ETHUSDT,68,GATE_1_EXPIRED,f,Signal already expired,SKIPPED,2026-07-21 12:44:03.816891+00,
263152,2026-07-21 12:44:03.81122+00,47,SOLUSDT,78,GATE_1_EXPIRED,f,Signal already expired,SKIPPED,2026-07-21 12:44:03.81122+00,
263151,2026-07-21 12:44:03.806204+00,49,SOLUSDT,65,GATE_1_EXPIRED,f,Signal already expired,SKIPPED,2026-07-21 12:44:03.806204+00,
263150,2026-07-21 12:44:03.792862+00,50,BTCUSDT,66,GATE_1_EXPIRED,f,Signal already expired,SKIPPED,2026-07-21 12:44:03.792862+00,
263149,2026-07-21 12:44:03.777136+00,51,ETHUSDT,63,GATE_1_EXPIRED,f,Signal already expired,SKIPPED,2026-07-21 12:44:03.777136+00,
263148,2026-07-21 12:43:48.824977+00,44,BTCUSDT,79,GATE_1_EXPIRED,f,Signal already expired,SKIPPED,2026-07-21 12:43:48.824977+00,
263147,2026-07-21 12:43:48.821394+00,45,XRPUSDT,63,GATE_1_EXPIRED,f,Signal already expired,SKIPPED,2026-07-21 12:43:48.821394+00,
263146,2026-07-21 12:43:48.812201+00,46,ETHUSDT,68,GATE_1_EXPIRED,f,Signal already expired,SKIPPED,2026-07-21 12:43:48.812201+00,
263145,2026-07-21 12:43:48.805093+00,47,SOLUSDT,78,GATE_1_EXPIRED,f,Signal already expired,SKIPPED,2026-07-21 12:43:48.805093+00,
263144,2026-07-21 12:43:48.800144+00,49,SOLUSDT,65,GATE_1_EXPIRED,f,Signal already expired,SKIPPED,2026-07-21 12:43:48.800144+00,
263143,2026-07-21 12:43:48.793341+00,50,BTCUSDT,66,GATE_1_EXPIRED,f,Signal already expired,SKIPPED,2026-07-21 12:43:48.793341+00,
263142,2026-07-21 12:43:48.781926+00,51,ETHUSDT,63,GATE_1_EXPIRED,f,Signal already expired,SKIPPED,2026-07-21 12:43:48.781926+00,
263141,2026-07-21 12:43:38.355512+00,,ETHUSDT,57,GATE_0C_REGIME,f,RegimeGate: DQS 57 < 60 required for MIXED,REJECTED,2026-07-21 12:43:38.355512+00,cfe6995013422f6b
263140,2026-07-21 12:43:38.336774+00,,BNBUSDT,79,GATE_4C_RISK,f,RiskBudgetLedger full,REJECTED,2026-07-21 12:43:38.336774+00,daa052fb983c169d
263139,2026-07-21 12:43:33.946291+00,44,BTCUSDT,79,GATE_1_EXPIRED,f,Signal already expired,SKIPPED,2026-07-21 12:43:33.946291+00,
263138,2026-07-21 12:43:33.93741+00,45,XRPUSDT,63,GATE_1_EXPIRED,f,Signal already expired,SKIPPED,2026-07-21 12:43:33.93741+00,
263137,2026-07-21 12:43:33.929738+00,46,ETHUSDT,68,GATE_1_EXPIRED,f,Signal already expired,SKIPPED,2026-07-21 12:43:33.929738+00,
263136,2026-07-21 12:43:33.923319+00,47,SOLUSDT,78,GATE_1_EXPIRED,f,Signal already expired,SKIPPED,2026-07-21 12:43:33.923319+00,
263135,2026-07-21 12:43:33.915113+00,49,SOLUSDT,65,GATE_1_EXPIRED,f,Signal already expired,SKIPPED,2026-07-21 12:43:33.915113+00,
263134,2026-07-21 12:43:33.90837+00,50,BTCUSDT,66,GATE_1_EXPIRED,f,Signal already expired,SKIPPED,2026-07-21 12:43:33.90837+00,
263133,2026-07-21 12:43:33.901111+00,51,ETHUSDT,63,GATE_1_EXPIRED,f,Signal already expired,SKIPPED,2026-07-21 12:43:33.901111+00,
263132,2026-07-21 12:43:18.877282+00,44,BTCUSDT,79,GATE_1_EXPIRED,f,Signal already expired,SKIPPED,2026-07-21 12:43:18.877282+00,
263131,2026-07-21 12:43:18.871509+00,45,XRPUSDT,63,GATE_1_EXPIRED,f,Signal already expired,SKIPPED,2026-07-21 12:43:18.871509+00,
263130,2026-07-21 12:43:18.858527+00,46,ETHUSDT,68,GATE_1_EXPIRED,f,Signal already expired,SKIPPED,2026-07-21 12:43:18.858527+00,
263129,2026-07-21 12:43:18.843046+00,47,SOLUSDT,78,GATE_1_EXPIRED,f,Signal already expired,SKIPPED,2026-07-21 12:43:18.843046+00,
263128,2026-07-21 12:43:18.827428+00,49,SOLUSDT,65,GATE_1_EXPIRED,f,Signal already expired,SKIPPED,2026-07-21 12:43:18.827428+00,
263127,2026-07-21 12:43:18.819335+00,50,BTCUSDT,66,GATE_1_EXPIRED,f,Signal already expired,SKIPPED,2026-07-21 12:43:18.819335+00,
263126,2026-07-21 12:43:18.806399+00,51,ETHUSDT,63,GATE_1_EXPIRED,f,Signal already expired,SKIPPED,2026-07-21 12:43:18.806399+00,
263125,2026-07-21 12:43:03.829826+00,44,BTCUSDT,79,GATE_1_EXPIRED,f,Signal already expired,SKIPPED,2026-07-21 12:43:03.829826+00,
263124,2026-07-21 12:43:03.825628+00,45,XRPUSDT,63,GATE_1_EXPIRED,f,Signal already expired,SKIPPED,2026-07-21 12:43:03.825628+00,
263123,2026-07-21 12:43:03.820184+00,46,ETHUSDT,68,GATE_1_EXPIRED,f,Signal already expired,SKIPPED,2026-07-21 12:43:03.820184+00,
263122,2026-07-21 12:43:03.815885+00,47,SOLUSDT,78,GATE_1_EXPIRED,f,Signal already expired,SKIPPED,2026-07-21 12:43:03.815885+00,
263121,2026-07-21 12:43:03.811878+00,49,SOLUSDT,65,GATE_1_EXPIRED,f,Signal already expired,SKIPPED,2026-07-21 12:43:03.811878+00,
263120,2026-07-21 12:43:03.806295+00,50,BTCUSDT,66,GATE_1_EXPIRED,f,Signal already expired,SKIPPED,2026-07-21 12:43:03.806295+00,
263119,2026-07-21 12:43:03.800852+00,51,ETHUSDT,63,GATE_1_EXPIRED,f,Signal already expired,SKIPPED,2026-07-21 12:43:03.800852+00,
263118,2026-07-21 12:42:48.816189+00,44,BTCUSDT,79,GATE_1_EXPIRED,f,Signal already expired,SKIPPED,2026-07-21 12:42:48.816189+00,
263117,2026-07-21 12:42:48.812397+00,45,XRPUSDT,63,GATE_1_EXPIRED,f,Signal already expired,SKIPPED,2026-07-21 12:42:48.812397+00,
263116,2026-07-21 12:42:48.807595+00,46,ETHUSDT,68,GATE_1_EXPIRED,f,Signal already expired,SKIPPED,2026-07-21 12:42:48.807595+00,
263115,2026-07-21 12:42:48.804916+00,47,SOLUSDT,78,GATE_1_EXPIRED,f,Signal already expired,SKIPPED,2026-07-21 12:42:48.804916+00,
263114,2026-07-21 12:42:48.799396+00,49,SOLUSDT,65,GATE_1_EXPIRED,f,Signal already expired,SKIPPED,2026-07-21 12:42:48.799396+00,
263113,2026-07-21 12:42:48.794851+00,50,BTCUSDT,66,GATE_1_EXPIRED,f,Signal already expired,SKIPPED,2026-07-21 12:42:48.794851+00,
263112,2026-07-21 12:42:48.787751+00,51,ETHUSDT,63,GATE_1_EXPIRED,f,Signal already expired,SKIPPED,2026-07-21 12:42:48.787751+00,
263111,2026-07-21 12:42:33.849457+00,44,BTCUSDT,79,GATE_1_EXPIRED,f,Signal already expired,SKIPPED,2026-07-21 12:42:33.849457+00,
263110,2026-07-21 12:42:33.844246+00,45,XRPUSDT,63,GATE_1_EXPIRED,f,Signal already expired,SKIPPED,2026-07-21 12:42:33.844246+00,
263109,2026-07-21 12:42:33.838249+00,46,ETHUSDT,68,GATE_1_EXPIRED,f,Signal already expired,SKIPPED,2026-07-21 12:42:33.838249+00,
263108,2026-07-21 12:42:33.831848+00,47,SOLUSDT,78,GATE_1_EXPIRED,f,Signal already expired,SKIPPED,2026-07-21 12:42:33.831848+00,
263107,2026-07-21 12:42:33.822882+00,49,SOLUSDT,65,GATE_1_EXPIRED,f,Signal already expired,SKIPPED,2026-07-21 12:42:33.822882+00,
263106,2026-07-21 12:42:33.81348+00,50,BTCUSDT,66,GATE_1_EXPIRED,f,Signal already expired,SKIPPED,2026-07-21 12:42:33.81348+00,
263105,2026-07-21 12:42:33.805854+00,51,ETHUSDT,63,GATE_1_EXPIRED,f,Signal already expired,SKIPPED,2026-07-21 12:42:33.805854+00,
263104,2026-07-21 12:42:18.828359+00,44,BTCUSDT,79,GATE_1_EXPIRED,f,Signal already expired,SKIPPED,2026-07-21 12:42:18.828359+00,
263103,2026-07-21 12:42:18.824879+00,45,XRPUSDT,63,GATE_1_EXPIRED,f,Signal already expired,SKIPPED,2026-07-21 12:42:18.824879+00,
263102,2026-07-21 12:42:18.82225+00,46,ETHUSDT,68,GATE_1_EXPIRED,f,Signal already expired,SKIPPED,2026-07-21 12:42:18.82225+00,
263101,2026-07-21 12:42:18.819379+00,47,SOLUSDT,78,GATE_1_EXPIRED,f,Signal already expired,SKIPPED,2026-07-21 12:42:18.819379+00,
263100,2026-07-21 12:42:18.816464+00,49,SOLUSDT,65,GATE_1_EXPIRED,f,Signal already expired,SKIPPED,2026-07-21 12:42:18.816464+00,
263099,2026-07-21 12:42:18.812988+00,50,BTCUSDT,66,GATE_1_EXPIRED,f,Signal already expired,SKIPPED,2026-07-21 12:42:18.812988+00,
263098,2026-07-21 12:42:18.808872+00,51,ETHUSDT,63,GATE_1_EXPIRED,f,Signal already expired,SKIPPED,2026-07-21 12:42:18.808872+00,
263097,2026-07-21 12:42:03.846567+00,44,BTCUSDT,79,GATE_1_EXPIRED,f,Signal already expired,SKIPPED,2026-07-21 12:42:03.846567+00,
263096,2026-07-21 12:42:03.841637+00,45,XRPUSDT,63,GATE_1_EXPIRED,f,Signal already expired,SKIPPED,2026-07-21 12:42:03.841637+00,
263095,2026-07-21 12:42:03.83233+00,46,ETHUSDT,68,GATE_1_EXPIRED,f,Signal already expired,SKIPPED,2026-07-21 12:42:03.83233+00,
263094,2026-07-21 12:42:03.827214+00,47,SOLUSDT,78,GATE_1_EXPIRED,f,Signal already expired,SKIPPED,2026-07-21 12:42:03.827214+00,
263093,2026-07-21 12:42:03.821833+00,49,SOLUSDT,65,GATE_1_EXPIRED,f,Signal already expired,SKIPPED,2026-07-21 12:42:03.821833+00,
263092,2026-07-21 12:42:03.814733+00,50,BTCUSDT,66,GATE_1_EXPIRED,f,Signal already expired,SKIPPED,2026-07-21 12:42:03.814733+00,
263091,2026-07-21 12:42:03.803974+00,51,ETHUSDT,63,GATE_1_EXPIRED,f,Signal already expired,SKIPPED,2026-07-21 12:42:03.803974+00,
263090,2026-07-21 12:41:48.834181+00,44,BTCUSDT,79,GATE_1_EXPIRED,f,Signal already expired,SKIPPED,2026-07-21 12:41:48.834181+00,
263089,2026-07-21 12:41:48.828835+00,45,XRPUSDT,63,GATE_1_EXPIRED,f,Signal already expired,SKIPPED,2026-07-21 12:41:48.828835+00,
263088,2026-07-21 12:41:48.821146+00,46,ETHUSDT,68,GATE_1_EXPIRED,f,Signal already expired,SKIPPED,2026-07-21 12:41:48.821146+00,
263087,2026-07-21 12:41:48.814704+00,47,SOLUSDT,78,GATE_1_EXPIRED,f,Signal already expired,SKIPPED,2026-07-21 12:41:48.814704+00,
263086,2026-07-21 12:41:48.810744+00,49,SOLUSDT,65,GATE_1_EXPIRED,f,Signal already expired,SKIPPED,2026-07-21 12:41:48.810744+00,
263085,2026-07-21 12:41:48.807121+00,50,BTCUSDT,66,GATE_1_EXPIRED,f,Signal already expired,SKIPPED,2026-07-21 12:41:48.807121+00,
263084,2026-07-21 12:41:48.802229+00,51,ETHUSDT,63,GATE_1_EXPIRED,f,Signal already expired,SKIPPED,2026-07-21 12:41:48.802229+00,
263083,2026-07-21 12:41:33.866863+00,44,BTCUSDT,79,GATE_1_EXPIRED,f,Signal already expired,SKIPPED,2026-07-21 12:41:33.866863+00,
263082,2026-07-21 12:41:33.858177+00,45,XRPUSDT,63,GATE_1_EXPIRED,f,Signal already expired,SKIPPED,2026-07-21 12:41:33.858177+00,
263081,2026-07-21 12:41:33.853764+00,46,ETHUSDT,68,GATE_1_EXPIRED,f,Signal already expired,SKIPPED,2026-07-21 12:41:33.853764+00,
263080,2026-07-21 12:41:33.843287+00,47,SOLUSDT,78,GATE_1_EXPIRED,f,Signal already expired,SKIPPED,2026-07-21 12:41:33.843287+00,
263079,2026-07-21 12:41:33.834219+00,49,SOLUSDT,65,GATE_1_EXPIRED,f,Signal already expired,SKIPPED,2026-07-21 12:41:33.834219+00,
263078,2026-07-21 12:41:33.828043+00,50,BTCUSDT,66,GATE_1_EXPIRED,f,Signal already expired,SKIPPED,2026-07-21 12:41:33.828043+00,
263077,2026-07-21 12:41:33.818324+00,51,ETHUSDT,63,GATE_1_EXPIRED,f,Signal already expired,SKIPPED,2026-07-21 12:41:33.818324+00,
263076,2026-07-21 12:41:18.815571+00,44,BTCUSDT,79,GATE_1_EXPIRED,f,Signal already expired,SKIPPED,2026-07-21 12:41:18.815571+00,
263075,2026-07-21 12:41:18.811403+00,45,XRPUSDT,63,GATE_1_EXPIRED,f,Signal already expired,SKIPPED,2026-07-21 12:41:18.811403+00,
263074,2026-07-21 12:41:18.807231+00,46,ETHUSDT,68,GATE_1_EXPIRED,f,Signal already expired,SKIPPED,2026-07-21 12:41:18.807231+00,
263073,2026-07-21 12:41:18.802158+00,47,SOLUSDT,78,GATE_1_EXPIRED,f,Signal already expired,SKIPPED,2026-07-21 12:41:18.802158+00,
263072,2026-07-21 12:41:18.797849+00,49,SOLUSDT,65,GATE_1_EXPIRED,f,Signal already expired,SKIPPED,2026-07-21 12:41:18.797849+00,
263071,2026-07-21 12:41:18.792583+00,50,BTCUSDT,66,GATE_1_EXPIRED,f,Signal already expired,SKIPPED,2026-07-21 12:41:18.792583+00,
263070,2026-07-21 12:41:18.785368+00,51,ETHUSDT,63,GATE_1_EXPIRED,f,Signal already expired,SKIPPED,2026-07-21 12:41:18.785368+00,
263069,2026-07-21 12:41:03.866273+00,44,BTCUSDT,79,GATE_1_EXPIRED,f,Signal already expired,SKIPPED,2026-07-21 12:41:03.866273+00,
263068,2026-07-21 12:41:03.85786+00,45,XRPUSDT,63,GATE_1_EXPIRED,f,Signal already expired,SKIPPED,2026-07-21 12:41:03.85786+00,
263067,2026-07-21 12:41:03.851229+00,46,ETHUSDT,68,GATE_1_EXPIRED,f,Signal already expired,SKIPPED,2026-07-21 12:41:03.851229+00,
263066,2026-07-21 12:41:03.846845+00,47,SOLUSDT,78,GATE_1_EXPIRED,f,Signal already expired,SKIPPED,2026-07-21 12:41:03.846845+00,
263065,2026-07-21 12:41:03.840843+00,49,SOLUSDT,65,GATE_1_EXPIRED,f,Signal already expired,SKIPPED,2026-07-21 12:41:03.840843+00,
263064,2026-07-21 12:41:03.835498+00,50,BTCUSDT,66,GATE_1_EXPIRED,f,Signal already expired,SKIPPED,2026-07-21 12:41:03.835498+00,
263063,2026-07-21 12:41:03.829433+00,51,ETHUSDT,63,GATE_1_EXPIRED,f,Signal already expired,SKIPPED,2026-07-21 12:41:03.829433+00,
263062,2026-07-21 12:40:48.834862+00,44,BTCUSDT,79,GATE_1_EXPIRED,f,Signal already expired,SKIPPED,2026-07-21 12:40:48.834862+00,
263061,2026-07-21 12:40:48.829673+00,45,XRPUSDT,63,GATE_1_EXPIRED,f,Signal already expired,SKIPPED,2026-07-21 12:40:48.829673+00,
263060,2026-07-21 12:40:48.824576+00,46,ETHUSDT,68,GATE_1_EXPIRED,f,Signal already expired,SKIPPED,2026-07-21 12:40:48.824576+00,
263059,2026-07-21 12:40:48.819503+00,47,SOLUSDT,78,GATE_1_EXPIRED,f,Signal already expired,SKIPPED,2026-07-21 12:40:48.819503+00,
263058,2026-07-21 12:40:48.814863+00,49,SOLUSDT,65,GATE_1_EXPIRED,f,Signal already expired,SKIPPED,2026-07-21 12:40:48.814863+00,
263057,2026-07-21 12:40:48.811445+00,50,BTCUSDT,66,GATE_1_EXPIRED,f,Signal already expired,SKIPPED,2026-07-21 12:40:48.811445+00,
263056,2026-07-21 12:40:48.805857+00,51,ETHUSDT,63,GATE_1_EXPIRED,f,Signal already expired,SKIPPED,2026-07-21 12:40:48.805857+00,
263055,2026-07-21 12:40:33.841229+00,44,BTCUSDT,79,GATE_1_EXPIRED,f,Signal already expired,SKIPPED,2026-07-21 12:40:33.841229+00,
263054,2026-07-21 12:40:33.834122+00,45,XRPUSDT,63,GATE_1_EXPIRED,f,Signal already expired,SKIPPED,2026-07-21 12:40:33.834122+00,
263053,2026-07-21 12:40:33.831333+00,46,ETHUSDT,68,GATE_1_EXPIRED,f,Signal already expired,SKIPPED,2026-07-21 12:40:33.831333+00,
263052,2026-07-21 12:40:33.820403+00,47,SOLUSDT,78,GATE_1_EXPIRED,f,Signal already expired,SKIPPED,2026-07-21 12:40:33.820403+00,
263051,2026-07-21 12:40:33.817234+00,49,SOLUSDT,65,GATE_1_EXPIRED,f,Signal already expired,SKIPPED,2026-07-21 12:40:33.817234+00,
263050,2026-07-21 12:40:33.812443+00,50,BTCUSDT,66,GATE_1_EXPIRED,f,Signal already expired,SKIPPED,2026-07-21 12:40:33.812443+00,
263049,2026-07-21 12:40:33.805768+00,51,ETHUSDT,63,GATE_1_EXPIRED,f,Signal already expired,SKIPPED,2026-07-21 12:40:33.805768+00,
263048,2026-07-21 12:40:18.87407+00,44,BTCUSDT,79,GATE_1_EXPIRED,f,Signal already expired,SKIPPED,2026-07-21 12:40:18.87407+00,
263047,2026-07-21 12:40:18.863456+00,45,XRPUSDT,63,GATE_1_EXPIRED,f,Signal already expired,SKIPPED,2026-07-21 12:40:18.863456+00,
263046,2026-07-21 12:40:18.857853+00,46,ETHUSDT,68,GATE_1_EXPIRED,f,Signal already expired,SKIPPED,2026-07-21 12:40:18.857853+00,
263045,2026-07-21 12:40:18.850408+00,47,SOLUSDT,78,GATE_1_EXPIRED,f,Signal already expired,SKIPPED,2026-07-21 12:40:18.850408+00,
263044,2026-07-21 12:40:18.844885+00,49,SOLUSDT,65,GATE_1_EXPIRED,f,Signal already expired,SKIPPED,2026-07-21 12:40:18.844885+00,
263043,2026-07-21 12:40:18.839005+00,50,BTCUSDT,66,GATE_1_EXPIRED,f,Signal already expired,SKIPPED,2026-07-21 12:40:18.839005+00,
263042,2026-07-21 12:40:18.831314+00,51,ETHUSDT,63,GATE_1_EXPIRED,f,Signal already expired,SKIPPED,2026-07-21 12:40:18.831314+00,
263041,2026-07-21 12:40:03.840961+00,44,BTCUSDT,79,GATE_1_EXPIRED,f,Signal already expired,SKIPPED,2026-07-21 12:40:03.840961+00,
263040,2026-07-21 12:40:03.83586+00,45,XRPUSDT,63,GATE_1_EXPIRED,f,Signal already expired,SKIPPED,2026-07-21 12:40:03.83586+00,
263039,2026-07-21 12:40:03.830632+00,46,ETHUSDT,68,GATE_1_EXPIRED,f,Signal already expired,SKIPPED,2026-07-21 12:40:03.830632+00,
263038,2026-07-21 12:40:03.824339+00,47,SOLUSDT,78,GATE_1_EXPIRED,f,Signal already expired,SKIPPED,2026-07-21 12:40:03.824339+00,
263037,2026-07-21 12:40:03.812119+00,49,SOLUSDT,65,GATE_1_EXPIRED,f,Signal already expired,SKIPPED,2026-07-21 12:40:03.812119+00,
263036,2026-07-21 12:40:03.802864+00,50,BTCUSDT,66,GATE_1_EXPIRED,f,Signal already expired,SKIPPED,2026-07-21 12:40:03.802864+00,
263035,2026-07-21 12:40:03.796013+00,51,ETHUSDT,63,GATE_1_EXPIRED,f,Signal already expired,SKIPPED,2026-07-21 12:40:03.796013+00,
263034,2026-07-21 12:39:48.846266+00,44,BTCUSDT,79,GATE_1_EXPIRED,f,Signal already expired,SKIPPED,2026-07-21 12:39:48.846266+00,
263033,2026-07-21 12:39:48.839943+00,45,XRPUSDT,63,GATE_1_EXPIRED,f,Signal already expired,SKIPPED,2026-07-21 12:39:48.839943+00,
263032,2026-07-21 12:39:48.834281+00,46,ETHUSDT,68,GATE_1_EXPIRED,f,Signal already expired,SKIPPED,2026-07-21 12:39:48.834281+00,
263031,2026-07-21 12:39:48.82851+00,47,SOLUSDT,78,GATE_1_EXPIRED,f,Signal already expired,SKIPPED,2026-07-21 12:39:48.82851+00,
263030,2026-07-21 12:39:48.818303+00,49,SOLUSDT,65,GATE_1_EXPIRED,f,Signal already expired,SKIPPED,2026-07-21 12:39:48.818303+00,
263029,2026-07-21 12:39:48.810287+00,50,BTCUSDT,66,GATE_1_EXPIRED,f,Signal already expired,SKIPPED,2026-07-21 12:39:48.810287+00,
263028,2026-07-21 12:39:48.803705+00,51,ETHUSDT,63,GATE_1_EXPIRED,f,Signal already expired,SKIPPED,2026-07-21 12:39:48.803705+00,
263027,2026-07-21 12:39:33.788309+00,44,BTCUSDT,79,GATE_1_EXPIRED,f,Signal already expired,SKIPPED,2026-07-21 12:39:33.788309+00,
263026,2026-07-21 12:39:33.779+00,45,XRPUSDT,63,GATE_1_EXPIRED,f,Signal already expired,SKIPPED,2026-07-21 12:39:33.779+00,
263025,2026-07-21 12:39:33.769573+00,46,ETHUSDT,68,GATE_1_EXPIRED,f,Signal already expired,SKIPPED,2026-07-21 12:39:33.769573+00,
263024,2026-07-21 12:39:33.764039+00,47,SOLUSDT,78,GATE_1_EXPIRED,f,Signal already expired,SKIPPED,2026-07-21 12:39:33.764039+00,
263023,2026-07-21 12:39:33.758303+00,49,SOLUSDT,65,GATE_1_EXPIRED,f,Signal already expired,SKIPPED,2026-07-21 12:39:33.758303+00,
263022,2026-07-21 12:39:33.752741+00,50,BTCUSDT,66,GATE_1_EXPIRED,f,Signal already expired,SKIPPED,2026-07-21 12:39:33.752741+00,
263021,2026-07-21 12:39:33.745125+00,51,ETHUSDT,63,GATE_1_EXPIRED,f,Signal already expired,SKIPPED,2026-07-21 12:39:33.745125+00,
263020,2026-07-21 12:39:18.847328+00,44,BTCUSDT,79,GATE_1_EXPIRED,f,Signal already expired,SKIPPED,2026-07-21 12:39:18.847328+00,
263019,2026-07-21 12:39:18.844281+00,45,XRPUSDT,63,GATE_1_EXPIRED,f,Signal already expired,SKIPPED,2026-07-21 12:39:18.844281+00,
263018,2026-07-21 12:39:18.839348+00,46,ETHUSDT,68,GATE_1_EXPIRED,f,Signal already expired,SKIPPED,2026-07-21 12:39:18.839348+00,
263017,2026-07-21 12:39:18.836244+00,47,SOLUSDT,78,GATE_1_EXPIRED,f,Signal already expired,SKIPPED,2026-07-21 12:39:18.836244+00,
263016,2026-07-21 12:39:18.827585+00,49,SOLUSDT,65,GATE_1_EXPIRED,f,Signal already expired,SKIPPED,2026-07-21 12:39:18.827585+00,
263015,2026-07-21 12:39:18.824596+00,50,BTCUSDT,66,GATE_1_EXPIRED,f,Signal already expired,SKIPPED,2026-07-21 12:39:18.824596+00,
263014,2026-07-21 12:39:18.817577+00,51,ETHUSDT,63,GATE_1_EXPIRED,f,Signal already expired,SKIPPED,2026-07-21 12:39:18.817577+00,
263013,2026-07-21 12:39:03.835391+00,44,BTCUSDT,79,GATE_1_EXPIRED,f,Signal already expired,SKIPPED,2026-07-21 12:39:03.835391+00,
263012,2026-07-21 12:39:03.827393+00,45,XRPUSDT,63,GATE_1_EXPIRED,f,Signal already expired,SKIPPED,2026-07-21 12:39:03.827393+00,
263011,2026-07-21 12:39:03.823217+00,46,ETHUSDT,68,GATE_1_EXPIRED,f,Signal already expired,SKIPPED,2026-07-21 12:39:03.823217+00,
263010,2026-07-21 12:39:03.819338+00,47,SOLUSDT,78,GATE_1_EXPIRED,f,Signal already expired,SKIPPED,2026-07-21 12:39:03.819338+00,
263009,2026-07-21 12:39:03.81488+00,49,SOLUSDT,65,GATE_1_EXPIRED,f,Signal already expired,SKIPPED,2026-07-21 12:39:03.81488+00,
263008,2026-07-21 12:39:03.810338+00,50,BTCUSDT,66,GATE_1_EXPIRED,f,Signal already expired,SKIPPED,2026-07-21 12:39:03.810338+00,
263007,2026-07-21 12:39:03.803849+00,51,ETHUSDT,63,GATE_1_EXPIRED,f,Signal already expired,SKIPPED,2026-07-21 12:39:03.803849+00,
263006,2026-07-21 12:38:48.843852+00,44,BTCUSDT,79,GATE_1_EXPIRED,f,Signal already expired,SKIPPED,2026-07-21 12:38:48.843852+00,
263005,2026-07-21 12:38:48.833854+00,45,XRPUSDT,63,GATE_1_EXPIRED,f,Signal already expired,SKIPPED,2026-07-21 12:38:48.833854+00,
263004,2026-07-21 12:38:48.827505+00,46,ETHUSDT,68,GATE_1_EXPIRED,f,Signal already expired,SKIPPED,2026-07-21 12:38:48.827505+00,
263003,2026-07-21 12:38:48.82095+00,47,SOLUSDT,78,GATE_1_EXPIRED,f,Signal already expired,SKIPPED,2026-07-21 12:38:48.82095+00,
263002,2026-07-21 12:38:48.81106+00,49,SOLUSDT,65,GATE_1_EXPIRED,f,Signal already expired,SKIPPED,2026-07-21 12:38:48.81106+00,
263001,2026-07-21 12:38:48.804548+00,50,BTCUSDT,66,GATE_1_EXPIRED,f,Signal already expired,SKIPPED,2026-07-21 12:38:48.804548+00,
263000,2026-07-21 12:38:48.793524+00,51,ETHUSDT,63,GATE_1_EXPIRED,f,Signal already expired,SKIPPED,2026-07-21 12:38:48.793524+00,
262999,2026-07-21 12:38:33.819238+00,44,BTCUSDT,79,GATE_1_EXPIRED,f,Signal already expired,SKIPPED,2026-07-21 12:38:33.819238+00,
262998,2026-07-21 12:38:33.813867+00,45,XRPUSDT,63,GATE_1_EXPIRED,f,Signal already expired,SKIPPED,2026-07-21 12:38:33.813867+00,
262997,2026-07-21 12:38:33.80294+00,46,ETHUSDT,68,GATE_1_EXPIRED,f,Signal already expired,SKIPPED,2026-07-21 12:38:33.80294+00,
262996,2026-07-21 12:38:33.797849+00,47,SOLUSDT,78,GATE_1_EXPIRED,f,Signal already expired,SKIPPED,2026-07-21 12:38:33.797849+00,
262995,2026-07-21 12:38:33.78901+00,49,SOLUSDT,65,GATE_1_EXPIRED,f,Signal already expired,SKIPPED,2026-07-21 12:38:33.78901+00,
262994,2026-07-21 12:38:33.782339+00,50,BTCUSDT,66,GATE_1_EXPIRED,f,Signal already expired,SKIPPED,2026-07-21 12:38:33.782339+00,
262993,2026-07-21 12:38:33.77073+00,51,ETHUSDT,63,GATE_1_EXPIRED,f,Signal already expired,SKIPPED,2026-07-21 12:38:33.77073+00,
262992,2026-07-21 12:38:19.129795+00,,ETHUSDT,57,GATE_0C_REGIME,f,RegimeGate: DQS 57 < 60 required for MIXED,REJECTED,2026-07-21 12:38:19.129795+00,42a316c8e0ac0562
262991,2026-07-21 12:38:19.112701+00,,BNBUSDT,79,GATE_4C_RISK,f,RiskBudgetLedger full,REJECTED,2026-07-21 12:38:19.112701+00,bd2ecf8be0465c82
262990,2026-07-21 12:38:18.880236+00,44,BTCUSDT,79,GATE_1_EXPIRED,f,Signal already expired,SKIPPED,2026-07-21 12:38:18.880236+00,
262989,2026-07-21 12:38:18.875657+00,45,XRPUSDT,63,GATE_1_EXPIRED,f,Signal already expired,SKIPPED,2026-07-21 12:38:18.875657+00,
262988,2026-07-21 12:38:18.868527+00,46,ETHUSDT,68,GATE_1_EXPIRED,f,Signal already expired,SKIPPED,2026-07-21 12:38:18.868527+00,
262987,2026-07-21 12:38:18.861476+00,47,SOLUSDT,78,GATE_1_EXPIRED,f,Signal already expired,SKIPPED,2026-07-21 12:38:18.861476+00,
262986,2026-07-21 12:38:18.856467+00,49,SOLUSDT,65,GATE_1_EXPIRED,f,Signal already expired,SKIPPED,2026-07-21 12:38:18.856467+00,
262985,2026-07-21 12:38:18.84927+00,50,BTCUSDT,66,GATE_1_EXPIRED,f,Signal already expired,SKIPPED,2026-07-21 12:38:18.84927+00,
262984,2026-07-21 12:38:18.841854+00,51,ETHUSDT,63,GATE_1_EXPIRED,f,Signal already expired,SKIPPED,2026-07-21 12:38:18.841854+00,
262983,2026-07-21 12:38:03.852214+00,44,BTCUSDT,79,GATE_1_EXPIRED,f,Signal already expired,SKIPPED,2026-07-21 12:38:03.852214+00,
262982,2026-07-21 12:38:03.8432+00,45,XRPUSDT,63,GATE_1_EXPIRED,f,Signal already expired,SKIPPED,2026-07-21 12:38:03.8432+00,
262981,2026-07-21 12:38:03.837209+00,46,ETHUSDT,68,GATE_1_EXPIRED,f,Signal already expired,SKIPPED,2026-07-21 12:38:03.837209+00,
262980,2026-07-21 12:38:03.827651+00,47,SOLUSDT,78,GATE_1_EXPIRED,f,Signal already expired,SKIPPED,2026-07-21 12:38:03.827651+00,
262979,2026-07-21 12:38:03.822956+00,49,SOLUSDT,65,GATE_1_EXPIRED,f,Signal already expired,SKIPPED,2026-07-21 12:38:03.822956+00,
262978,2026-07-21 12:38:03.817834+00,50,BTCUSDT,66,GATE_1_EXPIRED,f,Signal already expired,SKIPPED,2026-07-21 12:38:03.817834+00,
262977,2026-07-21 12:38:03.810889+00,51,ETHUSDT,63,GATE_1_EXPIRED,f,Signal already expired,SKIPPED,2026-07-21 12:38:03.810889+00,
262976,2026-07-21 12:37:48.803979+00,44,BTCUSDT,79,GATE_1_EXPIRED,f,Signal already expired,SKIPPED,2026-07-21 12:37:48.803979+00,
262975,2026-07-21 12:37:48.801162+00,45,XRPUSDT,63,GATE_1_EXPIRED,f,Signal already expired,SKIPPED,2026-07-21 12:37:48.801162+00,
262974,2026-07-21 12:37:48.798544+00,46,ETHUSDT,68,GATE_1_EXPIRED,f,Signal already expired,SKIPPED,2026-07-21 12:37:48.798544+00,
262973,2026-07-21 12:37:48.795277+00,47,SOLUSDT,78,GATE_1_EXPIRED,f,Signal already expired,SKIPPED,2026-07-21 12:37:48.795277+00,
262972,2026-07-21 12:37:48.788694+00,49,SOLUSDT,65,GATE_1_EXPIRED,f,Signal already expired,SKIPPED,2026-07-21 12:37:48.788694+00,
262971,2026-07-21 12:37:48.785937+00,50,BTCUSDT,66,GATE_1_EXPIRED,f,Signal already expired,SKIPPED,2026-07-21 12:37:48.785937+00,
262970,2026-07-21 12:37:48.776625+00,51,ETHUSDT,63,GATE_1_EXPIRED,f,Signal already expired,SKIPPED,2026-07-21 12:37:48.776625+00,
262969,2026-07-21 12:37:33.876383+00,44,BTCUSDT,79,GATE_1_EXPIRED,f,Signal already expired,SKIPPED,2026-07-21 12:37:33.876383+00,
262968,2026-07-21 12:37:33.868722+00,45,XRPUSDT,63,GATE_1_EXPIRED,f,Signal already expired,SKIPPED,2026-07-21 12:37:33.868722+00,
262967,2026-07-21 12:37:33.864993+00,46,ETHUSDT,68,GATE_1_EXPIRED,f,Signal already expired,SKIPPED,2026-07-21 12:37:33.864993+00,
262966,2026-07-21 12:37:33.861313+00,47,SOLUSDT,78,GATE_1_EXPIRED,f,Signal already expired,SKIPPED,2026-07-21 12:37:33.861313+00,
262965,2026-07-21 12:37:33.852223+00,49,SOLUSDT,65,GATE_1_EXPIRED,f,Signal already expired,SKIPPED,2026-07-21 12:37:33.852223+00,
262964,2026-07-21 12:37:33.844761+00,50,BTCUSDT,66,GATE_1_EXPIRED,f,Signal already expired,SKIPPED,2026-07-21 12:37:33.844761+00,
262963,2026-07-21 12:37:33.834973+00,51,ETHUSDT,63,GATE_1_EXPIRED,f,Signal already expired,SKIPPED,2026-07-21 12:37:33.834973+00,
262962,2026-07-21 12:37:18.818708+00,44,BTCUSDT,79,GATE_1_EXPIRED,f,Signal already expired,SKIPPED,2026-07-21 12:37:18.818708+00,
262961,2026-07-21 12:37:18.813988+00,45,XRPUSDT,63,GATE_1_EXPIRED,f,Signal already expired,SKIPPED,2026-07-21 12:37:18.813988+00,
262960,2026-07-21 12:37:18.808091+00,46,ETHUSDT,68,GATE_1_EXPIRED,f,Signal already expired,SKIPPED,2026-07-21 12:37:18.808091+00,
262959,2026-07-21 12:37:18.805306+00,47,SOLUSDT,78,GATE_1_EXPIRED,f,Signal already expired,SKIPPED,2026-07-21 12:37:18.805306+00,
262958,2026-07-21 12:37:18.799332+00,49,SOLUSDT,65,GATE_1_EXPIRED,f,Signal already expired,SKIPPED,2026-07-21 12:37:18.799332+00,
262957,2026-07-21 12:37:18.791834+00,50,BTCUSDT,66,GATE_1_EXPIRED,f,Signal already expired,SKIPPED,2026-07-21 12:37:18.791834+00,
262956,2026-07-21 12:37:18.778255+00,51,ETHUSDT,63,GATE_1_EXPIRED,f,Signal already expired,SKIPPED,2026-07-21 12:37:18.778255+00,
262955,2026-07-21 12:37:03.819488+00,44,BTCUSDT,79,GATE_1_EXPIRED,f,Signal already expired,SKIPPED,2026-07-21 12:37:03.819488+00,
262954,2026-07-21 12:37:03.811747+00,45,XRPUSDT,63,GATE_1_EXPIRED,f,Signal already expired,SKIPPED,2026-07-21 12:37:03.811747+00,
262953,2026-07-21 12:37:03.79656+00,46,ETHUSDT,68,GATE_1_EXPIRED,f,Signal already expired,SKIPPED,2026-07-21 12:37:03.79656+00,
262952,2026-07-21 12:37:03.783323+00,47,SOLUSDT,78,GATE_1_EXPIRED,f,Signal already expired,SKIPPED,2026-07-21 12:37:03.783323+00,
262951,2026-07-21 12:37:03.777517+00,49,SOLUSDT,65,GATE_1_EXPIRED,f,Signal already expired,SKIPPED,2026-07-21 12:37:03.777517+00,
262950,2026-07-21 12:37:03.766524+00,50,BTCUSDT,66,GATE_1_EXPIRED,f,Signal already expired,SKIPPED,2026-07-21 12:37:03.766524+00,
262949,2026-07-21 12:37:03.760852+00,51,ETHUSDT,63,GATE_1_EXPIRED,f,Signal already expired,SKIPPED,2026-07-21 12:37:03.760852+00,
262948,2026-07-21 12:36:48.811339+00,44,BTCUSDT,79,GATE_1_EXPIRED,f,Signal already expired,SKIPPED,2026-07-21 12:36:48.811339+00,
262947,2026-07-21 12:36:48.807221+00,45,XRPUSDT,63,GATE_1_EXPIRED,f,Signal already expired,SKIPPED,2026-07-21 12:36:48.807221+00,
262946,2026-07-21 12:36:48.797908+00,46,ETHUSDT,68,GATE_1_EXPIRED,f,Signal already expired,SKIPPED,2026-07-21 12:36:48.797908+00,
262945,2026-07-21 12:36:48.792858+00,47,SOLUSDT,78,GATE_1_EXPIRED,f,Signal already expired,SKIPPED,2026-07-21 12:36:48.792858+00,
262944,2026-07-21 12:36:48.786399+00,49,SOLUSDT,65,GATE_1_EXPIRED,f,Signal already expired,SKIPPED,2026-07-21 12:36:48.786399+00,
262943,2026-07-21 12:36:48.782315+00,50,BTCUSDT,66,GATE_1_EXPIRED,f,Signal already expired,SKIPPED,2026-07-21 12:36:48.782315+00,
262942,2026-07-21 12:36:48.774488+00,51,ETHUSDT,63,GATE_1_EXPIRED,f,Signal already expired,SKIPPED,2026-07-21 12:36:48.774488+00,
262941,2026-07-21 12:36:33.856312+00,44,BTCUSDT,79,GATE_1_EXPIRED,f,Signal already expired,SKIPPED,2026-07-21 12:36:33.856312+00,
262940,2026-07-21 12:36:33.850261+00,45,XRPUSDT,63,GATE_1_EXPIRED,f,Signal already expired,SKIPPED,2026-07-21 12:36:33.850261+00,
262939,2026-07-21 12:36:33.84632+00,46,ETHUSDT,68,GATE_1_EXPIRED,f,Signal already expired,SKIPPED,2026-07-21 12:36:33.84632+00,
262938,2026-07-21 12:36:33.839344+00,47,SOLUSDT,78,GATE_1_EXPIRED,f,Signal already expired,SKIPPED,2026-07-21 12:36:33.839344+00,
262937,2026-07-21 12:36:33.832249+00,49,SOLUSDT,65,GATE_1_EXPIRED,f,Signal already expired,SKIPPED,2026-07-21 12:36:33.832249+00,
262936,2026-07-21 12:36:33.82542+00,50,BTCUSDT,66,GATE_1_EXPIRED,f,Signal already expired,SKIPPED,2026-07-21 12:36:33.82542+00,
262935,2026-07-21 12:36:33.814389+00,51,ETHUSDT,63,GATE_1_EXPIRED,f,Signal already expired,SKIPPED,2026-07-21 12:36:33.814389+00,
262934,2026-07-21 12:36:18.811248+00,44,BTCUSDT,79,GATE_1_EXPIRED,f,Signal already expired,SKIPPED,2026-07-21 12:36:18.811248+00,
262933,2026-07-21 12:36:18.804587+00,45,XRPUSDT,63,GATE_1_EXPIRED,f,Signal already expired,SKIPPED,2026-07-21 12:36:18.804587+00,
262932,2026-07-21 12:36:18.796341+00,46,ETHUSDT,68,GATE_1_EXPIRED,f,Signal already expired,SKIPPED,2026-07-21 12:36:18.796341+00,
262931,2026-07-21 12:36:18.786087+00,47,SOLUSDT,78,GATE_1_EXPIRED,f,Signal already expired,SKIPPED,2026-07-21 12:36:18.786087+00,
262930,2026-07-21 12:36:18.778855+00,49,SOLUSDT,65,GATE_1_EXPIRED,f,Signal already expired,SKIPPED,2026-07-21 12:36:18.778855+00,
262929,2026-07-21 12:36:18.770855+00,50,BTCUSDT,66,GATE_1_EXPIRED,f,Signal already expired,SKIPPED,2026-07-21 12:36:18.770855+00,
262928,2026-07-21 12:36:18.762853+00,51,ETHUSDT,63,GATE_1_EXPIRED,f,Signal already expired,SKIPPED,2026-07-21 12:36:18.762853+00,
262927,2026-07-21 12:36:03.778686+00,44,BTCUSDT,79,GATE_1_EXPIRED,f,Signal already expired,SKIPPED,2026-07-21 12:36:03.778686+00,
262926,2026-07-21 12:36:03.774375+00,45,XRPUSDT,63,GATE_1_EXPIRED,f,Signal already expired,SKIPPED,2026-07-21 12:36:03.774375+00,
262925,2026-07-21 12:36:03.770598+00,46,ETHUSDT,68,GATE_1_EXPIRED,f,Signal already expired,SKIPPED,2026-07-21 12:36:03.770598+00,
262924,2026-07-21 12:36:03.766296+00,47,SOLUSDT,78,GATE_1_EXPIRED,f,Signal already expired,SKIPPED,2026-07-21 12:36:03.766296+00,
262923,2026-07-21 12:36:03.759772+00,49,SOLUSDT,65,GATE_1_EXPIRED,f,Signal already expired,SKIPPED,2026-07-21 12:36:03.759772+00,
262922,2026-07-21 12:36:03.753089+00,50,BTCUSDT,66,GATE_1_EXPIRED,f,Signal already expired,SKIPPED,2026-07-21 12:36:03.753089+00,
262921,2026-07-21 12:36:03.74159+00,51,ETHUSDT,63,GATE_1_EXPIRED,f,Signal already expired,SKIPPED,2026-07-21 12:36:03.74159+00,
262920,2026-07-21 12:35:48.78486+00,44,BTCUSDT,79,GATE_1_EXPIRED,f,Signal already expired,SKIPPED,2026-07-21 12:35:48.78486+00,
262919,2026-07-21 12:35:48.7772+00,45,XRPUSDT,63,GATE_1_EXPIRED,f,Signal already expired,SKIPPED,2026-07-21 12:35:48.7772+00,
262918,2026-07-21 12:35:48.770298+00,46,ETHUSDT,68,GATE_1_EXPIRED,f,Signal already expired,SKIPPED,2026-07-21 12:35:48.770298+00,
262917,2026-07-21 12:35:48.764198+00,47,SOLUSDT,78,GATE_1_EXPIRED,f,Signal already expired,SKIPPED,2026-07-21 12:35:48.764198+00,
262916,2026-07-21 12:35:48.760247+00,49,SOLUSDT,65,GATE_1_EXPIRED,f,Signal already expired,SKIPPED,2026-07-21 12:35:48.760247+00,
262915,2026-07-21 12:35:48.753593+00,50,BTCUSDT,66,GATE_1_EXPIRED,f,Signal already expired,SKIPPED,2026-07-21 12:35:48.753593+00,
262914,2026-07-21 12:35:48.743614+00,51,ETHUSDT,63,GATE_1_EXPIRED,f,Signal already expired,SKIPPED,2026-07-21 12:35:48.743614+00,
262913,2026-07-21 12:35:33.808305+00,44,BTCUSDT,79,GATE_1_EXPIRED,f,Signal already expired,SKIPPED,2026-07-21 12:35:33.808305+00,
262912,2026-07-21 12:35:33.802169+00,45,XRPUSDT,63,GATE_1_EXPIRED,f,Signal already expired,SKIPPED,2026-07-21 12:35:33.802169+00,
262911,2026-07-21 12:35:33.797123+00,46,ETHUSDT,68,GATE_1_EXPIRED,f,Signal already expired,SKIPPED,2026-07-21 12:35:33.797123+00,
262910,2026-07-21 12:35:33.786519+00,47,SOLUSDT,78,GATE_1_EXPIRED,f,Signal already expired,SKIPPED,2026-07-21 12:35:33.786519+00,
262909,2026-07-21 12:35:33.781945+00,49,SOLUSDT,65,GATE_1_EXPIRED,f,Signal already expired,SKIPPED,2026-07-21 12:35:33.781945+00,
262908,2026-07-21 12:35:33.777199+00,50,BTCUSDT,66,GATE_1_EXPIRED,f,Signal already expired,SKIPPED,2026-07-21 12:35:33.777199+00,
262907,2026-07-21 12:35:33.767496+00,51,ETHUSDT,63,GATE_1_EXPIRED,f,Signal already expired,SKIPPED,2026-07-21 12:35:33.767496+00,
262906,2026-07-21 12:35:18.804841+00,44,BTCUSDT,79,GATE_1_EXPIRED,f,Signal already expired,SKIPPED,2026-07-21 12:35:18.804841+00,
262905,2026-07-21 12:35:18.792967+00,45,XRPUSDT,63,GATE_1_EXPIRED,f,Signal already expired,SKIPPED,2026-07-21 12:35:18.792967+00,
262904,2026-07-21 12:35:18.779462+00,46,ETHUSDT,68,GATE_1_EXPIRED,f,Signal already expired,SKIPPED,2026-07-21 12:35:18.779462+00,
262903,2026-07-21 12:35:18.772929+00,47,SOLUSDT,78,GATE_1_EXPIRED,f,Signal already expired,SKIPPED,2026-07-21 12:35:18.772929+00,
262902,2026-07-21 12:35:18.764458+00,49,SOLUSDT,65,GATE_1_EXPIRED,f,Signal already expired,SKIPPED,2026-07-21 12:35:18.764458+00,
262901,2026-07-21 12:35:18.754677+00,50,BTCUSDT,66,GATE_1_EXPIRED,f,Signal already expired,SKIPPED,2026-07-21 12:35:18.754677+00,
262900,2026-07-21 12:35:18.746956+00,51,ETHUSDT,63,GATE_1_EXPIRED,f,Signal already expired,SKIPPED,2026-07-21 12:35:18.746956+00,
262899,2026-07-21 12:35:03.77902+00,44,BTCUSDT,79,GATE_1_EXPIRED,f,Signal already expired,SKIPPED,2026-07-21 12:35:03.77902+00,
262898,2026-07-21 12:35:03.77362+00,45,XRPUSDT,63,GATE_1_EXPIRED,f,Signal already expired,SKIPPED,2026-07-21 12:35:03.77362+00,
262897,2026-07-21 12:35:03.768321+00,46,ETHUSDT,68,GATE_1_EXPIRED,f,Signal already expired,SKIPPED,2026-07-21 12:35:03.768321+00,
262896,2026-07-21 12:35:03.762432+00,47,SOLUSDT,78,GATE_1_EXPIRED,f,Signal already expired,SKIPPED,2026-07-21 12:35:03.762432+00,
262895,2026-07-21 12:35:03.756682+00,49,SOLUSDT,65,GATE_1_EXPIRED,f,Signal already expired,SKIPPED,2026-07-21 12:35:03.756682+00,
262894,2026-07-21 12:35:03.751492+00,50,BTCUSDT,66,GATE_1_EXPIRED,f,Signal already expired,SKIPPED,2026-07-21 12:35:03.751492+00,
262893,2026-07-21 12:35:03.742953+00,51,ETHUSDT,63,GATE_1_EXPIRED,f,Signal already expired,SKIPPED,2026-07-21 12:35:03.742953+00,
262892,2026-07-21 12:34:48.738387+00,44,BTCUSDT,79,GATE_1_EXPIRED,f,Signal already expired,SKIPPED,2026-07-21 12:34:48.738387+00,
262891,2026-07-21 12:34:48.73426+00,45,XRPUSDT,63,GATE_1_EXPIRED,f,Signal already expired,SKIPPED,2026-07-21 12:34:48.73426+00,
262890,2026-07-21 12:34:48.727462+00,46,ETHUSDT,68,GATE_1_EXPIRED,f,Signal already expired,SKIPPED,2026-07-21 12:34:48.727462+00,
262889,2026-07-21 12:34:48.724645+00,47,SOLUSDT,78,GATE_1_EXPIRED,f,Signal already expired,SKIPPED,2026-07-21 12:34:48.724645+00,
262888,2026-07-21 12:34:48.719627+00,49,SOLUSDT,65,GATE_1_EXPIRED,f,Signal already expired,SKIPPED,2026-07-21 12:34:48.719627+00,
262887,2026-07-21 12:34:48.712929+00,50,BTCUSDT,66,GATE_1_EXPIRED,f,Signal already expired,SKIPPED,2026-07-21 12:34:48.712929+00,
262886,2026-07-21 12:34:48.708187+00,51,ETHUSDT,63,GATE_1_EXPIRED,f,Signal already expired,SKIPPED,2026-07-21 12:34:48.708187+00,
262885,2026-07-21 12:34:33.7703+00,44,BTCUSDT,79,GATE_1_EXPIRED,f,Signal already expired,SKIPPED,2026-07-21 12:34:33.7703+00,
262884,2026-07-21 12:34:33.766115+00,45,XRPUSDT,63,GATE_1_EXPIRED,f,Signal already expired,SKIPPED,2026-07-21 12:34:33.766115+00,
262883,2026-07-21 12:34:33.762436+00,46,ETHUSDT,68,GATE_1_EXPIRED,f,Signal already expired,SKIPPED,2026-07-21 12:34:33.762436+00,
262882,2026-07-21 12:34:33.75836+00,47,SOLUSDT,78,GATE_1_EXPIRED,f,Signal already expired,SKIPPED,2026-07-21 12:34:33.75836+00,
262881,2026-07-21 12:34:33.752845+00,49,SOLUSDT,65,GATE_1_EXPIRED,f,Signal already expired,SKIPPED,2026-07-21 12:34:33.752845+00,
262880,2026-07-21 12:34:33.746194+00,50,BTCUSDT,66,GATE_1_EXPIRED,f,Signal already expired,SKIPPED,2026-07-21 12:34:33.746194+00,
262879,2026-07-21 12:34:33.738191+00,51,ETHUSDT,63,GATE_1_EXPIRED,f,Signal already expired,SKIPPED,2026-07-21 12:34:33.738191+00,
262878,2026-07-21 12:34:18.771419+00,44,BTCUSDT,79,GATE_1_EXPIRED,f,Signal already expired,SKIPPED,2026-07-21 12:34:18.771419+00,
262877,2026-07-21 12:34:18.767292+00,45,XRPUSDT,63,GATE_1_EXPIRED,f,Signal already expired,SKIPPED,2026-07-21 12:34:18.767292+00,
262876,2026-07-21 12:34:18.760533+00,46,ETHUSDT,68,GATE_1_EXPIRED,f,Signal already expired,SKIPPED,2026-07-21 12:34:18.760533+00,
262875,2026-07-21 12:34:18.751739+00,47,SOLUSDT,78,GATE_1_EXPIRED,f,Signal already expired,SKIPPED,2026-07-21 12:34:18.751739+00,
262874,2026-07-21 12:34:18.747517+00,49,SOLUSDT,65,GATE_1_EXPIRED,f,Signal already expired,SKIPPED,2026-07-21 12:34:18.747517+00,
262873,2026-07-21 12:34:18.740664+00,50,BTCUSDT,66,GATE_1_EXPIRED,f,Signal already expired,SKIPPED,2026-07-21 12:34:18.740664+00,
262872,2026-07-21 12:34:18.731971+00,51,ETHUSDT,63,GATE_1_EXPIRED,f,Signal already expired,SKIPPED,2026-07-21 12:34:18.731971+00,
262871,2026-07-21 12:34:03.797521+00,44,BTCUSDT,79,GATE_1_EXPIRED,f,Signal already expired,SKIPPED,2026-07-21 12:34:03.797521+00,
262870,2026-07-21 12:34:03.786846+00,45,XRPUSDT,63,GATE_1_EXPIRED,f,Signal already expired,SKIPPED,2026-07-21 12:34:03.786846+00,
262869,2026-07-21 12:34:03.777168+00,46,ETHUSDT,68,GATE_1_EXPIRED,f,Signal already expired,SKIPPED,2026-07-21 12:34:03.777168+00,
262868,2026-07-21 12:34:03.76748+00,47,SOLUSDT,78,GATE_1_EXPIRED,f,Signal already expired,SKIPPED,2026-07-21 12:34:03.76748+00,
262867,2026-07-21 12:34:03.755359+00,49,SOLUSDT,65,GATE_1_EXPIRED,f,Signal already expired,SKIPPED,2026-07-21 12:34:03.755359+00,
262866,2026-07-21 12:34:03.75096+00,50,BTCUSDT,66,GATE_1_EXPIRED,f,Signal already expired,SKIPPED,2026-07-21 12:34:03.75096+00,
262865,2026-07-21 12:34:03.743843+00,51,ETHUSDT,63,GATE_1_EXPIRED,f,Signal already expired,SKIPPED,2026-07-21 12:34:03.743843+00,
262864,2026-07-21 12:33:48.809873+00,44,BTCUSDT,79,GATE_1_EXPIRED,f,Signal already expired,SKIPPED,2026-07-21 12:33:48.809873+00,
262863,2026-07-21 12:33:48.804555+00,45,XRPUSDT,63,GATE_1_EXPIRED,f,Signal already expired,SKIPPED,2026-07-21 12:33:48.804555+00,
262862,2026-07-21 12:33:48.794281+00,46,ETHUSDT,68,GATE_1_EXPIRED,f,Signal already expired,SKIPPED,2026-07-21 12:33:48.794281+00,
262861,2026-07-21 12:33:48.783872+00,47,SOLUSDT,78,GATE_1_EXPIRED,f,Signal already expired,SKIPPED,2026-07-21 12:33:48.783872+00,
262860,2026-07-21 12:33:48.770584+00,49,SOLUSDT,65,GATE_1_EXPIRED,f,Signal already expired,SKIPPED,2026-07-21 12:33:48.770584+00,
262859,2026-07-21 12:33:48.767544+00,50,BTCUSDT,66,GATE_1_EXPIRED,f,Signal already expired,SKIPPED,2026-07-21 12:33:48.767544+00,
262858,2026-07-21 12:33:48.761749+00,51,ETHUSDT,63,GATE_1_EXPIRED,f,Signal already expired,SKIPPED,2026-07-21 12:33:48.761749+00,
262857,2026-07-21 12:33:33.720343+00,44,BTCUSDT,79,GATE_1_EXPIRED,f,Signal already expired,SKIPPED,2026-07-21 12:33:33.720343+00,
262856,2026-07-21 12:33:33.716607+00,45,XRPUSDT,63,GATE_1_EXPIRED,f,Signal already expired,SKIPPED,2026-07-21 12:33:33.716607+00,
262855,2026-07-21 12:33:33.713062+00,46,ETHUSDT,68,GATE_1_EXPIRED,f,Signal already expired,SKIPPED,2026-07-21 12:33:33.713062+00,
262854,2026-07-21 12:33:33.709348+00,47,SOLUSDT,78,GATE_1_EXPIRED,f,Signal already expired,SKIPPED,2026-07-21 12:33:33.709348+00,
262853,2026-07-21 12:33:33.704797+00,49,SOLUSDT,65,GATE_1_EXPIRED,f,Signal already expired,SKIPPED,2026-07-21 12:33:33.704797+00,
262852,2026-07-21 12:33:33.701089+00,50,BTCUSDT,66,GATE_1_EXPIRED,f,Signal already expired,SKIPPED,2026-07-21 12:33:33.701089+00,
262851,2026-07-21 12:33:33.692004+00,51,ETHUSDT,63,GATE_1_EXPIRED,f,Signal already expired,SKIPPED,2026-07-21 12:33:33.692004+00,
262850,2026-07-21 12:33:18.818746+00,44,BTCUSDT,79,GATE_1_EXPIRED,f,Signal already expired,SKIPPED,2026-07-21 12:33:18.818746+00,
262849,2026-07-21 12:33:18.813599+00,45,XRPUSDT,63,GATE_1_EXPIRED,f,Signal already expired,SKIPPED,2026-07-21 12:33:18.813599+00,
262848,2026-07-21 12:33:18.804762+00,46,ETHUSDT,68,GATE_1_EXPIRED,f,Signal already expired,SKIPPED,2026-07-21 12:33:18.804762+00,
262847,2026-07-21 12:33:18.797055+00,47,SOLUSDT,78,GATE_1_EXPIRED,f,Signal already expired,SKIPPED,2026-07-21 12:33:18.797055+00,
262846,2026-07-21 12:33:18.78124+00,49,SOLUSDT,65,GATE_1_EXPIRED,f,Signal already expired,SKIPPED,2026-07-21 12:33:18.78124+00,
262845,2026-07-21 12:33:18.774423+00,50,BTCUSDT,66,GATE_1_EXPIRED,f,Signal already expired,SKIPPED,2026-07-21 12:33:18.774423+00,
262844,2026-07-21 12:33:18.767853+00,51,ETHUSDT,63,GATE_1_EXPIRED,f,Signal already expired,SKIPPED,2026-07-21 12:33:18.767853+00,
262843,2026-07-21 12:33:03.756382+00,44,BTCUSDT,79,GATE_1_EXPIRED,f,Signal already expired,SKIPPED,2026-07-21 12:33:03.756382+00,
262842,2026-07-21 12:33:03.752654+00,45,XRPUSDT,63,GATE_1_EXPIRED,f,Signal already expired,SKIPPED,2026-07-21 12:33:03.752654+00,
262841,2026-07-21 12:33:03.747259+00,46,ETHUSDT,68,GATE_1_EXPIRED,f,Signal already expired,SKIPPED,2026-07-21 12:33:03.747259+00,
262840,2026-07-21 12:33:03.74305+00,47,SOLUSDT,78,GATE_1_EXPIRED,f,Signal already expired,SKIPPED,2026-07-21 12:33:03.74305+00,
262839,2026-07-21 12:33:03.738788+00,49,SOLUSDT,65,GATE_1_EXPIRED,f,Signal already expired,SKIPPED,2026-07-21 12:33:03.738788+00,
262838,2026-07-21 12:33:03.73434+00,50,BTCUSDT,66,GATE_1_EXPIRED,f,Signal already expired,SKIPPED,2026-07-21 12:33:03.73434+00,
262837,2026-07-21 12:33:03.727149+00,51,ETHUSDT,63,GATE_1_EXPIRED,f,Signal already expired,SKIPPED,2026-07-21 12:33:03.727149+00,
262836,2026-07-21 12:33:00.447139+00,,ETHUSDT,57,GATE_0C_REGIME,f,RegimeGate: DQS 57 < 60 required for MIXED,REJECTED,2026-07-21 12:33:00.447139+00,87a393f98593590d
262835,2026-07-21 12:33:00.412698+00,,BNBUSDT,79,GATE_4C_RISK,f,RiskBudgetLedger full,REJECTED,2026-07-21 12:33:00.412698+00,807c3e2155612e59
262834,2026-07-21 12:32:48.803823+00,44,BTCUSDT,79,GATE_1_EXPIRED,f,Signal already expired,SKIPPED,2026-07-21 12:32:48.803823+00,
262833,2026-07-21 12:32:48.773951+00,45,XRPUSDT,63,GATE_1_EXPIRED,f,Signal already expired,SKIPPED,2026-07-21 12:32:48.773951+00,
262832,2026-07-21 12:32:48.768494+00,46,ETHUSDT,68,GATE_1_EXPIRED,f,Signal already expired,SKIPPED,2026-07-21 12:32:48.768494+00,
262831,2026-07-21 12:32:48.762331+00,47,SOLUSDT,78,GATE_1_EXPIRED,f,Signal already expired,SKIPPED,2026-07-21 12:32:48.762331+00,
262830,2026-07-21 12:32:48.756511+00,49,SOLUSDT,65,GATE_1_EXPIRED,f,Signal already expired,SKIPPED,2026-07-21 12:32:48.756511+00,
262829,2026-07-21 12:32:48.748296+00,50,BTCUSDT,66,GATE_1_EXPIRED,f,Signal already expired,SKIPPED,2026-07-21 12:32:48.748296+00,
262828,2026-07-21 12:32:48.738582+00,51,ETHUSDT,63,GATE_1_EXPIRED,f,Signal already expired,SKIPPED,2026-07-21 12:32:48.738582+00,
262827,2026-07-21 12:32:33.803317+00,44,BTCUSDT,79,GATE_1_EXPIRED,f,Signal already expired,SKIPPED,2026-07-21 12:32:33.803317+00,
262826,2026-07-21 12:32:33.797355+00,45,XRPUSDT,63,GATE_1_EXPIRED,f,Signal already expired,SKIPPED,2026-07-21 12:32:33.797355+00,
262825,2026-07-21 12:32:33.792856+00,46,ETHUSDT,68,GATE_1_EXPIRED,f,Signal already expired,SKIPPED,2026-07-21 12:32:33.792856+00,
262824,2026-07-21 12:32:33.785801+00,47,SOLUSDT,78,GATE_1_EXPIRED,f,Signal already expired,SKIPPED,2026-07-21 12:32:33.785801+00,
262823,2026-07-21 12:32:33.780526+00,49,SOLUSDT,65,GATE_1_EXPIRED,f,Signal already expired,SKIPPED,2026-07-21 12:32:33.780526+00,
262822,2026-07-21 12:32:33.775444+00,50,BTCUSDT,66,GATE_1_EXPIRED,f,Signal already expired,SKIPPED,2026-07-21 12:32:33.775444+00,
262821,2026-07-21 12:32:33.769181+00,51,ETHUSDT,63,GATE_1_EXPIRED,f,Signal already expired,SKIPPED,2026-07-21 12:32:33.769181+00,
262820,2026-07-21 12:32:18.750529+00,44,BTCUSDT,79,GATE_1_EXPIRED,f,Signal already expired,SKIPPED,2026-07-21 12:32:18.750529+00,
262819,2026-07-21 12:32:18.746448+00,45,XRPUSDT,63,GATE_1_EXPIRED,f,Signal already expired,SKIPPED,2026-07-21 12:32:18.746448+00,
262818,2026-07-21 12:32:18.743778+00,46,ETHUSDT,68,GATE_1_EXPIRED,f,Signal already expired,SKIPPED,2026-07-21 12:32:18.743778+00,
262817,2026-07-21 12:32:18.741074+00,47,SOLUSDT,78,GATE_1_EXPIRED,f,Signal already expired,SKIPPED,2026-07-21 12:32:18.741074+00,
262816,2026-07-21 12:32:18.738174+00,49,SOLUSDT,65,GATE_1_EXPIRED,f,Signal already expired,SKIPPED,2026-07-21 12:32:18.738174+00,
262815,2026-07-21 12:32:18.735389+00,50,BTCUSDT,66,GATE_1_EXPIRED,f,Signal already expired,SKIPPED,2026-07-21 12:32:18.735389+00,
262814,2026-07-21 12:32:18.72942+00,51,ETHUSDT,63,GATE_1_EXPIRED,f,Signal already expired,SKIPPED,2026-07-21 12:32:18.72942+00,
262813,2026-07-21 12:32:03.76927+00,44,BTCUSDT,79,GATE_1_EXPIRED,f,Signal already expired,SKIPPED,2026-07-21 12:32:03.76927+00,
262812,2026-07-21 12:32:03.764332+00,45,XRPUSDT,63,GATE_1_EXPIRED,f,Signal already expired,SKIPPED,2026-07-21 12:32:03.764332+00,
262811,2026-07-21 12:32:03.760479+00,46,ETHUSDT,68,GATE_1_EXPIRED,f,Signal already expired,SKIPPED,2026-07-21 12:32:03.760479+00,
262810,2026-07-21 12:32:03.756127+00,47,SOLUSDT,78,GATE_1_EXPIRED,f,Signal already expired,SKIPPED,2026-07-21 12:32:03.756127+00,
262809,2026-07-21 12:32:03.750126+00,49,SOLUSDT,65,GATE_1_EXPIRED,f,Signal already expired,SKIPPED,2026-07-21 12:32:03.750126+00,
262808,2026-07-21 12:32:03.744174+00,50,BTCUSDT,66,GATE_1_EXPIRED,f,Signal already expired,SKIPPED,2026-07-21 12:32:03.744174+00,
262807,2026-07-21 12:32:03.739857+00,51,ETHUSDT,63,GATE_1_EXPIRED,f,Signal already expired,SKIPPED,2026-07-21 12:32:03.739857+00,
262806,2026-07-21 12:31:48.752576+00,44,BTCUSDT,79,GATE_1_EXPIRED,f,Signal already expired,SKIPPED,2026-07-21 12:31:48.752576+00,
262805,2026-07-21 12:31:48.74703+00,45,XRPUSDT,63,GATE_1_EXPIRED,f,Signal already expired,SKIPPED,2026-07-21 12:31:48.74703+00,
262804,2026-07-21 12:31:48.742618+00,46,ETHUSDT,68,GATE_1_EXPIRED,f,Signal already expired,SKIPPED,2026-07-21 12:31:48.742618+00,
262803,2026-07-21 12:31:48.732608+00,47,SOLUSDT,78,GATE_1_EXPIRED,f,Signal already expired,SKIPPED,2026-07-21 12:31:48.732608+00,
262802,2026-07-21 12:31:48.728578+00,49,SOLUSDT,65,GATE_1_EXPIRED,f,Signal already expired,SKIPPED,2026-07-21 12:31:48.728578+00,
262801,2026-07-21 12:31:48.721262+00,50,BTCUSDT,66,GATE_1_EXPIRED,f,Signal already expired,SKIPPED,2026-07-21 12:31:48.721262+00,
262800,2026-07-21 12:31:48.716013+00,51,ETHUSDT,63,GATE_1_EXPIRED,f,Signal already expired,SKIPPED,2026-07-21 12:31:48.716013+00,
262799,2026-07-21 12:31:33.784517+00,44,BTCUSDT,79,GATE_1_EXPIRED,f,Signal already expired,SKIPPED,2026-07-21 12:31:33.784517+00,
262798,2026-07-21 12:31:33.779434+00,45,XRPUSDT,63,GATE_1_EXPIRED,f,Signal already expired,SKIPPED,2026-07-21 12:31:33.779434+00,
262797,2026-07-21 12:31:33.774304+00,46,ETHUSDT,68,GATE_1_EXPIRED,f,Signal already expired,SKIPPED,2026-07-21 12:31:33.774304+00,
262796,2026-07-21 12:31:33.76788+00,47,SOLUSDT,78,GATE_1_EXPIRED,f,Signal already expired,SKIPPED,2026-07-21 12:31:33.76788+00,
262795,2026-07-21 12:31:33.759252+00,49,SOLUSDT,65,GATE_1_EXPIRED,f,Signal already expired,SKIPPED,2026-07-21 12:31:33.759252+00,
262794,2026-07-21 12:31:33.754224+00,50,BTCUSDT,66,GATE_1_EXPIRED,f,Signal already expired,SKIPPED,2026-07-21 12:31:33.754224+00,
262793,2026-07-21 12:31:33.747451+00,51,ETHUSDT,63,GATE_1_EXPIRED,f,Signal already expired,SKIPPED,2026-07-21 12:31:33.747451+00,
262792,2026-07-21 12:31:18.817821+00,44,BTCUSDT,79,GATE_1_EXPIRED,f,Signal already expired,SKIPPED,2026-07-21 12:31:18.817821+00,
262791,2026-07-21 12:31:18.811262+00,45,XRPUSDT,63,GATE_1_EXPIRED,f,Signal already expired,SKIPPED,2026-07-21 12:31:18.811262+00,
262790,2026-07-21 12:31:18.806854+00,46,ETHUSDT,68,GATE_1_EXPIRED,f,Signal already expired,SKIPPED,2026-07-21 12:31:18.806854+00,
262789,2026-07-21 12:31:18.792119+00,47,SOLUSDT,78,GATE_1_EXPIRED,f,Signal already expired,SKIPPED,2026-07-21 12:31:18.792119+00,
262788,2026-07-21 12:31:18.783499+00,49,SOLUSDT,65,GATE_1_EXPIRED,f,Signal already expired,SKIPPED,2026-07-21 12:31:18.783499+00,
262787,2026-07-21 12:31:18.777276+00,50,BTCUSDT,66,GATE_1_EXPIRED,f,Signal already expired,SKIPPED,2026-07-21 12:31:18.777276+00,
262786,2026-07-21 12:31:18.761782+00,51,ETHUSDT,63,GATE_1_EXPIRED,f,Signal already expired,SKIPPED,2026-07-21 12:31:18.761782+00,
262785,2026-07-21 12:31:03.767157+00,44,BTCUSDT,79,GATE_1_EXPIRED,f,Signal already expired,SKIPPED,2026-07-21 12:31:03.767157+00,
262784,2026-07-21 12:31:03.760188+00,45,XRPUSDT,63,GATE_1_EXPIRED,f,Signal already expired,SKIPPED,2026-07-21 12:31:03.760188+00,
262783,2026-07-21 12:31:03.741319+00,46,ETHUSDT,68,GATE_1_EXPIRED,f,Signal already expired,SKIPPED,2026-07-21 12:31:03.741319+00,
262782,2026-07-21 12:31:03.729241+00,47,SOLUSDT,78,GATE_1_EXPIRED,f,Signal already expired,SKIPPED,2026-07-21 12:31:03.729241+00,
262781,2026-07-21 12:31:03.721654+00,49,SOLUSDT,65,GATE_1_EXPIRED,f,Signal already expired,SKIPPED,2026-07-21 12:31:03.721654+00,
262780,2026-07-21 12:31:03.715839+00,50,BTCUSDT,66,GATE_1_EXPIRED,f,Signal already expired,SKIPPED,2026-07-21 12:31:03.715839+00,
262779,2026-07-21 12:31:03.708927+00,51,ETHUSDT,63,GATE_1_EXPIRED,f,Signal already expired,SKIPPED,2026-07-21 12:31:03.708927+00,
262778,2026-07-21 12:30:48.743837+00,44,BTCUSDT,79,GATE_1_EXPIRED,f,Signal already expired,SKIPPED,2026-07-21 12:30:48.743837+00,
262777,2026-07-21 12:30:48.738219+00,45,XRPUSDT,63,GATE_1_EXPIRED,f,Signal already expired,SKIPPED,2026-07-21 12:30:48.738219+00,
262776,2026-07-21 12:30:48.732475+00,46,ETHUSDT,68,GATE_1_EXPIRED,f,Signal already expired,SKIPPED,2026-07-21 12:30:48.732475+00,
262775,2026-07-21 12:30:48.728769+00,47,SOLUSDT,78,GATE_1_EXPIRED,f,Signal already expired,SKIPPED,2026-07-21 12:30:48.728769+00,
262774,2026-07-21 12:30:48.723485+00,49,SOLUSDT,65,GATE_1_EXPIRED,f,Signal already expired,SKIPPED,2026-07-21 12:30:48.723485+00,
262773,2026-07-21 12:30:48.717379+00,50,BTCUSDT,66,GATE_1_EXPIRED,f,Signal already expired,SKIPPED,2026-07-21 12:30:48.717379+00,
262772,2026-07-21 12:30:48.70985+00,51,ETHUSDT,63,GATE_1_EXPIRED,f,Signal already expired,SKIPPED,2026-07-21 12:30:48.70985+00,
262771,2026-07-21 12:30:33.764842+00,44,BTCUSDT,79,GATE_1_EXPIRED,f,Signal already expired,SKIPPED,2026-07-21 12:30:33.764842+00,
262770,2026-07-21 12:30:33.760239+00,45,XRPUSDT,63,GATE_1_EXPIRED,f,Signal already expired,SKIPPED,2026-07-21 12:30:33.760239+00,
262769,2026-07-21 12:30:33.754458+00,46,ETHUSDT,68,GATE_1_EXPIRED,f,Signal already expired,SKIPPED,2026-07-21 12:30:33.754458+00,
262768,2026-07-21 12:30:33.749955+00,47,SOLUSDT,78,GATE_1_EXPIRED,f,Signal already expired,SKIPPED,2026-07-21 12:30:33.749955+00,
262767,2026-07-21 12:30:33.747248+00,49,SOLUSDT,65,GATE_1_EXPIRED,f,Signal already expired,SKIPPED,2026-07-21 12:30:33.747248+00,
262766,2026-07-21 12:30:33.742746+00,50,BTCUSDT,66,GATE_1_EXPIRED,f,Signal already expired,SKIPPED,2026-07-21 12:30:33.742746+00,
262765,2026-07-21 12:30:33.735556+00,51,ETHUSDT,63,GATE_1_EXPIRED,f,Signal already expired,SKIPPED,2026-07-21 12:30:33.735556+00,
262764,2026-07-21 12:30:18.747488+00,44,BTCUSDT,79,GATE_1_EXPIRED,f,Signal already expired,SKIPPED,2026-07-21 12:30:18.747488+00,
262763,2026-07-21 12:30:18.740271+00,45,XRPUSDT,63,GATE_1_EXPIRED,f,Signal already expired,SKIPPED,2026-07-21 12:30:18.740271+00,
262762,2026-07-21 12:30:18.735338+00,46,ETHUSDT,68,GATE_1_EXPIRED,f,Signal already expired,SKIPPED,2026-07-21 12:30:18.735338+00,
262761,2026-07-21 12:30:18.730293+00,47,SOLUSDT,78,GATE_1_EXPIRED,f,Signal already expired,SKIPPED,2026-07-21 12:30:18.730293+00,
262760,2026-07-21 12:30:18.725858+00,49,SOLUSDT,65,GATE_1_EXPIRED,f,Signal already expired,SKIPPED,2026-07-21 12:30:18.725858+00,
262759,2026-07-21 12:30:18.718329+00,50,BTCUSDT,66,GATE_1_EXPIRED,f,Signal already expired,SKIPPED,2026-07-21 12:30:18.718329+00,
262758,2026-07-21 12:30:18.711848+00,51,ETHUSDT,63,GATE_1_EXPIRED,f,Signal already expired,SKIPPED,2026-07-21 12:30:18.711848+00,
262757,2026-07-21 12:30:03.745041+00,44,BTCUSDT,79,GATE_1_EXPIRED,f,Signal already expired,SKIPPED,2026-07-21 12:30:03.745041+00,
262756,2026-07-21 12:30:03.736287+00,45,XRPUSDT,63,GATE_1_EXPIRED,f,Signal already expired,SKIPPED,2026-07-21 12:30:03.736287+00,
262755,2026-07-21 12:30:03.728724+00,46,ETHUSDT,68,GATE_1_EXPIRED,f,Signal already expired,SKIPPED,2026-07-21 12:30:03.728724+00,
262754,2026-07-21 12:30:03.722965+00,47,SOLUSDT,78,GATE_1_EXPIRED,f,Signal already expired,SKIPPED,2026-07-21 12:30:03.722965+00,
262753,2026-07-21 12:30:03.71686+00,49,SOLUSDT,65,GATE_1_EXPIRED,f,Signal already expired,SKIPPED,2026-07-21 12:30:03.71686+00,
262752,2026-07-21 12:30:03.711199+00,50,BTCUSDT,66,GATE_1_EXPIRED,f,Signal already expired,SKIPPED,2026-07-21 12:30:03.711199+00,
262751,2026-07-21 12:30:03.701918+00,51,ETHUSDT,63,GATE_1_EXPIRED,f,Signal already expired,SKIPPED,2026-07-21 12:30:03.701918+00,
262750,2026-07-21 12:29:48.741187+00,44,BTCUSDT,79,GATE_1_EXPIRED,f,Signal already expired,SKIPPED,2026-07-21 12:29:48.741187+00,
262749,2026-07-21 12:29:48.736954+00,45,XRPUSDT,63,GATE_1_EXPIRED,f,Signal already expired,SKIPPED,2026-07-21 12:29:48.736954+00,
262748,2026-07-21 12:29:48.731996+00,46,ETHUSDT,68,GATE_1_EXPIRED,f,Signal already expired,SKIPPED,2026-07-21 12:29:48.731996+00,
262747,2026-07-21 12:29:48.729263+00,47,SOLUSDT,78,GATE_1_EXPIRED,f,Signal already expired,SKIPPED,2026-07-21 12:29:48.729263+00,
262746,2026-07-21 12:29:48.726361+00,49,SOLUSDT,65,GATE_1_EXPIRED,f,Signal already expired,SKIPPED,2026-07-21 12:29:48.726361+00,
262745,2026-07-21 12:29:48.72344+00,50,BTCUSDT,66,GATE_1_EXPIRED,f,Signal already expired,SKIPPED,2026-07-21 12:29:48.72344+00,
262744,2026-07-21 12:29:48.692938+00,51,ETHUSDT,63,GATE_1_EXPIRED,f,Signal already expired,SKIPPED,2026-07-21 12:29:48.692938+00,
262743,2026-07-21 12:29:33.750274+00,44,BTCUSDT,79,GATE_1_EXPIRED,f,Signal already expired,SKIPPED,2026-07-21 12:29:33.750274+00,
262742,2026-07-21 12:29:33.746043+00,45,XRPUSDT,63,GATE_1_EXPIRED,f,Signal already expired,SKIPPED,2026-07-21 12:29:33.746043+00,
262741,2026-07-21 12:29:33.739256+00,46,ETHUSDT,68,GATE_1_EXPIRED,f,Signal already expired,SKIPPED,2026-07-21 12:29:33.739256+00,
262740,2026-07-21 12:29:33.733728+00,47,SOLUSDT,78,GATE_1_EXPIRED,f,Signal already expired,SKIPPED,2026-07-21 12:29:33.733728+00,
262739,2026-07-21 12:29:33.727231+00,49,SOLUSDT,65,GATE_1_EXPIRED,f,Signal already expired,SKIPPED,2026-07-21 12:29:33.727231+00,
262738,2026-07-21 12:29:33.720176+00,50,BTCUSDT,66,GATE_1_EXPIRED,f,Signal already expired,SKIPPED,2026-07-21 12:29:33.720176+00,
262737,2026-07-21 12:29:33.712189+00,51,ETHUSDT,63,GATE_1_EXPIRED,f,Signal already expired,SKIPPED,2026-07-21 12:29:33.712189+00,
262736,2026-07-21 12:29:18.807874+00,44,BTCUSDT,79,GATE_1_EXPIRED,f,Signal already expired,SKIPPED,2026-07-21 12:29:18.807874+00,
262735,2026-07-21 12:29:18.799264+00,45,XRPUSDT,63,GATE_1_EXPIRED,f,Signal already expired,SKIPPED,2026-07-21 12:29:18.799264+00,
262734,2026-07-21 12:29:18.790199+00,46,ETHUSDT,68,GATE_1_EXPIRED,f,Signal already expired,SKIPPED,2026-07-21 12:29:18.790199+00,
262733,2026-07-21 12:29:18.786342+00,47,SOLUSDT,78,GATE_1_EXPIRED,f,Signal already expired,SKIPPED,2026-07-21 12:29:18.786342+00,
262732,2026-07-21 12:29:18.780487+00,49,SOLUSDT,65,GATE_1_EXPIRED,f,Signal already expired,SKIPPED,2026-07-21 12:29:18.780487+00,
262731,2026-07-21 12:29:18.777873+00,50,BTCUSDT,66,GATE_1_EXPIRED,f,Signal already expired,SKIPPED,2026-07-21 12:29:18.777873+00,
262730,2026-07-21 12:29:18.759854+00,51,ETHUSDT,63,GATE_1_EXPIRED,f,Signal already expired,SKIPPED,2026-07-21 12:29:18.759854+00,
262729,2026-07-21 12:29:03.725882+00,44,BTCUSDT,79,GATE_1_EXPIRED,f,Signal already expired,SKIPPED,2026-07-21 12:29:03.725882+00,
262728,2026-07-21 12:29:03.723083+00,45,XRPUSDT,63,GATE_1_EXPIRED,f,Signal already expired,SKIPPED,2026-07-21 12:29:03.723083+00,
262727,2026-07-21 12:29:03.720388+00,46,ETHUSDT,68,GATE_1_EXPIRED,f,Signal already expired,SKIPPED,2026-07-21 12:29:03.720388+00,
262726,2026-07-21 12:29:03.716452+00,47,SOLUSDT,78,GATE_1_EXPIRED,f,Signal already expired,SKIPPED,2026-07-21 12:29:03.716452+00,
262725,2026-07-21 12:29:03.713527+00,49,SOLUSDT,65,GATE_1_EXPIRED,f,Signal already expired,SKIPPED,2026-07-21 12:29:03.713527+00,
262724,2026-07-21 12:29:03.710585+00,50,BTCUSDT,66,GATE_1_EXPIRED,f,Signal already expired,SKIPPED,2026-07-21 12:29:03.710585+00,
262723,2026-07-21 12:29:03.700425+00,51,ETHUSDT,63,GATE_1_EXPIRED,f,Signal already expired,SKIPPED,2026-07-21 12:29:03.700425+00,
262722,2026-07-21 12:28:48.715511+00,44,BTCUSDT,79,GATE_1_EXPIRED,f,Signal already expired,SKIPPED,2026-07-21 12:28:48.715511+00,
262721,2026-07-21 12:28:48.707743+00,45,XRPUSDT,63,GATE_1_EXPIRED,f,Signal already expired,SKIPPED,2026-07-21 12:28:48.707743+00,
262720,2026-07-21 12:28:48.703105+00,46,ETHUSDT,68,GATE_1_EXPIRED,f,Signal already expired,SKIPPED,2026-07-21 12:28:48.703105+00,
262719,2026-07-21 12:28:48.694153+00,47,SOLUSDT,78,GATE_1_EXPIRED,f,Signal already expired,SKIPPED,2026-07-21 12:28:48.694153+00,
262718,2026-07-21 12:28:48.684324+00,49,SOLUSDT,65,GATE_1_EXPIRED,f,Signal already expired,SKIPPED,2026-07-21 12:28:48.684324+00,
262717,2026-07-21 12:28:48.677136+00,50,BTCUSDT,66,GATE_1_EXPIRED,f,Signal already expired,SKIPPED,2026-07-21 12:28:48.677136+00,
262716,2026-07-21 12:28:48.669714+00,51,ETHUSDT,63,GATE_1_EXPIRED,f,Signal already expired,SKIPPED,2026-07-21 12:28:48.669714+00,
262715,2026-07-21 12:28:33.723262+00,44,BTCUSDT,79,GATE_1_EXPIRED,f,Signal already expired,SKIPPED,2026-07-21 12:28:33.723262+00,
262714,2026-07-21 12:28:33.719277+00,45,XRPUSDT,63,GATE_1_EXPIRED,f,Signal already expired,SKIPPED,2026-07-21 12:28:33.719277+00,
262713,2026-07-21 12:28:33.71182+00,46,ETHUSDT,68,GATE_1_EXPIRED,f,Signal already expired,SKIPPED,2026-07-21 12:28:33.71182+00,
262712,2026-07-21 12:28:33.704155+00,47,SOLUSDT,78,GATE_1_EXPIRED,f,Signal already expired,SKIPPED,2026-07-21 12:28:33.704155+00,
262711,2026-07-21 12:28:33.700377+00,49,SOLUSDT,65,GATE_1_EXPIRED,f,Signal already expired,SKIPPED,2026-07-21 12:28:33.700377+00,
262710,2026-07-21 12:28:33.691323+00,50,BTCUSDT,66,GATE_1_EXPIRED,f,Signal already expired,SKIPPED,2026-07-21 12:28:33.691323+00,
262709,2026-07-21 12:28:33.68385+00,51,ETHUSDT,63,GATE_1_EXPIRED,f,Signal already expired,SKIPPED,2026-07-21 12:28:33.68385+00,
262708,2026-07-21 12:28:18.730107+00,44,BTCUSDT,79,GATE_1_EXPIRED,f,Signal already expired,SKIPPED,2026-07-21 12:28:18.730107+00,
262707,2026-07-21 12:28:18.726217+00,45,XRPUSDT,63,GATE_1_EXPIRED,f,Signal already expired,SKIPPED,2026-07-21 12:28:18.726217+00,
262706,2026-07-21 12:28:18.722168+00,46,ETHUSDT,68,GATE_1_EXPIRED,f,Signal already expired,SKIPPED,2026-07-21 12:28:18.722168+00,
262705,2026-07-21 12:28:18.718357+00,47,SOLUSDT,78,GATE_1_EXPIRED,f,Signal already expired,SKIPPED,2026-07-21 12:28:18.718357+00,
262704,2026-07-21 12:28:18.712074+00,49,SOLUSDT,65,GATE_1_EXPIRED,f,Signal already expired,SKIPPED,2026-07-21 12:28:18.712074+00,
262703,2026-07-21 12:28:18.705972+00,50,BTCUSDT,66,GATE_1_EXPIRED,f,Signal already expired,SKIPPED,2026-07-21 12:28:18.705972+00,
262702,2026-07-21 12:28:18.698448+00,51,ETHUSDT,63,GATE_1_EXPIRED,f,Signal already expired,SKIPPED,2026-07-21 12:28:18.698448+00,
262701,2026-07-21 12:28:03.736696+00,44,BTCUSDT,79,GATE_1_EXPIRED,f,Signal already expired,SKIPPED,2026-07-21 12:28:03.736696+00,
262700,2026-07-21 12:28:03.729058+00,45,XRPUSDT,63,GATE_1_EXPIRED,f,Signal already expired,SKIPPED,2026-07-21 12:28:03.729058+00,
262699,2026-07-21 12:28:03.723397+00,46,ETHUSDT,68,GATE_1_EXPIRED,f,Signal already expired,SKIPPED,2026-07-21 12:28:03.723397+00,
262698,2026-07-21 12:28:03.718506+00,47,SOLUSDT,78,GATE_1_EXPIRED,f,Signal already expired,SKIPPED,2026-07-21 12:28:03.718506+00,
262697,2026-07-21 12:28:03.712889+00,49,SOLUSDT,65,GATE_1_EXPIRED,f,Signal already expired,SKIPPED,2026-07-21 12:28:03.712889+00,
262696,2026-07-21 12:28:03.70883+00,50,BTCUSDT,66,GATE_1_EXPIRED,f,Signal already expired,SKIPPED,2026-07-21 12:28:03.70883+00,
262695,2026-07-21 12:28:03.699177+00,51,ETHUSDT,63,GATE_1_EXPIRED,f,Signal already expired,SKIPPED,2026-07-21 12:28:03.699177+00,
262694,2026-07-21 12:27:48.759266+00,44,BTCUSDT,79,GATE_1_EXPIRED,f,Signal already expired,SKIPPED,2026-07-21 12:27:48.759266+00,
262693,2026-07-21 12:27:48.752234+00,45,XRPUSDT,63,GATE_1_EXPIRED,f,Signal already expired,SKIPPED,2026-07-21 12:27:48.752234+00,
262692,2026-07-21 12:27:48.747337+00,46,ETHUSDT,68,GATE_1_EXPIRED,f,Signal already expired,SKIPPED,2026-07-21 12:27:48.747337+00,
262691,2026-07-21 12:27:48.742289+00,47,SOLUSDT,78,GATE_1_EXPIRED,f,Signal already expired,SKIPPED,2026-07-21 12:27:48.742289+00,
262690,2026-07-21 12:27:48.737252+00,49,SOLUSDT,65,GATE_1_EXPIRED,f,Signal already expired,SKIPPED,2026-07-21 12:27:48.737252+00,
262689,2026-07-21 12:27:48.731131+00,50,BTCUSDT,66,GATE_1_EXPIRED,f,Signal already expired,SKIPPED,2026-07-21 12:27:48.731131+00,
262688,2026-07-21 12:27:48.719853+00,51,ETHUSDT,63,GATE_1_EXPIRED,f,Signal already expired,SKIPPED,2026-07-21 12:27:48.719853+00,
262687,2026-07-21 12:27:43.105407+00,,ETHUSDT,57,GATE_0C_REGIME,f,RegimeGate: DQS 57 < 60 required for MIXED,REJECTED,2026-07-21 12:27:43.105407+00,bf73e263c961043e
262686,2026-07-21 12:27:43.085009+00,,BNBUSDT,79,GATE_4C_RISK,f,RiskBudgetLedger full,REJECTED,2026-07-21 12:27:43.085009+00,32bc298619abcc14
262685,2026-07-21 12:27:33.777645+00,44,BTCUSDT,79,GATE_1_EXPIRED,f,Signal already expired,SKIPPED,2026-07-21 12:27:33.777645+00,
262684,2026-07-21 12:27:33.768853+00,45,XRPUSDT,63,GATE_1_EXPIRED,f,Signal already expired,SKIPPED,2026-07-21 12:27:33.768853+00,
262683,2026-07-21 12:27:33.762168+00,46,ETHUSDT,68,GATE_1_EXPIRED,f,Signal already expired,SKIPPED,2026-07-21 12:27:33.762168+00,
262682,2026-07-21 12:27:33.75448+00,47,SOLUSDT,78,GATE_1_EXPIRED,f,Signal already expired,SKIPPED,2026-07-21 12:27:33.75448+00,
262681,2026-07-21 12:27:33.744382+00,49,SOLUSDT,65,GATE_1_EXPIRED,f,Signal already expired,SKIPPED,2026-07-21 12:27:33.744382+00,
262680,2026-07-21 12:27:33.735528+00,50,BTCUSDT,66,GATE_1_EXPIRED,f,Signal already expired,SKIPPED,2026-07-21 12:27:33.735528+00,
262679,2026-07-21 12:27:33.723956+00,51,ETHUSDT,63,GATE_1_EXPIRED,f,Signal already expired,SKIPPED,2026-07-21 12:27:33.723956+00,
262678,2026-07-21 12:27:18.723577+00,44,BTCUSDT,79,GATE_1_EXPIRED,f,Signal already expired,SKIPPED,2026-07-21 12:27:18.723577+00,
262677,2026-07-21 12:27:18.719341+00,45,XRPUSDT,63,GATE_1_EXPIRED,f,Signal already expired,SKIPPED,2026-07-21 12:27:18.719341+00,
262676,2026-07-21 12:27:18.714534+00,46,ETHUSDT,68,GATE_1_EXPIRED,f,Signal already expired,SKIPPED,2026-07-21 12:27:18.714534+00,
262675,2026-07-21 12:27:18.710845+00,47,SOLUSDT,78,GATE_1_EXPIRED,f,Signal already expired,SKIPPED,2026-07-21 12:27:18.710845+00,
262674,2026-07-21 12:27:18.704578+00,49,SOLUSDT,65,GATE_1_EXPIRED,f,Signal already expired,SKIPPED,2026-07-21 12:27:18.704578+00,
262673,2026-07-21 12:27:18.700842+00,50,BTCUSDT,66,GATE_1_EXPIRED,f,Signal already expired,SKIPPED,2026-07-21 12:27:18.700842+00,
262672,2026-07-21 12:27:18.690099+00,51,ETHUSDT,63,GATE_1_EXPIRED,f,Signal already expired,SKIPPED,2026-07-21 12:27:18.690099+00,
262671,2026-07-21 12:27:03.774239+00,44,BTCUSDT,79,GATE_1_EXPIRED,f,Signal already expired,SKIPPED,2026-07-21 12:27:03.774239+00,
262670,2026-07-21 12:27:03.770652+00,45,XRPUSDT,63,GATE_1_EXPIRED,f,Signal already expired,SKIPPED,2026-07-21 12:27:03.770652+00,
262669,2026-07-21 12:27:03.767757+00,46,ETHUSDT,68,GATE_1_EXPIRED,f,Signal already expired,SKIPPED,2026-07-21 12:27:03.767757+00,
262668,2026-07-21 12:27:03.764858+00,47,SOLUSDT,78,GATE_1_EXPIRED,f,Signal already expired,SKIPPED,2026-07-21 12:27:03.764858+00,
262667,2026-07-21 12:27:03.760257+00,49,SOLUSDT,65,GATE_1_EXPIRED,f,Signal already expired,SKIPPED,2026-07-21 12:27:03.760257+00,
262666,2026-07-21 12:27:03.754283+00,50,BTCUSDT,66,GATE_1_EXPIRED,f,Signal already expired,SKIPPED,2026-07-21 12:27:03.754283+00,
262665,2026-07-21 12:27:03.747855+00,51,ETHUSDT,63,GATE_1_EXPIRED,f,Signal already expired,SKIPPED,2026-07-21 12:27:03.747855+00,
262664,2026-07-21 12:26:48.743592+00,44,BTCUSDT,79,GATE_1_EXPIRED,f,Signal already expired,SKIPPED,2026-07-21 12:26:48.743592+00,
262663,2026-07-21 12:26:48.736106+00,45,XRPUSDT,63,GATE_1_EXPIRED,f,Signal already expired,SKIPPED,2026-07-21 12:26:48.736106+00,
262662,2026-07-21 12:26:48.731304+00,46,ETHUSDT,68,GATE_1_EXPIRED,f,Signal already expired,SKIPPED,2026-07-21 12:26:48.731304+00,
262661,2026-07-21 12:26:48.725858+00,47,SOLUSDT,78,GATE_1_EXPIRED,f,Signal already expired,SKIPPED,2026-07-21 12:26:48.725858+00,
262660,2026-07-21 12:26:48.71841+00,49,SOLUSDT,65,GATE_1_EXPIRED,f,Signal already expired,SKIPPED,2026-07-21 12:26:48.71841+00,
262659,2026-07-21 12:26:48.710089+00,50,BTCUSDT,66,GATE_1_EXPIRED,f,Signal already expired,SKIPPED,2026-07-21 12:26:48.710089+00,
262658,2026-07-21 12:26:48.701404+00,51,ETHUSDT,63,GATE_1_EXPIRED,f,Signal already expired,SKIPPED,2026-07-21 12:26:48.701404+00,
262657,2026-07-21 12:26:33.745121+00,44,BTCUSDT,79,GATE_1_EXPIRED,f,Signal already expired,SKIPPED,2026-07-21 12:26:33.745121+00,
262656,2026-07-21 12:26:33.733248+00,45,XRPUSDT,63,GATE_1_EXPIRED,f,Signal already expired,SKIPPED,2026-07-21 12:26:33.733248+00,
262655,2026-07-21 12:26:33.722593+00,46,ETHUSDT,68,GATE_1_EXPIRED,f,Signal already expired,SKIPPED,2026-07-21 12:26:33.722593+00,
262654,2026-07-21 12:26:33.716769+00,47,SOLUSDT,78,GATE_1_EXPIRED,f,Signal already expired,SKIPPED,2026-07-21 12:26:33.716769+00,
262653,2026-07-21 12:26:33.709612+00,49,SOLUSDT,65,GATE_1_EXPIRED,f,Signal already expired,SKIPPED,2026-07-21 12:26:33.709612+00,
262652,2026-07-21 12:26:33.703308+00,50,BTCUSDT,66,GATE_1_EXPIRED,f,Signal already expired,SKIPPED,2026-07-21 12:26:33.703308+00,
262651,2026-07-21 12:26:33.692385+00,51,ETHUSDT,63,GATE_1_EXPIRED,f,Signal already expired,SKIPPED,2026-07-21 12:26:33.692385+00,
262650,2026-07-21 12:26:18.719259+00,44,BTCUSDT,79,GATE_1_EXPIRED,f,Signal already expired,SKIPPED,2026-07-21 12:26:18.719259+00,
262649,2026-07-21 12:26:18.713259+00,45,XRPUSDT,63,GATE_1_EXPIRED,f,Signal already expired,SKIPPED,2026-07-21 12:26:18.713259+00,
262648,2026-07-21 12:26:18.704273+00,46,ETHUSDT,68,GATE_1_EXPIRED,f,Signal already expired,SKIPPED,2026-07-21 12:26:18.704273+00,
262647,2026-07-21 12:26:18.694862+00,47,SOLUSDT,78,GATE_1_EXPIRED,f,Signal already expired,SKIPPED,2026-07-21 12:26:18.694862+00,
262646,2026-07-21 12:26:18.689245+00,49,SOLUSDT,65,GATE_1_EXPIRED,f,Signal already expired,SKIPPED,2026-07-21 12:26:18.689245+00,
262645,2026-07-21 12:26:18.67846+00,50,BTCUSDT,66,GATE_1_EXPIRED,f,Signal already expired,SKIPPED,2026-07-21 12:26:18.67846+00,
262644,2026-07-21 12:26:18.665855+00,51,ETHUSDT,63,GATE_1_EXPIRED,f,Signal already expired,SKIPPED,2026-07-21 12:26:18.665855+00,
262643,2026-07-21 12:26:03.695847+00,44,BTCUSDT,79,GATE_1_EXPIRED,f,Signal already expired,SKIPPED,2026-07-21 12:26:03.695847+00,
262642,2026-07-21 12:26:03.693139+00,45,XRPUSDT,63,GATE_1_EXPIRED,f,Signal already expired,SKIPPED,2026-07-21 12:26:03.693139+00,
262641,2026-07-21 12:26:03.686885+00,46,ETHUSDT,68,GATE_1_EXPIRED,f,Signal already expired,SKIPPED,2026-07-21 12:26:03.686885+00,
262640,2026-07-21 12:26:03.683752+00,47,SOLUSDT,78,GATE_1_EXPIRED,f,Signal already expired,SKIPPED,2026-07-21 12:26:03.683752+00,
262639,2026-07-21 12:26:03.680326+00,49,SOLUSDT,65,GATE_1_EXPIRED,f,Signal already expired,SKIPPED,2026-07-21 12:26:03.680326+00,
262638,2026-07-21 12:26:03.676597+00,50,BTCUSDT,66,GATE_1_EXPIRED,f,Signal already expired,SKIPPED,2026-07-21 12:26:03.676597+00,
262637,2026-07-21 12:26:03.670407+00,51,ETHUSDT,63,GATE_1_EXPIRED,f,Signal already expired,SKIPPED,2026-07-21 12:26:03.670407+00,
262636,2026-07-21 12:25:48.704158+00,44,BTCUSDT,79,GATE_1_EXPIRED,f,Signal already expired,SKIPPED,2026-07-21 12:25:48.704158+00,
262635,2026-07-21 12:25:48.697246+00,45,XRPUSDT,63,GATE_1_EXPIRED,f,Signal already expired,SKIPPED,2026-07-21 12:25:48.697246+00,
262634,2026-07-21 12:25:48.692012+00,46,ETHUSDT,68,GATE_1_EXPIRED,f,Signal already expired,SKIPPED,2026-07-21 12:25:48.692012+00,
262633,2026-07-21 12:25:48.683113+00,47,SOLUSDT,78,GATE_1_EXPIRED,f,Signal already expired,SKIPPED,2026-07-21 12:25:48.683113+00,
262632,2026-07-21 12:25:48.671801+00,49,SOLUSDT,65,GATE_1_EXPIRED,f,Signal already expired,SKIPPED,2026-07-21 12:25:48.671801+00,
262631,2026-07-21 12:25:48.663186+00,50,BTCUSDT,66,GATE_1_EXPIRED,f,Signal already expired,SKIPPED,2026-07-21 12:25:48.663186+00,
262630,2026-07-21 12:25:48.653132+00,51,ETHUSDT,63,GATE_1_EXPIRED,f,Signal already expired,SKIPPED,2026-07-21 12:25:48.653132+00,
262629,2026-07-21 12:25:33.68425+00,44,BTCUSDT,79,GATE_1_EXPIRED,f,Signal already expired,SKIPPED,2026-07-21 12:25:33.68425+00,
262628,2026-07-21 12:25:33.67725+00,45,XRPUSDT,63,GATE_1_EXPIRED,f,Signal already expired,SKIPPED,2026-07-21 12:25:33.67725+00,
262627,2026-07-21 12:25:33.671578+00,46,ETHUSDT,68,GATE_1_EXPIRED,f,Signal already expired,SKIPPED,2026-07-21 12:25:33.671578+00,
262626,2026-07-21 12:25:33.66587+00,47,SOLUSDT,78,GATE_1_EXPIRED,f,Signal already expired,SKIPPED,2026-07-21 12:25:33.66587+00,
262625,2026-07-21 12:25:33.660188+00,49,SOLUSDT,65,GATE_1_EXPIRED,f,Signal already expired,SKIPPED,2026-07-21 12:25:33.660188+00,
262624,2026-07-21 12:25:33.654773+00,50,BTCUSDT,66,GATE_1_EXPIRED,f,Signal already expired,SKIPPED,2026-07-21 12:25:33.654773+00,
262623,2026-07-21 12:25:33.646641+00,51,ETHUSDT,63,GATE_1_EXPIRED,f,Signal already expired,SKIPPED,2026-07-21 12:25:33.646641+00,
262622,2026-07-21 12:25:18.714331+00,44,BTCUSDT,79,GATE_1_EXPIRED,f,Signal already expired,SKIPPED,2026-07-21 12:25:18.714331+00,
262621,2026-07-21 12:25:18.707772+00,45,XRPUSDT,63,GATE_1_EXPIRED,f,Signal already expired,SKIPPED,2026-07-21 12:25:18.707772+00,
262620,2026-07-21 12:25:18.703247+00,46,ETHUSDT,68,GATE_1_EXPIRED,f,Signal already expired,SKIPPED,2026-07-21 12:25:18.703247+00,
262619,2026-07-21 12:25:18.694121+00,47,SOLUSDT,78,GATE_1_EXPIRED,f,Signal already expired,SKIPPED,2026-07-21 12:25:18.694121+00,
262618,2026-07-21 12:25:18.68963+00,49,SOLUSDT,65,GATE_1_EXPIRED,f,Signal already expired,SKIPPED,2026-07-21 12:25:18.68963+00,
262617,2026-07-21 12:25:18.684114+00,50,BTCUSDT,66,GATE_1_EXPIRED,f,Signal already expired,SKIPPED,2026-07-21 12:25:18.684114+00,
262616,2026-07-21 12:25:18.675592+00,51,ETHUSDT,63,GATE_1_EXPIRED,f,Signal already expired,SKIPPED,2026-07-21 12:25:18.675592+00,
262615,2026-07-21 12:25:03.697688+00,44,BTCUSDT,79,GATE_1_EXPIRED,f,Signal already expired,SKIPPED,2026-07-21 12:25:03.697688+00,
262614,2026-07-21 12:25:03.69414+00,45,XRPUSDT,63,GATE_1_EXPIRED,f,Signal already expired,SKIPPED,2026-07-21 12:25:03.69414+00,
262613,2026-07-21 12:25:03.688338+00,46,ETHUSDT,68,GATE_1_EXPIRED,f,Signal already expired,SKIPPED,2026-07-21 12:25:03.688338+00,
262612,2026-07-21 12:25:03.685343+00,47,SOLUSDT,78,GATE_1_EXPIRED,f,Signal already expired,SKIPPED,2026-07-21 12:25:03.685343+00,
262611,2026-07-21 12:25:03.682382+00,49,SOLUSDT,65,GATE_1_EXPIRED,f,Signal already expired,SKIPPED,2026-07-21 12:25:03.682382+00,
262610,2026-07-21 12:25:03.679536+00,50,BTCUSDT,66,GATE_1_EXPIRED,f,Signal already expired,SKIPPED,2026-07-21 12:25:03.679536+00,
262609,2026-07-21 12:25:03.670266+00,51,ETHUSDT,63,GATE_1_EXPIRED,f,Signal already expired,SKIPPED,2026-07-21 12:25:03.670266+00,
262608,2026-07-21 12:24:48.75776+00,44,BTCUSDT,79,GATE_1_EXPIRED,f,Signal already expired,SKIPPED,2026-07-21 12:24:48.75776+00,
262607,2026-07-21 12:24:48.753403+00,45,XRPUSDT,63,GATE_1_EXPIRED,f,Signal already expired,SKIPPED,2026-07-21 12:24:48.753403+00,
262606,2026-07-21 12:24:48.747698+00,46,ETHUSDT,68,GATE_1_EXPIRED,f,Signal already expired,SKIPPED,2026-07-21 12:24:48.747698+00,
262605,2026-07-21 12:24:48.742699+00,47,SOLUSDT,78,GATE_1_EXPIRED,f,Signal already expired,SKIPPED,2026-07-21 12:24:48.742699+00,
262604,2026-07-21 12:24:48.735977+00,49,SOLUSDT,65,GATE_1_EXPIRED,f,Signal already expired,SKIPPED,2026-07-21 12:24:48.735977+00,
262603,2026-07-21 12:24:48.731755+00,50,BTCUSDT,66,GATE_1_EXPIRED,f,Signal already expired,SKIPPED,2026-07-21 12:24:48.731755+00,
262602,2026-07-21 12:24:48.724988+00,51,ETHUSDT,63,GATE_2_STALE,f,Signal stale (>45min),EXPIRED,2026-07-21 12:24:48.724988+00,
262601,2026-07-21 12:24:33.70523+00,44,BTCUSDT,79,GATE_1_EXPIRED,f,Signal already expired,SKIPPED,2026-07-21 12:24:33.70523+00,
262600,2026-07-21 12:24:33.701312+00,45,XRPUSDT,63,GATE_1_EXPIRED,f,Signal already expired,SKIPPED,2026-07-21 12:24:33.701312+00,
262599,2026-07-21 12:24:33.695319+00,46,ETHUSDT,68,GATE_1_EXPIRED,f,Signal already expired,SKIPPED,2026-07-21 12:24:33.695319+00,
262598,2026-07-21 12:24:33.690089+00,47,SOLUSDT,78,GATE_1_EXPIRED,f,Signal already expired,SKIPPED,2026-07-21 12:24:33.690089+00,
262597,2026-07-21 12:24:33.686036+00,49,SOLUSDT,65,GATE_1_EXPIRED,f,Signal already expired,SKIPPED,2026-07-21 12:24:33.686036+00,
262596,2026-07-21 12:24:33.682257+00,50,BTCUSDT,66,GATE_1_EXPIRED,f,Signal already expired,SKIPPED,2026-07-21 12:24:33.682257+00,
262595,2026-07-21 12:24:33.676907+00,51,ETHUSDT,63,GATE_6_DUPLICATE,f,Non-cancelled trade exists for signal,SKIPPED,2026-07-21 12:24:33.676907+00,
262594,2026-07-21 12:24:18.75438+00,44,BTCUSDT,79,GATE_1_EXPIRED,f,Signal already expired,SKIPPED,2026-07-21 12:24:18.75438+00,
262593,2026-07-21 12:24:18.746296+00,45,XRPUSDT,63,GATE_1_EXPIRED,f,Signal already expired,SKIPPED,2026-07-21 12:24:18.746296+00,
262592,2026-07-21 12:24:18.739161+00,46,ETHUSDT,68,GATE_1_EXPIRED,f,Signal already expired,SKIPPED,2026-07-21 12:24:18.739161+00,
262591,2026-07-21 12:24:18.731404+00,47,SOLUSDT,78,GATE_1_EXPIRED,f,Signal already expired,SKIPPED,2026-07-21 12:24:18.731404+00,
262590,2026-07-21 12:24:18.723417+00,49,SOLUSDT,65,GATE_1_EXPIRED,f,Signal already expired,SKIPPED,2026-07-21 12:24:18.723417+00,
262589,2026-07-21 12:24:18.716833+00,50,BTCUSDT,66,GATE_1_EXPIRED,f,Signal already expired,SKIPPED,2026-07-21 12:24:18.716833+00,
262588,2026-07-21 12:24:18.708861+00,51,ETHUSDT,63,GATE_6_DUPLICATE,f,Non-cancelled trade exists for signal,SKIPPED,2026-07-21 12:24:18.708861+00,
262587,2026-07-21 12:24:03.780871+00,44,BTCUSDT,79,GATE_1_EXPIRED,f,Signal already expired,SKIPPED,2026-07-21 12:24:03.780871+00,
262586,2026-07-21 12:24:03.77215+00,45,XRPUSDT,63,GATE_1_EXPIRED,f,Signal already expired,SKIPPED,2026-07-21 12:24:03.77215+00,
262585,2026-07-21 12:24:03.76655+00,46,ETHUSDT,68,GATE_1_EXPIRED,f,Signal already expired,SKIPPED,2026-07-21 12:24:03.76655+00,
262584,2026-07-21 12:24:03.759856+00,47,SOLUSDT,78,GATE_1_EXPIRED,f,Signal already expired,SKIPPED,2026-07-21 12:24:03.759856+00,
262583,2026-07-21 12:24:03.736973+00,49,SOLUSDT,65,GATE_1_EXPIRED,f,Signal already expired,SKIPPED,2026-07-21 12:24:03.736973+00,
262582,2026-07-21 12:24:03.729906+00,50,BTCUSDT,66,GATE_1_EXPIRED,f,Signal already expired,SKIPPED,2026-07-21 12:24:03.729906+00,
262581,2026-07-21 12:24:03.714538+00,51,ETHUSDT,63,GATE_6_DUPLICATE,f,Non-cancelled trade exists for signal,SKIPPED,2026-07-21 12:24:03.714538+00,
262580,2026-07-21 12:23:48.767312+00,44,BTCUSDT,79,GATE_1_EXPIRED,f,Signal already expired,SKIPPED,2026-07-21 12:23:48.767312+00,
262579,2026-07-21 12:23:48.756544+00,45,XRPUSDT,63,GATE_1_EXPIRED,f,Signal already expired,SKIPPED,2026-07-21 12:23:48.756544+00,
262578,2026-07-21 12:23:48.750256+00,46,ETHUSDT,68,GATE_1_EXPIRED,f,Signal already expired,SKIPPED,2026-07-21 12:23:48.750256+00,
262577,2026-07-21 12:23:48.746608+00,47,SOLUSDT,78,GATE_1_EXPIRED,f,Signal already expired,SKIPPED,2026-07-21 12:23:48.746608+00,
262576,2026-07-21 12:23:48.738715+00,49,SOLUSDT,65,GATE_1_EXPIRED,f,Signal already expired,SKIPPED,2026-07-21 12:23:48.738715+00,
262575,2026-07-21 12:23:48.730139+00,50,BTCUSDT,66,GATE_1_EXPIRED,f,Signal already expired,SKIPPED,2026-07-21 12:23:48.730139+00,
262574,2026-07-21 12:23:48.719859+00,51,ETHUSDT,63,GATE_6_DUPLICATE,f,Non-cancelled trade exists for signal,SKIPPED,2026-07-21 12:23:48.719859+00,
262573,2026-07-21 12:23:33.709031+00,44,BTCUSDT,79,GATE_1_EXPIRED,f,Signal already expired,SKIPPED,2026-07-21 12:23:33.709031+00,
262572,2026-07-21 12:23:33.706367+00,45,XRPUSDT,63,GATE_1_EXPIRED,f,Signal already expired,SKIPPED,2026-07-21 12:23:33.706367+00,
262571,2026-07-21 12:23:33.701488+00,46,ETHUSDT,68,GATE_1_EXPIRED,f,Signal already expired,SKIPPED,2026-07-21 12:23:33.701488+00,
262570,2026-07-21 12:23:33.698483+00,47,SOLUSDT,78,GATE_1_EXPIRED,f,Signal already expired,SKIPPED,2026-07-21 12:23:33.698483+00,
262569,2026-07-21 12:23:33.690866+00,49,SOLUSDT,65,GATE_1_EXPIRED,f,Signal already expired,SKIPPED,2026-07-21 12:23:33.690866+00,
262568,2026-07-21 12:23:33.6794+00,50,BTCUSDT,66,GATE_1_EXPIRED,f,Signal already expired,SKIPPED,2026-07-21 12:23:33.6794+00,
262567,2026-07-21 12:23:33.675242+00,51,ETHUSDT,63,GATE_6_DUPLICATE,f,Non-cancelled trade exists for signal,SKIPPED,2026-07-21 12:23:33.675242+00,
262566,2026-07-21 12:23:18.707506+00,44,BTCUSDT,79,GATE_1_EXPIRED,f,Signal already expired,SKIPPED,2026-07-21 12:23:18.707506+00,
262565,2026-07-21 12:23:18.703355+00,45,XRPUSDT,63,GATE_1_EXPIRED,f,Signal already expired,SKIPPED,2026-07-21 12:23:18.703355+00,
262564,2026-07-21 12:23:18.69485+00,46,ETHUSDT,68,GATE_1_EXPIRED,f,Signal already expired,SKIPPED,2026-07-21 12:23:18.69485+00,
262563,2026-07-21 12:23:18.68732+00,47,SOLUSDT,78,GATE_1_EXPIRED,f,Signal already expired,SKIPPED,2026-07-21 12:23:18.68732+00,
262562,2026-07-21 12:23:18.683193+00,49,SOLUSDT,65,GATE_1_EXPIRED,f,Signal already expired,SKIPPED,2026-07-21 12:23:18.683193+00,
262561,2026-07-21 12:23:18.676414+00,50,BTCUSDT,66,GATE_1_EXPIRED,f,Signal already expired,SKIPPED,2026-07-21 12:23:18.676414+00,
262560,2026-07-21 12:23:18.668994+00,51,ETHUSDT,63,GATE_6_DUPLICATE,f,Non-cancelled trade exists for signal,SKIPPED,2026-07-21 12:23:18.668994+00,
262559,2026-07-21 12:23:03.718665+00,44,BTCUSDT,79,GATE_1_EXPIRED,f,Signal already expired,SKIPPED,2026-07-21 12:23:03.718665+00,
262558,2026-07-21 12:23:03.714233+00,45,XRPUSDT,63,GATE_1_EXPIRED,f,Signal already expired,SKIPPED,2026-07-21 12:23:03.714233+00,
262557,2026-07-21 12:23:03.709836+00,46,ETHUSDT,68,GATE_1_EXPIRED,f,Signal already expired,SKIPPED,2026-07-21 12:23:03.709836+00,
262556,2026-07-21 12:23:03.704409+00,47,SOLUSDT,78,GATE_1_EXPIRED,f,Signal already expired,SKIPPED,2026-07-21 12:23:03.704409+00,
262555,2026-07-21 12:23:03.700283+00,49,SOLUSDT,65,GATE_1_EXPIRED,f,Signal already expired,SKIPPED,2026-07-21 12:23:03.700283+00,
262554,2026-07-21 12:23:03.694745+00,50,BTCUSDT,66,GATE_1_EXPIRED,f,Signal already expired,SKIPPED,2026-07-21 12:23:03.694745+00,
262553,2026-07-21 12:23:03.687092+00,51,ETHUSDT,63,GATE_6_DUPLICATE,f,Non-cancelled trade exists for signal,SKIPPED,2026-07-21 12:23:03.687092+00,
262552,2026-07-21 12:22:48.692843+00,44,BTCUSDT,79,GATE_1_EXPIRED,f,Signal already expired,SKIPPED,2026-07-21 12:22:48.692843+00,
262551,2026-07-21 12:22:48.68728+00,45,XRPUSDT,63,GATE_1_EXPIRED,f,Signal already expired,SKIPPED,2026-07-21 12:22:48.68728+00,
262550,2026-07-21 12:22:48.678351+00,46,ETHUSDT,68,GATE_1_EXPIRED,f,Signal already expired,SKIPPED,2026-07-21 12:22:48.678351+00,
262549,2026-07-21 12:22:48.671032+00,47,SOLUSDT,78,GATE_1_EXPIRED,f,Signal already expired,SKIPPED,2026-07-21 12:22:48.671032+00,
262548,2026-07-21 12:22:48.667859+00,49,SOLUSDT,65,GATE_1_EXPIRED,f,Signal already expired,SKIPPED,2026-07-21 12:22:48.667859+00,
262547,2026-07-21 12:22:48.662864+00,50,BTCUSDT,66,GATE_1_EXPIRED,f,Signal already expired,SKIPPED,2026-07-21 12:22:48.662864+00,
262546,2026-07-21 12:22:48.650873+00,51,ETHUSDT,63,GATE_6_DUPLICATE,f,Non-cancelled trade exists for signal,SKIPPED,2026-07-21 12:22:48.650873+00,
262545,2026-07-21 12:22:33.720831+00,44,BTCUSDT,79,GATE_1_EXPIRED,f,Signal already expired,SKIPPED,2026-07-21 12:22:33.720831+00,
262544,2026-07-21 12:22:33.709276+00,45,XRPUSDT,63,GATE_1_EXPIRED,f,Signal already expired,SKIPPED,2026-07-21 12:22:33.709276+00,
262543,2026-07-21 12:22:33.70098+00,46,ETHUSDT,68,GATE_1_EXPIRED,f,Signal already expired,SKIPPED,2026-07-21 12:22:33.70098+00,
262542,2026-07-21 12:22:33.690896+00,47,SOLUSDT,78,GATE_1_EXPIRED,f,Signal already expired,SKIPPED,2026-07-21 12:22:33.690896+00,
262541,2026-07-21 12:22:33.68087+00,49,SOLUSDT,65,GATE_1_EXPIRED,f,Signal already expired,SKIPPED,2026-07-21 12:22:33.68087+00,
262540,2026-07-21 12:22:33.674219+00,50,BTCUSDT,66,GATE_1_EXPIRED,f,Signal already expired,SKIPPED,2026-07-21 12:22:33.674219+00,
262539,2026-07-21 12:22:33.656618+00,51,ETHUSDT,63,GATE_6_DUPLICATE,f,Non-cancelled trade exists for signal,SKIPPED,2026-07-21 12:22:33.656618+00,
262538,2026-07-21 12:22:24.885739+00,,ETHUSDT,57,GATE_0C_REGIME,f,RegimeGate: DQS 57 < 60 required for MIXED,REJECTED,2026-07-21 12:22:24.885739+00,68d235ac982ece4c
262537,2026-07-21 12:22:24.862862+00,,BNBUSDT,79,GATE_4C_RISK,f,RiskBudgetLedger full,REJECTED,2026-07-21 12:22:24.862862+00,3ab922ed105abdf4
262536,2026-07-21 12:22:18.73287+00,44,BTCUSDT,79,GATE_1_EXPIRED,f,Signal already expired,SKIPPED,2026-07-21 12:22:18.73287+00,
262535,2026-07-21 12:22:18.728474+00,45,XRPUSDT,63,GATE_1_EXPIRED,f,Signal already expired,SKIPPED,2026-07-21 12:22:18.728474+00,
262534,2026-07-21 12:22:18.722138+00,46,ETHUSDT,68,GATE_1_EXPIRED,f,Signal already expired,SKIPPED,2026-07-21 12:22:18.722138+00,
262533,2026-07-21 12:22:18.716652+00,47,SOLUSDT,78,GATE_1_EXPIRED,f,Signal already expired,SKIPPED,2026-07-21 12:22:18.716652+00,
262532,2026-07-21 12:22:18.708855+00,49,SOLUSDT,65,GATE_1_EXPIRED,f,Signal already expired,SKIPPED,2026-07-21 12:22:18.708855+00,
262531,2026-07-21 12:22:18.690851+00,50,BTCUSDT,66,GATE_1_EXPIRED,f,Signal already expired,SKIPPED,2026-07-21 12:22:18.690851+00,
262530,2026-07-21 12:22:18.679759+00,51,ETHUSDT,63,GATE_6_DUPLICATE,f,Non-cancelled trade exists for signal,SKIPPED,2026-07-21 12:22:18.679759+00,
262529,2026-07-21 12:22:03.724995+00,44,BTCUSDT,79,GATE_1_EXPIRED,f,Signal already expired,SKIPPED,2026-07-21 12:22:03.724995+00,
262528,2026-07-21 12:22:03.718608+00,45,XRPUSDT,63,GATE_1_EXPIRED,f,Signal already expired,SKIPPED,2026-07-21 12:22:03.718608+00,
262527,2026-07-21 12:22:03.714882+00,46,ETHUSDT,68,GATE_1_EXPIRED,f,Signal already expired,SKIPPED,2026-07-21 12:22:03.714882+00,
262526,2026-07-21 12:22:03.709628+00,47,SOLUSDT,78,GATE_1_EXPIRED,f,Signal already expired,SKIPPED,2026-07-21 12:22:03.709628+00,
262525,2026-07-21 12:22:03.705204+00,49,SOLUSDT,65,GATE_1_EXPIRED,f,Signal already expired,SKIPPED,2026-07-21 12:22:03.705204+00,
262524,2026-07-21 12:22:03.700446+00,50,BTCUSDT,66,GATE_1_EXPIRED,f,Signal already expired,SKIPPED,2026-07-21 12:22:03.700446+00,
262523,2026-07-21 12:22:03.694235+00,51,ETHUSDT,63,GATE_6_DUPLICATE,f,Non-cancelled trade exists for signal,SKIPPED,2026-07-21 12:22:03.694235+00,
262522,2026-07-21 12:21:48.669463+00,44,BTCUSDT,79,GATE_1_EXPIRED,f,Signal already expired,SKIPPED,2026-07-21 12:21:48.669463+00,
262521,2026-07-21 12:21:48.66484+00,45,XRPUSDT,63,GATE_1_EXPIRED,f,Signal already expired,SKIPPED,2026-07-21 12:21:48.66484+00,
262520,2026-07-21 12:21:48.659845+00,46,ETHUSDT,68,GATE_1_EXPIRED,f,Signal already expired,SKIPPED,2026-07-21 12:21:48.659845+00,
262519,2026-07-21 12:21:48.653299+00,47,SOLUSDT,78,GATE_1_EXPIRED,f,Signal already expired,SKIPPED,2026-07-21 12:21:48.653299+00,
262518,2026-07-21 12:21:48.646467+00,49,SOLUSDT,65,GATE_1_EXPIRED,f,Signal already expired,SKIPPED,2026-07-21 12:21:48.646467+00,
262517,2026-07-21 12:21:48.641523+00,50,BTCUSDT,66,GATE_1_EXPIRED,f,Signal already expired,SKIPPED,2026-07-21 12:21:48.641523+00,
262516,2026-07-21 12:21:48.635657+00,51,ETHUSDT,63,GATE_6_DUPLICATE,f,Non-cancelled trade exists for signal,SKIPPED,2026-07-21 12:21:48.635657+00,
262515,2026-07-21 12:21:33.650151+00,44,BTCUSDT,79,GATE_1_EXPIRED,f,Signal already expired,SKIPPED,2026-07-21 12:21:33.650151+00,
262514,2026-07-21 12:21:33.646077+00,45,XRPUSDT,63,GATE_1_EXPIRED,f,Signal already expired,SKIPPED,2026-07-21 12:21:33.646077+00,
262513,2026-07-21 12:21:33.642413+00,46,ETHUSDT,68,GATE_1_EXPIRED,f,Signal already expired,SKIPPED,2026-07-21 12:21:33.642413+00,
262512,2026-07-21 12:21:33.638603+00,47,SOLUSDT,78,GATE_1_EXPIRED,f,Signal already expired,SKIPPED,2026-07-21 12:21:33.638603+00,
262511,2026-07-21 12:21:33.629345+00,49,SOLUSDT,65,GATE_1_EXPIRED,f,Signal already expired,SKIPPED,2026-07-21 12:21:33.629345+00,
262510,2026-07-21 12:21:33.625464+00,50,BTCUSDT,66,GATE_1_EXPIRED,f,Signal already expired,SKIPPED,2026-07-21 12:21:33.625464+00,
262509,2026-07-21 12:21:33.619959+00,51,ETHUSDT,63,GATE_6_DUPLICATE,f,Non-cancelled trade exists for signal,SKIPPED,2026-07-21 12:21:33.619959+00,
262508,2026-07-21 12:21:18.776855+00,44,BTCUSDT,79,GATE_1_EXPIRED,f,Signal already expired,SKIPPED,2026-07-21 12:21:18.776855+00,
262507,2026-07-21 12:21:18.77057+00,45,XRPUSDT,63,GATE_1_EXPIRED,f,Signal already expired,SKIPPED,2026-07-21 12:21:18.77057+00,
262506,2026-07-21 12:21:18.767554+00,46,ETHUSDT,68,GATE_1_EXPIRED,f,Signal already expired,SKIPPED,2026-07-21 12:21:18.767554+00,
262505,2026-07-21 12:21:18.76474+00,47,SOLUSDT,78,GATE_1_EXPIRED,f,Signal already expired,SKIPPED,2026-07-21 12:21:18.76474+00,
262504,2026-07-21 12:21:18.757148+00,49,SOLUSDT,65,GATE_1_EXPIRED,f,Signal already expired,SKIPPED,2026-07-21 12:21:18.757148+00,
262503,2026-07-21 12:21:18.753764+00,50,BTCUSDT,66,GATE_1_EXPIRED,f,Signal already expired,SKIPPED,2026-07-21 12:21:18.753764+00,
262502,2026-07-21 12:21:18.748014+00,51,ETHUSDT,63,GATE_6_DUPLICATE,f,Non-cancelled trade exists for signal,SKIPPED,2026-07-21 12:21:18.748014+00,
262501,2026-07-21 12:21:03.699355+00,44,BTCUSDT,79,GATE_1_EXPIRED,f,Signal already expired,SKIPPED,2026-07-21 12:21:03.699355+00,
262500,2026-07-21 12:21:03.693552+00,45,XRPUSDT,63,GATE_1_EXPIRED,f,Signal already expired,SKIPPED,2026-07-21 12:21:03.693552+00,
262499,2026-07-21 12:21:03.690721+00,46,ETHUSDT,68,GATE_1_EXPIRED,f,Signal already expired,SKIPPED,2026-07-21 12:21:03.690721+00,
262498,2026-07-21 12:21:03.687859+00,47,SOLUSDT,78,GATE_1_EXPIRED,f,Signal already expired,SKIPPED,2026-07-21 12:21:03.687859+00,
262497,2026-07-21 12:21:03.682859+00,49,SOLUSDT,65,GATE_1_EXPIRED,f,Signal already expired,SKIPPED,2026-07-21 12:21:03.682859+00,
262496,2026-07-21 12:21:03.678379+00,50,BTCUSDT,66,GATE_1_EXPIRED,f,Signal already expired,SKIPPED,2026-07-21 12:21:03.678379+00,
262495,2026-07-21 12:21:03.670307+00,51,ETHUSDT,63,GATE_6_DUPLICATE,f,Non-cancelled trade exists for signal,SKIPPED,2026-07-21 12:21:03.670307+00,
262494,2026-07-21 12:20:48.697469+00,44,BTCUSDT,79,GATE_1_EXPIRED,f,Signal already expired,SKIPPED,2026-07-21 12:20:48.697469+00,
262493,2026-07-21 12:20:48.693441+00,45,XRPUSDT,63,GATE_1_EXPIRED,f,Signal already expired,SKIPPED,2026-07-21 12:20:48.693441+00,
262492,2026-07-21 12:20:48.690441+00,46,ETHUSDT,68,GATE_1_EXPIRED,f,Signal already expired,SKIPPED,2026-07-21 12:20:48.690441+00,
262491,2026-07-21 12:20:48.686933+00,47,SOLUSDT,78,GATE_1_EXPIRED,f,Signal already expired,SKIPPED,2026-07-21 12:20:48.686933+00,
262490,2026-07-21 12:20:48.683762+00,49,SOLUSDT,65,GATE_1_EXPIRED,f,Signal already expired,SKIPPED,2026-07-21 12:20:48.683762+00,
262489,2026-07-21 12:20:48.680736+00,50,BTCUSDT,66,GATE_1_EXPIRED,f,Signal already expired,SKIPPED,2026-07-21 12:20:48.680736+00,
262488,2026-07-21 12:20:48.673113+00,51,ETHUSDT,63,GATE_6_DUPLICATE,f,Non-cancelled trade exists for signal,SKIPPED,2026-07-21 12:20:48.673113+00,
262487,2026-07-21 12:20:33.688731+00,44,BTCUSDT,79,GATE_1_EXPIRED,f,Signal already expired,SKIPPED,2026-07-21 12:20:33.688731+00,
262486,2026-07-21 12:20:33.68367+00,45,XRPUSDT,63,GATE_1_EXPIRED,f,Signal already expired,SKIPPED,2026-07-21 12:20:33.68367+00,
262485,2026-07-21 12:20:33.679464+00,46,ETHUSDT,68,GATE_1_EXPIRED,f,Signal already expired,SKIPPED,2026-07-21 12:20:33.679464+00,
262484,2026-07-21 12:20:33.672898+00,47,SOLUSDT,78,GATE_1_EXPIRED,f,Signal already expired,SKIPPED,2026-07-21 12:20:33.672898+00,
262483,2026-07-21 12:20:33.666081+00,49,SOLUSDT,65,GATE_1_EXPIRED,f,Signal already expired,SKIPPED,2026-07-21 12:20:33.666081+00,
262482,2026-07-21 12:20:33.66174+00,50,BTCUSDT,66,GATE_1_EXPIRED,f,Signal already expired,SKIPPED,2026-07-21 12:20:33.66174+00,
262481,2026-07-21 12:20:33.65011+00,51,ETHUSDT,63,GATE_6_DUPLICATE,f,Non-cancelled trade exists for signal,SKIPPED,2026-07-21 12:20:33.65011+00,
262480,2026-07-21 12:20:18.759931+00,44,BTCUSDT,79,GATE_1_EXPIRED,f,Signal already expired,SKIPPED,2026-07-21 12:20:18.759931+00,
262479,2026-07-21 12:20:18.755289+00,45,XRPUSDT,63,GATE_1_EXPIRED,f,Signal already expired,SKIPPED,2026-07-21 12:20:18.755289+00,
262478,2026-07-21 12:20:18.751014+00,46,ETHUSDT,68,GATE_1_EXPIRED,f,Signal already expired,SKIPPED,2026-07-21 12:20:18.751014+00,
262477,2026-07-21 12:20:18.746792+00,47,SOLUSDT,78,GATE_1_EXPIRED,f,Signal already expired,SKIPPED,2026-07-21 12:20:18.746792+00,
262476,2026-07-21 12:20:18.742569+00,49,SOLUSDT,65,GATE_1_EXPIRED,f,Signal already expired,SKIPPED,2026-07-21 12:20:18.742569+00,
262475,2026-07-21 12:20:18.735513+00,50,BTCUSDT,66,GATE_1_EXPIRED,f,Signal already expired,SKIPPED,2026-07-21 12:20:18.735513+00,
262474,2026-07-21 12:20:18.61154+00,51,ETHUSDT,63,GATE_6_DUPLICATE,f,Non-cancelled trade exists for signal,SKIPPED,2026-07-21 12:20:18.61154+00,
262473,2026-07-21 12:20:03.639878+00,44,BTCUSDT,79,GATE_1_EXPIRED,f,Signal already expired,SKIPPED,2026-07-21 12:20:03.639878+00,
262472,2026-07-21 12:20:03.635618+00,45,XRPUSDT,63,GATE_1_EXPIRED,f,Signal already expired,SKIPPED,2026-07-21 12:20:03.635618+00,
262471,2026-07-21 12:20:03.631397+00,46,ETHUSDT,68,GATE_1_EXPIRED,f,Signal already expired,SKIPPED,2026-07-21 12:20:03.631397+00,
262470,2026-07-21 12:20:03.627309+00,47,SOLUSDT,78,GATE_1_EXPIRED,f,Signal already expired,SKIPPED,2026-07-21 12:20:03.627309+00,
262469,2026-07-21 12:20:03.622883+00,49,SOLUSDT,65,GATE_1_EXPIRED,f,Signal already expired,SKIPPED,2026-07-21 12:20:03.622883+00,
262468,2026-07-21 12:20:03.615583+00,50,BTCUSDT,66,GATE_1_EXPIRED,f,Signal already expired,SKIPPED,2026-07-21 12:20:03.615583+00,
262467,2026-07-21 12:20:03.610231+00,51,ETHUSDT,63,GATE_6_DUPLICATE,f,Non-cancelled trade exists for signal,SKIPPED,2026-07-21 12:20:03.610231+00,
262466,2026-07-21 12:19:48.703232+00,44,BTCUSDT,79,GATE_1_EXPIRED,f,Signal already expired,SKIPPED,2026-07-21 12:19:48.703232+00,
262465,2026-07-21 12:19:48.699014+00,45,XRPUSDT,63,GATE_1_EXPIRED,f,Signal already expired,SKIPPED,2026-07-21 12:19:48.699014+00,
262464,2026-07-21 12:19:48.690485+00,46,ETHUSDT,68,GATE_1_EXPIRED,f,Signal already expired,SKIPPED,2026-07-21 12:19:48.690485+00,
262463,2026-07-21 12:19:48.680938+00,47,SOLUSDT,78,GATE_1_EXPIRED,f,Signal already expired,SKIPPED,2026-07-21 12:19:48.680938+00,
262462,2026-07-21 12:19:48.663359+00,49,SOLUSDT,65,GATE_1_EXPIRED,f,Signal already expired,SKIPPED,2026-07-21 12:19:48.663359+00,
262461,2026-07-21 12:19:48.658267+00,50,BTCUSDT,66,GATE_1_EXPIRED,f,Signal already expired,SKIPPED,2026-07-21 12:19:48.658267+00,
262460,2026-07-21 12:19:48.648855+00,51,ETHUSDT,63,GATE_6_DUPLICATE,f,Non-cancelled trade exists for signal,SKIPPED,2026-07-21 12:19:48.648855+00,
262459,2026-07-21 12:19:33.983866+00,44,BTCUSDT,79,GATE_1_EXPIRED,f,Signal already expired,SKIPPED,2026-07-21 12:19:33.983866+00,
262458,2026-07-21 12:19:33.970849+00,45,XRPUSDT,63,GATE_1_EXPIRED,f,Signal already expired,SKIPPED,2026-07-21 12:19:33.970849+00,
262457,2026-07-21 12:19:33.960508+00,46,ETHUSDT,68,GATE_1_EXPIRED,f,Signal already expired,SKIPPED,2026-07-21 12:19:33.960508+00,
262456,2026-07-21 12:19:33.946664+00,47,SOLUSDT,78,GATE_1_EXPIRED,f,Signal already expired,SKIPPED,2026-07-21 12:19:33.946664+00,
262455,2026-07-21 12:19:33.933751+00,49,SOLUSDT,65,GATE_1_EXPIRED,f,Signal already expired,SKIPPED,2026-07-21 12:19:33.933751+00,
262454,2026-07-21 12:19:33.913793+00,50,BTCUSDT,66,GATE_1_EXPIRED,f,Signal already expired,SKIPPED,2026-07-21 12:19:33.913793+00,
262453,2026-07-21 12:19:33.885851+00,51,ETHUSDT,63,GATE_6_DUPLICATE,f,Non-cancelled trade exists for signal,SKIPPED,2026-07-21 12:19:33.885851+00,
262452,2026-07-21 12:19:17.610878+00,44,BTCUSDT,79,GATE_1_EXPIRED,f,Signal already expired,SKIPPED,2026-07-21 12:19:17.610878+00,
262451,2026-07-21 12:19:17.603187+00,45,XRPUSDT,63,GATE_1_EXPIRED,f,Signal already expired,SKIPPED,2026-07-21 12:19:17.603187+00,
262450,2026-07-21 12:19:17.597663+00,46,ETHUSDT,68,GATE_1_EXPIRED,f,Signal already expired,SKIPPED,2026-07-21 12:19:17.597663+00,
262449,2026-07-21 12:19:17.588267+00,47,SOLUSDT,78,GATE_1_EXPIRED,f,Signal already expired,SKIPPED,2026-07-21 12:19:17.588267+00,
262448,2026-07-21 12:19:17.573741+00,49,SOLUSDT,65,GATE_1_EXPIRED,f,Signal already expired,SKIPPED,2026-07-21 12:19:17.573741+00,
262447,2026-07-21 12:19:17.564705+00,50,BTCUSDT,66,GATE_1_EXPIRED,f,Signal already expired,SKIPPED,2026-07-21 12:19:17.564705+00,
262446,2026-07-21 12:19:17.551867+00,51,ETHUSDT,63,GATE_6_DUPLICATE,f,Non-cancelled trade exists for signal,SKIPPED,2026-07-21 12:19:17.551867+00,
262445,2026-07-21 12:19:02.491861+00,44,BTCUSDT,79,GATE_1_EXPIRED,f,Signal already expired,SKIPPED,2026-07-21 12:19:02.491861+00,
262444,2026-07-21 12:19:02.483307+00,45,XRPUSDT,63,GATE_1_EXPIRED,f,Signal already expired,SKIPPED,2026-07-21 12:19:02.483307+00,
262443,2026-07-21 12:19:02.471859+00,46,ETHUSDT,68,GATE_1_EXPIRED,f,Signal already expired,SKIPPED,2026-07-21 12:19:02.471859+00,
262442,2026-07-21 12:19:02.460253+00,47,SOLUSDT,78,GATE_1_EXPIRED,f,Signal already expired,SKIPPED,2026-07-21 12:19:02.460253+00,
262441,2026-07-21 12:19:02.44876+00,49,SOLUSDT,65,GATE_1_EXPIRED,f,Signal already expired,SKIPPED,2026-07-21 12:19:02.44876+00,
262440,2026-07-21 12:19:02.441953+00,50,BTCUSDT,66,GATE_1_EXPIRED,f,Signal already expired,SKIPPED,2026-07-21 12:19:02.441953+00,
262439,2026-07-21 12:19:02.429849+00,51,ETHUSDT,63,GATE_6_DUPLICATE,f,Non-cancelled trade exists for signal,SKIPPED,2026-07-21 12:19:02.429849+00,
262438,2026-07-21 12:18:47.426397+00,44,BTCUSDT,79,GATE_1_EXPIRED,f,Signal already expired,SKIPPED,2026-07-21 12:18:47.426397+00,
262437,2026-07-21 12:18:47.423219+00,45,XRPUSDT,63,GATE_1_EXPIRED,f,Signal already expired,SKIPPED,2026-07-21 12:18:47.423219+00,
262436,2026-07-21 12:18:47.418783+00,46,ETHUSDT,68,GATE_1_EXPIRED,f,Signal already expired,SKIPPED,2026-07-21 12:18:47.418783+00,
262435,2026-07-21 12:18:47.414153+00,47,SOLUSDT,78,GATE_1_EXPIRED,f,Signal already expired,SKIPPED,2026-07-21 12:18:47.414153+00,
262434,2026-07-21 12:18:47.411495+00,49,SOLUSDT,65,GATE_1_EXPIRED,f,Signal already expired,SKIPPED,2026-07-21 12:18:47.411495+00,
262433,2026-07-21 12:18:47.406723+00,50,BTCUSDT,66,GATE_1_EXPIRED,f,Signal already expired,SKIPPED,2026-07-21 12:18:47.406723+00,
262432,2026-07-21 12:18:47.399541+00,51,ETHUSDT,63,GATE_6_DUPLICATE,f,Non-cancelled trade exists for signal,SKIPPED,2026-07-21 12:18:47.399541+00,
262431,2026-07-21 12:18:32.444864+00,44,BTCUSDT,79,GATE_1_EXPIRED,f,Signal already expired,SKIPPED,2026-07-21 12:18:32.444864+00,
262430,2026-07-21 12:18:32.4376+00,45,XRPUSDT,63,GATE_1_EXPIRED,f,Signal already expired,SKIPPED,2026-07-21 12:18:32.4376+00,
262429,2026-07-21 12:18:32.430846+00,46,ETHUSDT,68,GATE_1_EXPIRED,f,Signal already expired,SKIPPED,2026-07-21 12:18:32.430846+00,
262428,2026-07-21 12:18:32.423342+00,47,SOLUSDT,78,GATE_1_EXPIRED,f,Signal already expired,SKIPPED,2026-07-21 12:18:32.423342+00,
262427,2026-07-21 12:18:32.414214+00,49,SOLUSDT,65,GATE_1_EXPIRED,f,Signal already expired,SKIPPED,2026-07-21 12:18:32.414214+00,
262426,2026-07-21 12:18:32.409856+00,50,BTCUSDT,66,GATE_1_EXPIRED,f,Signal already expired,SKIPPED,2026-07-21 12:18:32.409856+00,
262425,2026-07-21 12:18:32.401008+00,51,ETHUSDT,63,GATE_6_DUPLICATE,f,Non-cancelled trade exists for signal,SKIPPED,2026-07-21 12:18:32.401008+00,
262424,2026-07-21 12:18:17.410246+00,44,BTCUSDT,79,GATE_1_EXPIRED,f,Signal already expired,SKIPPED,2026-07-21 12:18:17.410246+00,
262423,2026-07-21 12:18:17.403078+00,45,XRPUSDT,63,GATE_1_EXPIRED,f,Signal already expired,SKIPPED,2026-07-21 12:18:17.403078+00,
262422,2026-07-21 12:18:17.396847+00,46,ETHUSDT,68,GATE_1_EXPIRED,f,Signal already expired,SKIPPED,2026-07-21 12:18:17.396847+00,
262421,2026-07-21 12:18:17.392389+00,47,SOLUSDT,78,GATE_1_EXPIRED,f,Signal already expired,SKIPPED,2026-07-21 12:18:17.392389+00,
262420,2026-07-21 12:18:17.387473+00,49,SOLUSDT,65,GATE_1_EXPIRED,f,Signal already expired,SKIPPED,2026-07-21 12:18:17.387473+00,
262419,2026-07-21 12:18:17.382933+00,50,BTCUSDT,66,GATE_1_EXPIRED,f,Signal already expired,SKIPPED,2026-07-21 12:18:17.382933+00,
262418,2026-07-21 12:18:17.37696+00,51,ETHUSDT,63,GATE_6_DUPLICATE,f,Non-cancelled trade exists for signal,SKIPPED,2026-07-21 12:18:17.37696+00,
262417,2026-07-21 12:18:02.423324+00,44,BTCUSDT,79,GATE_1_EXPIRED,f,Signal already expired,SKIPPED,2026-07-21 12:18:02.423324+00,
262416,2026-07-21 12:18:02.41822+00,45,XRPUSDT,63,GATE_1_EXPIRED,f,Signal already expired,SKIPPED,2026-07-21 12:18:02.41822+00,
262415,2026-07-21 12:18:02.412866+00,46,ETHUSDT,68,GATE_1_EXPIRED,f,Signal already expired,SKIPPED,2026-07-21 12:18:02.412866+00,
262414,2026-07-21 12:18:02.404465+00,47,SOLUSDT,78,GATE_1_EXPIRED,f,Signal already expired,SKIPPED,2026-07-21 12:18:02.404465+00,
262413,2026-07-21 12:18:02.399291+00,49,SOLUSDT,65,GATE_1_EXPIRED,f,Signal already expired,SKIPPED,2026-07-21 12:18:02.399291+00,
262412,2026-07-21 12:18:02.392497+00,50,BTCUSDT,66,GATE_1_EXPIRED,f,Signal already expired,SKIPPED,2026-07-21 12:18:02.392497+00,
262411,2026-07-21 12:18:02.384929+00,51,ETHUSDT,63,GATE_6_DUPLICATE,f,Non-cancelled trade exists for signal,SKIPPED,2026-07-21 12:18:02.384929+00,
262410,2026-07-21 12:17:47.410545+00,44,BTCUSDT,79,GATE_1_EXPIRED,f,Signal already expired,SKIPPED,2026-07-21 12:17:47.410545+00,
262409,2026-07-21 12:17:47.403716+00,45,XRPUSDT,63,GATE_1_EXPIRED,f,Signal already expired,SKIPPED,2026-07-21 12:17:47.403716+00,
262408,2026-07-21 12:17:47.400916+00,46,ETHUSDT,68,GATE_1_EXPIRED,f,Signal already expired,SKIPPED,2026-07-21 12:17:47.400916+00,
262407,2026-07-21 12:17:47.397626+00,47,SOLUSDT,78,GATE_1_EXPIRED,f,Signal already expired,SKIPPED,2026-07-21 12:17:47.397626+00,
262406,2026-07-21 12:17:47.393299+00,49,SOLUSDT,65,GATE_1_EXPIRED,f,Signal already expired,SKIPPED,2026-07-21 12:17:47.393299+00,
262405,2026-07-21 12:17:47.390189+00,50,BTCUSDT,66,GATE_1_EXPIRED,f,Signal already expired,SKIPPED,2026-07-21 12:17:47.390189+00,
262404,2026-07-21 12:17:47.381466+00,51,ETHUSDT,63,GATE_6_DUPLICATE,f,Non-cancelled trade exists for signal,SKIPPED,2026-07-21 12:17:47.381466+00,
262403,2026-07-21 12:17:32.452744+00,44,BTCUSDT,79,GATE_1_EXPIRED,f,Signal already expired,SKIPPED,2026-07-21 12:17:32.452744+00,
262402,2026-07-21 12:17:32.447934+00,45,XRPUSDT,63,GATE_1_EXPIRED,f,Signal already expired,SKIPPED,2026-07-21 12:17:32.447934+00,
262401,2026-07-21 12:17:32.440648+00,46,ETHUSDT,68,GATE_1_EXPIRED,f,Signal already expired,SKIPPED,2026-07-21 12:17:32.440648+00,
262400,2026-07-21 12:17:32.429949+00,47,SOLUSDT,78,GATE_1_EXPIRED,f,Signal already expired,SKIPPED,2026-07-21 12:17:32.429949+00,
262399,2026-07-21 12:17:32.420673+00,49,SOLUSDT,65,GATE_1_EXPIRED,f,Signal already expired,SKIPPED,2026-07-21 12:17:32.420673+00,
262398,2026-07-21 12:17:32.413209+00,50,BTCUSDT,66,GATE_1_EXPIRED,f,Signal already expired,SKIPPED,2026-07-21 12:17:32.413209+00,
262397,2026-07-21 12:17:32.405892+00,51,ETHUSDT,63,GATE_6_DUPLICATE,f,Non-cancelled trade exists for signal,SKIPPED,2026-07-21 12:17:32.405892+00,
262396,2026-07-21 12:17:17.416169+00,44,BTCUSDT,79,GATE_1_EXPIRED,f,Signal already expired,SKIPPED,2026-07-21 12:17:17.416169+00,
262395,2026-07-21 12:17:17.412361+00,45,XRPUSDT,63,GATE_1_EXPIRED,f,Signal already expired,SKIPPED,2026-07-21 12:17:17.412361+00,
262394,2026-07-21 12:17:17.407743+00,46,ETHUSDT,68,GATE_1_EXPIRED,f,Signal already expired,SKIPPED,2026-07-21 12:17:17.407743+00,
262393,2026-07-21 12:17:17.399195+00,47,SOLUSDT,78,GATE_1_EXPIRED,f,Signal already expired,SKIPPED,2026-07-21 12:17:17.399195+00,
262392,2026-07-21 12:17:17.392963+00,49,SOLUSDT,65,GATE_1_EXPIRED,f,Signal already expired,SKIPPED,2026-07-21 12:17:17.392963+00,
262391,2026-07-21 12:17:17.387401+00,50,BTCUSDT,66,GATE_1_EXPIRED,f,Signal already expired,SKIPPED,2026-07-21 12:17:17.387401+00,
262390,2026-07-21 12:17:17.380121+00,51,ETHUSDT,63,GATE_6_DUPLICATE,f,Non-cancelled trade exists for signal,SKIPPED,2026-07-21 12:17:17.380121+00,
262389,2026-07-21 12:17:03.718862+00,,ETHUSDT,63,GATE_4A_CORR,f,CorrelationGuard: ETHUSDT already has open position,REJECTED,2026-07-21 12:17:03.718862+00,dcc9d22dda8f628f
262388,2026-07-21 12:17:03.699646+00,,BTCUSDT,67,GATE_4A_CORR,f,CorrelationGuard: BTCUSDT already has open position,REJECTED,2026-07-21 12:17:03.699646+00,b8056087cc637bc2
262387,2026-07-21 12:17:03.611227+00,,BNBUSDT,79,GATE_4C_RISK,f,RiskBudgetLedger full,REJECTED,2026-07-21 12:17:03.611227+00,f1dfe0d0a2a28b38
262386,2026-07-21 12:17:02.426307+00,44,BTCUSDT,79,GATE_1_EXPIRED,f,Signal already expired,SKIPPED,2026-07-21 12:17:02.426307+00,
262385,2026-07-21 12:17:02.420119+00,45,XRPUSDT,63,GATE_1_EXPIRED,f,Signal already expired,SKIPPED,2026-07-21 12:17:02.420119+00,
262384,2026-07-21 12:17:02.41398+00,46,ETHUSDT,68,GATE_1_EXPIRED,f,Signal already expired,SKIPPED,2026-07-21 12:17:02.41398+00,
262383,2026-07-21 12:17:02.403476+00,47,SOLUSDT,78,GATE_1_EXPIRED,f,Signal already expired,SKIPPED,2026-07-21 12:17:02.403476+00,
262382,2026-07-21 12:17:02.393544+00,49,SOLUSDT,65,GATE_1_EXPIRED,f,Signal already expired,SKIPPED,2026-07-21 12:17:02.393544+00,
262381,2026-07-21 12:17:02.387881+00,50,BTCUSDT,66,GATE_1_EXPIRED,f,Signal already expired,SKIPPED,2026-07-21 12:17:02.387881+00,
262380,2026-07-21 12:17:02.373071+00,51,ETHUSDT,63,GATE_6_DUPLICATE,f,Non-cancelled trade exists for signal,SKIPPED,2026-07-21 12:17:02.373071+00,
262379,2026-07-21 12:16:47.412056+00,44,BTCUSDT,79,GATE_1_EXPIRED,f,Signal already expired,SKIPPED,2026-07-21 12:16:47.412056+00,
262378,2026-07-21 12:16:47.406682+00,45,XRPUSDT,63,GATE_1_EXPIRED,f,Signal already expired,SKIPPED,2026-07-21 12:16:47.406682+00,
262377,2026-07-21 12:16:47.398037+00,46,ETHUSDT,68,GATE_1_EXPIRED,f,Signal already expired,SKIPPED,2026-07-21 12:16:47.398037+00,
262376,2026-07-21 12:16:47.39251+00,47,SOLUSDT,78,GATE_1_EXPIRED,f,Signal already expired,SKIPPED,2026-07-21 12:16:47.39251+00,
262375,2026-07-21 12:16:47.386504+00,49,SOLUSDT,65,GATE_1_EXPIRED,f,Signal already expired,SKIPPED,2026-07-21 12:16:47.386504+00,
262374,2026-07-21 12:16:47.381908+00,50,BTCUSDT,66,GATE_1_EXPIRED,f,Signal already expired,SKIPPED,2026-07-21 12:16:47.381908+00,
262373,2026-07-21 12:16:47.376929+00,51,ETHUSDT,63,GATE_6_DUPLICATE,f,Non-cancelled trade exists for signal,SKIPPED,2026-07-21 12:16:47.376929+00,
262372,2026-07-21 12:16:32.448848+00,44,BTCUSDT,79,GATE_1_EXPIRED,f,Signal already expired,SKIPPED,2026-07-21 12:16:32.448848+00,
262371,2026-07-21 12:16:32.437342+00,45,XRPUSDT,63,GATE_1_EXPIRED,f,Signal already expired,SKIPPED,2026-07-21 12:16:32.437342+00,
262370,2026-07-21 12:16:32.429778+00,46,ETHUSDT,68,GATE_1_EXPIRED,f,Signal already expired,SKIPPED,2026-07-21 12:16:32.429778+00,
262369,2026-07-21 12:16:32.421396+00,47,SOLUSDT,78,GATE_1_EXPIRED,f,Signal already expired,SKIPPED,2026-07-21 12:16:32.421396+00,
262368,2026-07-21 12:16:32.40648+00,49,SOLUSDT,65,GATE_1_EXPIRED,f,Signal already expired,SKIPPED,2026-07-21 12:16:32.40648+00,
262367,2026-07-21 12:16:32.385528+00,50,BTCUSDT,66,GATE_1_EXPIRED,f,Signal already expired,SKIPPED,2026-07-21 12:16:32.385528+00,
262366,2026-07-21 12:16:32.376851+00,51,ETHUSDT,63,GATE_6_DUPLICATE,f,Non-cancelled trade exists for signal,SKIPPED,2026-07-21 12:16:32.376851+00,
262365,2026-07-21 12:16:17.418202+00,44,BTCUSDT,79,GATE_1_EXPIRED,f,Signal already expired,SKIPPED,2026-07-21 12:16:17.418202+00,
262364,2026-07-21 12:16:17.414215+00,45,XRPUSDT,63,GATE_1_EXPIRED,f,Signal already expired,SKIPPED,2026-07-21 12:16:17.414215+00,
262363,2026-07-21 12:16:17.409866+00,46,ETHUSDT,68,GATE_1_EXPIRED,f,Signal already expired,SKIPPED,2026-07-21 12:16:17.409866+00,
262362,2026-07-21 12:16:17.402351+00,47,SOLUSDT,78,GATE_1_EXPIRED,f,Signal already expired,SKIPPED,2026-07-21 12:16:17.402351+00,
262361,2026-07-21 12:16:17.394425+00,49,SOLUSDT,65,GATE_1_EXPIRED,f,Signal already expired,SKIPPED,2026-07-21 12:16:17.394425+00,
262360,2026-07-21 12:16:17.381384+00,50,BTCUSDT,66,GATE_1_EXPIRED,f,Signal already expired,SKIPPED,2026-07-21 12:16:17.381384+00,
262359,2026-07-21 12:16:17.375294+00,51,ETHUSDT,63,GATE_6_DUPLICATE,f,Non-cancelled trade exists for signal,SKIPPED,2026-07-21 12:16:17.375294+00,
262358,2026-07-21 12:16:02.408575+00,44,BTCUSDT,79,GATE_1_EXPIRED,f,Signal already expired,SKIPPED,2026-07-21 12:16:02.408575+00,
262357,2026-07-21 12:16:02.403897+00,45,XRPUSDT,63,GATE_1_EXPIRED,f,Signal already expired,SKIPPED,2026-07-21 12:16:02.403897+00,
262356,2026-07-21 12:16:02.399303+00,46,ETHUSDT,68,GATE_1_EXPIRED,f,Signal already expired,SKIPPED,2026-07-21 12:16:02.399303+00,
262355,2026-07-21 12:16:02.394279+00,47,SOLUSDT,78,GATE_1_EXPIRED,f,Signal already expired,SKIPPED,2026-07-21 12:16:02.394279+00,
262354,2026-07-21 12:16:02.38809+00,49,SOLUSDT,65,GATE_1_EXPIRED,f,Signal already expired,SKIPPED,2026-07-21 12:16:02.38809+00,
262353,2026-07-21 12:16:02.383588+00,50,BTCUSDT,66,GATE_1_EXPIRED,f,Signal already expired,SKIPPED,2026-07-21 12:16:02.383588+00,
262352,2026-07-21 12:16:02.375606+00,51,ETHUSDT,63,GATE_6_DUPLICATE,f,Non-cancelled trade exists for signal,SKIPPED,2026-07-21 12:16:02.375606+00,
262351,2026-07-21 12:15:47.396517+00,44,BTCUSDT,79,GATE_1_EXPIRED,f,Signal already expired,SKIPPED,2026-07-21 12:15:47.396517+00,
262350,2026-07-21 12:15:47.390986+00,45,XRPUSDT,63,GATE_1_EXPIRED,f,Signal already expired,SKIPPED,2026-07-21 12:15:47.390986+00,
262349,2026-07-21 12:15:47.387105+00,46,ETHUSDT,68,GATE_1_EXPIRED,f,Signal already expired,SKIPPED,2026-07-21 12:15:47.387105+00,
262348,2026-07-21 12:15:47.38135+00,47,SOLUSDT,78,GATE_1_EXPIRED,f,Signal already expired,SKIPPED,2026-07-21 12:15:47.38135+00,
262347,2026-07-21 12:15:47.377289+00,49,SOLUSDT,65,GATE_1_EXPIRED,f,Signal already expired,SKIPPED,2026-07-21 12:15:47.377289+00,
262346,2026-07-21 12:15:47.373421+00,50,BTCUSDT,66,GATE_1_EXPIRED,f,Signal already expired,SKIPPED,2026-07-21 12:15:47.373421+00,
262345,2026-07-21 12:15:47.36938+00,51,ETHUSDT,63,GATE_6_DUPLICATE,f,Non-cancelled trade exists for signal,SKIPPED,2026-07-21 12:15:47.36938+00,
262344,2026-07-21 12:15:32.404609+00,44,BTCUSDT,79,GATE_1_EXPIRED,f,Signal already expired,SKIPPED,2026-07-21 12:15:32.404609+00,
262343,2026-07-21 12:15:32.400076+00,45,XRPUSDT,63,GATE_1_EXPIRED,f,Signal already expired,SKIPPED,2026-07-21 12:15:32.400076+00,
262342,2026-07-21 12:15:32.391468+00,46,ETHUSDT,68,GATE_1_EXPIRED,f,Signal already expired,SKIPPED,2026-07-21 12:15:32.391468+00,
262341,2026-07-21 12:15:32.383819+00,47,SOLUSDT,78,GATE_1_EXPIRED,f,Signal already expired,SKIPPED,2026-07-21 12:15:32.383819+00,
262340,2026-07-21 12:15:32.378501+00,49,SOLUSDT,65,GATE_1_EXPIRED,f,Signal already expired,SKIPPED,2026-07-21 12:15:32.378501+00,
262339,2026-07-21 12:15:32.371356+00,50,BTCUSDT,66,GATE_1_EXPIRED,f,Signal already expired,SKIPPED,2026-07-21 12:15:32.371356+00,
262338,2026-07-21 12:15:32.365486+00,51,ETHUSDT,63,GATE_6_DUPLICATE,f,Non-cancelled trade exists for signal,SKIPPED,2026-07-21 12:15:32.365486+00,
262337,2026-07-21 12:15:17.399042+00,44,BTCUSDT,79,GATE_1_EXPIRED,f,Signal already expired,SKIPPED,2026-07-21 12:15:17.399042+00,
262336,2026-07-21 12:15:17.394144+00,45,XRPUSDT,63,GATE_1_EXPIRED,f,Signal already expired,SKIPPED,2026-07-21 12:15:17.394144+00,
262335,2026-07-21 12:15:17.387877+00,46,ETHUSDT,68,GATE_1_EXPIRED,f,Signal already expired,SKIPPED,2026-07-21 12:15:17.387877+00,
262334,2026-07-21 12:15:17.382235+00,47,SOLUSDT,78,GATE_1_EXPIRED,f,Signal already expired,SKIPPED,2026-07-21 12:15:17.382235+00,
262333,2026-07-21 12:15:17.378395+00,49,SOLUSDT,65,GATE_1_EXPIRED,f,Signal already expired,SKIPPED,2026-07-21 12:15:17.378395+00,
262332,2026-07-21 12:15:17.372609+00,50,BTCUSDT,66,GATE_1_EXPIRED,f,Signal already expired,SKIPPED,2026-07-21 12:15:17.372609+00,
262331,2026-07-21 12:15:17.368849+00,51,ETHUSDT,63,GATE_6_DUPLICATE,f,Non-cancelled trade exists for signal,SKIPPED,2026-07-21 12:15:17.368849+00,
262330,2026-07-21 12:15:02.406086+00,44,BTCUSDT,79,GATE_1_EXPIRED,f,Signal already expired,SKIPPED,2026-07-21 12:15:02.406086+00,
262329,2026-07-21 12:15:02.39664+00,45,XRPUSDT,63,GATE_1_EXPIRED,f,Signal already expired,SKIPPED,2026-07-21 12:15:02.39664+00,
262328,2026-07-21 12:15:02.388787+00,46,ETHUSDT,68,GATE_1_EXPIRED,f,Signal already expired,SKIPPED,2026-07-21 12:15:02.388787+00,
262327,2026-07-21 12:15:02.383818+00,47,SOLUSDT,78,GATE_1_EXPIRED,f,Signal already expired,SKIPPED,2026-07-21 12:15:02.383818+00,
262326,2026-07-21 12:15:02.376852+00,49,SOLUSDT,65,GATE_1_EXPIRED,f,Signal already expired,SKIPPED,2026-07-21 12:15:02.376852+00,
262325,2026-07-21 12:15:02.368334+00,50,BTCUSDT,66,GATE_1_EXPIRED,f,Signal already expired,SKIPPED,2026-07-21 12:15:02.368334+00,
262324,2026-07-21 12:15:02.363158+00,51,ETHUSDT,63,GATE_6_DUPLICATE,f,Non-cancelled trade exists for signal,SKIPPED,2026-07-21 12:15:02.363158+00,
262323,2026-07-21 12:14:47.392508+00,44,BTCUSDT,79,GATE_1_EXPIRED,f,Signal already expired,SKIPPED,2026-07-21 12:14:47.392508+00,
262322,2026-07-21 12:14:47.388154+00,45,XRPUSDT,63,GATE_1_EXPIRED,f,Signal already expired,SKIPPED,2026-07-21 12:14:47.388154+00,
262321,2026-07-21 12:14:47.382394+00,46,ETHUSDT,68,GATE_1_EXPIRED,f,Signal already expired,SKIPPED,2026-07-21 12:14:47.382394+00,
262320,2026-07-21 12:14:47.377356+00,47,SOLUSDT,78,GATE_1_EXPIRED,f,Signal already expired,SKIPPED,2026-07-21 12:14:47.377356+00,
262319,2026-07-21 12:14:47.372623+00,49,SOLUSDT,65,GATE_1_EXPIRED,f,Signal already expired,SKIPPED,2026-07-21 12:14:47.372623+00,
262318,2026-07-21 12:14:47.367582+00,50,BTCUSDT,66,GATE_1_EXPIRED,f,Signal already expired,SKIPPED,2026-07-21 12:14:47.367582+00,
262317,2026-07-21 12:14:47.359044+00,51,ETHUSDT,63,GATE_6_DUPLICATE,f,Non-cancelled trade exists for signal,SKIPPED,2026-07-21 12:14:47.359044+00,
262316,2026-07-21 12:14:32.383795+00,44,BTCUSDT,79,GATE_1_EXPIRED,f,Signal already expired,SKIPPED,2026-07-21 12:14:32.383795+00,
262315,2026-07-21 12:14:32.37728+00,45,XRPUSDT,63,GATE_1_EXPIRED,f,Signal already expired,SKIPPED,2026-07-21 12:14:32.37728+00,
262314,2026-07-21 12:14:32.37336+00,46,ETHUSDT,68,GATE_1_EXPIRED,f,Signal already expired,SKIPPED,2026-07-21 12:14:32.37336+00,
262313,2026-07-21 12:14:32.367622+00,47,SOLUSDT,78,GATE_1_EXPIRED,f,Signal already expired,SKIPPED,2026-07-21 12:14:32.367622+00,
262312,2026-07-21 12:14:32.364078+00,49,SOLUSDT,65,GATE_1_EXPIRED,f,Signal already expired,SKIPPED,2026-07-21 12:14:32.364078+00,
262311,2026-07-21 12:14:32.357007+00,50,BTCUSDT,66,GATE_1_EXPIRED,f,Signal already expired,SKIPPED,2026-07-21 12:14:32.357007+00,
262310,2026-07-21 12:14:32.352297+00,51,ETHUSDT,63,GATE_6_DUPLICATE,f,Non-cancelled trade exists for signal,SKIPPED,2026-07-21 12:14:32.352297+00,
262309,2026-07-21 12:14:17.395428+00,44,BTCUSDT,79,GATE_1_EXPIRED,f,Signal already expired,SKIPPED,2026-07-21 12:14:17.395428+00,
262308,2026-07-21 12:14:17.389344+00,45,XRPUSDT,63,GATE_1_EXPIRED,f,Signal already expired,SKIPPED,2026-07-21 12:14:17.389344+00,
262307,2026-07-21 12:14:17.385264+00,46,ETHUSDT,68,GATE_1_EXPIRED,f,Signal already expired,SKIPPED,2026-07-21 12:14:17.385264+00,
262306,2026-07-21 12:14:17.379712+00,47,SOLUSDT,78,GATE_1_EXPIRED,f,Signal already expired,SKIPPED,2026-07-21 12:14:17.379712+00,
262305,2026-07-21 12:14:17.371199+00,49,SOLUSDT,65,GATE_1_EXPIRED,f,Signal already expired,SKIPPED,2026-07-21 12:14:17.371199+00,
262304,2026-07-21 12:14:17.363246+00,50,BTCUSDT,66,GATE_1_EXPIRED,f,Signal already expired,SKIPPED,2026-07-21 12:14:17.363246+00,
262303,2026-07-21 12:14:17.358863+00,51,ETHUSDT,63,GATE_6_DUPLICATE,f,Non-cancelled trade exists for signal,SKIPPED,2026-07-21 12:14:17.358863+00,
262302,2026-07-21 12:14:02.416103+00,44,BTCUSDT,79,GATE_1_EXPIRED,f,Signal already expired,SKIPPED,2026-07-21 12:14:02.416103+00,
262301,2026-07-21 12:14:02.398873+00,45,XRPUSDT,63,GATE_1_EXPIRED,f,Signal already expired,SKIPPED,2026-07-21 12:14:02.398873+00,
262300,2026-07-21 12:14:02.392257+00,46,ETHUSDT,68,GATE_1_EXPIRED,f,Signal already expired,SKIPPED,2026-07-21 12:14:02.392257+00,
262299,2026-07-21 12:14:02.386292+00,47,SOLUSDT,78,GATE_1_EXPIRED,f,Signal already expired,SKIPPED,2026-07-21 12:14:02.386292+00,
262298,2026-07-21 12:14:02.37831+00,49,SOLUSDT,65,GATE_1_EXPIRED,f,Signal already expired,SKIPPED,2026-07-21 12:14:02.37831+00,
262297,2026-07-21 12:14:02.371243+00,50,BTCUSDT,66,GATE_1_EXPIRED,f,Signal already expired,SKIPPED,2026-07-21 12:14:02.371243+00,
262296,2026-07-21 12:14:02.364917+00,51,ETHUSDT,63,GATE_6_DUPLICATE,f,Non-cancelled trade exists for signal,SKIPPED,2026-07-21 12:14:02.364917+00,
262295,2026-07-21 12:13:47.402857+00,44,BTCUSDT,79,GATE_1_EXPIRED,f,Signal already expired,SKIPPED,2026-07-21 12:13:47.402857+00,
262294,2026-07-21 12:13:47.391336+00,45,XRPUSDT,63,GATE_1_EXPIRED,f,Signal already expired,SKIPPED,2026-07-21 12:13:47.391336+00,
262293,2026-07-21 12:13:47.3873+00,46,ETHUSDT,68,GATE_1_EXPIRED,f,Signal already expired,SKIPPED,2026-07-21 12:13:47.3873+00,
262292,2026-07-21 12:13:47.382706+00,47,SOLUSDT,78,GATE_1_EXPIRED,f,Signal already expired,SKIPPED,2026-07-21 12:13:47.382706+00,
262291,2026-07-21 12:13:47.371576+00,49,SOLUSDT,65,GATE_1_EXPIRED,f,Signal already expired,SKIPPED,2026-07-21 12:13:47.371576+00,
262290,2026-07-21 12:13:47.366877+00,50,BTCUSDT,66,GATE_1_EXPIRED,f,Signal already expired,SKIPPED,2026-07-21 12:13:47.366877+00,
262289,2026-07-21 12:13:47.362412+00,51,ETHUSDT,63,GATE_6_DUPLICATE,f,Non-cancelled trade exists for signal,SKIPPED,2026-07-21 12:13:47.362412+00,
262288,2026-07-21 12:13:32.401255+00,44,BTCUSDT,79,GATE_1_EXPIRED,f,Signal already expired,SKIPPED,2026-07-21 12:13:32.401255+00,
262287,2026-07-21 12:13:32.39246+00,45,XRPUSDT,63,GATE_1_EXPIRED,f,Signal already expired,SKIPPED,2026-07-21 12:13:32.39246+00,
262286,2026-07-21 12:13:32.38688+00,46,ETHUSDT,68,GATE_1_EXPIRED,f,Signal already expired,SKIPPED,2026-07-21 12:13:32.38688+00,
262285,2026-07-21 12:13:32.373446+00,47,SOLUSDT,78,GATE_1_EXPIRED,f,Signal already expired,SKIPPED,2026-07-21 12:13:32.373446+00,
262284,2026-07-21 12:13:32.366485+00,49,SOLUSDT,65,GATE_1_EXPIRED,f,Signal already expired,SKIPPED,2026-07-21 12:13:32.366485+00,
262283,2026-07-21 12:13:32.361221+00,50,BTCUSDT,66,GATE_1_EXPIRED,f,Signal already expired,SKIPPED,2026-07-21 12:13:32.361221+00,
262282,2026-07-21 12:13:32.352567+00,51,ETHUSDT,63,GATE_6_DUPLICATE,f,Non-cancelled trade exists for signal,SKIPPED,2026-07-21 12:13:32.352567+00,
262281,2026-07-21 12:13:17.398169+00,44,BTCUSDT,79,GATE_1_EXPIRED,f,Signal already expired,SKIPPED,2026-07-21 12:13:17.398169+00,
262280,2026-07-21 12:13:17.39124+00,45,XRPUSDT,63,GATE_1_EXPIRED,f,Signal already expired,SKIPPED,2026-07-21 12:13:17.39124+00,
262279,2026-07-21 12:13:17.385207+00,46,ETHUSDT,68,GATE_1_EXPIRED,f,Signal already expired,SKIPPED,2026-07-21 12:13:17.385207+00,
262278,2026-07-21 12:13:17.377118+00,47,SOLUSDT,78,GATE_1_EXPIRED,f,Signal already expired,SKIPPED,2026-07-21 12:13:17.377118+00,
262277,2026-07-21 12:13:17.36788+00,49,SOLUSDT,65,GATE_1_EXPIRED,f,Signal already expired,SKIPPED,2026-07-21 12:13:17.36788+00,
262276,2026-07-21 12:13:17.35789+00,50,BTCUSDT,66,GATE_1_EXPIRED,f,Signal already expired,SKIPPED,2026-07-21 12:13:17.35789+00,
262275,2026-07-21 12:13:17.347222+00,51,ETHUSDT,63,GATE_6_DUPLICATE,f,Non-cancelled trade exists for signal,SKIPPED,2026-07-21 12:13:17.347222+00,
262274,2026-07-21 12:13:02.369661+00,44,BTCUSDT,79,GATE_1_EXPIRED,f,Signal already expired,SKIPPED,2026-07-21 12:13:02.369661+00,
262273,2026-07-21 12:13:02.365278+00,45,XRPUSDT,63,GATE_1_EXPIRED,f,Signal already expired,SKIPPED,2026-07-21 12:13:02.365278+00,
262272,2026-07-21 12:13:02.362202+00,46,ETHUSDT,68,GATE_1_EXPIRED,f,Signal already expired,SKIPPED,2026-07-21 12:13:02.362202+00,
262271,2026-07-21 12:13:02.359302+00,47,SOLUSDT,78,GATE_1_EXPIRED,f,Signal already expired,SKIPPED,2026-07-21 12:13:02.359302+00,
262270,2026-07-21 12:13:02.354594+00,49,SOLUSDT,65,GATE_1_EXPIRED,f,Signal already expired,SKIPPED,2026-07-21 12:13:02.354594+00,
262269,2026-07-21 12:13:02.351752+00,50,BTCUSDT,66,GATE_1_EXPIRED,f,Signal already expired,SKIPPED,2026-07-21 12:13:02.351752+00,
262268,2026-07-21 12:13:02.344567+00,51,ETHUSDT,63,GATE_6_DUPLICATE,f,Non-cancelled trade exists for signal,SKIPPED,2026-07-21 12:13:02.344567+00,
262267,2026-07-21 12:12:47.409359+00,44,BTCUSDT,79,GATE_1_EXPIRED,f,Signal already expired,SKIPPED,2026-07-21 12:12:47.409359+00,
262266,2026-07-21 12:12:47.40008+00,45,XRPUSDT,63,GATE_1_EXPIRED,f,Signal already expired,SKIPPED,2026-07-21 12:12:47.40008+00,
262265,2026-07-21 12:12:47.391997+00,46,ETHUSDT,68,GATE_1_EXPIRED,f,Signal already expired,SKIPPED,2026-07-21 12:12:47.391997+00,
262264,2026-07-21 12:12:47.384764+00,47,SOLUSDT,78,GATE_1_EXPIRED,f,Signal already expired,SKIPPED,2026-07-21 12:12:47.384764+00,
262263,2026-07-21 12:12:47.379856+00,49,SOLUSDT,65,GATE_1_EXPIRED,f,Signal already expired,SKIPPED,2026-07-21 12:12:47.379856+00,
262262,2026-07-21 12:12:47.370856+00,50,BTCUSDT,66,GATE_1_EXPIRED,f,Signal already expired,SKIPPED,2026-07-21 12:12:47.370856+00,
262261,2026-07-21 12:12:47.36024+00,51,ETHUSDT,63,GATE_6_DUPLICATE,f,Non-cancelled trade exists for signal,SKIPPED,2026-07-21 12:12:47.36024+00,
262260,2026-07-21 12:12:32.373425+00,44,BTCUSDT,79,GATE_1_EXPIRED,f,Signal already expired,SKIPPED,2026-07-21 12:12:32.373425+00,
262259,2026-07-21 12:12:32.367459+00,45,XRPUSDT,63,GATE_1_EXPIRED,f,Signal already expired,SKIPPED,2026-07-21 12:12:32.367459+00,
262258,2026-07-21 12:12:32.363114+00,46,ETHUSDT,68,GATE_1_EXPIRED,f,Signal already expired,SKIPPED,2026-07-21 12:12:32.363114+00,
262257,2026-07-21 12:12:32.358757+00,47,SOLUSDT,78,GATE_1_EXPIRED,f,Signal already expired,SKIPPED,2026-07-21 12:12:32.358757+00,
262256,2026-07-21 12:12:32.351585+00,49,SOLUSDT,65,GATE_1_EXPIRED,f,Signal already expired,SKIPPED,2026-07-21 12:12:32.351585+00,
262255,2026-07-21 12:12:32.347568+00,50,BTCUSDT,66,GATE_1_EXPIRED,f,Signal already expired,SKIPPED,2026-07-21 12:12:32.347568+00,
262254,2026-07-21 12:12:32.344854+00,51,ETHUSDT,63,GATE_6_DUPLICATE,f,Non-cancelled trade exists for signal,SKIPPED,2026-07-21 12:12:32.344854+00,
262253,2026-07-21 12:12:17.369236+00,44,BTCUSDT,79,GATE_1_EXPIRED,f,Signal already expired,SKIPPED,2026-07-21 12:12:17.369236+00,
262252,2026-07-21 12:12:17.365039+00,45,XRPUSDT,63,GATE_1_EXPIRED,f,Signal already expired,SKIPPED,2026-07-21 12:12:17.365039+00,
262251,2026-07-21 12:12:17.361266+00,46,ETHUSDT,68,GATE_1_EXPIRED,f,Signal already expired,SKIPPED,2026-07-21 12:12:17.361266+00,
262250,2026-07-21 12:12:17.35585+00,47,SOLUSDT,78,GATE_1_EXPIRED,f,Signal already expired,SKIPPED,2026-07-21 12:12:17.35585+00,
262249,2026-07-21 12:12:17.352023+00,49,SOLUSDT,65,GATE_1_EXPIRED,f,Signal already expired,SKIPPED,2026-07-21 12:12:17.352023+00,
262248,2026-07-21 12:12:17.344391+00,50,BTCUSDT,66,GATE_1_EXPIRED,f,Signal already expired,SKIPPED,2026-07-21 12:12:17.344391+00,
262247,2026-07-21 12:12:17.340701+00,51,ETHUSDT,63,GATE_6_DUPLICATE,f,Non-cancelled trade exists for signal,SKIPPED,2026-07-21 12:12:17.340701+00,
262246,2026-07-21 12:12:02.394395+00,44,BTCUSDT,79,GATE_1_EXPIRED,f,Signal already expired,SKIPPED,2026-07-21 12:12:02.394395+00,
262245,2026-07-21 12:12:02.381576+00,45,XRPUSDT,63,GATE_1_EXPIRED,f,Signal already expired,SKIPPED,2026-07-21 12:12:02.381576+00,
262244,2026-07-21 12:12:02.370983+00,46,ETHUSDT,68,GATE_1_EXPIRED,f,Signal already expired,SKIPPED,2026-07-21 12:12:02.370983+00,
262243,2026-07-21 12:12:02.364742+00,47,SOLUSDT,78,GATE_1_EXPIRED,f,Signal already expired,SKIPPED,2026-07-21 12:12:02.364742+00,
262242,2026-07-21 12:12:02.359361+00,49,SOLUSDT,65,GATE_1_EXPIRED,f,Signal already expired,SKIPPED,2026-07-21 12:12:02.359361+00,
262241,2026-07-21 12:12:02.35297+00,50,BTCUSDT,66,GATE_1_EXPIRED,f,Signal already expired,SKIPPED,2026-07-21 12:12:02.35297+00,
262240,2026-07-21 12:12:02.345981+00,51,ETHUSDT,63,GATE_6_DUPLICATE,f,Non-cancelled trade exists for signal,SKIPPED,2026-07-21 12:12:02.345981+00,
262239,2026-07-21 12:11:47.382207+00,44,BTCUSDT,79,GATE_1_EXPIRED,f,Signal already expired,SKIPPED,2026-07-21 12:11:47.382207+00,
262238,2026-07-21 12:11:47.377346+00,45,XRPUSDT,63,GATE_1_EXPIRED,f,Signal already expired,SKIPPED,2026-07-21 12:11:47.377346+00,
262237,2026-07-21 12:11:47.368357+00,46,ETHUSDT,68,GATE_1_EXPIRED,f,Signal already expired,SKIPPED,2026-07-21 12:11:47.368357+00,
262236,2026-07-21 12:11:47.360918+00,47,SOLUSDT,78,GATE_1_EXPIRED,f,Signal already expired,SKIPPED,2026-07-21 12:11:47.360918+00,
262235,2026-07-21 12:11:47.355899+00,49,SOLUSDT,65,GATE_1_EXPIRED,f,Signal already expired,SKIPPED,2026-07-21 12:11:47.355899+00,
262234,2026-07-21 12:11:47.349855+00,50,BTCUSDT,66,GATE_1_EXPIRED,f,Signal already expired,SKIPPED,2026-07-21 12:11:47.349855+00,
262233,2026-07-21 12:11:47.344851+00,51,ETHUSDT,63,GATE_6_DUPLICATE,f,Non-cancelled trade exists for signal,SKIPPED,2026-07-21 12:11:47.344851+00,
262232,2026-07-21 12:11:45.92529+00,,ETHUSDT,63,GATE_4A_CORR,f,CorrelationGuard: ETHUSDT already has open position,REJECTED,2026-07-21 12:11:45.92529+00,c099181b8a270878
262231,2026-07-21 12:11:45.905053+00,,BTCUSDT,69,GATE_4A_CORR,f,CorrelationGuard: BTCUSDT already has open position,REJECTED,2026-07-21 12:11:45.905053+00,bb7a921219f34ec3
262230,2026-07-21 12:11:45.878062+00,,BNBUSDT,79,GATE_4C_RISK,f,RiskBudgetLedger full,REJECTED,2026-07-21 12:11:45.878062+00,2b2be1c2e7e89279
262229,2026-07-21 12:11:45.843672+00,,XRPUSDT,85,GATE_0_V7_KELLY_ZERO,f,Kelly=0 for DQS 85,REJECTED,2026-07-21 12:11:45.843672+00,9513910de5efada4
262228,2026-07-21 12:11:32.363744+00,44,BTCUSDT,79,GATE_1_EXPIRED,f,Signal already expired,SKIPPED,2026-07-21 12:11:32.363744+00,
262227,2026-07-21 12:11:32.35746+00,45,XRPUSDT,63,GATE_1_EXPIRED,f,Signal already expired,SKIPPED,2026-07-21 12:11:32.35746+00,
262226,2026-07-21 12:11:32.353417+00,46,ETHUSDT,68,GATE_1_EXPIRED,f,Signal already expired,SKIPPED,2026-07-21 12:11:32.353417+00,
262225,2026-07-21 12:11:32.349137+00,47,SOLUSDT,78,GATE_1_EXPIRED,f,Signal already expired,SKIPPED,2026-07-21 12:11:32.349137+00,
262224,2026-07-21 12:11:32.346319+00,49,SOLUSDT,65,GATE_1_EXPIRED,f,Signal already expired,SKIPPED,2026-07-21 12:11:32.346319+00,
262223,2026-07-21 12:11:32.343228+00,50,BTCUSDT,66,GATE_1_EXPIRED,f,Signal already expired,SKIPPED,2026-07-21 12:11:32.343228+00,
262222,2026-07-21 12:11:32.336844+00,51,ETHUSDT,63,GATE_6_DUPLICATE,f,Non-cancelled trade exists for signal,SKIPPED,2026-07-21 12:11:32.336844+00,
262221,2026-07-21 12:11:17.37639+00,44,BTCUSDT,79,GATE_1_EXPIRED,f,Signal already expired,SKIPPED,2026-07-21 12:11:17.37639+00,
262220,2026-07-21 12:11:17.367749+00,45,XRPUSDT,63,GATE_1_EXPIRED,f,Signal already expired,SKIPPED,2026-07-21 12:11:17.367749+00,
262219,2026-07-21 12:11:17.36249+00,46,ETHUSDT,68,GATE_1_EXPIRED,f,Signal already expired,SKIPPED,2026-07-21 12:11:17.36249+00,
262218,2026-07-21 12:11:17.35205+00,47,SOLUSDT,78,GATE_1_EXPIRED,f,Signal already expired,SKIPPED,2026-07-21 12:11:17.35205+00,
262217,2026-07-21 12:11:17.346309+00,49,SOLUSDT,65,GATE_1_EXPIRED,f,Signal already expired,SKIPPED,2026-07-21 12:11:17.346309+00,
262216,2026-07-21 12:11:17.342488+00,50,BTCUSDT,66,GATE_1_EXPIRED,f,Signal already expired,SKIPPED,2026-07-21 12:11:17.342488+00,
262215,2026-07-21 12:11:17.338567+00,51,ETHUSDT,63,GATE_6_DUPLICATE,f,Non-cancelled trade exists for signal,SKIPPED,2026-07-21 12:11:17.338567+00,
262214,2026-07-21 12:11:02.37646+00,44,BTCUSDT,79,GATE_1_EXPIRED,f,Signal already expired,SKIPPED,2026-07-21 12:11:02.37646+00,
262213,2026-07-21 12:11:02.370721+00,45,XRPUSDT,63,GATE_1_EXPIRED,f,Signal already expired,SKIPPED,2026-07-21 12:11:02.370721+00,
262212,2026-07-21 12:11:02.366985+00,46,ETHUSDT,68,GATE_1_EXPIRED,f,Signal already expired,SKIPPED,2026-07-21 12:11:02.366985+00,
262211,2026-07-21 12:11:02.36034+00,47,SOLUSDT,78,GATE_1_EXPIRED,f,Signal already expired,SKIPPED,2026-07-21 12:11:02.36034+00,
262210,2026-07-21 12:11:02.354855+00,49,SOLUSDT,65,GATE_1_EXPIRED,f,Signal already expired,SKIPPED,2026-07-21 12:11:02.354855+00,
262209,2026-07-21 12:11:02.344305+00,50,BTCUSDT,66,GATE_1_EXPIRED,f,Signal already expired,SKIPPED,2026-07-21 12:11:02.344305+00,
262208,2026-07-21 12:11:02.339672+00,51,ETHUSDT,63,GATE_6_DUPLICATE,f,Non-cancelled trade exists for signal,SKIPPED,2026-07-21 12:11:02.339672+00,
262207,2026-07-21 12:10:47.400398+00,44,BTCUSDT,79,GATE_1_EXPIRED,f,Signal already expired,SKIPPED,2026-07-21 12:10:47.400398+00,
262206,2026-07-21 12:10:47.385564+00,45,XRPUSDT,63,GATE_1_EXPIRED,f,Signal already expired,SKIPPED,2026-07-21 12:10:47.385564+00,
262205,2026-07-21 12:10:47.376868+00,46,ETHUSDT,68,GATE_1_EXPIRED,f,Signal already expired,SKIPPED,2026-07-21 12:10:47.376868+00,
262204,2026-07-21 12:10:47.368159+00,47,SOLUSDT,78,GATE_1_EXPIRED,f,Signal already expired,SKIPPED,2026-07-21 12:10:47.368159+00,
262203,2026-07-21 12:10:47.356936+00,49,SOLUSDT,65,GATE_1_EXPIRED,f,Signal already expired,SKIPPED,2026-07-21 12:10:47.356936+00,
262202,2026-07-21 12:10:47.347412+00,50,BTCUSDT,66,GATE_1_EXPIRED,f,Signal already expired,SKIPPED,2026-07-21 12:10:47.347412+00,
262201,2026-07-21 12:10:47.335871+00,51,ETHUSDT,63,GATE_6_DUPLICATE,f,Non-cancelled trade exists for signal,SKIPPED,2026-07-21 12:10:47.335871+00,
262200,2026-07-21 12:10:32.408018+00,44,BTCUSDT,79,GATE_1_EXPIRED,f,Signal already expired,SKIPPED,2026-07-21 12:10:32.408018+00,
262199,2026-07-21 12:10:32.400855+00,45,XRPUSDT,63,GATE_1_EXPIRED,f,Signal already expired,SKIPPED,2026-07-21 12:10:32.400855+00,
262198,2026-07-21 12:10:32.380296+00,46,ETHUSDT,68,GATE_1_EXPIRED,f,Signal already expired,SKIPPED,2026-07-21 12:10:32.380296+00,
262197,2026-07-21 12:10:32.368257+00,47,SOLUSDT,78,GATE_1_EXPIRED,f,Signal already expired,SKIPPED,2026-07-21 12:10:32.368257+00,
262196,2026-07-21 12:10:32.358856+00,49,SOLUSDT,65,GATE_1_EXPIRED,f,Signal already expired,SKIPPED,2026-07-21 12:10:32.358856+00,
262195,2026-07-21 12:10:32.346426+00,50,BTCUSDT,66,GATE_1_EXPIRED,f,Signal already expired,SKIPPED,2026-07-21 12:10:32.346426+00,
262194,2026-07-21 12:10:32.333895+00,51,ETHUSDT,63,GATE_6_DUPLICATE,f,Non-cancelled trade exists for signal,SKIPPED,2026-07-21 12:10:32.333895+00,
262193,2026-07-21 12:10:17.369333+00,44,BTCUSDT,79,GATE_1_EXPIRED,f,Signal already expired,SKIPPED,2026-07-21 12:10:17.369333+00,
262192,2026-07-21 12:10:17.363655+00,45,XRPUSDT,63,GATE_1_EXPIRED,f,Signal already expired,SKIPPED,2026-07-21 12:10:17.363655+00,
262191,2026-07-21 12:10:17.3609+00,46,ETHUSDT,68,GATE_1_EXPIRED,f,Signal already expired,SKIPPED,2026-07-21 12:10:17.3609+00,
262190,2026-07-21 12:10:17.355985+00,47,SOLUSDT,78,GATE_1_EXPIRED,f,Signal already expired,SKIPPED,2026-07-21 12:10:17.355985+00,
262189,2026-07-21 12:10:17.353221+00,49,SOLUSDT,65,GATE_1_EXPIRED,f,Signal already expired,SKIPPED,2026-07-21 12:10:17.353221+00,
262188,2026-07-21 12:10:17.347264+00,50,BTCUSDT,66,GATE_1_EXPIRED,f,Signal already expired,SKIPPED,2026-07-21 12:10:17.347264+00,
262187,2026-07-21 12:10:17.34025+00,51,ETHUSDT,63,GATE_6_DUPLICATE,f,Non-cancelled trade exists for signal,SKIPPED,2026-07-21 12:10:17.34025+00,
262186,2026-07-21 12:10:02.380781+00,44,BTCUSDT,79,GATE_1_EXPIRED,f,Signal already expired,SKIPPED,2026-07-21 12:10:02.380781+00,
262185,2026-07-21 12:10:02.372031+00,45,XRPUSDT,63,GATE_1_EXPIRED,f,Signal already expired,SKIPPED,2026-07-21 12:10:02.372031+00,
262184,2026-07-21 12:10:02.363425+00,46,ETHUSDT,68,GATE_1_EXPIRED,f,Signal already expired,SKIPPED,2026-07-21 12:10:02.363425+00,
262183,2026-07-21 12:10:02.35416+00,47,SOLUSDT,78,GATE_1_EXPIRED,f,Signal already expired,SKIPPED,2026-07-21 12:10:02.35416+00,
262182,2026-07-21 12:10:02.349231+00,49,SOLUSDT,65,GATE_1_EXPIRED,f,Signal already expired,SKIPPED,2026-07-21 12:10:02.349231+00,
262181,2026-07-21 12:10:02.338027+00,50,BTCUSDT,66,GATE_1_EXPIRED,f,Signal already expired,SKIPPED,2026-07-21 12:10:02.338027+00,
262180,2026-07-21 12:10:02.334124+00,51,ETHUSDT,63,GATE_6_DUPLICATE,f,Non-cancelled trade exists for signal,SKIPPED,2026-07-21 12:10:02.334124+00,
262179,2026-07-21 12:09:47.357732+00,44,BTCUSDT,79,GATE_1_EXPIRED,f,Signal already expired,SKIPPED,2026-07-21 12:09:47.357732+00,
262178,2026-07-21 12:09:47.353396+00,45,XRPUSDT,63,GATE_1_EXPIRED,f,Signal already expired,SKIPPED,2026-07-21 12:09:47.353396+00,
262177,2026-07-21 12:09:47.34678+00,46,ETHUSDT,68,GATE_1_EXPIRED,f,Signal already expired,SKIPPED,2026-07-21 12:09:47.34678+00,
262176,2026-07-21 12:09:47.342448+00,47,SOLUSDT,78,GATE_1_EXPIRED,f,Signal already expired,SKIPPED,2026-07-21 12:09:47.342448+00,
262175,2026-07-21 12:09:47.335866+00,49,SOLUSDT,65,GATE_1_EXPIRED,f,Signal already expired,SKIPPED,2026-07-21 12:09:47.335866+00,
262174,2026-07-21 12:09:47.328416+00,50,BTCUSDT,66,GATE_1_EXPIRED,f,Signal already expired,SKIPPED,2026-07-21 12:09:47.328416+00,
262173,2026-07-21 12:09:47.324328+00,51,ETHUSDT,63,GATE_6_DUPLICATE,f,Non-cancelled trade exists for signal,SKIPPED,2026-07-21 12:09:47.324328+00,
262172,2026-07-21 12:09:32.349712+00,44,BTCUSDT,79,GATE_1_EXPIRED,f,Signal already expired,SKIPPED,2026-07-21 12:09:32.349712+00,
262171,2026-07-21 12:09:32.347132+00,45,XRPUSDT,63,GATE_1_EXPIRED,f,Signal already expired,SKIPPED,2026-07-21 12:09:32.347132+00,
262170,2026-07-21 12:09:32.342434+00,46,ETHUSDT,68,GATE_1_EXPIRED,f,Signal already expired,SKIPPED,2026-07-21 12:09:32.342434+00,
262169,2026-07-21 12:09:32.339425+00,47,SOLUSDT,78,GATE_1_EXPIRED,f,Signal already expired,SKIPPED,2026-07-21 12:09:32.339425+00,
262168,2026-07-21 12:09:32.336564+00,49,SOLUSDT,65,GATE_1_EXPIRED,f,Signal already expired,SKIPPED,2026-07-21 12:09:32.336564+00,
262167,2026-07-21 12:09:32.333891+00,50,BTCUSDT,66,GATE_1_EXPIRED,f,Signal already expired,SKIPPED,2026-07-21 12:09:32.333891+00,
262166,2026-07-21 12:09:32.330865+00,51,ETHUSDT,63,GATE_6_DUPLICATE,f,Non-cancelled trade exists for signal,SKIPPED,2026-07-21 12:09:32.330865+00,
262165,2026-07-21 12:09:17.398516+00,44,BTCUSDT,79,GATE_1_EXPIRED,f,Signal already expired,SKIPPED,2026-07-21 12:09:17.398516+00,
262164,2026-07-21 12:09:17.387273+00,45,XRPUSDT,63,GATE_1_EXPIRED,f,Signal already expired,SKIPPED,2026-07-21 12:09:17.387273+00,
262163,2026-07-21 12:09:17.3657+00,46,ETHUSDT,68,GATE_1_EXPIRED,f,Signal already expired,SKIPPED,2026-07-21 12:09:17.3657+00,
262162,2026-07-21 12:09:17.360596+00,47,SOLUSDT,78,GATE_1_EXPIRED,f,Signal already expired,SKIPPED,2026-07-21 12:09:17.360596+00,
262161,2026-07-21 12:09:17.351481+00,49,SOLUSDT,65,GATE_1_EXPIRED,f,Signal already expired,SKIPPED,2026-07-21 12:09:17.351481+00,
262160,2026-07-21 12:09:17.341417+00,50,BTCUSDT,66,GATE_1_EXPIRED,f,Signal already expired,SKIPPED,2026-07-21 12:09:17.341417+00,
262159,2026-07-21 12:09:17.330948+00,51,ETHUSDT,63,GATE_6_DUPLICATE,f,Non-cancelled trade exists for signal,SKIPPED,2026-07-21 12:09:17.330948+00,
262158,2026-07-21 12:09:02.356844+00,44,BTCUSDT,79,GATE_1_EXPIRED,f,Signal already expired,SKIPPED,2026-07-21 12:09:02.356844+00,
262157,2026-07-21 12:09:02.352599+00,45,XRPUSDT,63,GATE_1_EXPIRED,f,Signal already expired,SKIPPED,2026-07-21 12:09:02.352599+00,
262156,2026-07-21 12:09:02.349064+00,46,ETHUSDT,68,GATE_1_EXPIRED,f,Signal already expired,SKIPPED,2026-07-21 12:09:02.349064+00,
262155,2026-07-21 12:09:02.343988+00,47,SOLUSDT,78,GATE_1_EXPIRED,f,Signal already expired,SKIPPED,2026-07-21 12:09:02.343988+00,
262154,2026-07-21 12:09:02.337566+00,49,SOLUSDT,65,GATE_1_EXPIRED,f,Signal already expired,SKIPPED,2026-07-21 12:09:02.337566+00,
262153,2026-07-21 12:09:02.328191+00,50,BTCUSDT,66,GATE_1_EXPIRED,f,Signal already expired,SKIPPED,2026-07-21 12:09:02.328191+00,
262152,2026-07-21 12:09:02.323314+00,51,ETHUSDT,63,GATE_6_DUPLICATE,f,Non-cancelled trade exists for signal,SKIPPED,2026-07-21 12:09:02.323314+00,
262151,2026-07-21 12:08:47.363106+00,44,BTCUSDT,79,GATE_1_EXPIRED,f,Signal already expired,SKIPPED,2026-07-21 12:08:47.363106+00,
262150,2026-07-21 12:08:47.357995+00,45,XRPUSDT,63,GATE_1_EXPIRED,f,Signal already expired,SKIPPED,2026-07-21 12:08:47.357995+00,
262149,2026-07-21 12:08:47.352849+00,46,ETHUSDT,68,GATE_1_EXPIRED,f,Signal already expired,SKIPPED,2026-07-21 12:08:47.352849+00,
262148,2026-07-21 12:08:47.344594+00,47,SOLUSDT,78,GATE_1_EXPIRED,f,Signal already expired,SKIPPED,2026-07-21 12:08:47.344594+00,
262147,2026-07-21 12:08:47.338641+00,49,SOLUSDT,65,GATE_1_EXPIRED,f,Signal already expired,SKIPPED,2026-07-21 12:08:47.338641+00,
262146,2026-07-21 12:08:47.334249+00,50,BTCUSDT,66,GATE_1_EXPIRED,f,Signal already expired,SKIPPED,2026-07-21 12:08:47.334249+00,
262145,2026-07-21 12:08:47.321102+00,51,ETHUSDT,63,GATE_6_DUPLICATE,f,Non-cancelled trade exists for signal,SKIPPED,2026-07-21 12:08:47.321102+00,
262144,2026-07-21 12:08:32.373398+00,44,BTCUSDT,79,GATE_1_EXPIRED,f,Signal already expired,SKIPPED,2026-07-21 12:08:32.373398+00,
262143,2026-07-21 12:08:32.368036+00,45,XRPUSDT,63,GATE_1_EXPIRED,f,Signal already expired,SKIPPED,2026-07-21 12:08:32.368036+00,
262142,2026-07-21 12:08:32.362143+00,46,ETHUSDT,68,GATE_1_EXPIRED,f,Signal already expired,SKIPPED,2026-07-21 12:08:32.362143+00,
262141,2026-07-21 12:08:32.353384+00,47,SOLUSDT,78,GATE_1_EXPIRED,f,Signal already expired,SKIPPED,2026-07-21 12:08:32.353384+00,
262140,2026-07-21 12:08:32.346467+00,49,SOLUSDT,65,GATE_1_EXPIRED,f,Signal already expired,SKIPPED,2026-07-21 12:08:32.346467+00,
262139,2026-07-21 12:08:32.343333+00,50,BTCUSDT,66,GATE_1_EXPIRED,f,Signal already expired,SKIPPED,2026-07-21 12:08:32.343333+00,
262138,2026-07-21 12:08:32.318547+00,51,ETHUSDT,63,GATE_6_DUPLICATE,f,Non-cancelled trade exists for signal,SKIPPED,2026-07-21 12:08:32.318547+00,
262137,2026-07-21 12:08:17.384081+00,44,BTCUSDT,79,GATE_1_EXPIRED,f,Signal already expired,SKIPPED,2026-07-21 12:08:17.384081+00,
262136,2026-07-21 12:08:17.377849+00,45,XRPUSDT,63,GATE_1_EXPIRED,f,Signal already expired,SKIPPED,2026-07-21 12:08:17.377849+00,
262135,2026-07-21 12:08:17.36132+00,46,ETHUSDT,68,GATE_1_EXPIRED,f,Signal already expired,SKIPPED,2026-07-21 12:08:17.36132+00,
262134,2026-07-21 12:08:17.352893+00,47,SOLUSDT,78,GATE_1_EXPIRED,f,Signal already expired,SKIPPED,2026-07-21 12:08:17.352893+00,
262133,2026-07-21 12:08:17.347716+00,49,SOLUSDT,65,GATE_1_EXPIRED,f,Signal already expired,SKIPPED,2026-07-21 12:08:17.347716+00,
262132,2026-07-21 12:08:17.337299+00,50,BTCUSDT,66,GATE_1_EXPIRED,f,Signal already expired,SKIPPED,2026-07-21 12:08:17.337299+00,
262131,2026-07-21 12:08:17.330064+00,51,ETHUSDT,63,GATE_6_DUPLICATE,f,Non-cancelled trade exists for signal,SKIPPED,2026-07-21 12:08:17.330064+00,
262130,2026-07-21 12:08:02.358984+00,44,BTCUSDT,79,GATE_1_EXPIRED,f,Signal already expired,SKIPPED,2026-07-21 12:08:02.358984+00,
262129,2026-07-21 12:08:02.354648+00,45,XRPUSDT,63,GATE_1_EXPIRED,f,Signal already expired,SKIPPED,2026-07-21 12:08:02.354648+00,
262128,2026-07-21 12:08:02.348135+00,46,ETHUSDT,68,GATE_1_EXPIRED,f,Signal already expired,SKIPPED,2026-07-21 12:08:02.348135+00,
262127,2026-07-21 12:08:02.343845+00,47,SOLUSDT,78,GATE_1_EXPIRED,f,Signal already expired,SKIPPED,2026-07-21 12:08:02.343845+00,
262126,2026-07-21 12:08:02.335149+00,49,SOLUSDT,65,GATE_1_EXPIRED,f,Signal already expired,SKIPPED,2026-07-21 12:08:02.335149+00,
262125,2026-07-21 12:08:02.32798+00,50,BTCUSDT,66,GATE_1_EXPIRED,f,Signal already expired,SKIPPED,2026-07-21 12:08:02.32798+00,
262124,2026-07-21 12:08:02.318848+00,51,ETHUSDT,63,GATE_6_DUPLICATE,f,Non-cancelled trade exists for signal,SKIPPED,2026-07-21 12:08:02.318848+00,
262123,2026-07-21 12:07:47.360496+00,44,BTCUSDT,79,GATE_1_EXPIRED,f,Signal already expired,SKIPPED,2026-07-21 12:07:47.360496+00,
262122,2026-07-21 12:07:47.355241+00,45,XRPUSDT,63,GATE_1_EXPIRED,f,Signal already expired,SKIPPED,2026-07-21 12:07:47.355241+00,
262121,2026-07-21 12:07:47.346248+00,46,ETHUSDT,68,GATE_1_EXPIRED,f,Signal already expired,SKIPPED,2026-07-21 12:07:47.346248+00,
262120,2026-07-21 12:07:47.340173+00,47,SOLUSDT,78,GATE_1_EXPIRED,f,Signal already expired,SKIPPED,2026-07-21 12:07:47.340173+00,
262119,2026-07-21 12:07:47.333567+00,49,SOLUSDT,65,GATE_1_EXPIRED,f,Signal already expired,SKIPPED,2026-07-21 12:07:47.333567+00,
262118,2026-07-21 12:07:47.329274+00,50,BTCUSDT,66,GATE_1_EXPIRED,f,Signal already expired,SKIPPED,2026-07-21 12:07:47.329274+00,
262117,2026-07-21 12:07:47.322418+00,51,ETHUSDT,63,GATE_6_DUPLICATE,f,Non-cancelled trade exists for signal,SKIPPED,2026-07-21 12:07:47.322418+00,
262116,2026-07-21 12:07:32.386153+00,44,BTCUSDT,79,GATE_1_EXPIRED,f,Signal already expired,SKIPPED,2026-07-21 12:07:32.386153+00,
262115,2026-07-21 12:07:32.381766+00,45,XRPUSDT,63,GATE_1_EXPIRED,f,Signal already expired,SKIPPED,2026-07-21 12:07:32.381766+00,
262114,2026-07-21 12:07:32.377592+00,46,ETHUSDT,68,GATE_1_EXPIRED,f,Signal already expired,SKIPPED,2026-07-21 12:07:32.377592+00,
262113,2026-07-21 12:07:32.351472+00,47,SOLUSDT,78,GATE_1_EXPIRED,f,Signal already expired,SKIPPED,2026-07-21 12:07:32.351472+00,
262112,2026-07-21 12:07:32.345863+00,49,SOLUSDT,65,GATE_1_EXPIRED,f,Signal already expired,SKIPPED,2026-07-21 12:07:32.345863+00,
262111,2026-07-21 12:07:32.334708+00,50,BTCUSDT,66,GATE_1_EXPIRED,f,Signal already expired,SKIPPED,2026-07-21 12:07:32.334708+00,
262110,2026-07-21 12:07:32.326354+00,51,ETHUSDT,63,GATE_6_DUPLICATE,f,Non-cancelled trade exists for signal,SKIPPED,2026-07-21 12:07:32.326354+00,
262109,2026-07-21 12:07:17.347503+00,44,BTCUSDT,79,GATE_1_EXPIRED,f,Signal already expired,SKIPPED,2026-07-21 12:07:17.347503+00,
262108,2026-07-21 12:07:17.341779+00,45,XRPUSDT,63,GATE_1_EXPIRED,f,Signal already expired,SKIPPED,2026-07-21 12:07:17.341779+00,
262107,2026-07-21 12:07:17.337467+00,46,ETHUSDT,68,GATE_1_EXPIRED,f,Signal already expired,SKIPPED,2026-07-21 12:07:17.337467+00,
262106,2026-07-21 12:07:17.329389+00,47,SOLUSDT,78,GATE_1_EXPIRED,f,Signal already expired,SKIPPED,2026-07-21 12:07:17.329389+00,
262105,2026-07-21 12:07:17.325754+00,49,SOLUSDT,65,GATE_1_EXPIRED,f,Signal already expired,SKIPPED,2026-07-21 12:07:17.325754+00,
262104,2026-07-21 12:07:17.318345+00,50,BTCUSDT,66,GATE_1_EXPIRED,f,Signal already expired,SKIPPED,2026-07-21 12:07:17.318345+00,
262103,2026-07-21 12:07:17.311979+00,51,ETHUSDT,63,GATE_6_DUPLICATE,f,Non-cancelled trade exists for signal,SKIPPED,2026-07-21 12:07:17.311979+00,
262102,2026-07-21 12:07:02.364735+00,44,BTCUSDT,79,GATE_1_EXPIRED,f,Signal already expired,SKIPPED,2026-07-21 12:07:02.364735+00,
262101,2026-07-21 12:07:02.361398+00,45,XRPUSDT,63,GATE_1_EXPIRED,f,Signal already expired,SKIPPED,2026-07-21 12:07:02.361398+00,
262100,2026-07-21 12:07:02.356249+00,46,ETHUSDT,68,GATE_1_EXPIRED,f,Signal already expired,SKIPPED,2026-07-21 12:07:02.356249+00,
262099,2026-07-21 12:07:02.347441+00,47,SOLUSDT,78,GATE_1_EXPIRED,f,Signal already expired,SKIPPED,2026-07-21 12:07:02.347441+00,
262098,2026-07-21 12:07:02.343491+00,49,SOLUSDT,65,GATE_1_EXPIRED,f,Signal already expired,SKIPPED,2026-07-21 12:07:02.343491+00,
262097,2026-07-21 12:07:02.340741+00,50,BTCUSDT,66,GATE_1_EXPIRED,f,Signal already expired,SKIPPED,2026-07-21 12:07:02.340741+00,
262096,2026-07-21 12:07:02.336901+00,51,ETHUSDT,63,GATE_6_DUPLICATE,f,Non-cancelled trade exists for signal,SKIPPED,2026-07-21 12:07:02.336901+00,
262095,2026-07-21 12:06:47.352781+00,44,BTCUSDT,79,GATE_1_EXPIRED,f,Signal already expired,SKIPPED,2026-07-21 12:06:47.352781+00,
262094,2026-07-21 12:06:47.344716+00,45,XRPUSDT,63,GATE_1_EXPIRED,f,Signal already expired,SKIPPED,2026-07-21 12:06:47.344716+00,
262093,2026-07-21 12:06:47.338098+00,46,ETHUSDT,68,GATE_1_EXPIRED,f,Signal already expired,SKIPPED,2026-07-21 12:06:47.338098+00,
262092,2026-07-21 12:06:47.331844+00,47,SOLUSDT,78,GATE_1_EXPIRED,f,Signal already expired,SKIPPED,2026-07-21 12:06:47.331844+00,
262091,2026-07-21 12:06:47.326041+00,49,SOLUSDT,65,GATE_1_EXPIRED,f,Signal already expired,SKIPPED,2026-07-21 12:06:47.326041+00,
262090,2026-07-21 12:06:47.321102+00,50,BTCUSDT,66,GATE_1_EXPIRED,f,Signal already expired,SKIPPED,2026-07-21 12:06:47.321102+00,
262089,2026-07-21 12:06:47.31646+00,51,ETHUSDT,63,GATE_6_DUPLICATE,f,Non-cancelled trade exists for signal,SKIPPED,2026-07-21 12:06:47.31646+00,
262088,2026-07-21 12:06:32.432979+00,44,BTCUSDT,79,GATE_1_EXPIRED,f,Signal already expired,SKIPPED,2026-07-21 12:06:32.432979+00,
262087,2026-07-21 12:06:32.429269+00,45,XRPUSDT,63,GATE_1_EXPIRED,f,Signal already expired,SKIPPED,2026-07-21 12:06:32.429269+00,
262086,2026-07-21 12:06:32.424181+00,46,ETHUSDT,68,GATE_1_EXPIRED,f,Signal already expired,SKIPPED,2026-07-21 12:06:32.424181+00,
262085,2026-07-21 12:06:32.418431+00,47,SOLUSDT,78,GATE_1_EXPIRED,f,Signal already expired,SKIPPED,2026-07-21 12:06:32.418431+00,
262084,2026-07-21 12:06:32.412057+00,49,SOLUSDT,65,GATE_1_EXPIRED,f,Signal already expired,SKIPPED,2026-07-21 12:06:32.412057+00,
262083,2026-07-21 12:06:32.405835+00,50,BTCUSDT,66,GATE_1_EXPIRED,f,Signal already expired,SKIPPED,2026-07-21 12:06:32.405835+00,
262082,2026-07-21 12:06:32.310295+00,51,ETHUSDT,63,GATE_6_DUPLICATE,f,Non-cancelled trade exists for signal,SKIPPED,2026-07-21 12:06:32.310295+00,
262081,2026-07-21 12:06:27.322624+00,,ETHUSDT,63,GATE_4A_CORR,f,CorrelationGuard: ETHUSDT already has open position,REJECTED,2026-07-21 12:06:27.322624+00,cd3f5b4a82f9c61b
262080,2026-07-21 12:06:27.307429+00,,BTCUSDT,69,GATE_4A_CORR,f,CorrelationGuard: BTCUSDT already has open position,REJECTED,2026-07-21 12:06:27.307429+00,d5fcba57c1fbeffb
262079,2026-07-21 12:06:27.279673+00,,BNBUSDT,79,GATE_4C_RISK,f,RiskBudgetLedger full,REJECTED,2026-07-21 12:06:27.279673+00,73ea852e055fe215
262078,2026-07-21 12:06:27.248858+00,,XRPUSDT,85,GATE_0_V7_KELLY_ZERO,f,Kelly=0 for DQS 85,REJECTED,2026-07-21 12:06:27.248858+00,f02d76678323f8aa
262077,2026-07-21 12:06:17.381852+00,44,BTCUSDT,79,GATE_1_EXPIRED,f,Signal already expired,SKIPPED,2026-07-21 12:06:17.381852+00,
262076,2026-07-21 12:06:17.364348+00,45,XRPUSDT,63,GATE_1_EXPIRED,f,Signal already expired,SKIPPED,2026-07-21 12:06:17.364348+00,
262075,2026-07-21 12:06:17.35497+00,46,ETHUSDT,68,GATE_1_EXPIRED,f,Signal already expired,SKIPPED,2026-07-21 12:06:17.35497+00,
262074,2026-07-21 12:06:17.346642+00,47,SOLUSDT,78,GATE_1_EXPIRED,f,Signal already expired,SKIPPED,2026-07-21 12:06:17.346642+00,
262073,2026-07-21 12:06:17.338886+00,49,SOLUSDT,65,GATE_1_EXPIRED,f,Signal already expired,SKIPPED,2026-07-21 12:06:17.338886+00,
262072,2026-07-21 12:06:17.326719+00,50,BTCUSDT,66,GATE_1_EXPIRED,f,Signal already expired,SKIPPED,2026-07-21 12:06:17.326719+00,
262071,2026-07-21 12:06:17.315857+00,51,ETHUSDT,63,GATE_6_DUPLICATE,f,Non-cancelled trade exists for signal,SKIPPED,2026-07-21 12:06:17.315857+00,
262070,2026-07-21 12:06:02.389475+00,44,BTCUSDT,79,GATE_1_EXPIRED,f,Signal already expired,SKIPPED,2026-07-21 12:06:02.389475+00,
262069,2026-07-21 12:06:02.379815+00,45,XRPUSDT,63,GATE_1_EXPIRED,f,Signal already expired,SKIPPED,2026-07-21 12:06:02.379815+00,
262068,2026-07-21 12:06:02.37432+00,46,ETHUSDT,68,GATE_1_EXPIRED,f,Signal already expired,SKIPPED,2026-07-21 12:06:02.37432+00,
262067,2026-07-21 12:06:02.365169+00,47,SOLUSDT,78,GATE_1_EXPIRED,f,Signal already expired,SKIPPED,2026-07-21 12:06:02.365169+00,
262066,2026-07-21 12:06:02.359409+00,49,SOLUSDT,65,GATE_1_EXPIRED,f,Signal already expired,SKIPPED,2026-07-21 12:06:02.359409+00,
262065,2026-07-21 12:06:02.350355+00,50,BTCUSDT,66,GATE_1_EXPIRED,f,Signal already expired,SKIPPED,2026-07-21 12:06:02.350355+00,
262064,2026-07-21 12:06:02.337791+00,51,ETHUSDT,63,GATE_6_DUPLICATE,f,Non-cancelled trade exists for signal,SKIPPED,2026-07-21 12:06:02.337791+00,
262063,2026-07-21 12:05:47.354595+00,44,BTCUSDT,79,GATE_1_EXPIRED,f,Signal already expired,SKIPPED,2026-07-21 12:05:47.354595+00,
262062,2026-07-21 12:05:47.350123+00,45,XRPUSDT,63,GATE_1_EXPIRED,f,Signal already expired,SKIPPED,2026-07-21 12:05:47.350123+00,
262061,2026-07-21 12:05:47.346783+00,46,ETHUSDT,68,GATE_1_EXPIRED,f,Signal already expired,SKIPPED,2026-07-21 12:05:47.346783+00,
262060,2026-07-21 12:05:47.339211+00,47,SOLUSDT,78,GATE_1_EXPIRED,f,Signal already expired,SKIPPED,2026-07-21 12:05:47.339211+00,
262059,2026-07-21 12:05:47.333385+00,49,SOLUSDT,65,GATE_1_EXPIRED,f,Signal already expired,SKIPPED,2026-07-21 12:05:47.333385+00,
262058,2026-07-21 12:05:47.325945+00,50,BTCUSDT,66,GATE_1_EXPIRED,f,Signal already expired,SKIPPED,2026-07-21 12:05:47.325945+00,
262057,2026-07-21 12:05:47.315847+00,51,ETHUSDT,63,GATE_6_DUPLICATE,f,Non-cancelled trade exists for signal,SKIPPED,2026-07-21 12:05:47.315847+00,
262056,2026-07-21 12:05:32.367848+00,44,BTCUSDT,79,GATE_1_EXPIRED,f,Signal already expired,SKIPPED,2026-07-21 12:05:32.367848+00,
262055,2026-07-21 12:05:32.352319+00,45,XRPUSDT,63,GATE_1_EXPIRED,f,Signal already expired,SKIPPED,2026-07-21 12:05:32.352319+00,
262054,2026-07-21 12:05:32.341263+00,46,ETHUSDT,68,GATE_1_EXPIRED,f,Signal already expired,SKIPPED,2026-07-21 12:05:32.341263+00,
262053,2026-07-21 12:05:32.327857+00,47,SOLUSDT,78,GATE_1_EXPIRED,f,Signal already expired,SKIPPED,2026-07-21 12:05:32.327857+00,
262052,2026-07-21 12:05:32.319099+00,49,SOLUSDT,65,GATE_1_EXPIRED,f,Signal already expired,SKIPPED,2026-07-21 12:05:32.319099+00,
262051,2026-07-21 12:05:32.30986+00,50,BTCUSDT,66,GATE_1_EXPIRED,f,Signal already expired,SKIPPED,2026-07-21 12:05:32.30986+00,
262050,2026-07-21 12:05:32.303964+00,51,ETHUSDT,63,GATE_6_DUPLICATE,f,Non-cancelled trade exists for signal,SKIPPED,2026-07-21 12:05:32.303964+00,
262049,2026-07-21 12:05:17.368699+00,44,BTCUSDT,79,GATE_1_EXPIRED,f,Signal already expired,SKIPPED,2026-07-21 12:05:17.368699+00,
262048,2026-07-21 12:05:17.362129+00,45,XRPUSDT,63,GATE_1_EXPIRED,f,Signal already expired,SKIPPED,2026-07-21 12:05:17.362129+00,
262047,2026-07-21 12:05:17.356775+00,46,ETHUSDT,68,GATE_1_EXPIRED,f,Signal already expired,SKIPPED,2026-07-21 12:05:17.356775+00,
262046,2026-07-21 12:05:17.342973+00,47,SOLUSDT,78,GATE_1_EXPIRED,f,Signal already expired,SKIPPED,2026-07-21 12:05:17.342973+00,
262045,2026-07-21 12:05:17.331224+00,49,SOLUSDT,65,GATE_1_EXPIRED,f,Signal already expired,SKIPPED,2026-07-21 12:05:17.331224+00,
262044,2026-07-21 12:05:17.323444+00,50,BTCUSDT,66,GATE_1_EXPIRED,f,Signal already expired,SKIPPED,2026-07-21 12:05:17.323444+00,
262043,2026-07-21 12:05:17.313856+00,51,ETHUSDT,63,GATE_6_DUPLICATE,f,Non-cancelled trade exists for signal,SKIPPED,2026-07-21 12:05:17.313856+00,
262042,2026-07-21 12:05:02.351565+00,44,BTCUSDT,79,GATE_1_EXPIRED,f,Signal already expired,SKIPPED,2026-07-21 12:05:02.351565+00,
262041,2026-07-21 12:05:02.346977+00,45,XRPUSDT,63,GATE_1_EXPIRED,f,Signal already expired,SKIPPED,2026-07-21 12:05:02.346977+00,
262040,2026-07-21 12:05:02.342442+00,46,ETHUSDT,68,GATE_1_EXPIRED,f,Signal already expired,SKIPPED,2026-07-21 12:05:02.342442+00,
262039,2026-07-21 12:05:02.330393+00,47,SOLUSDT,78,GATE_1_EXPIRED,f,Signal already expired,SKIPPED,2026-07-21 12:05:02.330393+00,
262038,2026-07-21 12:05:02.326174+00,49,SOLUSDT,65,GATE_1_EXPIRED,f,Signal already expired,SKIPPED,2026-07-21 12:05:02.326174+00,
262037,2026-07-21 12:05:02.323421+00,50,BTCUSDT,66,GATE_1_EXPIRED,f,Signal already expired,SKIPPED,2026-07-21 12:05:02.323421+00,
262036,2026-07-21 12:05:02.320853+00,51,ETHUSDT,63,GATE_6_DUPLICATE,f,Non-cancelled trade exists for signal,SKIPPED,2026-07-21 12:05:02.320853+00,
262035,2026-07-21 12:04:47.351968+00,44,BTCUSDT,79,GATE_1_EXPIRED,f,Signal already expired,SKIPPED,2026-07-21 12:04:47.351968+00,
262034,2026-07-21 12:04:47.349136+00,45,XRPUSDT,63,GATE_1_EXPIRED,f,Signal already expired,SKIPPED,2026-07-21 12:04:47.349136+00,
262033,2026-07-21 12:04:47.341266+00,46,ETHUSDT,68,GATE_1_EXPIRED,f,Signal already expired,SKIPPED,2026-07-21 12:04:47.341266+00,
262032,2026-07-21 12:04:47.338395+00,47,SOLUSDT,78,GATE_1_EXPIRED,f,Signal already expired,SKIPPED,2026-07-21 12:04:47.338395+00,
262031,2026-07-21 12:04:47.326562+00,49,SOLUSDT,65,GATE_1_EXPIRED,f,Signal already expired,SKIPPED,2026-07-21 12:04:47.326562+00,
262030,2026-07-21 12:04:47.32177+00,50,BTCUSDT,66,GATE_1_EXPIRED,f,Signal already expired,SKIPPED,2026-07-21 12:04:47.32177+00,
262029,2026-07-21 12:04:47.318073+00,51,ETHUSDT,63,GATE_6_DUPLICATE,f,Non-cancelled trade exists for signal,SKIPPED,2026-07-21 12:04:47.318073+00,
262028,2026-07-21 12:04:32.336786+00,44,BTCUSDT,79,GATE_1_EXPIRED,f,Signal already expired,SKIPPED,2026-07-21 12:04:32.336786+00,
262027,2026-07-21 12:04:32.333448+00,45,XRPUSDT,63,GATE_1_EXPIRED,f,Signal already expired,SKIPPED,2026-07-21 12:04:32.333448+00,
262026,2026-07-21 12:04:32.327974+00,46,ETHUSDT,68,GATE_1_EXPIRED,f,Signal already expired,SKIPPED,2026-07-21 12:04:32.327974+00,
262025,2026-07-21 12:04:32.322874+00,47,SOLUSDT,78,GATE_1_EXPIRED,f,Signal already expired,SKIPPED,2026-07-21 12:04:32.322874+00,
262024,2026-07-21 12:04:32.318612+00,49,SOLUSDT,65,GATE_1_EXPIRED,f,Signal already expired,SKIPPED,2026-07-21 12:04:32.318612+00,
262023,2026-07-21 12:04:32.314343+00,50,BTCUSDT,66,GATE_1_EXPIRED,f,Signal already expired,SKIPPED,2026-07-21 12:04:32.314343+00,
262022,2026-07-21 12:04:32.309052+00,51,ETHUSDT,63,GATE_6_DUPLICATE,f,Non-cancelled trade exists for signal,SKIPPED,2026-07-21 12:04:32.309052+00,
262021,2026-07-21 12:04:17.35845+00,44,BTCUSDT,79,GATE_1_EXPIRED,f,Signal already expired,SKIPPED,2026-07-21 12:04:17.35845+00,
262020,2026-07-21 12:04:17.347662+00,45,XRPUSDT,63,GATE_1_EXPIRED,f,Signal already expired,SKIPPED,2026-07-21 12:04:17.347662+00,
262019,2026-07-21 12:04:17.338997+00,46,ETHUSDT,68,GATE_1_EXPIRED,f,Signal already expired,SKIPPED,2026-07-21 12:04:17.338997+00,
262018,2026-07-21 12:04:17.329223+00,47,SOLUSDT,78,GATE_1_EXPIRED,f,Signal already expired,SKIPPED,2026-07-21 12:04:17.329223+00,
262017,2026-07-21 12:04:17.322495+00,49,SOLUSDT,65,GATE_1_EXPIRED,f,Signal already expired,SKIPPED,2026-07-21 12:04:17.322495+00,
262016,2026-07-21 12:04:17.313595+00,50,BTCUSDT,66,GATE_1_EXPIRED,f,Signal already expired,SKIPPED,2026-07-21 12:04:17.313595+00,
262015,2026-07-21 12:04:17.308546+00,51,ETHUSDT,63,GATE_6_DUPLICATE,f,Non-cancelled trade exists for signal,SKIPPED,2026-07-21 12:04:17.308546+00,
262014,2026-07-21 12:04:02.334986+00,44,BTCUSDT,79,GATE_1_EXPIRED,f,Signal already expired,SKIPPED,2026-07-21 12:04:02.334986+00,
262013,2026-07-21 12:04:02.324348+00,45,XRPUSDT,63,GATE_1_EXPIRED,f,Signal already expired,SKIPPED,2026-07-21 12:04:02.324348+00,
262012,2026-07-21 12:04:02.315073+00,46,ETHUSDT,68,GATE_1_EXPIRED,f,Signal already expired,SKIPPED,2026-07-21 12:04:02.315073+00,
262011,2026-07-21 12:04:02.309443+00,47,SOLUSDT,78,GATE_1_EXPIRED,f,Signal already expired,SKIPPED,2026-07-21 12:04:02.309443+00,
262010,2026-07-21 12:04:02.305295+00,49,SOLUSDT,65,GATE_1_EXPIRED,f,Signal already expired,SKIPPED,2026-07-21 12:04:02.305295+00,
262009,2026-07-21 12:04:02.301004+00,50,BTCUSDT,66,GATE_1_EXPIRED,f,Signal already expired,SKIPPED,2026-07-21 12:04:02.301004+00,
262008,2026-07-21 12:04:02.296853+00,51,ETHUSDT,63,GATE_6_DUPLICATE,f,Non-cancelled trade exists for signal,SKIPPED,2026-07-21 12:04:02.296853+00,
262007,2026-07-21 12:03:47.335536+00,44,BTCUSDT,79,GATE_1_EXPIRED,f,Signal already expired,SKIPPED,2026-07-21 12:03:47.335536+00,
262006,2026-07-21 12:03:47.33162+00,45,XRPUSDT,63,GATE_1_EXPIRED,f,Signal already expired,SKIPPED,2026-07-21 12:03:47.33162+00,
262005,2026-07-21 12:03:47.316474+00,46,ETHUSDT,68,GATE_1_EXPIRED,f,Signal already expired,SKIPPED,2026-07-21 12:03:47.316474+00,
262004,2026-07-21 12:03:47.312344+00,47,SOLUSDT,78,GATE_1_EXPIRED,f,Signal already expired,SKIPPED,2026-07-21 12:03:47.312344+00,
262003,2026-07-21 12:03:47.305412+00,49,SOLUSDT,65,GATE_1_EXPIRED,f,Signal already expired,SKIPPED,2026-07-21 12:03:47.305412+00,
262002,2026-07-21 12:03:47.299122+00,50,BTCUSDT,66,GATE_1_EXPIRED,f,Signal already expired,SKIPPED,2026-07-21 12:03:47.299122+00,
262001,2026-07-21 12:03:47.292503+00,51,ETHUSDT,63,GATE_6_DUPLICATE,f,Non-cancelled trade exists for signal,SKIPPED,2026-07-21 12:03:47.292503+00,
262000,2026-07-21 12:03:32.340214+00,44,BTCUSDT,79,GATE_1_EXPIRED,f,Signal already expired,SKIPPED,2026-07-21 12:03:32.340214+00,
261999,2026-07-21 12:03:32.322467+00,45,XRPUSDT,63,GATE_1_EXPIRED,f,Signal already expired,SKIPPED,2026-07-21 12:03:32.322467+00,
261998,2026-07-21 12:03:32.318475+00,46,ETHUSDT,68,GATE_1_EXPIRED,f,Signal already expired,SKIPPED,2026-07-21 12:03:32.318475+00,
261997,2026-07-21 12:03:32.313832+00,47,SOLUSDT,78,GATE_1_EXPIRED,f,Signal already expired,SKIPPED,2026-07-21 12:03:32.313832+00,
261996,2026-07-21 12:03:32.30772+00,49,SOLUSDT,65,GATE_1_EXPIRED,f,Signal already expired,SKIPPED,2026-07-21 12:03:32.30772+00,
261995,2026-07-21 12:03:32.300462+00,50,BTCUSDT,66,GATE_1_EXPIRED,f,Signal already expired,SKIPPED,2026-07-21 12:03:32.300462+00,
261994,2026-07-21 12:03:32.296092+00,51,ETHUSDT,63,GATE_6_DUPLICATE,f,Non-cancelled trade exists for signal,SKIPPED,2026-07-21 12:03:32.296092+00,
261993,2026-07-21 12:03:17.392977+00,44,BTCUSDT,79,GATE_1_EXPIRED,f,Signal already expired,SKIPPED,2026-07-21 12:03:17.392977+00,
261992,2026-07-21 12:03:17.385496+00,45,XRPUSDT,63,GATE_1_EXPIRED,f,Signal already expired,SKIPPED,2026-07-21 12:03:17.385496+00,
261991,2026-07-21 12:03:17.37559+00,46,ETHUSDT,68,GATE_1_EXPIRED,f,Signal already expired,SKIPPED,2026-07-21 12:03:17.37559+00,
261990,2026-07-21 12:03:17.368776+00,47,SOLUSDT,78,GATE_1_EXPIRED,f,Signal already expired,SKIPPED,2026-07-21 12:03:17.368776+00,
261989,2026-07-21 12:03:17.359745+00,49,SOLUSDT,65,GATE_1_EXPIRED,f,Signal already expired,SKIPPED,2026-07-21 12:03:17.359745+00,
261988,2026-07-21 12:03:17.356392+00,50,BTCUSDT,66,GATE_1_EXPIRED,f,Signal already expired,SKIPPED,2026-07-21 12:03:17.356392+00,
261987,2026-07-21 12:03:17.351841+00,51,ETHUSDT,63,GATE_6_DUPLICATE,f,Non-cancelled trade exists for signal,SKIPPED,2026-07-21 12:03:17.351841+00,
261986,2026-07-21 12:03:02.33368+00,44,BTCUSDT,79,GATE_1_EXPIRED,f,Signal already expired,SKIPPED,2026-07-21 12:03:02.33368+00,
261985,2026-07-21 12:03:02.326162+00,45,XRPUSDT,63,GATE_1_EXPIRED,f,Signal already expired,SKIPPED,2026-07-21 12:03:02.326162+00,
261984,2026-07-21 12:03:02.319463+00,46,ETHUSDT,68,GATE_1_EXPIRED,f,Signal already expired,SKIPPED,2026-07-21 12:03:02.319463+00,
261983,2026-07-21 12:03:02.315138+00,47,SOLUSDT,78,GATE_1_EXPIRED,f,Signal already expired,SKIPPED,2026-07-21 12:03:02.315138+00,
261982,2026-07-21 12:03:02.310449+00,49,SOLUSDT,65,GATE_1_EXPIRED,f,Signal already expired,SKIPPED,2026-07-21 12:03:02.310449+00,
261981,2026-07-21 12:03:02.306893+00,50,BTCUSDT,66,GATE_1_EXPIRED,f,Signal already expired,SKIPPED,2026-07-21 12:03:02.306893+00,
261980,2026-07-21 12:03:02.300002+00,51,ETHUSDT,63,GATE_6_DUPLICATE,f,Non-cancelled trade exists for signal,SKIPPED,2026-07-21 12:03:02.300002+00,
261979,2026-07-21 12:02:47.360238+00,44,BTCUSDT,79,GATE_1_EXPIRED,f,Signal already expired,SKIPPED,2026-07-21 12:02:47.360238+00,
261978,2026-07-21 12:02:47.356247+00,45,XRPUSDT,63,GATE_1_EXPIRED,f,Signal already expired,SKIPPED,2026-07-21 12:02:47.356247+00,
261977,2026-07-21 12:02:47.348042+00,46,ETHUSDT,68,GATE_1_EXPIRED,f,Signal already expired,SKIPPED,2026-07-21 12:02:47.348042+00,
261976,2026-07-21 12:02:47.338251+00,47,SOLUSDT,78,GATE_1_EXPIRED,f,Signal already expired,SKIPPED,2026-07-21 12:02:47.338251+00,
261975,2026-07-21 12:02:47.323582+00,49,SOLUSDT,65,GATE_1_EXPIRED,f,Signal already expired,SKIPPED,2026-07-21 12:02:47.323582+00,
261974,2026-07-21 12:02:47.31886+00,50,BTCUSDT,66,GATE_1_EXPIRED,f,Signal already expired,SKIPPED,2026-07-21 12:02:47.31886+00,
261973,2026-07-21 12:02:47.311879+00,51,ETHUSDT,63,GATE_6_DUPLICATE,f,Non-cancelled trade exists for signal,SKIPPED,2026-07-21 12:02:47.311879+00,
261972,2026-07-21 12:02:32.335699+00,44,BTCUSDT,79,GATE_1_EXPIRED,f,Signal already expired,SKIPPED,2026-07-21 12:02:32.335699+00,
261971,2026-07-21 12:02:32.329659+00,45,XRPUSDT,63,GATE_1_EXPIRED,f,Signal already expired,SKIPPED,2026-07-21 12:02:32.329659+00,
261970,2026-07-21 12:02:32.322831+00,46,ETHUSDT,68,GATE_1_EXPIRED,f,Signal already expired,SKIPPED,2026-07-21 12:02:32.322831+00,
261969,2026-07-21 12:02:32.314323+00,47,SOLUSDT,78,GATE_1_EXPIRED,f,Signal already expired,SKIPPED,2026-07-21 12:02:32.314323+00,
261968,2026-07-21 12:02:32.308846+00,49,SOLUSDT,65,GATE_1_EXPIRED,f,Signal already expired,SKIPPED,2026-07-21 12:02:32.308846+00,
261967,2026-07-21 12:02:32.300681+00,50,BTCUSDT,66,GATE_1_EXPIRED,f,Signal already expired,SKIPPED,2026-07-21 12:02:32.300681+00,
261966,2026-07-21 12:02:32.291749+00,51,ETHUSDT,63,GATE_6_DUPLICATE,f,Non-cancelled trade exists for signal,SKIPPED,2026-07-21 12:02:32.291749+00,
261965,2026-07-21 12:02:17.326909+00,44,BTCUSDT,79,GATE_1_EXPIRED,f,Signal already expired,SKIPPED,2026-07-21 12:02:17.326909+00,
261964,2026-07-21 12:02:17.323209+00,45,XRPUSDT,63,GATE_1_EXPIRED,f,Signal already expired,SKIPPED,2026-07-21 12:02:17.323209+00,
261963,2026-07-21 12:02:17.317246+00,46,ETHUSDT,68,GATE_1_EXPIRED,f,Signal already expired,SKIPPED,2026-07-21 12:02:17.317246+00,
261962,2026-07-21 12:02:17.308662+00,47,SOLUSDT,78,GATE_1_EXPIRED,f,Signal already expired,SKIPPED,2026-07-21 12:02:17.308662+00,
261961,2026-07-21 12:02:17.304642+00,49,SOLUSDT,65,GATE_1_EXPIRED,f,Signal already expired,SKIPPED,2026-07-21 12:02:17.304642+00,
261960,2026-07-21 12:02:17.300323+00,50,BTCUSDT,66,GATE_1_EXPIRED,f,Signal already expired,SKIPPED,2026-07-21 12:02:17.300323+00,
261959,2026-07-21 12:02:17.293896+00,51,ETHUSDT,63,GATE_6_DUPLICATE,f,Non-cancelled trade exists for signal,SKIPPED,2026-07-21 12:02:17.293896+00,
261958,2026-07-21 12:02:02.364506+00,44,BTCUSDT,79,GATE_1_EXPIRED,f,Signal already expired,SKIPPED,2026-07-21 12:02:02.364506+00,
261957,2026-07-21 12:02:02.352256+00,45,XRPUSDT,63,GATE_1_EXPIRED,f,Signal already expired,SKIPPED,2026-07-21 12:02:02.352256+00,
261956,2026-07-21 12:02:02.341849+00,46,ETHUSDT,68,GATE_1_EXPIRED,f,Signal already expired,SKIPPED,2026-07-21 12:02:02.341849+00,
261955,2026-07-21 12:02:02.334481+00,47,SOLUSDT,78,GATE_1_EXPIRED,f,Signal already expired,SKIPPED,2026-07-21 12:02:02.334481+00,
261954,2026-07-21 12:02:02.320842+00,49,SOLUSDT,65,GATE_1_EXPIRED,f,Signal already expired,SKIPPED,2026-07-21 12:02:02.320842+00,
261953,2026-07-21 12:02:02.313741+00,50,BTCUSDT,66,GATE_1_EXPIRED,f,Signal already expired,SKIPPED,2026-07-21 12:02:02.313741+00,
261952,2026-07-21 12:02:02.299986+00,51,ETHUSDT,63,GATE_6_DUPLICATE,f,Non-cancelled trade exists for signal,SKIPPED,2026-07-21 12:02:02.299986+00,
261951,2026-07-21 12:01:47.34851+00,44,BTCUSDT,79,GATE_1_EXPIRED,f,Signal already expired,SKIPPED,2026-07-21 12:01:47.34851+00,
261950,2026-07-21 12:01:47.326623+00,45,XRPUSDT,63,GATE_1_EXPIRED,f,Signal already expired,SKIPPED,2026-07-21 12:01:47.326623+00,
261949,2026-07-21 12:01:47.320799+00,46,ETHUSDT,68,GATE_1_EXPIRED,f,Signal already expired,SKIPPED,2026-07-21 12:01:47.320799+00,
261948,2026-07-21 12:01:47.317044+00,47,SOLUSDT,78,GATE_1_EXPIRED,f,Signal already expired,SKIPPED,2026-07-21 12:01:47.317044+00,
261947,2026-07-21 12:01:47.30739+00,49,SOLUSDT,65,GATE_1_EXPIRED,f,Signal already expired,SKIPPED,2026-07-21 12:01:47.30739+00,
261946,2026-07-21 12:01:47.303312+00,50,BTCUSDT,66,GATE_1_EXPIRED,f,Signal already expired,SKIPPED,2026-07-21 12:01:47.303312+00,
261945,2026-07-21 12:01:47.299448+00,51,ETHUSDT,63,GATE_6_DUPLICATE,f,Non-cancelled trade exists for signal,SKIPPED,2026-07-21 12:01:47.299448+00,
261944,2026-07-21 12:01:32.332846+00,44,BTCUSDT,79,GATE_1_EXPIRED,f,Signal already expired,SKIPPED,2026-07-21 12:01:32.332846+00,
261943,2026-07-21 12:01:32.327027+00,45,XRPUSDT,63,GATE_1_EXPIRED,f,Signal already expired,SKIPPED,2026-07-21 12:01:32.327027+00,
261942,2026-07-21 12:01:32.323003+00,46,ETHUSDT,68,GATE_1_EXPIRED,f,Signal already expired,SKIPPED,2026-07-21 12:01:32.323003+00,
261941,2026-07-21 12:01:32.320084+00,47,SOLUSDT,78,GATE_1_EXPIRED,f,Signal already expired,SKIPPED,2026-07-21 12:01:32.320084+00,
261940,2026-07-21 12:01:32.313308+00,49,SOLUSDT,65,GATE_1_EXPIRED,f,Signal already expired,SKIPPED,2026-07-21 12:01:32.313308+00,
261939,2026-07-21 12:01:32.307516+00,50,BTCUSDT,66,GATE_1_EXPIRED,f,Signal already expired,SKIPPED,2026-07-21 12:01:32.307516+00,
261938,2026-07-21 12:01:32.293859+00,51,ETHUSDT,63,GATE_6_DUPLICATE,f,Non-cancelled trade exists for signal,SKIPPED,2026-07-21 12:01:32.293859+00,
261937,2026-07-21 12:01:17.339923+00,44,BTCUSDT,79,GATE_1_EXPIRED,f,Signal already expired,SKIPPED,2026-07-21 12:01:17.339923+00,
261936,2026-07-21 12:01:17.336245+00,45,XRPUSDT,63,GATE_1_EXPIRED,f,Signal already expired,SKIPPED,2026-07-21 12:01:17.336245+00,
261935,2026-07-21 12:01:17.328876+00,46,ETHUSDT,68,GATE_1_EXPIRED,f,Signal already expired,SKIPPED,2026-07-21 12:01:17.328876+00,
261934,2026-07-21 12:01:17.323738+00,47,SOLUSDT,78,GATE_1_EXPIRED,f,Signal already expired,SKIPPED,2026-07-21 12:01:17.323738+00,
261933,2026-07-21 12:01:17.318405+00,49,SOLUSDT,65,GATE_1_EXPIRED,f,Signal already expired,SKIPPED,2026-07-21 12:01:17.318405+00,
261932,2026-07-21 12:01:17.31199+00,50,BTCUSDT,66,GATE_1_EXPIRED,f,Signal already expired,SKIPPED,2026-07-21 12:01:17.31199+00,
261931,2026-07-21 12:01:17.30334+00,51,ETHUSDT,63,GATE_6_DUPLICATE,f,Non-cancelled trade exists for signal,SKIPPED,2026-07-21 12:01:17.30334+00,
261930,2026-07-21 12:01:10.114725+00,,ETHUSDT,63,GATE_4A_CORR,f,CorrelationGuard: ETHUSDT already has open position,REJECTED,2026-07-21 12:01:10.114725+00,165f97c6a2edcd5c
261929,2026-07-21 12:01:10.100636+00,,BTCUSDT,69,GATE_4A_CORR,f,CorrelationGuard: BTCUSDT already has open position,REJECTED,2026-07-21 12:01:10.100636+00,fc57a4cabe446165
261928,2026-07-21 12:01:10.061136+00,,BNBUSDT,79,GATE_4C_RISK,f,RiskBudgetLedger full,REJECTED,2026-07-21 12:01:10.061136+00,672fc01df7bb63dc
261927,2026-07-21 12:01:10.022388+00,,XRPUSDT,85,GATE_0_V7_KELLY_ZERO,f,Kelly=0 for DQS 85,REJECTED,2026-07-21 12:01:10.022388+00,360bb4ff48313265
261926,2026-07-21 12:01:02.338849+00,44,BTCUSDT,79,GATE_1_EXPIRED,f,Signal already expired,SKIPPED,2026-07-21 12:01:02.338849+00,
261925,2026-07-21 12:01:02.332093+00,45,XRPUSDT,63,GATE_1_EXPIRED,f,Signal already expired,SKIPPED,2026-07-21 12:01:02.332093+00,
261924,2026-07-21 12:01:02.324959+00,46,ETHUSDT,68,GATE_1_EXPIRED,f,Signal already expired,SKIPPED,2026-07-21 12:01:02.324959+00,
261923,2026-07-21 12:01:02.317496+00,47,SOLUSDT,78,GATE_1_EXPIRED,f,Signal already expired,SKIPPED,2026-07-21 12:01:02.317496+00,
261922,2026-07-21 12:01:02.312368+00,49,SOLUSDT,65,GATE_1_EXPIRED,f,Signal already expired,SKIPPED,2026-07-21 12:01:02.312368+00,
261921,2026-07-21 12:01:02.305139+00,50,BTCUSDT,66,GATE_1_EXPIRED,f,Signal already expired,SKIPPED,2026-07-21 12:01:02.305139+00,
261920,2026-07-21 12:01:02.297172+00,51,ETHUSDT,63,GATE_6_DUPLICATE,f,Non-cancelled trade exists for signal,SKIPPED,2026-07-21 12:01:02.297172+00,
261919,2026-07-21 12:00:47.334653+00,44,BTCUSDT,79,GATE_1_EXPIRED,f,Signal already expired,SKIPPED,2026-07-21 12:00:47.334653+00,
261918,2026-07-21 12:00:47.329609+00,45,XRPUSDT,63,GATE_1_EXPIRED,f,Signal already expired,SKIPPED,2026-07-21 12:00:47.329609+00,
261917,2026-07-21 12:00:47.323321+00,46,ETHUSDT,68,GATE_1_EXPIRED,f,Signal already expired,SKIPPED,2026-07-21 12:00:47.323321+00,
261916,2026-07-21 12:00:47.317395+00,47,SOLUSDT,78,GATE_1_EXPIRED,f,Signal already expired,SKIPPED,2026-07-21 12:00:47.317395+00,
261915,2026-07-21 12:00:47.306459+00,49,SOLUSDT,65,GATE_1_EXPIRED,f,Signal already expired,SKIPPED,2026-07-21 12:00:47.306459+00,
261914,2026-07-21 12:00:47.297586+00,50,BTCUSDT,66,GATE_1_EXPIRED,f,Signal already expired,SKIPPED,2026-07-21 12:00:47.297586+00,
261913,2026-07-21 12:00:47.291238+00,51,ETHUSDT,63,GATE_6_DUPLICATE,f,Non-cancelled trade exists for signal,SKIPPED,2026-07-21 12:00:47.291238+00,
261912,2026-07-21 12:00:32.329547+00,44,BTCUSDT,79,GATE_1_EXPIRED,f,Signal already expired,SKIPPED,2026-07-21 12:00:32.329547+00,
261911,2026-07-21 12:00:32.324215+00,45,XRPUSDT,63,GATE_1_EXPIRED,f,Signal already expired,SKIPPED,2026-07-21 12:00:32.324215+00,
261910,2026-07-21 12:00:32.315937+00,46,ETHUSDT,68,GATE_1_EXPIRED,f,Signal already expired,SKIPPED,2026-07-21 12:00:32.315937+00,
261909,2026-07-21 12:00:32.310504+00,47,SOLUSDT,78,GATE_1_EXPIRED,f,Signal already expired,SKIPPED,2026-07-21 12:00:32.310504+00,
261908,2026-07-21 12:00:32.305176+00,49,SOLUSDT,65,GATE_1_EXPIRED,f,Signal already expired,SKIPPED,2026-07-21 12:00:32.305176+00,
261907,2026-07-21 12:00:32.299881+00,50,BTCUSDT,66,GATE_1_EXPIRED,f,Signal already expired,SKIPPED,2026-07-21 12:00:32.299881+00,
261906,2026-07-21 12:00:32.29185+00,51,ETHUSDT,63,GATE_6_DUPLICATE,f,Non-cancelled trade exists for signal,SKIPPED,2026-07-21 12:00:32.29185+00,
261905,2026-07-21 12:00:17.343431+00,44,BTCUSDT,79,GATE_1_EXPIRED,f,Signal already expired,SKIPPED,2026-07-21 12:00:17.343431+00,
261904,2026-07-21 12:00:17.338033+00,45,XRPUSDT,63,GATE_1_EXPIRED,f,Signal already expired,SKIPPED,2026-07-21 12:00:17.338033+00,
261903,2026-07-21 12:00:17.319848+00,46,ETHUSDT,68,GATE_1_EXPIRED,f,Signal already expired,SKIPPED,2026-07-21 12:00:17.319848+00,
261902,2026-07-21 12:00:17.313367+00,47,SOLUSDT,78,GATE_1_EXPIRED,f,Signal already expired,SKIPPED,2026-07-21 12:00:17.313367+00,
261901,2026-07-21 12:00:17.308862+00,49,SOLUSDT,65,GATE_1_EXPIRED,f,Signal already expired,SKIPPED,2026-07-21 12:00:17.308862+00,
261900,2026-07-21 12:00:17.303587+00,50,BTCUSDT,66,GATE_1_EXPIRED,f,Signal already expired,SKIPPED,2026-07-21 12:00:17.303587+00,
261899,2026-07-21 12:00:17.296314+00,51,ETHUSDT,63,GATE_6_DUPLICATE,f,Non-cancelled trade exists for signal,SKIPPED,2026-07-21 12:00:17.296314+00,
261898,2026-07-21 12:00:02.328405+00,44,BTCUSDT,79,GATE_1_EXPIRED,f,Signal already expired,SKIPPED,2026-07-21 12:00:02.328405+00,
261897,2026-07-21 12:00:02.320618+00,45,XRPUSDT,63,GATE_1_EXPIRED,f,Signal already expired,SKIPPED,2026-07-21 12:00:02.320618+00,
261896,2026-07-21 12:00:02.314857+00,46,ETHUSDT,68,GATE_1_EXPIRED,f,Signal already expired,SKIPPED,2026-07-21 12:00:02.314857+00,
261895,2026-07-21 12:00:02.310555+00,47,SOLUSDT,78,GATE_1_EXPIRED,f,Signal already expired,SKIPPED,2026-07-21 12:00:02.310555+00,
261894,2026-07-21 12:00:02.306403+00,49,SOLUSDT,65,GATE_1_EXPIRED,f,Signal already expired,SKIPPED,2026-07-21 12:00:02.306403+00,
261893,2026-07-21 12:00:02.302258+00,50,BTCUSDT,66,GATE_1_EXPIRED,f,Signal already expired,SKIPPED,2026-07-21 12:00:02.302258+00,
261892,2026-07-21 12:00:02.293863+00,51,ETHUSDT,63,GATE_6_DUPLICATE,f,Non-cancelled trade exists for signal,SKIPPED,2026-07-21 12:00:02.293863+00,
261891,2026-07-21 11:59:47.32877+00,44,BTCUSDT,79,GATE_1_EXPIRED,f,Signal already expired,SKIPPED,2026-07-21 11:59:47.32877+00,
261890,2026-07-21 11:59:47.323776+00,45,XRPUSDT,63,GATE_1_EXPIRED,f,Signal already expired,SKIPPED,2026-07-21 11:59:47.323776+00,
261889,2026-07-21 11:59:47.315475+00,46,ETHUSDT,68,GATE_1_EXPIRED,f,Signal already expired,SKIPPED,2026-07-21 11:59:47.315475+00,
261888,2026-07-21 11:59:47.309553+00,47,SOLUSDT,78,GATE_1_EXPIRED,f,Signal already expired,SKIPPED,2026-07-21 11:59:47.309553+00,
261887,2026-07-21 11:59:47.299538+00,49,SOLUSDT,65,GATE_1_EXPIRED,f,Signal already expired,SKIPPED,2026-07-21 11:59:47.299538+00,
261886,2026-07-21 11:59:47.29096+00,50,BTCUSDT,66,GATE_1_EXPIRED,f,Signal already expired,SKIPPED,2026-07-21 11:59:47.29096+00,
261885,2026-07-21 11:59:47.285851+00,51,ETHUSDT,63,GATE_6_DUPLICATE,f,Non-cancelled trade exists for signal,SKIPPED,2026-07-21 11:59:47.285851+00,
261884,2026-07-21 11:59:32.319386+00,44,BTCUSDT,79,GATE_1_EXPIRED,f,Signal already expired,SKIPPED,2026-07-21 11:59:32.319386+00,
261883,2026-07-21 11:59:32.30988+00,45,XRPUSDT,63,GATE_1_EXPIRED,f,Signal already expired,SKIPPED,2026-07-21 11:59:32.30988+00,
261882,2026-07-21 11:59:32.303842+00,46,ETHUSDT,68,GATE_1_EXPIRED,f,Signal already expired,SKIPPED,2026-07-21 11:59:32.303842+00,
261881,2026-07-21 11:59:32.301068+00,47,SOLUSDT,78,GATE_1_EXPIRED,f,Signal already expired,SKIPPED,2026-07-21 11:59:32.301068+00,
261880,2026-07-21 11:59:32.298293+00,49,SOLUSDT,65,GATE_1_EXPIRED,f,Signal already expired,SKIPPED,2026-07-21 11:59:32.298293+00,
261879,2026-07-21 11:59:32.292295+00,50,BTCUSDT,66,GATE_1_EXPIRED,f,Signal already expired,SKIPPED,2026-07-21 11:59:32.292295+00,
261878,2026-07-21 11:59:32.288936+00,51,ETHUSDT,63,GATE_6_DUPLICATE,f,Non-cancelled trade exists for signal,SKIPPED,2026-07-21 11:59:32.288936+00,
261877,2026-07-21 11:59:17.348941+00,44,BTCUSDT,79,GATE_1_EXPIRED,f,Signal already expired,SKIPPED,2026-07-21 11:59:17.348941+00,
261876,2026-07-21 11:59:17.339321+00,45,XRPUSDT,63,GATE_1_EXPIRED,f,Signal already expired,SKIPPED,2026-07-21 11:59:17.339321+00,
261875,2026-07-21 11:59:17.334852+00,46,ETHUSDT,68,GATE_1_EXPIRED,f,Signal already expired,SKIPPED,2026-07-21 11:59:17.334852+00,
261874,2026-07-21 11:59:17.325349+00,47,SOLUSDT,78,GATE_1_EXPIRED,f,Signal already expired,SKIPPED,2026-07-21 11:59:17.325349+00,
261873,2026-07-21 11:59:17.317331+00,49,SOLUSDT,65,GATE_1_EXPIRED,f,Signal already expired,SKIPPED,2026-07-21 11:59:17.317331+00,
261872,2026-07-21 11:59:17.309386+00,50,BTCUSDT,66,GATE_1_EXPIRED,f,Signal already expired,SKIPPED,2026-07-21 11:59:17.309386+00,
261871,2026-07-21 11:59:17.301856+00,51,ETHUSDT,63,GATE_6_DUPLICATE,f,Non-cancelled trade exists for signal,SKIPPED,2026-07-21 11:59:17.301856+00,
261870,2026-07-21 11:59:02.314103+00,44,BTCUSDT,79,GATE_1_EXPIRED,f,Signal already expired,SKIPPED,2026-07-21 11:59:02.314103+00,
261869,2026-07-21 11:59:02.310157+00,45,XRPUSDT,63,GATE_1_EXPIRED,f,Signal already expired,SKIPPED,2026-07-21 11:59:02.310157+00,
261868,2026-07-21 11:59:02.305641+00,46,ETHUSDT,68,GATE_1_EXPIRED,f,Signal already expired,SKIPPED,2026-07-21 11:59:02.305641+00,
261867,2026-07-21 11:59:02.301598+00,47,SOLUSDT,78,GATE_1_EXPIRED,f,Signal already expired,SKIPPED,2026-07-21 11:59:02.301598+00,
261866,2026-07-21 11:59:02.29569+00,49,SOLUSDT,65,GATE_1_EXPIRED,f,Signal already expired,SKIPPED,2026-07-21 11:59:02.29569+00,
261865,2026-07-21 11:59:02.289863+00,50,BTCUSDT,66,GATE_1_EXPIRED,f,Signal already expired,SKIPPED,2026-07-21 11:59:02.289863+00,
261864,2026-07-21 11:59:02.283795+00,51,ETHUSDT,63,GATE_6_DUPLICATE,f,Non-cancelled trade exists for signal,SKIPPED,2026-07-21 11:59:02.283795+00,
261863,2026-07-21 11:58:47.327669+00,44,BTCUSDT,79,GATE_1_EXPIRED,f,Signal already expired,SKIPPED,2026-07-21 11:58:47.327669+00,
261862,2026-07-21 11:58:47.322736+00,45,XRPUSDT,63,GATE_1_EXPIRED,f,Signal already expired,SKIPPED,2026-07-21 11:58:47.322736+00,
261861,2026-07-21 11:58:47.318853+00,46,ETHUSDT,68,GATE_1_EXPIRED,f,Signal already expired,SKIPPED,2026-07-21 11:58:47.318853+00,
261860,2026-07-21 11:58:47.31387+00,47,SOLUSDT,78,GATE_1_EXPIRED,f,Signal already expired,SKIPPED,2026-07-21 11:58:47.31387+00,
261859,2026-07-21 11:58:47.306441+00,49,SOLUSDT,65,GATE_1_EXPIRED,f,Signal already expired,SKIPPED,2026-07-21 11:58:47.306441+00,
261858,2026-07-21 11:58:47.301973+00,50,BTCUSDT,66,GATE_1_EXPIRED,f,Signal already expired,SKIPPED,2026-07-21 11:58:47.301973+00,
261857,2026-07-21 11:58:47.299081+00,51,ETHUSDT,63,GATE_6_DUPLICATE,f,Non-cancelled trade exists for signal,SKIPPED,2026-07-21 11:58:47.299081+00,
261856,2026-07-21 11:58:32.348768+00,44,BTCUSDT,79,GATE_1_EXPIRED,f,Signal already expired,SKIPPED,2026-07-21 11:58:32.348768+00,
261855,2026-07-21 11:58:32.338414+00,45,XRPUSDT,63,GATE_1_EXPIRED,f,Signal already expired,SKIPPED,2026-07-21 11:58:32.338414+00,
261854,2026-07-21 11:58:32.330512+00,46,ETHUSDT,68,GATE_1_EXPIRED,f,Signal already expired,SKIPPED,2026-07-21 11:58:32.330512+00,
261853,2026-07-21 11:58:32.319525+00,47,SOLUSDT,78,GATE_1_EXPIRED,f,Signal already expired,SKIPPED,2026-07-21 11:58:32.319525+00,
261852,2026-07-21 11:58:32.307919+00,49,SOLUSDT,65,GATE_1_EXPIRED,f,Signal already expired,SKIPPED,2026-07-21 11:58:32.307919+00,
261851,2026-07-21 11:58:32.301316+00,50,BTCUSDT,66,GATE_1_EXPIRED,f,Signal already expired,SKIPPED,2026-07-21 11:58:32.301316+00,
261850,2026-07-21 11:58:32.293445+00,51,ETHUSDT,63,GATE_6_DUPLICATE,f,Non-cancelled trade exists for signal,SKIPPED,2026-07-21 11:58:32.293445+00,
261849,2026-07-21 11:58:17.303653+00,44,BTCUSDT,79,GATE_1_EXPIRED,f,Signal already expired,SKIPPED,2026-07-21 11:58:17.303653+00,
261848,2026-07-21 11:58:17.299506+00,45,XRPUSDT,63,GATE_1_EXPIRED,f,Signal already expired,SKIPPED,2026-07-21 11:58:17.299506+00,
261847,2026-07-21 11:58:17.29698+00,46,ETHUSDT,68,GATE_1_EXPIRED,f,Signal already expired,SKIPPED,2026-07-21 11:58:17.29698+00,
261846,2026-07-21 11:58:17.294301+00,47,SOLUSDT,78,GATE_1_EXPIRED,f,Signal already expired,SKIPPED,2026-07-21 11:58:17.294301+00,
261845,2026-07-21 11:58:17.291636+00,49,SOLUSDT,65,GATE_1_EXPIRED,f,Signal already expired,SKIPPED,2026-07-21 11:58:17.291636+00,
261844,2026-07-21 11:58:17.288998+00,50,BTCUSDT,66,GATE_1_EXPIRED,f,Signal already expired,SKIPPED,2026-07-21 11:58:17.288998+00,
261843,2026-07-21 11:58:17.285706+00,51,ETHUSDT,63,GATE_6_DUPLICATE,f,Non-cancelled trade exists for signal,SKIPPED,2026-07-21 11:58:17.285706+00,
261842,2026-07-21 11:58:02.297388+00,44,BTCUSDT,79,GATE_1_EXPIRED,f,Signal already expired,SKIPPED,2026-07-21 11:58:02.297388+00,
261841,2026-07-21 11:58:02.294756+00,45,XRPUSDT,63,GATE_1_EXPIRED,f,Signal already expired,SKIPPED,2026-07-21 11:58:02.294756+00,
261840,2026-07-21 11:58:02.291852+00,46,ETHUSDT,68,GATE_1_EXPIRED,f,Signal already expired,SKIPPED,2026-07-21 11:58:02.291852+00,
261839,2026-07-21 11:58:02.288037+00,47,SOLUSDT,78,GATE_1_EXPIRED,f,Signal already expired,SKIPPED,2026-07-21 11:58:02.288037+00,
261838,2026-07-21 11:58:02.285344+00,49,SOLUSDT,65,GATE_1_EXPIRED,f,Signal already expired,SKIPPED,2026-07-21 11:58:02.285344+00,
261837,2026-07-21 11:58:02.281614+00,50,BTCUSDT,66,GATE_1_EXPIRED,f,Signal already expired,SKIPPED,2026-07-21 11:58:02.281614+00,
261836,2026-07-21 11:58:02.278836+00,51,ETHUSDT,63,GATE_6_DUPLICATE,f,Non-cancelled trade exists for signal,SKIPPED,2026-07-21 11:58:02.278836+00,
261835,2026-07-21 11:57:47.306284+00,44,BTCUSDT,79,GATE_1_EXPIRED,f,Signal already expired,SKIPPED,2026-07-21 11:57:47.306284+00,
261834,2026-07-21 11:57:47.301897+00,45,XRPUSDT,63,GATE_1_EXPIRED,f,Signal already expired,SKIPPED,2026-07-21 11:57:47.301897+00,
261833,2026-07-21 11:57:47.297489+00,46,ETHUSDT,68,GATE_1_EXPIRED,f,Signal already expired,SKIPPED,2026-07-21 11:57:47.297489+00,
261832,2026-07-21 11:57:47.293801+00,47,SOLUSDT,78,GATE_1_EXPIRED,f,Signal already expired,SKIPPED,2026-07-21 11:57:47.293801+00,
261831,2026-07-21 11:57:47.290947+00,49,SOLUSDT,65,GATE_1_EXPIRED,f,Signal already expired,SKIPPED,2026-07-21 11:57:47.290947+00,
261830,2026-07-21 11:57:47.287371+00,50,BTCUSDT,66,GATE_1_EXPIRED,f,Signal already expired,SKIPPED,2026-07-21 11:57:47.287371+00,
261829,2026-07-21 11:57:47.283487+00,51,ETHUSDT,63,GATE_6_DUPLICATE,f,Non-cancelled trade exists for signal,SKIPPED,2026-07-21 11:57:47.283487+00,
261828,2026-07-21 11:57:32.34442+00,44,BTCUSDT,79,GATE_1_EXPIRED,f,Signal already expired,SKIPPED,2026-07-21 11:57:32.34442+00,
261827,2026-07-21 11:57:32.337875+00,45,XRPUSDT,63,GATE_1_EXPIRED,f,Signal already expired,SKIPPED,2026-07-21 11:57:32.337875+00,
261826,2026-07-21 11:57:32.325624+00,46,ETHUSDT,68,GATE_1_EXPIRED,f,Signal already expired,SKIPPED,2026-07-21 11:57:32.325624+00,
261825,2026-07-21 11:57:32.317853+00,47,SOLUSDT,78,GATE_1_EXPIRED,f,Signal already expired,SKIPPED,2026-07-21 11:57:32.317853+00,
261824,2026-07-21 11:57:32.305276+00,49,SOLUSDT,65,GATE_1_EXPIRED,f,Signal already expired,SKIPPED,2026-07-21 11:57:32.305276+00,
261823,2026-07-21 11:57:32.300464+00,50,BTCUSDT,66,GATE_1_EXPIRED,f,Signal already expired,SKIPPED,2026-07-21 11:57:32.300464+00,
261822,2026-07-21 11:57:32.291849+00,51,ETHUSDT,63,GATE_6_DUPLICATE,f,Non-cancelled trade exists for signal,SKIPPED,2026-07-21 11:57:32.291849+00,
261821,2026-07-21 11:57:17.313412+00,44,BTCUSDT,79,GATE_1_EXPIRED,f,Signal already expired,SKIPPED,2026-07-21 11:57:17.313412+00,
261820,2026-07-21 11:57:17.309293+00,45,XRPUSDT,63,GATE_1_EXPIRED,f,Signal already expired,SKIPPED,2026-07-21 11:57:17.309293+00,
261819,2026-07-21 11:57:17.304905+00,46,ETHUSDT,68,GATE_1_EXPIRED,f,Signal already expired,SKIPPED,2026-07-21 11:57:17.304905+00,
261818,2026-07-21 11:57:17.301179+00,47,SOLUSDT,78,GATE_1_EXPIRED,f,Signal already expired,SKIPPED,2026-07-21 11:57:17.301179+00,
261817,2026-07-21 11:57:17.296568+00,49,SOLUSDT,65,GATE_1_EXPIRED,f,Signal already expired,SKIPPED,2026-07-21 11:57:17.296568+00,
261816,2026-07-21 11:57:17.291335+00,50,BTCUSDT,66,GATE_1_EXPIRED,f,Signal already expired,SKIPPED,2026-07-21 11:57:17.291335+00,
261815,2026-07-21 11:57:17.281856+00,51,ETHUSDT,63,GATE_6_DUPLICATE,f,Non-cancelled trade exists for signal,SKIPPED,2026-07-21 11:57:17.281856+00,
261814,2026-07-21 11:57:02.305535+00,44,BTCUSDT,79,GATE_1_EXPIRED,f,Signal already expired,SKIPPED,2026-07-21 11:57:02.305535+00,
261813,2026-07-21 11:57:02.301245+00,45,XRPUSDT,63,GATE_1_EXPIRED,f,Signal already expired,SKIPPED,2026-07-21 11:57:02.301245+00,
261812,2026-07-21 11:57:02.294506+00,46,ETHUSDT,68,GATE_1_EXPIRED,f,Signal already expired,SKIPPED,2026-07-21 11:57:02.294506+00,
261811,2026-07-21 11:57:02.28957+00,47,SOLUSDT,78,GATE_1_EXPIRED,f,Signal already expired,SKIPPED,2026-07-21 11:57:02.28957+00,
261810,2026-07-21 11:57:02.285375+00,49,SOLUSDT,65,GATE_1_EXPIRED,f,Signal already expired,SKIPPED,2026-07-21 11:57:02.285375+00,
261809,2026-07-21 11:57:02.281199+00,50,BTCUSDT,66,GATE_1_EXPIRED,f,Signal already expired,SKIPPED,2026-07-21 11:57:02.281199+00,
261808,2026-07-21 11:57:02.276756+00,51,ETHUSDT,63,GATE_6_DUPLICATE,f,Non-cancelled trade exists for signal,SKIPPED,2026-07-21 11:57:02.276756+00,
261807,2026-07-21 11:56:47.322598+00,44,BTCUSDT,79,GATE_1_EXPIRED,f,Signal already expired,SKIPPED,2026-07-21 11:56:47.322598+00,
261806,2026-07-21 11:56:47.317538+00,45,XRPUSDT,63,GATE_1_EXPIRED,f,Signal already expired,SKIPPED,2026-07-21 11:56:47.317538+00,
261805,2026-07-21 11:56:47.308723+00,46,ETHUSDT,68,GATE_1_EXPIRED,f,Signal already expired,SKIPPED,2026-07-21 11:56:47.308723+00,
261804,2026-07-21 11:56:47.300399+00,47,SOLUSDT,78,GATE_1_EXPIRED,f,Signal already expired,SKIPPED,2026-07-21 11:56:47.300399+00,
261803,2026-07-21 11:56:47.291549+00,49,SOLUSDT,65,GATE_1_EXPIRED,f,Signal already expired,SKIPPED,2026-07-21 11:56:47.291549+00,
261802,2026-07-21 11:56:47.285452+00,50,BTCUSDT,66,GATE_1_EXPIRED,f,Signal already expired,SKIPPED,2026-07-21 11:56:47.285452+00,
261801,2026-07-21 11:56:47.276851+00,51,ETHUSDT,63,GATE_6_DUPLICATE,f,Non-cancelled trade exists for signal,SKIPPED,2026-07-21 11:56:47.276851+00,
261800,2026-07-21 11:56:32.29628+00,44,BTCUSDT,79,GATE_1_EXPIRED,f,Signal already expired,SKIPPED,2026-07-21 11:56:32.29628+00,
261799,2026-07-21 11:56:32.293534+00,45,XRPUSDT,63,GATE_1_EXPIRED,f,Signal already expired,SKIPPED,2026-07-21 11:56:32.293534+00,
261798,2026-07-21 11:56:32.290879+00,46,ETHUSDT,68,GATE_1_EXPIRED,f,Signal already expired,SKIPPED,2026-07-21 11:56:32.290879+00,
261797,2026-07-21 11:56:32.288249+00,47,SOLUSDT,78,GATE_1_EXPIRED,f,Signal already expired,SKIPPED,2026-07-21 11:56:32.288249+00,
261796,2026-07-21 11:56:32.284873+00,49,SOLUSDT,65,GATE_1_EXPIRED,f,Signal already expired,SKIPPED,2026-07-21 11:56:32.284873+00,
261795,2026-07-21 11:56:32.276748+00,50,BTCUSDT,66,GATE_1_EXPIRED,f,Signal already expired,SKIPPED,2026-07-21 11:56:32.276748+00,
261794,2026-07-21 11:56:32.274+00,51,ETHUSDT,63,GATE_6_DUPLICATE,f,Non-cancelled trade exists for signal,SKIPPED,2026-07-21 11:56:32.274+00,
261793,2026-07-21 11:56:17.312675+00,44,BTCUSDT,79,GATE_1_EXPIRED,f,Signal already expired,SKIPPED,2026-07-21 11:56:17.312675+00,
261792,2026-07-21 11:56:17.306485+00,45,XRPUSDT,63,GATE_1_EXPIRED,f,Signal already expired,SKIPPED,2026-07-21 11:56:17.306485+00,
261791,2026-07-21 11:56:17.299194+00,46,ETHUSDT,68,GATE_1_EXPIRED,f,Signal already expired,SKIPPED,2026-07-21 11:56:17.299194+00,
261790,2026-07-21 11:56:17.294738+00,47,SOLUSDT,78,GATE_1_EXPIRED,f,Signal already expired,SKIPPED,2026-07-21 11:56:17.294738+00,
261789,2026-07-21 11:56:17.287398+00,49,SOLUSDT,65,GATE_1_EXPIRED,f,Signal already expired,SKIPPED,2026-07-21 11:56:17.287398+00,
261788,2026-07-21 11:56:17.279756+00,50,BTCUSDT,66,GATE_1_EXPIRED,f,Signal already expired,SKIPPED,2026-07-21 11:56:17.279756+00,
261787,2026-07-21 11:56:17.274019+00,51,ETHUSDT,63,GATE_6_DUPLICATE,f,Non-cancelled trade exists for signal,SKIPPED,2026-07-21 11:56:17.274019+00,
261786,2026-07-21 11:56:02.317269+00,44,BTCUSDT,79,GATE_1_EXPIRED,f,Signal already expired,SKIPPED,2026-07-21 11:56:02.317269+00,
261785,2026-07-21 11:56:02.308851+00,45,XRPUSDT,63,GATE_1_EXPIRED,f,Signal already expired,SKIPPED,2026-07-21 11:56:02.308851+00,
261784,2026-07-21 11:56:02.303632+00,46,ETHUSDT,68,GATE_1_EXPIRED,f,Signal already expired,SKIPPED,2026-07-21 11:56:02.303632+00,
261783,2026-07-21 11:56:02.295049+00,47,SOLUSDT,78,GATE_1_EXPIRED,f,Signal already expired,SKIPPED,2026-07-21 11:56:02.295049+00,
261782,2026-07-21 11:56:02.289675+00,49,SOLUSDT,65,GATE_1_EXPIRED,f,Signal already expired,SKIPPED,2026-07-21 11:56:02.289675+00,
261781,2026-07-21 11:56:02.280528+00,50,BTCUSDT,66,GATE_1_EXPIRED,f,Signal already expired,SKIPPED,2026-07-21 11:56:02.280528+00,
261780,2026-07-21 11:56:02.274872+00,51,ETHUSDT,63,GATE_6_DUPLICATE,f,Non-cancelled trade exists for signal,SKIPPED,2026-07-21 11:56:02.274872+00,
261779,2026-07-21 11:55:51.987897+00,,ETHUSDT,63,GATE_4A_CORR,f,CorrelationGuard: ETHUSDT already has open position,REJECTED,2026-07-21 11:55:51.987897+00,13341742c596f167
261778,2026-07-21 11:55:51.93703+00,,BTCUSDT,69,GATE_4A_CORR,f,CorrelationGuard: BTCUSDT already has open position,REJECTED,2026-07-21 11:55:51.93703+00,565164194115eff9
261777,2026-07-21 11:55:51.895182+00,,BNBUSDT,79,GATE_4C_RISK,f,RiskBudgetLedger full,REJECTED,2026-07-21 11:55:51.895182+00,d2419f3dc234703c
261776,2026-07-21 11:55:51.853778+00,,XRPUSDT,85,GATE_0_V7_KELLY_ZERO,f,Kelly=0 for DQS 85,REJECTED,2026-07-21 11:55:51.853778+00,cfc72cda86699f9c
261775,2026-07-21 11:55:47.301867+00,44,BTCUSDT,79,GATE_1_EXPIRED,f,Signal already expired,SKIPPED,2026-07-21 11:55:47.301867+00,
261774,2026-07-21 11:55:47.29714+00,45,XRPUSDT,63,GATE_1_EXPIRED,f,Signal already expired,SKIPPED,2026-07-21 11:55:47.29714+00,
261773,2026-07-21 11:55:47.292845+00,46,ETHUSDT,68,GATE_1_EXPIRED,f,Signal already expired,SKIPPED,2026-07-21 11:55:47.292845+00,
261772,2026-07-21 11:55:47.28496+00,47,SOLUSDT,78,GATE_1_EXPIRED,f,Signal already expired,SKIPPED,2026-07-21 11:55:47.28496+00,
261771,2026-07-21 11:55:47.282444+00,49,SOLUSDT,65,GATE_1_EXPIRED,f,Signal already expired,SKIPPED,2026-07-21 11:55:47.282444+00,
261770,2026-07-21 11:55:47.279845+00,50,BTCUSDT,66,GATE_1_EXPIRED,f,Signal already expired,SKIPPED,2026-07-21 11:55:47.279845+00,
261769,2026-07-21 11:55:47.270843+00,51,ETHUSDT,63,GATE_6_DUPLICATE,f,Non-cancelled trade exists for signal,SKIPPED,2026-07-21 11:55:47.270843+00,
261768,2026-07-21 11:55:32.330539+00,44,BTCUSDT,79,GATE_1_EXPIRED,f,Signal already expired,SKIPPED,2026-07-21 11:55:32.330539+00,
261767,2026-07-21 11:55:32.324834+00,45,XRPUSDT,63,GATE_1_EXPIRED,f,Signal already expired,SKIPPED,2026-07-21 11:55:32.324834+00,
261766,2026-07-21 11:55:32.317649+00,46,ETHUSDT,68,GATE_1_EXPIRED,f,Signal already expired,SKIPPED,2026-07-21 11:55:32.317649+00,
261765,2026-07-21 11:55:32.312239+00,47,SOLUSDT,78,GATE_1_EXPIRED,f,Signal already expired,SKIPPED,2026-07-21 11:55:32.312239+00,
261764,2026-07-21 11:55:32.308633+00,49,SOLUSDT,65,GATE_1_EXPIRED,f,Signal already expired,SKIPPED,2026-07-21 11:55:32.308633+00,
261763,2026-07-21 11:55:32.304252+00,50,BTCUSDT,66,GATE_1_EXPIRED,f,Signal already expired,SKIPPED,2026-07-21 11:55:32.304252+00,
261762,2026-07-21 11:55:32.295378+00,51,ETHUSDT,63,GATE_6_DUPLICATE,f,Non-cancelled trade exists for signal,SKIPPED,2026-07-21 11:55:32.295378+00,
261761,2026-07-21 11:55:17.334324+00,44,BTCUSDT,79,GATE_1_EXPIRED,f,Signal already expired,SKIPPED,2026-07-21 11:55:17.334324+00,
261760,2026-07-21 11:55:17.321265+00,45,XRPUSDT,63,GATE_1_EXPIRED,f,Signal already expired,SKIPPED,2026-07-21 11:55:17.321265+00,
261759,2026-07-21 11:55:17.313787+00,46,ETHUSDT,68,GATE_1_EXPIRED,f,Signal already expired,SKIPPED,2026-07-21 11:55:17.313787+00,
261758,2026-07-21 11:55:17.308147+00,47,SOLUSDT,78,GATE_1_EXPIRED,f,Signal already expired,SKIPPED,2026-07-21 11:55:17.308147+00,
261757,2026-07-21 11:55:17.299325+00,49,SOLUSDT,65,GATE_1_EXPIRED,f,Signal already expired,SKIPPED,2026-07-21 11:55:17.299325+00,
261756,2026-07-21 11:55:17.294288+00,50,BTCUSDT,66,GATE_1_EXPIRED,f,Signal already expired,SKIPPED,2026-07-21 11:55:17.294288+00,
261755,2026-07-21 11:55:17.285001+00,51,ETHUSDT,63,GATE_6_DUPLICATE,f,Non-cancelled trade exists for signal,SKIPPED,2026-07-21 11:55:17.285001+00,
261754,2026-07-21 11:55:02.303815+00,44,BTCUSDT,79,GATE_1_EXPIRED,f,Signal already expired,SKIPPED,2026-07-21 11:55:02.303815+00,
261753,2026-07-21 11:55:02.299408+00,45,XRPUSDT,63,GATE_1_EXPIRED,f,Signal already expired,SKIPPED,2026-07-21 11:55:02.299408+00,
261752,2026-07-21 11:55:02.292109+00,46,ETHUSDT,68,GATE_1_EXPIRED,f,Signal already expired,SKIPPED,2026-07-21 11:55:02.292109+00,
261751,2026-07-21 11:55:02.285772+00,47,SOLUSDT,78,GATE_1_EXPIRED,f,Signal already expired,SKIPPED,2026-07-21 11:55:02.285772+00,
261750,2026-07-21 11:55:02.280842+00,49,SOLUSDT,65,GATE_1_EXPIRED,f,Signal already expired,SKIPPED,2026-07-21 11:55:02.280842+00,
261749,2026-07-21 11:55:02.271402+00,50,BTCUSDT,66,GATE_1_EXPIRED,f,Signal already expired,SKIPPED,2026-07-21 11:55:02.271402+00,
261748,2026-07-21 11:55:02.265399+00,51,ETHUSDT,63,GATE_6_DUPLICATE,f,Non-cancelled trade exists for signal,SKIPPED,2026-07-21 11:55:02.265399+00,
261747,2026-07-21 11:54:47.33524+00,44,BTCUSDT,79,GATE_1_EXPIRED,f,Signal already expired,SKIPPED,2026-07-21 11:54:47.33524+00,
261746,2026-07-21 11:54:47.326232+00,45,XRPUSDT,63,GATE_1_EXPIRED,f,Signal already expired,SKIPPED,2026-07-21 11:54:47.326232+00,
261745,2026-07-21 11:54:47.319341+00,46,ETHUSDT,68,GATE_1_EXPIRED,f,Signal already expired,SKIPPED,2026-07-21 11:54:47.319341+00,
261744,2026-07-21 11:54:47.312514+00,47,SOLUSDT,78,GATE_1_EXPIRED,f,Signal already expired,SKIPPED,2026-07-21 11:54:47.312514+00,
261743,2026-07-21 11:54:47.301885+00,49,SOLUSDT,65,GATE_1_EXPIRED,f,Signal already expired,SKIPPED,2026-07-21 11:54:47.301885+00,
261742,2026-07-21 11:54:47.292336+00,50,BTCUSDT,66,GATE_1_EXPIRED,f,Signal already expired,SKIPPED,2026-07-21 11:54:47.292336+00,
261741,2026-07-21 11:54:47.286369+00,51,ETHUSDT,63,GATE_6_DUPLICATE,f,Non-cancelled trade exists for signal,SKIPPED,2026-07-21 11:54:47.286369+00,
261740,2026-07-21 11:54:32.289655+00,44,BTCUSDT,79,GATE_1_EXPIRED,f,Signal already expired,SKIPPED,2026-07-21 11:54:32.289655+00,
261739,2026-07-21 11:54:32.285816+00,45,XRPUSDT,63,GATE_1_EXPIRED,f,Signal already expired,SKIPPED,2026-07-21 11:54:32.285816+00,
261738,2026-07-21 11:54:32.282817+00,46,ETHUSDT,68,GATE_1_EXPIRED,f,Signal already expired,SKIPPED,2026-07-21 11:54:32.282817+00,
261737,2026-07-21 11:54:32.279327+00,47,SOLUSDT,78,GATE_1_EXPIRED,f,Signal already expired,SKIPPED,2026-07-21 11:54:32.279327+00,
261736,2026-07-21 11:54:32.272491+00,49,SOLUSDT,65,GATE_1_EXPIRED,f,Signal already expired,SKIPPED,2026-07-21 11:54:32.272491+00,
261735,2026-07-21 11:54:32.269854+00,50,BTCUSDT,66,GATE_1_EXPIRED,f,Signal already expired,SKIPPED,2026-07-21 11:54:32.269854+00,
261734,2026-07-21 11:54:32.26238+00,51,ETHUSDT,63,GATE_6_DUPLICATE,f,Non-cancelled trade exists for signal,SKIPPED,2026-07-21 11:54:32.26238+00,
261733,2026-07-21 11:54:17.308239+00,44,BTCUSDT,79,GATE_1_EXPIRED,f,Signal already expired,SKIPPED,2026-07-21 11:54:17.308239+00,
261732,2026-07-21 11:54:17.304288+00,45,XRPUSDT,63,GATE_1_EXPIRED,f,Signal already expired,SKIPPED,2026-07-21 11:54:17.304288+00,
261731,2026-07-21 11:54:17.297205+00,46,ETHUSDT,68,GATE_1_EXPIRED,f,Signal already expired,SKIPPED,2026-07-21 11:54:17.297205+00,
261730,2026-07-21 11:54:17.288634+00,47,SOLUSDT,78,GATE_1_EXPIRED,f,Signal already expired,SKIPPED,2026-07-21 11:54:17.288634+00,
261729,2026-07-21 11:54:17.282659+00,49,SOLUSDT,65,GATE_1_EXPIRED,f,Signal already expired,SKIPPED,2026-07-21 11:54:17.282659+00,
261728,2026-07-21 11:54:17.277615+00,50,BTCUSDT,66,GATE_1_EXPIRED,f,Signal already expired,SKIPPED,2026-07-21 11:54:17.277615+00,
261727,2026-07-21 11:54:17.270626+00,51,ETHUSDT,63,GATE_6_DUPLICATE,f,Non-cancelled trade exists for signal,SKIPPED,2026-07-21 11:54:17.270626+00,
261726,2026-07-21 11:54:02.322259+00,44,BTCUSDT,79,GATE_1_EXPIRED,f,Signal already expired,SKIPPED,2026-07-21 11:54:02.322259+00,
261725,2026-07-21 11:54:02.311463+00,45,XRPUSDT,63,GATE_1_EXPIRED,f,Signal already expired,SKIPPED,2026-07-21 11:54:02.311463+00,
261724,2026-07-21 11:54:02.301008+00,46,ETHUSDT,68,GATE_1_EXPIRED,f,Signal already expired,SKIPPED,2026-07-21 11:54:02.301008+00,
261723,2026-07-21 11:54:02.289649+00,47,SOLUSDT,78,GATE_1_EXPIRED,f,Signal already expired,SKIPPED,2026-07-21 11:54:02.289649+00,
261722,2026-07-21 11:54:02.28063+00,49,SOLUSDT,65,GATE_1_EXPIRED,f,Signal already expired,SKIPPED,2026-07-21 11:54:02.28063+00,
261721,2026-07-21 11:54:02.274456+00,50,BTCUSDT,66,GATE_1_EXPIRED,f,Signal already expired,SKIPPED,2026-07-21 11:54:02.274456+00,
261720,2026-07-21 11:54:02.265868+00,51,ETHUSDT,63,GATE_6_DUPLICATE,f,Non-cancelled trade exists for signal,SKIPPED,2026-07-21 11:54:02.265868+00,
261719,2026-07-21 11:53:47.279076+00,44,BTCUSDT,79,GATE_1_EXPIRED,f,Signal already expired,SKIPPED,2026-07-21 11:53:47.279076+00,
261718,2026-07-21 11:53:47.276292+00,45,XRPUSDT,63,GATE_1_EXPIRED,f,Signal already expired,SKIPPED,2026-07-21 11:53:47.276292+00,
261717,2026-07-21 11:53:47.272111+00,46,ETHUSDT,68,GATE_1_EXPIRED,f,Signal already expired,SKIPPED,2026-07-21 11:53:47.272111+00,
261716,2026-07-21 11:53:47.269315+00,47,SOLUSDT,78,GATE_1_EXPIRED,f,Signal already expired,SKIPPED,2026-07-21 11:53:47.269315+00,
261715,2026-07-21 11:53:47.26546+00,49,SOLUSDT,65,GATE_1_EXPIRED,f,Signal already expired,SKIPPED,2026-07-21 11:53:47.26546+00,
261714,2026-07-21 11:53:47.26091+00,50,BTCUSDT,66,GATE_1_EXPIRED,f,Signal already expired,SKIPPED,2026-07-21 11:53:47.26091+00,
261713,2026-07-21 11:53:47.258142+00,51,ETHUSDT,63,GATE_6_DUPLICATE,f,Non-cancelled trade exists for signal,SKIPPED,2026-07-21 11:53:47.258142+00,
261712,2026-07-21 11:53:32.313103+00,44,BTCUSDT,79,GATE_1_EXPIRED,f,Signal already expired,SKIPPED,2026-07-21 11:53:32.313103+00,
261711,2026-07-21 11:53:32.308671+00,45,XRPUSDT,63,GATE_1_EXPIRED,f,Signal already expired,SKIPPED,2026-07-21 11:53:32.308671+00,
261710,2026-07-21 11:53:32.299665+00,46,ETHUSDT,68,GATE_1_EXPIRED,f,Signal already expired,SKIPPED,2026-07-21 11:53:32.299665+00,
261709,2026-07-21 11:53:32.29066+00,47,SOLUSDT,78,GATE_1_EXPIRED,f,Signal already expired,SKIPPED,2026-07-21 11:53:32.29066+00,
261708,2026-07-21 11:53:32.283576+00,49,SOLUSDT,65,GATE_1_EXPIRED,f,Signal already expired,SKIPPED,2026-07-21 11:53:32.283576+00,
261707,2026-07-21 11:53:32.275319+00,50,BTCUSDT,66,GATE_1_EXPIRED,f,Signal already expired,SKIPPED,2026-07-21 11:53:32.275319+00,
261706,2026-07-21 11:53:32.261852+00,51,ETHUSDT,63,GATE_6_DUPLICATE,f,Non-cancelled trade exists for signal,SKIPPED,2026-07-21 11:53:32.261852+00,
261705,2026-07-21 11:53:17.327768+00,44,BTCUSDT,79,GATE_1_EXPIRED,f,Signal already expired,SKIPPED,2026-07-21 11:53:17.327768+00,
261704,2026-07-21 11:53:17.322847+00,45,XRPUSDT,63,GATE_1_EXPIRED,f,Signal already expired,SKIPPED,2026-07-21 11:53:17.322847+00,
261703,2026-07-21 11:53:17.31329+00,46,ETHUSDT,68,GATE_1_EXPIRED,f,Signal already expired,SKIPPED,2026-07-21 11:53:17.31329+00,
261702,2026-07-21 11:53:17.301161+00,47,SOLUSDT,78,GATE_1_EXPIRED,f,Signal already expired,SKIPPED,2026-07-21 11:53:17.301161+00,
261701,2026-07-21 11:53:17.290531+00,49,SOLUSDT,65,GATE_1_EXPIRED,f,Signal already expired,SKIPPED,2026-07-21 11:53:17.290531+00,
261700,2026-07-21 11:53:17.28687+00,50,BTCUSDT,66,GATE_1_EXPIRED,f,Signal already expired,SKIPPED,2026-07-21 11:53:17.28687+00,
261699,2026-07-21 11:53:17.277579+00,51,ETHUSDT,63,GATE_6_DUPLICATE,f,Non-cancelled trade exists for signal,SKIPPED,2026-07-21 11:53:17.277579+00,
261698,2026-07-21 11:53:02.290383+00,44,BTCUSDT,79,GATE_1_EXPIRED,f,Signal already expired,SKIPPED,2026-07-21 11:53:02.290383+00,
261697,2026-07-21 11:53:02.284652+00,45,XRPUSDT,63,GATE_1_EXPIRED,f,Signal already expired,SKIPPED,2026-07-21 11:53:02.284652+00,
261696,2026-07-21 11:53:02.279863+00,46,ETHUSDT,68,GATE_1_EXPIRED,f,Signal already expired,SKIPPED,2026-07-21 11:53:02.279863+00,
261695,2026-07-21 11:53:02.275366+00,47,SOLUSDT,78,GATE_1_EXPIRED,f,Signal already expired,SKIPPED,2026-07-21 11:53:02.275366+00,
261694,2026-07-21 11:53:02.27116+00,49,SOLUSDT,65,GATE_1_EXPIRED,f,Signal already expired,SKIPPED,2026-07-21 11:53:02.27116+00,
261693,2026-07-21 11:53:02.264664+00,50,BTCUSDT,66,GATE_1_EXPIRED,f,Signal already expired,SKIPPED,2026-07-21 11:53:02.264664+00,
261692,2026-07-21 11:53:02.258859+00,51,ETHUSDT,63,GATE_6_DUPLICATE,f,Non-cancelled trade exists for signal,SKIPPED,2026-07-21 11:53:02.258859+00,
261691,2026-07-21 11:52:47.294083+00,44,BTCUSDT,79,GATE_1_EXPIRED,f,Signal already expired,SKIPPED,2026-07-21 11:52:47.294083+00,
261690,2026-07-21 11:52:47.289479+00,45,XRPUSDT,63,GATE_1_EXPIRED,f,Signal already expired,SKIPPED,2026-07-21 11:52:47.289479+00,
261689,2026-07-21 11:52:47.279854+00,46,ETHUSDT,68,GATE_1_EXPIRED,f,Signal already expired,SKIPPED,2026-07-21 11:52:47.279854+00,
261688,2026-07-21 11:52:47.274037+00,47,SOLUSDT,78,GATE_1_EXPIRED,f,Signal already expired,SKIPPED,2026-07-21 11:52:47.274037+00,
261687,2026-07-21 11:52:47.270333+00,49,SOLUSDT,65,GATE_1_EXPIRED,f,Signal already expired,SKIPPED,2026-07-21 11:52:47.270333+00,
261686,2026-07-21 11:52:47.26445+00,50,BTCUSDT,66,GATE_1_EXPIRED,f,Signal already expired,SKIPPED,2026-07-21 11:52:47.26445+00,
261685,2026-07-21 11:52:47.259381+00,51,ETHUSDT,63,GATE_6_DUPLICATE,f,Non-cancelled trade exists for signal,SKIPPED,2026-07-21 11:52:47.259381+00,
261684,2026-07-21 11:52:32.292727+00,44,BTCUSDT,79,GATE_1_EXPIRED,f,Signal already expired,SKIPPED,2026-07-21 11:52:32.292727+00,
261683,2026-07-21 11:52:32.28525+00,45,XRPUSDT,63,GATE_1_EXPIRED,f,Signal already expired,SKIPPED,2026-07-21 11:52:32.28525+00,
261682,2026-07-21 11:52:32.278637+00,46,ETHUSDT,68,GATE_1_EXPIRED,f,Signal already expired,SKIPPED,2026-07-21 11:52:32.278637+00,
261681,2026-07-21 11:52:32.274259+00,47,SOLUSDT,78,GATE_1_EXPIRED,f,Signal already expired,SKIPPED,2026-07-21 11:52:32.274259+00,
261680,2026-07-21 11:52:32.267857+00,49,SOLUSDT,65,GATE_1_EXPIRED,f,Signal already expired,SKIPPED,2026-07-21 11:52:32.267857+00,
261679,2026-07-21 11:52:32.26195+00,50,BTCUSDT,66,GATE_1_EXPIRED,f,Signal already expired,SKIPPED,2026-07-21 11:52:32.26195+00,
261678,2026-07-21 11:52:32.257619+00,51,ETHUSDT,63,GATE_6_DUPLICATE,f,Non-cancelled trade exists for signal,SKIPPED,2026-07-21 11:52:32.257619+00,
261677,2026-07-21 11:52:17.322616+00,44,BTCUSDT,79,GATE_1_EXPIRED,f,Signal already expired,SKIPPED,2026-07-21 11:52:17.322616+00,
261676,2026-07-21 11:52:17.317113+00,45,XRPUSDT,63,GATE_1_EXPIRED,f,Signal already expired,SKIPPED,2026-07-21 11:52:17.317113+00,
261675,2026-07-21 11:52:17.311053+00,46,ETHUSDT,68,GATE_1_EXPIRED,f,Signal already expired,SKIPPED,2026-07-21 11:52:17.311053+00,
261674,2026-07-21 11:52:17.299037+00,47,SOLUSDT,78,GATE_1_EXPIRED,f,Signal already expired,SKIPPED,2026-07-21 11:52:17.299037+00,
261673,2026-07-21 11:52:17.281393+00,49,SOLUSDT,65,GATE_1_EXPIRED,f,Signal already expired,SKIPPED,2026-07-21 11:52:17.281393+00,
261672,2026-07-21 11:52:17.26778+00,50,BTCUSDT,66,GATE_1_EXPIRED,f,Signal already expired,SKIPPED,2026-07-21 11:52:17.26778+00,
261671,2026-07-21 11:52:17.259345+00,51,ETHUSDT,63,GATE_6_DUPLICATE,f,Non-cancelled trade exists for signal,SKIPPED,2026-07-21 11:52:17.259345+00,
261670,2026-07-21 11:52:02.292525+00,44,BTCUSDT,79,GATE_1_EXPIRED,f,Signal already expired,SKIPPED,2026-07-21 11:52:02.292525+00,
261669,2026-07-21 11:52:02.286366+00,45,XRPUSDT,63,GATE_1_EXPIRED,f,Signal already expired,SKIPPED,2026-07-21 11:52:02.286366+00,
261668,2026-07-21 11:52:02.279316+00,46,ETHUSDT,68,GATE_1_EXPIRED,f,Signal already expired,SKIPPED,2026-07-21 11:52:02.279316+00,
261667,2026-07-21 11:52:02.267838+00,47,SOLUSDT,78,GATE_1_EXPIRED,f,Signal already expired,SKIPPED,2026-07-21 11:52:02.267838+00,
261666,2026-07-21 11:52:02.262608+00,49,SOLUSDT,65,GATE_1_EXPIRED,f,Signal already expired,SKIPPED,2026-07-21 11:52:02.262608+00,
261665,2026-07-21 11:52:02.25752+00,50,BTCUSDT,66,GATE_1_EXPIRED,f,Signal already expired,SKIPPED,2026-07-21 11:52:02.25752+00,
261664,2026-07-21 11:52:02.251869+00,51,ETHUSDT,63,GATE_6_DUPLICATE,f,Non-cancelled trade exists for signal,SKIPPED,2026-07-21 11:52:02.251869+00,
261663,2026-07-21 11:51:47.284992+00,44,BTCUSDT,79,GATE_1_EXPIRED,f,Signal already expired,SKIPPED,2026-07-21 11:51:47.284992+00,
261662,2026-07-21 11:51:47.280702+00,45,XRPUSDT,63,GATE_1_EXPIRED,f,Signal already expired,SKIPPED,2026-07-21 11:51:47.280702+00,
261661,2026-07-21 11:51:47.274859+00,46,ETHUSDT,68,GATE_1_EXPIRED,f,Signal already expired,SKIPPED,2026-07-21 11:51:47.274859+00,
261660,2026-07-21 11:51:47.262486+00,47,SOLUSDT,78,GATE_1_EXPIRED,f,Signal already expired,SKIPPED,2026-07-21 11:51:47.262486+00,
261659,2026-07-21 11:51:47.257356+00,49,SOLUSDT,65,GATE_1_EXPIRED,f,Signal already expired,SKIPPED,2026-07-21 11:51:47.257356+00,
261658,2026-07-21 11:51:47.251999+00,50,BTCUSDT,66,GATE_1_EXPIRED,f,Signal already expired,SKIPPED,2026-07-21 11:51:47.251999+00,
261657,2026-07-21 11:51:47.245587+00,51,ETHUSDT,63,GATE_6_DUPLICATE,f,Non-cancelled trade exists for signal,SKIPPED,2026-07-21 11:51:47.245587+00,
261656,2026-07-21 11:51:32.275074+00,44,BTCUSDT,79,GATE_1_EXPIRED,f,Signal already expired,SKIPPED,2026-07-21 11:51:32.275074+00,
261655,2026-07-21 11:51:32.271352+00,45,XRPUSDT,63,GATE_1_EXPIRED,f,Signal already expired,SKIPPED,2026-07-21 11:51:32.271352+00,
261654,2026-07-21 11:51:32.265336+00,46,ETHUSDT,68,GATE_1_EXPIRED,f,Signal already expired,SKIPPED,2026-07-21 11:51:32.265336+00,
261653,2026-07-21 11:51:32.260877+00,47,SOLUSDT,78,GATE_1_EXPIRED,f,Signal already expired,SKIPPED,2026-07-21 11:51:32.260877+00,
261652,2026-07-21 11:51:32.256259+00,49,SOLUSDT,65,GATE_1_EXPIRED,f,Signal already expired,SKIPPED,2026-07-21 11:51:32.256259+00,
261651,2026-07-21 11:51:32.249868+00,50,BTCUSDT,66,GATE_1_EXPIRED,f,Signal already expired,SKIPPED,2026-07-21 11:51:32.249868+00,
261650,2026-07-21 11:51:32.244975+00,51,ETHUSDT,63,GATE_6_DUPLICATE,f,Non-cancelled trade exists for signal,SKIPPED,2026-07-21 11:51:32.244975+00,
261649,2026-07-21 11:51:17.28903+00,44,BTCUSDT,79,GATE_1_EXPIRED,f,Signal already expired,SKIPPED,2026-07-21 11:51:17.28903+00,
261648,2026-07-21 11:51:17.281487+00,45,XRPUSDT,63,GATE_1_EXPIRED,f,Signal already expired,SKIPPED,2026-07-21 11:51:17.281487+00,
261647,2026-07-21 11:51:17.278273+00,46,ETHUSDT,68,GATE_1_EXPIRED,f,Signal already expired,SKIPPED,2026-07-21 11:51:17.278273+00,
261646,2026-07-21 11:51:17.271862+00,47,SOLUSDT,78,GATE_1_EXPIRED,f,Signal already expired,SKIPPED,2026-07-21 11:51:17.271862+00,
261645,2026-07-21 11:51:17.267373+00,49,SOLUSDT,65,GATE_1_EXPIRED,f,Signal already expired,SKIPPED,2026-07-21 11:51:17.267373+00,
261644,2026-07-21 11:51:17.257719+00,50,BTCUSDT,66,GATE_1_EXPIRED,f,Signal already expired,SKIPPED,2026-07-21 11:51:17.257719+00,
261643,2026-07-21 11:51:17.252765+00,51,ETHUSDT,63,GATE_6_DUPLICATE,f,Non-cancelled trade exists for signal,SKIPPED,2026-07-21 11:51:17.252765+00,
261642,2026-07-21 11:51:02.31367+00,44,BTCUSDT,79,GATE_1_EXPIRED,f,Signal already expired,SKIPPED,2026-07-21 11:51:02.31367+00,
261641,2026-07-21 11:51:02.304184+00,45,XRPUSDT,63,GATE_1_EXPIRED,f,Signal already expired,SKIPPED,2026-07-21 11:51:02.304184+00,
261640,2026-07-21 11:51:02.296861+00,46,ETHUSDT,68,GATE_1_EXPIRED,f,Signal already expired,SKIPPED,2026-07-21 11:51:02.296861+00,
261639,2026-07-21 11:51:02.283164+00,47,SOLUSDT,78,GATE_1_EXPIRED,f,Signal already expired,SKIPPED,2026-07-21 11:51:02.283164+00,
261638,2026-07-21 11:51:02.27508+00,49,SOLUSDT,65,GATE_1_EXPIRED,f,Signal already expired,SKIPPED,2026-07-21 11:51:02.27508+00,
261637,2026-07-21 11:51:02.26389+00,50,BTCUSDT,66,GATE_1_EXPIRED,f,Signal already expired,SKIPPED,2026-07-21 11:51:02.26389+00,
261636,2026-07-21 11:51:02.2381+00,51,ETHUSDT,63,GATE_6_DUPLICATE,f,Non-cancelled trade exists for signal,SKIPPED,2026-07-21 11:51:02.2381+00,
261635,2026-07-21 11:50:47.276442+00,44,BTCUSDT,79,GATE_1_EXPIRED,f,Signal already expired,SKIPPED,2026-07-21 11:50:47.276442+00,
261634,2026-07-21 11:50:47.272218+00,45,XRPUSDT,63,GATE_1_EXPIRED,f,Signal already expired,SKIPPED,2026-07-21 11:50:47.272218+00,
261633,2026-07-21 11:50:47.268123+00,46,ETHUSDT,68,GATE_1_EXPIRED,f,Signal already expired,SKIPPED,2026-07-21 11:50:47.268123+00,
261632,2026-07-21 11:50:47.264154+00,47,SOLUSDT,78,GATE_1_EXPIRED,f,Signal already expired,SKIPPED,2026-07-21 11:50:47.264154+00,
261631,2026-07-21 11:50:47.259907+00,49,SOLUSDT,65,GATE_1_EXPIRED,f,Signal already expired,SKIPPED,2026-07-21 11:50:47.259907+00,
261630,2026-07-21 11:50:47.252852+00,50,BTCUSDT,66,GATE_1_EXPIRED,f,Signal already expired,SKIPPED,2026-07-21 11:50:47.252852+00,
261629,2026-07-21 11:50:47.244019+00,51,ETHUSDT,63,GATE_6_DUPLICATE,f,Non-cancelled trade exists for signal,SKIPPED,2026-07-21 11:50:47.244019+00,
261628,2026-07-21 11:50:35.944871+00,,ETHUSDT,63,GATE_4A_CORR,f,CorrelationGuard: ETHUSDT already has open position,REJECTED,2026-07-21 11:50:35.944871+00,1e8671169861058b
261627,2026-07-21 11:50:35.924173+00,,BTCUSDT,69,GATE_4A_CORR,f,CorrelationGuard: BTCUSDT already has open position,REJECTED,2026-07-21 11:50:35.924173+00,a4f56d6fbe73be6e
261626,2026-07-21 11:50:35.89421+00,,BNBUSDT,79,GATE_4C_RISK,f,RiskBudgetLedger full,REJECTED,2026-07-21 11:50:35.89421+00,e6ea853cce7faa82
261625,2026-07-21 11:50:35.867404+00,,XRPUSDT,85,GATE_0_V7_KELLY_ZERO,f,Kelly=0 for DQS 85,REJECTED,2026-07-21 11:50:35.867404+00,6460c8cf737ddf6f
261624,2026-07-21 11:50:32.258289+00,44,BTCUSDT,79,GATE_1_EXPIRED,f,Signal already expired,SKIPPED,2026-07-21 11:50:32.258289+00,
261623,2026-07-21 11:50:32.254335+00,45,XRPUSDT,63,GATE_1_EXPIRED,f,Signal already expired,SKIPPED,2026-07-21 11:50:32.254335+00,
261622,2026-07-21 11:50:32.249064+00,46,ETHUSDT,68,GATE_1_EXPIRED,f,Signal already expired,SKIPPED,2026-07-21 11:50:32.249064+00,
261621,2026-07-21 11:50:32.246322+00,47,SOLUSDT,78,GATE_1_EXPIRED,f,Signal already expired,SKIPPED,2026-07-21 11:50:32.246322+00,
261620,2026-07-21 11:50:32.243783+00,49,SOLUSDT,65,GATE_1_EXPIRED,f,Signal already expired,SKIPPED,2026-07-21 11:50:32.243783+00,
261619,2026-07-21 11:50:32.240219+00,50,BTCUSDT,66,GATE_1_EXPIRED,f,Signal already expired,SKIPPED,2026-07-21 11:50:32.240219+00,
261618,2026-07-21 11:50:32.235093+00,51,ETHUSDT,63,GATE_6_DUPLICATE,f,Non-cancelled trade exists for signal,SKIPPED,2026-07-21 11:50:32.235093+00,
261617,2026-07-21 11:50:17.264468+00,44,BTCUSDT,79,GATE_1_EXPIRED,f,Signal already expired,SKIPPED,2026-07-21 11:50:17.264468+00,
261616,2026-07-21 11:50:17.259233+00,45,XRPUSDT,63,GATE_1_EXPIRED,f,Signal already expired,SKIPPED,2026-07-21 11:50:17.259233+00,
261615,2026-07-21 11:50:17.25422+00,46,ETHUSDT,68,GATE_1_EXPIRED,f,Signal already expired,SKIPPED,2026-07-21 11:50:17.25422+00,
261614,2026-07-21 11:50:17.249065+00,47,SOLUSDT,78,GATE_1_EXPIRED,f,Signal already expired,SKIPPED,2026-07-21 11:50:17.249065+00,
261613,2026-07-21 11:50:17.243528+00,49,SOLUSDT,65,GATE_1_EXPIRED,f,Signal already expired,SKIPPED,2026-07-21 11:50:17.243528+00,
261612,2026-07-21 11:50:17.238377+00,50,BTCUSDT,66,GATE_1_EXPIRED,f,Signal already expired,SKIPPED,2026-07-21 11:50:17.238377+00,
261611,2026-07-21 11:50:17.233061+00,51,ETHUSDT,63,GATE_6_DUPLICATE,f,Non-cancelled trade exists for signal,SKIPPED,2026-07-21 11:50:17.233061+00,
261610,2026-07-21 11:50:02.273063+00,44,BTCUSDT,79,GATE_1_EXPIRED,f,Signal already expired,SKIPPED,2026-07-21 11:50:02.273063+00,
261609,2026-07-21 11:50:02.268949+00,45,XRPUSDT,63,GATE_1_EXPIRED,f,Signal already expired,SKIPPED,2026-07-21 11:50:02.268949+00,
261608,2026-07-21 11:50:02.262847+00,46,ETHUSDT,68,GATE_1_EXPIRED,f,Signal already expired,SKIPPED,2026-07-21 11:50:02.262847+00,
261607,2026-07-21 11:50:02.258197+00,47,SOLUSDT,78,GATE_1_EXPIRED,f,Signal already expired,SKIPPED,2026-07-21 11:50:02.258197+00,
261606,2026-07-21 11:50:02.248435+00,49,SOLUSDT,65,GATE_1_EXPIRED,f,Signal already expired,SKIPPED,2026-07-21 11:50:02.248435+00,
261605,2026-07-21 11:50:02.244378+00,50,BTCUSDT,66,GATE_1_EXPIRED,f,Signal already expired,SKIPPED,2026-07-21 11:50:02.244378+00,
261604,2026-07-21 11:50:02.236734+00,51,ETHUSDT,63,GATE_6_DUPLICATE,f,Non-cancelled trade exists for signal,SKIPPED,2026-07-21 11:50:02.236734+00,
261603,2026-07-21 11:49:47.259714+00,44,BTCUSDT,79,GATE_1_EXPIRED,f,Signal already expired,SKIPPED,2026-07-21 11:49:47.259714+00,
261602,2026-07-21 11:49:47.254531+00,45,XRPUSDT,63,GATE_1_EXPIRED,f,Signal already expired,SKIPPED,2026-07-21 11:49:47.254531+00,
261601,2026-07-21 11:49:47.250059+00,46,ETHUSDT,68,GATE_1_EXPIRED,f,Signal already expired,SKIPPED,2026-07-21 11:49:47.250059+00,
261600,2026-07-21 11:49:47.245704+00,47,SOLUSDT,78,GATE_1_EXPIRED,f,Signal already expired,SKIPPED,2026-07-21 11:49:47.245704+00,
261599,2026-07-21 11:49:47.241538+00,49,SOLUSDT,65,GATE_1_EXPIRED,f,Signal already expired,SKIPPED,2026-07-21 11:49:47.241538+00,
261598,2026-07-21 11:49:47.235091+00,50,BTCUSDT,66,GATE_1_EXPIRED,f,Signal already expired,SKIPPED,2026-07-21 11:49:47.235091+00,
261597,2026-07-21 11:49:47.227849+00,51,ETHUSDT,63,GATE_6_DUPLICATE,f,Non-cancelled trade exists for signal,SKIPPED,2026-07-21 11:49:47.227849+00,
261596,2026-07-21 11:49:32.277896+00,44,BTCUSDT,79,GATE_1_EXPIRED,f,Signal already expired,SKIPPED,2026-07-21 11:49:32.277896+00,
261595,2026-07-21 11:49:32.272157+00,45,XRPUSDT,63,GATE_1_EXPIRED,f,Signal already expired,SKIPPED,2026-07-21 11:49:32.272157+00,
261594,2026-07-21 11:49:32.26591+00,46,ETHUSDT,68,GATE_1_EXPIRED,f,Signal already expired,SKIPPED,2026-07-21 11:49:32.26591+00,
261593,2026-07-21 11:49:32.25962+00,47,SOLUSDT,78,GATE_1_EXPIRED,f,Signal already expired,SKIPPED,2026-07-21 11:49:32.25962+00,
261592,2026-07-21 11:49:32.246604+00,49,SOLUSDT,65,GATE_1_EXPIRED,f,Signal already expired,SKIPPED,2026-07-21 11:49:32.246604+00,
261591,2026-07-21 11:49:32.235742+00,50,BTCUSDT,66,GATE_1_EXPIRED,f,Signal already expired,SKIPPED,2026-07-21 11:49:32.235742+00,
261590,2026-07-21 11:49:32.2303+00,51,ETHUSDT,63,GATE_6_DUPLICATE,f,Non-cancelled trade exists for signal,SKIPPED,2026-07-21 11:49:32.2303+00,
261589,2026-07-21 11:49:17.249942+00,44,BTCUSDT,79,GATE_1_EXPIRED,f,Signal already expired,SKIPPED,2026-07-21 11:49:17.249942+00,
261588,2026-07-21 11:49:17.245655+00,45,XRPUSDT,63,GATE_1_EXPIRED,f,Signal already expired,SKIPPED,2026-07-21 11:49:17.245655+00,
261587,2026-07-21 11:49:17.23734+00,46,ETHUSDT,68,GATE_1_EXPIRED,f,Signal already expired,SKIPPED,2026-07-21 11:49:17.23734+00,
261586,2026-07-21 11:49:17.233762+00,47,SOLUSDT,78,GATE_1_EXPIRED,f,Signal already expired,SKIPPED,2026-07-21 11:49:17.233762+00,
261585,2026-07-21 11:49:17.230957+00,49,SOLUSDT,65,GATE_1_EXPIRED,f,Signal already expired,SKIPPED,2026-07-21 11:49:17.230957+00,
261584,2026-07-21 11:49:17.227853+00,50,BTCUSDT,66,GATE_1_EXPIRED,f,Signal already expired,SKIPPED,2026-07-21 11:49:17.227853+00,
261583,2026-07-21 11:49:17.221545+00,51,ETHUSDT,63,GATE_6_DUPLICATE,f,Non-cancelled trade exists for signal,SKIPPED,2026-07-21 11:49:17.221545+00,
261582,2026-07-21 11:49:02.259739+00,44,BTCUSDT,79,GATE_1_EXPIRED,f,Signal already expired,SKIPPED,2026-07-21 11:49:02.259739+00,
261581,2026-07-21 11:49:02.254301+00,45,XRPUSDT,63,GATE_1_EXPIRED,f,Signal already expired,SKIPPED,2026-07-21 11:49:02.254301+00,
261580,2026-07-21 11:49:02.250184+00,46,ETHUSDT,68,GATE_1_EXPIRED,f,Signal already expired,SKIPPED,2026-07-21 11:49:02.250184+00,
261579,2026-07-21 11:49:02.245958+00,47,SOLUSDT,78,GATE_1_EXPIRED,f,Signal already expired,SKIPPED,2026-07-21 11:49:02.245958+00,
261578,2026-07-21 11:49:02.238046+00,49,SOLUSDT,65,GATE_1_EXPIRED,f,Signal already expired,SKIPPED,2026-07-21 11:49:02.238046+00,
261577,2026-07-21 11:49:02.233864+00,50,BTCUSDT,66,GATE_1_EXPIRED,f,Signal already expired,SKIPPED,2026-07-21 11:49:02.233864+00,
261576,2026-07-21 11:49:02.227967+00,51,ETHUSDT,63,GATE_6_DUPLICATE,f,Non-cancelled trade exists for signal,SKIPPED,2026-07-21 11:49:02.227967+00,
261575,2026-07-21 11:48:47.250749+00,44,BTCUSDT,79,GATE_1_EXPIRED,f,Signal already expired,SKIPPED,2026-07-21 11:48:47.250749+00,
261574,2026-07-21 11:48:47.246304+00,45,XRPUSDT,63,GATE_1_EXPIRED,f,Signal already expired,SKIPPED,2026-07-21 11:48:47.246304+00,
261573,2026-07-21 11:48:47.239273+00,46,ETHUSDT,68,GATE_1_EXPIRED,f,Signal already expired,SKIPPED,2026-07-21 11:48:47.239273+00,
261572,2026-07-21 11:48:47.23243+00,47,SOLUSDT,78,GATE_1_EXPIRED,f,Signal already expired,SKIPPED,2026-07-21 11:48:47.23243+00,
261571,2026-07-21 11:48:47.227971+00,49,SOLUSDT,65,GATE_1_EXPIRED,f,Signal already expired,SKIPPED,2026-07-21 11:48:47.227971+00,
261570,2026-07-21 11:48:47.223924+00,50,BTCUSDT,66,GATE_1_EXPIRED,f,Signal already expired,SKIPPED,2026-07-21 11:48:47.223924+00,
261569,2026-07-21 11:48:47.218879+00,51,ETHUSDT,63,GATE_6_DUPLICATE,f,Non-cancelled trade exists for signal,SKIPPED,2026-07-21 11:48:47.218879+00,
261568,2026-07-21 11:48:32.263779+00,44,BTCUSDT,79,GATE_1_EXPIRED,f,Signal already expired,SKIPPED,2026-07-21 11:48:32.263779+00,
261567,2026-07-21 11:48:32.257627+00,45,XRPUSDT,63,GATE_1_EXPIRED,f,Signal already expired,SKIPPED,2026-07-21 11:48:32.257627+00,
261566,2026-07-21 11:48:32.253046+00,46,ETHUSDT,68,GATE_1_EXPIRED,f,Signal already expired,SKIPPED,2026-07-21 11:48:32.253046+00,
261565,2026-07-21 11:48:32.245631+00,47,SOLUSDT,78,GATE_1_EXPIRED,f,Signal already expired,SKIPPED,2026-07-21 11:48:32.245631+00,
261564,2026-07-21 11:48:32.238254+00,49,SOLUSDT,65,GATE_1_EXPIRED,f,Signal already expired,SKIPPED,2026-07-21 11:48:32.238254+00,
261563,2026-07-21 11:48:32.231896+00,50,BTCUSDT,66,GATE_1_EXPIRED,f,Signal already expired,SKIPPED,2026-07-21 11:48:32.231896+00,
261562,2026-07-21 11:48:32.226384+00,51,ETHUSDT,63,GATE_6_DUPLICATE,f,Non-cancelled trade exists for signal,SKIPPED,2026-07-21 11:48:32.226384+00,
261561,2026-07-21 11:48:17.275575+00,44,BTCUSDT,79,GATE_1_EXPIRED,f,Signal already expired,SKIPPED,2026-07-21 11:48:17.275575+00,
261560,2026-07-21 11:48:17.267171+00,45,XRPUSDT,63,GATE_1_EXPIRED,f,Signal already expired,SKIPPED,2026-07-21 11:48:17.267171+00,
261559,2026-07-21 11:48:17.256831+00,46,ETHUSDT,68,GATE_1_EXPIRED,f,Signal already expired,SKIPPED,2026-07-21 11:48:17.256831+00,
261558,2026-07-21 11:48:17.249849+00,47,SOLUSDT,78,GATE_1_EXPIRED,f,Signal already expired,SKIPPED,2026-07-21 11:48:17.249849+00,
261557,2026-07-21 11:48:17.237248+00,49,SOLUSDT,65,GATE_1_EXPIRED,f,Signal already expired,SKIPPED,2026-07-21 11:48:17.237248+00,
261556,2026-07-21 11:48:17.228693+00,50,BTCUSDT,66,GATE_1_EXPIRED,f,Signal already expired,SKIPPED,2026-07-21 11:48:17.228693+00,
261555,2026-07-21 11:48:17.222606+00,51,ETHUSDT,63,GATE_6_DUPLICATE,f,Non-cancelled trade exists for signal,SKIPPED,2026-07-21 11:48:17.222606+00,
261554,2026-07-21 11:48:02.250863+00,44,BTCUSDT,79,GATE_1_EXPIRED,f,Signal already expired,SKIPPED,2026-07-21 11:48:02.250863+00,
261553,2026-07-21 11:48:02.245267+00,45,XRPUSDT,63,GATE_1_EXPIRED,f,Signal already expired,SKIPPED,2026-07-21 11:48:02.245267+00,
261552,2026-07-21 11:48:02.239656+00,46,ETHUSDT,68,GATE_1_EXPIRED,f,Signal already expired,SKIPPED,2026-07-21 11:48:02.239656+00,
261551,2026-07-21 11:48:02.234743+00,47,SOLUSDT,78,GATE_1_EXPIRED,f,Signal already expired,SKIPPED,2026-07-21 11:48:02.234743+00,
261550,2026-07-21 11:48:02.230673+00,49,SOLUSDT,65,GATE_1_EXPIRED,f,Signal already expired,SKIPPED,2026-07-21 11:48:02.230673+00,
261549,2026-07-21 11:48:02.226285+00,50,BTCUSDT,66,GATE_1_EXPIRED,f,Signal already expired,SKIPPED,2026-07-21 11:48:02.226285+00,
261548,2026-07-21 11:48:02.219847+00,51,ETHUSDT,63,GATE_6_DUPLICATE,f,Non-cancelled trade exists for signal,SKIPPED,2026-07-21 11:48:02.219847+00,
261547,2026-07-21 11:47:47.261758+00,44,BTCUSDT,79,GATE_1_EXPIRED,f,Signal already expired,SKIPPED,2026-07-21 11:47:47.261758+00,
261546,2026-07-21 11:47:47.252991+00,45,XRPUSDT,63,GATE_1_EXPIRED,f,Signal already expired,SKIPPED,2026-07-21 11:47:47.252991+00,
261545,2026-07-21 11:47:47.245566+00,46,ETHUSDT,68,GATE_1_EXPIRED,f,Signal already expired,SKIPPED,2026-07-21 11:47:47.245566+00,
261544,2026-07-21 11:47:47.241124+00,47,SOLUSDT,78,GATE_1_EXPIRED,f,Signal already expired,SKIPPED,2026-07-21 11:47:47.241124+00,
261543,2026-07-21 11:47:47.237228+00,49,SOLUSDT,65,GATE_1_EXPIRED,f,Signal already expired,SKIPPED,2026-07-21 11:47:47.237228+00,
261542,2026-07-21 11:47:47.229382+00,50,BTCUSDT,66,GATE_1_EXPIRED,f,Signal already expired,SKIPPED,2026-07-21 11:47:47.229382+00,
261541,2026-07-21 11:47:47.222485+00,51,ETHUSDT,63,GATE_6_DUPLICATE,f,Non-cancelled trade exists for signal,SKIPPED,2026-07-21 11:47:47.222485+00,
261540,2026-07-21 11:47:32.2557+00,44,BTCUSDT,79,GATE_1_EXPIRED,f,Signal already expired,SKIPPED,2026-07-21 11:47:32.2557+00,
261539,2026-07-21 11:47:32.251139+00,45,XRPUSDT,63,GATE_1_EXPIRED,f,Signal already expired,SKIPPED,2026-07-21 11:47:32.251139+00,
261538,2026-07-21 11:47:32.246721+00,46,ETHUSDT,68,GATE_1_EXPIRED,f,Signal already expired,SKIPPED,2026-07-21 11:47:32.246721+00,
261537,2026-07-21 11:47:32.239947+00,47,SOLUSDT,78,GATE_1_EXPIRED,f,Signal already expired,SKIPPED,2026-07-21 11:47:32.239947+00,
261536,2026-07-21 11:47:32.232641+00,49,SOLUSDT,65,GATE_1_EXPIRED,f,Signal already expired,SKIPPED,2026-07-21 11:47:32.232641+00,
261535,2026-07-21 11:47:32.225277+00,50,BTCUSDT,66,GATE_1_EXPIRED,f,Signal already expired,SKIPPED,2026-07-21 11:47:32.225277+00,
261534,2026-07-21 11:47:32.219323+00,51,ETHUSDT,63,GATE_6_DUPLICATE,f,Non-cancelled trade exists for signal,SKIPPED,2026-07-21 11:47:32.219323+00,
261533,2026-07-21 11:47:17.260525+00,44,BTCUSDT,79,GATE_1_EXPIRED,f,Signal already expired,SKIPPED,2026-07-21 11:47:17.260525+00,
261532,2026-07-21 11:47:17.25379+00,45,XRPUSDT,63,GATE_1_EXPIRED,f,Signal already expired,SKIPPED,2026-07-21 11:47:17.25379+00,
261531,2026-07-21 11:47:17.249844+00,46,ETHUSDT,68,GATE_1_EXPIRED,f,Signal already expired,SKIPPED,2026-07-21 11:47:17.249844+00,
261530,2026-07-21 11:47:17.241668+00,47,SOLUSDT,78,GATE_1_EXPIRED,f,Signal already expired,SKIPPED,2026-07-21 11:47:17.241668+00,
261529,2026-07-21 11:47:17.235725+00,49,SOLUSDT,65,GATE_1_EXPIRED,f,Signal already expired,SKIPPED,2026-07-21 11:47:17.235725+00,
261528,2026-07-21 11:47:17.226261+00,50,BTCUSDT,66,GATE_1_EXPIRED,f,Signal already expired,SKIPPED,2026-07-21 11:47:17.226261+00,
261527,2026-07-21 11:47:17.218963+00,51,ETHUSDT,63,GATE_6_DUPLICATE,f,Non-cancelled trade exists for signal,SKIPPED,2026-07-21 11:47:17.218963+00,
261526,2026-07-21 11:47:02.232901+00,44,BTCUSDT,79,GATE_1_EXPIRED,f,Signal already expired,SKIPPED,2026-07-21 11:47:02.232901+00,
261525,2026-07-21 11:47:02.230041+00,45,XRPUSDT,63,GATE_1_EXPIRED,f,Signal already expired,SKIPPED,2026-07-21 11:47:02.230041+00,
261524,2026-07-21 11:47:02.227172+00,46,ETHUSDT,68,GATE_1_EXPIRED,f,Signal already expired,SKIPPED,2026-07-21 11:47:02.227172+00,
261523,2026-07-21 11:47:02.224321+00,47,SOLUSDT,78,GATE_1_EXPIRED,f,Signal already expired,SKIPPED,2026-07-21 11:47:02.224321+00,
261522,2026-07-21 11:47:02.221393+00,49,SOLUSDT,65,GATE_1_EXPIRED,f,Signal already expired,SKIPPED,2026-07-21 11:47:02.221393+00,
261521,2026-07-21 11:47:02.217058+00,50,BTCUSDT,66,GATE_1_EXPIRED,f,Signal already expired,SKIPPED,2026-07-21 11:47:02.217058+00,
261520,2026-07-21 11:47:02.214138+00,51,ETHUSDT,63,GATE_6_DUPLICATE,f,Non-cancelled trade exists for signal,SKIPPED,2026-07-21 11:47:02.214138+00,
261519,2026-07-21 11:46:47.260246+00,44,BTCUSDT,79,GATE_1_EXPIRED,f,Signal already expired,SKIPPED,2026-07-21 11:46:47.260246+00,
261518,2026-07-21 11:46:47.251726+00,45,XRPUSDT,63,GATE_1_EXPIRED,f,Signal already expired,SKIPPED,2026-07-21 11:46:47.251726+00,
261517,2026-07-21 11:46:47.247623+00,46,ETHUSDT,68,GATE_1_EXPIRED,f,Signal already expired,SKIPPED,2026-07-21 11:46:47.247623+00,
261516,2026-07-21 11:46:47.242677+00,47,SOLUSDT,78,GATE_1_EXPIRED,f,Signal already expired,SKIPPED,2026-07-21 11:46:47.242677+00,
261515,2026-07-21 11:46:47.238696+00,49,SOLUSDT,65,GATE_1_EXPIRED,f,Signal already expired,SKIPPED,2026-07-21 11:46:47.238696+00,
261514,2026-07-21 11:46:47.230289+00,50,BTCUSDT,66,GATE_1_EXPIRED,f,Signal already expired,SKIPPED,2026-07-21 11:46:47.230289+00,
261513,2026-07-21 11:46:47.222849+00,51,ETHUSDT,63,GATE_6_DUPLICATE,f,Non-cancelled trade exists for signal,SKIPPED,2026-07-21 11:46:47.222849+00,
261512,2026-07-21 11:46:32.267521+00,44,BTCUSDT,79,GATE_1_EXPIRED,f,Signal already expired,SKIPPED,2026-07-21 11:46:32.267521+00,
261511,2026-07-21 11:46:32.261634+00,45,XRPUSDT,63,GATE_1_EXPIRED,f,Signal already expired,SKIPPED,2026-07-21 11:46:32.261634+00,
261510,2026-07-21 11:46:32.250462+00,46,ETHUSDT,68,GATE_1_EXPIRED,f,Signal already expired,SKIPPED,2026-07-21 11:46:32.250462+00,
261509,2026-07-21 11:46:32.239413+00,47,SOLUSDT,78,GATE_1_EXPIRED,f,Signal already expired,SKIPPED,2026-07-21 11:46:32.239413+00,
261508,2026-07-21 11:46:32.233749+00,49,SOLUSDT,65,GATE_1_EXPIRED,f,Signal already expired,SKIPPED,2026-07-21 11:46:32.233749+00,
261507,2026-07-21 11:46:32.226899+00,50,BTCUSDT,66,GATE_1_EXPIRED,f,Signal already expired,SKIPPED,2026-07-21 11:46:32.226899+00,
261506,2026-07-21 11:46:32.221444+00,51,ETHUSDT,63,GATE_6_DUPLICATE,f,Non-cancelled trade exists for signal,SKIPPED,2026-07-21 11:46:32.221444+00,
261505,2026-07-21 11:46:17.25238+00,44,BTCUSDT,79,GATE_1_EXPIRED,f,Signal already expired,SKIPPED,2026-07-21 11:46:17.25238+00,
261504,2026-07-21 11:46:17.248215+00,45,XRPUSDT,63,GATE_1_EXPIRED,f,Signal already expired,SKIPPED,2026-07-21 11:46:17.248215+00,
261503,2026-07-21 11:46:17.244021+00,46,ETHUSDT,68,GATE_1_EXPIRED,f,Signal already expired,SKIPPED,2026-07-21 11:46:17.244021+00,
261502,2026-07-21 11:46:17.239707+00,47,SOLUSDT,78,GATE_1_EXPIRED,f,Signal already expired,SKIPPED,2026-07-21 11:46:17.239707+00,
261501,2026-07-21 11:46:17.235234+00,49,SOLUSDT,65,GATE_1_EXPIRED,f,Signal already expired,SKIPPED,2026-07-21 11:46:17.235234+00,
261500,2026-07-21 11:46:17.224338+00,50,BTCUSDT,66,GATE_1_EXPIRED,f,Signal already expired,SKIPPED,2026-07-21 11:46:17.224338+00,
261499,2026-07-21 11:46:17.216674+00,51,ETHUSDT,63,GATE_6_DUPLICATE,f,Non-cancelled trade exists for signal,SKIPPED,2026-07-21 11:46:17.216674+00,
261498,2026-07-21 11:46:02.244179+00,44,BTCUSDT,79,GATE_1_EXPIRED,f,Signal already expired,SKIPPED,2026-07-21 11:46:02.244179+00,
261497,2026-07-21 11:46:02.241299+00,45,XRPUSDT,63,GATE_1_EXPIRED,f,Signal already expired,SKIPPED,2026-07-21 11:46:02.241299+00,
261496,2026-07-21 11:46:02.238481+00,46,ETHUSDT,68,GATE_1_EXPIRED,f,Signal already expired,SKIPPED,2026-07-21 11:46:02.238481+00,
261495,2026-07-21 11:46:02.233546+00,47,SOLUSDT,78,GATE_1_EXPIRED,f,Signal already expired,SKIPPED,2026-07-21 11:46:02.233546+00,
261494,2026-07-21 11:46:02.230917+00,49,SOLUSDT,65,GATE_1_EXPIRED,f,Signal already expired,SKIPPED,2026-07-21 11:46:02.230917+00,
261493,2026-07-21 11:46:02.226613+00,50,BTCUSDT,66,GATE_1_EXPIRED,f,Signal already expired,SKIPPED,2026-07-21 11:46:02.226613+00,
261492,2026-07-21 11:46:02.222786+00,51,ETHUSDT,63,GATE_6_DUPLICATE,f,Non-cancelled trade exists for signal,SKIPPED,2026-07-21 11:46:02.222786+00,
261491,2026-07-21 11:45:47.23765+00,44,BTCUSDT,79,GATE_1_EXPIRED,f,Signal already expired,SKIPPED,2026-07-21 11:45:47.23765+00,
261490,2026-07-21 11:45:47.232368+00,45,XRPUSDT,63,GATE_1_EXPIRED,f,Signal already expired,SKIPPED,2026-07-21 11:45:47.232368+00,
261489,2026-07-21 11:45:47.228304+00,46,ETHUSDT,68,GATE_1_EXPIRED,f,Signal already expired,SKIPPED,2026-07-21 11:45:47.228304+00,
261488,2026-07-21 11:45:47.224842+00,47,SOLUSDT,78,GATE_1_EXPIRED,f,Signal already expired,SKIPPED,2026-07-21 11:45:47.224842+00,
261487,2026-07-21 11:45:47.221196+00,49,SOLUSDT,65,GATE_1_EXPIRED,f,Signal already expired,SKIPPED,2026-07-21 11:45:47.221196+00,
261486,2026-07-21 11:45:47.218349+00,50,BTCUSDT,66,GATE_1_EXPIRED,f,Signal already expired,SKIPPED,2026-07-21 11:45:47.218349+00,
261485,2026-07-21 11:45:47.215457+00,51,ETHUSDT,63,GATE_6_DUPLICATE,f,Non-cancelled trade exists for signal,SKIPPED,2026-07-21 11:45:47.215457+00,
261484,2026-07-21 11:45:32.241354+00,44,BTCUSDT,79,GATE_1_EXPIRED,f,Signal already expired,SKIPPED,2026-07-21 11:45:32.241354+00,
261483,2026-07-21 11:45:32.236368+00,45,XRPUSDT,63,GATE_1_EXPIRED,f,Signal already expired,SKIPPED,2026-07-21 11:45:32.236368+00,
261482,2026-07-21 11:45:32.233537+00,46,ETHUSDT,68,GATE_1_EXPIRED,f,Signal already expired,SKIPPED,2026-07-21 11:45:32.233537+00,
261481,2026-07-21 11:45:32.230917+00,47,SOLUSDT,78,GATE_1_EXPIRED,f,Signal already expired,SKIPPED,2026-07-21 11:45:32.230917+00,
261480,2026-07-21 11:45:32.228322+00,49,SOLUSDT,65,GATE_1_EXPIRED,f,Signal already expired,SKIPPED,2026-07-21 11:45:32.228322+00,
261479,2026-07-21 11:45:32.225608+00,50,BTCUSDT,66,GATE_1_EXPIRED,f,Signal already expired,SKIPPED,2026-07-21 11:45:32.225608+00,
261478,2026-07-21 11:45:32.222062+00,51,ETHUSDT,63,GATE_6_DUPLICATE,f,Non-cancelled trade exists for signal,SKIPPED,2026-07-21 11:45:32.222062+00,
261477,2026-07-21 11:45:18.175003+00,,ETHUSDT,63,GATE_4A_CORR,f,CorrelationGuard: ETHUSDT already has open position,REJECTED,2026-07-21 11:45:18.175003+00,0a004188bd593a19
261476,2026-07-21 11:45:18.150766+00,,BTCUSDT,69,GATE_4A_CORR,f,CorrelationGuard: BTCUSDT already has open position,REJECTED,2026-07-21 11:45:18.150766+00,e5117c009b2fee55
261475,2026-07-21 11:45:18.118436+00,,BNBUSDT,79,GATE_4C_RISK,f,RiskBudgetLedger full,REJECTED,2026-07-21 11:45:18.118436+00,22cddc6e63057242
261474,2026-07-21 11:45:18.082613+00,,XRPUSDT,85,GATE_0_V7_KELLY_ZERO,f,Kelly=0 for DQS 85,REJECTED,2026-07-21 11:45:18.082613+00,a9e6e589c185ad55
261473,2026-07-21 11:45:17.260028+00,44,BTCUSDT,79,GATE_1_EXPIRED,f,Signal already expired,SKIPPED,2026-07-21 11:45:17.260028+00,
261472,2026-07-21 11:45:17.252481+00,45,XRPUSDT,63,GATE_1_EXPIRED,f,Signal already expired,SKIPPED,2026-07-21 11:45:17.252481+00,
261471,2026-07-21 11:45:17.246937+00,46,ETHUSDT,68,GATE_1_EXPIRED,f,Signal already expired,SKIPPED,2026-07-21 11:45:17.246937+00,
261470,2026-07-21 11:45:17.241943+00,47,SOLUSDT,78,GATE_1_EXPIRED,f,Signal already expired,SKIPPED,2026-07-21 11:45:17.241943+00,
261469,2026-07-21 11:45:17.235429+00,49,SOLUSDT,65,GATE_1_EXPIRED,f,Signal already expired,SKIPPED,2026-07-21 11:45:17.235429+00,
261468,2026-07-21 11:45:17.229941+00,50,BTCUSDT,66,GATE_1_EXPIRED,f,Signal already expired,SKIPPED,2026-07-21 11:45:17.229941+00,
261467,2026-07-21 11:45:17.220482+00,51,ETHUSDT,63,GATE_6_DUPLICATE,f,Non-cancelled trade exists for signal,SKIPPED,2026-07-21 11:45:17.220482+00,
261466,2026-07-21 11:45:02.263198+00,44,BTCUSDT,79,GATE_1_EXPIRED,f,Signal already expired,SKIPPED,2026-07-21 11:45:02.263198+00,
261465,2026-07-21 11:45:02.259095+00,45,XRPUSDT,63,GATE_1_EXPIRED,f,Signal already expired,SKIPPED,2026-07-21 11:45:02.259095+00,
261464,2026-07-21 11:45:02.255067+00,46,ETHUSDT,68,GATE_1_EXPIRED,f,Signal already expired,SKIPPED,2026-07-21 11:45:02.255067+00,
261463,2026-07-21 11:45:02.245161+00,47,SOLUSDT,78,GATE_1_EXPIRED,f,Signal already expired,SKIPPED,2026-07-21 11:45:02.245161+00,
261462,2026-07-21 11:45:02.238892+00,49,SOLUSDT,65,GATE_1_EXPIRED,f,Signal already expired,SKIPPED,2026-07-21 11:45:02.238892+00,
261461,2026-07-21 11:45:02.234056+00,50,BTCUSDT,66,GATE_1_EXPIRED,f,Signal already expired,SKIPPED,2026-07-21 11:45:02.234056+00,
261460,2026-07-21 11:45:02.223326+00,51,ETHUSDT,63,GATE_6_DUPLICATE,f,Non-cancelled trade exists for signal,SKIPPED,2026-07-21 11:45:02.223326+00,
261459,2026-07-21 11:44:47.270358+00,44,BTCUSDT,79,GATE_1_EXPIRED,f,Signal already expired,SKIPPED,2026-07-21 11:44:47.270358+00,
261458,2026-07-21 11:44:47.265388+00,45,XRPUSDT,63,GATE_1_EXPIRED,f,Signal already expired,SKIPPED,2026-07-21 11:44:47.265388+00,
261457,2026-07-21 11:44:47.259258+00,46,ETHUSDT,68,GATE_1_EXPIRED,f,Signal already expired,SKIPPED,2026-07-21 11:44:47.259258+00,
261456,2026-07-21 11:44:47.247324+00,47,SOLUSDT,78,GATE_1_EXPIRED,f,Signal already expired,SKIPPED,2026-07-21 11:44:47.247324+00,
261455,2026-07-21 11:44:47.24071+00,49,SOLUSDT,65,GATE_1_EXPIRED,f,Signal already expired,SKIPPED,2026-07-21 11:44:47.24071+00,
261454,2026-07-21 11:44:47.235961+00,50,BTCUSDT,66,GATE_1_EXPIRED,f,Signal already expired,SKIPPED,2026-07-21 11:44:47.235961+00,
261453,2026-07-21 11:44:47.224998+00,51,ETHUSDT,63,GATE_6_DUPLICATE,f,Non-cancelled trade exists for signal,SKIPPED,2026-07-21 11:44:47.224998+00,
261452,2026-07-21 11:44:32.253769+00,44,BTCUSDT,79,GATE_1_EXPIRED,f,Signal already expired,SKIPPED,2026-07-21 11:44:32.253769+00,
261451,2026-07-21 11:44:32.247865+00,45,XRPUSDT,63,GATE_1_EXPIRED,f,Signal already expired,SKIPPED,2026-07-21 11:44:32.247865+00,
261450,2026-07-21 11:44:32.244189+00,46,ETHUSDT,68,GATE_1_EXPIRED,f,Signal already expired,SKIPPED,2026-07-21 11:44:32.244189+00,
261449,2026-07-21 11:44:32.239393+00,47,SOLUSDT,78,GATE_1_EXPIRED,f,Signal already expired,SKIPPED,2026-07-21 11:44:32.239393+00,
261448,2026-07-21 11:44:32.235902+00,49,SOLUSDT,65,GATE_1_EXPIRED,f,Signal already expired,SKIPPED,2026-07-21 11:44:32.235902+00,
261447,2026-07-21 11:44:32.227846+00,50,BTCUSDT,66,GATE_1_EXPIRED,f,Signal already expired,SKIPPED,2026-07-21 11:44:32.227846+00,
261446,2026-07-21 11:44:32.220874+00,51,ETHUSDT,63,GATE_6_DUPLICATE,f,Non-cancelled trade exists for signal,SKIPPED,2026-07-21 11:44:32.220874+00,
261445,2026-07-21 11:44:17.229452+00,44,BTCUSDT,79,GATE_1_EXPIRED,f,Signal already expired,SKIPPED,2026-07-21 11:44:17.229452+00,
261444,2026-07-21 11:44:17.226519+00,45,XRPUSDT,63,GATE_1_EXPIRED,f,Signal already expired,SKIPPED,2026-07-21 11:44:17.226519+00,
261443,2026-07-21 11:44:17.222624+00,46,ETHUSDT,68,GATE_1_EXPIRED,f,Signal already expired,SKIPPED,2026-07-21 11:44:17.222624+00,
261442,2026-07-21 11:44:17.218296+00,47,SOLUSDT,78,GATE_1_EXPIRED,f,Signal already expired,SKIPPED,2026-07-21 11:44:17.218296+00,
261441,2026-07-21 11:44:17.214383+00,49,SOLUSDT,65,GATE_1_EXPIRED,f,Signal already expired,SKIPPED,2026-07-21 11:44:17.214383+00,
261440,2026-07-21 11:44:17.210515+00,50,BTCUSDT,66,GATE_1_EXPIRED,f,Signal already expired,SKIPPED,2026-07-21 11:44:17.210515+00,
261439,2026-07-21 11:44:17.206931+00,51,ETHUSDT,63,GATE_6_DUPLICATE,f,Non-cancelled trade exists for signal,SKIPPED,2026-07-21 11:44:17.206931+00,
261438,2026-07-21 11:44:02.251019+00,44,BTCUSDT,79,GATE_1_EXPIRED,f,Signal already expired,SKIPPED,2026-07-21 11:44:02.251019+00,
261437,2026-07-21 11:44:02.245587+00,45,XRPUSDT,63,GATE_1_EXPIRED,f,Signal already expired,SKIPPED,2026-07-21 11:44:02.245587+00,
261436,2026-07-21 11:44:02.24012+00,46,ETHUSDT,68,GATE_1_EXPIRED,f,Signal already expired,SKIPPED,2026-07-21 11:44:02.24012+00,
261435,2026-07-21 11:44:02.233862+00,47,SOLUSDT,78,GATE_1_EXPIRED,f,Signal already expired,SKIPPED,2026-07-21 11:44:02.233862+00,
261434,2026-07-21 11:44:02.227739+00,49,SOLUSDT,65,GATE_1_EXPIRED,f,Signal already expired,SKIPPED,2026-07-21 11:44:02.227739+00,
261433,2026-07-21 11:44:02.222346+00,50,BTCUSDT,66,GATE_1_EXPIRED,f,Signal already expired,SKIPPED,2026-07-21 11:44:02.222346+00,
261432,2026-07-21 11:44:02.214086+00,51,ETHUSDT,63,GATE_6_DUPLICATE,f,Non-cancelled trade exists for signal,SKIPPED,2026-07-21 11:44:02.214086+00,
261431,2026-07-21 11:43:47.236399+00,44,BTCUSDT,79,GATE_1_EXPIRED,f,Signal already expired,SKIPPED,2026-07-21 11:43:47.236399+00,
261430,2026-07-21 11:43:47.232388+00,45,XRPUSDT,63,GATE_1_EXPIRED,f,Signal already expired,SKIPPED,2026-07-21 11:43:47.232388+00,
261429,2026-07-21 11:43:47.224356+00,46,ETHUSDT,68,GATE_1_EXPIRED,f,Signal already expired,SKIPPED,2026-07-21 11:43:47.224356+00,
261428,2026-07-21 11:43:47.220249+00,47,SOLUSDT,78,GATE_1_EXPIRED,f,Signal already expired,SKIPPED,2026-07-21 11:43:47.220249+00,
261427,2026-07-21 11:43:47.215852+00,49,SOLUSDT,65,GATE_1_EXPIRED,f,Signal already expired,SKIPPED,2026-07-21 11:43:47.215852+00,
261426,2026-07-21 11:43:47.210941+00,50,BTCUSDT,66,GATE_1_EXPIRED,f,Signal already expired,SKIPPED,2026-07-21 11:43:47.210941+00,
261425,2026-07-21 11:43:47.206311+00,51,ETHUSDT,63,GATE_6_DUPLICATE,f,Non-cancelled trade exists for signal,SKIPPED,2026-07-21 11:43:47.206311+00,
261424,2026-07-21 11:43:32.280848+00,44,BTCUSDT,79,GATE_1_EXPIRED,f,Signal already expired,SKIPPED,2026-07-21 11:43:32.280848+00,
261423,2026-07-21 11:43:32.268379+00,45,XRPUSDT,63,GATE_1_EXPIRED,f,Signal already expired,SKIPPED,2026-07-21 11:43:32.268379+00,
261422,2026-07-21 11:43:32.251846+00,46,ETHUSDT,68,GATE_1_EXPIRED,f,Signal already expired,SKIPPED,2026-07-21 11:43:32.251846+00,
261421,2026-07-21 11:43:32.244064+00,47,SOLUSDT,78,GATE_1_EXPIRED,f,Signal already expired,SKIPPED,2026-07-21 11:43:32.244064+00,
261420,2026-07-21 11:43:32.24023+00,49,SOLUSDT,65,GATE_1_EXPIRED,f,Signal already expired,SKIPPED,2026-07-21 11:43:32.24023+00,
261419,2026-07-21 11:43:32.234457+00,50,BTCUSDT,66,GATE_1_EXPIRED,f,Signal already expired,SKIPPED,2026-07-21 11:43:32.234457+00,
261418,2026-07-21 11:43:32.221357+00,51,ETHUSDT,63,GATE_6_DUPLICATE,f,Non-cancelled trade exists for signal,SKIPPED,2026-07-21 11:43:32.221357+00,
261417,2026-07-21 11:43:17.234838+00,44,BTCUSDT,79,GATE_1_EXPIRED,f,Signal already expired,SKIPPED,2026-07-21 11:43:17.234838+00,
261416,2026-07-21 11:43:17.230248+00,45,XRPUSDT,63,GATE_1_EXPIRED,f,Signal already expired,SKIPPED,2026-07-21 11:43:17.230248+00,
261415,2026-07-21 11:43:17.225324+00,46,ETHUSDT,68,GATE_1_EXPIRED,f,Signal already expired,SKIPPED,2026-07-21 11:43:17.225324+00,
261414,2026-07-21 11:43:17.221855+00,47,SOLUSDT,78,GATE_1_EXPIRED,f,Signal already expired,SKIPPED,2026-07-21 11:43:17.221855+00,
261413,2026-07-21 11:43:17.218031+00,49,SOLUSDT,65,GATE_1_EXPIRED,f,Signal already expired,SKIPPED,2026-07-21 11:43:17.218031+00,
261412,2026-07-21 11:43:17.213404+00,50,BTCUSDT,66,GATE_1_EXPIRED,f,Signal already expired,SKIPPED,2026-07-21 11:43:17.213404+00,
261411,2026-07-21 11:43:17.207728+00,51,ETHUSDT,63,GATE_6_DUPLICATE,f,Non-cancelled trade exists for signal,SKIPPED,2026-07-21 11:43:17.207728+00,
261410,2026-07-21 11:43:02.253596+00,44,BTCUSDT,79,GATE_1_EXPIRED,f,Signal already expired,SKIPPED,2026-07-21 11:43:02.253596+00,
261409,2026-07-21 11:43:02.247629+00,45,XRPUSDT,63,GATE_1_EXPIRED,f,Signal already expired,SKIPPED,2026-07-21 11:43:02.247629+00,
261408,2026-07-21 11:43:02.239275+00,46,ETHUSDT,68,GATE_1_EXPIRED,f,Signal already expired,SKIPPED,2026-07-21 11:43:02.239275+00,
261407,2026-07-21 11:43:02.235051+00,47,SOLUSDT,78,GATE_1_EXPIRED,f,Signal already expired,SKIPPED,2026-07-21 11:43:02.235051+00,
261406,2026-07-21 11:43:02.224013+00,49,SOLUSDT,65,GATE_1_EXPIRED,f,Signal already expired,SKIPPED,2026-07-21 11:43:02.224013+00,
261405,2026-07-21 11:43:02.216237+00,50,BTCUSDT,66,GATE_1_EXPIRED,f,Signal already expired,SKIPPED,2026-07-21 11:43:02.216237+00,
261404,2026-07-21 11:43:02.209541+00,51,ETHUSDT,63,GATE_6_DUPLICATE,f,Non-cancelled trade exists for signal,SKIPPED,2026-07-21 11:43:02.209541+00,
261403,2026-07-21 11:42:47.249047+00,44,BTCUSDT,79,GATE_1_EXPIRED,f,Signal already expired,SKIPPED,2026-07-21 11:42:47.249047+00,
261402,2026-07-21 11:42:47.244626+00,45,XRPUSDT,63,GATE_1_EXPIRED,f,Signal already expired,SKIPPED,2026-07-21 11:42:47.244626+00,
261401,2026-07-21 11:42:47.240852+00,46,ETHUSDT,68,GATE_1_EXPIRED,f,Signal already expired,SKIPPED,2026-07-21 11:42:47.240852+00,
261400,2026-07-21 11:42:47.233656+00,47,SOLUSDT,78,GATE_1_EXPIRED,f,Signal already expired,SKIPPED,2026-07-21 11:42:47.233656+00,
261399,2026-07-21 11:42:47.228337+00,49,SOLUSDT,65,GATE_1_EXPIRED,f,Signal already expired,SKIPPED,2026-07-21 11:42:47.228337+00,
261398,2026-07-21 11:42:47.222419+00,50,BTCUSDT,66,GATE_1_EXPIRED,f,Signal already expired,SKIPPED,2026-07-21 11:42:47.222419+00,
261397,2026-07-21 11:42:47.216634+00,51,ETHUSDT,63,GATE_6_DUPLICATE,f,Non-cancelled trade exists for signal,SKIPPED,2026-07-21 11:42:47.216634+00,
261396,2026-07-21 11:42:32.257529+00,44,BTCUSDT,79,GATE_1_EXPIRED,f,Signal already expired,SKIPPED,2026-07-21 11:42:32.257529+00,
261395,2026-07-21 11:42:32.252507+00,45,XRPUSDT,63,GATE_1_EXPIRED,f,Signal already expired,SKIPPED,2026-07-21 11:42:32.252507+00,
261394,2026-07-21 11:42:32.245518+00,46,ETHUSDT,68,GATE_1_EXPIRED,f,Signal already expired,SKIPPED,2026-07-21 11:42:32.245518+00,
261393,2026-07-21 11:42:32.23606+00,47,SOLUSDT,78,GATE_1_EXPIRED,f,Signal already expired,SKIPPED,2026-07-21 11:42:32.23606+00,
261392,2026-07-21 11:42:32.226453+00,49,SOLUSDT,65,GATE_1_EXPIRED,f,Signal already expired,SKIPPED,2026-07-21 11:42:32.226453+00,
261391,2026-07-21 11:42:32.218514+00,50,BTCUSDT,66,GATE_1_EXPIRED,f,Signal already expired,SKIPPED,2026-07-21 11:42:32.218514+00,
261390,2026-07-21 11:42:32.210426+00,51,ETHUSDT,63,GATE_6_DUPLICATE,f,Non-cancelled trade exists for signal,SKIPPED,2026-07-21 11:42:32.210426+00,
261389,2026-07-21 11:42:17.260385+00,44,BTCUSDT,79,GATE_1_EXPIRED,f,Signal already expired,SKIPPED,2026-07-21 11:42:17.260385+00,
261388,2026-07-21 11:42:17.249834+00,45,XRPUSDT,63,GATE_1_EXPIRED,f,Signal already expired,SKIPPED,2026-07-21 11:42:17.249834+00,
261387,2026-07-21 11:42:17.24366+00,46,ETHUSDT,68,GATE_1_EXPIRED,f,Signal already expired,SKIPPED,2026-07-21 11:42:17.24366+00,
261386,2026-07-21 11:42:17.230903+00,47,SOLUSDT,78,GATE_1_EXPIRED,f,Signal already expired,SKIPPED,2026-07-21 11:42:17.230903+00,
261385,2026-07-21 11:42:17.221557+00,49,SOLUSDT,65,GATE_1_EXPIRED,f,Signal already expired,SKIPPED,2026-07-21 11:42:17.221557+00,
261384,2026-07-21 11:42:17.212694+00,50,BTCUSDT,66,GATE_1_EXPIRED,f,Signal already expired,SKIPPED,2026-07-21 11:42:17.212694+00,
261383,2026-07-21 11:42:17.205911+00,51,ETHUSDT,63,GATE_6_DUPLICATE,f,Non-cancelled trade exists for signal,SKIPPED,2026-07-21 11:42:17.205911+00,
261382,2026-07-21 11:42:02.258102+00,44,BTCUSDT,79,GATE_1_EXPIRED,f,Signal already expired,SKIPPED,2026-07-21 11:42:02.258102+00,
261381,2026-07-21 11:42:02.253494+00,45,XRPUSDT,63,GATE_1_EXPIRED,f,Signal already expired,SKIPPED,2026-07-21 11:42:02.253494+00,
261380,2026-07-21 11:42:02.242762+00,46,ETHUSDT,68,GATE_1_EXPIRED,f,Signal already expired,SKIPPED,2026-07-21 11:42:02.242762+00,
261379,2026-07-21 11:42:02.235857+00,47,SOLUSDT,78,GATE_1_EXPIRED,f,Signal already expired,SKIPPED,2026-07-21 11:42:02.235857+00,
261378,2026-07-21 11:42:02.229914+00,49,SOLUSDT,65,GATE_1_EXPIRED,f,Signal already expired,SKIPPED,2026-07-21 11:42:02.229914+00,
261377,2026-07-21 11:42:02.22405+00,50,BTCUSDT,66,GATE_1_EXPIRED,f,Signal already expired,SKIPPED,2026-07-21 11:42:02.22405+00,
261376,2026-07-21 11:42:02.207285+00,51,ETHUSDT,63,GATE_6_DUPLICATE,f,Non-cancelled trade exists for signal,SKIPPED,2026-07-21 11:42:02.207285+00,
261375,2026-07-21 11:41:47.240711+00,44,BTCUSDT,79,GATE_1_EXPIRED,f,Signal already expired,SKIPPED,2026-07-21 11:41:47.240711+00,
261374,2026-07-21 11:41:47.235283+00,45,XRPUSDT,63,GATE_1_EXPIRED,f,Signal already expired,SKIPPED,2026-07-21 11:41:47.235283+00,
261373,2026-07-21 11:41:47.230866+00,46,ETHUSDT,68,GATE_1_EXPIRED,f,Signal already expired,SKIPPED,2026-07-21 11:41:47.230866+00,
261372,2026-07-21 11:41:47.224073+00,47,SOLUSDT,78,GATE_1_EXPIRED,f,Signal already expired,SKIPPED,2026-07-21 11:41:47.224073+00,
261371,2026-07-21 11:41:47.217299+00,49,SOLUSDT,65,GATE_1_EXPIRED,f,Signal already expired,SKIPPED,2026-07-21 11:41:47.217299+00,
261370,2026-07-21 11:41:47.213146+00,50,BTCUSDT,66,GATE_1_EXPIRED,f,Signal already expired,SKIPPED,2026-07-21 11:41:47.213146+00,
261369,2026-07-21 11:41:47.205504+00,51,ETHUSDT,63,GATE_6_DUPLICATE,f,Non-cancelled trade exists for signal,SKIPPED,2026-07-21 11:41:47.205504+00,
261368,2026-07-21 11:41:32.254829+00,44,BTCUSDT,79,GATE_1_EXPIRED,f,Signal already expired,SKIPPED,2026-07-21 11:41:32.254829+00,
261367,2026-07-21 11:41:32.249232+00,45,XRPUSDT,63,GATE_1_EXPIRED,f,Signal already expired,SKIPPED,2026-07-21 11:41:32.249232+00,
261366,2026-07-21 11:41:32.245534+00,46,ETHUSDT,68,GATE_1_EXPIRED,f,Signal already expired,SKIPPED,2026-07-21 11:41:32.245534+00,
261365,2026-07-21 11:41:32.237848+00,47,SOLUSDT,78,GATE_1_EXPIRED,f,Signal already expired,SKIPPED,2026-07-21 11:41:32.237848+00,
261364,2026-07-21 11:41:32.229409+00,49,SOLUSDT,65,GATE_1_EXPIRED,f,Signal already expired,SKIPPED,2026-07-21 11:41:32.229409+00,
261363,2026-07-21 11:41:32.222644+00,50,BTCUSDT,66,GATE_1_EXPIRED,f,Signal already expired,SKIPPED,2026-07-21 11:41:32.222644+00,
261362,2026-07-21 11:41:32.212858+00,51,ETHUSDT,63,GATE_6_DUPLICATE,f,Non-cancelled trade exists for signal,SKIPPED,2026-07-21 11:41:32.212858+00,
261361,2026-07-21 11:41:17.255103+00,44,BTCUSDT,79,GATE_1_EXPIRED,f,Signal already expired,SKIPPED,2026-07-21 11:41:17.255103+00,
261360,2026-07-21 11:41:17.249677+00,45,XRPUSDT,63,GATE_1_EXPIRED,f,Signal already expired,SKIPPED,2026-07-21 11:41:17.249677+00,
261359,2026-07-21 11:41:17.242402+00,46,ETHUSDT,68,GATE_1_EXPIRED,f,Signal already expired,SKIPPED,2026-07-21 11:41:17.242402+00,
261358,2026-07-21 11:41:17.237556+00,47,SOLUSDT,78,GATE_1_EXPIRED,f,Signal already expired,SKIPPED,2026-07-21 11:41:17.237556+00,
261357,2026-07-21 11:41:17.228403+00,49,SOLUSDT,65,GATE_1_EXPIRED,f,Signal already expired,SKIPPED,2026-07-21 11:41:17.228403+00,
261356,2026-07-21 11:41:17.220083+00,50,BTCUSDT,66,GATE_1_EXPIRED,f,Signal already expired,SKIPPED,2026-07-21 11:41:17.220083+00,
261355,2026-07-21 11:41:17.212371+00,51,ETHUSDT,63,GATE_6_DUPLICATE,f,Non-cancelled trade exists for signal,SKIPPED,2026-07-21 11:41:17.212371+00,
261354,2026-07-21 11:41:02.256286+00,44,BTCUSDT,79,GATE_1_EXPIRED,f,Signal already expired,SKIPPED,2026-07-21 11:41:02.256286+00,
261353,2026-07-21 11:41:02.247697+00,45,XRPUSDT,63,GATE_1_EXPIRED,f,Signal already expired,SKIPPED,2026-07-21 11:41:02.247697+00,
261352,2026-07-21 11:41:02.241224+00,46,ETHUSDT,68,GATE_1_EXPIRED,f,Signal already expired,SKIPPED,2026-07-21 11:41:02.241224+00,
261351,2026-07-21 11:41:02.236447+00,47,SOLUSDT,78,GATE_1_EXPIRED,f,Signal already expired,SKIPPED,2026-07-21 11:41:02.236447+00,
261350,2026-07-21 11:41:02.229369+00,49,SOLUSDT,65,GATE_1_EXPIRED,f,Signal already expired,SKIPPED,2026-07-21 11:41:02.229369+00,
261349,2026-07-21 11:41:02.219603+00,50,BTCUSDT,66,GATE_1_EXPIRED,f,Signal already expired,SKIPPED,2026-07-21 11:41:02.219603+00,
261348,2026-07-21 11:41:02.212848+00,51,ETHUSDT,63,GATE_6_DUPLICATE,f,Non-cancelled trade exists for signal,SKIPPED,2026-07-21 11:41:02.212848+00,
261347,2026-07-21 11:40:47.220007+00,44,BTCUSDT,79,GATE_1_EXPIRED,f,Signal already expired,SKIPPED,2026-07-21 11:40:47.220007+00,
261346,2026-07-21 11:40:47.217368+00,45,XRPUSDT,63,GATE_1_EXPIRED,f,Signal already expired,SKIPPED,2026-07-21 11:40:47.217368+00,
261345,2026-07-21 11:40:47.214737+00,46,ETHUSDT,68,GATE_1_EXPIRED,f,Signal already expired,SKIPPED,2026-07-21 11:40:47.214737+00,
261344,2026-07-21 11:40:47.211908+00,47,SOLUSDT,78,GATE_1_EXPIRED,f,Signal already expired,SKIPPED,2026-07-21 11:40:47.211908+00,
261343,2026-07-21 11:40:47.209137+00,49,SOLUSDT,65,GATE_1_EXPIRED,f,Signal already expired,SKIPPED,2026-07-21 11:40:47.209137+00,
261342,2026-07-21 11:40:47.206442+00,50,BTCUSDT,66,GATE_1_EXPIRED,f,Signal already expired,SKIPPED,2026-07-21 11:40:47.206442+00,
261341,2026-07-21 11:40:47.201344+00,51,ETHUSDT,63,GATE_6_DUPLICATE,f,Non-cancelled trade exists for signal,SKIPPED,2026-07-21 11:40:47.201344+00,
261340,2026-07-21 11:40:32.226846+00,44,BTCUSDT,79,GATE_1_EXPIRED,f,Signal already expired,SKIPPED,2026-07-21 11:40:32.226846+00,
261339,2026-07-21 11:40:32.220612+00,45,XRPUSDT,63,GATE_1_EXPIRED,f,Signal already expired,SKIPPED,2026-07-21 11:40:32.220612+00,
261338,2026-07-21 11:40:32.216373+00,46,ETHUSDT,68,GATE_1_EXPIRED,f,Signal already expired,SKIPPED,2026-07-21 11:40:32.216373+00,
261337,2026-07-21 11:40:32.212408+00,47,SOLUSDT,78,GATE_1_EXPIRED,f,Signal already expired,SKIPPED,2026-07-21 11:40:32.212408+00,
261336,2026-07-21 11:40:32.208449+00,49,SOLUSDT,65,GATE_1_EXPIRED,f,Signal already expired,SKIPPED,2026-07-21 11:40:32.208449+00,
261335,2026-07-21 11:40:32.200962+00,50,BTCUSDT,66,GATE_1_EXPIRED,f,Signal already expired,SKIPPED,2026-07-21 11:40:32.200962+00,
261334,2026-07-21 11:40:32.196595+00,51,ETHUSDT,63,GATE_6_DUPLICATE,f,Non-cancelled trade exists for signal,SKIPPED,2026-07-21 11:40:32.196595+00,
261333,2026-07-21 11:40:17.233851+00,44,BTCUSDT,79,GATE_1_EXPIRED,f,Signal already expired,SKIPPED,2026-07-21 11:40:17.233851+00,
261332,2026-07-21 11:40:17.226361+00,45,XRPUSDT,63,GATE_1_EXPIRED,f,Signal already expired,SKIPPED,2026-07-21 11:40:17.226361+00,
261331,2026-07-21 11:40:17.220659+00,46,ETHUSDT,68,GATE_1_EXPIRED,f,Signal already expired,SKIPPED,2026-07-21 11:40:17.220659+00,
261330,2026-07-21 11:40:17.216909+00,47,SOLUSDT,78,GATE_1_EXPIRED,f,Signal already expired,SKIPPED,2026-07-21 11:40:17.216909+00,
261329,2026-07-21 11:40:17.213266+00,49,SOLUSDT,65,GATE_1_EXPIRED,f,Signal already expired,SKIPPED,2026-07-21 11:40:17.213266+00,
261328,2026-07-21 11:40:17.20945+00,50,BTCUSDT,66,GATE_1_EXPIRED,f,Signal already expired,SKIPPED,2026-07-21 11:40:17.20945+00,
261327,2026-07-21 11:40:17.203059+00,51,ETHUSDT,63,GATE_6_DUPLICATE,f,Non-cancelled trade exists for signal,SKIPPED,2026-07-21 11:40:17.203059+00,
261326,2026-07-21 11:40:02.222417+00,44,BTCUSDT,79,GATE_1_EXPIRED,f,Signal already expired,SKIPPED,2026-07-21 11:40:02.222417+00,
261325,2026-07-21 11:40:02.217606+00,45,XRPUSDT,63,GATE_1_EXPIRED,f,Signal already expired,SKIPPED,2026-07-21 11:40:02.217606+00,
261324,2026-07-21 11:40:02.214968+00,46,ETHUSDT,68,GATE_1_EXPIRED,f,Signal already expired,SKIPPED,2026-07-21 11:40:02.214968+00,
261323,2026-07-21 11:40:02.211557+00,47,SOLUSDT,78,GATE_1_EXPIRED,f,Signal already expired,SKIPPED,2026-07-21 11:40:02.211557+00,
261322,2026-07-21 11:40:02.208765+00,49,SOLUSDT,65,GATE_1_EXPIRED,f,Signal already expired,SKIPPED,2026-07-21 11:40:02.208765+00,
261321,2026-07-21 11:40:02.205964+00,50,BTCUSDT,66,GATE_1_EXPIRED,f,Signal already expired,SKIPPED,2026-07-21 11:40:02.205964+00,
261320,2026-07-21 11:40:02.200194+00,51,ETHUSDT,63,GATE_6_DUPLICATE,f,Non-cancelled trade exists for signal,SKIPPED,2026-07-21 11:40:02.200194+00,
261319,2026-07-21 11:39:59.848951+00,,ETHUSDT,63,GATE_4A_CORR,f,CorrelationGuard: ETHUSDT already has open position,REJECTED,2026-07-21 11:39:59.848951+00,345e38219fc7b0a8
261318,2026-07-21 11:39:59.83284+00,,BTCUSDT,69,GATE_4A_CORR,f,CorrelationGuard: BTCUSDT already has open position,REJECTED,2026-07-21 11:39:59.83284+00,d1cde9351b801bfe
261317,2026-07-21 11:39:59.779652+00,,BNBUSDT,79,GATE_4C_RISK,f,RiskBudgetLedger full,REJECTED,2026-07-21 11:39:59.779652+00,0f9ecad9112f306a
261316,2026-07-21 11:39:59.735182+00,,XRPUSDT,85,GATE_0_V7_KELLY_ZERO,f,Kelly=0 for DQS 85,REJECTED,2026-07-21 11:39:59.735182+00,bc99d462c74ce78d
261315,2026-07-21 11:39:47.301361+00,44,BTCUSDT,79,GATE_1_EXPIRED,f,Signal already expired,SKIPPED,2026-07-21 11:39:47.301361+00,
261314,2026-07-21 11:39:47.291262+00,45,XRPUSDT,63,GATE_1_EXPIRED,f,Signal already expired,SKIPPED,2026-07-21 11:39:47.291262+00,
261313,2026-07-21 11:39:47.270861+00,46,ETHUSDT,68,GATE_1_EXPIRED,f,Signal already expired,SKIPPED,2026-07-21 11:39:47.270861+00,
261312,2026-07-21 11:39:47.261052+00,47,SOLUSDT,78,GATE_1_EXPIRED,f,Signal already expired,SKIPPED,2026-07-21 11:39:47.261052+00,
261311,2026-07-21 11:39:47.251849+00,49,SOLUSDT,65,GATE_1_EXPIRED,f,Signal already expired,SKIPPED,2026-07-21 11:39:47.251849+00,
261310,2026-07-21 11:39:47.239984+00,50,BTCUSDT,66,GATE_1_EXPIRED,f,Signal already expired,SKIPPED,2026-07-21 11:39:47.239984+00,
261309,2026-07-21 11:39:47.2279+00,51,ETHUSDT,63,GATE_6_DUPLICATE,f,Non-cancelled trade exists for signal,SKIPPED,2026-07-21 11:39:47.2279+00,
261308,2026-07-21 11:39:32.225875+00,44,BTCUSDT,79,GATE_1_EXPIRED,f,Signal already expired,SKIPPED,2026-07-21 11:39:32.225875+00,
261307,2026-07-21 11:39:32.220185+00,45,XRPUSDT,63,GATE_1_EXPIRED,f,Signal already expired,SKIPPED,2026-07-21 11:39:32.220185+00,
261306,2026-07-21 11:39:32.215151+00,46,ETHUSDT,68,GATE_1_EXPIRED,f,Signal already expired,SKIPPED,2026-07-21 11:39:32.215151+00,
261305,2026-07-21 11:39:32.20949+00,47,SOLUSDT,78,GATE_1_EXPIRED,f,Signal already expired,SKIPPED,2026-07-21 11:39:32.20949+00,
261304,2026-07-21 11:39:32.202228+00,49,SOLUSDT,65,GATE_1_EXPIRED,f,Signal already expired,SKIPPED,2026-07-21 11:39:32.202228+00,
261303,2026-07-21 11:39:32.196769+00,50,BTCUSDT,66,GATE_1_EXPIRED,f,Signal already expired,SKIPPED,2026-07-21 11:39:32.196769+00,
261302,2026-07-21 11:39:32.188002+00,51,ETHUSDT,63,GATE_6_DUPLICATE,f,Non-cancelled trade exists for signal,SKIPPED,2026-07-21 11:39:32.188002+00,
261301,2026-07-21 11:39:17.247851+00,44,BTCUSDT,79,GATE_1_EXPIRED,f,Signal already expired,SKIPPED,2026-07-21 11:39:17.247851+00,
261300,2026-07-21 11:39:17.240861+00,45,XRPUSDT,63,GATE_1_EXPIRED,f,Signal already expired,SKIPPED,2026-07-21 11:39:17.240861+00,
261299,2026-07-21 11:39:17.230401+00,46,ETHUSDT,68,GATE_1_EXPIRED,f,Signal already expired,SKIPPED,2026-07-21 11:39:17.230401+00,
261298,2026-07-21 11:39:17.226013+00,47,SOLUSDT,78,GATE_1_EXPIRED,f,Signal already expired,SKIPPED,2026-07-21 11:39:17.226013+00,
261297,2026-07-21 11:39:17.213155+00,49,SOLUSDT,65,GATE_1_EXPIRED,f,Signal already expired,SKIPPED,2026-07-21 11:39:17.213155+00,
261296,2026-07-21 11:39:17.206274+00,50,BTCUSDT,66,GATE_1_EXPIRED,f,Signal already expired,SKIPPED,2026-07-21 11:39:17.206274+00,
261295,2026-07-21 11:39:17.199847+00,51,ETHUSDT,63,GATE_6_DUPLICATE,f,Non-cancelled trade exists for signal,SKIPPED,2026-07-21 11:39:17.199847+00,
261294,2026-07-21 11:39:02.239032+00,44,BTCUSDT,79,GATE_1_EXPIRED,f,Signal already expired,SKIPPED,2026-07-21 11:39:02.239032+00,
261293,2026-07-21 11:39:02.232302+00,45,XRPUSDT,63,GATE_1_EXPIRED,f,Signal already expired,SKIPPED,2026-07-21 11:39:02.232302+00,
261292,2026-07-21 11:39:02.219117+00,46,ETHUSDT,68,GATE_1_EXPIRED,f,Signal already expired,SKIPPED,2026-07-21 11:39:02.219117+00,
261291,2026-07-21 11:39:02.21041+00,47,SOLUSDT,78,GATE_1_EXPIRED,f,Signal already expired,SKIPPED,2026-07-21 11:39:02.21041+00,
261290,2026-07-21 11:39:02.206607+00,49,SOLUSDT,65,GATE_1_EXPIRED,f,Signal already expired,SKIPPED,2026-07-21 11:39:02.206607+00,
261289,2026-07-21 11:39:02.1992+00,50,BTCUSDT,66,GATE_1_EXPIRED,f,Signal already expired,SKIPPED,2026-07-21 11:39:02.1992+00,
261288,2026-07-21 11:39:02.192871+00,51,ETHUSDT,63,GATE_6_DUPLICATE,f,Non-cancelled trade exists for signal,SKIPPED,2026-07-21 11:39:02.192871+00,
261287,2026-07-21 11:38:47.201192+00,44,BTCUSDT,79,GATE_1_EXPIRED,f,Signal already expired,SKIPPED,2026-07-21 11:38:47.201192+00,
261286,2026-07-21 11:38:47.198485+00,45,XRPUSDT,63,GATE_1_EXPIRED,f,Signal already expired,SKIPPED,2026-07-21 11:38:47.198485+00,
261285,2026-07-21 11:38:47.19587+00,46,ETHUSDT,68,GATE_1_EXPIRED,f,Signal already expired,SKIPPED,2026-07-21 11:38:47.19587+00,
261284,2026-07-21 11:38:47.190303+00,47,SOLUSDT,78,GATE_1_EXPIRED,f,Signal already expired,SKIPPED,2026-07-21 11:38:47.190303+00,
261283,2026-07-21 11:38:47.187556+00,49,SOLUSDT,65,GATE_1_EXPIRED,f,Signal already expired,SKIPPED,2026-07-21 11:38:47.187556+00,
261282,2026-07-21 11:38:47.184925+00,50,BTCUSDT,66,GATE_1_EXPIRED,f,Signal already expired,SKIPPED,2026-07-21 11:38:47.184925+00,
261281,2026-07-21 11:38:47.181926+00,51,ETHUSDT,63,GATE_6_DUPLICATE,f,Non-cancelled trade exists for signal,SKIPPED,2026-07-21 11:38:47.181926+00,
261280,2026-07-21 11:38:32.224488+00,44,BTCUSDT,79,GATE_1_EXPIRED,f,Signal already expired,SKIPPED,2026-07-21 11:38:32.224488+00,
261279,2026-07-21 11:38:32.216209+00,45,XRPUSDT,63,GATE_1_EXPIRED,f,Signal already expired,SKIPPED,2026-07-21 11:38:32.216209+00,
261278,2026-07-21 11:38:32.208748+00,46,ETHUSDT,68,GATE_1_EXPIRED,f,Signal already expired,SKIPPED,2026-07-21 11:38:32.208748+00,
261277,2026-07-21 11:38:32.201633+00,47,SOLUSDT,78,GATE_1_EXPIRED,f,Signal already expired,SKIPPED,2026-07-21 11:38:32.201633+00,
261276,2026-07-21 11:38:32.197971+00,49,SOLUSDT,65,GATE_1_EXPIRED,f,Signal already expired,SKIPPED,2026-07-21 11:38:32.197971+00,
261275,2026-07-21 11:38:32.194084+00,50,BTCUSDT,66,GATE_1_EXPIRED,f,Signal already expired,SKIPPED,2026-07-21 11:38:32.194084+00,
261274,2026-07-21 11:38:32.183898+00,51,ETHUSDT,63,GATE_6_DUPLICATE,f,Non-cancelled trade exists for signal,SKIPPED,2026-07-21 11:38:32.183898+00,
261273,2026-07-21 11:38:17.224618+00,44,BTCUSDT,79,GATE_1_EXPIRED,f,Signal already expired,SKIPPED,2026-07-21 11:38:17.224618+00,
261272,2026-07-21 11:38:17.214236+00,45,XRPUSDT,63,GATE_1_EXPIRED,f,Signal already expired,SKIPPED,2026-07-21 11:38:17.214236+00,
261271,2026-07-21 11:38:17.207767+00,46,ETHUSDT,68,GATE_1_EXPIRED,f,Signal already expired,SKIPPED,2026-07-21 11:38:17.207767+00,
261270,2026-07-21 11:38:17.200587+00,47,SOLUSDT,78,GATE_1_EXPIRED,f,Signal already expired,SKIPPED,2026-07-21 11:38:17.200587+00,
261269,2026-07-21 11:38:17.190627+00,49,SOLUSDT,65,GATE_1_EXPIRED,f,Signal already expired,SKIPPED,2026-07-21 11:38:17.190627+00,
261268,2026-07-21 11:38:17.182954+00,50,BTCUSDT,66,GATE_1_EXPIRED,f,Signal already expired,SKIPPED,2026-07-21 11:38:17.182954+00,
261267,2026-07-21 11:38:17.176313+00,51,ETHUSDT,63,GATE_6_DUPLICATE,f,Non-cancelled trade exists for signal,SKIPPED,2026-07-21 11:38:17.176313+00,
261266,2026-07-21 11:38:02.208893+00,44,BTCUSDT,79,GATE_1_EXPIRED,f,Signal already expired,SKIPPED,2026-07-21 11:38:02.208893+00,
261265,2026-07-21 11:38:02.203159+00,45,XRPUSDT,63,GATE_1_EXPIRED,f,Signal already expired,SKIPPED,2026-07-21 11:38:02.203159+00,
261264,2026-07-21 11:38:02.197495+00,46,ETHUSDT,68,GATE_1_EXPIRED,f,Signal already expired,SKIPPED,2026-07-21 11:38:02.197495+00,
261263,2026-07-21 11:38:02.193816+00,47,SOLUSDT,78,GATE_1_EXPIRED,f,Signal already expired,SKIPPED,2026-07-21 11:38:02.193816+00,
261262,2026-07-21 11:38:02.187039+00,49,SOLUSDT,65,GATE_1_EXPIRED,f,Signal already expired,SKIPPED,2026-07-21 11:38:02.187039+00,
261261,2026-07-21 11:38:02.182269+00,50,BTCUSDT,66,GATE_1_EXPIRED,f,Signal already expired,SKIPPED,2026-07-21 11:38:02.182269+00,
261260,2026-07-21 11:38:02.177347+00,51,ETHUSDT,63,GATE_6_DUPLICATE,f,Non-cancelled trade exists for signal,SKIPPED,2026-07-21 11:38:02.177347+00,
261259,2026-07-21 11:37:47.209768+00,44,BTCUSDT,79,GATE_1_EXPIRED,f,Signal already expired,SKIPPED,2026-07-21 11:37:47.209768+00,
261258,2026-07-21 11:37:47.205651+00,45,XRPUSDT,63,GATE_1_EXPIRED,f,Signal already expired,SKIPPED,2026-07-21 11:37:47.205651+00,
261257,2026-07-21 11:37:47.200319+00,46,ETHUSDT,68,GATE_1_EXPIRED,f,Signal already expired,SKIPPED,2026-07-21 11:37:47.200319+00,
261256,2026-07-21 11:37:47.196334+00,47,SOLUSDT,78,GATE_1_EXPIRED,f,Signal already expired,SKIPPED,2026-07-21 11:37:47.196334+00,
261255,2026-07-21 11:37:47.192112+00,49,SOLUSDT,65,GATE_1_EXPIRED,f,Signal already expired,SKIPPED,2026-07-21 11:37:47.192112+00,
261254,2026-07-21 11:37:47.18442+00,50,BTCUSDT,66,GATE_1_EXPIRED,f,Signal already expired,SKIPPED,2026-07-21 11:37:47.18442+00,
261253,2026-07-21 11:37:47.177845+00,51,ETHUSDT,63,GATE_6_DUPLICATE,f,Non-cancelled trade exists for signal,SKIPPED,2026-07-21 11:37:47.177845+00,
261252,2026-07-21 11:37:32.198669+00,44,BTCUSDT,79,GATE_1_EXPIRED,f,Signal already expired,SKIPPED,2026-07-21 11:37:32.198669+00,
261251,2026-07-21 11:37:32.195868+00,45,XRPUSDT,63,GATE_1_EXPIRED,f,Signal already expired,SKIPPED,2026-07-21 11:37:32.195868+00,
261250,2026-07-21 11:37:32.19206+00,46,ETHUSDT,68,GATE_1_EXPIRED,f,Signal already expired,SKIPPED,2026-07-21 11:37:32.19206+00,
261249,2026-07-21 11:37:32.188382+00,47,SOLUSDT,78,GATE_1_EXPIRED,f,Signal already expired,SKIPPED,2026-07-21 11:37:32.188382+00,
261248,2026-07-21 11:37:32.185029+00,49,SOLUSDT,65,GATE_1_EXPIRED,f,Signal already expired,SKIPPED,2026-07-21 11:37:32.185029+00,
261247,2026-07-21 11:37:32.18223+00,50,BTCUSDT,66,GATE_1_EXPIRED,f,Signal already expired,SKIPPED,2026-07-21 11:37:32.18223+00,
261246,2026-07-21 11:37:32.179348+00,51,ETHUSDT,63,GATE_6_DUPLICATE,f,Non-cancelled trade exists for signal,SKIPPED,2026-07-21 11:37:32.179348+00,
261245,2026-07-21 11:37:17.214429+00,44,BTCUSDT,79,GATE_1_EXPIRED,f,Signal already expired,SKIPPED,2026-07-21 11:37:17.214429+00,
261244,2026-07-21 11:37:17.207767+00,45,XRPUSDT,63,GATE_1_EXPIRED,f,Signal already expired,SKIPPED,2026-07-21 11:37:17.207767+00,
261243,2026-07-21 11:37:17.203569+00,46,ETHUSDT,68,GATE_1_EXPIRED,f,Signal already expired,SKIPPED,2026-07-21 11:37:17.203569+00,
261242,2026-07-21 11:37:17.194136+00,47,SOLUSDT,78,GATE_1_EXPIRED,f,Signal already expired,SKIPPED,2026-07-21 11:37:17.194136+00,
261241,2026-07-21 11:37:17.188657+00,49,SOLUSDT,65,GATE_1_EXPIRED,f,Signal already expired,SKIPPED,2026-07-21 11:37:17.188657+00,
261240,2026-07-21 11:37:17.183431+00,50,BTCUSDT,66,GATE_1_EXPIRED,f,Signal already expired,SKIPPED,2026-07-21 11:37:17.183431+00,
261239,2026-07-21 11:37:17.178792+00,51,ETHUSDT,63,GATE_6_DUPLICATE,f,Non-cancelled trade exists for signal,SKIPPED,2026-07-21 11:37:17.178792+00,
261238,2026-07-21 11:37:02.209365+00,44,BTCUSDT,79,GATE_1_EXPIRED,f,Signal already expired,SKIPPED,2026-07-21 11:37:02.209365+00,
261237,2026-07-21 11:37:02.204431+00,45,XRPUSDT,63,GATE_1_EXPIRED,f,Signal already expired,SKIPPED,2026-07-21 11:37:02.204431+00,
261236,2026-07-21 11:37:02.199849+00,46,ETHUSDT,68,GATE_1_EXPIRED,f,Signal already expired,SKIPPED,2026-07-21 11:37:02.199849+00,
261235,2026-07-21 11:37:02.193458+00,47,SOLUSDT,78,GATE_1_EXPIRED,f,Signal already expired,SKIPPED,2026-07-21 11:37:02.193458+00,
261234,2026-07-21 11:37:02.188232+00,49,SOLUSDT,65,GATE_1_EXPIRED,f,Signal already expired,SKIPPED,2026-07-21 11:37:02.188232+00,
261233,2026-07-21 11:37:02.183428+00,50,BTCUSDT,66,GATE_1_EXPIRED,f,Signal already expired,SKIPPED,2026-07-21 11:37:02.183428+00,
261232,2026-07-21 11:37:02.178413+00,51,ETHUSDT,63,GATE_6_DUPLICATE,f,Non-cancelled trade exists for signal,SKIPPED,2026-07-21 11:37:02.178413+00,
261231,2026-07-21 11:36:47.220886+00,44,BTCUSDT,79,GATE_1_EXPIRED,f,Signal already expired,SKIPPED,2026-07-21 11:36:47.220886+00,
261230,2026-07-21 11:36:47.209533+00,45,XRPUSDT,63,GATE_1_EXPIRED,f,Signal already expired,SKIPPED,2026-07-21 11:36:47.209533+00,
261229,2026-07-21 11:36:47.203609+00,46,ETHUSDT,68,GATE_1_EXPIRED,f,Signal already expired,SKIPPED,2026-07-21 11:36:47.203609+00,
261228,2026-07-21 11:36:47.196989+00,47,SOLUSDT,78,GATE_1_EXPIRED,f,Signal already expired,SKIPPED,2026-07-21 11:36:47.196989+00,
261227,2026-07-21 11:36:47.19116+00,49,SOLUSDT,65,GATE_1_EXPIRED,f,Signal already expired,SKIPPED,2026-07-21 11:36:47.19116+00,
261226,2026-07-21 11:36:47.185911+00,50,BTCUSDT,66,GATE_1_EXPIRED,f,Signal already expired,SKIPPED,2026-07-21 11:36:47.185911+00,
261225,2026-07-21 11:36:47.178944+00,51,ETHUSDT,63,GATE_6_DUPLICATE,f,Non-cancelled trade exists for signal,SKIPPED,2026-07-21 11:36:47.178944+00,
261224,2026-07-21 11:36:32.212594+00,44,BTCUSDT,79,GATE_1_EXPIRED,f,Signal already expired,SKIPPED,2026-07-21 11:36:32.212594+00,
261223,2026-07-21 11:36:32.202753+00,45,XRPUSDT,63,GATE_1_EXPIRED,f,Signal already expired,SKIPPED,2026-07-21 11:36:32.202753+00,
261222,2026-07-21 11:36:32.198405+00,46,ETHUSDT,68,GATE_1_EXPIRED,f,Signal already expired,SKIPPED,2026-07-21 11:36:32.198405+00,
261221,2026-07-21 11:36:32.18941+00,47,SOLUSDT,78,GATE_1_EXPIRED,f,Signal already expired,SKIPPED,2026-07-21 11:36:32.18941+00,
261220,2026-07-21 11:36:32.181879+00,49,SOLUSDT,65,GATE_1_EXPIRED,f,Signal already expired,SKIPPED,2026-07-21 11:36:32.181879+00,
261219,2026-07-21 11:36:32.177387+00,50,BTCUSDT,66,GATE_1_EXPIRED,f,Signal already expired,SKIPPED,2026-07-21 11:36:32.177387+00,
261218,2026-07-21 11:36:32.172633+00,51,ETHUSDT,63,GATE_6_DUPLICATE,f,Non-cancelled trade exists for signal,SKIPPED,2026-07-21 11:36:32.172633+00,
261217,2026-07-21 11:36:17.220795+00,44,BTCUSDT,79,GATE_1_EXPIRED,f,Signal already expired,SKIPPED,2026-07-21 11:36:17.220795+00,
261216,2026-07-21 11:36:17.217315+00,45,XRPUSDT,63,GATE_1_EXPIRED,f,Signal already expired,SKIPPED,2026-07-21 11:36:17.217315+00,
261215,2026-07-21 11:36:17.212458+00,46,ETHUSDT,68,GATE_1_EXPIRED,f,Signal already expired,SKIPPED,2026-07-21 11:36:17.212458+00,
261214,2026-07-21 11:36:17.208759+00,47,SOLUSDT,78,GATE_1_EXPIRED,f,Signal already expired,SKIPPED,2026-07-21 11:36:17.208759+00,
261213,2026-07-21 11:36:17.205032+00,49,SOLUSDT,65,GATE_1_EXPIRED,f,Signal already expired,SKIPPED,2026-07-21 11:36:17.205032+00,
261212,2026-07-21 11:36:17.201406+00,50,BTCUSDT,66,GATE_1_EXPIRED,f,Signal already expired,SKIPPED,2026-07-21 11:36:17.201406+00,
261211,2026-07-21 11:36:17.19156+00,51,ETHUSDT,63,GATE_6_DUPLICATE,f,Non-cancelled trade exists for signal,SKIPPED,2026-07-21 11:36:17.19156+00,
261210,2026-07-21 11:36:02.498562+00,44,BTCUSDT,79,GATE_1_EXPIRED,f,Signal already expired,SKIPPED,2026-07-21 11:36:02.498562+00,
261209,2026-07-21 11:36:02.496064+00,45,XRPUSDT,63,GATE_1_EXPIRED,f,Signal already expired,SKIPPED,2026-07-21 11:36:02.496064+00,
261208,2026-07-21 11:36:02.493278+00,46,ETHUSDT,68,GATE_1_EXPIRED,f,Signal already expired,SKIPPED,2026-07-21 11:36:02.493278+00,
261207,2026-07-21 11:36:02.488429+00,47,SOLUSDT,78,GATE_1_EXPIRED,f,Signal already expired,SKIPPED,2026-07-21 11:36:02.488429+00,
261206,2026-07-21 11:36:02.48493+00,49,SOLUSDT,65,GATE_1_EXPIRED,f,Signal already expired,SKIPPED,2026-07-21 11:36:02.48493+00,
261205,2026-07-21 11:36:02.479411+00,50,BTCUSDT,66,GATE_1_EXPIRED,f,Signal already expired,SKIPPED,2026-07-21 11:36:02.479411+00,
261204,2026-07-21 11:36:02.174934+00,51,ETHUSDT,63,GATE_6_DUPLICATE,f,Non-cancelled trade exists for signal,SKIPPED,2026-07-21 11:36:02.174934+00,
261203,2026-07-21 11:35:47.227293+00,44,BTCUSDT,79,GATE_1_EXPIRED,f,Signal already expired,SKIPPED,2026-07-21 11:35:47.227293+00,
261202,2026-07-21 11:35:47.218107+00,45,XRPUSDT,63,GATE_1_EXPIRED,f,Signal already expired,SKIPPED,2026-07-21 11:35:47.218107+00,
261201,2026-07-21 11:35:47.210819+00,46,ETHUSDT,68,GATE_1_EXPIRED,f,Signal already expired,SKIPPED,2026-07-21 11:35:47.210819+00,
261200,2026-07-21 11:35:47.206778+00,47,SOLUSDT,78,GATE_1_EXPIRED,f,Signal already expired,SKIPPED,2026-07-21 11:35:47.206778+00,
261199,2026-07-21 11:35:47.202423+00,49,SOLUSDT,65,GATE_1_EXPIRED,f,Signal already expired,SKIPPED,2026-07-21 11:35:47.202423+00,
261198,2026-07-21 11:35:47.198392+00,50,BTCUSDT,66,GATE_1_EXPIRED,f,Signal already expired,SKIPPED,2026-07-21 11:35:47.198392+00,
261197,2026-07-21 11:35:47.187016+00,51,ETHUSDT,63,GATE_6_DUPLICATE,f,Non-cancelled trade exists for signal,SKIPPED,2026-07-21 11:35:47.187016+00,
261196,2026-07-21 11:35:32.228212+00,44,BTCUSDT,79,GATE_1_EXPIRED,f,Signal already expired,SKIPPED,2026-07-21 11:35:32.228212+00,
261195,2026-07-21 11:35:32.222505+00,45,XRPUSDT,63,GATE_1_EXPIRED,f,Signal already expired,SKIPPED,2026-07-21 11:35:32.222505+00,
261194,2026-07-21 11:35:32.209596+00,46,ETHUSDT,68,GATE_1_EXPIRED,f,Signal already expired,SKIPPED,2026-07-21 11:35:32.209596+00,
261193,2026-07-21 11:35:32.197124+00,47,SOLUSDT,78,GATE_1_EXPIRED,f,Signal already expired,SKIPPED,2026-07-21 11:35:32.197124+00,
261192,2026-07-21 11:35:32.191622+00,49,SOLUSDT,65,GATE_1_EXPIRED,f,Signal already expired,SKIPPED,2026-07-21 11:35:32.191622+00,
261191,2026-07-21 11:35:32.185851+00,50,BTCUSDT,66,GATE_1_EXPIRED,f,Signal already expired,SKIPPED,2026-07-21 11:35:32.185851+00,
261190,2026-07-21 11:35:32.178261+00,51,ETHUSDT,63,GATE_6_DUPLICATE,f,Non-cancelled trade exists for signal,SKIPPED,2026-07-21 11:35:32.178261+00,
261189,2026-07-21 11:35:17.197257+00,44,BTCUSDT,79,GATE_1_EXPIRED,f,Signal already expired,SKIPPED,2026-07-21 11:35:17.197257+00,
261188,2026-07-21 11:35:17.192846+00,45,XRPUSDT,63,GATE_1_EXPIRED,f,Signal already expired,SKIPPED,2026-07-21 11:35:17.192846+00,
261187,2026-07-21 11:35:17.185528+00,46,ETHUSDT,68,GATE_1_EXPIRED,f,Signal already expired,SKIPPED,2026-07-21 11:35:17.185528+00,
261186,2026-07-21 11:35:17.179802+00,47,SOLUSDT,78,GATE_1_EXPIRED,f,Signal already expired,SKIPPED,2026-07-21 11:35:17.179802+00,
261185,2026-07-21 11:35:17.175917+00,49,SOLUSDT,65,GATE_1_EXPIRED,f,Signal already expired,SKIPPED,2026-07-21 11:35:17.175917+00,
261184,2026-07-21 11:35:17.172055+00,50,BTCUSDT,66,GATE_1_EXPIRED,f,Signal already expired,SKIPPED,2026-07-21 11:35:17.172055+00,
261183,2026-07-21 11:35:17.167387+00,51,ETHUSDT,63,GATE_6_DUPLICATE,f,Non-cancelled trade exists for signal,SKIPPED,2026-07-21 11:35:17.167387+00,
261182,2026-07-21 11:35:02.194417+00,44,BTCUSDT,79,GATE_1_EXPIRED,f,Signal already expired,SKIPPED,2026-07-21 11:35:02.194417+00,
261181,2026-07-21 11:35:02.19042+00,45,XRPUSDT,63,GATE_1_EXPIRED,f,Signal already expired,SKIPPED,2026-07-21 11:35:02.19042+00,
261180,2026-07-21 11:35:02.186533+00,46,ETHUSDT,68,GATE_1_EXPIRED,f,Signal already expired,SKIPPED,2026-07-21 11:35:02.186533+00,
261179,2026-07-21 11:35:02.182367+00,47,SOLUSDT,78,GATE_1_EXPIRED,f,Signal already expired,SKIPPED,2026-07-21 11:35:02.182367+00,
261178,2026-07-21 11:35:02.178271+00,49,SOLUSDT,65,GATE_1_EXPIRED,f,Signal already expired,SKIPPED,2026-07-21 11:35:02.178271+00,
261177,2026-07-21 11:35:02.174256+00,50,BTCUSDT,66,GATE_1_EXPIRED,f,Signal already expired,SKIPPED,2026-07-21 11:35:02.174256+00,
261176,2026-07-21 11:35:02.167854+00,51,ETHUSDT,63,GATE_6_DUPLICATE,f,Non-cancelled trade exists for signal,SKIPPED,2026-07-21 11:35:02.167854+00,
261175,2026-07-21 11:34:47.192301+00,44,BTCUSDT,79,GATE_1_EXPIRED,f,Signal already expired,SKIPPED,2026-07-21 11:34:47.192301+00,
261174,2026-07-21 11:34:47.188383+00,45,XRPUSDT,63,GATE_1_EXPIRED,f,Signal already expired,SKIPPED,2026-07-21 11:34:47.188383+00,
261173,2026-07-21 11:34:47.184604+00,46,ETHUSDT,68,GATE_1_EXPIRED,f,Signal already expired,SKIPPED,2026-07-21 11:34:47.184604+00,
261172,2026-07-21 11:34:47.180881+00,47,SOLUSDT,78,GATE_1_EXPIRED,f,Signal already expired,SKIPPED,2026-07-21 11:34:47.180881+00,
261171,2026-07-21 11:34:47.177332+00,49,SOLUSDT,65,GATE_1_EXPIRED,f,Signal already expired,SKIPPED,2026-07-21 11:34:47.177332+00,
261170,2026-07-21 11:34:47.173486+00,50,BTCUSDT,66,GATE_1_EXPIRED,f,Signal already expired,SKIPPED,2026-07-21 11:34:47.173486+00,
261169,2026-07-21 11:34:47.169626+00,51,ETHUSDT,63,GATE_6_DUPLICATE,f,Non-cancelled trade exists for signal,SKIPPED,2026-07-21 11:34:47.169626+00,
261168,2026-07-21 11:34:41.774132+00,,ETHUSDT,63,ALL_GATES,t,"Tier=fair, Kelly=0.3x",APPROVED,2026-07-21 11:34:41.774132+00,0aa809fedcc5ece1
261167,2026-07-21 11:34:41.759007+00,,BTCUSDT,69,GATE_4A_CORR,f,CorrelationGuard: BTCUSDT already has open position,REJECTED,2026-07-21 11:34:41.759007+00,cacd0cc1cfddb0f0
261166,2026-07-21 11:34:41.731797+00,,BNBUSDT,79,GATE_4C_RISK,f,RiskBudgetLedger full,REJECTED,2026-07-21 11:34:41.731797+00,a1e3cd8ae225d3ab
261165,2026-07-21 11:34:41.71139+00,,XRPUSDT,85,GATE_0_V7_KELLY_ZERO,f,Kelly=0 for DQS 85,REJECTED,2026-07-21 11:34:41.71139+00,05c7c7ee128bf6d7
261164,2026-07-21 11:34:32.201521+00,44,BTCUSDT,79,GATE_1_EXPIRED,f,Signal already expired,SKIPPED,2026-07-21 11:34:32.201521+00,
261163,2026-07-21 11:34:32.191395+00,45,XRPUSDT,63,GATE_1_EXPIRED,f,Signal already expired,SKIPPED,2026-07-21 11:34:32.191395+00,
261162,2026-07-21 11:34:32.186476+00,46,ETHUSDT,68,GATE_1_EXPIRED,f,Signal already expired,SKIPPED,2026-07-21 11:34:32.186476+00,
261161,2026-07-21 11:34:32.178859+00,47,SOLUSDT,78,GATE_1_EXPIRED,f,Signal already expired,SKIPPED,2026-07-21 11:34:32.178859+00,
261160,2026-07-21 11:34:32.170278+00,49,SOLUSDT,65,GATE_1_EXPIRED,f,Signal already expired,SKIPPED,2026-07-21 11:34:32.170278+00,
261159,2026-07-21 11:34:32.161845+00,50,BTCUSDT,66,GATE_1_EXPIRED,f,Signal already expired,SKIPPED,2026-07-21 11:34:32.161845+00,
261158,2026-07-21 11:34:17.177283+00,44,BTCUSDT,79,GATE_1_EXPIRED,f,Signal already expired,SKIPPED,2026-07-21 11:34:17.177283+00,
261157,2026-07-21 11:34:17.17261+00,45,XRPUSDT,63,GATE_1_EXPIRED,f,Signal already expired,SKIPPED,2026-07-21 11:34:17.17261+00,
261156,2026-07-21 11:34:17.169047+00,46,ETHUSDT,68,GATE_1_EXPIRED,f,Signal already expired,SKIPPED,2026-07-21 11:34:17.169047+00,
261155,2026-07-21 11:34:17.165236+00,47,SOLUSDT,78,GATE_1_EXPIRED,f,Signal already expired,SKIPPED,2026-07-21 11:34:17.165236+00,
261154,2026-07-21 11:34:17.160088+00,49,SOLUSDT,65,GATE_1_EXPIRED,f,Signal already expired,SKIPPED,2026-07-21 11:34:17.160088+00,
261153,2026-07-21 11:34:17.155852+00,50,BTCUSDT,66,GATE_1_EXPIRED,f,Signal already expired,SKIPPED,2026-07-21 11:34:17.155852+00,
261152,2026-07-21 11:34:02.183727+00,44,BTCUSDT,79,GATE_1_EXPIRED,f,Signal already expired,SKIPPED,2026-07-21 11:34:02.183727+00,
261151,2026-07-21 11:34:02.178802+00,45,XRPUSDT,63,GATE_1_EXPIRED,f,Signal already expired,SKIPPED,2026-07-21 11:34:02.178802+00,
261150,2026-07-21 11:34:02.173356+00,46,ETHUSDT,68,GATE_1_EXPIRED,f,Signal already expired,SKIPPED,2026-07-21 11:34:02.173356+00,
261149,2026-07-21 11:34:02.16599+00,47,SOLUSDT,78,GATE_1_EXPIRED,f,Signal already expired,SKIPPED,2026-07-21 11:34:02.16599+00,
261148,2026-07-21 11:34:02.15903+00,49,SOLUSDT,65,GATE_1_EXPIRED,f,Signal already expired,SKIPPED,2026-07-21 11:34:02.15903+00,
261147,2026-07-21 11:34:02.153006+00,50,BTCUSDT,66,GATE_1_EXPIRED,f,Signal already expired,SKIPPED,2026-07-21 11:34:02.153006+00,
261146,2026-07-21 11:33:47.180229+00,44,BTCUSDT,79,GATE_1_EXPIRED,f,Signal already expired,SKIPPED,2026-07-21 11:33:47.180229+00,
261145,2026-07-21 11:33:47.1749+00,45,XRPUSDT,63,GATE_1_EXPIRED,f,Signal already expired,SKIPPED,2026-07-21 11:33:47.1749+00,
261144,2026-07-21 11:33:47.169298+00,46,ETHUSDT,68,GATE_1_EXPIRED,f,Signal already expired,SKIPPED,2026-07-21 11:33:47.169298+00,
261143,2026-07-21 11:33:47.163622+00,47,SOLUSDT,78,GATE_1_EXPIRED,f,Signal already expired,SKIPPED,2026-07-21 11:33:47.163622+00,
261142,2026-07-21 11:33:47.158232+00,49,SOLUSDT,65,GATE_1_EXPIRED,f,Signal already expired,SKIPPED,2026-07-21 11:33:47.158232+00,
261141,2026-07-21 11:33:47.152196+00,50,BTCUSDT,66,GATE_1_EXPIRED,f,Signal already expired,SKIPPED,2026-07-21 11:33:47.152196+00,
261140,2026-07-21 11:33:32.184184+00,44,BTCUSDT,79,GATE_1_EXPIRED,f,Signal already expired,SKIPPED,2026-07-21 11:33:32.184184+00,
261139,2026-07-21 11:33:32.179353+00,45,XRPUSDT,63,GATE_1_EXPIRED,f,Signal already expired,SKIPPED,2026-07-21 11:33:32.179353+00,
261138,2026-07-21 11:33:32.172203+00,46,ETHUSDT,68,GATE_1_EXPIRED,f,Signal already expired,SKIPPED,2026-07-21 11:33:32.172203+00,
261137,2026-07-21 11:33:32.166532+00,47,SOLUSDT,78,GATE_1_EXPIRED,f,Signal already expired,SKIPPED,2026-07-21 11:33:32.166532+00,
261136,2026-07-21 11:33:32.158855+00,49,SOLUSDT,65,GATE_1_EXPIRED,f,Signal already expired,SKIPPED,2026-07-21 11:33:32.158855+00,
261135,2026-07-21 11:33:32.152082+00,50,BTCUSDT,66,GATE_1_EXPIRED,f,Signal already expired,SKIPPED,2026-07-21 11:33:32.152082+00,
261134,2026-07-21 11:33:17.166796+00,44,BTCUSDT,79,GATE_1_EXPIRED,f,Signal already expired,SKIPPED,2026-07-21 11:33:17.166796+00,
261133,2026-07-21 11:33:17.163283+00,45,XRPUSDT,63,GATE_1_EXPIRED,f,Signal already expired,SKIPPED,2026-07-21 11:33:17.163283+00,
261132,2026-07-21 11:33:17.159885+00,46,ETHUSDT,68,GATE_1_EXPIRED,f,Signal already expired,SKIPPED,2026-07-21 11:33:17.159885+00,
261131,2026-07-21 11:33:17.156439+00,47,SOLUSDT,78,GATE_1_EXPIRED,f,Signal already expired,SKIPPED,2026-07-21 11:33:17.156439+00,
261130,2026-07-21 11:33:17.153137+00,49,SOLUSDT,65,GATE_1_EXPIRED,f,Signal already expired,SKIPPED,2026-07-21 11:33:17.153137+00,
261129,2026-07-21 11:33:17.149114+00,50,BTCUSDT,66,GATE_1_EXPIRED,f,Signal already expired,SKIPPED,2026-07-21 11:33:17.149114+00,
261128,2026-07-21 11:33:02.162273+00,44,BTCUSDT,79,GATE_1_EXPIRED,f,Signal already expired,SKIPPED,2026-07-21 11:33:02.162273+00,
261127,2026-07-21 11:33:02.159991+00,45,XRPUSDT,63,GATE_1_EXPIRED,f,Signal already expired,SKIPPED,2026-07-21 11:33:02.159991+00,
261126,2026-07-21 11:33:02.157508+00,46,ETHUSDT,68,GATE_1_EXPIRED,f,Signal already expired,SKIPPED,2026-07-21 11:33:02.157508+00,
261125,2026-07-21 11:33:02.155091+00,47,SOLUSDT,78,GATE_1_EXPIRED,f,Signal already expired,SKIPPED,2026-07-21 11:33:02.155091+00,
261124,2026-07-21 11:33:02.152689+00,49,SOLUSDT,65,GATE_1_EXPIRED,f,Signal already expired,SKIPPED,2026-07-21 11:33:02.152689+00,
261123,2026-07-21 11:33:02.149642+00,50,BTCUSDT,66,GATE_1_EXPIRED,f,Signal already expired,SKIPPED,2026-07-21 11:33:02.149642+00,
261122,2026-07-21 11:32:47.166284+00,44,BTCUSDT,79,GATE_1_EXPIRED,f,Signal already expired,SKIPPED,2026-07-21 11:32:47.166284+00,
261121,2026-07-21 11:32:47.163007+00,45,XRPUSDT,63,GATE_1_EXPIRED,f,Signal already expired,SKIPPED,2026-07-21 11:32:47.163007+00,
261120,2026-07-21 11:32:47.159704+00,46,ETHUSDT,68,GATE_1_EXPIRED,f,Signal already expired,SKIPPED,2026-07-21 11:32:47.159704+00,
261119,2026-07-21 11:32:47.156358+00,47,SOLUSDT,78,GATE_1_EXPIRED,f,Signal already expired,SKIPPED,2026-07-21 11:32:47.156358+00,
261118,2026-07-21 11:32:47.153119+00,49,SOLUSDT,65,GATE_1_EXPIRED,f,Signal already expired,SKIPPED,2026-07-21 11:32:47.153119+00,
261117,2026-07-21 11:32:47.149352+00,50,BTCUSDT,66,GATE_1_EXPIRED,f,Signal already expired,SKIPPED,2026-07-21 11:32:47.149352+00,
261116,2026-07-21 11:32:32.167753+00,44,BTCUSDT,79,GATE_1_EXPIRED,f,Signal already expired,SKIPPED,2026-07-21 11:32:32.167753+00,
261115,2026-07-21 11:32:32.164315+00,45,XRPUSDT,63,GATE_1_EXPIRED,f,Signal already expired,SKIPPED,2026-07-21 11:32:32.164315+00,
261114,2026-07-21 11:32:32.160819+00,46,ETHUSDT,68,GATE_1_EXPIRED,f,Signal already expired,SKIPPED,2026-07-21 11:32:32.160819+00,
261113,2026-07-21 11:32:32.157419+00,47,SOLUSDT,78,GATE_1_EXPIRED,f,Signal already expired,SKIPPED,2026-07-21 11:32:32.157419+00,
261112,2026-07-21 11:32:32.153921+00,49,SOLUSDT,65,GATE_1_EXPIRED,f,Signal already expired,SKIPPED,2026-07-21 11:32:32.153921+00,
261111,2026-07-21 11:32:32.14977+00,50,BTCUSDT,66,GATE_1_EXPIRED,f,Signal already expired,SKIPPED,2026-07-21 11:32:32.14977+00,
261110,2026-07-21 11:32:17.169264+00,44,BTCUSDT,79,GATE_1_EXPIRED,f,Signal already expired,SKIPPED,2026-07-21 11:32:17.169264+00,
261109,2026-07-21 11:32:17.165443+00,45,XRPUSDT,63,GATE_1_EXPIRED,f,Signal already expired,SKIPPED,2026-07-21 11:32:17.165443+00,
261108,2026-07-21 11:32:17.161592+00,46,ETHUSDT,68,GATE_1_EXPIRED,f,Signal already expired,SKIPPED,2026-07-21 11:32:17.161592+00,
261107,2026-07-21 11:32:17.157766+00,47,SOLUSDT,78,GATE_1_EXPIRED,f,Signal already expired,SKIPPED,2026-07-21 11:32:17.157766+00,
261106,2026-07-21 11:32:17.154013+00,49,SOLUSDT,65,GATE_1_EXPIRED,f,Signal already expired,SKIPPED,2026-07-21 11:32:17.154013+00,
261105,2026-07-21 11:32:17.14939+00,50,BTCUSDT,66,GATE_1_EXPIRED,f,Signal already expired,SKIPPED,2026-07-21 11:32:17.14939+00,
261104,2026-07-21 11:32:02.168977+00,44,BTCUSDT,79,GATE_1_EXPIRED,f,Signal already expired,SKIPPED,2026-07-21 11:32:02.168977+00,
261103,2026-07-21 11:32:02.164922+00,45,XRPUSDT,63,GATE_1_EXPIRED,f,Signal already expired,SKIPPED,2026-07-21 11:32:02.164922+00,
261102,2026-07-21 11:32:02.160918+00,46,ETHUSDT,68,GATE_1_EXPIRED,f,Signal already expired,SKIPPED,2026-07-21 11:32:02.160918+00,
261101,2026-07-21 11:32:02.157165+00,47,SOLUSDT,78,GATE_1_EXPIRED,f,Signal already expired,SKIPPED,2026-07-21 11:32:02.157165+00,
261100,2026-07-21 11:32:02.153397+00,49,SOLUSDT,65,GATE_1_EXPIRED,f,Signal already expired,SKIPPED,2026-07-21 11:32:02.153397+00,
261099,2026-07-21 11:32:02.149003+00,50,BTCUSDT,66,GATE_1_EXPIRED,f,Signal already expired,SKIPPED,2026-07-21 11:32:02.149003+00,
261098,2026-07-21 11:31:47.165575+00,44,BTCUSDT,79,GATE_1_EXPIRED,f,Signal already expired,SKIPPED,2026-07-21 11:31:47.165575+00,
261097,2026-07-21 11:31:47.162342+00,45,XRPUSDT,63,GATE_1_EXPIRED,f,Signal already expired,SKIPPED,2026-07-21 11:31:47.162342+00,
261096,2026-07-21 11:31:47.159099+00,46,ETHUSDT,68,GATE_1_EXPIRED,f,Signal already expired,SKIPPED,2026-07-21 11:31:47.159099+00,
261095,2026-07-21 11:31:47.155659+00,47,SOLUSDT,78,GATE_1_EXPIRED,f,Signal already expired,SKIPPED,2026-07-21 11:31:47.155659+00,
261094,2026-07-21 11:31:47.152307+00,49,SOLUSDT,65,GATE_1_EXPIRED,f,Signal already expired,SKIPPED,2026-07-21 11:31:47.152307+00,
261093,2026-07-21 11:31:47.148493+00,50,BTCUSDT,66,GATE_1_EXPIRED,f,Signal already expired,SKIPPED,2026-07-21 11:31:47.148493+00,
261092,2026-07-21 11:31:32.174187+00,44,BTCUSDT,79,GATE_1_EXPIRED,f,Signal already expired,SKIPPED,2026-07-21 11:31:32.174187+00,
261091,2026-07-21 11:31:32.169138+00,45,XRPUSDT,63,GATE_1_EXPIRED,f,Signal already expired,SKIPPED,2026-07-21 11:31:32.169138+00,
261090,2026-07-21 11:31:32.163987+00,46,ETHUSDT,68,GATE_1_EXPIRED,f,Signal already expired,SKIPPED,2026-07-21 11:31:32.163987+00,
261089,2026-07-21 11:31:32.158848+00,47,SOLUSDT,78,GATE_1_EXPIRED,f,Signal already expired,SKIPPED,2026-07-21 11:31:32.158848+00,
261088,2026-07-21 11:31:32.15407+00,49,SOLUSDT,65,GATE_1_EXPIRED,f,Signal already expired,SKIPPED,2026-07-21 11:31:32.15407+00,
261087,2026-07-21 11:31:32.148371+00,50,BTCUSDT,66,GATE_1_EXPIRED,f,Signal already expired,SKIPPED,2026-07-21 11:31:32.148371+00,
261086,2026-07-21 11:31:17.171656+00,44,BTCUSDT,79,GATE_1_EXPIRED,f,Signal already expired,SKIPPED,2026-07-21 11:31:17.171656+00,
261085,2026-07-21 11:31:17.167369+00,45,XRPUSDT,63,GATE_1_EXPIRED,f,Signal already expired,SKIPPED,2026-07-21 11:31:17.167369+00,
261084,2026-07-21 11:31:17.163049+00,46,ETHUSDT,68,GATE_1_EXPIRED,f,Signal already expired,SKIPPED,2026-07-21 11:31:17.163049+00,
261083,2026-07-21 11:31:17.158557+00,47,SOLUSDT,78,GATE_1_EXPIRED,f,Signal already expired,SKIPPED,2026-07-21 11:31:17.158557+00,
261082,2026-07-21 11:31:17.15431+00,49,SOLUSDT,65,GATE_1_EXPIRED,f,Signal already expired,SKIPPED,2026-07-21 11:31:17.15431+00,
261081,2026-07-21 11:31:17.149724+00,50,BTCUSDT,66,GATE_1_EXPIRED,f,Signal already expired,SKIPPED,2026-07-21 11:31:17.149724+00,
261080,2026-07-21 11:31:02.177075+00,44,BTCUSDT,79,GATE_1_EXPIRED,f,Signal already expired,SKIPPED,2026-07-21 11:31:02.177075+00,
261079,2026-07-21 11:31:02.172121+00,45,XRPUSDT,63,GATE_1_EXPIRED,f,Signal already expired,SKIPPED,2026-07-21 11:31:02.172121+00,
261078,2026-07-21 11:31:02.166566+00,46,ETHUSDT,68,GATE_1_EXPIRED,f,Signal already expired,SKIPPED,2026-07-21 11:31:02.166566+00,
261077,2026-07-21 11:31:02.160888+00,47,SOLUSDT,78,GATE_1_EXPIRED,f,Signal already expired,SKIPPED,2026-07-21 11:31:02.160888+00,
261076,2026-07-21 11:31:02.155312+00,49,SOLUSDT,65,GATE_1_EXPIRED,f,Signal already expired,SKIPPED,2026-07-21 11:31:02.155312+00,
261075,2026-07-21 11:31:02.149152+00,50,BTCUSDT,66,GATE_1_EXPIRED,f,Signal already expired,SKIPPED,2026-07-21 11:31:02.149152+00,
261074,2026-07-21 11:30:47.168619+00,44,BTCUSDT,79,GATE_1_EXPIRED,f,Signal already expired,SKIPPED,2026-07-21 11:30:47.168619+00,
261073,2026-07-21 11:30:47.164774+00,45,XRPUSDT,63,GATE_1_EXPIRED,f,Signal already expired,SKIPPED,2026-07-21 11:30:47.164774+00,
261072,2026-07-21 11:30:47.160682+00,46,ETHUSDT,68,GATE_1_EXPIRED,f,Signal already expired,SKIPPED,2026-07-21 11:30:47.160682+00,
261071,2026-07-21 11:30:47.156629+00,47,SOLUSDT,78,GATE_1_EXPIRED,f,Signal already expired,SKIPPED,2026-07-21 11:30:47.156629+00,
261070,2026-07-21 11:30:47.152792+00,49,SOLUSDT,65,GATE_1_EXPIRED,f,Signal already expired,SKIPPED,2026-07-21 11:30:47.152792+00,
261069,2026-07-21 11:30:47.148446+00,50,BTCUSDT,66,GATE_1_EXPIRED,f,Signal already expired,SKIPPED,2026-07-21 11:30:47.148446+00,
261068,2026-07-21 11:30:32.169114+00,44,BTCUSDT,79,GATE_1_EXPIRED,f,Signal already expired,SKIPPED,2026-07-21 11:30:32.169114+00,
261067,2026-07-21 11:30:32.165477+00,45,XRPUSDT,63,GATE_1_EXPIRED,f,Signal already expired,SKIPPED,2026-07-21 11:30:32.165477+00,
261066,2026-07-21 11:30:32.161816+00,46,ETHUSDT,68,GATE_1_EXPIRED,f,Signal already expired,SKIPPED,2026-07-21 11:30:32.161816+00,
261065,2026-07-21 11:30:32.157739+00,47,SOLUSDT,78,GATE_1_EXPIRED,f,Signal already expired,SKIPPED,2026-07-21 11:30:32.157739+00,
261064,2026-07-21 11:30:32.154024+00,49,SOLUSDT,65,GATE_1_EXPIRED,f,Signal already expired,SKIPPED,2026-07-21 11:30:32.154024+00,
261063,2026-07-21 11:30:32.149226+00,50,BTCUSDT,66,GATE_1_EXPIRED,f,Signal already expired,SKIPPED,2026-07-21 11:30:32.149226+00,
261062,2026-07-21 11:30:17.171486+00,44,BTCUSDT,79,GATE_1_EXPIRED,f,Signal already expired,SKIPPED,2026-07-21 11:30:17.171486+00,
261061,2026-07-21 11:30:17.1676+00,45,XRPUSDT,63,GATE_1_EXPIRED,f,Signal already expired,SKIPPED,2026-07-21 11:30:17.1676+00,
261060,2026-07-21 11:30:17.163314+00,46,ETHUSDT,68,GATE_1_EXPIRED,f,Signal already expired,SKIPPED,2026-07-21 11:30:17.163314+00,
261059,2026-07-21 11:30:17.159149+00,47,SOLUSDT,78,GATE_1_EXPIRED,f,Signal already expired,SKIPPED,2026-07-21 11:30:17.159149+00,
261058,2026-07-21 11:30:17.154859+00,49,SOLUSDT,65,GATE_1_EXPIRED,f,Signal already expired,SKIPPED,2026-07-21 11:30:17.154859+00,
261057,2026-07-21 11:30:17.150033+00,50,BTCUSDT,66,GATE_1_EXPIRED,f,Signal already expired,SKIPPED,2026-07-21 11:30:17.150033+00,
261056,2026-07-21 11:30:02.189968+00,44,BTCUSDT,79,GATE_1_EXPIRED,f,Signal already expired,SKIPPED,2026-07-21 11:30:02.189968+00,
261055,2026-07-21 11:30:02.179421+00,45,XRPUSDT,63,GATE_1_EXPIRED,f,Signal already expired,SKIPPED,2026-07-21 11:30:02.179421+00,
261054,2026-07-21 11:30:02.173194+00,46,ETHUSDT,68,GATE_1_EXPIRED,f,Signal already expired,SKIPPED,2026-07-21 11:30:02.173194+00,
261053,2026-07-21 11:30:02.168697+00,47,SOLUSDT,78,GATE_1_EXPIRED,f,Signal already expired,SKIPPED,2026-07-21 11:30:02.168697+00,
261052,2026-07-21 11:30:02.162841+00,49,SOLUSDT,65,GATE_1_EXPIRED,f,Signal already expired,SKIPPED,2026-07-21 11:30:02.162841+00,
261051,2026-07-21 11:30:02.1553+00,50,BTCUSDT,66,GATE_1_EXPIRED,f,Signal already expired,SKIPPED,2026-07-21 11:30:02.1553+00,
261050,2026-07-21 11:29:47.173297+00,44,BTCUSDT,79,GATE_1_EXPIRED,f,Signal already expired,SKIPPED,2026-07-21 11:29:47.173297+00,
261049,2026-07-21 11:29:47.167434+00,45,XRPUSDT,63,GATE_1_EXPIRED,f,Signal already expired,SKIPPED,2026-07-21 11:29:47.167434+00,
261048,2026-07-21 11:29:47.163587+00,46,ETHUSDT,68,GATE_1_EXPIRED,f,Signal already expired,SKIPPED,2026-07-21 11:29:47.163587+00,
261047,2026-07-21 11:29:47.159773+00,47,SOLUSDT,78,GATE_1_EXPIRED,f,Signal already expired,SKIPPED,2026-07-21 11:29:47.159773+00,
261046,2026-07-21 11:29:47.15605+00,49,SOLUSDT,65,GATE_1_EXPIRED,f,Signal already expired,SKIPPED,2026-07-21 11:29:47.15605+00,
261045,2026-07-21 11:29:47.151664+00,50,BTCUSDT,66,GATE_1_EXPIRED,f,Signal already expired,SKIPPED,2026-07-21 11:29:47.151664+00,
261044,2026-07-21 11:29:32.211+00,44,BTCUSDT,79,GATE_1_EXPIRED,f,Signal already expired,SKIPPED,2026-07-21 11:29:32.211+00,
261043,2026-07-21 11:29:32.205251+00,45,XRPUSDT,63,GATE_1_EXPIRED,f,Signal already expired,SKIPPED,2026-07-21 11:29:32.205251+00,
261042,2026-07-21 11:29:32.198387+00,46,ETHUSDT,68,GATE_1_EXPIRED,f,Signal already expired,SKIPPED,2026-07-21 11:29:32.198387+00,
261041,2026-07-21 11:29:32.187225+00,47,SOLUSDT,78,GATE_1_EXPIRED,f,Signal already expired,SKIPPED,2026-07-21 11:29:32.187225+00,
261040,2026-07-21 11:29:32.178366+00,49,SOLUSDT,65,GATE_1_EXPIRED,f,Signal already expired,SKIPPED,2026-07-21 11:29:32.178366+00,
261039,2026-07-21 11:29:32.158474+00,50,BTCUSDT,66,GATE_1_EXPIRED,f,Signal already expired,SKIPPED,2026-07-21 11:29:32.158474+00,
261038,2026-07-21 11:29:27.532149+00,,ETHUSDT,57,GATE_0C_REGIME,f,RegimeGate: DQS 57 < 60 required for MIXED,REJECTED,2026-07-21 11:29:27.532149+00,2693959d942afba9
261037,2026-07-21 11:29:27.52656+00,,BTCUSDT,69,GATE_4A_CORR,f,CorrelationGuard: BTCUSDT already has open position,REJECTED,2026-07-21 11:29:27.52656+00,b30be24f37f46e9a
261036,2026-07-21 11:29:27.492583+00,,BNBUSDT,79,GATE_4C_RISK,f,RiskBudgetLedger full,REJECTED,2026-07-21 11:29:27.492583+00,ea009754e08136aa
261035,2026-07-21 11:29:27.469288+00,,XRPUSDT,85,GATE_0_V7_KELLY_ZERO,f,Kelly=0 for DQS 85,REJECTED,2026-07-21 11:29:27.469288+00,3fb417504f281b64
261034,2026-07-21 11:29:17.205367+00,44,BTCUSDT,79,GATE_1_EXPIRED,f,Signal already expired,SKIPPED,2026-07-21 11:29:17.205367+00,
261033,2026-07-21 11:29:17.192445+00,45,XRPUSDT,63,GATE_1_EXPIRED,f,Signal already expired,SKIPPED,2026-07-21 11:29:17.192445+00,
261032,2026-07-21 11:29:17.182663+00,46,ETHUSDT,68,GATE_1_EXPIRED,f,Signal already expired,SKIPPED,2026-07-21 11:29:17.182663+00,
261031,2026-07-21 11:29:17.174318+00,47,SOLUSDT,78,GATE_1_EXPIRED,f,Signal already expired,SKIPPED,2026-07-21 11:29:17.174318+00,
261030,2026-07-21 11:29:17.165749+00,49,SOLUSDT,65,GATE_1_EXPIRED,f,Signal already expired,SKIPPED,2026-07-21 11:29:17.165749+00,
261029,2026-07-21 11:29:17.156852+00,50,BTCUSDT,66,GATE_1_EXPIRED,f,Signal already expired,SKIPPED,2026-07-21 11:29:17.156852+00,
261028,2026-07-21 11:29:02.187429+00,44,BTCUSDT,79,GATE_1_EXPIRED,f,Signal already expired,SKIPPED,2026-07-21 11:29:02.187429+00,
261027,2026-07-21 11:29:02.182118+00,45,XRPUSDT,63,GATE_1_EXPIRED,f,Signal already expired,SKIPPED,2026-07-21 11:29:02.182118+00,
261026,2026-07-21 11:29:02.179198+00,46,ETHUSDT,68,GATE_1_EXPIRED,f,Signal already expired,SKIPPED,2026-07-21 11:29:02.179198+00,
261025,2026-07-21 11:29:02.174315+00,47,SOLUSDT,78,GATE_1_EXPIRED,f,Signal already expired,SKIPPED,2026-07-21 11:29:02.174315+00,
261024,2026-07-21 11:29:02.169511+00,49,SOLUSDT,65,GATE_1_EXPIRED,f,Signal already expired,SKIPPED,2026-07-21 11:29:02.169511+00,
261023,2026-07-21 11:29:02.165362+00,50,BTCUSDT,66,GATE_1_EXPIRED,f,Signal already expired,SKIPPED,2026-07-21 11:29:02.165362+00,
261022,2026-07-21 11:28:47.178491+00,44,BTCUSDT,79,GATE_1_EXPIRED,f,Signal already expired,SKIPPED,2026-07-21 11:28:47.178491+00,
261021,2026-07-21 11:28:47.174298+00,45,XRPUSDT,63,GATE_1_EXPIRED,f,Signal already expired,SKIPPED,2026-07-21 11:28:47.174298+00,
261020,2026-07-21 11:28:47.166753+00,46,ETHUSDT,68,GATE_1_EXPIRED,f,Signal already expired,SKIPPED,2026-07-21 11:28:47.166753+00,
261019,2026-07-21 11:28:47.162716+00,47,SOLUSDT,78,GATE_1_EXPIRED,f,Signal already expired,SKIPPED,2026-07-21 11:28:47.162716+00,
261018,2026-07-21 11:28:47.158288+00,49,SOLUSDT,65,GATE_1_EXPIRED,f,Signal already expired,SKIPPED,2026-07-21 11:28:47.158288+00,
261017,2026-07-21 11:28:47.153846+00,50,BTCUSDT,66,GATE_1_EXPIRED,f,Signal already expired,SKIPPED,2026-07-21 11:28:47.153846+00,
261016,2026-07-21 11:28:32.177094+00,44,BTCUSDT,79,GATE_1_EXPIRED,f,Signal already expired,SKIPPED,2026-07-21 11:28:32.177094+00,
261015,2026-07-21 11:28:32.169911+00,45,XRPUSDT,63,GATE_1_EXPIRED,f,Signal already expired,SKIPPED,2026-07-21 11:28:32.169911+00,
261014,2026-07-21 11:28:32.165662+00,46,ETHUSDT,68,GATE_1_EXPIRED,f,Signal already expired,SKIPPED,2026-07-21 11:28:32.165662+00,
261013,2026-07-21 11:28:32.159194+00,47,SOLUSDT,78,GATE_1_EXPIRED,f,Signal already expired,SKIPPED,2026-07-21 11:28:32.159194+00,
261012,2026-07-21 11:28:32.153675+00,49,SOLUSDT,65,GATE_1_EXPIRED,f,Signal already expired,SKIPPED,2026-07-21 11:28:32.153675+00,
261011,2026-07-21 11:28:32.149356+00,50,BTCUSDT,66,GATE_1_EXPIRED,f,Signal already expired,SKIPPED,2026-07-21 11:28:32.149356+00,
261010,2026-07-21 11:28:17.171081+00,44,BTCUSDT,79,GATE_1_EXPIRED,f,Signal already expired,SKIPPED,2026-07-21 11:28:17.171081+00,
261009,2026-07-21 11:28:17.168404+00,45,XRPUSDT,63,GATE_1_EXPIRED,f,Signal already expired,SKIPPED,2026-07-21 11:28:17.168404+00,
261008,2026-07-21 11:28:17.162197+00,46,ETHUSDT,68,GATE_1_EXPIRED,f,Signal already expired,SKIPPED,2026-07-21 11:28:17.162197+00,
261007,2026-07-21 11:28:17.159244+00,47,SOLUSDT,78,GATE_1_EXPIRED,f,Signal already expired,SKIPPED,2026-07-21 11:28:17.159244+00,
261006,2026-07-21 11:28:17.152349+00,49,SOLUSDT,65,GATE_1_EXPIRED,f,Signal already expired,SKIPPED,2026-07-21 11:28:17.152349+00,
261005,2026-07-21 11:28:17.14672+00,50,BTCUSDT,66,GATE_1_EXPIRED,f,Signal already expired,SKIPPED,2026-07-21 11:28:17.14672+00,
261004,2026-07-21 11:28:02.204557+00,44,BTCUSDT,79,GATE_1_EXPIRED,f,Signal already expired,SKIPPED,2026-07-21 11:28:02.204557+00,
261003,2026-07-21 11:28:02.19532+00,45,XRPUSDT,63,GATE_1_EXPIRED,f,Signal already expired,SKIPPED,2026-07-21 11:28:02.19532+00,
261002,2026-07-21 11:28:02.181442+00,46,ETHUSDT,68,GATE_1_EXPIRED,f,Signal already expired,SKIPPED,2026-07-21 11:28:02.181442+00,
261001,2026-07-21 11:28:02.176606+00,47,SOLUSDT,78,GATE_1_EXPIRED,f,Signal already expired,SKIPPED,2026-07-21 11:28:02.176606+00,
261000,2026-07-21 11:28:02.165745+00,49,SOLUSDT,65,GATE_1_EXPIRED,f,Signal already expired,SKIPPED,2026-07-21 11:28:02.165745+00,
260999,2026-07-21 11:28:02.159855+00,50,BTCUSDT,66,GATE_1_EXPIRED,f,Signal already expired,SKIPPED,2026-07-21 11:28:02.159855+00,
260998,2026-07-21 11:27:47.184835+00,44,BTCUSDT,79,GATE_1_EXPIRED,f,Signal already expired,SKIPPED,2026-07-21 11:27:47.184835+00,
260997,2026-07-21 11:27:47.177344+00,45,XRPUSDT,63,GATE_1_EXPIRED,f,Signal already expired,SKIPPED,2026-07-21 11:27:47.177344+00,
260996,2026-07-21 11:27:47.169341+00,46,ETHUSDT,68,GATE_1_EXPIRED,f,Signal already expired,SKIPPED,2026-07-21 11:27:47.169341+00,
260995,2026-07-21 11:27:47.16149+00,47,SOLUSDT,78,GATE_1_EXPIRED,f,Signal already expired,SKIPPED,2026-07-21 11:27:47.16149+00,
260994,2026-07-21 11:27:47.153268+00,49,SOLUSDT,65,GATE_1_EXPIRED,f,Signal already expired,SKIPPED,2026-07-21 11:27:47.153268+00,
260993,2026-07-21 11:27:47.14786+00,50,BTCUSDT,66,GATE_1_EXPIRED,f,Signal already expired,SKIPPED,2026-07-21 11:27:47.14786+00,
260992,2026-07-21 11:27:32.182265+00,44,BTCUSDT,79,GATE_1_EXPIRED,f,Signal already expired,SKIPPED,2026-07-21 11:27:32.182265+00,
260991,2026-07-21 11:27:32.17734+00,45,XRPUSDT,63,GATE_1_EXPIRED,f,Signal already expired,SKIPPED,2026-07-21 11:27:32.17734+00,
260990,2026-07-21 11:27:32.170552+00,46,ETHUSDT,68,GATE_1_EXPIRED,f,Signal already expired,SKIPPED,2026-07-21 11:27:32.170552+00,
260989,2026-07-21 11:27:32.164526+00,47,SOLUSDT,78,GATE_1_EXPIRED,f,Signal already expired,SKIPPED,2026-07-21 11:27:32.164526+00,
260988,2026-07-21 11:27:32.158233+00,49,SOLUSDT,65,GATE_1_EXPIRED,f,Signal already expired,SKIPPED,2026-07-21 11:27:32.158233+00,
260987,2026-07-21 11:27:32.151072+00,50,BTCUSDT,66,GATE_1_EXPIRED,f,Signal already expired,SKIPPED,2026-07-21 11:27:32.151072+00,
260986,2026-07-21 11:27:17.201284+00,44,BTCUSDT,79,GATE_1_EXPIRED,f,Signal already expired,SKIPPED,2026-07-21 11:27:17.201284+00,
260985,2026-07-21 11:27:17.192388+00,45,XRPUSDT,63,GATE_1_EXPIRED,f,Signal already expired,SKIPPED,2026-07-21 11:27:17.192388+00,
260984,2026-07-21 11:27:17.181714+00,46,ETHUSDT,68,GATE_1_EXPIRED,f,Signal already expired,SKIPPED,2026-07-21 11:27:17.181714+00,
260983,2026-07-21 11:27:17.162266+00,47,SOLUSDT,78,GATE_1_EXPIRED,f,Signal already expired,SKIPPED,2026-07-21 11:27:17.162266+00,
260982,2026-07-21 11:27:17.152851+00,49,SOLUSDT,65,GATE_1_EXPIRED,f,Signal already expired,SKIPPED,2026-07-21 11:27:17.152851+00,
260981,2026-07-21 11:27:17.146392+00,50,BTCUSDT,66,GATE_1_EXPIRED,f,Signal already expired,SKIPPED,2026-07-21 11:27:17.146392+00,
260980,2026-07-21 11:27:02.202867+00,44,BTCUSDT,79,GATE_1_EXPIRED,f,Signal already expired,SKIPPED,2026-07-21 11:27:02.202867+00,
260979,2026-07-21 11:27:02.196462+00,45,XRPUSDT,63,GATE_1_EXPIRED,f,Signal already expired,SKIPPED,2026-07-21 11:27:02.196462+00,
260978,2026-07-21 11:27:02.189731+00,46,ETHUSDT,68,GATE_1_EXPIRED,f,Signal already expired,SKIPPED,2026-07-21 11:27:02.189731+00,
260977,2026-07-21 11:27:02.18285+00,47,SOLUSDT,78,GATE_1_EXPIRED,f,Signal already expired,SKIPPED,2026-07-21 11:27:02.18285+00,
260976,2026-07-21 11:27:02.169857+00,49,SOLUSDT,65,GATE_1_EXPIRED,f,Signal already expired,SKIPPED,2026-07-21 11:27:02.169857+00,
260975,2026-07-21 11:27:02.163279+00,50,BTCUSDT,66,GATE_1_EXPIRED,f,Signal already expired,SKIPPED,2026-07-21 11:27:02.163279+00,
260974,2026-07-21 11:26:47.180146+00,44,BTCUSDT,79,GATE_1_EXPIRED,f,Signal already expired,SKIPPED,2026-07-21 11:26:47.180146+00,
260973,2026-07-21 11:26:47.174598+00,45,XRPUSDT,63,GATE_1_EXPIRED,f,Signal already expired,SKIPPED,2026-07-21 11:26:47.174598+00,
260972,2026-07-21 11:26:47.170645+00,46,ETHUSDT,68,GATE_1_EXPIRED,f,Signal already expired,SKIPPED,2026-07-21 11:26:47.170645+00,
260971,2026-07-21 11:26:47.167107+00,47,SOLUSDT,78,GATE_1_EXPIRED,f,Signal already expired,SKIPPED,2026-07-21 11:26:47.167107+00,
260970,2026-07-21 11:26:47.162494+00,49,SOLUSDT,65,GATE_1_EXPIRED,f,Signal already expired,SKIPPED,2026-07-21 11:26:47.162494+00,
260969,2026-07-21 11:26:47.15811+00,50,BTCUSDT,66,GATE_1_EXPIRED,f,Signal already expired,SKIPPED,2026-07-21 11:26:47.15811+00,
260968,2026-07-21 11:26:32.1725+00,44,BTCUSDT,79,GATE_1_EXPIRED,f,Signal already expired,SKIPPED,2026-07-21 11:26:32.1725+00,
260967,2026-07-21 11:26:32.168759+00,45,XRPUSDT,63,GATE_1_EXPIRED,f,Signal already expired,SKIPPED,2026-07-21 11:26:32.168759+00,
260966,2026-07-21 11:26:32.163226+00,46,ETHUSDT,68,GATE_1_EXPIRED,f,Signal already expired,SKIPPED,2026-07-21 11:26:32.163226+00,
260965,2026-07-21 11:26:32.159325+00,47,SOLUSDT,78,GATE_1_EXPIRED,f,Signal already expired,SKIPPED,2026-07-21 11:26:32.159325+00,
260964,2026-07-21 11:26:32.153846+00,49,SOLUSDT,65,GATE_1_EXPIRED,f,Signal already expired,SKIPPED,2026-07-21 11:26:32.153846+00,
260963,2026-07-21 11:26:32.145299+00,50,BTCUSDT,66,GATE_1_EXPIRED,f,Signal already expired,SKIPPED,2026-07-21 11:26:32.145299+00,
260962,2026-07-21 11:26:17.170539+00,44,BTCUSDT,79,GATE_1_EXPIRED,f,Signal already expired,SKIPPED,2026-07-21 11:26:17.170539+00,
260961,2026-07-21 11:26:17.167843+00,45,XRPUSDT,63,GATE_1_EXPIRED,f,Signal already expired,SKIPPED,2026-07-21 11:26:17.167843+00,
260960,2026-07-21 11:26:17.163705+00,46,ETHUSDT,68,GATE_1_EXPIRED,f,Signal already expired,SKIPPED,2026-07-21 11:26:17.163705+00,
260959,2026-07-21 11:26:17.160985+00,47,SOLUSDT,78,GATE_1_EXPIRED,f,Signal already expired,SKIPPED,2026-07-21 11:26:17.160985+00,
260958,2026-07-21 11:26:17.158233+00,49,SOLUSDT,65,GATE_1_EXPIRED,f,Signal already expired,SKIPPED,2026-07-21 11:26:17.158233+00,
260957,2026-07-21 11:26:17.150851+00,50,BTCUSDT,66,GATE_1_EXPIRED,f,Signal already expired,SKIPPED,2026-07-21 11:26:17.150851+00,
260956,2026-07-21 11:26:02.171004+00,44,BTCUSDT,79,GATE_1_EXPIRED,f,Signal already expired,SKIPPED,2026-07-21 11:26:02.171004+00,
260955,2026-07-21 11:26:02.165002+00,45,XRPUSDT,63,GATE_1_EXPIRED,f,Signal already expired,SKIPPED,2026-07-21 11:26:02.165002+00,
260954,2026-07-21 11:26:02.161142+00,46,ETHUSDT,68,GATE_1_EXPIRED,f,Signal already expired,SKIPPED,2026-07-21 11:26:02.161142+00,
260953,2026-07-21 11:26:02.156186+00,47,SOLUSDT,78,GATE_1_EXPIRED,f,Signal already expired,SKIPPED,2026-07-21 11:26:02.156186+00,
260952,2026-07-21 11:26:02.151164+00,49,SOLUSDT,65,GATE_1_EXPIRED,f,Signal already expired,SKIPPED,2026-07-21 11:26:02.151164+00,
260951,2026-07-21 11:26:02.146977+00,50,BTCUSDT,66,GATE_1_EXPIRED,f,Signal already expired,SKIPPED,2026-07-21 11:26:02.146977+00,
260950,2026-07-21 11:25:47.195393+00,44,BTCUSDT,79,GATE_1_EXPIRED,f,Signal already expired,SKIPPED,2026-07-21 11:25:47.195393+00,
260949,2026-07-21 11:25:47.191985+00,45,XRPUSDT,63,GATE_1_EXPIRED,f,Signal already expired,SKIPPED,2026-07-21 11:25:47.191985+00,
260948,2026-07-21 11:25:47.180219+00,46,ETHUSDT,68,GATE_1_EXPIRED,f,Signal already expired,SKIPPED,2026-07-21 11:25:47.180219+00,
260947,2026-07-21 11:25:47.167955+00,47,SOLUSDT,78,GATE_1_EXPIRED,f,Signal already expired,SKIPPED,2026-07-21 11:25:47.167955+00,
260946,2026-07-21 11:25:47.160347+00,49,SOLUSDT,65,GATE_1_EXPIRED,f,Signal already expired,SKIPPED,2026-07-21 11:25:47.160347+00,
260945,2026-07-21 11:25:47.150738+00,50,BTCUSDT,66,GATE_1_EXPIRED,f,Signal already expired,SKIPPED,2026-07-21 11:25:47.150738+00,
260944,2026-07-21 11:25:32.164329+00,44,BTCUSDT,79,GATE_1_EXPIRED,f,Signal already expired,SKIPPED,2026-07-21 11:25:32.164329+00,
260943,2026-07-21 11:25:32.158365+00,45,XRPUSDT,63,GATE_1_EXPIRED,f,Signal already expired,SKIPPED,2026-07-21 11:25:32.158365+00,
260942,2026-07-21 11:25:32.155648+00,46,ETHUSDT,68,GATE_1_EXPIRED,f,Signal already expired,SKIPPED,2026-07-21 11:25:32.155648+00,
260941,2026-07-21 11:25:32.151958+00,47,SOLUSDT,78,GATE_1_EXPIRED,f,Signal already expired,SKIPPED,2026-07-21 11:25:32.151958+00,
260940,2026-07-21 11:25:32.148245+00,49,SOLUSDT,65,GATE_1_EXPIRED,f,Signal already expired,SKIPPED,2026-07-21 11:25:32.148245+00,
260939,2026-07-21 11:25:32.145227+00,50,BTCUSDT,66,GATE_1_EXPIRED,f,Signal already expired,SKIPPED,2026-07-21 11:25:32.145227+00,
260938,2026-07-21 11:25:17.160605+00,44,BTCUSDT,79,GATE_1_EXPIRED,f,Signal already expired,SKIPPED,2026-07-21 11:25:17.160605+00,
260937,2026-07-21 11:25:17.157083+00,45,XRPUSDT,63,GATE_1_EXPIRED,f,Signal already expired,SKIPPED,2026-07-21 11:25:17.157083+00,
260936,2026-07-21 11:25:17.152424+00,46,ETHUSDT,68,GATE_1_EXPIRED,f,Signal already expired,SKIPPED,2026-07-21 11:25:17.152424+00,
260935,2026-07-21 11:25:17.148681+00,47,SOLUSDT,78,GATE_1_EXPIRED,f,Signal already expired,SKIPPED,2026-07-21 11:25:17.148681+00,
260934,2026-07-21 11:25:17.145065+00,49,SOLUSDT,65,GATE_1_EXPIRED,f,Signal already expired,SKIPPED,2026-07-21 11:25:17.145065+00,
260933,2026-07-21 11:25:17.139239+00,50,BTCUSDT,66,GATE_1_EXPIRED,f,Signal already expired,SKIPPED,2026-07-21 11:25:17.139239+00,
260932,2026-07-21 11:25:02.172868+00,44,BTCUSDT,79,GATE_1_EXPIRED,f,Signal already expired,SKIPPED,2026-07-21 11:25:02.172868+00,
260931,2026-07-21 11:25:02.170246+00,45,XRPUSDT,63,GATE_1_EXPIRED,f,Signal already expired,SKIPPED,2026-07-21 11:25:02.170246+00,
260930,2026-07-21 11:25:02.161802+00,46,ETHUSDT,68,GATE_1_EXPIRED,f,Signal already expired,SKIPPED,2026-07-21 11:25:02.161802+00,
260929,2026-07-21 11:25:02.159067+00,47,SOLUSDT,78,GATE_1_EXPIRED,f,Signal already expired,SKIPPED,2026-07-21 11:25:02.159067+00,
260928,2026-07-21 11:25:02.155849+00,49,SOLUSDT,65,GATE_1_EXPIRED,f,Signal already expired,SKIPPED,2026-07-21 11:25:02.155849+00,
260927,2026-07-21 11:25:02.141348+00,50,BTCUSDT,66,GATE_1_EXPIRED,f,Signal already expired,SKIPPED,2026-07-21 11:25:02.141348+00,
260926,2026-07-21 11:24:47.161142+00,44,BTCUSDT,79,GATE_1_EXPIRED,f,Signal already expired,SKIPPED,2026-07-21 11:24:47.161142+00,
260925,2026-07-21 11:24:47.158367+00,45,XRPUSDT,63,GATE_1_EXPIRED,f,Signal already expired,SKIPPED,2026-07-21 11:24:47.158367+00,
260924,2026-07-21 11:24:47.153253+00,46,ETHUSDT,68,GATE_1_EXPIRED,f,Signal already expired,SKIPPED,2026-07-21 11:24:47.153253+00,
260923,2026-07-21 11:24:47.147272+00,47,SOLUSDT,78,GATE_1_EXPIRED,f,Signal already expired,SKIPPED,2026-07-21 11:24:47.147272+00,
260922,2026-07-21 11:24:47.142863+00,49,SOLUSDT,65,GATE_1_EXPIRED,f,Signal already expired,SKIPPED,2026-07-21 11:24:47.142863+00,
260921,2026-07-21 11:24:47.137954+00,50,BTCUSDT,66,GATE_1_EXPIRED,f,Signal already expired,SKIPPED,2026-07-21 11:24:47.137954+00,
260920,2026-07-21 11:24:32.162529+00,44,BTCUSDT,79,GATE_1_EXPIRED,f,Signal already expired,SKIPPED,2026-07-21 11:24:32.162529+00,
260919,2026-07-21 11:24:32.157431+00,45,XRPUSDT,63,GATE_1_EXPIRED,f,Signal already expired,SKIPPED,2026-07-21 11:24:32.157431+00,
260918,2026-07-21 11:24:32.1524+00,46,ETHUSDT,68,GATE_1_EXPIRED,f,Signal already expired,SKIPPED,2026-07-21 11:24:32.1524+00,
260917,2026-07-21 11:24:32.14791+00,47,SOLUSDT,78,GATE_1_EXPIRED,f,Signal already expired,SKIPPED,2026-07-21 11:24:32.14791+00,
260916,2026-07-21 11:24:32.143398+00,49,SOLUSDT,65,GATE_1_EXPIRED,f,Signal already expired,SKIPPED,2026-07-21 11:24:32.143398+00,
260915,2026-07-21 11:24:32.13546+00,50,BTCUSDT,66,GATE_1_EXPIRED,f,Signal already expired,SKIPPED,2026-07-21 11:24:32.13546+00,
260914,2026-07-21 11:24:17.171887+00,44,BTCUSDT,79,GATE_1_EXPIRED,f,Signal already expired,SKIPPED,2026-07-21 11:24:17.171887+00,
260913,2026-07-21 11:24:17.164921+00,45,XRPUSDT,63,GATE_1_EXPIRED,f,Signal already expired,SKIPPED,2026-07-21 11:24:17.164921+00,
260912,2026-07-21 11:24:17.160313+00,46,ETHUSDT,68,GATE_1_EXPIRED,f,Signal already expired,SKIPPED,2026-07-21 11:24:17.160313+00,
260911,2026-07-21 11:24:17.156069+00,47,SOLUSDT,78,GATE_1_EXPIRED,f,Signal already expired,SKIPPED,2026-07-21 11:24:17.156069+00,
260910,2026-07-21 11:24:17.144017+00,49,SOLUSDT,65,GATE_1_EXPIRED,f,Signal already expired,SKIPPED,2026-07-21 11:24:17.144017+00,
260909,2026-07-21 11:24:17.138319+00,50,BTCUSDT,66,GATE_1_EXPIRED,f,Signal already expired,SKIPPED,2026-07-21 11:24:17.138319+00,
260908,2026-07-21 11:24:12.706081+00,,ETHUSDT,57,GATE_0C_REGIME,f,RegimeGate: DQS 57 < 60 required for MIXED,REJECTED,2026-07-21 11:24:12.706081+00,3391a27c768797d5
260907,2026-07-21 11:24:12.698846+00,,BTCUSDT,69,GATE_4A_CORR,f,CorrelationGuard: BTCUSDT already has open position,REJECTED,2026-07-21 11:24:12.698846+00,cc748d57c5a5d5db
260906,2026-07-21 11:24:12.665544+00,,BNBUSDT,79,GATE_4C_RISK,f,RiskBudgetLedger full,REJECTED,2026-07-21 11:24:12.665544+00,341991c74a2c3133
260905,2026-07-21 11:24:12.637137+00,,XRPUSDT,85,GATE_0_V7_KELLY_ZERO,f,Kelly=0 for DQS 85,REJECTED,2026-07-21 11:24:12.637137+00,8588e84bc4e1fd7e
260904,2026-07-21 11:24:02.167246+00,44,BTCUSDT,79,GATE_1_EXPIRED,f,Signal already expired,SKIPPED,2026-07-21 11:24:02.167246+00,
260903,2026-07-21 11:24:02.161213+00,45,XRPUSDT,63,GATE_1_EXPIRED,f,Signal already expired,SKIPPED,2026-07-21 11:24:02.161213+00,
260902,2026-07-21 11:24:02.155223+00,46,ETHUSDT,68,GATE_1_EXPIRED,f,Signal already expired,SKIPPED,2026-07-21 11:24:02.155223+00,
260901,2026-07-21 11:24:02.149588+00,47,SOLUSDT,78,GATE_1_EXPIRED,f,Signal already expired,SKIPPED,2026-07-21 11:24:02.149588+00,
260900,2026-07-21 11:24:02.139997+00,49,SOLUSDT,65,GATE_1_EXPIRED,f,Signal already expired,SKIPPED,2026-07-21 11:24:02.139997+00,
260899,2026-07-21 11:24:02.133313+00,50,BTCUSDT,66,GATE_1_EXPIRED,f,Signal already expired,SKIPPED,2026-07-21 11:24:02.133313+00,
260898,2026-07-21 11:23:47.171854+00,44,BTCUSDT,79,GATE_1_EXPIRED,f,Signal already expired,SKIPPED,2026-07-21 11:23:47.171854+00,
260897,2026-07-21 11:23:47.162605+00,45,XRPUSDT,63,GATE_1_EXPIRED,f,Signal already expired,SKIPPED,2026-07-21 11:23:47.162605+00,
260896,2026-07-21 11:23:47.15627+00,46,ETHUSDT,68,GATE_1_EXPIRED,f,Signal already expired,SKIPPED,2026-07-21 11:23:47.15627+00,
260895,2026-07-21 11:23:47.152383+00,47,SOLUSDT,78,GATE_1_EXPIRED,f,Signal already expired,SKIPPED,2026-07-21 11:23:47.152383+00,
260894,2026-07-21 11:23:47.143715+00,49,SOLUSDT,65,GATE_1_EXPIRED,f,Signal already expired,SKIPPED,2026-07-21 11:23:47.143715+00,
260893,2026-07-21 11:23:47.138854+00,50,BTCUSDT,66,GATE_1_EXPIRED,f,Signal already expired,SKIPPED,2026-07-21 11:23:47.138854+00,
260892,2026-07-21 11:23:32.166494+00,44,BTCUSDT,79,GATE_1_EXPIRED,f,Signal already expired,SKIPPED,2026-07-21 11:23:32.166494+00,
260891,2026-07-21 11:23:32.161634+00,45,XRPUSDT,63,GATE_1_EXPIRED,f,Signal already expired,SKIPPED,2026-07-21 11:23:32.161634+00,
260890,2026-07-21 11:23:32.156528+00,46,ETHUSDT,68,GATE_1_EXPIRED,f,Signal already expired,SKIPPED,2026-07-21 11:23:32.156528+00,
260889,2026-07-21 11:23:32.151638+00,47,SOLUSDT,78,GATE_1_EXPIRED,f,Signal already expired,SKIPPED,2026-07-21 11:23:32.151638+00,
260888,2026-07-21 11:23:32.142763+00,49,SOLUSDT,65,GATE_1_EXPIRED,f,Signal already expired,SKIPPED,2026-07-21 11:23:32.142763+00,
260887,2026-07-21 11:23:32.135219+00,50,BTCUSDT,66,GATE_1_EXPIRED,f,Signal already expired,SKIPPED,2026-07-21 11:23:32.135219+00,
260886,2026-07-21 11:23:17.175005+00,44,BTCUSDT,79,GATE_1_EXPIRED,f,Signal already expired,SKIPPED,2026-07-21 11:23:17.175005+00,
260885,2026-07-21 11:23:17.16625+00,45,XRPUSDT,63,GATE_1_EXPIRED,f,Signal already expired,SKIPPED,2026-07-21 11:23:17.16625+00,
260884,2026-07-21 11:23:17.160674+00,46,ETHUSDT,68,GATE_1_EXPIRED,f,Signal already expired,SKIPPED,2026-07-21 11:23:17.160674+00,
260883,2026-07-21 11:23:17.154713+00,47,SOLUSDT,78,GATE_1_EXPIRED,f,Signal already expired,SKIPPED,2026-07-21 11:23:17.154713+00,
260882,2026-07-21 11:23:17.145413+00,49,SOLUSDT,65,GATE_1_EXPIRED,f,Signal already expired,SKIPPED,2026-07-21 11:23:17.145413+00,
260881,2026-07-21 11:23:17.130799+00,50,BTCUSDT,66,GATE_1_EXPIRED,f,Signal already expired,SKIPPED,2026-07-21 11:23:17.130799+00,
260880,2026-07-21 11:23:02.161032+00,44,BTCUSDT,79,GATE_1_EXPIRED,f,Signal already expired,SKIPPED,2026-07-21 11:23:02.161032+00,
260879,2026-07-21 11:23:02.155922+00,45,XRPUSDT,63,GATE_1_EXPIRED,f,Signal already expired,SKIPPED,2026-07-21 11:23:02.155922+00,
260878,2026-07-21 11:23:02.149104+00,46,ETHUSDT,68,GATE_1_EXPIRED,f,Signal already expired,SKIPPED,2026-07-21 11:23:02.149104+00,
260877,2026-07-21 11:23:02.143337+00,47,SOLUSDT,78,GATE_1_EXPIRED,f,Signal already expired,SKIPPED,2026-07-21 11:23:02.143337+00,
260876,2026-07-21 11:23:02.13972+00,49,SOLUSDT,65,GATE_1_EXPIRED,f,Signal already expired,SKIPPED,2026-07-21 11:23:02.13972+00,
260875,2026-07-21 11:23:02.133699+00,50,BTCUSDT,66,GATE_1_EXPIRED,f,Signal already expired,SKIPPED,2026-07-21 11:23:02.133699+00,
260874,2026-07-21 11:22:47.156159+00,44,BTCUSDT,79,GATE_1_EXPIRED,f,Signal already expired,SKIPPED,2026-07-21 11:22:47.156159+00,
260873,2026-07-21 11:22:47.149353+00,45,XRPUSDT,63,GATE_1_EXPIRED,f,Signal already expired,SKIPPED,2026-07-21 11:22:47.149353+00,
260872,2026-07-21 11:22:47.145229+00,46,ETHUSDT,68,GATE_1_EXPIRED,f,Signal already expired,SKIPPED,2026-07-21 11:22:47.145229+00,
260871,2026-07-21 11:22:47.14128+00,47,SOLUSDT,78,GATE_1_EXPIRED,f,Signal already expired,SKIPPED,2026-07-21 11:22:47.14128+00,
260870,2026-07-21 11:22:47.138447+00,49,SOLUSDT,65,GATE_1_EXPIRED,f,Signal already expired,SKIPPED,2026-07-21 11:22:47.138447+00,
260869,2026-07-21 11:22:47.133324+00,50,BTCUSDT,66,GATE_1_EXPIRED,f,Signal already expired,SKIPPED,2026-07-21 11:22:47.133324+00,
260868,2026-07-21 11:22:32.16003+00,44,BTCUSDT,79,GATE_1_EXPIRED,f,Signal already expired,SKIPPED,2026-07-21 11:22:32.16003+00,
260867,2026-07-21 11:22:32.153456+00,45,XRPUSDT,63,GATE_1_EXPIRED,f,Signal already expired,SKIPPED,2026-07-21 11:22:32.153456+00,
260866,2026-07-21 11:22:32.145024+00,46,ETHUSDT,68,GATE_1_EXPIRED,f,Signal already expired,SKIPPED,2026-07-21 11:22:32.145024+00,
260865,2026-07-21 11:22:32.13846+00,47,SOLUSDT,78,GATE_1_EXPIRED,f,Signal already expired,SKIPPED,2026-07-21 11:22:32.13846+00,
260864,2026-07-21 11:22:32.133857+00,49,SOLUSDT,65,GATE_1_EXPIRED,f,Signal already expired,SKIPPED,2026-07-21 11:22:32.133857+00,
260863,2026-07-21 11:22:32.128408+00,50,BTCUSDT,66,GATE_1_EXPIRED,f,Signal already expired,SKIPPED,2026-07-21 11:22:32.128408+00,
260862,2026-07-21 11:22:17.181978+00,44,BTCUSDT,79,GATE_1_EXPIRED,f,Signal already expired,SKIPPED,2026-07-21 11:22:17.181978+00,
260861,2026-07-21 11:22:17.173106+00,45,XRPUSDT,63,GATE_1_EXPIRED,f,Signal already expired,SKIPPED,2026-07-21 11:22:17.173106+00,
260860,2026-07-21 11:22:17.158884+00,46,ETHUSDT,68,GATE_1_EXPIRED,f,Signal already expired,SKIPPED,2026-07-21 11:22:17.158884+00,
260859,2026-07-21 11:22:17.147082+00,47,SOLUSDT,78,GATE_1_EXPIRED,f,Signal already expired,SKIPPED,2026-07-21 11:22:17.147082+00,
260858,2026-07-21 11:22:17.14152+00,49,SOLUSDT,65,GATE_1_EXPIRED,f,Signal already expired,SKIPPED,2026-07-21 11:22:17.14152+00,
260857,2026-07-21 11:22:17.134855+00,50,BTCUSDT,66,GATE_1_EXPIRED,f,Signal already expired,SKIPPED,2026-07-21 11:22:17.134855+00,
260856,2026-07-21 11:22:02.150638+00,44,BTCUSDT,79,GATE_1_EXPIRED,f,Signal already expired,SKIPPED,2026-07-21 11:22:02.150638+00,
260855,2026-07-21 11:22:02.143792+00,45,XRPUSDT,63,GATE_1_EXPIRED,f,Signal already expired,SKIPPED,2026-07-21 11:22:02.143792+00,
260854,2026-07-21 11:22:02.139381+00,46,ETHUSDT,68,GATE_1_EXPIRED,f,Signal already expired,SKIPPED,2026-07-21 11:22:02.139381+00,
260853,2026-07-21 11:22:02.134907+00,47,SOLUSDT,78,GATE_1_EXPIRED,f,Signal already expired,SKIPPED,2026-07-21 11:22:02.134907+00,
260852,2026-07-21 11:22:02.130553+00,49,SOLUSDT,65,GATE_1_EXPIRED,f,Signal already expired,SKIPPED,2026-07-21 11:22:02.130553+00,
260851,2026-07-21 11:22:02.125895+00,50,BTCUSDT,66,GATE_1_EXPIRED,f,Signal already expired,SKIPPED,2026-07-21 11:22:02.125895+00,
260850,2026-07-21 11:21:47.167842+00,44,BTCUSDT,79,GATE_1_EXPIRED,f,Signal already expired,SKIPPED,2026-07-21 11:21:47.167842+00,
260849,2026-07-21 11:21:47.162458+00,45,XRPUSDT,63,GATE_1_EXPIRED,f,Signal already expired,SKIPPED,2026-07-21 11:21:47.162458+00,
260848,2026-07-21 11:21:47.158385+00,46,ETHUSDT,68,GATE_1_EXPIRED,f,Signal already expired,SKIPPED,2026-07-21 11:21:47.158385+00,
260847,2026-07-21 11:21:47.151677+00,47,SOLUSDT,78,GATE_1_EXPIRED,f,Signal already expired,SKIPPED,2026-07-21 11:21:47.151677+00,
260846,2026-07-21 11:21:47.146277+00,49,SOLUSDT,65,GATE_1_EXPIRED,f,Signal already expired,SKIPPED,2026-07-21 11:21:47.146277+00,
260845,2026-07-21 11:21:47.137846+00,50,BTCUSDT,66,GATE_1_EXPIRED,f,Signal already expired,SKIPPED,2026-07-21 11:21:47.137846+00,
260844,2026-07-21 11:21:32.174217+00,44,BTCUSDT,79,GATE_1_EXPIRED,f,Signal already expired,SKIPPED,2026-07-21 11:21:32.174217+00,
260843,2026-07-21 11:21:32.167069+00,45,XRPUSDT,63,GATE_1_EXPIRED,f,Signal already expired,SKIPPED,2026-07-21 11:21:32.167069+00,
260842,2026-07-21 11:21:32.159346+00,46,ETHUSDT,68,GATE_1_EXPIRED,f,Signal already expired,SKIPPED,2026-07-21 11:21:32.159346+00,
260841,2026-07-21 11:21:32.151975+00,47,SOLUSDT,78,GATE_1_EXPIRED,f,Signal already expired,SKIPPED,2026-07-21 11:21:32.151975+00,
260840,2026-07-21 11:21:32.146509+00,49,SOLUSDT,65,GATE_1_EXPIRED,f,Signal already expired,SKIPPED,2026-07-21 11:21:32.146509+00,
260839,2026-07-21 11:21:32.140834+00,50,BTCUSDT,66,GATE_1_EXPIRED,f,Signal already expired,SKIPPED,2026-07-21 11:21:32.140834+00,
260838,2026-07-21 11:21:17.184046+00,44,BTCUSDT,79,GATE_1_EXPIRED,f,Signal already expired,SKIPPED,2026-07-21 11:21:17.184046+00,
260837,2026-07-21 11:21:17.177244+00,45,XRPUSDT,63,GATE_1_EXPIRED,f,Signal already expired,SKIPPED,2026-07-21 11:21:17.177244+00,
260836,2026-07-21 11:21:17.167269+00,46,ETHUSDT,68,GATE_1_EXPIRED,f,Signal already expired,SKIPPED,2026-07-21 11:21:17.167269+00,
260835,2026-07-21 11:21:17.159393+00,47,SOLUSDT,78,GATE_1_EXPIRED,f,Signal already expired,SKIPPED,2026-07-21 11:21:17.159393+00,
260834,2026-07-21 11:21:17.153644+00,49,SOLUSDT,65,GATE_1_EXPIRED,f,Signal already expired,SKIPPED,2026-07-21 11:21:17.153644+00,
260833,2026-07-21 11:21:17.146468+00,50,BTCUSDT,66,GATE_1_EXPIRED,f,Signal already expired,SKIPPED,2026-07-21 11:21:17.146468+00,
260832,2026-07-21 11:21:02.169984+00,44,BTCUSDT,79,GATE_1_EXPIRED,f,Signal already expired,SKIPPED,2026-07-21 11:21:02.169984+00,
260831,2026-07-21 11:21:02.164799+00,45,XRPUSDT,63,GATE_1_EXPIRED,f,Signal already expired,SKIPPED,2026-07-21 11:21:02.164799+00,
260830,2026-07-21 11:21:02.154481+00,46,ETHUSDT,68,GATE_1_EXPIRED,f,Signal already expired,SKIPPED,2026-07-21 11:21:02.154481+00,
260829,2026-07-21 11:21:02.150417+00,47,SOLUSDT,78,GATE_1_EXPIRED,f,Signal already expired,SKIPPED,2026-07-21 11:21:02.150417+00,
260828,2026-07-21 11:21:02.144285+00,49,SOLUSDT,65,GATE_1_EXPIRED,f,Signal already expired,SKIPPED,2026-07-21 11:21:02.144285+00,
260827,2026-07-21 11:21:02.133584+00,50,BTCUSDT,66,GATE_1_EXPIRED,f,Signal already expired,SKIPPED,2026-07-21 11:21:02.133584+00,
260826,2026-07-21 11:20:47.148837+00,44,BTCUSDT,79,GATE_1_EXPIRED,f,Signal already expired,SKIPPED,2026-07-21 11:20:47.148837+00,
260825,2026-07-21 11:20:47.145264+00,45,XRPUSDT,63,GATE_1_EXPIRED,f,Signal already expired,SKIPPED,2026-07-21 11:20:47.145264+00,
260824,2026-07-21 11:20:47.14132+00,46,ETHUSDT,68,GATE_1_EXPIRED,f,Signal already expired,SKIPPED,2026-07-21 11:20:47.14132+00,
260823,2026-07-21 11:20:47.132404+00,47,SOLUSDT,78,GATE_1_EXPIRED,f,Signal already expired,SKIPPED,2026-07-21 11:20:47.132404+00,
260822,2026-07-21 11:20:47.127908+00,49,SOLUSDT,65,GATE_1_EXPIRED,f,Signal already expired,SKIPPED,2026-07-21 11:20:47.127908+00,
260821,2026-07-21 11:20:47.123854+00,50,BTCUSDT,66,GATE_1_EXPIRED,f,Signal already expired,SKIPPED,2026-07-21 11:20:47.123854+00,
260820,2026-07-21 11:20:32.152969+00,44,BTCUSDT,79,GATE_1_EXPIRED,f,Signal already expired,SKIPPED,2026-07-21 11:20:32.152969+00,
260819,2026-07-21 11:20:32.146696+00,45,XRPUSDT,63,GATE_1_EXPIRED,f,Signal already expired,SKIPPED,2026-07-21 11:20:32.146696+00,
260818,2026-07-21 11:20:32.141995+00,46,ETHUSDT,68,GATE_1_EXPIRED,f,Signal already expired,SKIPPED,2026-07-21 11:20:32.141995+00,
260817,2026-07-21 11:20:32.135682+00,47,SOLUSDT,78,GATE_1_EXPIRED,f,Signal already expired,SKIPPED,2026-07-21 11:20:32.135682+00,
260816,2026-07-21 11:20:32.130985+00,49,SOLUSDT,65,GATE_1_EXPIRED,f,Signal already expired,SKIPPED,2026-07-21 11:20:32.130985+00,
260815,2026-07-21 11:20:32.125027+00,50,BTCUSDT,66,GATE_1_EXPIRED,f,Signal already expired,SKIPPED,2026-07-21 11:20:32.125027+00,
260814,2026-07-21 11:20:17.148046+00,44,BTCUSDT,79,GATE_1_EXPIRED,f,Signal already expired,SKIPPED,2026-07-21 11:20:17.148046+00,
260813,2026-07-21 11:20:17.142098+00,45,XRPUSDT,63,GATE_1_EXPIRED,f,Signal already expired,SKIPPED,2026-07-21 11:20:17.142098+00,
260812,2026-07-21 11:20:17.13533+00,46,ETHUSDT,68,GATE_1_EXPIRED,f,Signal already expired,SKIPPED,2026-07-21 11:20:17.13533+00,
260811,2026-07-21 11:20:17.131576+00,47,SOLUSDT,78,GATE_1_EXPIRED,f,Signal already expired,SKIPPED,2026-07-21 11:20:17.131576+00,
260810,2026-07-21 11:20:17.127715+00,49,SOLUSDT,65,GATE_1_EXPIRED,f,Signal already expired,SKIPPED,2026-07-21 11:20:17.127715+00,
260809,2026-07-21 11:20:17.119863+00,50,BTCUSDT,66,GATE_1_EXPIRED,f,Signal already expired,SKIPPED,2026-07-21 11:20:17.119863+00,
260808,2026-07-21 11:20:02.164325+00,44,BTCUSDT,79,GATE_1_EXPIRED,f,Signal already expired,SKIPPED,2026-07-21 11:20:02.164325+00,
260807,2026-07-21 11:20:02.154342+00,45,XRPUSDT,63,GATE_1_EXPIRED,f,Signal already expired,SKIPPED,2026-07-21 11:20:02.154342+00,
260806,2026-07-21 11:20:02.146412+00,46,ETHUSDT,68,GATE_1_EXPIRED,f,Signal already expired,SKIPPED,2026-07-21 11:20:02.146412+00,
260805,2026-07-21 11:20:02.13859+00,47,SOLUSDT,78,GATE_1_EXPIRED,f,Signal already expired,SKIPPED,2026-07-21 11:20:02.13859+00,
260804,2026-07-21 11:20:02.133854+00,49,SOLUSDT,65,GATE_1_EXPIRED,f,Signal already expired,SKIPPED,2026-07-21 11:20:02.133854+00,
260803,2026-07-21 11:20:02.12288+00,50,BTCUSDT,66,GATE_1_EXPIRED,f,Signal already expired,SKIPPED,2026-07-21 11:20:02.12288+00,
260802,2026-07-21 11:19:47.145852+00,44,BTCUSDT,79,GATE_1_EXPIRED,f,Signal already expired,SKIPPED,2026-07-21 11:19:47.145852+00,
260801,2026-07-21 11:19:47.142235+00,45,XRPUSDT,63,GATE_1_EXPIRED,f,Signal already expired,SKIPPED,2026-07-21 11:19:47.142235+00,
260800,2026-07-21 11:19:47.134094+00,46,ETHUSDT,68,GATE_1_EXPIRED,f,Signal already expired,SKIPPED,2026-07-21 11:19:47.134094+00,
260799,2026-07-21 11:19:47.130433+00,47,SOLUSDT,78,GATE_1_EXPIRED,f,Signal already expired,SKIPPED,2026-07-21 11:19:47.130433+00,
260798,2026-07-21 11:19:47.121508+00,49,SOLUSDT,65,GATE_1_EXPIRED,f,Signal already expired,SKIPPED,2026-07-21 11:19:47.121508+00,
260797,2026-07-21 11:19:47.115316+00,50,BTCUSDT,66,GATE_1_EXPIRED,f,Signal already expired,SKIPPED,2026-07-21 11:19:47.115316+00,
260796,2026-07-21 11:19:32.138255+00,44,BTCUSDT,79,GATE_1_EXPIRED,f,Signal already expired,SKIPPED,2026-07-21 11:19:32.138255+00,
260795,2026-07-21 11:19:32.135422+00,45,XRPUSDT,63,GATE_1_EXPIRED,f,Signal already expired,SKIPPED,2026-07-21 11:19:32.135422+00,
260794,2026-07-21 11:19:32.132204+00,46,ETHUSDT,68,GATE_1_EXPIRED,f,Signal already expired,SKIPPED,2026-07-21 11:19:32.132204+00,
260793,2026-07-21 11:19:32.127832+00,47,SOLUSDT,78,GATE_1_EXPIRED,f,Signal already expired,SKIPPED,2026-07-21 11:19:32.127832+00,
260792,2026-07-21 11:19:32.122305+00,49,SOLUSDT,65,GATE_1_EXPIRED,f,Signal already expired,SKIPPED,2026-07-21 11:19:32.122305+00,
260791,2026-07-21 11:19:32.117875+00,50,BTCUSDT,66,GATE_1_EXPIRED,f,Signal already expired,SKIPPED,2026-07-21 11:19:32.117875+00,
260790,2026-07-21 11:19:17.154023+00,44,BTCUSDT,79,GATE_1_EXPIRED,f,Signal already expired,SKIPPED,2026-07-21 11:19:17.154023+00,
260789,2026-07-21 11:19:17.148055+00,45,XRPUSDT,63,GATE_1_EXPIRED,f,Signal already expired,SKIPPED,2026-07-21 11:19:17.148055+00,
260788,2026-07-21 11:19:17.139859+00,46,ETHUSDT,68,GATE_1_EXPIRED,f,Signal already expired,SKIPPED,2026-07-21 11:19:17.139859+00,
260787,2026-07-21 11:19:17.129714+00,47,SOLUSDT,78,GATE_1_EXPIRED,f,Signal already expired,SKIPPED,2026-07-21 11:19:17.129714+00,
260786,2026-07-21 11:19:17.123783+00,49,SOLUSDT,65,GATE_1_EXPIRED,f,Signal already expired,SKIPPED,2026-07-21 11:19:17.123783+00,
260785,2026-07-21 11:19:17.118427+00,50,BTCUSDT,66,GATE_1_EXPIRED,f,Signal already expired,SKIPPED,2026-07-21 11:19:17.118427+00,
260784,2026-07-21 11:19:02.138924+00,44,BTCUSDT,79,GATE_1_EXPIRED,f,Signal already expired,SKIPPED,2026-07-21 11:19:02.138924+00,
260783,2026-07-21 11:19:02.135208+00,45,XRPUSDT,63,GATE_1_EXPIRED,f,Signal already expired,SKIPPED,2026-07-21 11:19:02.135208+00,
260782,2026-07-21 11:19:02.132365+00,46,ETHUSDT,68,GATE_1_EXPIRED,f,Signal already expired,SKIPPED,2026-07-21 11:19:02.132365+00,
260781,2026-07-21 11:19:02.127942+00,47,SOLUSDT,78,GATE_1_EXPIRED,f,Signal already expired,SKIPPED,2026-07-21 11:19:02.127942+00,
260780,2026-07-21 11:19:02.119707+00,49,SOLUSDT,65,GATE_1_EXPIRED,f,Signal already expired,SKIPPED,2026-07-21 11:19:02.119707+00,
260779,2026-07-21 11:19:02.115917+00,50,BTCUSDT,66,GATE_1_EXPIRED,f,Signal already expired,SKIPPED,2026-07-21 11:19:02.115917+00,
260778,2026-07-21 11:18:57.455135+00,,ETHUSDT,55,GATE_0C_REGIME,f,RegimeGate: DQS 55 < 60 required for MIXED,REJECTED,2026-07-21 11:18:57.455135+00,b542f3e0155e7d0d
260777,2026-07-21 11:18:57.45023+00,,BTCUSDT,69,GATE_4A_CORR,f,CorrelationGuard: BTCUSDT already has open position,REJECTED,2026-07-21 11:18:57.45023+00,e42970d936a24d8c
260776,2026-07-21 11:18:57.420498+00,,BNBUSDT,79,GATE_4C_RISK,f,RiskBudgetLedger full,REJECTED,2026-07-21 11:18:57.420498+00,bf72de44af3190ce
260775,2026-07-21 11:18:57.391948+00,,XRPUSDT,85,GATE_0_V7_KELLY_ZERO,f,Kelly=0 for DQS 85,REJECTED,2026-07-21 11:18:57.391948+00,b09725069d178261
260774,2026-07-21 11:18:47.147792+00,44,BTCUSDT,79,GATE_1_EXPIRED,f,Signal already expired,SKIPPED,2026-07-21 11:18:47.147792+00,
260773,2026-07-21 11:18:47.145322+00,45,XRPUSDT,63,GATE_1_EXPIRED,f,Signal already expired,SKIPPED,2026-07-21 11:18:47.145322+00,
260772,2026-07-21 11:18:47.140281+00,46,ETHUSDT,68,GATE_1_EXPIRED,f,Signal already expired,SKIPPED,2026-07-21 11:18:47.140281+00,
260771,2026-07-21 11:18:47.131278+00,47,SOLUSDT,78,GATE_1_EXPIRED,f,Signal already expired,SKIPPED,2026-07-21 11:18:47.131278+00,
260770,2026-07-21 11:18:47.128359+00,49,SOLUSDT,65,GATE_1_EXPIRED,f,Signal already expired,SKIPPED,2026-07-21 11:18:47.128359+00,
260769,2026-07-21 11:18:47.11587+00,50,BTCUSDT,66,GATE_1_EXPIRED,f,Signal already expired,SKIPPED,2026-07-21 11:18:47.11587+00,
260768,2026-07-21 11:18:32.15786+00,44,BTCUSDT,79,GATE_1_EXPIRED,f,Signal already expired,SKIPPED,2026-07-21 11:18:32.15786+00,
260767,2026-07-21 11:18:32.151855+00,45,XRPUSDT,63,GATE_1_EXPIRED,f,Signal already expired,SKIPPED,2026-07-21 11:18:32.151855+00,
260766,2026-07-21 11:18:32.142646+00,46,ETHUSDT,68,GATE_1_EXPIRED,f,Signal already expired,SKIPPED,2026-07-21 11:18:32.142646+00,
260765,2026-07-21 11:18:32.12997+00,47,SOLUSDT,78,GATE_1_EXPIRED,f,Signal already expired,SKIPPED,2026-07-21 11:18:32.12997+00,
260764,2026-07-21 11:18:32.124116+00,49,SOLUSDT,65,GATE_1_EXPIRED,f,Signal already expired,SKIPPED,2026-07-21 11:18:32.124116+00,
260763,2026-07-21 11:18:32.113843+00,50,BTCUSDT,66,GATE_1_EXPIRED,f,Signal already expired,SKIPPED,2026-07-21 11:18:32.113843+00,
260762,2026-07-21 11:18:17.166856+00,44,BTCUSDT,79,GATE_1_EXPIRED,f,Signal already expired,SKIPPED,2026-07-21 11:18:17.166856+00,
260761,2026-07-21 11:18:17.162366+00,45,XRPUSDT,63,GATE_1_EXPIRED,f,Signal already expired,SKIPPED,2026-07-21 11:18:17.162366+00,
260760,2026-07-21 11:18:17.156291+00,46,ETHUSDT,68,GATE_1_EXPIRED,f,Signal already expired,SKIPPED,2026-07-21 11:18:17.156291+00,
260759,2026-07-21 11:18:17.149579+00,47,SOLUSDT,78,GATE_1_EXPIRED,f,Signal already expired,SKIPPED,2026-07-21 11:18:17.149579+00,
260758,2026-07-21 11:18:17.137753+00,49,SOLUSDT,65,GATE_1_EXPIRED,f,Signal already expired,SKIPPED,2026-07-21 11:18:17.137753+00,
260757,2026-07-21 11:18:17.117853+00,50,BTCUSDT,66,GATE_1_EXPIRED,f,Signal already expired,SKIPPED,2026-07-21 11:18:17.117853+00,
260756,2026-07-21 11:18:02.137623+00,44,BTCUSDT,79,GATE_1_EXPIRED,f,Signal already expired,SKIPPED,2026-07-21 11:18:02.137623+00,
260755,2026-07-21 11:18:02.13114+00,45,XRPUSDT,63,GATE_1_EXPIRED,f,Signal already expired,SKIPPED,2026-07-21 11:18:02.13114+00,
260754,2026-07-21 11:18:02.123923+00,46,ETHUSDT,68,GATE_1_EXPIRED,f,Signal already expired,SKIPPED,2026-07-21 11:18:02.123923+00,
260753,2026-07-21 11:18:02.117883+00,47,SOLUSDT,78,GATE_1_EXPIRED,f,Signal already expired,SKIPPED,2026-07-21 11:18:02.117883+00,
260752,2026-07-21 11:18:02.11338+00,49,SOLUSDT,65,GATE_1_EXPIRED,f,Signal already expired,SKIPPED,2026-07-21 11:18:02.11338+00,
260751,2026-07-21 11:18:02.109434+00,50,BTCUSDT,66,GATE_1_EXPIRED,f,Signal already expired,SKIPPED,2026-07-21 11:18:02.109434+00,
260750,2026-07-21 11:17:47.135222+00,44,BTCUSDT,79,GATE_1_EXPIRED,f,Signal already expired,SKIPPED,2026-07-21 11:17:47.135222+00,
260749,2026-07-21 11:17:47.12831+00,45,XRPUSDT,63,GATE_1_EXPIRED,f,Signal already expired,SKIPPED,2026-07-21 11:17:47.12831+00,
260748,2026-07-21 11:17:47.124696+00,46,ETHUSDT,68,GATE_1_EXPIRED,f,Signal already expired,SKIPPED,2026-07-21 11:17:47.124696+00,
260747,2026-07-21 11:17:47.120018+00,47,SOLUSDT,78,GATE_1_EXPIRED,f,Signal already expired,SKIPPED,2026-07-21 11:17:47.120018+00,
260746,2026-07-21 11:17:47.115889+00,49,SOLUSDT,65,GATE_1_EXPIRED,f,Signal already expired,SKIPPED,2026-07-21 11:17:47.115889+00,
260745,2026-07-21 11:17:47.109764+00,50,BTCUSDT,66,GATE_1_EXPIRED,f,Signal already expired,SKIPPED,2026-07-21 11:17:47.109764+00,
260744,2026-07-21 11:17:32.134228+00,44,BTCUSDT,79,GATE_1_EXPIRED,f,Signal already expired,SKIPPED,2026-07-21 11:17:32.134228+00,
260743,2026-07-21 11:17:32.123748+00,45,XRPUSDT,63,GATE_1_EXPIRED,f,Signal already expired,SKIPPED,2026-07-21 11:17:32.123748+00,
260742,2026-07-21 11:17:32.117021+00,46,ETHUSDT,68,GATE_1_EXPIRED,f,Signal already expired,SKIPPED,2026-07-21 11:17:32.117021+00,
260741,2026-07-21 11:17:32.11237+00,47,SOLUSDT,78,GATE_1_EXPIRED,f,Signal already expired,SKIPPED,2026-07-21 11:17:32.11237+00,
260740,2026-07-21 11:17:32.108+00,49,SOLUSDT,65,GATE_1_EXPIRED,f,Signal already expired,SKIPPED,2026-07-21 11:17:32.108+00,
260739,2026-07-21 11:17:32.105154+00,50,BTCUSDT,66,GATE_1_EXPIRED,f,Signal already expired,SKIPPED,2026-07-21 11:17:32.105154+00,
260738,2026-07-21 11:17:17.140891+00,44,BTCUSDT,79,GATE_1_EXPIRED,f,Signal already expired,SKIPPED,2026-07-21 11:17:17.140891+00,
260737,2026-07-21 11:17:17.12647+00,45,XRPUSDT,63,GATE_1_EXPIRED,f,Signal already expired,SKIPPED,2026-07-21 11:17:17.12647+00,
260736,2026-07-21 11:17:17.120802+00,46,ETHUSDT,68,GATE_1_EXPIRED,f,Signal already expired,SKIPPED,2026-07-21 11:17:17.120802+00,
260735,2026-07-21 11:17:17.11538+00,47,SOLUSDT,78,GATE_1_EXPIRED,f,Signal already expired,SKIPPED,2026-07-21 11:17:17.11538+00,
260734,2026-07-21 11:17:17.11042+00,49,SOLUSDT,65,GATE_1_EXPIRED,f,Signal already expired,SKIPPED,2026-07-21 11:17:17.11042+00,
260733,2026-07-21 11:17:17.10525+00,50,BTCUSDT,66,GATE_1_EXPIRED,f,Signal already expired,SKIPPED,2026-07-21 11:17:17.10525+00,
260732,2026-07-21 11:17:02.137508+00,44,BTCUSDT,79,GATE_1_EXPIRED,f,Signal already expired,SKIPPED,2026-07-21 11:17:02.137508+00,
260731,2026-07-21 11:17:02.131378+00,45,XRPUSDT,63,GATE_1_EXPIRED,f,Signal already expired,SKIPPED,2026-07-21 11:17:02.131378+00,
260730,2026-07-21 11:17:02.125622+00,46,ETHUSDT,68,GATE_1_EXPIRED,f,Signal already expired,SKIPPED,2026-07-21 11:17:02.125622+00,
260729,2026-07-21 11:17:02.118559+00,47,SOLUSDT,78,GATE_1_EXPIRED,f,Signal already expired,SKIPPED,2026-07-21 11:17:02.118559+00,
260728,2026-07-21 11:17:02.114254+00,49,SOLUSDT,65,GATE_1_EXPIRED,f,Signal already expired,SKIPPED,2026-07-21 11:17:02.114254+00,
260727,2026-07-21 11:17:02.103633+00,50,BTCUSDT,66,GATE_1_EXPIRED,f,Signal already expired,SKIPPED,2026-07-21 11:17:02.103633+00,
260726,2026-07-21 11:16:47.134461+00,44,BTCUSDT,79,GATE_1_EXPIRED,f,Signal already expired,SKIPPED,2026-07-21 11:16:47.134461+00,
260725,2026-07-21 11:16:47.130303+00,45,XRPUSDT,63,GATE_1_EXPIRED,f,Signal already expired,SKIPPED,2026-07-21 11:16:47.130303+00,
260724,2026-07-21 11:16:47.123898+00,46,ETHUSDT,68,GATE_1_EXPIRED,f,Signal already expired,SKIPPED,2026-07-21 11:16:47.123898+00,
260723,2026-07-21 11:16:47.118547+00,47,SOLUSDT,78,GATE_1_EXPIRED,f,Signal already expired,SKIPPED,2026-07-21 11:16:47.118547+00,
260722,2026-07-21 11:16:47.113692+00,49,SOLUSDT,65,GATE_1_EXPIRED,f,Signal already expired,SKIPPED,2026-07-21 11:16:47.113692+00,
260721,2026-07-21 11:16:47.1092+00,50,BTCUSDT,66,GATE_1_EXPIRED,f,Signal already expired,SKIPPED,2026-07-21 11:16:47.1092+00,
260720,2026-07-21 11:16:32.281232+00,44,BTCUSDT,79,GATE_1_EXPIRED,f,Signal already expired,SKIPPED,2026-07-21 11:16:32.281232+00,
260719,2026-07-21 11:16:32.272867+00,45,XRPUSDT,63,GATE_1_EXPIRED,f,Signal already expired,SKIPPED,2026-07-21 11:16:32.272867+00,
260718,2026-07-21 11:16:32.264363+00,46,ETHUSDT,68,GATE_1_EXPIRED,f,Signal already expired,SKIPPED,2026-07-21 11:16:32.264363+00,
260717,2026-07-21 11:16:32.253692+00,47,SOLUSDT,78,GATE_1_EXPIRED,f,Signal already expired,SKIPPED,2026-07-21 11:16:32.253692+00,
260716,2026-07-21 11:16:32.176962+00,49,SOLUSDT,65,GATE_1_EXPIRED,f,Signal already expired,SKIPPED,2026-07-21 11:16:32.176962+00,
260715,2026-07-21 11:16:32.100132+00,50,BTCUSDT,66,GATE_1_EXPIRED,f,Signal already expired,SKIPPED,2026-07-21 11:16:32.100132+00,
260714,2026-07-21 11:16:17.130321+00,44,BTCUSDT,79,GATE_1_EXPIRED,f,Signal already expired,SKIPPED,2026-07-21 11:16:17.130321+00,
260713,2026-07-21 11:16:17.125796+00,45,XRPUSDT,63,GATE_1_EXPIRED,f,Signal already expired,SKIPPED,2026-07-21 11:16:17.125796+00,
260712,2026-07-21 11:16:17.121102+00,46,ETHUSDT,68,GATE_1_EXPIRED,f,Signal already expired,SKIPPED,2026-07-21 11:16:17.121102+00,
260711,2026-07-21 11:16:17.114501+00,47,SOLUSDT,78,GATE_1_EXPIRED,f,Signal already expired,SKIPPED,2026-07-21 11:16:17.114501+00,
260710,2026-07-21 11:16:17.111906+00,49,SOLUSDT,65,GATE_1_EXPIRED,f,Signal already expired,SKIPPED,2026-07-21 11:16:17.111906+00,
260709,2026-07-21 11:16:17.108861+00,50,BTCUSDT,66,GATE_1_EXPIRED,f,Signal already expired,SKIPPED,2026-07-21 11:16:17.108861+00,
260708,2026-07-21 11:16:02.132269+00,44,BTCUSDT,79,GATE_1_EXPIRED,f,Signal already expired,SKIPPED,2026-07-21 11:16:02.132269+00,
260707,2026-07-21 11:16:02.125329+00,45,XRPUSDT,63,GATE_1_EXPIRED,f,Signal already expired,SKIPPED,2026-07-21 11:16:02.125329+00,
260706,2026-07-21 11:16:02.120246+00,46,ETHUSDT,68,GATE_1_EXPIRED,f,Signal already expired,SKIPPED,2026-07-21 11:16:02.120246+00,
260705,2026-07-21 11:16:02.115125+00,47,SOLUSDT,78,GATE_1_EXPIRED,f,Signal already expired,SKIPPED,2026-07-21 11:16:02.115125+00,
